============================================================
   Tang Dynasty, V6.2.168116
   Copyright (c) 2012-2025 Anlogic Inc.
   Executable = D:/Anlogic/TD_6.2.1_Engineer_6.2.168.116/bin/run.exe
   Built at =   16:32:07 Jun 12 2025
   Run by =     Neko
   Run Date =   Tue Nov  4 19:58:56 2025

   Run on =     NEKO_DESKTOP
============================================================
RUN-1002 : start command "import_device eagle_s20.db -package EG4S20BG256"
RUN-1001 : Using default speed grade: NA
ARC-1001 : Device Initialization.
ARC-1001 : ------------------------------------------------------------------
ARC-1001 :            OPTION            |          IO          |   SETTING   
ARC-1001 : ------------------------------------------------------------------
ARC-1001 :   cso_b/cclk/mosi/miso/dout  |  T3/R11/T10/P10/S11  |    gpio    
ARC-1001 :             done             |         P13          |    gpio    
ARC-1001 :           program_b          |          T2          |  dedicate  
ARC-1001 :        tdi/tms/tck/tdo       |   C12/A15/C14/E14    |  dedicate  
ARC-1001 : ------------------------------------------------------------------
ARC-1004 : Device setting, marked 5 dedicate IOs in total.
RUN-1002 : start command "open_project UDP_EXAMPLE.prj -noanalyze"
RUN-1002 : start command "import_db ../syn_1/UDP_EXAMPLE_gate.db"
RUN-1001 : Importing database generated by Tang Dynasty, V6.2.168116.
RUN-1001 : Database version number 46207
RUN-1001 : Import flow parameters
RUN-1001 : Import netlist
RUN-1001 : Import timing constraints
RUN-1001 : Import IO constraints
RUN-1001 : Import Inst constraints
RUN-1001 : Import ChipWatcher
RUN-1001 : Import design success TD_VERSION=6.2.168116 , DB_VERSION=46207
RUN-1002 : start command "commit_param -step place"
RUN-1001 : Print Global Property
RUN-1001 : --------------------------------------------------------
RUN-1001 :   Parameters   |  Settings  |  Default Values  |  Note  
RUN-1001 : --------------------------------------------------------
RUN-1001 :   enable_seed  |    off     |       off        |        
RUN-1001 :     message    |  standard  |     standard     |        
RUN-1001 :   qor_monitor  |     on     |        on        |        
RUN-1001 :   syn_ip_flow  |    off     |       off        |        
RUN-1001 :     thread     |    auto    |       auto       |        
RUN-1001 : --------------------------------------------------------
RUN-1002 : start command "set_param place effort high"
RUN-1002 : start command "set_param place hfn_opt_effort high"
RUN-1002 : start command "set_param place opt_timing high"
RUN-1001 : Print Place Property
RUN-1001 : -----------------------------------------------------------
RUN-1001 :     Parameters    |  Settings  |  Default Values  |  Note  
RUN-1001 : -----------------------------------------------------------
RUN-1001 :       effort      |    high    |      medium      |   *    
RUN-1001 :   hfn_opt_effort  |    high    |      medium      |   *    
RUN-1001 :     max_fanout    |   999999   |      999999      |        
RUN-1001 :     opt_timing    |    high    |      medium      |   *    
RUN-1001 :   post_place_opt  |    auto    |       auto       |        
RUN-1001 :    pr_strategy    |     1      |        1         |        
RUN-1001 :     relaxation    |    1.00    |       1.00       |        
RUN-1001 : -----------------------------------------------------------
RUN-1002 : start command "insert_debugger ../../chip_debugger"
RUN-1002 : start command "config_chipwatcher ../../chip_debugger/user.cfg"
RUN-1002 : start command "update_timing"
RUN-1002 : start command "start_timer"
USR-1002 : Derived clock:  create_generated_clock -name {u_clk_gen/u_pll_0/pll_inst.clkc[0]} -source [get_ports {clk_50}] -master_clock {clk_in} -multiply_by 2.5000 -duty_cycle 50.0000 [get_pins {u_clk_gen/u_pll_0/pll_inst.clkc[0]}]
USR-1002 : Derived clock:  create_generated_clock -name {u_clk_gen/u_pll_0/pll_inst.clkc[1]} -source [get_ports {clk_50}] -master_clock {clk_in} -multiply_by 2.5000 -duty_cycle 50.0000 [get_pins {u_clk_gen/u_pll_0/pll_inst.clkc[1]}]
USR-1002 : Derived clock:  create_generated_clock -name {u_clk_gen/u_pll_0/pll_inst.clkc[4]} -source [get_ports {clk_50}] -master_clock {clk_in} -multiply_by 2.5000 -phase 90 -duty_cycle 50.0000 [get_pins {u_clk_gen/u_pll_0/pll_inst.clkc[4]}]
USR-1002 : Derived clock:  create_generated_clock -name {u_pll_50/pll_inst.clkc[0]} -source [get_ports {clk_50}] -master_clock {clk_in} -multiply_by 1.0000 -duty_cycle 50.0000 [get_pins {u_pll_50/pll_inst.clkc[0]}]
USR-1002 : Derived clock:  create_generated_clock -name {u_pll_50/pll_inst.clkc[1]} -source [get_ports {clk_50}] -master_clock {clk_in} -multiply_by 1.0000 -phase 180 -duty_cycle 50.0000 [get_pins {u_pll_50/pll_inst.clkc[1]}]
USR-1002 : Derived clock:  create_generated_clock -name {u_pll_50/pll_inst.clkc[2]} -source [get_ports {clk_50}] -master_clock {clk_in} -multiply_by 5.0000 -duty_cycle 50.0000 [get_pins {u_pll_50/pll_inst.clkc[2]}]
USR-1002 : Derived clock:  create_generated_clock -name {u_rx_pll/pll_inst.clkc[0]} -source [get_ports {phy1_rgmii_rx_clk}] -master_clock {phy1_rgmii_rx_clk} -multiply_by 1.0000 -duty_cycle 50.0000 [get_pins {u_rx_pll/pll_inst.clkc[0]}]
USR-1002 : Derived clock:  create_generated_clock -name {u_rx_pll/pll_inst.clkc[1]} -source [get_ports {phy1_rgmii_rx_clk}] -master_clock {phy1_rgmii_rx_clk} -multiply_by 1.0000 -duty_cycle 50.0000 [get_pins {u_rx_pll/pll_inst.clkc[1]}]
USR-1002 : Derived clock:  create_generated_clock -name {u_rx_pll/pll_inst.clkc[2]} -source [get_ports {phy1_rgmii_rx_clk}] -master_clock {phy1_rgmii_rx_clk} -multiply_by 2.0000 -duty_cycle 50.0000 [get_pins {u_rx_pll/pll_inst.clkc[2]}]
USR-1002 : Derived clock:  create_generated_clock -name {t3_sdram/u0_clk/pll_inst.clkc[0]} -source [get_pins {u_pll_50/pll_inst.clkc[0]}] -master_clock {u_pll_50/pll_inst.clkc[0]} -divide_by 4.0000 -duty_cycle 50.0000 [get_pins {t3_sdram/u0_clk/pll_inst.clkc[0]}]
USR-1002 : Derived clock:  create_generated_clock -name {t3_sdram/u0_clk/pll_inst.clkc[1]} -source [get_pins {u_pll_50/pll_inst.clkc[0]}] -master_clock {u_pll_50/pll_inst.clkc[0]} -multiply_by 2.5000 -duty_cycle 50.0000 [get_pins {t3_sdram/u0_clk/pll_inst.clkc[1]}]
USR-1002 : Derived clock:  create_generated_clock -name {t3_sdram/u0_clk/pll_inst.clkc[2]} -source [get_pins {u_pll_50/pll_inst.clkc[0]}] -master_clock {u_pll_50/pll_inst.clkc[0]} -multiply_by 2.5000 -phase 180 -duty_cycle 50.0000 [get_pins {t3_sdram/u0_clk/pll_inst.clkc[2]}]
8.000000
USR-8130 CRITICAL-WARNING: No clock match the pattern: u_clk_gen/u_pll_0/pll_inst.clkc\[3\].
USR-8124 CRITICAL-WARNING: Rename_clock: please specify object list.
USR-8159 CRITICAL-WARNING: Command rename_clock -name {pll_inst_25M} [get_clocks {u_clk_gen/u_pll_0/pll_inst.clkc[3]}] in C:/Users/Neko/Documents/FPGA/github_anlu/video640 19fps/UDP_EG4_6.2/source_code/constraints/UDP.sdc(8) fails.
RUN-1003 : finish command "start_timer" in  1.582036s wall, 1.484375s user + 0.000000s system = 1.484375s CPU (93.8%)

RUN-1004 : used memory is 214 MB, reserved memory is 207 MB, peak memory is 214 MB
TMR-2502 : Net delay update with mode: Synthesized
RUN-1003 : finish command "update_timing" in  2.311758s wall, 2.140625s user + 0.015625s system = 2.156250s CPU (93.3%)

RUN-1004 : used memory is 295 MB, reserved memory is 288 MB, peak memory is 295 MB
KIT-5618 CRITICAL-WARNING: the bus debug_app_rx_data[7:0] is invalid in chipwatcher, ignored.
KIT-5603 WARNING: Net debug_app_rx_data_valid is invalid in chipwatcher, ignored.
KIT-5618 CRITICAL-WARNING: the bus debug_app_tx_data[7:0] is invalid in chipwatcher, ignored.
KIT-5603 WARNING: Net debug_app_tx_data_valid is invalid in chipwatcher, ignored.
KIT-5618 CRITICAL-WARNING: the bus debug_rx_data[7:0] is invalid in chipwatcher, ignored.
KIT-5603 WARNING: Net debug_rx_valid is invalid in chipwatcher, ignored.
KIT-5618 CRITICAL-WARNING: the bus debug_temac_rx_data[7:0] is invalid in chipwatcher, ignored.
KIT-5603 WARNING: Net debug_temac_rx_valid is invalid in chipwatcher, ignored.
KIT-5618 CRITICAL-WARNING: the bus debug_temac_tx_data[7:0] is invalid in chipwatcher, ignored.
KIT-5603 WARNING: Net debug_temac_tx_valid is invalid in chipwatcher, ignored.
KIT-5618 CRITICAL-WARNING: the bus debug_tx_data[7:0] is invalid in chipwatcher, ignored.
KIT-5603 WARNING: Net debug_tx_valid is invalid in chipwatcher, ignored.
KIT-1004 : chipwatcher: sanity check successfully
KIT-1004 : Chipwatcher code = 1001000110001111
KIT-1004 : import watcher inst auto_created_cwc1 completed, there are 7 view node(s), 21 trigger net(s), 21 data net(s).
RUN-1003 : finish command "config_chipwatcher ../../chip_debugger/user.cfg" in  2.313728s wall, 2.140625s user + 0.015625s system = 2.156250s CPU (93.2%)

RUN-1004 : used memory is 295 MB, reserved memory is 288 MB, peak memory is 295 MB
RUN-1002 : start command "compile_watcher"
KIT-1004 : Ooc flow for module top_debug_hub is running...
RUN-1002 : start command "import_db -mode ooc cw/debug_hub/top_debug_hub_ooc.db"
USR-1600 : Load OOC design OOC Model: top_debug_hub .
RUN-1001 : Import OOC design success TD_VERSION=6.2.168116 , DB_VERSION=46207
KIT-1004 : Ooc flow for module auto_created_cwc1 is running...
RUN-1002 : start command "import_db -mode ooc cw/auto_created_cwc1/auto_created_cwc1_ooc.db"
USR-1600 : Load OOC design OOC Model: auto_created_cwc1 .
RUN-1001 : Import OOC design success TD_VERSION=6.2.168116 , DB_VERSION=46207
RUN-1003 : finish command "compile_watcher" in  2.589233s wall, 0.093750s user + 0.062500s system = 0.156250s CPU (6.0%)

RUN-1004 : used memory is 313 MB, reserved memory is 330 MB, peak memory is 313 MB
RUN-1002 : start command "pack -eco"
SYN-4002 : Packing 0 DFF/LATCH to SEQ ...
RUN-1002 : start command "legalize_phy_inst"
SYN-1001 : Stage 1 | Legalize Phy Inst
SYN-1011 : Flatten model UDP_Example_Top
SYN-1001 : End Stage 1 | Legalize Phy Inst; Time: 0.036565s wall, 0.015625s user + 0.015625s system = 0.031250s CPU (85.5%); Memory(MB): used = 314, reserved = 330, peak = 314;

RUN-1003 : finish command "insert_debugger ../../chip_debugger" in  4.947982s wall, 2.250000s user + 0.093750s system = 2.343750s CPU (47.4%)

RUN-1004 : used memory is 314 MB, reserved memory is 330 MB, peak memory is 314 MB
RUN-1002 : start command "place"
RUN-1001 : Open license file D:/Anlogic/TD_6.2.1_Engineer_6.2.168.116/license/Anlogic.lic
PHY-3001 : Placer runs in 12 thread(s) with high effort.
PHY-1001 : Stage 1 | Initialize Design
PHY-1001 : Stage 1.1 | Build Design
PHY-1001 : 5064 luts, 5497 seqs, 814 mslices, 409 lslices, 89 pads, 37 brams, 2 dsps
RUN-1002 : start command "legalize_phy_inst"
SYN-1011 : Flatten model UDP_Example_Top
PHY-1001 : Remove keep and sweep redundant instances ...
PHY-1001 : 4967 luts, 5348 seqs, 805 mslices, 389 lslices, 89 pads, 37 brams, 2 dsps
PHY-1001 : End Stage 1.1 | Build Design; Time: 0.077894s wall, 0.078125s user + 0.000000s system = 0.078125s CPU (100.3%); Memory(MB): used = 314, reserved = 330, peak = 314;

PHY-1001 : Stage 1.2 | Optimize Design
OPT-1001 : Stage 1.2.1 | Simplify Lut
OPT-1001 : End Stage 1.2.1 | Simplify Lut; Time: 0.017984s wall, 0.015625s user + 0.000000s system = 0.015625s CPU (86.9%); Memory(MB): used = 314, reserved = 330, peak = 314;

OPT-1001 : Stage 1.2.2 | Sweep
OPT-1001 : End Stage 1.2.2 | Sweep; Time: 0.007690s wall, 0.015625s user + 0.000000s system = 0.015625s CPU (203.2%); Memory(MB): used = 314, reserved = 330, peak = 314;

OPT-1001 : Stage 1.2.3 | Synthesize High-fanout Net
OPT-1001 : Current memory(MB): used = 314, reserved = 330, peak = 314.
OPT-1001 : End Stage 1.2.3 | Synthesize High-fanout Net; Time: 0.000043s wall, 0.000000s user + 0.000000s system = 0.000000s CPU (n/a%); Memory(MB): used = 314, reserved = 330, peak = 314;

OPT-1001 : End physical optimization;  0.025912s wall, 0.031250s user + 0.000000s system = 0.031250s CPU (120.6%)

PHY-1001 : End Stage 1.2 | Optimize Design; Time: 0.025972s wall, 0.031250s user + 0.000000s system = 0.031250s CPU (120.3%); Memory(MB): used = 314, reserved = 330, peak = 314;

PHY-1001 : Stage 1.3 | Initialize Clock
SYN-4016 : Net t3_sdram/u0_clk/clk0_out driven by BUFG (0 clock/control pins, 1 other pins).
SYN-4016 : Net u4_trimac_block/rx_clk driven by BUFG (370 clock/control pins, 0 other pins).
SYN-4016 : Net temac_clk driven by BUFG (0 clock/control pins, 1 other pins).
SYN-4016 : Net u_ov5640_dri/u_i2c_dr/clk driven by BUFG (11 clock/control pins, 2 other pins).
SYN-4016 : Net u_rx_pll/clk0_out driven by BUFG (0 clock/control pins, 1 other pins).
SYN-4027 : Net t3_sdram/u1_app_wrrd/clk is clkc1 of pll t3_sdram/u0_clk/pll_inst.
SYN-4027 : Net t3_sdram/u2_ram/SDRAM_CLK is clkc2 of pll t3_sdram/u0_clk/pll_inst.
SYN-4019 : Net u_ov5640_dri/u_i2c_dr/clk is refclk of pll t3_sdram/u0_clk/pll_inst.
SYN-4020 : Net u_ov5640_dri/u_i2c_dr/clk is fbclk of pll t3_sdram/u0_clk/pll_inst.
SYN-4027 : Net udp_clk is clkc1 of pll u_clk_gen/u_pll_0/pll_inst.
SYN-4027 : Net temac_clk90 is clkc4 of pll u_clk_gen/u_pll_0/pll_inst.
SYN-4019 : Net clk_50_dup_1 is refclk of pll u_clk_gen/u_pll_0/pll_inst.
SYN-4020 : Net clk_50_dup_1 is fbclk of pll u_clk_gen/u_pll_0/pll_inst.
SYN-4019 : Net clk_50_dup_1 is refclk of pll u_pll_50/pll_inst.
SYN-4020 : Net clk_50_dup_1 is fbclk of pll u_pll_50/pll_inst.
SYN-4019 : Net auto_created_cwc1/wrapper_cwc_top/U_cwc_ram/clka is refclk of pll u_rx_pll/pll_inst.
SYN-4020 : Net auto_created_cwc1/wrapper_cwc_top/U_cwc_ram/clka is fbclk of pll u_rx_pll/pll_inst.
SYN-4024 : Net "cwc_jtck" drives clk pins.
SYN-4024 : Net "t3_sdram/u1_app_wrrd/u_wr_fifo_sdr_data/clkw" drives clk pins.
SYN-4024 : Net "u_ov5640_dri/u_i2c_dr/dri_clk" drives clk pins.
SYN-4025 : Tag rtl::Net auto_created_cwc1/wrapper_cwc_top/U_cwc_ram/clka as clock net
SYN-4025 : Tag rtl::Net clk_50_dup_1 as clock net
SYN-4025 : Tag rtl::Net cwc_jtck as clock net
SYN-4025 : Tag rtl::Net t3_sdram/u0_clk/clk0_out as clock net
SYN-4025 : Tag rtl::Net t3_sdram/u1_app_wrrd/clk as clock net
SYN-4025 : Tag rtl::Net t3_sdram/u1_app_wrrd/u_wr_fifo_sdr_data/clkw as clock net
SYN-4025 : Tag rtl::Net t3_sdram/u2_ram/SDRAM_CLK as clock net
SYN-4025 : Tag rtl::Net temac_clk as clock net
SYN-4025 : Tag rtl::Net temac_clk90 as clock net
SYN-4025 : Tag rtl::Net u4_trimac_block/rx_clk as clock net
SYN-4025 : Tag rtl::Net u_ov5640_dri/u_i2c_dr/clk as clock net
SYN-4025 : Tag rtl::Net u_ov5640_dri/u_i2c_dr/dri_clk as clock net
SYN-4025 : Tag rtl::Net u_rx_pll/clk0_out as clock net
SYN-4025 : Tag rtl::Net udp_clk as clock net
SYN-4026 : Tagged 14 rtl::Net as clock net
SYN-4015 : Create BUFG instance for clk Net cwc_jtck to drive 389 clock pins.
SYN-4015 : Create BUFG instance for clk Net t3_sdram/u1_app_wrrd/u_wr_fifo_sdr_data/clkw to drive 136 clock pins.
SYN-4015 : Create BUFG instance for clk Net u_ov5640_dri/u_i2c_dr/dri_clk to drive 71 clock pins.
PHY-1001 : Populate physical database on model UDP_Example_Top.
RUN-1001 : There are total 11654 instances
RUN-0007 : 4965 luts, 5348 seqs, 805 mslices, 389 lslices, 89 pads, 37 brams, 2 dsps
RUN-1001 : There are total 15779 nets
RUN-1001 : 10872 nets have 2 pins
RUN-1001 : 4013 nets have [3 - 5] pins
RUN-1001 : 528 nets have [6 - 10] pins
RUN-1001 : 199 nets have [11 - 20] pins
RUN-1001 : 133 nets have [21 - 99] pins
RUN-1001 : 34 nets have 100+ pins
PHY-1001 : End Stage 1.3 | Initialize Clock; Time: 0.034833s wall, 0.031250s user + 0.000000s system = 0.031250s CPU (89.7%); Memory(MB): used = 327, reserved = 330, peak = 327;

PHY-1001 : End Stage 1 | Initialize Design; Time: 0.153475s wall, 0.156250s user + 0.000000s system = 0.156250s CPU (101.8%); Memory(MB): used = 327, reserved = 330, peak = 327;

PHY-1001 : Stage 2 | Global Placement
RUN-1001 : Report Control nets information:
RUN-1001 : DFF Distribution
RUN-1001 : -------------------------------------
RUN-1001 :   CE   |  SSR  |  ASR  |  DFF Count  
RUN-1001 : -------------------------------------
RUN-1001 :   No   |  No   |  No   |     876     
RUN-1001 :   No   |  No   |  Yes  |    1089     
RUN-1001 :   No   |  Yes  |  No   |     81      
RUN-1001 :   Yes  |  No   |  No   |     204     
RUN-1001 :   Yes  |  No   |  Yes  |    2627     
RUN-1001 :   Yes  |  Yes  |  No   |     471     
RUN-1001 : -------------------------------------
RUN-1001 : Control Group Statistic
RUN-1001 : -----------------------------
RUN-1001 :   #CLK  |  #CE  |  #SSR/ASR  
RUN-1001 : -----------------------------
RUN-1001 :    9    |  146  |     22     
RUN-1001 : -----------------------------
RUN-0007 : Control Set = 176
PHY-1001 : Stage 2.1 | Place Fixed Instances
PHY-1001 : End Stage 2.1 | Place Fixed Instances; Time: 0.046791s wall, 0.046875s user + 0.000000s system = 0.046875s CPU (100.2%); Memory(MB): used = 337, reserved = 330, peak = 337;

PHY-1001 : Stage 2.2 | Pre-Place DRC Check
PHY-1001 : Stage 2.2.1 | Force Route Constraint Check
PHY-1001 : Check Pass.
PHY-1001 : End Stage 2.2.1 | Force Route Constraint Check; Time: 0.000909s wall, 0.000000s user + 0.000000s system = 0.000000s CPU (n/a%); Memory(MB): used = 337, reserved = 330, peak = 337;

PHY-1001 : End Stage 2.2 | Pre-Place DRC Check; Time: 0.000953s wall, 0.000000s user + 0.000000s system = 0.000000s CPU (n/a%); Memory(MB): used = 337, reserved = 330, peak = 337;

PHY-1001 : Stage 2.3 | Global Placement Step 1
PHY-3001 : Target density is 37%
PHY-1001 : Stage 2.3.1 | Update Timing
RUN-1002 : start command "start_timer"
PHY-1001 : SWNS: -5291, STNS: -2714246, FEP: 2139
PHY-1001 : End Stage 2.3.1 | Update Timing; Time: 1.373719s wall, 1.328125s user + 0.015625s system = 1.343750s CPU (97.8%); Memory(MB): used = 359, reserved = 351, peak = 359;

PHY-0007 : Cell area utilization is 37%
RUN-1001 : Huge Net Statistic
RUN-1001 : ---------------------------------------------
RUN-1001 :   Fanout  |  Slack  |          Net           
RUN-1001 : ---------------------------------------------
RUN-1001 :    2767   |  1220   |  u7_rx_fifo/wr_sreset  
RUN-1001 : ---------------------------------------------
PHY-3001 : Clustering ...
PHY-3001 : End clustering;  0.045069s wall, 0.031250s user + 0.000000s system = 0.031250s CPU (69.3%)

PHY-3001 : Target density is 37%
PHY-1001 : Stage 2.3.2 | GP Iteration
PHY-1001 : End Stage 2.3.2 | GP Iteration; Time: 0.659592s wall, 1.906250s user + 0.656250s system = 2.562500s CPU (388.5%); Memory(MB): used = 363, reserved = 355, peak = 363;

PHY-3001 : Multithread accelerating rate: 3.66
PHY-3001 : Low accelerating rate: 3.66. This may happen when it is heavy-loaded.
TMR-2502 : Net delay update with mode: Placed
PHY-3001 : No need to merge 9x9 Dsps.
PHY-1001 : Populate physical database on model UDP_Example_Top.
PHY-1001 : End Stage 2.3 | Global Placement Step 1; Time: 3.057419s wall, 4.187500s user + 0.687500s system = 4.875000s CPU (159.4%); Memory(MB): used = 365, reserved = 356, peak = 365;

PHY-1001 : Stage 2.4 | RAM/DSP Legalization and Detailed Placement
PHY-1001 : Stage 2.4.1 | Legalization
PHY-3001 : Before Legalized: Len = 301586
PHY-3001 : After Legalized: Len = 325094, Over = 33.8438
PHY-1001 : End Stage 2.4.1 | Legalization; Time: 0.889656s wall, 0.859375s user + 0.015625s system = 0.875000s CPU (98.4%); Memory(MB): used = 365, reserved = 356, peak = 365;

PHY-1001 : End Stage 2.4 | RAM/DSP Legalization and Detailed Placement; Time: 0.889975s wall, 0.859375s user + 0.015625s system = 0.875000s CPU (98.3%); Memory(MB): used = 365, reserved = 356, peak = 365;

PHY-1001 : Stage 2.5 | Global Placement Step 2
PHY-3001 : Target density is 44%
PHY-1001 : Stage 2.5.1 | Update Timing
PHY-1001 : SWNS: -8093, STNS: -2583605, FEP: 1092
PHY-1001 : End Stage 2.5.1 | Update Timing; Time: 0.068667s wall, 0.062500s user + 0.000000s system = 0.062500s CPU (91.0%); Memory(MB): used = 365, reserved = 356, peak = 365;

PHY-1001 : Stage 2.5.2 | Refresh Congestion
RUN-1001 : Generating global routing grids ...
RUN-1001 : Building simple global routing graph ...
PHY-1001 : Generate routing nets ...
PHY-1001 : Reuse net number 0/5769.
PHY-1001 : Global iterations in 12 thread ...
PHY-1002 : len = 410680, over cnt = 1084(3%), over = 6299, worst = 77
PHY-1001 : End global iterations;  0.275826s wall, 0.375000s user + 0.000000s system = 0.375000s CPU (136.0%)

PHY-1001 : Congestion index:
PHY-1001 : top1  = 81.23(S 164.14, N 114.57, E 95.86, W 98.56, I 0.00, O 0.00)
PHY-1001 : top5  = 57.21(S 97.72, N 79.38, E 62.13, W 60.53, I 0.00, O 0.00)
PHY-1001 : top10 = 45.74(S 72.49, N 62.25, E 48.92, W 46.49, I 0.00, O 0.00)
PHY-1001 : top15 = 39.18(S 59.01, N 52.37, E 40.85, W 38.74, I 0.00, O 0.00)
PHY-1001 : End Stage 2.5.2 | Refresh Congestion; Time: 0.387654s wall, 0.500000s user + 0.000000s system = 0.500000s CPU (129.0%); Memory(MB): used = 406, reserved = 397, peak = 406;

PHY-1001 : Stage 2.5.3 | GP Iteration
PHY-1001 : End Stage 2.5.3 | GP Iteration; Time: 1.399447s wall, 4.984375s user + 0.296875s system = 5.281250s CPU (377.4%); Memory(MB): used = 406, reserved = 397, peak = 406;

PHY-3001 : Multithread accelerating rate: 3.76
PHY-3001 : Low accelerating rate: 3.76. This may happen when it is heavy-loaded.
PHY-1001 : End Stage 2.5 | Global Placement Step 2; Time: 2.797807s wall, 6.390625s user + 0.312500s system = 6.703125s CPU (239.6%); Memory(MB): used = 407, reserved = 398, peak = 407;

PHY-1001 : Stage 2.6 | RAM/DSP Detailed Placement
PHY-1001 : End Stage 2.6 | RAM/DSP Detailed Placement; Time: 0.006331s wall, 0.015625s user + 0.000000s system = 0.015625s CPU (246.8%); Memory(MB): used = 407, reserved = 398, peak = 407;

PHY-1001 : Stage 2.7 | Optimize Design
OPT-1001 : Start physical optimization ...
OPT-1001 : Total overflow 328.72 peak overflow 5.06
OPT-1001 : Stage 2.7.1 | Synthesize High-fanout Net
OPT-1001 : Start high-fanout net optimization in pre-pack flow with high effort ...
OPT-1001 : Update timing in Manhattan mode
OPT-1001 : End timing update;  0.913888s wall, 0.875000s user + 0.000000s system = 0.875000s CPU (95.7%)

OPT-1001 : Start: SWNS -8093 STNS -1878798 NUM_FEPS 979
OPT-1001 : Total overflow 328.72 peak overflow 5.06
PHY-1001 : Populate physical database on model UDP_Example_Top.
OPT-1001 : 34 high-fanout net processed.
PHY-3001 : Start incremental placement ...
PHY-1001 : Populate physical database on model UDP_Example_Top.
PHY-3001 : Target density is 46%
PHY-3001 : Target density is 46%
PHY-1001 : Stage 2.7.1.1 | Update Timing
PHY-1001 : SWNS: -4713, STNS: -288043, FEP: 280
PHY-1001 : End Stage 2.7.1.1 | Update Timing; Time: 0.101994s wall, 0.093750s user + 0.000000s system = 0.093750s CPU (91.9%); Memory(MB): used = 412, reserved = 402, peak = 412;

PHY-1001 : Stage 2.7.1.2 | Refresh Congestion
RUN-1001 : Generating global routing grids ...
PHY-1001 : Generate routing nets ...
PHY-1001 : Reuse net number 67/12579.
PHY-1001 : Global iterations in 12 thread ...
PHY-1002 : len = 544080, over cnt = 2017(5%), over = 7526, worst = 44
PHY-1001 : End global iterations;  0.484147s wall, 0.734375s user + 0.000000s system = 0.734375s CPU (151.7%)

PHY-1001 : Congestion index:
PHY-1001 : top1  = 61.77(S 105.78, N 106.49, E 85.56, W 77.26, I 0.00, O 0.00)
PHY-1001 : top5  = 49.47(S 80.10, N 72.53, E 64.35, W 58.76, I 0.00, O 0.00)
PHY-1001 : top10 = 43.81(S 67.16, N 59.79, E 54.36, W 50.33, I 0.00, O 0.00)
PHY-1001 : top15 = 40.35(S 58.96, N 52.84, E 48.44, W 44.94, I 0.00, O 0.00)
PHY-1001 : End Stage 2.7.1.2 | Refresh Congestion; Time: 0.596587s wall, 0.843750s user + 0.000000s system = 0.843750s CPU (141.4%); Memory(MB): used = 421, reserved = 412, peak = 421;

PHY-1001 : Stage 2.7.1.3 | GP Iteration
PHY-1001 : End Stage 2.7.1.3 | GP Iteration; Time: 0.695926s wall, 2.375000s user + 0.046875s system = 2.421875s CPU (348.0%); Memory(MB): used = 422, reserved = 412, peak = 422;

PHY-3001 : Multithread accelerating rate: 3.47
PHY-3001 : Low accelerating rate: 3.47. This may happen when it is heavy-loaded.
PHY-3001 : Final: Len = 387909, Over = 74
PHY-3001 : End incremental placement;  1.561065s wall, 3.515625s user + 0.078125s system = 3.593750s CPU (230.2%)

OPT-1001 : Total overflow 382.62 peak overflow 5.25
RUN-1001 : HFN opt statistic
RUN-1001 : ------------------------------------------------------
RUN-1001 :   DriverCell type  |  HFN count  |  Duplicated count  
RUN-1001 : ------------------------------------------------------
RUN-1001 :         REG        |     15      |        150         
RUN-1001 :        LUT6        |      0      |         0          
RUN-1001 :        LUT5        |      6      |         56         
RUN-1001 :        LUT4        |      1      |         6          
RUN-1001 :        LUT3        |      2      |         80         
RUN-1001 :        LUT2        |     10      |        124         
RUN-1001 :        TOTAL       |     34      |        416         
RUN-1001 : ------------------------------------------------------
OPT-1001 : End high-fanout net optimization;  4.562538s wall, 6.343750s user + 0.109375s system = 6.453125s CPU (141.4%)

OPT-1001 : Update timing in Manhattan mode
OPT-1001 : End timing update;  1.015689s wall, 0.921875s user + 0.046875s system = 0.968750s CPU (95.4%)

OPT-1001 : Current memory(MB): used = 422, reserved = 413, peak = 422.
OPT-1001 : End Stage 2.7.1 | Synthesize High-fanout Net; Time: 5.690980s wall, 7.343750s user + 0.171875s system = 7.515625s CPU (132.1%); Memory(MB): used = 422, reserved = 413, peak = 422;

OPT-1001 : Stage 2.7.2 | Optimize Bottleneck
OPT-1001 : Start bottleneck based optimization ...
OPT-0007 : Start: SWNS -4713 STNS -314626 NUM_FEPS 310
OPT-1001 : Start congestion update ...
RUN-1001 : Generating global routing grids ...
PHY-1001 : Generate routing nets ...
PHY-1001 : Reuse net number 1603/12060.
PHY-1001 : Global iterations in 12 thread ...
PHY-1002 : len = 511784, over cnt = 1677(4%), over = 4147, worst = 17
PHY-1002 : len = 543984, over cnt = 1236(3%), over = 2408, worst = 15
PHY-1002 : len = 564176, over cnt = 560(1%), over = 1087, worst = 15
PHY-1002 : len = 586024, over cnt = 144(0%), over = 246, worst = 13
PHY-1002 : len = 594456, over cnt = 0(0%), over = 0, worst = 0
PHY-1001 : End global iterations;  1.046614s wall, 1.343750s user + 0.000000s system = 1.343750s CPU (128.4%)

PHY-1001 : Congestion index:
PHY-1001 : top1  = 49.24(S 62.16, N 66.92, E 56.81, W 58.62, I 0.00, O 0.00)
PHY-1001 : top5  = 42.18(S 51.99, N 56.22, E 47.34, W 49.74, I 0.00, O 0.00)
PHY-1001 : top10 = 38.58(S 47.11, N 49.58, E 42.53, W 44.94, I 0.00, O 0.00)
PHY-1001 : top15 = 36.30(S 43.81, N 45.58, E 39.56, W 41.62, I 0.00, O 0.00)
OPT-1001 : End congestion update;  1.250134s wall, 1.531250s user + 0.015625s system = 1.546875s CPU (123.7%)

OPT-0007 : Iter 1: improved SWNS -4713 STNS -268513 NUM_FEPS 211 with 50(100) cells processed with 4400 slack improved, crit_thod: 402 ratio: 1.00(50/50) rt: 0.7s
OPT-0007 : Iter 2: improved SWNS -4713 STNS -268513 NUM_FEPS 211 with 3(98) cells processed with 300 slack improved, crit_thod: 505 ratio: 1.00(3/3) rt: 0.7s
OPT-0007 : Iter 3: improved SWNS -4713 STNS -268513 NUM_FEPS 211 with 0(96) cells processed with 0 slack improved, crit_thod: 505 ratio: -1.00(0/0) rt: 0.7s
OPT-1001 : End bottleneck based optimization;  3.367065s wall, 3.593750s user + 0.046875s system = 3.640625s CPU (108.1%)

OPT-1001 : Current memory(MB): used = 422, reserved = 413, peak = 422.
OPT-1001 : End Stage 2.7.2 | Optimize Bottleneck; Time: 3.463432s wall, 3.687500s user + 0.046875s system = 3.734375s CPU (107.8%); Memory(MB): used = 422, reserved = 413, peak = 422;

OPT-1001 : Stage 2.7.3 | Optimize Path
OPT-1001 : Start path based optimization ...
OPT-0007 : Start: SWNS -4713 STNS -268513 NUM_FEPS 211 with mode 0
OPT-1001 : Start congestion update ...
RUN-1001 : Generating global routing grids ...
PHY-1001 : Generate routing nets ...
PHY-1001 : Reuse net number 11990/12066.
PHY-1001 : Global iterations in 12 thread ...
PHY-1002 : len = 593784, over cnt = 46(0%), over = 60, worst = 5
PHY-1002 : len = 594296, over cnt = 32(0%), over = 36, worst = 2
PHY-1002 : len = 595160, over cnt = 20(0%), over = 20, worst = 1
PHY-1002 : len = 595184, over cnt = 14(0%), over = 14, worst = 1
PHY-1002 : len = 595776, over cnt = 0(0%), over = 0, worst = 0
PHY-1001 : End global iterations;  0.236511s wall, 0.234375s user + 0.000000s system = 0.234375s CPU (99.1%)

PHY-1001 : Congestion index:
PHY-1001 : top1  = 49.20(S 62.33, N 67.44, E 57.07, W 59.05, I 0.00, O 0.00)
PHY-1001 : top5  = 42.05(S 52.27, N 56.30, E 47.41, W 49.77, I 0.00, O 0.00)
PHY-1001 : top10 = 38.54(S 47.35, N 49.59, E 42.62, W 44.85, I 0.00, O 0.00)
PHY-1001 : top15 = 36.28(S 44.08, N 45.44, E 39.67, W 41.56, I 0.00, O 0.00)
OPT-1001 : End congestion update;  0.440655s wall, 0.437500s user + 0.000000s system = 0.437500s CPU (99.3%)

OPT-0007 : Iter 1: improved SWNS -4713 STNS -258993 NUM_FEPS 156 with 98(18039) cells and 9294(9294) paths processed with 10990 slack improved, crit_thod: 505 ratio: 1.00(98/98) rt: 0.9s
OPT-0007 : Iter 2: improved SWNS -4713 STNS -258819 NUM_FEPS 154 with 12(14550) cells and 7278(7278) paths processed with 450 slack improved, crit_thod: 431 ratio: 1.00(12/12) rt: 0.7s
OPT-1001 : End path based optimization;  2.014251s wall, 1.890625s user + 0.015625s system = 1.906250s CPU (94.6%)

OPT-1001 : Current memory(MB): used = 424, reserved = 414, peak = 424.
OPT-1001 : End Stage 2.7.3 | Optimize Path; Time: 2.108210s wall, 1.984375s user + 0.015625s system = 2.000000s CPU (94.9%); Memory(MB): used = 424, reserved = 414, peak = 424;

OPT-0007 : End flow prepack: SWNS -4713 STNS -258819 NUM_FEPS 154
OPT-1001 : End physical optimization;  11.283930s wall, 13.031250s user + 0.234375s system = 13.265625s CPU (117.6%)

PHY-1001 : End Stage 2.7 | Optimize Design; Time: 11.284007s wall, 13.031250s user + 0.234375s system = 13.265625s CPU (117.6%); Memory(MB): used = 424, reserved = 414, peak = 424;

PHY-1001 : Stage 2.8 | Place Packing
PHY-1001 : Stage 2.8.1 | Packing
SYN-4007 : Packing 0 MUX to BLE ...
SYN-4008 : Packed 0 MUX and 0 SEQ to BLE.
SYN-4007 : Packing 5231 LUT to BLE ...
SYN-4008 : Packed 5231 LUT and 2700 SEQ to BLE.
SYN-4003 : Packing 2798 remaining SEQ's ...
SYN-4005 : Packed 1669 SEQ with LUT/SLICE
SYN-4006 : 948 single LUT's are left
SYN-4006 : 1129 single SEQ's are left
SYN-4011 : Packing model "UDP_Example_Top" (AL_USER_NORMAL) with 6360/7701 primitive instances ...
PHY-1001 : Populate physical database on model UDP_Example_Top.
RUN-1001 : There are total 5052 instances
RUN-1001 : 2452 mslices, 2453 lslices, 89 pads, 37 brams, 2 dsps
RUN-1001 : There are total 13608 nets
RUN-1001 : 8045 nets have 2 pins
RUN-1001 : 4252 nets have [3 - 5] pins
RUN-1001 : 741 nets have [6 - 10] pins
RUN-1001 : 287 nets have [11 - 20] pins
RUN-1001 : 270 nets have [21 - 99] pins
RUN-1001 : 13 nets have 100+ pins
PHY-3001 : Target density is 59%
RUN-1002 : start command "start_timer"
USR-1002 : Derived clock:  create_generated_clock -name {u_clk_gen/u_pll_0/pll_inst.clkc[0]} -source [get_ports {clk_50}] -master_clock {clk_in} -multiply_by 2.5000 -duty_cycle 50.0000 [get_pins {u_clk_gen/u_pll_0/pll_inst.clkc[0]}]
USR-1002 : Derived clock:  create_generated_clock -name {u_clk_gen/u_pll_0/pll_inst.clkc[1]} -source [get_ports {clk_50}] -master_clock {clk_in} -multiply_by 2.5000 -duty_cycle 50.0000 [get_pins {u_clk_gen/u_pll_0/pll_inst.clkc[1]}]
USR-1002 : Derived clock:  create_generated_clock -name {u_clk_gen/u_pll_0/pll_inst.clkc[4]} -source [get_ports {clk_50}] -master_clock {clk_in} -multiply_by 2.5000 -phase 90 -duty_cycle 50.0000 [get_pins {u_clk_gen/u_pll_0/pll_inst.clkc[4]}]
USR-1002 : Derived clock:  create_generated_clock -name {u_pll_50/pll_inst.clkc[0]} -source [get_ports {clk_50}] -master_clock {clk_in} -multiply_by 1.0000 -duty_cycle 50.0000 [get_pins {u_pll_50/pll_inst.clkc[0]}]
USR-1002 : Derived clock:  create_generated_clock -name {u_rx_pll/pll_inst.clkc[0]} -source [get_ports {phy1_rgmii_rx_clk}] -master_clock {phy1_rgmii_rx_clk} -multiply_by 1.0000 -duty_cycle 50.0000 [get_pins {u_rx_pll/pll_inst.clkc[0]}]
USR-1002 : Derived clock:  create_generated_clock -name {u_rx_pll/pll_inst.clkc[1]} -source [get_ports {phy1_rgmii_rx_clk}] -master_clock {phy1_rgmii_rx_clk} -multiply_by 1.0000 -duty_cycle 50.0000 [get_pins {u_rx_pll/pll_inst.clkc[1]}]
USR-1002 : Derived clock:  create_generated_clock -name {t3_sdram/u0_clk/pll_inst.clkc[0]} -source [get_pins {u_pll_50/pll_inst.clkc[0]}] -master_clock {u_pll_50/pll_inst.clkc[0]} -divide_by 4.0000 -duty_cycle 50.0000 [get_pins {t3_sdram/u0_clk/pll_inst.clkc[0]}]
USR-1002 : Derived clock:  create_generated_clock -name {t3_sdram/u0_clk/pll_inst.clkc[1]} -source [get_pins {u_pll_50/pll_inst.clkc[0]}] -master_clock {u_pll_50/pll_inst.clkc[0]} -multiply_by 2.5000 -duty_cycle 50.0000 [get_pins {t3_sdram/u0_clk/pll_inst.clkc[1]}]
USR-1002 : Derived clock:  create_generated_clock -name {t3_sdram/u0_clk/pll_inst.clkc[2]} -source [get_pins {u_pll_50/pll_inst.clkc[0]}] -master_clock {u_pll_50/pll_inst.clkc[0]} -multiply_by 2.5000 -phase 180 -duty_cycle 50.0000 [get_pins {t3_sdram/u0_clk/pll_inst.clkc[2]}]
8.000000
USR-8130 CRITICAL-WARNING: No clock match the pattern: u_clk_gen/u_pll_0/pll_inst.clkc\[3\].
USR-8124 CRITICAL-WARNING: Rename_clock: please specify object list.
USR-8159 CRITICAL-WARNING: Command rename_clock -name {pll_inst_25M} [get_clocks {u_clk_gen/u_pll_0/pll_inst.clkc[3]}] in C:/Users/Neko/Documents/FPGA/github_anlu/video640 19fps/UDP_EG4_6.2/source_code/constraints/UDP.sdc(8) fails.
RUN-1003 : finish command "start_timer" in  2.568112s wall, 2.359375s user + 0.062500s system = 2.421875s CPU (94.3%)

RUN-1004 : used memory is 430 MB, reserved memory is 421 MB, peak memory is 430 MB
PHY-1001 : End Stage 2.8.1 | Packing; Time: 4.284676s wall, 3.937500s user + 0.125000s system = 4.062500s CPU (94.8%); Memory(MB): used = 431, reserved = 421, peak = 431;

PHY-1001 : Stage 2.8.2 | Post Pack GP
PHY-3001 : Target density is 57%
PHY-3001 : Cell area utilization is 57%
PHY-3001 : After packing: Len = 397002, Over = 143.75
PHY-3001 : Target density is 57%
PHY-1001 : Stage 2.8.2.1 | Update Timing
PHY-1001 : SWNS: -5043, STNS: -255930, FEP: 145
PHY-1001 : End Stage 2.8.2.1 | Update Timing; Time: 0.076308s wall, 0.062500s user + 0.000000s system = 0.062500s CPU (81.9%); Memory(MB): used = 432, reserved = 422, peak = 432;

PHY-1001 : Stage 2.8.2.2 | Refresh Congestion
RUN-1001 : Generating global routing grids ...
PHY-1001 : Generate routing nets ...
PHY-1001 : Reuse net number 5462/10252.
PHY-1001 : Global iterations in 12 thread ...
PHY-1002 : len = 582824, over cnt = 1050(2%), over = 1655, worst = 8
PHY-1002 : len = 590856, over cnt = 743(2%), over = 1032, worst = 6
PHY-1002 : len = 600936, over cnt = 328(0%), over = 433, worst = 5
PHY-1002 : len = 604504, over cnt = 148(0%), over = 183, worst = 4
PHY-1002 : len = 608288, over cnt = 0(0%), over = 0, worst = 0
PHY-1001 : End global iterations;  0.700512s wall, 0.750000s user + 0.015625s system = 0.765625s CPU (109.3%)

PHY-1001 : Congestion index:
PHY-1001 : top1  = 51.31(S 63.53, N 67.35, E 59.48, W 58.25, I 0.00, O 0.00)
PHY-1001 : top5  = 44.14(S 53.52, N 56.42, E 49.60, W 49.80, I 0.00, O 0.00)
PHY-1001 : top10 = 39.94(S 48.12, N 49.71, E 44.03, W 45.16, I 0.00, O 0.00)
PHY-1001 : top15 = 37.30(S 44.62, N 45.30, E 40.55, W 41.65, I 0.00, O 0.00)
PHY-1001 : End Stage 2.8.2.2 | Refresh Congestion; Time: 0.934133s wall, 0.984375s user + 0.015625s system = 1.000000s CPU (107.1%); Memory(MB): used = 433, reserved = 424, peak = 433;

PHY-1001 : Stage 2.8.2.3 | GP Iteration
PHY-1001 : End Stage 2.8.2.3 | GP Iteration; Time: 0.506501s wall, 2.312500s user + 0.093750s system = 2.406250s CPU (475.1%); Memory(MB): used = 433, reserved = 424, peak = 433;

PHY-3001 : Multithread accelerating rate: 4.77
PHY-1001 : End Stage 2.8.2 | Post Pack GP; Time: 1.524901s wall, 3.375000s user + 0.109375s system = 3.484375s CPU (228.5%); Memory(MB): used = 433, reserved = 424, peak = 433;

PHY-1001 : End Stage 2.8 | Place Packing; Time: 5.809731s wall, 7.312500s user + 0.234375s system = 7.546875s CPU (129.9%); Memory(MB): used = 433, reserved = 424, peak = 433;

PHY-1001 : Stage 2.9 | Legalization
PHY-3001 : Before Legalized: Len = 467404
PHY-3001 : After Legalized: Len = 510102, Over = 0
PHY-1001 : End Stage 2.9 | Legalization; Time: 0.015023s wall, 0.015625s user + 0.000000s system = 0.015625s CPU (104.0%); Memory(MB): used = 433, reserved = 424, peak = 433;

PHY-1001 : Stage 2.10 | Global Placement Step 3
PHY-3001 : Target density is 55%
PHY-1001 : Stage 2.10.1 | Update Timing
PHY-1001 : SWNS: -4713, STNS: -268102, FEP: 198
PHY-1001 : End Stage 2.10.1 | Update Timing; Time: 0.912375s wall, 0.843750s user + 0.015625s system = 0.859375s CPU (94.2%); Memory(MB): used = 434, reserved = 424, peak = 434;

PHY-1001 : Stage 2.10.2 | Refresh Congestion
RUN-1001 : Generating global routing grids ...
PHY-1001 : Generate routing nets ...
PHY-1001 : Reuse net number 231/9978.
PHY-1001 : Global iterations in 12 thread ...
PHY-1002 : len = 643568, over cnt = 1440(4%), over = 2481, worst = 8
PHY-1002 : len = 660424, over cnt = 852(2%), over = 1293, worst = 8
PHY-1002 : len = 673384, over cnt = 376(1%), over = 551, worst = 7
PHY-1002 : len = 677808, over cnt = 193(0%), over = 287, worst = 6
PHY-1002 : len = 682872, over cnt = 0(0%), over = 0, worst = 0
PHY-1001 : End global iterations;  1.071082s wall, 1.296875s user + 0.015625s system = 1.312500s CPU (122.5%)

PHY-1001 : Congestion index:
PHY-1001 : top1  = 50.80(S 62.24, N 64.40, E 58.49, W 61.55, I 0.00, O 0.00)
PHY-1001 : top5  = 43.87(S 53.11, N 56.02, E 49.23, W 51.41, I 0.00, O 0.00)
PHY-1001 : top10 = 40.36(S 48.19, N 50.76, E 44.22, W 46.46, I 0.00, O 0.00)
PHY-1001 : top15 = 38.07(S 44.78, N 47.40, E 41.02, W 43.27, I 0.00, O 0.00)
PHY-1001 : End Stage 2.10.2 | Refresh Congestion; Time: 1.305714s wall, 1.515625s user + 0.015625s system = 1.531250s CPU (117.3%); Memory(MB): used = 443, reserved = 433, peak = 443;

PHY-1001 : Stage 2.10.3 | GP Iteration
PHY-1001 : End Stage 2.10.3 | GP Iteration; Time: 0.182797s wall, 0.984375s user + 0.031250s system = 1.015625s CPU (555.6%); Memory(MB): used = 443, reserved = 433, peak = 443;

PHY-3001 : Multithread accelerating rate: 5.51
PHY-1001 : End Stage 2.10 | Global Placement Step 3; Time: 2.427871s wall, 3.375000s user + 0.062500s system = 3.437500s CPU (141.6%); Memory(MB): used = 443, reserved = 433, peak = 443;

PHY-1001 : Stage 2.11 | Final Legalization
PHY-3001 : Before Legalized: Len = 450086
PHY-3001 : After Legalized: Len = 461401, Over = 0
PHY-1001 : End Stage 2.11 | Final Legalization; Time: 0.009751s wall, 0.015625s user + 0.000000s system = 0.015625s CPU (160.2%); Memory(MB): used = 443, reserved = 433, peak = 443;

PHY-1001 : End Stage 2 | Global Placement; Time: 26.378119s wall, 35.281250s user + 1.546875s system = 36.828125s CPU (139.6%); Memory(MB): used = 443, reserved = 433, peak = 443;

PHY-1001 : Stage 3 | Detailed Placement
PHY-1001 : Stage 3.1 | SLICE Detailed Placement
PHY-1001 : Stage 3.1.1 | Spreading
PHY-3001 : Spreading special nets. 222 overflows in 2952 tiles.
PHY-3001 : End spreading;  0.032000s wall, 0.031250s user + 0.000000s system = 0.031250s CPU (97.7%)

PHY-1001 : End Stage 3.1.1 | Spreading; Time: 0.032056s wall, 0.031250s user + 0.000000s system = 0.031250s CPU (97.5%); Memory(MB): used = 444, reserved = 433, peak = 444;

PHY-3001 : Final: Len = 465164, Over = 0
PHY-1001 : End Stage 3.1 | SLICE Detailed Placement; Time: 1.020411s wall, 1.000000s user + 0.000000s system = 1.000000s CPU (98.0%); Memory(MB): used = 444, reserved = 433, peak = 444;

PHY-3001 : End Detailed Place; 
PHY-1001 : Stage 3.2 | Optimize Design
OPT-1001 : Start physical optimization ...
OPT-1001 : Total overflow 0.00 peak overflow 0.00
OPT-1001 : Stage 3.2.1 | Physical Optimization
OPT-1001 : Start high-fanout net optimization in optimize equivalent flow with high effort ...
OPT-1001 : Clean unloaded insts before merging registers
PHY-1001 : Populate physical database on model UDP_Example_Top.
PHY-1001 : Populate physical database on model UDP_Example_Top.
OPT-1001 : Total overflow 0.00 peak overflow 0.00
OPT-1001 : End optimize duplicated nets. Total 144 instances are merged and 2770 sinks are reconnected,  0.154402s wall, 0.140625s user + 0.000000s system = 0.140625s CPU (91.1%)

OPT-1001 : End high-fanout net optimization;  0.154995s wall, 0.140625s user + 0.000000s system = 0.140625s CPU (90.7%)

OPT-1001 : Update timing in Manhattan mode
RUN-1002 : start command "start_timer"
OPT-1001 : End timing update;  1.491032s wall, 1.453125s user + 0.031250s system = 1.484375s CPU (99.6%)

OPT-1001 : Current memory(MB): used = 444, reserved = 433, peak = 444.
OPT-1001 : End Stage 3.2.1 | Physical Optimization; Time: 1.731697s wall, 1.671875s user + 0.031250s system = 1.703125s CPU (98.4%); Memory(MB): used = 444, reserved = 433, peak = 444;

OPT-1001 : Stage 3.2.2 | Synthesize High-fanout Net
OPT-1001 : Start high-fanout net optimization in post-pack flow with high effort ...
OPT-1001 : Start: SWNS -4743 STNS -262346 NUM_FEPS 178
OPT-1001 : Total overflow 0.00 peak overflow 0.00
PHY-1001 : Populate physical database on model UDP_Example_Top.
OPT-1001 : 20 high-fanout net processed.
OPT-1001 : Total overflow 0.00 peak overflow 0.00
RUN-1001 : HFN opt statistic
RUN-1001 : ------------------------------------------------------
RUN-1001 :   DriverCell type  |  HFN count  |  Duplicated count  
RUN-1001 : ------------------------------------------------------
RUN-1001 :       LSLICE       |      0      |         0          
RUN-1001 :       MSLICE       |      0      |         0          
RUN-1001 :        OTHER       |     20      |         78         
RUN-1001 :        TOTAL       |     20      |         78         
RUN-1001 : ------------------------------------------------------
OPT-1001 : End high-fanout net optimization;  1.271869s wall, 1.250000s user + 0.000000s system = 1.250000s CPU (98.3%)

OPT-1001 : Current memory(MB): used = 444, reserved = 433, peak = 444.
OPT-1001 : End Stage 3.2.2 | Synthesize High-fanout Net; Time: 1.364490s wall, 1.343750s user + 0.000000s system = 1.343750s CPU (98.5%); Memory(MB): used = 444, reserved = 433, peak = 444;

OPT-1001 : Stage 3.2.3 | Optimize Bottleneck
OPT-1001 : Start bottleneck based optimization ...
OPT-0007 : Start: SWNS -4743 STNS -270788 NUM_FEPS 191
OPT-1001 : Start congestion update ...
RUN-1001 : Generating global routing grids ...
PHY-1001 : Generate routing nets ...
PHY-1001 : Reuse net number 1658/9786.
PHY-1001 : Global iterations in 12 thread ...
PHY-1002 : len = 608648, over cnt = 1275(3%), over = 2045, worst = 8
PHY-1002 : len = 622440, over cnt = 696(1%), over = 969, worst = 7
PHY-1002 : len = 633024, over cnt = 252(0%), over = 345, worst = 7
PHY-1002 : len = 636288, over cnt = 122(0%), over = 164, worst = 7
PHY-1002 : len = 638072, over cnt = 0(0%), over = 0, worst = 0
PHY-1001 : End global iterations;  0.907868s wall, 1.281250s user + 0.015625s system = 1.296875s CPU (142.8%)

PHY-1001 : Congestion index:
PHY-1001 : top1  = 49.31(S 58.10, N 64.14, E 56.64, W 59.14, I 0.00, O 0.00)
PHY-1001 : top5  = 41.85(S 50.00, N 54.18, E 47.91, W 49.86, I 0.00, O 0.00)
PHY-1001 : top10 = 38.25(S 45.40, N 48.46, E 42.69, W 44.99, I 0.00, O 0.00)
PHY-1001 : top15 = 35.94(S 42.06, N 44.98, E 39.48, W 41.80, I 0.00, O 0.00)
OPT-1001 : End congestion update;  1.179329s wall, 1.546875s user + 0.015625s system = 1.562500s CPU (132.5%)

PHY-3001 : Start incremental legalization ...
PHY-1001 : Populate physical database on model UDP_Example_Top.
PHY-7002 CRITICAL-WARNING: Instance t3_sdram/sdram location (12, 12) is not honored. Cell's initial location is not legal at the beginning of ECO placement, and will be moved during placement. Please verify user location constraints through the adc file.
PHY-3001 : Target density is 50%
PHY-3001 : Target density is 57%
PHY-3001 : Initial: Len = 466377, Over = 0
PHY-3001 : End spreading;  0.023063s wall, 0.031250s user + 0.000000s system = 0.031250s CPU (135.5%)

PHY-3001 : Final: Len = 466377, Over = 0
PHY-3001 : End incremental legalization;  0.146272s wall, 0.125000s user + 0.000000s system = 0.125000s CPU (85.5%)

OPT-0007 : Iter 1: improved SWNS -4743 STNS -270788 NUM_FEPS 191 with 42(107) cells processed with 8872 slack improved, crit_thod: 323 ratio: 0.98(42/43) rt: 1.2s
OPT-0007 : Iter 2: improved SWNS -4743 STNS -270788 NUM_FEPS 191 with 0(0) cells processed with 0 slack improved, crit_thod: 336 ratio: -1.00(0/0) rt: 0.1s
OPT-0007 : Iter 3: improved SWNS -4743 STNS -270788 NUM_FEPS 191 with 0(0) cells processed with 0 slack improved, crit_thod: 336 ratio: -1.00(0/0) rt: 0.1s
OPT-1001 : End bottleneck based optimization;  2.555881s wall, 2.875000s user + 0.031250s system = 2.906250s CPU (113.7%)

OPT-1001 : Update timing in Manhattan mode
OPT-1001 : End timing update;  0.992043s wall, 0.890625s user + 0.000000s system = 0.890625s CPU (89.8%)

OPT-1001 : Current memory(MB): used = 450, reserved = 439, peak = 450.
OPT-1001 : End Stage 3.2.3 | Optimize Bottleneck; Time: 3.639868s wall, 3.828125s user + 0.031250s system = 3.859375s CPU (106.0%); Memory(MB): used = 450, reserved = 439, peak = 450;

OPT-1001 : Stage 3.2.4 | Optimize Path
OPT-1001 : Start path based optimization ...
OPT-0007 : Start: SWNS -4713 STNS -264539 NUM_FEPS 168 with mode 0
OPT-1001 : Start congestion update ...
RUN-1001 : Generating global routing grids ...
PHY-1001 : Generate routing nets ...
PHY-1001 : Reuse net number 9598/9785.
PHY-1001 : Global iterations in 12 thread ...
PHY-1002 : len = 638800, over cnt = 100(0%), over = 122, worst = 3
PHY-1002 : len = 639880, over cnt = 58(0%), over = 67, worst = 3
PHY-1002 : len = 641040, over cnt = 18(0%), over = 24, worst = 3
PHY-1002 : len = 641768, over cnt = 1(0%), over = 1, worst = 1
PHY-1002 : len = 641792, over cnt = 0(0%), over = 0, worst = 0
PHY-1001 : End global iterations;  0.272166s wall, 0.250000s user + 0.000000s system = 0.250000s CPU (91.9%)

PHY-1001 : Congestion index:
PHY-1001 : top1  = 49.51(S 58.19, N 64.40, E 56.64, W 60.19, I 0.00, O 0.00)
PHY-1001 : top5  = 41.98(S 50.31, N 54.21, E 47.55, W 50.15, I 0.00, O 0.00)
PHY-1001 : top10 = 38.43(S 45.74, N 48.39, E 42.59, W 45.15, I 0.00, O 0.00)
PHY-1001 : top15 = 36.12(S 42.51, N 44.92, E 39.47, W 41.90, I 0.00, O 0.00)
OPT-1001 : End congestion update;  0.497125s wall, 0.421875s user + 0.000000s system = 0.421875s CPU (84.9%)

PHY-3001 : Start incremental legalization ...
PHY-1001 : Populate physical database on model UDP_Example_Top.
PHY-7002 CRITICAL-WARNING: Instance t3_sdram/sdram location (164, 288) is not honored. Cell's initial location is not legal at the beginning of ECO placement, and will be moved during placement. Please verify user location constraints through the adc file.
PHY-3001 : Target density is 50%
PHY-3001 : Target density is 57%
PHY-3001 : Initial: Len = 473195, Over = 0
PHY-3001 : End spreading;  0.021500s wall, 0.031250s user + 0.000000s system = 0.031250s CPU (145.3%)

PHY-3001 : Final: Len = 473195, Over = 0
PHY-3001 : End incremental legalization;  0.145831s wall, 0.140625s user + 0.000000s system = 0.140625s CPU (96.4%)

OPT-0007 : Iter 1: improved SWNS -4713 STNS -264539 NUM_FEPS 168 with 31(12317) cells and 6773(6773) paths processed with 8549 slack improved, crit_thod: 336 ratio: 1.00(31/31) rt: 0.9s
OPT-0007 : Iter 2: improved SWNS -4713 STNS -264539 NUM_FEPS 168 with 0(0) cells and 0(0) paths processed with 0 slack improved, crit_thod: 401 ratio: -1.00(0/0) rt: 0.0s
OPT-1001 : End path based optimization;  1.460239s wall, 1.375000s user + 0.000000s system = 1.375000s CPU (94.2%)

OPT-1001 : Update timing in Manhattan mode
OPT-1001 : End timing update;  0.963044s wall, 0.953125s user + 0.000000s system = 0.953125s CPU (99.0%)

OPT-1001 : Current memory(MB): used = 455, reserved = 444, peak = 455.
OPT-1001 : End Stage 3.2.4 | Optimize Path; Time: 2.515301s wall, 2.421875s user + 0.000000s system = 2.421875s CPU (96.3%); Memory(MB): used = 455, reserved = 444, peak = 455;

OPT-1001 : Stage 3.2.5 | Aggressive Optimization
OPT-1001 : End Stage 3.2.5 | Aggressive Optimization; Time: 0.090033s wall, 0.093750s user + 0.000000s system = 0.093750s CPU (104.1%); Memory(MB): used = 455, reserved = 444, peak = 455;

OPT-1001 : Stage 3.2.6 | Optimize Duplicated Nets
OPT-1001 : Start: WNS -4713 TNS -257751 NUM_FEPS 156
OPT-1001 : Clean unloaded insts before merging registers
PHY-1001 : Populate physical database on model UDP_Example_Top.
PHY-1001 : Populate physical database on model UDP_Example_Top.
OPT-1001 : Total overflow 0.00 peak overflow 0.00
OPT-1001 : End optimize duplicated nets. Total 30 instances are merged and 1360 sinks are reconnected,  0.322695s wall, 0.281250s user + 0.015625s system = 0.296875s CPU (92.0%)

OPT-1001 : Update timing in Manhattan mode
RUN-1002 : start command "start_timer"
OPT-1001 : End timing update;  1.508252s wall, 1.484375s user + 0.000000s system = 1.484375s CPU (98.4%)

OPT-1001 : Current memory(MB): used = 455, reserved = 444, peak = 455.
OPT-1001 : End Stage 3.2.6 | Optimize Duplicated Nets; Time: 1.924940s wall, 1.859375s user + 0.015625s system = 1.875000s CPU (97.4%); Memory(MB): used = 455, reserved = 444, peak = 455;

OPT-1001 : Stage 3.2.7 | Swap Pins
OPT-1001 : Start pin optimization...
OPT-1001 : skip pin optimization...
OPT-1001 : Current memory(MB): used = 455, reserved = 444, peak = 455.
OPT-1001 : End Stage 3.2.7 | Swap Pins; Time: 0.091745s wall, 0.093750s user + 0.000000s system = 0.093750s CPU (102.2%); Memory(MB): used = 455, reserved = 444, peak = 455;

OPT-0007 : End flow postpack: SWNS -4713 STNS -257751 NUM_FEPS 156
RUN-1001 : Generating global routing grids ...
PHY-1001 : Generate routing nets ...
PHY-1001 : Reuse net number 9599/9755.
PHY-1001 : Global iterations in 12 thread ...
PHY-1002 : len = 641280, over cnt = 176(0%), over = 187, worst = 4
PHY-1002 : len = 642552, over cnt = 101(0%), over = 106, worst = 2
PHY-1002 : len = 643552, over cnt = 28(0%), over = 29, worst = 2
PHY-1002 : len = 643752, over cnt = 5(0%), over = 5, worst = 1
PHY-1002 : len = 643816, over cnt = 0(0%), over = 0, worst = 0
PHY-1001 : End global iterations;  0.277200s wall, 0.265625s user + 0.015625s system = 0.281250s CPU (101.5%)

PHY-1001 : Congestion index:
PHY-1001 : top1  = 49.74(S 57.24, N 64.31, E 57.33, W 59.94, I 0.00, O 0.00)
PHY-1001 : top5  = 42.23(S 49.81, N 54.69, E 47.92, W 50.12, I 0.00, O 0.00)
PHY-1001 : top10 = 38.46(S 45.15, N 48.74, E 42.94, W 45.20, I 0.00, O 0.00)
PHY-1001 : top15 = 36.12(S 42.01, N 45.07, E 39.79, W 41.93, I 0.00, O 0.00)
RUN-1001 : QoR Analysis:
OPT-0007 :   SWNS -4713 STNS -257751 NUM_FEPS 156
RUN-1001 :   No local congestion issue, and most congested 1% tile average routing util is 49.172414
RUN-1001 :   Top critical paths
RUN-1001 :       #1 path slack -4713ps with logic level 2 and starts from PAD
RUN-1001 :       #2 path slack -4713ps with logic level 2 and starts from PAD
RUN-1001 :       #3 path slack -4713ps with logic level 2 and starts from PAD
RUN-1001 :       #4 path slack -4713ps with logic level 2 and starts from PAD
RUN-1001 :       #5 path slack -4713ps with logic level 2 and starts from PAD
RUN-1001 :       #6 path slack -4713ps with logic level 2 and starts from PAD
RUN-1001 :       #7 path slack -4713ps with logic level 2 and starts from PAD
RUN-1001 :       #8 path slack -4713ps with logic level 2 and starts from PAD
RUN-1001 :       #9 path slack -4713ps with logic level 2 and starts from PAD
RUN-1001 :       #10 path slack -4713ps with logic level 2 and starts from PAD
RUN-1001 :   0 HFN exist on timing critical paths out of 13499 nets
RUN-1001 :   0 long nets exist on timing critical paths out of 13499 nets
OPT-1001 : End physical optimization;  11.983313s wall, 12.062500s user + 0.093750s system = 12.156250s CPU (101.4%)

PHY-1001 : End Stage 3.2 | Optimize Design; Time: 11.983422s wall, 12.062500s user + 0.093750s system = 12.156250s CPU (101.4%); Memory(MB): used = 455, reserved = 444, peak = 455;

PHY-1001 : End Stage 3 | Detailed Placement; Time: 13.013179s wall, 13.062500s user + 0.093750s system = 13.156250s CPU (101.1%); Memory(MB): used = 455, reserved = 444, peak = 455;

PHY-1001 : Stage 4 | Optimize Design
PHY-3001 : Start incremental legalization ...
PHY-1001 : Populate physical database on model UDP_Example_Top.
PHY-7002 CRITICAL-WARNING: Instance t3_sdram/sdram location (164, 288) is not honored. Cell's initial location is not legal at the beginning of ECO placement, and will be moved during placement. Please verify user location constraints through the adc file.
PHY-3001 : Target density is 50%
PHY-3001 : Target density is 57%
PHY-3001 : Initial: Len = 467087, Over = 0
PHY-1001 : Stage 4.1 | Spreading
PHY-3001 : End spreading;  0.029991s wall, 0.031250s user + 0.000000s system = 0.031250s CPU (104.2%)

PHY-1001 : End Stage 4.1 | Spreading; Time: 0.030165s wall, 0.031250s user + 0.000000s system = 0.031250s CPU (103.6%); Memory(MB): used = 455, reserved = 444, peak = 455;

PHY-3001 : Final: Len = 467087, Over = 0
PHY-3001 : End incremental legalization;  0.195083s wall, 0.203125s user + 0.000000s system = 0.203125s CPU (104.1%)

RUN-1002 : start command "report_qor -step place -file place.qor"
RUN-1001 : Generating global routing grids ...
-----------------------------------------------------------
| QoR metrics               |         value               |
-----------------------------------------------------------
| Timing                    |                             |
|     Setup WNS             |        -4713                |
|     Setup TNS             |      -257751                |
|     Num of violated S-EP  |          156                |
|     FMAX                  |    78.660MHz                |
|     SWNS path clock period |       8000ps                |
|     Hold WNS              |         -111                |
|     Hold TNS              |        -1740                |
|     Num of violated H-EP  |           40                |
-----------------------------------------------------------
| Routing Resource          |                             |
|     Wire length           |       465043                |
-----------------------------------------------------------
| Utilization               |                             |
|     #slices               |         4953                |
|     slices percentage     |       50.54%                |
|     #RAMs                 |           37                |
|     #DSPs                 |            2                |
|     #DRAMHARDCON          |            0                |
-----------------------------------------------------------
| Congestion                |                             |
|     Top 1% tile util      |           46                |
|     Top 1% tile avg util  |       49.17%                |
|     Over 100% util #tile  |            0                |
-----------------------------------------------------------
Report place stage QoR done.

RUN-1003 : finish command "report_qor -step place -file place.qor" in  1.363159s wall, 1.296875s user + 0.062500s system = 1.359375s CPU (99.7%)

RUN-1004 : used memory is 455 MB, reserved memory is 444 MB, peak memory is 455 MB
PHY-1001 : End Stage 4 | Optimize Design; Time: 1.564723s wall, 1.500000s user + 0.062500s system = 1.562500s CPU (99.9%); Memory(MB): used = 455, reserved = 444, peak = 455;

PHY-1001 : Stage 5 | DRC Check
PHY-1001 : Stage 5.1 | Force Route Constraint Check
PHY-1001 : Check Pass.
PHY-1001 : End Stage 5.1 | Force Route Constraint Check; Time: 0.001209s wall, 0.000000s user + 0.000000s system = 0.000000s CPU (n/a%); Memory(MB): used = 455, reserved = 444, peak = 455;

PHY-1001 : Stage 5.2 | Duplicated SelfDriven Check
PHY-1001 : Check pass.
PHY-1001 : End Stage 5.2 | Duplicated SelfDriven Check; Time: 0.019876s wall, 0.031250s user + 0.000000s system = 0.031250s CPU (157.2%); Memory(MB): used = 455, reserved = 444, peak = 455;

PHY-1001 : Stage 5.3 | Clock Rule Check
PHY-1001 : End Stage 5.3 | Clock Rule Check; Time: 0.000580s wall, 0.000000s user + 0.000000s system = 0.000000s CPU (n/a%); Memory(MB): used = 455, reserved = 444, peak = 455;

PHY-1001 : End Stage 5 | DRC Check; Time: 0.042815s wall, 0.046875s user + 0.000000s system = 0.046875s CPU (109.5%); Memory(MB): used = 455, reserved = 444, peak = 455;

OPT-1001 : QoR tracer report on placement steps:
    SWNS [   incr ]      STNS [     incr ]    FEPS [   incr ]    CRIT [   incr ]      CELL [     incr ]        WL [     incr ]    CONG [   incr ]    PDES [   incr ]   RT(s) [   incr ]   MEM(mb) [     incr ]
       0 [      0 ]         0 [        0 ]       0 [      0 ]       0 [      0 ]     11651 [        0 ]         0 [        0 ]    0.00 [   0.00 ]       0 [      0 ]       0 [      0 ]       314 [        0 ] : preplace:simplify_lut
       0 [      0 ]         0 [        0 ]       0 [      0 ]       0 [      0 ]     11651 [        0 ]         0 [        0 ]    0.00 [   0.00 ]       0 [      0 ]       0 [      0 ]       314 [        0 ] : preplace:sweep
       0 [      0 ]         0 [        0 ]       0 [      0 ]       0 [      0 ]     11651 [        0 ]         0 [        0 ]    0.00 [   0.00 ]       0 [      0 ]       0 [      0 ]       314 [        0 ] : preplace:hfn_opt
   -8093 [  -8093 ]  -2572400 [ -2572400 ]    1056 [   1056 ]     681 [    681 ]     11654 [        3 ]    298989 [   298989 ]    0.00 [   0.00 ]       0 [      0 ]       3 [      3 ]       365 [       51 ] : step1_gp
   -8093 [      0 ]  -2583605 [   -11205 ]    1092 [     36 ]     681 [      0 ]     11654 [        0 ]    322695 [    23706 ]    0.00 [   0.00 ]       0 [      0 ]       4 [      1 ]       365 [        0 ] : step1_legal
   -8093 [      0 ]  -1878798 [   704807 ]     979 [   -113 ]    1131 [    450 ]     11654 [        0 ]    394582 [    71887 ]   80.83 [  80.83 ]       0 [      0 ]       7 [      3 ]       407 [       42 ] : step2_gp
   -4713 [   3380 ]   -314626 [  1564172 ]     310 [   -669 ]    1490 [    359 ]     12070 [      416 ]    385454 [    -9128 ]   61.21 [ -19.62 ]       0 [      0 ]      12 [      5 ]       422 [       15 ] : prepack:hfn_opt
   -4713 [      0 ]   -268513 [    46113 ]     211 [    -99 ]    1507 [     17 ]     12070 [        0 ]    385670 [      216 ]   48.79 [ -12.41 ]       0 [      0 ]      16 [      4 ]       422 [        0 ] : prepack:bn_opt
   -4713 [      0 ]   -258819 [     9694 ]     154 [    -57 ]    1507 [      0 ]     12070 [        0 ]    389372 [     3702 ]   48.72 [  -0.07 ]       0 [      0 ]      18 [      2 ]       424 [        2 ] : prepack:path_opt
   -5043 [   -330 ]   -255930 [     2889 ]     145 [     -9 ]    1575 [     68 ]      5052 [    -7018 ]    394936 [     5564 ]   48.72 [   0.00 ]       0 [      0 ]      22 [      4 ]       431 [        7 ] : pack
   -4713 [    330 ]   -262760 [    -6830 ]     170 [     25 ]    1252 [   -323 ]      5052 [        0 ]    459335 [    64399 ]   50.31 [   1.59 ]       0 [      0 ]      27 [      5 ]       444 [       13 ] : post_pack_place
   -4713 [      0 ]   -264365 [    -1605 ]     180 [     10 ]    1237 [    -15 ]      5052 [        0 ]    463098 [     3763 ]   50.31 [   0.00 ]       0 [      0 ]      28 [      1 ]       444 [        0 ] : post_pack_spreading
   -4743 [    -30 ]   -262346 [     2019 ]     178 [     -2 ]    1252 [     15 ]      5036 [      -16 ]    450783 [   -12315 ]   50.31 [   0.00 ]       0 [      0 ]      30 [      2 ]       444 [        0 ] : postpack:optimize_equivalent_quick
   -4743 [      0 ]   -270788 [    -8442 ]     191 [     13 ]    1251 [     -1 ]      5114 [       78 ]    463001 [    12218 ]   50.31 [   0.00 ]       0 [      0 ]      31 [      1 ]       444 [        0 ] : postpack:hfn_opt
   -4713 [     30 ]   -264539 [     6249 ]     168 [    -23 ]    1240 [    -11 ]      5114 [        0 ]    464327 [     1326 ]   48.79 [  -1.52 ]       0 [      0 ]      35 [      4 ]       450 [        6 ] : postpack:bn_opt
   -4713 [      0 ]   -257751 [     6788 ]     156 [    -12 ]    1251 [     11 ]      5114 [        0 ]    471145 [     6818 ]   49.03 [   0.24 ]       0 [      0 ]      37 [      2 ]       455 [        5 ] : postpack:path_opt
   -4713 [      0 ]   -257751 [        0 ]     156 [      0 ]    1251 [      0 ]      5114 [        0 ]    471145 [        0 ]   49.03 [   0.00 ]       0 [      0 ]      37 [      0 ]       455 [        0 ] : postpack:aggressive_opt
   -4713 [      0 ]   -257751 [        0 ]     156 [      0 ]    1272 [     21 ]      5100 [      -14 ]    465043 [    -6102 ]   49.03 [   0.00 ]       0 [      0 ]      39 [      2 ]       455 [        0 ] : postpack:optimize_equivalent
   -4713 [      0 ]   -257751 [        0 ]     156 [      0 ]    1272 [      0 ]      5100 [        0 ]    465043 [        0 ]   49.03 [   0.00 ]       0 [      0 ]      39 [      0 ]       455 [        0 ] : postpack:pin_opt

RUN-1003 : finish command "place" in  42.194958s wall, 51.078125s user + 1.703125s system = 52.781250s CPU (125.1%)

RUN-1004 : used memory is 455 MB, reserved memory is 444 MB, peak memory is 455 MB
RUN-1002 : start command "update_timing -mode manhattan"
RUN-1002 : start command "start_timer"
RUN-1003 : finish command "update_timing -mode manhattan" in  1.543588s wall, 1.453125s user + 0.046875s system = 1.500000s CPU (97.2%)

RUN-1004 : used memory is 452 MB, reserved memory is 441 MB, peak memory is 455 MB
RUN-1002 : start command "report_timing_summary -file UDP_EXAMPLE_place.timing"
RUN-1002 : start command "report_area -io_info -file UDP_EXAMPLE_phy.area"
RUN-1001 : standard
***Report Model: UDP_Example_Top Device: EG4S20BG256***

IO Statistics
#IO                        34   out of    188   18.09%
  #input                   21
  #output                  12
  #inout                    1
#virtual IO                 3
  #input                    0
  #output                   0
  #inout                    0

Utilization Statistics
#lut                     7930   out of  19600   40.46%
#reg                     5582   out of  19600   28.48%
#le                      9021
  #lut only              3439   out of   9021   38.12%
  #reg only              1091   out of   9021   12.09%
  #lut&reg               4491   out of   9021   49.78%
#bram                      37   out of     64   57.81%
  #bram9k                  37
  #fifo9k                   0
#bram32k                    0   out of     16    0.00%
#dsp                        2   out of     29    6.90%
#pad                       34   out of    188   18.09%
  #ireg                    15
  #oreg                     8
  #treg                     0
#pll                        4   out of      4  100.00%
#gclk                       8   out of     16   50.00%

RUN-1002 : start command "flow_status -file place_flow.status"
Location         : C:\Users\Neko\Documents\FPGA\github_anlu\video640 19fps\UDP_EG4_6.2\prj\UDP_EXAMPLE\UDP_EXAMPLE_Runs\phy_1
Running with     : Tang Dynasty v6.2.168116
                   Copyright (c) 2012-2025 Anlogic Inc.
Top Model        : UDP_Example_Top
Device           : EG4S20BG256
Speed            : NA

Timing Mode      : manhattan
Setup            : WNS -4713ps  TNS  -257751ps  NUM_FEPS   156
Hold             : WNS  -111ps  TNS    -1740ps  NUM_FEPS    40

Flow Statistics  :
RUN-1001 : Flow Statistics:
RUN-1001 : --------------------------------------------------------------------------------------------------
RUN-1001 :      command     |  #calls  |  wall time  |  cpu time(s)  |  used memory(mb)  |  peak memory(mb)  
RUN-1001 : --------------------------------------------------------------------------------------------------
RUN-1001 :       place      |    1     |  42s(100%)  |   52(100%)    |        455        |        455        
RUN-1001 :     import_db    |    3     |   0s(0%)    |     0(0%)     |        313        |        313        
RUN-1001 :   import_device  |    1     |   0s(0%)    |     0(0%)     |        86         |        86         
RUN-1001 :       pack       |    1     |   0s(0%)    |     0(0%)     |        313        |        313        
RUN-1001 : --------------------------------------------------------------------------------------------------
RUN-1001 :       total      |    6     |     42s     |      52       |        455        |        455        
RUN-1001 : --------------------------------------------------------------------------------------------------
RUN-1002 : start command "report_clock_utilization -file place_clock_utilization.txt"
RUN-1001 : Device not support command report_clock_utilization.
RUN-1002 : start command "export_db UDP_EXAMPLE_place.db"
RUN-1001 : Exported flow parameters
RUN-1001 : Exported /
RUN-1001 : Exported libs
RUN-1001 : Exported entities
RUN-1001 : Exported ports
RUN-1001 : Exported pins
RUN-1001 : Exported instances
RUN-1001 : Exported nets
RUN-1001 : Exported buses
RUN-1001 : Exported models
RUN-1001 : Exported phy database
RUN-1001 : Exported packer
RUN-1001 : Exported congestions
RUN-1001 : Exported violations
RUN-1001 : Exported ATMR Setting
RUN-1001 : Exported timing constraints
RUN-1001 : Exported IO constraints
RUN-1001 : Exported Inst constraints
RUN-1001 : Exported ChipWatcher
RUN-1002 : start command "commit_param -step route"
RUN-1001 : Print Global Property
RUN-1001 : --------------------------------------------------------
RUN-1001 :   Parameters   |  Settings  |  Default Values  |  Note  
RUN-1001 : --------------------------------------------------------
RUN-1001 :   enable_seed  |    off     |       off        |        
RUN-1001 :     message    |  standard  |     standard     |        
RUN-1001 :   qor_monitor  |     on     |        on        |        
RUN-1001 :   syn_ip_flow  |    off     |       off        |        
RUN-1001 :     thread     |    auto    |       auto       |        
RUN-1001 : --------------------------------------------------------
RUN-1001 : Print Route Property
RUN-1001 : -------------------------------------------------------
RUN-1001 :   Parameters  |  Settings  |  Default Values  |  Note  
RUN-1001 : -------------------------------------------------------
RUN-1001 :     effort    |   normal   |      normal      |        
RUN-1001 :    fix_hold   |     on     |        on        |        
RUN-1001 :     timing    |     on     |        on        |        
RUN-1001 : -------------------------------------------------------
RUN-1002 : start command "route"
RUN-1001 : Open license file D:/Anlogic/TD_6.2.1_Engineer_6.2.168.116/license/Anlogic.lic
PHY-1001 : Route runs in 12 thread(s)
RUN-1001 : There are total 5100 instances
RUN-1001 : 2457 mslices, 2496 lslices, 89 pads, 37 brams, 2 dsps
RUN-1001 : There are total 13499 nets
RUN-1001 : 8003 nets have 2 pins
RUN-1001 : 4220 nets have [3 - 5] pins
RUN-1001 : 709 nets have [6 - 10] pins
RUN-1001 : 319 nets have [11 - 20] pins
RUN-1001 : 231 nets have [21 - 99] pins
RUN-1001 : 17 nets have 100+ pins
RUN-1002 : start command "start_timer"
PHY-1001 : 2457 mslices, 2496 lslices, 89 pads, 37 brams, 2 dsps

PHY-1001 : Stage 1 | Global Routing
PHY-1001 : Start global routing, caller is route ...
RUN-1001 : Generating global routing grids ...
PHY-1001 : Generate routing nets ...
RUN-1001 : Generate nets statistics:
RUN-1001 : ----------------------------
RUN-1001 :        Type       |  Nets   
RUN-1001 : ----------------------------
RUN-1001 :   TotalRouteNets  |  10233  
RUN-1001 :   DontRouteNets   |   646   
RUN-1001 :     RouteNets     |  9587   
RUN-1001 :     RouteSinks    |  24743  
RUN-1001 : ----------------------------
PHY-1001 : Global iterations in 12 thread ...
PHY-1002 : len = 595536, over cnt = 1351(3%), over = 2348, worst = 8
PHY-1002 : len = 616072, over cnt = 681(1%), over = 940, worst = 7
PHY-1002 : len = 627400, over cnt = 234(0%), over = 287, worst = 4
PHY-1002 : len = 632784, over cnt = 1(0%), over = 1, worst = 1
PHY-1002 : len = 632816, over cnt = 0(0%), over = 0, worst = 0
PHY-1001 : End global iterations;  1.038037s wall, 1.265625s user + 0.015625s system = 1.281250s CPU (123.4%)

PHY-1001 : Congestion index:
PHY-1001 : top1  = 48.70(S 57.41, N 64.74, E 57.24, W 60.52, I 0.00, O 0.00)
PHY-1001 : top5  = 41.51(S 50.31, N 54.10, E 47.38, W 49.75, I 0.00, O 0.00)
PHY-1001 : top10 = 37.94(S 45.50, N 48.36, E 42.37, W 44.90, I 0.00, O 0.00)
PHY-1001 : top15 = 35.72(S 42.14, N 44.71, E 39.21, W 41.68, I 0.00, O 0.00)
PHY-1001 : End global routing;  1.299868s wall, 1.515625s user + 0.015625s system = 1.531250s CPU (117.8%)

PHY-1001 : End Stage 1 | Global Routing; Time: 1.299928s wall, 1.515625s user + 0.015625s system = 1.531250s CPU (117.8%); Memory(MB): used = 472, reserved = 572, peak = 472;

PHY-1001 : Stage 2 | Detail Routing
PHY-1001 : Stage 2.1 | Build Routing Design
PHY-1001 : Routing in high effort: false
PHY-1001 : Routing Mode: normal
PHY-1001 : Generate detailed routing grids ...
PHY-1001 : End build routing graph; 1.979043s wall, 1.906250s user + 0.015625s system = 1.921875s CPU (97.1%)

PHY-1001 : Generate nets ...
PHY-1001 : net clk_50_dup_1 will be routed on clock mesh
PHY-1001 : clock net temac_clk will be merged with clock u_clk_gen/u_pll_0/clk0_buf
PHY-1001 : net temac_clk90 will be routed on clock mesh
PHY-1001 : net udp_clk will be routed on clock mesh
PHY-1001 : clock net t3_sdram/u0_clk/clk0_out will be merged with clock t3_sdram/u0_clk/clk0_buf
PHY-1001 : net t3_sdram/u1_app_wrrd/clk will be routed on clock mesh
PHY-1001 : net t3_sdram/u2_ram/SDRAM_CLK will be routed on clock mesh
PHY-1001 : clock net cwc_jtck_syn_2 will be merged with clock cwc_jtck
PHY-1001 : clock net u_ov5640_dri/u_i2c_dr/dri_clk_syn_4 will be merged with clock u_ov5640_dri/u_i2c_dr/dri_clk
PHY-1001 : clock net t3_sdram/u1_app_wrrd/u_wr_fifo_sdr_data/clkw_syn_2 will be merged with clock t3_sdram/u1_app_wrrd/u_wr_fifo_sdr_data/clkw
PHY-1001 : net auto_created_cwc1/wrapper_cwc_top/U_cwc_ram/clka will be routed on clock mesh
PHY-1001 : clock net u4_trimac_block/rx_clk will be merged with clock u4_trimac_block/u1_rgmii_interface/rgmii_rxc
PHY-1001 : clock net u_ov5640_dri/u_i2c_dr/clk will be merged with clock u_pll_50/clk0_buf
PHY-1001 : clock net u_rx_pll/clk0_out will be merged with clock u_rx_pll/clk0_buf
RUN-1001 : Generate nets statistics:
RUN-1001 : ------------------------------
RUN-1001 :         Type        |  Nets   
RUN-1001 : ------------------------------
RUN-1001 :        Route        |  10233  
RUN-1001 :      DontRoute      |  3266   
RUN-1001 :      RouteSinks     |  39784  
RUN-1001 :   RouteEntitySinks  |    0    
RUN-1001 :       Lut2Dff       |    0    
RUN-1001 :       Ram2Dff       |    0    
RUN-1001 :      Carry2Dff      |    0    
RUN-1001 : ------------------------------
RUN-1001 : DR clock net summary:
RUN-1001 : ---------------------------------------------------------------------------------
RUN-1001 :   Net Idx  |                       Net Name                       |  Clock Type  
RUN-1001 : ---------------------------------------------------------------------------------
RUN-1001 :      1     |   auto_created_cwc1/wrapper_cwc_top/U_cwc_ram/clka   |    Normal    
RUN-1001 :      2     |                     clk_50_dup_1                     |    Normal    
RUN-1001 :      3     |                    cwc_jtck_syn_2                    |    Normal    
RUN-1001 :      4     |               t3_sdram/u0_clk/clk0_out               |    Normal    
RUN-1001 :      5     |               t3_sdram/u1_app_wrrd/clk               |    Normal    
RUN-1001 :      6     |  t3_sdram/u1_app_wrrd/u_wr_fifo_sdr_data/clkw_syn_2  |    Normal    
RUN-1001 :      7     |              t3_sdram/u2_ram/SDRAM_CLK               |    Normal    
RUN-1001 :      8     |                      temac_clk                       |    Normal    
RUN-1001 :      9     |                     temac_clk90                      |    Normal    
RUN-1001 :     10     |                u4_trimac_block/rx_clk                |    Normal    
RUN-1001 :     11     |              u_ov5640_dri/u_i2c_dr/clk               |    Normal    
RUN-1001 :     12     |         u_ov5640_dri/u_i2c_dr/dri_clk_syn_4          |    Normal    
RUN-1001 :     13     |                  u_rx_pll/clk0_out                   |    Normal    
RUN-1001 :     14     |                       udp_clk                        |    Normal    
RUN-1001 : ---------------------------------------------------------------------------------
RUN-1001 : DR clock buffer summary:
RUN-1001 : ----------------
RUN-1001 :   Idx  |  Name  
RUN-1001 : ----------------
RUN-1001 : ----------------
PHY-1001 : End Stage 2.1 | Build Routing Design; Time: 2.270779s wall, 2.171875s user + 0.015625s system = 2.187500s CPU (96.3%); Memory(MB): used = 732, reserved = 721, peak = 732;

RUN-1001 : Top Percentage Crit. Net Stat.
RUN-1001 : -------------------------------------------------------
RUN-1001 :   Top %  |  Net Count  |  Avg. Fanout  |  Avg. Slack   
RUN-1001 : -------------------------------------------------------
RUN-1001 :     1    |     134     |   33.104478   |  -233.447761  
RUN-1001 :     2    |     269     |   22.055762   |  146.933086   
RUN-1001 :     3    |     404     |   15.769802   |  340.797030   
RUN-1001 :     4    |     539     |   12.884972   |  492.335807   
RUN-1001 :     5    |     674     |   10.873887   |  630.115727   
RUN-1001 :     6    |     809     |   9.373300    |  751.111248   
RUN-1001 :     7    |     944     |   8.489407    |  862.986229   
RUN-1001 :     8    |    1079     |   7.687674    |  968.907322   
RUN-1001 :     9    |    1214     |   7.218287    |  1068.727348  
RUN-1001 :    10    |    1349     |   6.868792    |  1164.330615  
RUN-1001 : -------------------------------------------------------
PHY-1001 : Stage 2.2 | Clock Nets Routing
PHY-1001 : Routed 0% nets.
PHY-1001 : len = 217680, over cnt = 0(0%), over = 0, worst = 0, crit = 0
PHY-1001 : End Stage 2.2 | Clock Nets Routing; Time: 9.560127s wall, 9.156250s user + 0.171875s system = 9.328125s CPU (97.6%); Memory(MB): used = 762, reserved = 751, peak = 762;

PHY-1001 : Stage 2.3 | Routing Initialization
PHY-1001 : Mark 1% net(place mode slack < 421ps) as critical nets.
PHY-1001 : Stage 2.3.1 | Normal Nets Routing
PHY-1001 : Routed 75% nets.
PHY-1001 : len = 1.29094e+06, over cnt = 935(0%), over = 940, worst = 2, crit = 0
PHY-1001 : End Stage 2.3.1 | Normal Nets Routing; Time: 23.136249s wall, 34.968750s user + 0.625000s system = 35.593750s CPU (153.8%); Memory(MB): used = 771, reserved = 760, peak = 771;

PHY-1001 : Stage 2.3.2 | Update Timing
RUN-1002 : start command "start_timer"
USR-1002 : Derived clock:  create_generated_clock -name {u_clk_gen/u_pll_0/pll_inst.clkc[0]} -source [get_ports {clk_50}] -master_clock {clk_in} -multiply_by 2.5000 -duty_cycle 50.0000 [get_pins {u_clk_gen/u_pll_0/pll_inst.clkc[0]}]
USR-1002 : Derived clock:  create_generated_clock -name {u_clk_gen/u_pll_0/pll_inst.clkc[1]} -source [get_ports {clk_50}] -master_clock {clk_in} -multiply_by 2.5000 -duty_cycle 50.0000 [get_pins {u_clk_gen/u_pll_0/pll_inst.clkc[1]}]
USR-1002 : Derived clock:  create_generated_clock -name {u_clk_gen/u_pll_0/pll_inst.clkc[4]} -source [get_ports {clk_50}] -master_clock {clk_in} -multiply_by 2.5000 -phase 90 -duty_cycle 50.0000 [get_pins {u_clk_gen/u_pll_0/pll_inst.clkc[4]}]
USR-1002 : Derived clock:  create_generated_clock -name {u_pll_50/pll_inst.clkc[0]} -source [get_ports {clk_50}] -master_clock {clk_in} -multiply_by 1.0000 -duty_cycle 50.0000 [get_pins {u_pll_50/pll_inst.clkc[0]}]
USR-1002 : Derived clock:  create_generated_clock -name {u_rx_pll/pll_inst.clkc[0]} -source [get_ports {phy1_rgmii_rx_clk}] -master_clock {phy1_rgmii_rx_clk} -multiply_by 1.0000 -duty_cycle 50.0000 [get_pins {u_rx_pll/pll_inst.clkc[0]}]
USR-1002 : Derived clock:  create_generated_clock -name {u_rx_pll/pll_inst.clkc[1]} -source [get_ports {phy1_rgmii_rx_clk}] -master_clock {phy1_rgmii_rx_clk} -multiply_by 1.0000 -duty_cycle 50.0000 [get_pins {u_rx_pll/pll_inst.clkc[1]}]
USR-1002 : Derived clock:  create_generated_clock -name {t3_sdram/u0_clk/pll_inst.clkc[0]} -source [get_pins {u_pll_50/pll_inst.clkc[0]}] -master_clock {u_pll_50/pll_inst.clkc[0]} -divide_by 4.0000 -duty_cycle 50.0000 [get_pins {t3_sdram/u0_clk/pll_inst.clkc[0]}]
USR-1002 : Derived clock:  create_generated_clock -name {t3_sdram/u0_clk/pll_inst.clkc[1]} -source [get_pins {u_pll_50/pll_inst.clkc[0]}] -master_clock {u_pll_50/pll_inst.clkc[0]} -multiply_by 2.5000 -duty_cycle 50.0000 [get_pins {t3_sdram/u0_clk/pll_inst.clkc[1]}]
USR-1002 : Derived clock:  create_generated_clock -name {t3_sdram/u0_clk/pll_inst.clkc[2]} -source [get_pins {u_pll_50/pll_inst.clkc[0]}] -master_clock {u_pll_50/pll_inst.clkc[0]} -multiply_by 2.5000 -phase 180 -duty_cycle 50.0000 [get_pins {t3_sdram/u0_clk/pll_inst.clkc[2]}]
8.000000
USR-8130 CRITICAL-WARNING: No clock match the pattern: u_clk_gen/u_pll_0/pll_inst.clkc\[3\].
USR-8124 CRITICAL-WARNING: Rename_clock: please specify object list.
USR-8159 CRITICAL-WARNING: Command rename_clock -name {pll_inst_25M} [get_clocks {u_clk_gen/u_pll_0/pll_inst.clkc[3]}] in C:/Users/Neko/Documents/FPGA/github_anlu/video640 19fps/UDP_EG4_6.2/source_code/constraints/UDP.sdc(8) fails.
RUN-1003 : finish command "start_timer" in  2.411936s wall, 2.375000s user + 0.000000s system = 2.375000s CPU (98.5%)

RUN-1004 : used memory is 772 MB, reserved memory is 760 MB, peak memory is 772 MB
TMR-2502 : Net delay update with mode: Routed
PHY-1001 : 1800/10233(17%) critical/total net(s).
PHY-1001 : Setup: WNS(ns) = -6.699, TNS(ns) = -2784.590, FEP = 2368 | Hold: WNS(ns) = -1.415, TNS(ns) = -17.948, FEP = 29.
PHY-1001 : End Stage 2.3.2 | Update Timing; Time: 3.858375s wall, 3.781250s user + 0.000000s system = 3.781250s CPU (98.0%); Memory(MB): used = 776, reserved = 765, peak = 776;

PHY-1001 : End Stage 2.3 | Routing Initialization; Time: 27.042446s wall, 38.796875s user + 0.625000s system = 39.421875s CPU (145.8%); Memory(MB): used = 776, reserved = 765, peak = 776;

PHY-1001 : Stage 2.4 | Routing Optimization
PHY-1001 : Build lut bridge;  0.071354s wall, 0.062500s user + 0.000000s system = 0.062500s CPU (87.6%)

PHY-1001 : Stage 2.4.1 | Phase 1
PHY-1001 : Stage 2.4.1.1 | Setup TimeOptimization
PHY-1001 : Start to optimize setup violation with net base ...
PHY-1001 : Iter 1; Processed 724 pins with SWNS -6.699ns STNS -1522.299ns FEP 1772 took 24.7026 seconds.
PHY-1001 : len = 1.3242e+06, over cnt = 1526(0%), over = 1536, worst = 2, crit = 0
PHY-1001 : End Stage 2.4.1.1 | Setup TimeOptimization; Time: 24.835023s wall, 23.984375s user + 0.281250s system = 24.265625s CPU (97.7%); Memory(MB): used = 778, reserved = 766, peak = 778;

PHY-1001 : Stage 2.4.1.2 | Rip-up And ReRoute
PHY-1001 : Iter 1: len = 1.32262e+06, over cnt = 446(0%), over = 446, worst = 1, crit = 0, time(s) = 2.58
PHY-1001 : Iter 2: len = 1.32278e+06, over cnt = 184(0%), over = 184, worst = 1, crit = 0, time(s) = 0.54
PHY-1001 : Iter 3: len = 1.32273e+06, over cnt = 136(0%), over = 136, worst = 1, crit = 0, time(s) = 0.23
PHY-1001 : Iter 4: len = 1.3243e+06, over cnt = 45(0%), over = 45, worst = 1, crit = 0, time(s) = 0.23
PHY-1001 : Iter 5: len = 1.32446e+06, over cnt = 35(0%), over = 35, worst = 1, crit = 0, time(s) = 0.08
PHY-1001 : Iter 6: len = 1.32452e+06, over cnt = 33(0%), over = 33, worst = 1, crit = 0, time(s) = 0.08
PHY-1001 : Iter 7: len = 1.32452e+06, over cnt = 32(0%), over = 32, worst = 1, crit = 0, time(s) = 0.08
PHY-1001 : Switch mode......
PHY-1001 : Iter 8: len = 1.32518e+06, over cnt = 8(0%), over = 8, worst = 1, crit = 0, time(s) = 0.08
PHY-1001 : Iter 9: len = 1.32519e+06, over cnt = 7(0%), over = 7, worst = 1, crit = 0, time(s) = 0.03
PHY-1001 : Iter 10: len = 1.32521e+06, over cnt = 6(0%), over = 6, worst = 1, crit = 0, time(s) = 0.03
PHY-1001 : Iter 11: len = 1.32521e+06, over cnt = 6(0%), over = 6, worst = 1, crit = 0, time(s) = 0.03
PHY-1001 : Iter 12: len = 1.32536e+06, over cnt = 1(0%), over = 1, worst = 1, crit = 0, time(s) = 0.04
PHY-1001 : Iter 13: len = 1.32536e+06, over cnt = 1(0%), over = 1, worst = 1, crit = 0, time(s) = 0.03
PHY-1001 : Iter 14: len = 1.32536e+06, over cnt = 0(0%), over = 0, worst = 0, crit = 0, time(s) = 0.02
PHY-1001 : End Stage 2.4.1.2 | Rip-up And ReRoute; Time: 4.114837s wall, 6.093750s user + 0.062500s system = 6.156250s CPU (149.6%); Memory(MB): used = 778, reserved = 766, peak = 778;

PHY-1001 : Stage 2.4.1.3 | Update Timing
RUN-1002 : start command "start_timer"
PHY-1001 : 1651/10233(16%) critical/total net(s).
PHY-1001 : Setup: WNS(ns) = -6.699, TNS(ns) = -2333.817, FEP = 2182 | Hold: WNS(ns) = -1.415, TNS(ns) = -17.694, FEP = 24.
PHY-1001 : End Stage 2.4.1.3 | Update Timing; Time: 2.148645s wall, 2.093750s user + 0.015625s system = 2.109375s CPU (98.2%); Memory(MB): used = 779, reserved = 767, peak = 779;

PHY-1001 : Stage 2.4.1.4 | Commit Data
PHY-1001 : Commit better result to database ...
PHY-1001 : 308 feed throughs used by 250 nets
PHY-1001 : End Stage 2.4.1.4 | Commit Data; Time: 0.749253s wall, 0.656250s user + 0.015625s system = 0.671875s CPU (89.7%); Memory(MB): used = 822, reserved = 811, peak = 822;

PHY-1001 : End Stage 2.4.1 | Phase 1; Time: 32.071964s wall, 33.015625s user + 0.375000s system = 33.390625s CPU (104.1%); Memory(MB): used = 822, reserved = 811, peak = 822;

PHY-1001 : Stage 2.4.2 | Phase 2
PHY-1001 : Stage 2.4.2.1 | Setup TimeOptimization
PHY-1001 : Start to optimize setup violation with net base ...
PHY-1001 : Iter 1; Processed 322 pins with SWNS -6.699ns STNS -1591.193ns FEP 1770 took 11.2514 seconds.
PHY-1001 : len = 1.33281e+06, over cnt = 262(0%), over = 262, worst = 1, crit = 0
PHY-1001 : End Stage 2.4.2.1 | Setup TimeOptimization; Time: 11.373297s wall, 10.921875s user + 0.109375s system = 11.031250s CPU (97.0%); Memory(MB): used = 824, reserved = 812, peak = 824;

PHY-1001 : Stage 2.4.2.2 | Rip-up And ReRoute
PHY-0007 : Congestion: {50.93, 44.91, 41.49, 39.47}; Timing: {-6.699ns, -1591.193ns, 1770}
PHY-1001 : Iter 1: len = 1.32085e+06, over cnt = 39(0%), over = 39, worst = 1, crit = 0, time(s) = 3.38
PHY-1001 : Iter 2: len = 1.32098e+06, over cnt = 7(0%), over = 7, worst = 1, crit = 0, time(s) = 0.12
PHY-1001 : Iter 3: len = 1.32095e+06, over cnt = 0(0%), over = 0, worst = 0, crit = 0, time(s) = 0.06
PHY-1001 : End Stage 2.4.2.2 | Rip-up And ReRoute; Time: 3.608166s wall, 3.843750s user + 0.015625s system = 3.859375s CPU (107.0%); Memory(MB): used = 824, reserved = 812, peak = 824;

PHY-1001 : Stage 2.4.2.3 | Update Timing
RUN-1002 : start command "start_timer"
PHY-1001 : 1568/10233(15%) critical/total net(s).
PHY-1001 : Setup: WNS(ns) = -6.699, TNS(ns) = -1796.566, FEP = 1941 | Hold: WNS(ns) = -1.415, TNS(ns) = -17.694, FEP = 24.
PHY-1001 : End Stage 2.4.2.3 | Update Timing; Time: 2.216010s wall, 2.125000s user + 0.031250s system = 2.156250s CPU (97.3%); Memory(MB): used = 824, reserved = 813, peak = 824;

PHY-1001 : Stage 2.4.2.4 | Commit Data
PHY-1001 : Commit better result to database ...
PHY-1001 : 344 feed throughs used by 259 nets
PHY-1001 : End Stage 2.4.2.4 | Commit Data; Time: 0.697894s wall, 0.609375s user + 0.000000s system = 0.609375s CPU (87.3%); Memory(MB): used = 824, reserved = 813, peak = 824;

PHY-1001 : End Stage 2.4.2 | Phase 2; Time: 18.061246s wall, 17.656250s user + 0.156250s system = 17.812500s CPU (98.6%); Memory(MB): used = 824, reserved = 813, peak = 824;

PHY-1001 : End Stage 2.4 | Routing Optimization; Time: 51.680912s wall, 52.125000s user + 0.562500s system = 52.687500s CPU (101.9%); Memory(MB): used = 824, reserved = 813, peak = 824;

PHY-1003 : Routed, final wirelength = 1.32095e+06
RUN-1002 : start command "export_db UDP_EXAMPLE_pr.db"
RUN-1001 : Exported flow parameters
RUN-1001 : Exported /
RUN-1001 : Exported libs
RUN-1001 : Exported entities
RUN-1001 : Exported ports
RUN-1001 : Exported pins
RUN-1001 : Exported instances
RUN-1001 : Exported nets
RUN-1001 : Exported buses
RUN-1001 : Exported models
RUN-1001 : Exported phy database
RUN-1001 : Exported packer
RUN-1001 : Exported congestions
RUN-1001 : Exported violations
RUN-1001 : Exported ATMR Setting
RUN-1001 : Exported timing constraints
RUN-1001 : Exported IO constraints
RUN-1001 : Exported Inst constraints
RUN-1001 : Exported ChipWatcher
PHY-1001 : Current memory(MB): used = 856, reserved = 964, peak = 856.
PHY-1001 : End export database. 0.404121s wall, 0.453125s user + 0.015625s system = 0.468750s CPU (116.0%)

PHY-1001 : End detail routing;  92.195900s wall, 103.906250s user + 1.390625s system = 105.296875s CPU (114.2%)

PHY-1001 : End Stage 2 | Detail Routing; Time: 92.195983s wall, 103.906250s user + 1.390625s system = 105.296875s CPU (114.2%); Memory(MB): used = 856, reserved = 964, peak = 856;

PHY-1001 : Stage 3 | Hold Fix
RUN-1002 : start command "start_timer"
RUN-1001 : fix hold violation on net u7_rx_fifo/wr_sreset_dup_5 endpin u2_udp_loopback/udp_packet_fifo/u_anlogic_soft_async_fifo/add1_syn_80.sr slack -40ps
RUN-1001 : 1 hold-buffer to be created.
RUN-1001 : fix hold violation on net u7_rx_fifo/wr_sreset_dup_5 endpin u2_udp_loopback/udp_packet_fifo/u_anlogic_soft_async_fifo/gray_wraddress_reg[11]_syn_4.sr slack -190ps
RUN-1001 : 1 hold-buffer to be created.
RUN-1001 : fix hold violation on net u7_rx_fifo/wr_sreset_dup_5 endpin u2_udp_loopback/udp_packet_fifo/u_anlogic_soft_async_fifo/gray_wraddress_reg[8]_syn_4.sr slack -190ps
RUN-1001 : 1 hold-buffer to be created.
RUN-1001 : fix hold violation on net u7_rx_fifo/wr_sreset_dup_5 endpin u2_udp_loopback/udp_packet_fifo/u_anlogic_soft_async_fifo/gray_wraddress_reg[9]_syn_4.sr slack -267ps
RUN-1001 : 1 hold-buffer to be created.
RUN-1001 : fix hold violation on net u2_udp_loopback/udp_packet_fifo/u_anlogic_soft_async_fifo/gray_rdaddress[9] endpin u2_udp_loopback/udp_packet_fifo/u_anlogic_soft_async_fifo/sub1_syn_80.mi[0] slack -1178ps
RUN-1001 : 3 hold-buffer to be created.
RUN-1001 : fix hold violation on net u7_rx_fifo/wr_sreset_dup_5 endpin u2_udp_loopback/udp_packet_fifo/u_anlogic_soft_async_fifo/sub1_syn_80.sr slack -68ps
RUN-1001 : 1 hold-buffer to be created.
RUN-1001 : fix hold violation on net u2_udp_loopback/udp_packet_fifo/u_anlogic_soft_async_fifo/gray_rdaddress[8] endpin u2_udp_loopback/udp_packet_fifo/u_anlogic_soft_async_fifo/sync_r2w_r1_reg[10]_syn_3.mi[0] slack -1415ps
RUN-1001 : 3 hold-buffer to be created.
RUN-1001 : fix hold violation on net u2_udp_loopback/udp_packet_fifo/u_anlogic_soft_async_fifo/gray_rdaddress[10] endpin u2_udp_loopback/udp_packet_fifo/u_anlogic_soft_async_fifo/sync_r2w_r1_reg[10]_syn_3.mi[1] slack -1396ps
RUN-1001 : 3 hold-buffer to be created.
RUN-1001 : fix hold violation on net u7_rx_fifo/wr_sreset_dup_5 endpin u2_udp_loopback/udp_packet_fifo/u_anlogic_soft_async_fifo/sync_r2w_r1_reg[10]_syn_3.sr slack -267ps
RUN-1001 : 1 hold-buffer to be created.
RUN-1001 : fix hold violation on net u2_udp_loopback/udp_packet_fifo/u_anlogic_soft_async_fifo/gray_rdaddress[7] endpin u2_udp_loopback/udp_packet_fifo/u_anlogic_soft_async_fifo/sync_r2w_r1_reg[12]_syn_4.mi[0] slack -1396ps
RUN-1001 : 3 hold-buffer to be created.
RUN-1001 : fix hold violation on net u2_udp_loopback/udp_packet_fifo/u_anlogic_soft_async_fifo/gray_rdaddress[12] endpin u2_udp_loopback/udp_packet_fifo/u_anlogic_soft_async_fifo/sync_r2w_r1_reg[12]_syn_4.mi[1] slack -1292ps
RUN-1001 : 3 hold-buffer to be created.
RUN-1001 : fix hold violation on net u2_udp_loopback/udp_packet_fifo/u_anlogic_soft_async_fifo/gray_rdaddress[1] endpin u2_udp_loopback/udp_packet_fifo/u_anlogic_soft_async_fifo/sync_r2w_r1_reg[1]_syn_4.mi[0] slack -1289ps
RUN-1001 : 3 hold-buffer to be created.
RUN-1001 : fix hold violation on net u7_rx_fifo/wr_sreset_dup_5 endpin u2_udp_loopback/udp_packet_fifo/u_anlogic_soft_async_fifo/sync_r2w_r1_reg[1]_syn_4.sr slack -141ps
RUN-1001 : 1 hold-buffer to be created.
RUN-1001 : fix hold violation on net u2_udp_loopback/udp_packet_fifo/u_anlogic_soft_async_fifo/gray_rdaddress[3] endpin u2_udp_loopback/udp_packet_fifo/u_anlogic_soft_async_fifo/sync_r2w_r1_reg[2]_syn_4.mi[0] slack -1367ps
RUN-1001 : 3 hold-buffer to be created.
RUN-1001 : fix hold violation on net u2_udp_loopback/udp_packet_fifo/u_anlogic_soft_async_fifo/gray_rdaddress[2] endpin u2_udp_loopback/udp_packet_fifo/u_anlogic_soft_async_fifo/sync_r2w_r1_reg[2]_syn_4.mi[1] slack -1290ps
RUN-1001 : 3 hold-buffer to be created.
RUN-1001 : fix hold violation on net u2_udp_loopback/udp_packet_fifo/u_anlogic_soft_async_fifo/gray_rdaddress[0] endpin u2_udp_loopback/udp_packet_fifo/u_anlogic_soft_async_fifo/sync_r2w_r1_reg[4]_syn_4.mi[0] slack -1406ps
RUN-1001 : 3 hold-buffer to be created.
RUN-1001 : fix hold violation on net u2_udp_loopback/udp_packet_fifo/u_anlogic_soft_async_fifo/gray_rdaddress[4] endpin u2_udp_loopback/udp_packet_fifo/u_anlogic_soft_async_fifo/sync_r2w_r1_reg[4]_syn_4.mi[1] slack -1044ps
RUN-1001 : 3 hold-buffer to be created.
RUN-1001 : fix hold violation on net u7_rx_fifo/wr_sreset_dup_5 endpin u2_udp_loopback/udp_packet_fifo/u_anlogic_soft_async_fifo/sync_r2w_r1_reg[4]_syn_4.sr slack -68ps
RUN-1001 : 1 hold-buffer to be created.
RUN-1001 : fix hold violation on net u2_udp_loopback/udp_packet_fifo/u_anlogic_soft_async_fifo/gray_rdaddress[5] endpin u2_udp_loopback/udp_packet_fifo/u_anlogic_soft_async_fifo/sync_r2w_r1_reg[5]_syn_4.mi[0] slack -1260ps
RUN-1001 : 3 hold-buffer to be created.
RUN-1001 : fix hold violation on net u7_rx_fifo/wr_sreset_dup_5 endpin u2_udp_loopback/udp_packet_fifo/u_anlogic_soft_async_fifo/sync_r2w_r1_reg[5]_syn_4.sr slack -68ps
RUN-1001 : 1 hold-buffer to be created.
RUN-1001 : fix hold violation on net u2_udp_loopback/udp_packet_fifo/u_anlogic_soft_async_fifo/gray_rdaddress[6] endpin u2_udp_loopback/udp_packet_fifo/u_anlogic_soft_async_fifo/sync_r2w_r1_reg[6]_syn_4.mi[1] slack -1036ps
RUN-1001 : 3 hold-buffer to be created.
RUN-1001 : fix hold violation on net u7_rx_fifo/wr_sreset_dup_5 endpin u2_udp_loopback/udp_packet_fifo/u_anlogic_soft_async_fifo/sync_r2w_r2_reg[11]_syn_4.sr slack -35ps
RUN-1001 : 1 hold-buffer to be created.
RUN-1001 : fix hold violation on net u7_rx_fifo/wr_sreset_dup_5 endpin u2_udp_loopback/udp_packet_fifo/u_anlogic_soft_async_fifo/sync_r2w_r2_reg[5]_syn_4.sr slack -68ps
RUN-1001 : 1 hold-buffer to be created.
RUN-1001 : fix hold violation on net u2_udp_loopback/udp_packet_fifo/u_anlogic_soft_async_fifo/gray_rdaddress[11] endpin u2_udp_loopback/udp_packet_fifo/u_anlogic_soft_async_fifo/sync_r2w_r2_reg[9]_syn_4.mi[0] slack -923ps
RUN-1001 : 2 hold-buffer to be created.
PHY-1001 : Populate physical database on model UDP_Example_Top.
8.000000
-----------------------------------------------------------
| QoR metrics               |         value               |
-----------------------------------------------------------
| Timing                    |                             |
|     Setup WNS             |        -4713                |
|     Setup TNS             |      -257751                |
|     Num of violated S-EP  |          156                |
|     FMAX                  |    78.660MHz                |
|     SWNS path clock period |       8000ps                |
|     Hold WNS              |         -111                |
|     Hold TNS              |        -1740                |
|     Num of violated H-EP  |           40                |
-----------------------------------------------------------
| Routing Resource          |                             |
|     Wire length           |       467277                |
-----------------------------------------------------------
| Utilization               |                             |
|     #slices               |         5002                |
|     slices percentage     |       51.04%                |
|     #RAMs                 |           37                |
|     #DSPs                 |            2                |
|     #DRAMHARDCON          |            0                |
-----------------------------------------------------------
| Congestion                |                             |
|     Top 1% tile util      |           45                |
|     Top 1% tile avg util  |       48.34%                |
|     Over 100% util #tile  |            0                |
-----------------------------------------------------------
Report place stage QoR done.


8.000000
    SWNS [   incr ]      STNS [     incr ]  S-FEPS [   incr ]    HWNS [   incr ]      HTNS [     incr ]    H-FEPS [     incr ]    CELL [   incr ]       WL [    incr ]   RT(s) [   incr ]   MEM(mb) [     incr ]
   -6699 [      0 ]  -2784590 [        0 ]    2368 [      0 ]   -1415 [      0 ]    -17948 [        0 ]        29 [        0 ]    5100 [      0 ]  1290944 [       0 ]      43 [      0 ]       776 [        0 ] : dr_initialization
   -6699 [      0 ]  -1522299 [  1262291 ]    1772 [   -596 ]   -1415 [      0 ]    -17948 [        0 ]        29 [        0 ]    5100 [      0 ]  1324200 [   33256 ]      69 [     26 ]       778 [        2 ] : dr_timing_opt_phase1
   -6699 [      0 ]  -2333817 [  -811518 ]    2182 [    410 ]   -1415 [      0 ]    -17694 [      254 ]        24 [       -5 ]    5100 [      0 ]  1325360 [    1160 ]      76 [      7 ]       822 [       44 ] : dr_opt_phase1
   -6699 [      0 ]  -1591193 [   742624 ]    1770 [   -412 ]   -1415 [      0 ]    -17694 [        0 ]        24 [        0 ]    5100 [      0 ]  1332808 [    7448 ]      88 [     12 ]       824 [        2 ] : dr_timing_opt_phase2
   -6699 [      0 ]  -1796566 [  -205373 ]    1941 [    171 ]   -1415 [      0 ]    -17694 [        0 ]        24 [        0 ]    5100 [      0 ]  1320952 [  -11856 ]      94 [      6 ]       824 [        0 ] : dr_opt_phase2
   -6699 [      0 ]  -1796566 [        0 ]    1941 [      0 ]   -1415 [      0 ]    -17694 [        0 ]        24 [        0 ]    5100 [      0 ]  1320952 [       0 ]      94 [      0 ]       824 [        0 ] : multi_try_opt
   -6699 [      0 ]  -1796990 [     -424 ]    1945 [      4 ]    -171 [   1244 ]      -271 [    17423 ]         3 [      -21 ]    5149 [     49 ]  1323312 [    2360 ]       7 [    -87 ]       856 [       32 ] : ECO: dr_initialization
   -6699 [      0 ]  -1796990 [        0 ]    1945 [      0 ]    -171 [      0 ]      -271 [        0 ]         3 [        0 ]    5149 [      0 ]  1323312 [       0 ]       9 [      2 ]       856 [        0 ] : ECO: dr_timing_opt_phase1
   -6699 [      0 ]  -1796990 [        0 ]    1945 [      0 ]      11 [    182 ]         0 [      271 ]         0 [       -3 ]    5149 [      0 ]  1323320 [       8 ]      12 [      3 ]       856 [        0 ] : ECO: dr_opt_phase1
   -6699 [      0 ]  -1796990 [        0 ]    1945 [      0 ]      11 [      0 ]         0 [        0 ]         0 [        0 ]    5149 [      0 ]  1323320 [       0 ]      12 [      0 ]       856 [        0 ] : ECO: dr_timing_opt_phase2
   -6699 [      0 ]  -1796990 [        0 ]    1945 [      0 ]      11 [      0 ]         0 [        0 ]         0 [        0 ]    5149 [      0 ]  1323320 [       0 ]      15 [      3 ]       856 [        0 ] : ECO: dr_opt_phase2
   -6699 [      0 ]  -1796990 [        0 ]    1945 [      0 ]      11 [      0 ]         0 [        0 ]         0 [        0 ]    5149 [      0 ]  1323320 [       0 ]      15 [      0 ]       856 [        0 ] : ECO: multi_try_opt
   -6699 [      0 ]  -1796990 [        0 ]    1945 [      0 ]      11 [      0 ]         0 [        0 ]         0 [        0 ]    5149 [      0 ]  1323320 [       0 ]      18 [      3 ]       862 [        6 ] : ECO: fix_hold_opt

RUN-1002 : start command "start_timer"
RUN-1001 : All hold violations are fixed.
PHY-1001 : Stage 6 | Report Route Qor
RUN-1002 : start command "report_qor -step route -file route.qor"
RUN-1002 : start command "start_timer"
-----------------------------------------------------------
| QoR metrics               |         value               |
-----------------------------------------------------------
| Timing                    |                             |
|     Setup WNS             |        -6699                |
|     Setup TNS             |     -1796990                |
|     Num of violated S-EP  |         1945                |
|     Hold WNS              |           11                |
|     Hold TNS              |            0                |
|     Num of violated H-EP  |            0                |
-----------------------------------------------------------
| Routing Resource          |                             |
|     Wire length           |      1323320                |
-----------------------------------------------------------
| Utilization               |                             |
|     #slices               |         5002                |
|     slices percentage     |       51.04%                |
|     #RAMs                 |           37                |
|     #DSPs                 |            2                |
|     #DRAMHARDCON          |            0                |
-----------------------------------------------------------
Report route stage QoR done.

RUN-1003 : finish command "report_qor -step route -file route.qor" in  2.172584s wall, 2.140625s user + 0.015625s system = 2.156250s CPU (99.2%)

RUN-1004 : used memory is 862 MB, reserved memory is 964 MB, peak memory is 862 MB
RUN-1002 : start command "update_timing -mode final"
RUN-1002 : start command "start_timer"
RUN-1003 : finish command "update_timing -mode final" in  2.140200s wall, 2.046875s user + 0.000000s system = 2.046875s CPU (95.6%)

RUN-1004 : used memory is 862 MB, reserved memory is 964 MB, peak memory is 862 MB
RUN-1002 : start command "report_timing_summary -file final_timing.rpt"
OPT-1001 : QoR tracer report on route step:
    SWNS [   incr ]      STNS [     incr ]  S-FEPS [   incr ]    HWNS [   incr ]      HTNS [     incr ]    H-FEPS [     incr ]    CELL [   incr ]       WL [    incr ]   RT(s) [   incr ]   MEM(mb) [     incr ]
   -6699 [      0 ]  -2784590 [        0 ]    2368 [      0 ]   -1415 [      0 ]    -17948 [        0 ]        29 [        0 ]    5100 [      0 ]  1290944 [       0 ]      43 [      0 ]       776 [        0 ] : dr_initialization
   -6699 [      0 ]  -1522299 [  1262291 ]    1772 [   -596 ]   -1415 [      0 ]    -17948 [        0 ]        29 [        0 ]    5100 [      0 ]  1324200 [   33256 ]      69 [     26 ]       778 [        2 ] : dr_timing_opt_phase1
   -6699 [      0 ]  -2333817 [  -811518 ]    2182 [    410 ]   -1415 [      0 ]    -17694 [      254 ]        24 [       -5 ]    5100 [      0 ]  1325360 [    1160 ]      76 [      7 ]       822 [       44 ] : dr_opt_phase1
   -6699 [      0 ]  -1591193 [   742624 ]    1770 [   -412 ]   -1415 [      0 ]    -17694 [        0 ]        24 [        0 ]    5100 [      0 ]  1332808 [    7448 ]      88 [     12 ]       824 [        2 ] : dr_timing_opt_phase2
   -6699 [      0 ]  -1796566 [  -205373 ]    1941 [    171 ]   -1415 [      0 ]    -17694 [        0 ]        24 [        0 ]    5100 [      0 ]  1320952 [  -11856 ]      94 [      6 ]       824 [        0 ] : dr_opt_phase2
   -6699 [      0 ]  -1796566 [        0 ]    1941 [      0 ]   -1415 [      0 ]    -17694 [        0 ]        24 [        0 ]    5100 [      0 ]  1320952 [       0 ]      94 [      0 ]       824 [        0 ] : multi_try_opt
   -6699 [      0 ]  -1796990 [     -424 ]    1945 [      4 ]    -171 [   1244 ]      -271 [    17423 ]         3 [      -21 ]    5149 [     49 ]  1323312 [    2360 ]       7 [    -87 ]       856 [       32 ] : ECO: dr_initialization
   -6699 [      0 ]  -1796990 [        0 ]    1945 [      0 ]    -171 [      0 ]      -271 [        0 ]         3 [        0 ]    5149 [      0 ]  1323312 [       0 ]       9 [      2 ]       856 [        0 ] : ECO: dr_timing_opt_phase1
   -6699 [      0 ]  -1796990 [        0 ]    1945 [      0 ]      11 [    182 ]         0 [      271 ]         0 [       -3 ]    5149 [      0 ]  1323320 [       8 ]      12 [      3 ]       856 [        0 ] : ECO: dr_opt_phase1
   -6699 [      0 ]  -1796990 [        0 ]    1945 [      0 ]      11 [      0 ]         0 [        0 ]         0 [        0 ]    5149 [      0 ]  1323320 [       0 ]      12 [      0 ]       856 [        0 ] : ECO: dr_timing_opt_phase2
   -6699 [      0 ]  -1796990 [        0 ]    1945 [      0 ]      11 [      0 ]         0 [        0 ]         0 [        0 ]    5149 [      0 ]  1323320 [       0 ]      15 [      3 ]       856 [        0 ] : ECO: dr_opt_phase2
   -6699 [      0 ]  -1796990 [        0 ]    1945 [      0 ]      11 [      0 ]         0 [        0 ]         0 [        0 ]    5149 [      0 ]  1323320 [       0 ]      15 [      0 ]       856 [        0 ] : ECO: multi_try_opt
   -6699 [      0 ]  -1796990 [        0 ]    1945 [      0 ]      11 [      0 ]         0 [        0 ]         0 [        0 ]    5149 [      0 ]  1323320 [       0 ]      18 [      3 ]       862 [        6 ] : ECO: fix_hold_opt
   -6699 [      0 ]  -1796990 [        0 ]    1945 [      0 ]      11 [      0 ]         0 [        0 ]         0 [        0 ]    5149 [      0 ]  1323320 [       0 ]     129 [    111 ]       862 [        0 ] : ECO: fix_hold_opt

PHY-1001 : End Stage 6 | Report Route Qor; Time: 4.382745s wall, 4.250000s user + 0.015625s system = 4.265625s CPU (97.3%); Memory(MB): used = 862, reserved = 964, peak = 862;

PHY-1001 : Stage 7 | Routing DRC
PHY-1001 : Start multi-drive drc check......
PHY-1001 : No multi-drive.
PHY-1001 : Stage 7.1 | Clock Net Status Check
PHY-1001 : 1 clock net(s) utilize local routing resource.
PHY-5079 CRITICAL-WARNING: Marked 1 clock net(s) utilize the local routing resources. Please check log message and the sinks of clock nets.
RUN-1001 : CTS Local Wire Summary
RUN-1001 : -------------------------------------------------------------------------------------------------------------------------------
RUN-1001 :               ClockName              |  DriverType  |  Clock/Fanout  |  LocalWireNum  |           NetName           |  Marked  
RUN-1001 : -------------------------------------------------------------------------------------------------------------------------------
RUN-1001 :   t3_sdram/u0_clk/pll_inst.clkc[2]   |  AL_PHY_PLL  |      0/1       |       1        |  t3_sdram/u2_ram/SDRAM_CLK  |   true   
RUN-1001 : -------------------------------------------------------------------------------------------------------------------------------
PHY-1001 : End Stage 7.1 | Clock Net Status Check; Time: 0.002833s wall, 0.000000s user + 0.000000s system = 0.000000s CPU (n/a%); Memory(MB): used = 862, reserved = 964, peak = 862;

PHY-1001 : Stage 7.2 | Abnormal Timing Path check
PHY-1001 : No abnormal timing path.
PHY-1001 : End Stage 7.2 | Abnormal Timing Path check; Time: 0.112795s wall, 0.078125s user + 0.031250s system = 0.109375s CPU (97.0%); Memory(MB): used = 862, reserved = 964, peak = 862;

PHY-1001 : End Stage 7 | Routing DRC; Time: 0.176972s wall, 0.156250s user + 0.031250s system = 0.187500s CPU (105.9%); Memory(MB): used = 862, reserved = 964, peak = 862;

RUN-1003 : finish command "route" in  134.060462s wall, 145.046875s user + 1.875000s system = 146.921875s CPU (109.6%)

RUN-1004 : used memory is 862 MB, reserved memory is 964 MB, peak memory is 862 MB
RUN-1002 : start command "report_area -io_info -file UDP_EXAMPLE_phy.area"
RUN-1001 : standard
***Report Model: UDP_Example_Top Device: EG4S20BG256***

IO Statistics
#IO                        34   out of    188   18.09%
  #input                   21
  #output                  12
  #inout                    1
#virtual IO                 3
  #input                    0
  #output                   0
  #inout                    0

Utilization Statistics
#lut                     8028   out of  19600   40.96%
#reg                     5582   out of  19600   28.48%
#le                      9119
  #lut only              3537   out of   9119   38.79%
  #reg only              1091   out of   9119   11.96%
  #lut&reg               4491   out of   9119   49.25%
#bram                      37   out of     64   57.81%
  #bram9k                  37
  #fifo9k                   0
#bram32k                    0   out of     16    0.00%
#dsp                        2   out of     29    6.90%
#pad                       34   out of    188   18.09%
  #ireg                    15
  #oreg                     8
  #treg                     0
#pll                        4   out of      4  100.00%
#gclk                       8   out of     16   50.00%


DataNet Average Fanout:

   Index     Fanout     Nets  
    #1          1       7955  
    #2          2       3218  
    #3          3       598   
    #4          4       404   
    #5        5-10      764   
    #6        11-50     435   
    #7       51-100      53   
    #8       101-500     7    
    #9        >500       3    
  Average     3.04            

RUN-1002 : start command "update_timing -mode final"
RUN-1002 : start command "start_timer"
RUN-1003 : finish command "update_timing -mode final" in  2.076864s wall, 1.968750s user + 0.031250s system = 2.000000s CPU (96.3%)

RUN-1004 : used memory is 862 MB, reserved memory is 964 MB, peak memory is 862 MB
RUN-1002 : start command "report_timing_status -file UDP_EXAMPLE_phy.ts"
RUN-1002 : start command "report_timing_summary -file UDP_EXAMPLE_pr.timing"
RUN-1002 : start command "report_timing_exception -file UDP_EXAMPLE_exception.timing"
RUN-1002 : start command "flow_status -file route_flow.status"
Location         : C:\Users\Neko\Documents\FPGA\github_anlu\video640 19fps\UDP_EG4_6.2\prj\UDP_EXAMPLE\UDP_EXAMPLE_Runs\phy_1
Running with     : Tang Dynasty v6.2.168116
                   Copyright (c) 2012-2025 Anlogic Inc.
Top Model        : UDP_Example_Top
Device           : EG4S20BG256
Speed            : NA

Timing Mode      : final
Setup            : WNS -6699ps  TNS -1796990ps  NUM_FEPS  1945
Hold             : WNS    11ps  TNS        0ps  NUM_FEPS     0

Flow Statistics  :
RUN-1001 : Flow Statistics:
RUN-1001 : ---------------------------------------------------------------------------------------------------
RUN-1001 :      command     |  #calls  |  wall time   |  cpu time(s)  |  used memory(mb)  |  peak memory(mb)  
RUN-1001 : ---------------------------------------------------------------------------------------------------
RUN-1001 :       route      |    2     |  2m34s(75%)  |   166(73%)    |        862        |        862        
RUN-1001 :       place      |    2     |   51s(24%)   |    61(26%)    |        856        |        856        
RUN-1001 :     import_db    |    3     |    0s(0%)    |     0(0%)     |        313        |        313        
RUN-1001 :   import_device  |    1     |    0s(0%)    |     0(0%)     |        86         |        86         
RUN-1001 :       pack       |    1     |    0s(0%)    |     0(0%)     |        313        |        313        
RUN-1001 : ---------------------------------------------------------------------------------------------------
RUN-1001 :       total      |    9     |    3m25s     |      227      |        862        |        862        
RUN-1001 : ---------------------------------------------------------------------------------------------------
RUN-1002 : start command "report_clock_utilization -file route_clock_utilization.txt"
RUN-1001 : Device not support command report_clock_utilization.
RUN-1002 : start command "export_db UDP_EXAMPLE_pr.db"
RUN-1001 : Exported flow parameters
RUN-1001 : Exported /
RUN-1001 : Exported libs
RUN-1001 : Exported entities
RUN-1001 : Exported ports
RUN-1001 : Exported pins
RUN-1001 : Exported instances
RUN-1001 : Exported nets
RUN-1001 : Exported buses
RUN-1001 : Exported models
RUN-1001 : Exported phy database
RUN-1001 : Exported packer
RUN-1001 : Exported congestions
RUN-1001 : Exported violations
RUN-1001 : Exported ATMR Setting
RUN-1001 : Exported timing constraints
RUN-1001 : Exported IO constraints
RUN-1001 : Exported Inst constraints
RUN-1001 : Exported ChipWatcher
RUN-1002 : start command "commit_param -step bitgen"
RUN-1001 : Print Global Property
RUN-1001 : --------------------------------------------------------
RUN-1001 :   Parameters   |  Settings  |  Default Values  |  Note  
RUN-1001 : --------------------------------------------------------
RUN-1001 :   enable_seed  |    off     |       off        |        
RUN-1001 :     message    |  standard  |     standard     |        
RUN-1001 :   qor_monitor  |     on     |        on        |        
RUN-1001 :   syn_ip_flow  |    off     |       off        |        
RUN-1001 :     thread     |    auto    |       auto       |        
RUN-1001 : --------------------------------------------------------
RUN-1001 : Print Bitgen Property
RUN-1001 : -------------------------------------------------------------
RUN-1001 :      Parameters     |  Settings  |  Default Values  |  Note  
RUN-1001 : -------------------------------------------------------------
RUN-1001 :         bin         |    off     |       off        |        
RUN-1001 :       gen_mask      |    off     |       off        |        
RUN-1001 :      time_info      |     on     |        on        |        
RUN-1001 :   unused_io_status  |   pullup   |      pullup      |        
RUN-1001 :       version       |    0x00    |       0x00       |        
RUN-1001 : -------------------------------------------------------------
RUN-1002 : start command "bitgen -bit UDP_EXAMPLE.bit"
RUN-1002 : start command "export_bid UDP_EXAMPLE_inst.bid"
BIT-1003 : Start to generate bitstream. 
BIT-1002 : Init instances with 12 threads.
BIT-1002 : Init instances completely, inst num: 5144
BIT-1002 : Init pips with 12 threads.
BIT-1002 : Init pips completely, net num: 10277, pip num: 111261
BIT-1002 : Init feedthrough with 12 threads.
BIT-1002 : Init feedthrough completely, num: 345
BIT-1003 : Multithreading accelaration with 12 threads.
BIT-1003 : Generate bitstream completely, there are 291675 bits set as '1'.
BIT-1004 : PLL setting string = 1111
BIT-1004 : Generate bits file UDP_EXAMPLE.bit.
RUN-1003 : finish command "bitgen -bit UDP_EXAMPLE.bit" in  2.765470s wall, 15.562500s user + 0.578125s system = 16.140625s CPU (583.6%)

RUN-1004 : used memory is 863 MB, reserved memory is 964 MB, peak memory is 863 MB
RUN-1002 : start command "setup_debugger ../../chip_debugger"
KIT-1004 : Update chipwatcher trigger condition
KIT-1004 : Generate chipwatcher configuration file: cw/compiled.cwc
KIT-1004 : Generate chipwatcher bit file: cw/compiled.bit
RUN-1002 : start command "export_bitgen_param -file .bitgen_param.f"
RUN-1002 : start command "export_flow_status -s opt_place -e bitgen"
RUN-1002 : start command "flow_status"

Location         : C:\Users\Neko\Documents\FPGA\github_anlu\video640 19fps\UDP_EG4_6.2\prj\UDP_EXAMPLE\UDP_EXAMPLE_Runs\phy_1
Running with     : Tang Dynasty v6.2.168116
                   Copyright (c) 2012-2025 Anlogic Inc.
Top Model        : UDP_Example_Top
Device           : EG4S20BG256
Speed            : NA

Timing Mode      : final
Setup            : WNS -6699ps  TNS -1796990ps  NUM_FEPS  1945
Hold             : WNS    11ps  TNS        0ps  NUM_FEPS     0

RUN-1001 : Flow Statistics:
RUN-1001 : ---------------------------------------------------------------------------------------------------
RUN-1001 :      command     |  #calls  |  wall time   |  cpu time(s)  |  used memory(mb)  |  peak memory(mb)  
RUN-1001 : ---------------------------------------------------------------------------------------------------
RUN-1001 :       route      |    2     |  2m34s(74%)  |   166(68%)    |        862        |        862        
RUN-1001 :       place      |    2     |   51s(24%)   |    61(25%)    |        856        |        856        
RUN-1001 :      bitgen      |    1     |    2s(0%)    |    15(6%)     |        863        |        863        
RUN-1001 :     import_db    |    3     |    0s(0%)    |     0(0%)     |        313        |        313        
RUN-1001 :   import_device  |    1     |    0s(0%)    |     0(0%)     |        86         |        86         
RUN-1001 :       pack       |    1     |    0s(0%)    |     0(0%)     |        313        |        313        
RUN-1001 : ---------------------------------------------------------------------------------------------------
RUN-1001 :       total      |    10    |    3m27s     |      242      |        863        |        863        
RUN-1001 : ---------------------------------------------------------------------------------------------------
