============================================================
   Tang Dynasty, V6.2.168116
   Copyright (c) 2012-2025 Anlogic Inc.
   Executable = D:/Anlogic/TD_6.2.1_Engineer_6.2.168.116/bin/run.exe
   Built at =   16:32:07 Jun 12 2025
   Run by =     Neko
   Run Date =   Mon Oct 20 15:38:36 2025

   Run on =     NEKO_DESKTOP
============================================================
RUN-1002 : start command "import_device eagle_s20.db -package EG4S20BG256"
RUN-1001 : Using default speed grade: NA
ARC-1001 : Device Initialization.
ARC-1001 : ------------------------------------------------------------------
ARC-1001 :            OPTION            |          IO          |   SETTING   
ARC-1001 : ------------------------------------------------------------------
ARC-1001 :   cso_b/cclk/mosi/miso/dout  |  T3/R11/T10/P10/S11  |    gpio    
ARC-1001 :             done             |         P13          |    gpio    
ARC-1001 :           program_b          |          T2          |  dedicate  
ARC-1001 :        tdi/tms/tck/tdo       |   C12/A15/C14/E14    |  dedicate  
ARC-1001 : ------------------------------------------------------------------
ARC-1004 : Device setting, marked 5 dedicate IOs in total.
RUN-1002 : start command "open_project UDP_EXAMPLE.prj -noanalyze"
RUN-1002 : start command "import_db ../syn_1/UDP_EXAMPLE_gate.db"
RUN-1001 : Importing database generated by Tang Dynasty, V6.2.168116.
RUN-1001 : Database version number 46207
RUN-1001 : Import flow parameters
RUN-1001 : Import netlist
RUN-1001 : Import timing constraints
RUN-1001 : Import IO constraints
RUN-1001 : Import Inst constraints
RUN-1001 : Import ChipWatcher
RUN-1001 : Import design success TD_VERSION=6.2.168116 , DB_VERSION=46207
RUN-1002 : start command "commit_param -step place"
RUN-1001 : Print Global Property
RUN-1001 : --------------------------------------------------------
RUN-1001 :   Parameters   |  Settings  |  Default Values  |  Note  
RUN-1001 : --------------------------------------------------------
RUN-1001 :   enable_seed  |    off     |       off        |        
RUN-1001 :     message    |  standard  |     standard     |        
RUN-1001 :   qor_monitor  |     on     |        on        |        
RUN-1001 :   syn_ip_flow  |    off     |       off        |        
RUN-1001 :     thread     |    auto    |       auto       |        
RUN-1001 : --------------------------------------------------------
RUN-1002 : start command "set_param place effort high"
RUN-1002 : start command "set_param place hfn_opt_effort high"
RUN-1002 : start command "set_param place opt_timing high"
RUN-1001 : Print Place Property
RUN-1001 : -----------------------------------------------------------
RUN-1001 :     Parameters    |  Settings  |  Default Values  |  Note  
RUN-1001 : -----------------------------------------------------------
RUN-1001 :       effort      |    high    |      medium      |   *    
RUN-1001 :   hfn_opt_effort  |    high    |      medium      |   *    
RUN-1001 :     max_fanout    |   999999   |      999999      |        
RUN-1001 :     opt_timing    |    high    |      medium      |   *    
RUN-1001 :   post_place_opt  |    auto    |       auto       |        
RUN-1001 :    pr_strategy    |     1      |        1         |        
RUN-1001 :     relaxation    |    1.00    |       1.00       |        
RUN-1001 : -----------------------------------------------------------
RUN-1002 : start command "insert_debugger ../../chip_debugger"
RUN-1002 : start command "config_chipwatcher ../../chip_debugger/user.cfg"
RUN-1002 : start command "update_timing"
RUN-1002 : start command "start_timer"
USR-1002 : Derived clock:  create_generated_clock -name {u0_clk_wize/pll_inst.clkc[0]} -source [get_ports {clk_50}] -master_clock {clk_in} -multiply_by 2.5000 -duty_cycle 50.0000 [get_pins {u0_clk_wize/pll_inst.clkc[0]}]
USR-1002 : Derived clock:  create_generated_clock -name {u0_clk_wize/pll_inst.clkc[1]} -source [get_ports {clk_50}] -master_clock {clk_in} -divide_by 2.0000 -duty_cycle 50.0000 [get_pins {u0_clk_wize/pll_inst.clkc[1]}]
USR-1002 : Derived clock:  create_generated_clock -name {u_clk_gen/u_pll_0/pll_inst.clkc[0]} -source [get_ports {clk_50}] -master_clock {clk_in} -multiply_by 2.5000 -duty_cycle 50.0000 [get_pins {u_clk_gen/u_pll_0/pll_inst.clkc[0]}]
USR-1002 : Derived clock:  create_generated_clock -name {u_clk_gen/u_pll_0/pll_inst.clkc[1]} -source [get_ports {clk_50}] -master_clock {clk_in} -multiply_by 2.5000 -duty_cycle 50.0000 [get_pins {u_clk_gen/u_pll_0/pll_inst.clkc[1]}]
USR-1002 : Derived clock:  create_generated_clock -name {u_clk_gen/u_pll_0/pll_inst.clkc[2]} -source [get_ports {clk_50}] -master_clock {clk_in} -divide_by 4.0000 -duty_cycle 50.0000 [get_pins {u_clk_gen/u_pll_0/pll_inst.clkc[2]}]
USR-1002 : Derived clock:  create_generated_clock -name {u_clk_gen/u_pll_0/pll_inst.clkc[4]} -source [get_ports {clk_50}] -master_clock {clk_in} -multiply_by 2.5000 -phase 90 -duty_cycle 50.0000 [get_pins {u_clk_gen/u_pll_0/pll_inst.clkc[4]}]
USR-8130 CRITICAL-WARNING: No clock match the pattern: u_clk_gen/u_pll_0/pll_inst.clkc\[3\].
USR-8124 CRITICAL-WARNING: Rename_clock: please specify object list.
USR-8159 CRITICAL-WARNING: Command rename_clock -name {pll_inst_25M} [get_clocks {u_clk_gen/u_pll_0/pll_inst.clkc[3]}] in C:/Users/Neko/Documents/FPGA/hand_cnn/lab_ex_2_CNN/UDP_EG4_6.2/source_code/constraints/UDP.sdc(8) fails.
TMR-2502 : Net delay update with mode: Synthesized
RUN-1003 : finish command "update_timing" in  1.253791s wall, 1.234375s user + 0.000000s system = 1.234375s CPU (98.5%)

RUN-1004 : used memory is 268 MB, reserved memory is 262 MB, peak memory is 268 MB
KIT-1004 : chipwatcher: sanity check successfully
KIT-1004 : Chipwatcher code = 0110111011110010
KIT-1004 : import watcher inst auto_created_cwc1 completed, there are 7 view node(s), 21 trigger net(s), 21 data net(s).
KIT-1004 : import watcher inst auto_created_cwc2 completed, there are 12 view node(s), 54 trigger net(s), 54 data net(s).
RUN-1003 : finish command "config_chipwatcher ../../chip_debugger/user.cfg" in  1.254771s wall, 1.234375s user + 0.000000s system = 1.234375s CPU (98.4%)

RUN-1004 : used memory is 268 MB, reserved memory is 262 MB, peak memory is 268 MB
RUN-1002 : start command "compile_watcher"
KIT-1004 : Ooc flow for module top_debug_hub is running...
RUN-1002 : start command "import_db -mode ooc cw/debug_hub/top_debug_hub_ooc.db"
USR-1600 : Load OOC design OOC Model: top_debug_hub .
RUN-1001 : Import OOC design success TD_VERSION=6.2.168116 , DB_VERSION=46207
KIT-1004 : Ooc flow for module auto_created_cwc1 is running...
RUN-1002 : start command "import_db -mode ooc cw/auto_created_cwc1/auto_created_cwc1_ooc.db"
USR-1600 : Load OOC design OOC Model: auto_created_cwc1 .
RUN-1001 : Import OOC design success TD_VERSION=6.2.168116 , DB_VERSION=46207
KIT-5610 WARNING: compile chipwatcher: reassign: use following clock net u4_trimac_block/rx_clk instead of phy1_rgmii_rx_clk_dup_1.
KIT-1004 : Ooc flow for module auto_created_cwc2 is running...
RUN-1002 : start command "import_db -mode ooc cw/auto_created_cwc2/auto_created_cwc2_ooc.db"
USR-1600 : Load OOC design OOC Model: auto_created_cwc2 .
RUN-1001 : Import OOC design success TD_VERSION=6.2.168116 , DB_VERSION=46207
RUN-1003 : finish command "compile_watcher" in  4.645047s wall, 0.125000s user + 0.078125s system = 0.203125s CPU (4.4%)

RUN-1004 : used memory is 299 MB, reserved memory is 316 MB, peak memory is 299 MB
RUN-1002 : start command "pack -eco"
SYN-4002 : Packing 0 DFF/LATCH to SEQ ...
RUN-1002 : start command "legalize_phy_inst"
SYN-1001 : Stage 1 | Legalize Phy Inst
SYN-1011 : Flatten model UDP_Example_Top
SYN-1001 : End Stage 1 | Legalize Phy Inst; Time: 0.025834s wall, 0.015625s user + 0.015625s system = 0.031250s CPU (121.0%); Memory(MB): used = 299, reserved = 316, peak = 299;

RUN-1003 : finish command "insert_debugger ../../chip_debugger" in  5.934514s wall, 1.390625s user + 0.093750s system = 1.484375s CPU (25.0%)

RUN-1004 : used memory is 299 MB, reserved memory is 316 MB, peak memory is 299 MB
RUN-1002 : start command "place"
RUN-1001 : Open license file D:/Anlogic/TD_6.2.1_Engineer_6.2.168.116/license/Anlogic.lic
PHY-3001 : Placer runs in 12 thread(s) with high effort.
PHY-1001 : Stage 1 | Initialize Design
PHY-1001 : Stage 1.1 | Build Design
PHY-1001 : 4691 luts, 7506 seqs, 402 mslices, 183 lslices, 36 pads, 34 brams, 1 dsps
RUN-1002 : start command "legalize_phy_inst"
SYN-1011 : Flatten model UDP_Example_Top
PHY-1001 : Remove keep and sweep redundant instances ...
PHY-1001 : 4691 luts, 7047 seqs, 402 mslices, 66 lslices, 36 pads, 34 brams, 1 dsps
PHY-1001 : End Stage 1.1 | Build Design; Time: 0.071934s wall, 0.062500s user + 0.000000s system = 0.062500s CPU (86.9%); Memory(MB): used = 299, reserved = 316, peak = 299;

PHY-1001 : Stage 1.2 | Optimize Design
OPT-1001 : Stage 1.2.1 | Simplify Lut
OPT-1001 : End Stage 1.2.1 | Simplify Lut; Time: 0.011884s wall, 0.000000s user + 0.015625s system = 0.015625s CPU (131.5%); Memory(MB): used = 299, reserved = 316, peak = 299;

OPT-1001 : Stage 1.2.2 | Sweep
OPT-1001 : End Stage 1.2.2 | Sweep; Time: 0.004954s wall, 0.000000s user + 0.000000s system = 0.000000s CPU (n/a%); Memory(MB): used = 299, reserved = 316, peak = 299;

OPT-1001 : Stage 1.2.3 | Synthesize High-fanout Net
OPT-1001 : Current memory(MB): used = 299, reserved = 316, peak = 299.
OPT-1001 : End Stage 1.2.3 | Synthesize High-fanout Net; Time: 0.000048s wall, 0.000000s user + 0.000000s system = 0.000000s CPU (n/a%); Memory(MB): used = 299, reserved = 316, peak = 299;

OPT-1001 : End physical optimization;  0.017064s wall, 0.000000s user + 0.015625s system = 0.015625s CPU (91.6%)

PHY-1001 : End Stage 1.2 | Optimize Design; Time: 0.017132s wall, 0.000000s user + 0.015625s system = 0.015625s CPU (91.2%); Memory(MB): used = 299, reserved = 316, peak = 299;

PHY-1001 : Stage 1.3 | Initialize Clock
SYN-4016 : Net u2_hdmi_tx/Inst_DVITransmitter/PCLK_X5_I driven by BUFG (58 clock/control pins, 1 other pins).
SYN-4016 : Net u4_trimac_block/rx_clk driven by BUFG (1073 clock/control pins, 0 other pins).
SYN-4016 : Net temac_clk driven by BUFG (1958 clock/control pins, 1 other pins).
SYN-4027 : Net u2_hdmi_tx/Inst_DVITransmitter/PCLK_I is clkc1 of pll u0_clk_wize/pll_inst.
SYN-4019 : Net clk_50_dup_1 is refclk of pll u0_clk_wize/pll_inst.
SYN-4020 : Net clk_50_dup_1 is fbclk of pll u0_clk_wize/pll_inst.
SYN-4027 : Net udp_clk is clkc1 of pll u_clk_gen/u_pll_0/pll_inst.
SYN-4027 : Net cam_xclk_dup_1 is clkc2 of pll u_clk_gen/u_pll_0/pll_inst.
SYN-4027 : Net u4_trimac_block/u1_rgmii_interface/rgmii_txc_ddr/clk is clkc4 of pll u_clk_gen/u_pll_0/pll_inst.
SYN-4019 : Net clk_50_dup_1 is refclk of pll u_clk_gen/u_pll_0/pll_inst.
SYN-4020 : Net clk_50_dup_1 is fbclk of pll u_clk_gen/u_pll_0/pll_inst.
SYN-4024 : Net "cwc_jtck" drives clk pins.
SYN-4025 : Tag rtl::Net cam_xclk_dup_1 as clock net
SYN-4025 : Tag rtl::Net clk_50_dup_1 as clock net
SYN-4025 : Tag rtl::Net cwc_jtck as clock net
SYN-4025 : Tag rtl::Net temac_clk as clock net
SYN-4025 : Tag rtl::Net u2_hdmi_tx/Inst_DVITransmitter/PCLK_I as clock net
SYN-4025 : Tag rtl::Net u2_hdmi_tx/Inst_DVITransmitter/PCLK_X5_I as clock net
SYN-4025 : Tag rtl::Net u4_trimac_block/rx_clk as clock net
SYN-4025 : Tag rtl::Net u4_trimac_block/u1_rgmii_interface/rgmii_txc_ddr/clk as clock net
SYN-4025 : Tag rtl::Net udp_clk as clock net
SYN-4026 : Tagged 9 rtl::Net as clock net
SYN-4015 : Create BUFG instance for clk Net cwc_jtck to drive 976 clock pins.
PHY-1001 : Populate physical database on model UDP_Example_Top.
RUN-1001 : There are total 12289 instances
RUN-0007 : 4689 luts, 7047 seqs, 402 mslices, 66 lslices, 36 pads, 34 brams, 1 dsps
RUN-1001 : There are total 13088 nets
RUN-1001 : 9605 nets have 2 pins
RUN-1001 : 2672 nets have [3 - 5] pins
RUN-1001 : 485 nets have [6 - 10] pins
RUN-1001 : 180 nets have [11 - 20] pins
RUN-1001 : 118 nets have [21 - 99] pins
RUN-1001 : 28 nets have 100+ pins
PHY-1001 : End Stage 1.3 | Initialize Clock; Time: 0.025304s wall, 0.031250s user + 0.000000s system = 0.031250s CPU (123.5%); Memory(MB): used = 309, reserved = 316, peak = 309;

PHY-1001 : End Stage 1 | Initialize Design; Time: 0.125922s wall, 0.109375s user + 0.015625s system = 0.125000s CPU (99.3%); Memory(MB): used = 309, reserved = 316, peak = 309;

PHY-1001 : Stage 2 | Global Placement
RUN-1001 : Report Control nets information:
RUN-1001 : DFF Distribution
RUN-1001 : -------------------------------------
RUN-1001 :   CE   |  SSR  |  ASR  |  DFF Count  
RUN-1001 : -------------------------------------
RUN-1001 :   No   |  No   |  No   |    1583     
RUN-1001 :   No   |  No   |  Yes  |    1174     
RUN-1001 :   No   |  Yes  |  No   |     71      
RUN-1001 :   Yes  |  No   |  No   |     186     
RUN-1001 :   Yes  |  No   |  Yes  |    3600     
RUN-1001 :   Yes  |  Yes  |  No   |     433     
RUN-1001 : -------------------------------------
RUN-1001 : Control Group Statistic
RUN-1001 : -----------------------------
RUN-1001 :   #CLK  |  #CE  |  #SSR/ASR  
RUN-1001 : -----------------------------
RUN-1001 :    6    |  164  |     23     
RUN-1001 : -----------------------------
RUN-0007 : Control Set = 194
PHY-1001 : Stage 2.1 | Place Fixed Instances
PHY-1001 : End Stage 2.1 | Place Fixed Instances; Time: 0.040784s wall, 0.031250s user + 0.000000s system = 0.031250s CPU (76.6%); Memory(MB): used = 319, reserved = 316, peak = 319;

PHY-1001 : Stage 2.2 | Pre-Place DRC Check
PHY-1001 : Stage 2.2.1 | Force Route Constraint Check
PHY-1001 : Check Pass.
PHY-1001 : End Stage 2.2.1 | Force Route Constraint Check; Time: 0.000639s wall, 0.000000s user + 0.000000s system = 0.000000s CPU (n/a%); Memory(MB): used = 319, reserved = 316, peak = 319;

PHY-1001 : End Stage 2.2 | Pre-Place DRC Check; Time: 0.000665s wall, 0.000000s user + 0.000000s system = 0.000000s CPU (n/a%); Memory(MB): used = 319, reserved = 316, peak = 319;

PHY-1001 : Stage 2.3 | Global Placement Step 1
PHY-3001 : Target density is 36%
PHY-1001 : Stage 2.3.1 | Update Timing
RUN-1002 : start command "start_timer"
PHY-1001 : SWNS: -505, STNS: -68308, FEP: 490
PHY-1001 : End Stage 2.3.1 | Update Timing; Time: 0.955345s wall, 0.890625s user + 0.046875s system = 0.937500s CPU (98.1%); Memory(MB): used = 356, reserved = 348, peak = 356;

PHY-0007 : Cell area utilization is 36%
RUN-1001 : Huge Net Statistic
RUN-1001 : ---------------------------------------------
RUN-1001 :   Fanout  |  Slack  |          Net           
RUN-1001 : ---------------------------------------------
RUN-1001 :    2929   |  1211   |  u7_rx_fifo/wr_sreset  
RUN-1001 : ---------------------------------------------
PHY-3001 : Clustering ...
PHY-3001 : End clustering;  0.035887s wall, 0.046875s user + 0.000000s system = 0.046875s CPU (130.6%)

PHY-3001 : Target density is 36%
PHY-1001 : Stage 2.3.2 | GP Iteration
PHY-1001 : End Stage 2.3.2 | GP Iteration; Time: 0.449687s wall, 1.281250s user + 0.765625s system = 2.046875s CPU (455.2%); Memory(MB): used = 361, reserved = 352, peak = 361;

PHY-3001 : Multithread accelerating rate: 4.26
TMR-2502 : Net delay update with mode: Placed
PHY-3001 : No need to merge 9x9 Dsps.
PHY-1001 : Populate physical database on model UDP_Example_Top.
PHY-1001 : End Stage 2.3 | Global Placement Step 1; Time: 2.247422s wall, 2.921875s user + 0.890625s system = 3.812500s CPU (169.6%); Memory(MB): used = 361, reserved = 352, peak = 361;

PHY-1001 : Stage 2.4 | RAM/DSP Legalization and Detailed Placement
PHY-1001 : Stage 2.4.1 | Legalization
PHY-3001 : Before Legalized: Len = 266842
PHY-3001 : After Legalized: Len = 279900, Over = 9.09375
PHY-1001 : End Stage 2.4.1 | Legalization; Time: 0.745347s wall, 0.640625s user + 0.078125s system = 0.718750s CPU (96.4%); Memory(MB): used = 361, reserved = 352, peak = 361;

PHY-1001 : End Stage 2.4 | RAM/DSP Legalization and Detailed Placement; Time: 0.745606s wall, 0.640625s user + 0.078125s system = 0.718750s CPU (96.4%); Memory(MB): used = 361, reserved = 352, peak = 361;

PHY-1001 : Stage 2.5 | Global Placement Step 2
PHY-3001 : Target density is 43%
PHY-1001 : Stage 2.5.1 | Update Timing
PHY-1001 : SWNS: 1443, STNS: 0, FEP: 0
PHY-1001 : End Stage 2.5.1 | Update Timing; Time: 0.060944s wall, 0.062500s user + 0.000000s system = 0.062500s CPU (102.6%); Memory(MB): used = 361, reserved = 352, peak = 361;

PHY-1001 : Stage 2.5.2 | Refresh Congestion
RUN-1001 : Generating global routing grids ...
RUN-1001 : Building simple global routing graph ...
PHY-1001 : Generate routing nets ...
PHY-1001 : Reuse net number 0/4186.
PHY-1001 : Global iterations in 12 thread ...
PHY-1002 : len = 318992, over cnt = 833(2%), over = 3680, worst = 43
PHY-1001 : End global iterations;  0.209634s wall, 0.265625s user + 0.078125s system = 0.343750s CPU (164.0%)

PHY-1001 : Congestion index:
PHY-1001 : top1  = 66.45(S 94.83, N 118.21, E 114.12, W 61.55, I 0.00, O 0.00)
PHY-1001 : top5  = 44.27(S 61.61, N 71.19, E 66.93, W 38.70, I 0.00, O 0.00)
PHY-1001 : top10 = 35.84(S 47.66, N 53.51, E 49.89, W 30.04, I 0.00, O 0.00)
PHY-1001 : top15 = 30.89(S 39.76, N 43.83, E 41.29, W 25.12, I 0.00, O 0.00)
PHY-1001 : End Stage 2.5.2 | Refresh Congestion; Time: 0.284521s wall, 0.312500s user + 0.093750s system = 0.406250s CPU (142.8%); Memory(MB): used = 397, reserved = 389, peak = 397;

PHY-1001 : Stage 2.5.3 | GP Iteration
PHY-1001 : End Stage 2.5.3 | GP Iteration; Time: 0.918936s wall, 3.296875s user + 0.843750s system = 4.140625s CPU (450.6%); Memory(MB): used = 397, reserved = 389, peak = 397;

PHY-3001 : Multithread accelerating rate: 4.49
PHY-1001 : End Stage 2.5 | Global Placement Step 2; Time: 2.034464s wall, 4.406250s user + 0.953125s system = 5.359375s CPU (263.4%); Memory(MB): used = 399, reserved = 390, peak = 399;

PHY-1001 : Stage 2.6 | RAM/DSP Detailed Placement
PHY-1001 : End Stage 2.6 | RAM/DSP Detailed Placement; Time: 0.005337s wall, 0.015625s user + 0.000000s system = 0.015625s CPU (292.8%); Memory(MB): used = 399, reserved = 390, peak = 399;

PHY-1001 : Stage 2.7 | Optimize Design
OPT-1001 : Start physical optimization ...
OPT-1001 : Total overflow 234.66 peak overflow 3.38
OPT-1001 : Stage 2.7.1 | Synthesize High-fanout Net
OPT-1001 : Start high-fanout net optimization in pre-pack flow with high effort ...
OPT-1001 : Update timing in Manhattan mode
OPT-1001 : End timing update;  0.710286s wall, 0.609375s user + 0.093750s system = 0.703125s CPU (99.0%)

OPT-1001 : Start: SWNS 1584 STNS 0 NUM_FEPS 0
OPT-1001 : Total overflow 234.66 peak overflow 3.38
PHY-1001 : Populate physical database on model UDP_Example_Top.
OPT-1001 : 33 high-fanout net processed.
PHY-3001 : Start incremental placement ...
PHY-1001 : Populate physical database on model UDP_Example_Top.
PHY-3001 : Target density is 43%
PHY-3001 : Target density is 43%
PHY-1001 : Stage 2.7.1.1 | Update Timing
PHY-1001 : SWNS: 878, STNS: 0, FEP: 0
PHY-1001 : End Stage 2.7.1.1 | Update Timing; Time: 0.075824s wall, 0.078125s user + 0.000000s system = 0.078125s CPU (103.0%); Memory(MB): used = 403, reserved = 395, peak = 403;

PHY-1001 : Stage 2.7.1.2 | Refresh Congestion
RUN-1001 : Generating global routing grids ...
PHY-1001 : Generate routing nets ...
PHY-1001 : Reuse net number 81/10998.
PHY-1001 : Global iterations in 12 thread ...
PHY-1002 : len = 415472, over cnt = 1538(4%), over = 5085, worst = 26
PHY-1001 : End global iterations;  0.360527s wall, 0.593750s user + 0.031250s system = 0.625000s CPU (173.4%)

PHY-1001 : Congestion index:
PHY-1001 : top1  = 55.97(S 86.81, N 113.62, E 114.14, W 55.45, I 0.00, O 0.00)
PHY-1001 : top5  = 44.45(S 60.68, N 70.62, E 75.14, W 42.18, I 0.00, O 0.00)
PHY-1001 : top10 = 38.71(S 49.08, N 56.16, E 59.97, W 35.39, I 0.00, O 0.00)
PHY-1001 : top15 = 35.15(S 42.65, N 48.34, E 51.61, W 31.44, I 0.00, O 0.00)
PHY-1001 : End Stage 2.7.1.2 | Refresh Congestion; Time: 0.434576s wall, 0.671875s user + 0.031250s system = 0.703125s CPU (161.8%); Memory(MB): used = 410, reserved = 402, peak = 410;

PHY-1001 : Stage 2.7.1.3 | GP Iteration
PHY-1001 : End Stage 2.7.1.3 | GP Iteration; Time: 0.379566s wall, 2.078125s user + 0.265625s system = 2.343750s CPU (617.5%); Memory(MB): used = 411, reserved = 402, peak = 411;

PHY-3001 : Multithread accelerating rate: 6.15
PHY-3001 : Final: Len = 329027, Over = 32.2812
PHY-3001 : End incremental placement;  1.015364s wall, 2.953125s user + 0.296875s system = 3.250000s CPU (320.1%)

OPT-1001 : Total overflow 259.72 peak overflow 2.62
RUN-1001 : HFN opt statistic
RUN-1001 : ------------------------------------------------------
RUN-1001 :   DriverCell type  |  HFN count  |  Duplicated count  
RUN-1001 : ------------------------------------------------------
RUN-1001 :         REG        |     16      |         87         
RUN-1001 :        LUT6        |      0      |         0          
RUN-1001 :        LUT5        |      3      |         9          
RUN-1001 :        LUT4        |      5      |         17         
RUN-1001 :        LUT3        |      4      |        156         
RUN-1001 :        LUT2        |      5      |         18         
RUN-1001 :        TOTAL       |     33      |        287         
RUN-1001 : ------------------------------------------------------
OPT-1001 : End high-fanout net optimization;  3.049200s wall, 4.796875s user + 0.468750s system = 5.265625s CPU (172.7%)

OPT-1001 : Update timing in Manhattan mode
OPT-1001 : End timing update;  0.818110s wall, 0.781250s user + 0.015625s system = 0.796875s CPU (97.4%)

OPT-1001 : Current memory(MB): used = 411, reserved = 402, peak = 411.
OPT-1001 : End Stage 2.7.1 | Synthesize High-fanout Net; Time: 3.938812s wall, 5.656250s user + 0.484375s system = 6.140625s CPU (155.9%); Memory(MB): used = 411, reserved = 402, peak = 411;

OPT-1001 : Stage 2.7.2 | Optimize Bottleneck
OPT-1001 : Start bottleneck based optimization ...
OPT-0007 : Start: SWNS 1643 STNS 0 NUM_FEPS 0
OPT-1001 : Start congestion update ...
RUN-1001 : Generating global routing grids ...
PHY-1001 : Generate routing nets ...
PHY-1001 : Reuse net number 2058/10599.
PHY-1001 : Global iterations in 12 thread ...
PHY-1002 : len = 388912, over cnt = 1260(3%), over = 2842, worst = 13
PHY-1002 : len = 406600, over cnt = 802(2%), over = 1457, worst = 10
PHY-1002 : len = 415592, over cnt = 438(1%), over = 811, worst = 9
PHY-1002 : len = 424504, over cnt = 126(0%), over = 228, worst = 9
PHY-1002 : len = 428376, over cnt = 30(0%), over = 47, worst = 4
PHY-1001 : End global iterations;  0.718208s wall, 0.859375s user + 0.046875s system = 0.906250s CPU (126.2%)

PHY-1001 : Congestion index:
PHY-1001 : top1  = 43.78(S 56.92, N 61.29, E 68.62, W 42.76, I 0.00, O 0.00)
PHY-1001 : top5  = 37.79(S 45.29, N 50.31, E 55.46, W 34.74, I 0.00, O 0.00)
PHY-1001 : top10 = 33.90(S 39.71, N 43.98, E 48.28, W 30.59, I 0.00, O 0.00)
PHY-1001 : top15 = 31.43(S 36.09, N 39.81, E 43.65, W 27.98, I 0.00, O 0.00)
OPT-1001 : End congestion update;  0.858094s wall, 0.984375s user + 0.062500s system = 1.046875s CPU (122.0%)

OPT-0007 : Iter 1: improved SWNS 1643 STNS 0 NUM_FEPS 0 with 34(94) cells processed with 900 slack improved, crit_thod: 2608 ratio: 1.00(34/34) rt: 0.4s
OPT-0007 : Iter 2: improved SWNS 1643 STNS 0 NUM_FEPS 0 with 6(65) cells processed with 550 slack improved, crit_thod: 2708 ratio: 1.00(6/6) rt: 0.3s
OPT-0007 : Iter 3: improved SWNS 1643 STNS 0 NUM_FEPS 0 with 0(45) cells processed with 0 slack improved, crit_thod: 2708 ratio: -1.00(0/0) rt: 0.3s
OPT-0007 : Iter 4: improved SWNS 1643 STNS 0 NUM_FEPS 0 with 0(45) cells processed with 0 slack improved, crit_thod: 2708 ratio: -1.00(0/0) rt: 0.3s
OPT-1001 : End bottleneck based optimization;  2.238575s wall, 2.218750s user + 0.203125s system = 2.421875s CPU (108.2%)

OPT-1001 : Current memory(MB): used = 411, reserved = 402, peak = 411.
OPT-1001 : End Stage 2.7.2 | Optimize Bottleneck; Time: 2.314623s wall, 2.296875s user + 0.203125s system = 2.500000s CPU (108.0%); Memory(MB): used = 411, reserved = 402, peak = 411;

OPT-1001 : Stage 2.7.3 | Optimize Path
OPT-1001 : Start path based optimization ...
OPT-0007 : Start: SWNS 1643 STNS 0 NUM_FEPS 0 with mode 0
OPT-1001 : Start congestion update ...
RUN-1001 : Generating global routing grids ...
PHY-1001 : Generate routing nets ...
PHY-1001 : Reuse net number 10533/10605.
PHY-1001 : Global iterations in 12 thread ...
PHY-1002 : len = 427632, over cnt = 65(0%), over = 101, worst = 7
PHY-1002 : len = 428232, over cnt = 42(0%), over = 45, worst = 2
PHY-1002 : len = 428752, over cnt = 11(0%), over = 11, worst = 1
PHY-1002 : len = 428848, over cnt = 8(0%), over = 8, worst = 1
PHY-1002 : len = 429040, over cnt = 0(0%), over = 0, worst = 0
PHY-1001 : End global iterations;  0.162087s wall, 0.187500s user + 0.015625s system = 0.203125s CPU (125.3%)

PHY-1001 : Congestion index:
PHY-1001 : top1  = 43.71(S 57.09, N 60.69, E 68.36, W 43.32, I 0.00, O 0.00)
PHY-1001 : top5  = 37.79(S 45.33, N 50.27, E 55.14, W 34.83, I 0.00, O 0.00)
PHY-1001 : top10 = 33.94(S 39.72, N 44.03, E 48.21, W 30.64, I 0.00, O 0.00)
PHY-1001 : top15 = 31.45(S 36.10, N 39.87, E 43.58, W 28.00, I 0.00, O 0.00)
OPT-1001 : End congestion update;  0.323413s wall, 0.343750s user + 0.015625s system = 0.359375s CPU (111.1%)

OPT-0007 : Iter 1: improved SWNS 1643 STNS 0 NUM_FEPS 0 with 174(5938) cells and 3154(3154) paths processed with 9498 slack improved, crit_thod: 2708 ratio: 1.00(174/174) rt: 0.9s
OPT-0007 : Iter 2: improved SWNS 1643 STNS 0 NUM_FEPS 0 with 29(6578) cells and 3344(3344) paths processed with 2082 slack improved, crit_thod: 2737 ratio: 1.00(29/29) rt: 0.4s
OPT-0007 : Iter 3: improved SWNS 1643 STNS 0 NUM_FEPS 0 with 0(0) cells and 3524(3524) paths processed with 0 slack improved, crit_thod: 2758 ratio: -1.00(0/0) rt: 0.3s
OPT-1001 : End path based optimization;  1.915678s wall, 1.781250s user + 0.156250s system = 1.937500s CPU (101.1%)

OPT-1001 : Current memory(MB): used = 411, reserved = 402, peak = 411.
OPT-1001 : End Stage 2.7.3 | Optimize Path; Time: 1.987151s wall, 1.843750s user + 0.156250s system = 2.000000s CPU (100.6%); Memory(MB): used = 411, reserved = 402, peak = 411;

OPT-0007 : End flow prepack: SWNS 1643 STNS 0 NUM_FEPS 0
OPT-1001 : End physical optimization;  8.258632s wall, 9.812500s user + 0.843750s system = 10.656250s CPU (129.0%)

PHY-1001 : End Stage 2.7 | Optimize Design; Time: 8.258716s wall, 9.812500s user + 0.843750s system = 10.656250s CPU (129.0%); Memory(MB): used = 411, reserved = 402, peak = 411;

PHY-1001 : Stage 2.8 | Place Packing
PHY-1001 : Stage 2.8.1 | Packing
SYN-4007 : Packing 0 MUX to BLE ...
SYN-4008 : Packed 0 MUX and 0 SEQ to BLE.
SYN-4007 : Packing 4889 LUT to BLE ...
SYN-4008 : Packed 4889 LUT and 2948 SEQ to BLE.
SYN-4003 : Packing 4186 remaining SEQ's ...
SYN-4005 : Packed 1450 SEQ with LUT/SLICE
SYN-4006 : 575 single LUT's are left
SYN-4006 : 2736 single SEQ's are left
SYN-4011 : Packing model "UDP_Example_Top" (AL_USER_NORMAL) with 7625/8180 primitive instances ...
PHY-1001 : Populate physical database on model UDP_Example_Top.
RUN-1001 : There are total 4943 instances
RUN-1001 : 2429 mslices, 2429 lslices, 36 pads, 34 brams, 1 dsps
RUN-1001 : There are total 10554 nets
RUN-1001 : 6660 nets have 2 pins
RUN-1001 : 2763 nets have [3 - 5] pins
RUN-1001 : 640 nets have [6 - 10] pins
RUN-1001 : 292 nets have [11 - 20] pins
RUN-1001 : 185 nets have [21 - 99] pins
RUN-1001 : 14 nets have 100+ pins
PHY-3001 : Target density is 58%
RUN-1002 : start command "start_timer"
USR-1002 : Derived clock:  create_generated_clock -name {u0_clk_wize/pll_inst.clkc[0]} -source [get_ports {clk_50}] -master_clock {clk_in} -multiply_by 2.5000 -duty_cycle 50.0000 [get_pins {u0_clk_wize/pll_inst.clkc[0]}]
USR-1002 : Derived clock:  create_generated_clock -name {u0_clk_wize/pll_inst.clkc[1]} -source [get_ports {clk_50}] -master_clock {clk_in} -divide_by 2.0000 -duty_cycle 50.0000 [get_pins {u0_clk_wize/pll_inst.clkc[1]}]
USR-1002 : Derived clock:  create_generated_clock -name {u_clk_gen/u_pll_0/pll_inst.clkc[0]} -source [get_ports {clk_50}] -master_clock {clk_in} -multiply_by 2.5000 -duty_cycle 50.0000 [get_pins {u_clk_gen/u_pll_0/pll_inst.clkc[0]}]
USR-1002 : Derived clock:  create_generated_clock -name {u_clk_gen/u_pll_0/pll_inst.clkc[1]} -source [get_ports {clk_50}] -master_clock {clk_in} -multiply_by 2.5000 -duty_cycle 50.0000 [get_pins {u_clk_gen/u_pll_0/pll_inst.clkc[1]}]
USR-1002 : Derived clock:  create_generated_clock -name {u_clk_gen/u_pll_0/pll_inst.clkc[2]} -source [get_ports {clk_50}] -master_clock {clk_in} -divide_by 4.0000 -duty_cycle 50.0000 [get_pins {u_clk_gen/u_pll_0/pll_inst.clkc[2]}]
USR-1002 : Derived clock:  create_generated_clock -name {u_clk_gen/u_pll_0/pll_inst.clkc[4]} -source [get_ports {clk_50}] -master_clock {clk_in} -multiply_by 2.5000 -phase 90 -duty_cycle 50.0000 [get_pins {u_clk_gen/u_pll_0/pll_inst.clkc[4]}]
USR-8130 CRITICAL-WARNING: No clock match the pattern: u_clk_gen/u_pll_0/pll_inst.clkc\[3\].
USR-8124 CRITICAL-WARNING: Rename_clock: please specify object list.
USR-8159 CRITICAL-WARNING: Command rename_clock -name {pll_inst_25M} [get_clocks {u_clk_gen/u_pll_0/pll_inst.clkc[3]}] in C:/Users/Neko/Documents/FPGA/hand_cnn/lab_ex_2_CNN/UDP_EG4_6.2/source_code/constraints/UDP.sdc(8) fails.
RUN-1003 : finish command "start_timer" in  1.551320s wall, 1.421875s user + 0.093750s system = 1.515625s CPU (97.7%)

RUN-1004 : used memory is 415 MB, reserved memory is 407 MB, peak memory is 415 MB
PHY-1001 : End Stage 2.8.1 | Packing; Time: 3.062702s wall, 2.890625s user + 0.093750s system = 2.984375s CPU (97.4%); Memory(MB): used = 421, reserved = 411, peak = 421;

PHY-1001 : Stage 2.8.2 | Post Pack GP
PHY-3001 : Target density is 56%
PHY-3001 : Cell area utilization is 56%
PHY-3001 : After packing: Len = 339755, Over = 123.25
PHY-3001 : Target density is 56%
PHY-1001 : Stage 2.8.2.1 | Update Timing
PHY-1001 : SWNS: -2932, STNS: -25330, FEP: 15
PHY-1001 : End Stage 2.8.2.1 | Update Timing; Time: 0.063133s wall, 0.062500s user + 0.000000s system = 0.062500s CPU (99.0%); Memory(MB): used = 421, reserved = 412, peak = 421;

PHY-1001 : Stage 2.8.2.2 | Refresh Congestion
RUN-1001 : Generating global routing grids ...
PHY-1001 : Generate routing nets ...
PHY-1001 : Reuse net number 3975/8847.
PHY-1001 : Global iterations in 12 thread ...
PHY-1002 : len = 421688, over cnt = 846(2%), over = 1497, worst = 9
PHY-1002 : len = 429472, over cnt = 533(1%), over = 832, worst = 6
PHY-1002 : len = 439104, over cnt = 166(0%), over = 214, worst = 5
PHY-1002 : len = 441032, over cnt = 78(0%), over = 99, worst = 3
PHY-1002 : len = 444608, over cnt = 0(0%), over = 0, worst = 0
PHY-1001 : End global iterations;  0.563826s wall, 0.656250s user + 0.046875s system = 0.703125s CPU (124.7%)

PHY-1001 : Congestion index:
PHY-1001 : top1  = 44.63(S 58.49, N 60.52, E 65.60, W 44.14, I 0.00, O 0.00)
PHY-1001 : top5  = 38.01(S 46.95, N 49.35, E 53.61, W 35.17, I 0.00, O 0.00)
PHY-1001 : top10 = 34.03(S 40.81, N 42.77, E 46.62, W 31.06, I 0.00, O 0.00)
PHY-1001 : top15 = 31.42(S 37.01, N 38.62, E 41.88, W 28.42, I 0.00, O 0.00)
PHY-1001 : End Stage 2.8.2.2 | Refresh Congestion; Time: 0.719240s wall, 0.796875s user + 0.062500s system = 0.859375s CPU (119.5%); Memory(MB): used = 422, reserved = 413, peak = 422;

PHY-1001 : Stage 2.8.2.3 | GP Iteration
PHY-1001 : End Stage 2.8.2.3 | GP Iteration; Time: 0.328250s wall, 1.500000s user + 0.218750s system = 1.718750s CPU (523.6%); Memory(MB): used = 422, reserved = 413, peak = 422;

PHY-3001 : Multithread accelerating rate: 5.22
PHY-1001 : End Stage 2.8.2 | Post Pack GP; Time: 1.116564s wall, 2.375000s user + 0.281250s system = 2.656250s CPU (237.9%); Memory(MB): used = 422, reserved = 413, peak = 422;

PHY-1001 : End Stage 2.8 | Place Packing; Time: 4.179376s wall, 5.265625s user + 0.375000s system = 5.640625s CPU (135.0%); Memory(MB): used = 422, reserved = 413, peak = 422;

PHY-1001 : Stage 2.9 | Legalization
PHY-3001 : Before Legalized: Len = 388260
PHY-3001 : After Legalized: Len = 430208, Over = 0
PHY-1001 : End Stage 2.9 | Legalization; Time: 0.010026s wall, 0.000000s user + 0.000000s system = 0.000000s CPU (n/a%); Memory(MB): used = 422, reserved = 413, peak = 422;

PHY-1001 : Stage 2.10 | Global Placement Step 3
PHY-3001 : Target density is 56%
PHY-1001 : Stage 2.10.1 | Update Timing
PHY-1001 : SWNS: -2982, STNS: -26062, FEP: 16
PHY-1001 : End Stage 2.10.1 | Update Timing; Time: 0.762727s wall, 0.734375s user + 0.015625s system = 0.750000s CPU (98.3%); Memory(MB): used = 423, reserved = 414, peak = 423;

PHY-1001 : Stage 2.10.2 | Refresh Congestion
RUN-1001 : Generating global routing grids ...
PHY-1001 : Generate routing nets ...
PHY-1001 : Reuse net number 238/9658.
PHY-1001 : Global iterations in 12 thread ...
PHY-1002 : len = 501256, over cnt = 1135(3%), over = 2015, worst = 10
PHY-1002 : len = 513072, over cnt = 666(1%), over = 1067, worst = 8
PHY-1002 : len = 526312, over cnt = 153(0%), over = 212, worst = 5
PHY-1002 : len = 529400, over cnt = 41(0%), over = 50, worst = 4
PHY-1002 : len = 530224, over cnt = 0(0%), over = 0, worst = 0
PHY-1001 : End global iterations;  0.856614s wall, 0.906250s user + 0.015625s system = 0.921875s CPU (107.6%)

PHY-1001 : Congestion index:
PHY-1001 : top1  = 49.20(S 59.66, N 61.77, E 69.74, W 45.88, I 0.00, O 0.00)
PHY-1001 : top5  = 42.88(S 51.01, N 53.12, E 58.06, W 37.95, I 0.00, O 0.00)
PHY-1001 : top10 = 38.60(S 45.02, N 47.64, E 51.08, W 33.59, I 0.00, O 0.00)
PHY-1001 : top15 = 35.50(S 41.10, N 43.87, E 46.34, W 30.96, I 0.00, O 0.00)
PHY-1001 : End Stage 2.10.2 | Refresh Congestion; Time: 1.025365s wall, 1.093750s user + 0.015625s system = 1.109375s CPU (108.2%); Memory(MB): used = 432, reserved = 422, peak = 432;

PHY-1001 : Stage 2.10.3 | GP Iteration
PHY-1001 : End Stage 2.10.3 | GP Iteration; Time: 0.206250s wall, 0.562500s user + 0.171875s system = 0.734375s CPU (356.1%); Memory(MB): used = 432, reserved = 422, peak = 432;

PHY-3001 : Multithread accelerating rate: 3.54
PHY-3001 : Low accelerating rate: 3.54. This may happen when it is heavy-loaded.
PHY-1001 : End Stage 2.10 | Global Placement Step 3; Time: 2.015853s wall, 2.421875s user + 0.203125s system = 2.625000s CPU (130.2%); Memory(MB): used = 432, reserved = 422, peak = 432;

PHY-1001 : Stage 2.11 | Final Legalization
PHY-3001 : Before Legalized: Len = 379950
PHY-3001 : After Legalized: Len = 399136, Over = 0
PHY-1001 : End Stage 2.11 | Final Legalization; Time: 0.011574s wall, 0.015625s user + 0.000000s system = 0.015625s CPU (135.0%); Memory(MB): used = 432, reserved = 422, peak = 432;

PHY-1001 : End Stage 2 | Global Placement; Time: 19.574044s wall, 25.562500s user + 3.343750s system = 28.906250s CPU (147.7%); Memory(MB): used = 432, reserved = 422, peak = 432;

PHY-1001 : Stage 3 | Detailed Placement
PHY-1001 : Stage 3.1 | SLICE Detailed Placement
PHY-1001 : Stage 3.1.1 | Spreading
PHY-3001 : Spreading special nets. 266 overflows in 2952 tiles.
PHY-3001 : End spreading;  0.031682s wall, 0.015625s user + 0.015625s system = 0.031250s CPU (98.6%)

PHY-1001 : End Stage 3.1.1 | Spreading; Time: 0.031716s wall, 0.015625s user + 0.015625s system = 0.031250s CPU (98.5%); Memory(MB): used = 432, reserved = 423, peak = 432;

PHY-3001 : Final: Len = 404086, Over = 0
PHY-1001 : End Stage 3.1 | SLICE Detailed Placement; Time: 0.792981s wall, 0.703125s user + 0.062500s system = 0.765625s CPU (96.6%); Memory(MB): used = 432, reserved = 423, peak = 432;

PHY-3001 : BANK 5 DIFFRESISTOR:NONE VOD:350M VCM:1.2
PHY-3001 : End Detailed Place; 
PHY-1001 : Stage 3.2 | Optimize Design
OPT-1001 : Start physical optimization ...
OPT-1001 : Total overflow 0.00 peak overflow 0.00
OPT-1001 : Stage 3.2.1 | Physical Optimization
OPT-1001 : Start high-fanout net optimization in optimize equivalent flow with high effort ...
OPT-1001 : Clean unloaded insts before merging registers
PHY-1001 : Populate physical database on model UDP_Example_Top.
PHY-1001 : Populate physical database on model UDP_Example_Top.
OPT-1001 : Total overflow 0.00 peak overflow 0.00
OPT-1001 : End optimize duplicated nets. Total 153 instances are merged and 1862 sinks are reconnected,  0.131483s wall, 0.125000s user + 0.000000s system = 0.125000s CPU (95.1%)

OPT-1001 : End high-fanout net optimization;  0.131984s wall, 0.140625s user + 0.000000s system = 0.140625s CPU (106.5%)

OPT-1001 : Update timing in Manhattan mode
RUN-1002 : start command "start_timer"
OPT-1001 : End timing update;  1.135408s wall, 1.125000s user + 0.000000s system = 1.125000s CPU (99.1%)

OPT-1001 : Current memory(MB): used = 432, reserved = 423, peak = 432.
OPT-1001 : End Stage 3.2.1 | Physical Optimization; Time: 1.335738s wall, 1.328125s user + 0.000000s system = 1.328125s CPU (99.4%); Memory(MB): used = 432, reserved = 423, peak = 432;

OPT-1001 : Stage 3.2.2 | Synthesize High-fanout Net
OPT-1001 : Start high-fanout net optimization in post-pack flow with high effort ...
OPT-1001 : Start: SWNS -2832 STNS -21198 NUM_FEPS 14
OPT-1001 : Total overflow 0.00 peak overflow 0.00
PHY-1001 : Populate physical database on model UDP_Example_Top.
OPT-1001 : 15 high-fanout net processed.
OPT-1001 : Total overflow 0.00 peak overflow 0.00
RUN-1001 : HFN opt statistic
RUN-1001 : ------------------------------------------------------
RUN-1001 :   DriverCell type  |  HFN count  |  Duplicated count  
RUN-1001 : ------------------------------------------------------
RUN-1001 :       LSLICE       |      0      |         0          
RUN-1001 :       MSLICE       |      0      |         0          
RUN-1001 :        OTHER       |     15      |         96         
RUN-1001 :        TOTAL       |     15      |         96         
RUN-1001 : ------------------------------------------------------
OPT-1001 : End high-fanout net optimization;  0.886858s wall, 0.875000s user + 0.000000s system = 0.875000s CPU (98.7%)

OPT-1001 : Current memory(MB): used = 433, reserved = 423, peak = 433.
OPT-1001 : End Stage 3.2.2 | Synthesize High-fanout Net; Time: 0.973328s wall, 0.968750s user + 0.000000s system = 0.968750s CPU (99.5%); Memory(MB): used = 433, reserved = 423, peak = 433;

OPT-1001 : Stage 3.2.3 | Optimize Bottleneck
OPT-1001 : Start bottleneck based optimization ...
OPT-0007 : Start: SWNS -1132 STNS -7934 NUM_FEPS 12
OPT-1001 : Start congestion update ...
RUN-1001 : Generating global routing grids ...
PHY-1001 : Generate routing nets ...
PHY-1001 : Reuse net number 1826/9505.
PHY-1001 : Global iterations in 12 thread ...
PHY-1002 : len = 489432, over cnt = 1100(3%), over = 1896, worst = 11
PHY-1002 : len = 502856, over cnt = 576(1%), over = 815, worst = 6
PHY-1002 : len = 508728, over cnt = 255(0%), over = 360, worst = 6
PHY-1002 : len = 511392, over cnt = 119(0%), over = 161, worst = 4
PHY-1002 : len = 513168, over cnt = 0(0%), over = 0, worst = 0
PHY-1001 : End global iterations;  0.709902s wall, 0.828125s user + 0.015625s system = 0.843750s CPU (118.9%)

PHY-1001 : Congestion index:
PHY-1001 : top1  = 46.64(S 58.15, N 62.69, E 63.53, W 44.14, I 0.00, O 0.00)
PHY-1001 : top5  = 40.17(S 47.98, N 52.77, E 55.42, W 36.54, I 0.00, O 0.00)
PHY-1001 : top10 = 36.54(S 42.65, N 46.86, E 49.15, W 32.39, I 0.00, O 0.00)
PHY-1001 : top15 = 33.80(S 39.06, N 43.01, E 44.66, W 29.77, I 0.00, O 0.00)
OPT-1001 : End congestion update;  0.888560s wall, 1.000000s user + 0.015625s system = 1.015625s CPU (114.3%)

PHY-3001 : Start incremental legalization ...
PHY-1001 : Populate physical database on model UDP_Example_Top.
PHY-3001 : Target density is 50%
PHY-3001 : Target density is 57%
PHY-3001 : Initial: Len = 412285, Over = 0
PHY-3001 : End spreading;  0.027751s wall, 0.031250s user + 0.000000s system = 0.031250s CPU (112.6%)

PHY-3001 : Final: Len = 412285, Over = 0
PHY-3001 : End incremental legalization;  0.109961s wall, 0.109375s user + 0.000000s system = 0.109375s CPU (99.5%)

OPT-0007 : Iter 1: improved SWNS -1132 STNS -7934 NUM_FEPS 12 with 34(59) cells processed with 2350 slack improved, crit_thod: 445 ratio: 1.00(34/34) rt: 0.2s
OPT-0007 : Iter 2: improved SWNS -1132 STNS -7934 NUM_FEPS 12 with 0(0) cells processed with 0 slack improved, crit_thod: 445 ratio: -1.00(0/0) rt: 0.1s
OPT-0007 : Iter 3: improved SWNS -1132 STNS -7934 NUM_FEPS 12 with 0(0) cells processed with 0 slack improved, crit_thod: 445 ratio: -1.00(0/0) rt: 0.1s
OPT-1001 : End bottleneck based optimization;  1.241522s wall, 1.328125s user + 0.015625s system = 1.343750s CPU (108.2%)

OPT-1001 : Update timing in Manhattan mode
OPT-1001 : End timing update;  0.790628s wall, 0.734375s user + 0.046875s system = 0.781250s CPU (98.8%)

OPT-1001 : Current memory(MB): used = 438, reserved = 428, peak = 438.
OPT-1001 : End Stage 3.2.3 | Optimize Bottleneck; Time: 2.114929s wall, 2.125000s user + 0.078125s system = 2.203125s CPU (104.2%); Memory(MB): used = 438, reserved = 428, peak = 438;

OPT-1001 : Stage 3.2.4 | Optimize Path
OPT-1001 : Start path based optimization ...
OPT-0007 : Start: SWNS -1132 STNS -7934 NUM_FEPS 12 with mode 0
OPT-1001 : Start congestion update ...
RUN-1001 : Generating global routing grids ...
PHY-1001 : Generate routing nets ...
PHY-1001 : Reuse net number 9393/9486.
PHY-1001 : Global iterations in 12 thread ...
PHY-1002 : len = 513024, over cnt = 7(0%), over = 7, worst = 1
PHY-1002 : len = 513080, over cnt = 2(0%), over = 2, worst = 1
PHY-1002 : len = 513152, over cnt = 0(0%), over = 0, worst = 0
PHY-1001 : End global iterations;  0.078295s wall, 0.078125s user + 0.000000s system = 0.078125s CPU (99.8%)

PHY-1001 : Congestion index:
PHY-1001 : top1  = 46.64(S 58.36, N 62.69, E 63.53, W 44.22, I 0.00, O 0.00)
PHY-1001 : top5  = 40.19(S 47.99, N 52.76, E 55.42, W 36.62, I 0.00, O 0.00)
PHY-1001 : top10 = 36.54(S 42.61, N 46.84, E 49.16, W 32.42, I 0.00, O 0.00)
PHY-1001 : top15 = 33.81(S 38.99, N 42.99, E 44.66, W 29.79, I 0.00, O 0.00)
OPT-1001 : End congestion update;  0.245494s wall, 0.250000s user + 0.000000s system = 0.250000s CPU (101.8%)

PHY-3001 : Start incremental legalization ...
PHY-1001 : Populate physical database on model UDP_Example_Top.
PHY-3001 : Target density is 50%
PHY-3001 : Target density is 57%
PHY-3001 : Initial: Len = 414103, Over = 0
PHY-3001 : End spreading;  0.019627s wall, 0.015625s user + 0.000000s system = 0.015625s CPU (79.6%)

PHY-3001 : Final: Len = 414103, Over = 0
PHY-3001 : End incremental legalization;  0.105023s wall, 0.203125s user + 0.000000s system = 0.203125s CPU (193.4%)

OPT-0007 : Iter 1: improved SWNS -1132 STNS -7934 NUM_FEPS 12 with 43(383) cells and 204(204) paths processed with 13650 slack improved, crit_thod: 445 ratio: 1.00(43/43) rt: 0.2s
OPT-0007 : Iter 2: improved SWNS -1132 STNS -7934 NUM_FEPS 12 with 0(0) cells and 0(0) paths processed with 0 slack improved, crit_thod: 445 ratio: -1.00(0/0) rt: 0.0s
OPT-1001 : End path based optimization;  0.493592s wall, 0.609375s user + 0.000000s system = 0.609375s CPU (123.5%)

OPT-1001 : Update timing in Manhattan mode
OPT-1001 : End timing update;  0.816110s wall, 0.718750s user + 0.078125s system = 0.796875s CPU (97.6%)

OPT-1001 : Current memory(MB): used = 439, reserved = 430, peak = 439.
OPT-1001 : End Stage 3.2.4 | Optimize Path; Time: 1.383674s wall, 1.406250s user + 0.078125s system = 1.484375s CPU (107.3%); Memory(MB): used = 439, reserved = 430, peak = 439;

OPT-1001 : Stage 3.2.5 | Aggressive Optimization
OPT-1001 : End Stage 3.2.5 | Aggressive Optimization; Time: 0.075094s wall, 0.078125s user + 0.000000s system = 0.078125s CPU (104.0%); Memory(MB): used = 439, reserved = 430, peak = 439;

OPT-1001 : Stage 3.2.6 | Optimize Duplicated Nets
OPT-1001 : Start: WNS -132 TNS -132 NUM_FEPS 1
OPT-1001 : Clean unloaded insts before merging registers
PHY-1001 : Populate physical database on model UDP_Example_Top.
PHY-1001 : Populate physical database on model UDP_Example_Top.
OPT-1001 : Total overflow 0.00 peak overflow 0.00
OPT-1001 : End optimize duplicated nets. Total 30 instances are merged and 2034 sinks are reconnected,  0.268524s wall, 0.250000s user + 0.000000s system = 0.250000s CPU (93.1%)

OPT-1001 : Update timing in Manhattan mode
RUN-1002 : start command "start_timer"
OPT-1001 : End timing update;  1.199472s wall, 1.171875s user + 0.000000s system = 1.171875s CPU (97.7%)

OPT-1001 : Current memory(MB): used = 439, reserved = 430, peak = 439.
OPT-1001 : End Stage 3.2.6 | Optimize Duplicated Nets; Time: 1.541311s wall, 1.484375s user + 0.000000s system = 1.484375s CPU (96.3%); Memory(MB): used = 439, reserved = 430, peak = 439;

OPT-1001 : Stage 3.2.7 | Swap Pins
OPT-1001 : Start pin optimization...
OPT-1001 : skip pin optimization...
OPT-1001 : Current memory(MB): used = 439, reserved = 430, peak = 439.
OPT-1001 : End Stage 3.2.7 | Swap Pins; Time: 0.075365s wall, 0.078125s user + 0.000000s system = 0.078125s CPU (103.7%); Memory(MB): used = 439, reserved = 430, peak = 439;

OPT-0007 : End flow postpack: SWNS 268 STNS 0 NUM_FEPS 0
RUN-1001 : Generating global routing grids ...
PHY-1001 : Generate routing nets ...
PHY-1001 : Reuse net number 9322/9444.
PHY-1001 : Global iterations in 12 thread ...
PHY-1002 : len = 504616, over cnt = 125(0%), over = 132, worst = 3
PHY-1002 : len = 505384, over cnt = 66(0%), over = 67, worst = 2
PHY-1002 : len = 505968, over cnt = 12(0%), over = 12, worst = 1
PHY-1002 : len = 506080, over cnt = 6(0%), over = 6, worst = 1
PHY-1002 : len = 506176, over cnt = 0(0%), over = 0, worst = 0
PHY-1001 : End global iterations;  0.198958s wall, 0.203125s user + 0.015625s system = 0.218750s CPU (109.9%)

PHY-1001 : Congestion index:
PHY-1001 : top1  = 46.13(S 58.62, N 62.03, E 63.53, W 43.88, I 0.00, O 0.00)
PHY-1001 : top5  = 39.98(S 48.03, N 52.15, E 55.39, W 36.11, I 0.00, O 0.00)
PHY-1001 : top10 = 36.34(S 42.53, N 46.18, E 49.06, W 32.13, I 0.00, O 0.00)
PHY-1001 : top15 = 33.61(S 38.89, N 42.29, E 44.57, W 29.54, I 0.00, O 0.00)
RUN-1001 : QoR Analysis:
OPT-0007 :   SWNS 268 STNS 0 NUM_FEPS 0
RUN-1001 :   No local congestion issue, and most congested 1% tile average routing util is 45.793103
RUN-1001 :   Top critical paths
RUN-1001 :       #1 path slack 268ps with logic level 1 
RUN-1001 :       #2 path slack 318ps with logic level 1 
RUN-1001 :       #3 path slack 318ps with logic level 1 
RUN-1001 :       #4 path slack 318ps with logic level 1 
RUN-1001 :       #5 path slack 318ps with logic level 1 
RUN-1001 :       #6 path slack 318ps with logic level 1 
RUN-1001 :       #7 path slack 318ps with logic level 1 
RUN-1001 :       #8 path slack 318ps with logic level 1 
RUN-1001 :       #9 path slack 368ps with logic level 1 
RUN-1001 :       #10 path slack 368ps with logic level 1 
OPT-1001 : End physical optimization;  7.937635s wall, 7.890625s user + 0.203125s system = 8.093750s CPU (102.0%)

PHY-1001 : End Stage 3.2 | Optimize Design; Time: 7.937713s wall, 7.890625s user + 0.203125s system = 8.093750s CPU (102.0%); Memory(MB): used = 439, reserved = 430, peak = 439;

PHY-1001 : End Stage 3 | Detailed Placement; Time: 8.738629s wall, 8.593750s user + 0.265625s system = 8.859375s CPU (101.4%); Memory(MB): used = 439, reserved = 430, peak = 439;

PHY-1001 : Stage 4 | Optimize Design
PHY-3001 : Start incremental legalization ...
PHY-1001 : Populate physical database on model UDP_Example_Top.
PHY-3001 : Target density is 50%
PHY-3001 : Target density is 57%
PHY-3001 : Initial: Len = 405555, Over = 0
PHY-1001 : Stage 4.1 | Spreading
PHY-3001 : End spreading;  0.022142s wall, 0.015625s user + 0.000000s system = 0.015625s CPU (70.6%)

PHY-1001 : End Stage 4.1 | Spreading; Time: 0.022201s wall, 0.015625s user + 0.000000s system = 0.015625s CPU (70.4%); Memory(MB): used = 440, reserved = 430, peak = 440;

PHY-3001 : Final: Len = 405555, Over = 0
PHY-3001 : End incremental legalization;  0.113181s wall, 0.109375s user + 0.000000s system = 0.109375s CPU (96.6%)

RUN-1002 : start command "report_qor -step place -file place.qor"
RUN-1001 : Generating global routing grids ...
-----------------------------------------------------------
| QoR metrics               |         value               |
-----------------------------------------------------------
| Timing                    |                             |
|     Setup WNS             |          268                |
|     Setup TNS             |            0                |
|     Num of violated S-EP  |            0                |
|     FMAX                  |    10.027MHz                |
|     SWNS path clock period |     100000ps                |
|     Hold WNS              |         -111                |
|     Hold TNS              |        -6185                |
|     Num of violated H-EP  |          162                |
-----------------------------------------------------------
| Routing Resource          |                             |
|     Wire length           |       403548                |
-----------------------------------------------------------
| Utilization               |                             |
|     #slices               |         4916                |
|     slices percentage     |       50.16%                |
|     #RAMs                 |           34                |
|     #DSPs                 |            1                |
|     #DRAMHARDCON          |            0                |
-----------------------------------------------------------
| Congestion                |                             |
|     Top 1% tile util      |           42                |
|     Top 1% tile avg util  |       45.79%                |
|     Over 100% util #tile  |            0                |
-----------------------------------------------------------
Report place stage QoR done.

RUN-1003 : finish command "report_qor -step place -file place.qor" in  1.036549s wall, 0.921875s user + 0.031250s system = 0.953125s CPU (92.0%)

RUN-1004 : used memory is 440 MB, reserved memory is 430 MB, peak memory is 440 MB
PHY-1001 : End Stage 4 | Optimize Design; Time: 1.154337s wall, 1.046875s user + 0.031250s system = 1.078125s CPU (93.4%); Memory(MB): used = 440, reserved = 430, peak = 440;

PHY-1001 : Stage 5 | DRC Check
PHY-1001 : Stage 5.1 | Force Route Constraint Check
PHY-1001 : Check Pass.
PHY-1001 : End Stage 5.1 | Force Route Constraint Check; Time: 0.000704s wall, 0.000000s user + 0.000000s system = 0.000000s CPU (n/a%); Memory(MB): used = 440, reserved = 430, peak = 440;

PHY-1001 : Stage 5.2 | Duplicated SelfDriven Check
PHY-1001 : Check pass.
PHY-1001 : End Stage 5.2 | Duplicated SelfDriven Check; Time: 0.014898s wall, 0.015625s user + 0.000000s system = 0.015625s CPU (104.9%); Memory(MB): used = 440, reserved = 430, peak = 440;

PHY-1001 : Stage 5.3 | Clock Rule Check
PHY-1001 : End Stage 5.3 | Clock Rule Check; Time: 0.000412s wall, 0.000000s user + 0.000000s system = 0.000000s CPU (n/a%); Memory(MB): used = 441, reserved = 430, peak = 441;

PHY-1001 : End Stage 5 | DRC Check; Time: 0.030647s wall, 0.031250s user + 0.000000s system = 0.031250s CPU (102.0%); Memory(MB): used = 441, reserved = 430, peak = 441;

OPT-1001 : QoR tracer report on placement steps:
    SWNS [   incr ]    STNS [   incr ]    FEPS [   incr ]    CRIT [   incr ]      CELL [     incr ]        WL [     incr ]    CONG [   incr ]    PDES [   incr ]   RT(s) [   incr ]   MEM(mb) [     incr ]
       0 [      0 ]       0 [      0 ]       0 [      0 ]       0 [      0 ]     12288 [        0 ]         0 [        0 ]    0.00 [   0.00 ]       0 [      0 ]       0 [      0 ]       299 [        0 ] : preplace:simplify_lut
       0 [      0 ]       0 [      0 ]       0 [      0 ]       0 [      0 ]     12288 [        0 ]         0 [        0 ]    0.00 [   0.00 ]       0 [      0 ]       0 [      0 ]       299 [        0 ] : preplace:sweep
       0 [      0 ]       0 [      0 ]       0 [      0 ]       0 [      0 ]     12288 [        0 ]         0 [        0 ]    0.00 [   0.00 ]       0 [      0 ]       0 [      0 ]       299 [        0 ] : preplace:hfn_opt
    1443 [   1443 ]       0 [      0 ]       0 [      0 ]    3023 [   3023 ]     12289 [        1 ]    264179 [   264179 ]    0.00 [   0.00 ]       0 [      0 ]       2 [      2 ]       361 [       62 ] : step1_gp
    1443 [      0 ]       0 [      0 ]       0 [      0 ]    3042 [     19 ]     12289 [        0 ]    277454 [    13275 ]    0.00 [   0.00 ]       0 [      0 ]       3 [      1 ]       361 [        0 ] : step1_legal
    1584 [    141 ]       0 [      0 ]       0 [      0 ]    3006 [    -36 ]     12289 [        0 ]    327061 [    49607 ]   65.97 [  65.97 ]       0 [      0 ]       5 [      2 ]       399 [       38 ] : step2_gp
    1643 [     59 ]       0 [      0 ]       0 [      0 ]    3103 [     97 ]     12576 [      287 ]    326457 [     -604 ]   55.48 [ -10.48 ]       0 [      0 ]       9 [      4 ]       411 [       12 ] : prepack:hfn_opt
    1643 [      0 ]       0 [      0 ]       0 [      0 ]    3109 [      6 ]     12576 [        0 ]    327078 [      621 ]   43.41 [ -12.07 ]       0 [      0 ]      11 [      2 ]       411 [        0 ] : prepack:bn_opt
    1643 [      0 ]       0 [      0 ]       0 [      0 ]    3109 [      0 ]     12576 [        0 ]    329761 [     2683 ]   43.28 [  -0.14 ]       0 [      0 ]      13 [      2 ]       411 [        0 ] : prepack:path_opt
   -2932 [  -4575 ]  -25330 [ -25330 ]      15 [     15 ]    2844 [   -265 ]      4943 [    -7633 ]    337733 [     7972 ]   43.28 [   0.00 ]       0 [      0 ]      16 [      3 ]       421 [       10 ] : pack
   -2932 [      0 ]  -26312 [   -982 ]      16 [      1 ]    2828 [    -16 ]      4943 [        0 ]    397114 [    59381 ]   48.76 [   5.48 ]       0 [      0 ]      20 [      4 ]       432 [       11 ] : post_pack_place
   -2932 [      0 ]  -26312 [      0 ]      16 [      0 ]    2825 [     -3 ]      4943 [        0 ]    402064 [     4950 ]   48.76 [   0.00 ]       0 [      0 ]      21 [      1 ]       432 [        0 ] : post_pack_spreading
   -2832 [    100 ]  -21198 [   5114 ]      14 [     -2 ]    2873 [     48 ]      4921 [      -22 ]    387854 [   -14210 ]   48.76 [   0.00 ]       0 [      0 ]      22 [      1 ]       432 [        0 ] : postpack:optimize_equivalent_quick
   -1132 [   1700 ]   -7934 [  13264 ]      12 [     -2 ]    2795 [    -78 ]      5017 [       96 ]    410512 [    22658 ]   48.76 [   0.00 ]       0 [      0 ]      23 [      1 ]       433 [        1 ] : postpack:hfn_opt
   -1132 [      0 ]   -7934 [      0 ]      12 [      0 ]    2795 [      0 ]      5017 [        0 ]    410274 [     -238 ]   46.21 [  -2.55 ]       0 [      0 ]      25 [      2 ]       438 [        5 ] : postpack:bn_opt
    -132 [   1000 ]    -132 [   7802 ]       1 [    -11 ]    2795 [      0 ]      5017 [        0 ]    412092 [     1818 ]   46.21 [   0.00 ]       0 [      0 ]      27 [      2 ]       439 [        1 ] : postpack:path_opt
    -132 [      0 ]    -132 [      0 ]       1 [      0 ]    2795 [      0 ]      5017 [        0 ]    412092 [        0 ]   46.21 [   0.00 ]       0 [      0 ]      27 [      0 ]       439 [        0 ] : postpack:aggressive_opt
     268 [    400 ]       0 [    132 ]       0 [     -1 ]    2819 [     24 ]      5002 [      -15 ]    403548 [    -8544 ]   46.21 [   0.00 ]       0 [      0 ]      28 [      1 ]       439 [        0 ] : postpack:optimize_equivalent
     268 [      0 ]       0 [      0 ]       0 [      0 ]    2819 [      0 ]      5002 [        0 ]    403548 [        0 ]   46.21 [   0.00 ]       0 [      0 ]      28 [      0 ]       439 [        0 ] : postpack:pin_opt

RUN-1003 : finish command "place" in  30.435011s wall, 36.140625s user + 3.656250s system = 39.796875s CPU (130.8%)

RUN-1004 : used memory is 441 MB, reserved memory is 430 MB, peak memory is 441 MB
RUN-1002 : start command "update_timing -mode manhattan"
RUN-1002 : start command "start_timer"
RUN-1003 : finish command "update_timing -mode manhattan" in  1.182723s wall, 1.140625s user + 0.015625s system = 1.156250s CPU (97.8%)

RUN-1004 : used memory is 441 MB, reserved memory is 430 MB, peak memory is 441 MB
RUN-1002 : start command "report_timing_summary -file UDP_EXAMPLE_place.timing"
RUN-1002 : start command "report_area -io_info -file UDP_EXAMPLE_phy.area"
RUN-1001 : standard
***Report Model: UDP_Example_Top Device: EG4S20BG256***

IO Statistics
#IO                        32   out of    188   17.02%
  #input                    9
  #output                  23
  #inout                    0
#virtual IO                 1
  #input                    0
  #output                   0
  #inout                    0

Utilization Statistics
#lut                     6036   out of  19600   30.80%
#reg                     7251   out of  19600   36.99%
#le                      8721
  #lut only              1470   out of   8721   16.86%
  #reg only              2685   out of   8721   30.79%
  #lut&reg               4566   out of   8721   52.36%
#bram                      34   out of     64   53.12%
  #bram9k                  34
  #fifo9k                   0
#bram32k                    0   out of     16    0.00%
#dsp                        1   out of     29    3.45%
#pad                       36   out of    188   19.15%
  #ireg                     5
  #oreg                    10
  #treg                     0
#pll                        2   out of      4   50.00%
#gclk                       4   out of     16   25.00%

RUN-1002 : start command "flow_status -file place_flow.status"
Location         : C:\Users\Neko\Documents\FPGA\hand_cnn\lab_ex_2_CNN\UDP_EG4_6.2\prj\UDP_EXAMPLE\UDP_EXAMPLE_Runs\phy_1
Running with     : Tang Dynasty v6.2.168116
                   Copyright (c) 2012-2025 Anlogic Inc.
Top Model        : UDP_Example_Top
Device           : EG4S20BG256
Speed            : NA

Timing Mode      : manhattan
Setup            : WNS   268ps  TNS        0ps  NUM_FEPS     0
Hold             : WNS  -111ps  TNS    -6185ps  NUM_FEPS   162

Flow Statistics  :
RUN-1001 : Flow Statistics:
RUN-1001 : --------------------------------------------------------------------------------------------------
RUN-1001 :      command     |  #calls  |  wall time  |  cpu time(s)  |  used memory(mb)  |  peak memory(mb)  
RUN-1001 : --------------------------------------------------------------------------------------------------
RUN-1001 :       place      |    1     |  30s(100%)  |   39(100%)    |        441        |        441        
RUN-1001 :     import_db    |    4     |   0s(0%)    |     0(0%)     |        298        |        298        
RUN-1001 :   import_device  |    1     |   0s(0%)    |     0(0%)     |        86         |        86         
RUN-1001 :       pack       |    1     |   0s(0%)    |     0(0%)     |        299        |        299        
RUN-1001 : --------------------------------------------------------------------------------------------------
RUN-1001 :       total      |    7     |     30s     |      39       |        441        |        441        
RUN-1001 : --------------------------------------------------------------------------------------------------
RUN-1002 : start command "report_clock_utilization -file place_clock_utilization.txt"
RUN-1001 : Device not support command report_clock_utilization.
RUN-1002 : start command "export_db UDP_EXAMPLE_place.db"
RUN-1001 : Exported flow parameters
RUN-1001 : Exported /
RUN-1001 : Exported libs
RUN-1001 : Exported entities
RUN-1001 : Exported ports
RUN-1001 : Exported pins
RUN-1001 : Exported instances
RUN-1001 : Exported nets
RUN-1001 : Exported buses
RUN-1001 : Exported models
RUN-1001 : Exported phy database
RUN-1001 : Exported packer
RUN-1001 : Exported congestions
RUN-1001 : Exported violations
RUN-1001 : Exported ATMR Setting
RUN-1001 : Exported timing constraints
RUN-1001 : Exported IO constraints
RUN-1001 : Exported Inst constraints
RUN-1001 : Exported ChipWatcher
RUN-1002 : start command "commit_param -step route"
RUN-1001 : Print Global Property
RUN-1001 : --------------------------------------------------------
RUN-1001 :   Parameters   |  Settings  |  Default Values  |  Note  
RUN-1001 : --------------------------------------------------------
RUN-1001 :   enable_seed  |    off     |       off        |        
RUN-1001 :     message    |  standard  |     standard     |        
RUN-1001 :   qor_monitor  |     on     |        on        |        
RUN-1001 :   syn_ip_flow  |    off     |       off        |        
RUN-1001 :     thread     |    auto    |       auto       |        
RUN-1001 : --------------------------------------------------------
RUN-1001 : Print Route Property
RUN-1001 : -------------------------------------------------------
RUN-1001 :   Parameters  |  Settings  |  Default Values  |  Note  
RUN-1001 : -------------------------------------------------------
RUN-1001 :     effort    |   normal   |      normal      |        
RUN-1001 :    fix_hold   |     on     |        on        |        
RUN-1001 :     timing    |     on     |        on        |        
RUN-1001 : -------------------------------------------------------
RUN-1002 : start command "route"
RUN-1001 : Open license file D:/Anlogic/TD_6.2.1_Engineer_6.2.168.116/license/Anlogic.lic
PHY-1001 : Route runs in 12 thread(s)
RUN-1001 : There are total 5002 instances
RUN-1001 : 2437 mslices, 2479 lslices, 36 pads, 34 brams, 1 dsps
RUN-1001 : There are total 10477 nets
RUN-1001 : 6651 nets have 2 pins
RUN-1001 : 2728 nets have [3 - 5] pins
RUN-1001 : 622 nets have [6 - 10] pins
RUN-1001 : 245 nets have [11 - 20] pins
RUN-1001 : 217 nets have [21 - 99] pins
RUN-1001 : 14 nets have 100+ pins
RUN-1002 : start command "start_timer"
PHY-1001 : 2437 mslices, 2479 lslices, 36 pads, 34 brams, 1 dsps

PHY-1001 : Stage 1 | Global Routing
PHY-1001 : Start global routing, caller is route ...
RUN-1001 : Generating global routing grids ...
PHY-1001 : Generate routing nets ...
RUN-1001 : Generate nets statistics:
RUN-1001 : ----------------------------
RUN-1001 :        Type       |  Nets   
RUN-1001 : ----------------------------
RUN-1001 :   TotalRouteNets  |  10042  
RUN-1001 :   DontRouteNets   |   784   
RUN-1001 :     RouteNets     |  9258   
RUN-1001 :     RouteSinks    |  21380  
RUN-1001 : ----------------------------
PHY-1001 : Global iterations in 12 thread ...
PHY-1002 : len = 469712, over cnt = 1113(3%), over = 2043, worst = 10
PHY-1002 : len = 484616, over cnt = 580(1%), over = 859, worst = 9
PHY-1002 : len = 492024, over cnt = 223(0%), over = 332, worst = 5
PHY-1002 : len = 496664, over cnt = 0(0%), over = 0, worst = 0
PHY-1001 : End global iterations;  0.613998s wall, 0.875000s user + 0.015625s system = 0.890625s CPU (145.1%)

PHY-1001 : Congestion index:
PHY-1001 : top1  = 46.15(S 56.14, N 62.13, E 63.19, W 44.72, I 0.00, O 0.00)
PHY-1001 : top5  = 39.55(S 46.76, N 52.46, E 55.61, W 36.31, I 0.00, O 0.00)
PHY-1001 : top10 = 35.84(S 41.41, N 46.26, E 49.44, W 31.84, I 0.00, O 0.00)
PHY-1001 : top15 = 33.21(S 37.96, N 42.28, E 44.71, W 29.35, I 0.00, O 0.00)
PHY-1001 : End global routing;  0.799106s wall, 1.046875s user + 0.015625s system = 1.062500s CPU (133.0%)

PHY-1001 : End Stage 1 | Global Routing; Time: 0.799143s wall, 1.046875s user + 0.015625s system = 1.062500s CPU (133.0%); Memory(MB): used = 458, reserved = 559, peak = 458;

PHY-1001 : Stage 2 | Detail Routing
PHY-1001 : Stage 2.1 | Build Routing Design
PHY-1001 : Routing in high effort: false
PHY-1001 : Routing Mode: normal
PHY-1001 : Generate detailed routing grids ...
PHY-1001 : End build routing graph; 1.763820s wall, 1.703125s user + 0.031250s system = 1.734375s CPU (98.3%)

PHY-1001 : Generate nets ...
PHY-1001 : net cam_xclk_dup_1 will be routed on clock mesh
PHY-1001 : net clk_50_dup_1 will be routed on clock mesh
PHY-1001 : clock net temac_clk will be merged with clock u_clk_gen/u_pll_0/clk0_buf
PHY-1001 : net udp_clk will be routed on clock mesh
PHY-1001 : net u2_hdmi_tx/Inst_DVITransmitter/PCLK_I will be routed on clock mesh
PHY-1001 : clock net u2_hdmi_tx/Inst_DVITransmitter/PCLK_X5_I will be merged with clock u0_clk_wize/clk0_buf
PHY-1001 : clock net cwc_jtck_syn_2 will be merged with clock cwc_jtck
PHY-1001 : clock net u4_trimac_block/rx_clk will be merged with clock phy1_rgmii_rx_clk_dup_1
PHY-1001 : net u4_trimac_block/u1_rgmii_interface/rgmii_txc_ddr/clk will be routed on clock mesh
RUN-1001 : Generate nets statistics:
RUN-1001 : ------------------------------
RUN-1001 :         Type        |  Nets   
RUN-1001 : ------------------------------
RUN-1001 :        Route        |  10042  
RUN-1001 :      DontRoute      |   435   
RUN-1001 :      RouteSinks     |  33785  
RUN-1001 :   RouteEntitySinks  |    0    
RUN-1001 :       Lut2Dff       |    0    
RUN-1001 :       Ram2Dff       |    0    
RUN-1001 :      Carry2Dff      |    0    
RUN-1001 : ------------------------------
RUN-1001 : DR clock net summary:
RUN-1001 : -----------------------------------------------------------------------------------
RUN-1001 :   Net Idx  |                        Net Name                        |  Clock Type  
RUN-1001 : -----------------------------------------------------------------------------------
RUN-1001 :      1     |                     cam_xclk_dup_1                     |    Normal    
RUN-1001 :      2     |                      clk_50_dup_1                      |    Normal    
RUN-1001 :      3     |                     cwc_jtck_syn_2                     |    Normal    
RUN-1001 :      4     |                       temac_clk                        |    Normal    
RUN-1001 :      5     |         u2_hdmi_tx/Inst_DVITransmitter/PCLK_I          |    Normal    
RUN-1001 :      6     |        u2_hdmi_tx/Inst_DVITransmitter/PCLK_X5_I        |    Normal    
RUN-1001 :      7     |                 u4_trimac_block/rx_clk                 |    Normal    
RUN-1001 :      8     |  u4_trimac_block/u1_rgmii_interface/rgmii_txc_ddr/clk  |    Normal    
RUN-1001 :      9     |                        udp_clk                         |    Normal    
RUN-1001 : -----------------------------------------------------------------------------------
RUN-1001 : DR clock buffer summary:
RUN-1001 : ----------------
RUN-1001 :   Idx  |  Name  
RUN-1001 : ----------------
RUN-1001 : ----------------
PHY-1001 : End Stage 2.1 | Build Routing Design; Time: 1.992828s wall, 1.921875s user + 0.046875s system = 1.968750s CPU (98.8%); Memory(MB): used = 715, reserved = 705, peak = 715;

RUN-1001 : Top Percentage Crit. Net Stat.
RUN-1001 : -------------------------------------------------------
RUN-1001 :   Top %  |  Net Count  |  Avg. Fanout  |  Avg. Slack   
RUN-1001 : -------------------------------------------------------
RUN-1001 :     1    |     104     |   4.961538    |  422.394231   
RUN-1001 :     2    |     209     |   2.971292    |  440.688995   
RUN-1001 :     3    |     314     |   3.767516    |  881.127389   
RUN-1001 :     4    |     419     |   4.348449    |  1321.976134  
RUN-1001 :     5    |     523     |   4.164436    |  1608.810707  
RUN-1001 :     6    |     628     |   4.063694    |  1819.404459  
RUN-1001 :     7    |     733     |   3.920873    |  1983.748977  
RUN-1001 :     8    |     838     |   3.784010    |  2118.497613  
RUN-1001 :     9    |     942     |   3.890658    |  2233.924628  
RUN-1001 :    10    |    1047     |   3.926457    |  2337.375358  
RUN-1001 : -------------------------------------------------------
PHY-1001 : Stage 2.2 | Clock Nets Routing
PHY-1001 : Routed 0% nets.
PHY-1001 : len = 216312, over cnt = 0(0%), over = 0, worst = 0, crit = 0
PHY-1001 : End Stage 2.2 | Clock Nets Routing; Time: 4.239600s wall, 3.968750s user + 0.187500s system = 4.156250s CPU (98.0%); Memory(MB): used = 744, reserved = 734, peak = 744;

PHY-1001 : Stage 2.3 | Routing Initialization
PHY-1001 : Mark 1% net(place mode slack < 445ps) as critical nets.
PHY-1001 : Stage 2.3.1 | Normal Nets Routing
PHY-1001 : Routed 95% nets.
PHY-1001 : len = 899512, over cnt = 833(0%), over = 835, worst = 2, crit = 0
PHY-1001 : End Stage 2.3.1 | Normal Nets Routing; Time: 8.340089s wall, 16.859375s user + 0.765625s system = 17.625000s CPU (211.3%); Memory(MB): used = 751, reserved = 741, peak = 751;

PHY-1001 : Stage 2.3.2 | Update Timing
RUN-1002 : start command "start_timer"
USR-1002 : Derived clock:  create_generated_clock -name {u0_clk_wize/pll_inst.clkc[0]} -source [get_ports {clk_50}] -master_clock {clk_in} -multiply_by 2.5000 -duty_cycle 50.0000 [get_pins {u0_clk_wize/pll_inst.clkc[0]}]
USR-1002 : Derived clock:  create_generated_clock -name {u0_clk_wize/pll_inst.clkc[1]} -source [get_ports {clk_50}] -master_clock {clk_in} -divide_by 2.0000 -duty_cycle 50.0000 [get_pins {u0_clk_wize/pll_inst.clkc[1]}]
USR-1002 : Derived clock:  create_generated_clock -name {u_clk_gen/u_pll_0/pll_inst.clkc[0]} -source [get_ports {clk_50}] -master_clock {clk_in} -multiply_by 2.5000 -duty_cycle 50.0000 [get_pins {u_clk_gen/u_pll_0/pll_inst.clkc[0]}]
USR-1002 : Derived clock:  create_generated_clock -name {u_clk_gen/u_pll_0/pll_inst.clkc[1]} -source [get_ports {clk_50}] -master_clock {clk_in} -multiply_by 2.5000 -duty_cycle 50.0000 [get_pins {u_clk_gen/u_pll_0/pll_inst.clkc[1]}]
USR-1002 : Derived clock:  create_generated_clock -name {u_clk_gen/u_pll_0/pll_inst.clkc[2]} -source [get_ports {clk_50}] -master_clock {clk_in} -divide_by 4.0000 -duty_cycle 50.0000 [get_pins {u_clk_gen/u_pll_0/pll_inst.clkc[2]}]
USR-1002 : Derived clock:  create_generated_clock -name {u_clk_gen/u_pll_0/pll_inst.clkc[4]} -source [get_ports {clk_50}] -master_clock {clk_in} -multiply_by 2.5000 -phase 90 -duty_cycle 50.0000 [get_pins {u_clk_gen/u_pll_0/pll_inst.clkc[4]}]
USR-8130 CRITICAL-WARNING: No clock match the pattern: u_clk_gen/u_pll_0/pll_inst.clkc\[3\].
USR-8124 CRITICAL-WARNING: Rename_clock: please specify object list.
USR-8159 CRITICAL-WARNING: Command rename_clock -name {pll_inst_25M} [get_clocks {u_clk_gen/u_pll_0/pll_inst.clkc[3]}] in C:/Users/Neko/Documents/FPGA/hand_cnn/lab_ex_2_CNN/UDP_EG4_6.2/source_code/constraints/UDP.sdc(8) fails.
RUN-1003 : finish command "start_timer" in  1.405016s wall, 1.359375s user + 0.046875s system = 1.406250s CPU (100.1%)

RUN-1004 : used memory is 752 MB, reserved memory is 741 MB, peak memory is 752 MB
TMR-2502 : Net delay update with mode: Routed
PHY-1001 : 676/10042(6%) critical/total net(s).
PHY-1001 : Setup: WNS(ns) = -2.126, TNS(ns) = -463.937, FEP = 923 | Hold: WNS(ns) = -0.089, TNS(ns) = -0.116, FEP = 4.
PHY-1001 : End Stage 2.3.2 | Update Timing; Time: 2.524159s wall, 2.406250s user + 0.078125s system = 2.484375s CPU (98.4%); Memory(MB): used = 759, reserved = 748, peak = 759;

PHY-1001 : End Stage 2.3 | Routing Initialization; Time: 10.902490s wall, 19.296875s user + 0.843750s system = 20.140625s CPU (184.7%); Memory(MB): used = 759, reserved = 748, peak = 759;

PHY-1001 : Stage 2.4 | Routing Optimization
PHY-1001 : Build lut bridge;  0.062295s wall, 0.062500s user + 0.000000s system = 0.062500s CPU (100.3%)

PHY-1001 : Stage 2.4.1 | Phase 1
PHY-1001 : Stage 2.4.1.1 | Setup TimeOptimization
PHY-1001 : Start to optimize setup violation with net base ...
PHY-1001 : Iter 1; Processed 285 pins with SWNS -0.340ns STNS -4.044ns FEP 75 took 7.11202 seconds.
PHY-1001 : len = 912888, over cnt = 1069(0%), over = 1083, worst = 2, crit = 1
PHY-1001 : End Stage 2.4.1.1 | Setup TimeOptimization; Time: 7.204871s wall, 6.734375s user + 0.203125s system = 6.937500s CPU (96.3%); Memory(MB): used = 760, reserved = 748, peak = 760;

PHY-1001 : Stage 2.4.1.2 | Rip-up And ReRoute
PHY-1001 : Iter 1: len = 913272, over cnt = 270(0%), over = 270, worst = 1, crit = 0, time(s) = 0.91
PHY-1001 : Iter 2: len = 913344, over cnt = 198(0%), over = 198, worst = 1, crit = 0, time(s) = 0.29
PHY-1001 : Iter 3: len = 913264, over cnt = 170(0%), over = 170, worst = 1, crit = 0, time(s) = 0.17
PHY-1001 : Iter 4: len = 915016, over cnt = 37(0%), over = 37, worst = 1, crit = 0, time(s) = 0.16
PHY-1001 : Iter 5: len = 915120, over cnt = 24(0%), over = 24, worst = 1, crit = 0, time(s) = 0.07
PHY-1001 : Iter 6: len = 915120, over cnt = 22(0%), over = 22, worst = 1, crit = 0, time(s) = 0.04
PHY-1001 : Iter 7: len = 915096, over cnt = 22(0%), over = 22, worst = 1, crit = 0, time(s) = 0.04
PHY-1001 : Iter 8: len = 915648, over cnt = 0(0%), over = 0, worst = 0, crit = 0, time(s) = 0.02
PHY-1001 : End Stage 2.4.1.2 | Rip-up And ReRoute; Time: 1.711160s wall, 2.343750s user + 0.140625s system = 2.484375s CPU (145.2%); Memory(MB): used = 760, reserved = 749, peak = 760;

PHY-1001 : Stage 2.4.1.3 | Update Timing
RUN-1002 : start command "start_timer"
PHY-1001 : 578/10042(5%) critical/total net(s).
PHY-1001 : Setup: WNS(ns) = -1.948, TNS(ns) = -319.268, FEP = 559 | Hold: WNS(ns) = -0.089, TNS(ns) = -0.116, FEP = 4.
PHY-1001 : End Stage 2.4.1.3 | Update Timing; Time: 1.536346s wall, 1.500000s user + 0.031250s system = 1.531250s CPU (99.7%); Memory(MB): used = 762, reserved = 750, peak = 762;

PHY-1001 : Stage 2.4.1.4 | Commit Data
PHY-1001 : Commit better result to database ...
PHY-1001 : 283 feed throughs used by 228 nets
PHY-1001 : End Stage 2.4.1.4 | Commit Data; Time: 0.462873s wall, 0.421875s user + 0.031250s system = 0.453125s CPU (97.9%); Memory(MB): used = 797, reserved = 786, peak = 797;

PHY-1001 : End Stage 2.4.1 | Phase 1; Time: 11.053634s wall, 11.140625s user + 0.406250s system = 11.546875s CPU (104.5%); Memory(MB): used = 797, reserved = 786, peak = 797;

PHY-1001 : Stage 2.4.2 | Phase 2
PHY-1001 : Stage 2.4.2.1 | Setup TimeOptimization
PHY-1001 : Start to optimize setup violation with net base ...
PHY-1001 : Iter 1; Processed 175 pins with SWNS -0.340ns STNS -4.044ns FEP 75 took 4.22157 seconds.
PHY-1001 : len = 921560, over cnt = 169(0%), over = 170, worst = 2, crit = 3
PHY-1001 : End Stage 2.4.2.1 | Setup TimeOptimization; Time: 4.303592s wall, 4.062500s user + 0.218750s system = 4.281250s CPU (99.5%); Memory(MB): used = 797, reserved = 786, peak = 797;

PHY-1001 : Stage 2.4.2.2 | Rip-up And ReRoute
PHY-0007 : Congestion: {48.45, 42.69, 39.53, 37.49}; Timing: {-0.340ns, -4.044ns, 75}
PHY-1001 : Iter 1: len = 918872, over cnt = 2(0%), over = 2, worst = 1, crit = 0, time(s) = 0.13
PHY-1001 : Iter 2: len = 918944, over cnt = 0(0%), over = 0, worst = 0, crit = 0, time(s) = 0.02
PHY-1001 : End Stage 2.4.2.2 | Rip-up And ReRoute; Time: 0.172597s wall, 0.328125s user + 0.015625s system = 0.343750s CPU (199.2%); Memory(MB): used = 797, reserved = 786, peak = 797;

PHY-1001 : Stage 2.4.2.3 | Update Timing
RUN-1002 : start command "start_timer"
PHY-1001 : 411/10042(4%) critical/total net(s).
PHY-1001 : Setup: WNS(ns) = -2.544, TNS(ns) = -150.372, FEP = 297 | Hold: WNS(ns) = -0.089, TNS(ns) = -0.116, FEP = 4.
PHY-1001 : End Stage 2.4.2.3 | Update Timing; Time: 1.525772s wall, 1.406250s user + 0.093750s system = 1.500000s CPU (98.3%); Memory(MB): used = 798, reserved = 788, peak = 798;

PHY-1001 : Stage 2.4.2.4 | Commit Data
PHY-1001 : Don't need to commit to database ...
PHY-1001 : End Stage 2.4.2.4 | Commit Data; Time: 0.012980s wall, 0.015625s user + 0.000000s system = 0.015625s CPU (120.4%); Memory(MB): used = 798, reserved = 788, peak = 798;

PHY-1001 : End Stage 2.4.2 | Phase 2; Time: 6.152312s wall, 5.984375s user + 0.453125s system = 6.437500s CPU (104.6%); Memory(MB): used = 798, reserved = 788, peak = 798;

PHY-1001 : Stage 2.4.3 | Phase 3
PHY-1001 : Stage 2.4.3.1 | Setup TimeOptimization
PHY-1001 : Start to optimize setup violation with net base ...
PHY-1001 : Iter 1; Processed 95 pins with SWNS -0.340ns STNS -4.044ns FEP 75 took 2.36133 seconds.
PHY-1001 : len = 921776, over cnt = 89(0%), over = 91, worst = 2, crit = 0
PHY-1001 : End Stage 2.4.3.1 | Setup TimeOptimization; Time: 2.442693s wall, 2.218750s user + 0.140625s system = 2.359375s CPU (96.6%); Memory(MB): used = 798, reserved = 788, peak = 798;

PHY-1001 : Stage 2.4.3.2 | Rip-up And ReRoute
PHY-1001 : Iter 1: len = 921512, over cnt = 0(0%), over = 0, worst = 0, crit = 0, time(s) = 0.07
PHY-1001 : End Stage 2.4.3.2 | Rip-up And ReRoute; Time: 0.077046s wall, 0.125000s user + 0.000000s system = 0.125000s CPU (162.2%); Memory(MB): used = 798, reserved = 788, peak = 798;

PHY-1001 : Stage 2.4.3.3 | Update Timing
RUN-1002 : start command "start_timer"
PHY-1001 : 260/10042(2%) critical/total net(s).
PHY-1001 : Setup: WNS(ns) = -0.671, TNS(ns) = -20.870, FEP = 129 | Hold: WNS(ns) = -0.089, TNS(ns) = -0.116, FEP = 4.
PHY-1001 : End Stage 2.4.3.3 | Update Timing; Time: 1.559257s wall, 1.500000s user + 0.062500s system = 1.562500s CPU (100.2%); Memory(MB): used = 799, reserved = 788, peak = 799;

PHY-1001 : Stage 2.4.3.4 | Commit Data
PHY-1001 : Commit better result to database ...
PHY-1001 : 312 feed throughs used by 247 nets
PHY-1001 : End Stage 2.4.3.4 | Commit Data; Time: 0.495210s wall, 0.500000s user + 0.000000s system = 0.500000s CPU (101.0%); Memory(MB): used = 799, reserved = 788, peak = 799;

PHY-1001 : End Stage 2.4.3 | Phase 3; Time: 4.695347s wall, 4.468750s user + 0.203125s system = 4.671875s CPU (99.5%); Memory(MB): used = 799, reserved = 788, peak = 799;

PHY-1001 : Stage 2.4.4 | Phase 4
PHY-1001 : Stage 2.4.4.1 | Setup TimeOptimization
PHY-1001 : Start to optimize setup violation with net base ...
PHY-1001 : Iter 1; Processed 54 pins with SWNS -0.340ns STNS -4.044ns FEP 75 took 1.35011 seconds.
PHY-1001 : len = 923008, over cnt = 46(0%), over = 46, worst = 1, crit = 0
PHY-1001 : End Stage 2.4.4.1 | Setup TimeOptimization; Time: 1.443104s wall, 1.468750s user + 0.078125s system = 1.546875s CPU (107.2%); Memory(MB): used = 799, reserved = 788, peak = 799;

PHY-1001 : Stage 2.4.4.2 | Rip-up And ReRoute
PHY-1001 : Iter 1: len = 922688, over cnt = 0(0%), over = 0, worst = 0, crit = 0, time(s) = 0.07
PHY-1001 : End Stage 2.4.4.2 | Rip-up And ReRoute; Time: 0.085636s wall, 0.062500s user + 0.000000s system = 0.062500s CPU (73.0%); Memory(MB): used = 799, reserved = 788, peak = 799;

PHY-1001 : Stage 2.4.4.3 | Update Timing
RUN-1002 : start command "start_timer"
PHY-1001 : 322/10042(3%) critical/total net(s).
PHY-1001 : Setup: WNS(ns) = -0.850, TNS(ns) = -17.292, FEP = 129 | Hold: WNS(ns) = -0.089, TNS(ns) = -0.116, FEP = 4.
PHY-1001 : End Stage 2.4.4.3 | Update Timing; Time: 1.636928s wall, 1.562500s user + 0.015625s system = 1.578125s CPU (96.4%); Memory(MB): used = 799, reserved = 788, peak = 799;

PHY-1001 : Stage 2.4.4.4 | Commit Data
PHY-1001 : Don't need to commit to database ...
PHY-1001 : End Stage 2.4.4.4 | Commit Data; Time: 0.012184s wall, 0.015625s user + 0.000000s system = 0.015625s CPU (128.2%); Memory(MB): used = 799, reserved = 788, peak = 799;

PHY-1001 : End Stage 2.4.4 | Phase 4; Time: 3.316962s wall, 3.250000s user + 0.093750s system = 3.343750s CPU (100.8%); Memory(MB): used = 799, reserved = 788, peak = 799;

PHY-1001 : Stage 2.4.5 | Phase 5
PHY-1001 : Stage 2.4.5.1 | Setup TimeOptimization
PHY-1001 : Start to optimize setup violation with net base ...
PHY-1001 : Iter 1; Processed 52 pins with SWNS -0.340ns STNS -4.044ns FEP 75 took 1.21058 seconds.
PHY-1001 : len = 923840, over cnt = 32(0%), over = 32, worst = 1, crit = 0
PHY-1001 : End Stage 2.4.5.1 | Setup TimeOptimization; Time: 1.296848s wall, 1.203125s user + 0.062500s system = 1.265625s CPU (97.6%); Memory(MB): used = 799, reserved = 788, peak = 799;

PHY-1001 : Stage 2.4.5.2 | Rip-up And ReRoute
PHY-1001 : Iter 1: len = 923608, over cnt = 0(0%), over = 0, worst = 0, crit = 0, time(s) = 0.05
PHY-1001 : End Stage 2.4.5.2 | Rip-up And ReRoute; Time: 0.058282s wall, 0.171875s user + 0.015625s system = 0.187500s CPU (321.7%); Memory(MB): used = 799, reserved = 788, peak = 799;

PHY-1001 : Stage 2.4.5.3 | Update Timing
RUN-1002 : start command "start_timer"
PHY-1001 : 179/10042(1%) critical/total net(s).
PHY-1001 : Setup: WNS(ns) = -0.501, TNS(ns) = -15.664, FEP = 133 | Hold: WNS(ns) = -0.089, TNS(ns) = -0.116, FEP = 4.
PHY-1001 : End Stage 2.4.5.3 | Update Timing; Time: 1.549378s wall, 1.406250s user + 0.078125s system = 1.484375s CPU (95.8%); Memory(MB): used = 799, reserved = 788, peak = 799;

PHY-1001 : Stage 2.4.5.4 | Commit Data
PHY-1001 : Commit better result to database ...
PHY-1001 : 314 feed throughs used by 246 nets
PHY-1001 : End Stage 2.4.5.4 | Commit Data; Time: 0.504105s wall, 0.484375s user + 0.031250s system = 0.515625s CPU (102.3%); Memory(MB): used = 799, reserved = 788, peak = 799;

PHY-1001 : End Stage 2.4.5 | Phase 5; Time: 3.531700s wall, 3.328125s user + 0.234375s system = 3.562500s CPU (100.9%); Memory(MB): used = 799, reserved = 788, peak = 799;

PHY-1001 : Stage 2.4.6 | Phase 6
PHY-1001 : Stage 2.4.6.1 | Setup TimeOptimization
PHY-1001 : Start to optimize setup violation with net base ...
PHY-1001 : Iter 1; Processed 30 pins with SWNS -0.340ns STNS -4.044ns FEP 75 took 0.693224 seconds.
PHY-1001 : len = 924616, over cnt = 22(0%), over = 22, worst = 1, crit = 0
PHY-1001 : End Stage 2.4.6.1 | Setup TimeOptimization; Time: 0.780513s wall, 0.859375s user + 0.031250s system = 0.890625s CPU (114.1%); Memory(MB): used = 799, reserved = 788, peak = 799;

PHY-1001 : Stage 2.4.6.2 | Rip-up And ReRoute
PHY-0007 : Congestion: {50.11, 44.32, 41.36, 39.54}; Timing: {-0.340ns, -4.044ns, 75}
PHY-1001 : Iter 1: len = 924472, over cnt = 0(0%), over = 0, worst = 0, crit = 0, time(s) = 0.04
PHY-1001 : End Stage 2.4.6.2 | Rip-up And ReRoute; Time: 0.064986s wall, 0.062500s user + 0.000000s system = 0.062500s CPU (96.2%); Memory(MB): used = 799, reserved = 788, peak = 799;

PHY-1001 : Stage 2.4.6.3 | Update Timing
RUN-1002 : start command "start_timer"
PHY-1001 : 235/10042(2%) critical/total net(s).
PHY-1001 : Setup: WNS(ns) = -0.821, TNS(ns) = -11.402, FEP = 105 | Hold: WNS(ns) = -0.089, TNS(ns) = -0.116, FEP = 4.
PHY-1001 : End Stage 2.4.6.3 | Update Timing; Time: 1.554224s wall, 1.437500s user + 0.093750s system = 1.531250s CPU (98.5%); Memory(MB): used = 799, reserved = 788, peak = 799;

PHY-1001 : Stage 2.4.6.4 | Commit Data
PHY-1001 : Don't need to commit to database ...
PHY-1001 : End Stage 2.4.6.4 | Commit Data; Time: 0.013994s wall, 0.015625s user + 0.000000s system = 0.015625s CPU (111.7%); Memory(MB): used = 799, reserved = 788, peak = 799;

PHY-1001 : End Stage 2.4.6 | Phase 6; Time: 2.541425s wall, 2.500000s user + 0.125000s system = 2.625000s CPU (103.3%); Memory(MB): used = 799, reserved = 788, peak = 799;

PHY-1001 : End Stage 2.4 | Routing Optimization; Time: 32.508690s wall, 31.890625s user + 1.546875s system = 33.437500s CPU (102.9%); Memory(MB): used = 799, reserved = 788, peak = 799;

PHY-1003 : Routed, final wirelength = 924472
RUN-1002 : start command "export_db UDP_EXAMPLE_pr.db"
RUN-1001 : Exported flow parameters
RUN-1001 : Exported /
RUN-1001 : Exported libs
RUN-1001 : Exported entities
RUN-1001 : Exported ports
RUN-1001 : Exported pins
RUN-1001 : Exported instances
RUN-1001 : Exported nets
RUN-1001 : Exported buses
RUN-1001 : Exported models
RUN-1001 : Exported phy database
RUN-1001 : Exported packer
RUN-1001 : Exported congestions
RUN-1001 : Exported violations
RUN-1001 : Exported ATMR Setting
RUN-1001 : Exported timing constraints
RUN-1001 : Exported IO constraints
RUN-1001 : Exported Inst constraints
RUN-1001 : Exported ChipWatcher
PHY-1001 : Current memory(MB): used = 830, reserved = 938, peak = 830.
PHY-1001 : End export database. 0.311646s wall, 0.375000s user + 0.046875s system = 0.421875s CPU (135.4%)

PHY-1001 : End detail routing;  51.099218s wall, 58.578125s user + 2.671875s system = 61.250000s CPU (119.9%)

PHY-1001 : End Stage 2 | Detail Routing; Time: 51.099299s wall, 58.578125s user + 2.671875s system = 61.250000s CPU (119.9%); Memory(MB): used = 830, reserved = 938, peak = 830;

PHY-1001 : Stage 3 | Hold Fix
RUN-1002 : start command "start_timer"
RUN-1001 : fix hold violation on net auto_created_cwc1/wrapper_cwc_top/U_cwc_ram/dia[11] endpin auto_created_cwc1/wrapper_cwc_top/U_cwc_ram/ramread0_syn_15.dia[2] slack -11ps
RUN-1001 : 1 hold-buffer to be created.
RUN-1001 : fix hold violation on net debug_hub_top/U_0_register/rst_dup_9 endpin debug_hub_top/U_0_handshake_sync_stat/bus_data_r_aclk_reg[22]_syn_3.sr slack -89ps
RUN-1001 : 1 hold-buffer to be created.
RUN-1001 : fix hold violation on net cwc_slave_1_rst_dup_1 endpin debug_hub_top/U_1_handshake_sync_ctrl/bus_data_r_bclk_reg[174]_syn_3.sr slack -5ps
RUN-1001 : 1 hold-buffer to be created.
RUN-1001 : fix hold violation on net u6_tx_fifo/rd_addr[7] endpin u6_tx_fifo/ramgen_u/inst_syn_11.addrb[10] slack -11ps
RUN-1001 : 1 hold-buffer to be created.
PHY-1001 : Populate physical database on model UDP_Example_Top.
-----------------------------------------------------------
| QoR metrics               |         value               |
-----------------------------------------------------------
| Timing                    |                             |
|     Setup WNS             |          268                |
|     Setup TNS             |            0                |
|     Num of violated S-EP  |            0                |
|     FMAX                  |    10.027MHz                |
|     SWNS path clock period |     100000ps                |
|     Hold WNS              |         -111                |
|     Hold TNS              |        -6124                |
|     Num of violated H-EP  |          161                |
-----------------------------------------------------------
| Routing Resource          |                             |
|     Wire length           |       403720                |
-----------------------------------------------------------
| Utilization               |                             |
|     #slices               |         4920                |
|     slices percentage     |       50.20%                |
|     #RAMs                 |           34                |
|     #DSPs                 |            1                |
|     #DRAMHARDCON          |            0                |
-----------------------------------------------------------
| Congestion                |                             |
|     Top 1% tile util      |           43                |
|     Top 1% tile avg util  |       45.79%                |
|     Over 100% util #tile  |            0                |
-----------------------------------------------------------
Report place stage QoR done.


    SWNS [   incr ]     STNS [    incr ]  S-FEPS [   incr ]    HWNS [   incr ]      HTNS [     incr ]    H-FEPS [     incr ]    CELL [   incr ]      WL [   incr ]   RT(s) [   incr ]   MEM(mb) [     incr ]
   -2126 [      0 ]  -463937 [       0 ]     923 [      0 ]     -89 [      0 ]      -116 [        0 ]         4 [        0 ]    5002 [      0 ]  899512 [      0 ]      20 [      0 ]       759 [        0 ] : dr_initialization
    -340 [   1786 ]    -4044 [  459893 ]      75 [   -848 ]     -89 [      0 ]      -116 [        0 ]         4 [        0 ]    5002 [      0 ]  912888 [  13376 ]      28 [      8 ]       760 [        1 ] : dr_timing_opt_phase1
   -1948 [  -1608 ]  -319268 [ -315224 ]     559 [    484 ]     -89 [      0 ]      -116 [        0 ]         4 [        0 ]    5002 [      0 ]  915648 [   2760 ]      32 [      4 ]       797 [       37 ] : dr_opt_phase1
    -340 [   1608 ]    -4044 [  315224 ]      75 [   -484 ]     -89 [      0 ]      -116 [        0 ]         4 [        0 ]    5002 [      0 ]  921560 [   5912 ]      36 [      4 ]       797 [        0 ] : dr_timing_opt_phase2
   -2544 [  -2204 ]  -150372 [ -146328 ]     297 [    222 ]     -89 [      0 ]      -116 [        0 ]         4 [        0 ]    5002 [      0 ]  918944 [  -2616 ]      38 [      2 ]       798 [        1 ] : dr_opt_phase2
    -340 [   2204 ]    -4044 [  146328 ]      75 [   -222 ]     -89 [      0 ]      -116 [        0 ]         4 [        0 ]    5002 [      0 ]  921776 [   2832 ]      41 [      3 ]       798 [        0 ] : dr_timing_opt_phase3
    -671 [   -331 ]   -20870 [  -16826 ]     129 [     54 ]     -89 [      0 ]      -116 [        0 ]         4 [        0 ]    5002 [      0 ]  921512 [   -264 ]      43 [      2 ]       799 [        1 ] : dr_opt_phase3
    -340 [    331 ]    -4044 [   16826 ]      75 [    -54 ]     -89 [      0 ]      -116 [        0 ]         4 [        0 ]    5002 [      0 ]  923008 [   1496 ]      44 [      1 ]       799 [        0 ] : dr_timing_opt_phase4
    -850 [   -510 ]   -17292 [  -13248 ]     129 [     54 ]     -89 [      0 ]      -116 [        0 ]         4 [        0 ]    5002 [      0 ]  922688 [   -320 ]      46 [      2 ]       799 [        0 ] : dr_opt_phase4
    -340 [    510 ]    -4044 [   13248 ]      75 [    -54 ]     -89 [      0 ]      -116 [        0 ]         4 [        0 ]    5002 [      0 ]  923840 [   1152 ]      48 [      2 ]       799 [        0 ] : dr_timing_opt_phase5
    -501 [   -161 ]   -15664 [  -11620 ]     133 [     58 ]     -89 [      0 ]      -116 [        0 ]         4 [        0 ]    5002 [      0 ]  923608 [   -232 ]      50 [      2 ]       799 [        0 ] : dr_opt_phase5
    -340 [    161 ]    -4044 [   11620 ]      75 [    -58 ]     -89 [      0 ]      -116 [        0 ]         4 [        0 ]    5002 [      0 ]  924616 [   1008 ]      51 [      1 ]       799 [        0 ] : dr_timing_opt_phase6
    -821 [   -481 ]   -11402 [   -7358 ]     105 [     30 ]     -89 [      0 ]      -116 [        0 ]         4 [        0 ]    5002 [      0 ]  924472 [   -144 ]      52 [      1 ]       799 [        0 ] : dr_opt_phase6
    -821 [      0 ]   -11402 [       0 ]     105 [      0 ]     -89 [      0 ]      -116 [        0 ]         4 [        0 ]    5002 [      0 ]  924472 [      0 ]      52 [      0 ]       799 [        0 ] : multi_try_opt
    -501 [    320 ]   -15654 [   -4252 ]     133 [     28 ]       2 [     91 ]         0 [      116 ]         0 [       -4 ]    5006 [      4 ]  923816 [   -656 ]       5 [    -47 ]       830 [       31 ] : ECO: dr_initialization
    -501 [      0 ]   -15654 [       0 ]     133 [      0 ]       2 [      0 ]         0 [        0 ]         0 [        0 ]    5006 [      0 ]  923816 [      0 ]       6 [      1 ]       830 [        0 ] : ECO: dr_timing_opt_phase1
    -501 [      0 ]   -15654 [       0 ]     133 [      0 ]       2 [      0 ]         0 [        0 ]         0 [        0 ]    5006 [      0 ]  923800 [    -16 ]       8 [      2 ]       830 [        0 ] : ECO: dr_opt_phase1
    -501 [      0 ]   -15654 [       0 ]     133 [      0 ]       2 [      0 ]         0 [        0 ]         0 [        0 ]    5006 [      0 ]  923800 [      0 ]       8 [      0 ]       830 [        0 ] : ECO: multi_try_opt
    -501 [      0 ]   -15654 [       0 ]     133 [      0 ]       2 [      0 ]         0 [        0 ]         0 [        0 ]    5006 [      0 ]  923800 [      0 ]      10 [      2 ]       835 [        5 ] : ECO: fix_hold_opt

RUN-1002 : start command "start_timer"
RUN-1001 : All hold violations are fixed.
PHY-1001 : Stage 6 | Report Route Qor
RUN-1002 : start command "report_qor -step route -file route.qor"
RUN-1002 : start command "start_timer"
-----------------------------------------------------------
| QoR metrics               |         value               |
-----------------------------------------------------------
| Timing                    |                             |
|     Setup WNS             |         -501                |
|     Setup TNS             |       -15654                |
|     Num of violated S-EP  |          133                |
|     Hold WNS              |            2                |
|     Hold TNS              |            0                |
|     Num of violated H-EP  |            0                |
-----------------------------------------------------------
| Routing Resource          |                             |
|     Wire length           |       923800                |
-----------------------------------------------------------
| Utilization               |                             |
|     #slices               |         4920                |
|     slices percentage     |       50.20%                |
|     #RAMs                 |           34                |
|     #DSPs                 |            1                |
|     #DRAMHARDCON          |            0                |
-----------------------------------------------------------
Report route stage QoR done.

RUN-1003 : finish command "report_qor -step route -file route.qor" in  1.530463s wall, 1.500000s user + 0.031250s system = 1.531250s CPU (100.1%)

RUN-1004 : used memory is 835 MB, reserved memory is 938 MB, peak memory is 835 MB
RUN-1002 : start command "update_timing -mode final"
RUN-1002 : start command "start_timer"
RUN-1003 : finish command "update_timing -mode final" in  1.590869s wall, 1.562500s user + 0.000000s system = 1.562500s CPU (98.2%)

RUN-1004 : used memory is 835 MB, reserved memory is 938 MB, peak memory is 835 MB
RUN-1002 : start command "report_timing_summary -file final_timing.rpt"
OPT-1001 : QoR tracer report on route step:
    SWNS [   incr ]     STNS [    incr ]  S-FEPS [   incr ]    HWNS [   incr ]      HTNS [     incr ]    H-FEPS [     incr ]    CELL [   incr ]      WL [   incr ]   RT(s) [   incr ]   MEM(mb) [     incr ]
   -2126 [      0 ]  -463937 [       0 ]     923 [      0 ]     -89 [      0 ]      -116 [        0 ]         4 [        0 ]    5002 [      0 ]  899512 [      0 ]      20 [      0 ]       759 [        0 ] : dr_initialization
    -340 [   1786 ]    -4044 [  459893 ]      75 [   -848 ]     -89 [      0 ]      -116 [        0 ]         4 [        0 ]    5002 [      0 ]  912888 [  13376 ]      28 [      8 ]       760 [        1 ] : dr_timing_opt_phase1
   -1948 [  -1608 ]  -319268 [ -315224 ]     559 [    484 ]     -89 [      0 ]      -116 [        0 ]         4 [        0 ]    5002 [      0 ]  915648 [   2760 ]      32 [      4 ]       797 [       37 ] : dr_opt_phase1
    -340 [   1608 ]    -4044 [  315224 ]      75 [   -484 ]     -89 [      0 ]      -116 [        0 ]         4 [        0 ]    5002 [      0 ]  921560 [   5912 ]      36 [      4 ]       797 [        0 ] : dr_timing_opt_phase2
   -2544 [  -2204 ]  -150372 [ -146328 ]     297 [    222 ]     -89 [      0 ]      -116 [        0 ]         4 [        0 ]    5002 [      0 ]  918944 [  -2616 ]      38 [      2 ]       798 [        1 ] : dr_opt_phase2
    -340 [   2204 ]    -4044 [  146328 ]      75 [   -222 ]     -89 [      0 ]      -116 [        0 ]         4 [        0 ]    5002 [      0 ]  921776 [   2832 ]      41 [      3 ]       798 [        0 ] : dr_timing_opt_phase3
    -671 [   -331 ]   -20870 [  -16826 ]     129 [     54 ]     -89 [      0 ]      -116 [        0 ]         4 [        0 ]    5002 [      0 ]  921512 [   -264 ]      43 [      2 ]       799 [        1 ] : dr_opt_phase3
    -340 [    331 ]    -4044 [   16826 ]      75 [    -54 ]     -89 [      0 ]      -116 [        0 ]         4 [        0 ]    5002 [      0 ]  923008 [   1496 ]      44 [      1 ]       799 [        0 ] : dr_timing_opt_phase4
    -850 [   -510 ]   -17292 [  -13248 ]     129 [     54 ]     -89 [      0 ]      -116 [        0 ]         4 [        0 ]    5002 [      0 ]  922688 [   -320 ]      46 [      2 ]       799 [        0 ] : dr_opt_phase4
    -340 [    510 ]    -4044 [   13248 ]      75 [    -54 ]     -89 [      0 ]      -116 [        0 ]         4 [        0 ]    5002 [      0 ]  923840 [   1152 ]      48 [      2 ]       799 [        0 ] : dr_timing_opt_phase5
    -501 [   -161 ]   -15664 [  -11620 ]     133 [     58 ]     -89 [      0 ]      -116 [        0 ]         4 [        0 ]    5002 [      0 ]  923608 [   -232 ]      50 [      2 ]       799 [        0 ] : dr_opt_phase5
    -340 [    161 ]    -4044 [   11620 ]      75 [    -58 ]     -89 [      0 ]      -116 [        0 ]         4 [        0 ]    5002 [      0 ]  924616 [   1008 ]      51 [      1 ]       799 [        0 ] : dr_timing_opt_phase6
    -821 [   -481 ]   -11402 [   -7358 ]     105 [     30 ]     -89 [      0 ]      -116 [        0 ]         4 [        0 ]    5002 [      0 ]  924472 [   -144 ]      52 [      1 ]       799 [        0 ] : dr_opt_phase6
    -821 [      0 ]   -11402 [       0 ]     105 [      0 ]     -89 [      0 ]      -116 [        0 ]         4 [        0 ]    5002 [      0 ]  924472 [      0 ]      52 [      0 ]       799 [        0 ] : multi_try_opt
    -501 [    320 ]   -15654 [   -4252 ]     133 [     28 ]       2 [     91 ]         0 [      116 ]         0 [       -4 ]    5006 [      4 ]  923816 [   -656 ]       5 [    -47 ]       830 [       31 ] : ECO: dr_initialization
    -501 [      0 ]   -15654 [       0 ]     133 [      0 ]       2 [      0 ]         0 [        0 ]         0 [        0 ]    5006 [      0 ]  923816 [      0 ]       6 [      1 ]       830 [        0 ] : ECO: dr_timing_opt_phase1
    -501 [      0 ]   -15654 [       0 ]     133 [      0 ]       2 [      0 ]         0 [        0 ]         0 [        0 ]    5006 [      0 ]  923800 [    -16 ]       8 [      2 ]       830 [        0 ] : ECO: dr_opt_phase1
    -501 [      0 ]   -15654 [       0 ]     133 [      0 ]       2 [      0 ]         0 [        0 ]         0 [        0 ]    5006 [      0 ]  923800 [      0 ]       8 [      0 ]       830 [        0 ] : ECO: multi_try_opt
    -501 [      0 ]   -15654 [       0 ]     133 [      0 ]       2 [      0 ]         0 [        0 ]         0 [        0 ]    5006 [      0 ]  923800 [      0 ]      10 [      2 ]       835 [        5 ] : ECO: fix_hold_opt
    -501 [      0 ]   -15654 [       0 ]     133 [      0 ]       2 [      0 ]         0 [        0 ]         0 [        0 ]    5006 [      0 ]  923800 [      0 ]      74 [     64 ]       835 [        0 ] : ECO: fix_hold_opt

PHY-1001 : End Stage 6 | Report Route Qor; Time: 3.174322s wall, 3.109375s user + 0.031250s system = 3.140625s CPU (98.9%); Memory(MB): used = 835, reserved = 938, peak = 835;

PHY-1001 : Stage 7 | Routing DRC
PHY-1001 : Start multi-drive drc check......
PHY-1001 : No multi-drive.
PHY-1001 : Stage 7.1 | Clock Net Status Check
PHY-1001 : 1 clock net(s) utilize local routing resource.
PHY-5079 CRITICAL-WARNING: Marked 1 clock net(s) utilize the local routing resources. Please check log message and the sinks of clock nets.
RUN-1001 : CTS Local Wire Summary
RUN-1001 : ----------------------------------------------------------------------------------------------------------------------
RUN-1001 :                ClockName               |  DriverType  |  Clock/Fanout  |  LocalWireNum  |     NetName      |  Marked  
RUN-1001 : ----------------------------------------------------------------------------------------------------------------------
RUN-1001 :   u_clk_gen/u_pll_0/pll_inst.clkc[2]   |  AL_PHY_PLL  |      0/1       |       1        |  cam_xclk_dup_1  |   true   
RUN-1001 : ----------------------------------------------------------------------------------------------------------------------
PHY-1001 : End Stage 7.1 | Clock Net Status Check; Time: 0.001642s wall, 0.000000s user + 0.000000s system = 0.000000s CPU (n/a%); Memory(MB): used = 835, reserved = 938, peak = 835;

PHY-1001 : Stage 7.2 | Abnormal Timing Path check
PHY-1001 : No abnormal timing path.
PHY-1001 : End Stage 7.2 | Abnormal Timing Path check; Time: 0.097629s wall, 0.093750s user + 0.015625s system = 0.109375s CPU (112.0%); Memory(MB): used = 835, reserved = 938, peak = 835;

PHY-1001 : End Stage 7 | Routing DRC; Time: 0.146279s wall, 0.140625s user + 0.015625s system = 0.156250s CPU (106.8%); Memory(MB): used = 835, reserved = 938, peak = 835;

RUN-1003 : finish command "route" in  78.113421s wall, 85.187500s user + 3.375000s system = 88.562500s CPU (113.4%)

RUN-1004 : used memory is 835 MB, reserved memory is 938 MB, peak memory is 835 MB
RUN-1002 : start command "report_area -io_info -file UDP_EXAMPLE_phy.area"
RUN-1001 : standard
***Report Model: UDP_Example_Top Device: EG4S20BG256***

IO Statistics
#IO                        32   out of    188   17.02%
  #input                    9
  #output                  23
  #inout                    0
#virtual IO                 1
  #input                    0
  #output                   0
  #inout                    0

Utilization Statistics
#lut                     6044   out of  19600   30.84%
#reg                     7251   out of  19600   36.99%
#le                      8729
  #lut only              1478   out of   8729   16.93%
  #reg only              2685   out of   8729   30.76%
  #lut&reg               4566   out of   8729   52.31%
#bram                      34   out of     64   53.12%
  #bram9k                  34
  #fifo9k                   0
#bram32k                    0   out of     16    0.00%
#dsp                        1   out of     29    3.45%
#pad                       36   out of    188   19.15%
  #ireg                     5
  #oreg                    10
  #treg                     0
#pll                        2   out of      4   50.00%
#gclk                       4   out of     16   25.00%


DataNet Average Fanout:

   Index     Fanout     Nets  
    #1          1       6620  
    #2          2       1518  
    #3          3       876   
    #4          4       333   
    #5        5-10      664   
    #6        11-50     379   
    #7       51-100      36   
    #8       101-500     6    
  Average     2.84            

RUN-1002 : start command "update_timing -mode final"
RUN-1002 : start command "start_timer"
RUN-1003 : finish command "update_timing -mode final" in  1.508142s wall, 1.406250s user + 0.062500s system = 1.468750s CPU (97.4%)

RUN-1004 : used memory is 835 MB, reserved memory is 938 MB, peak memory is 835 MB
RUN-1002 : start command "report_timing_status -file UDP_EXAMPLE_phy.ts"
RUN-1002 : start command "report_timing_summary -file UDP_EXAMPLE_pr.timing"
RUN-1002 : start command "report_timing_exception -file UDP_EXAMPLE_exception.timing"
RUN-1002 : start command "flow_status -file route_flow.status"
Location         : C:\Users\Neko\Documents\FPGA\hand_cnn\lab_ex_2_CNN\UDP_EG4_6.2\prj\UDP_EXAMPLE\UDP_EXAMPLE_Runs\phy_1
Running with     : Tang Dynasty v6.2.168116
                   Copyright (c) 2012-2025 Anlogic Inc.
Top Model        : UDP_Example_Top
Device           : EG4S20BG256
Speed            : NA

Timing Mode      : final
Setup            : WNS  -501ps  TNS   -15654ps  NUM_FEPS   133
Hold             : WNS     2ps  TNS        0ps  NUM_FEPS     0

Flow Statistics  :
RUN-1001 : Flow Statistics:
RUN-1001 : ---------------------------------------------------------------------------------------------------
RUN-1001 :      command     |  #calls  |  wall time   |  cpu time(s)  |  used memory(mb)  |  peak memory(mb)  
RUN-1001 : ---------------------------------------------------------------------------------------------------
RUN-1001 :       route      |    2     |  1m30s(71%)  |   100(69%)    |        835        |        835        
RUN-1001 :       place      |    2     |   36s(28%)   |    44(30%)    |        830        |        830        
RUN-1001 :     import_db    |    4     |    0s(0%)    |     0(0%)     |        298        |        298        
RUN-1001 :   import_device  |    1     |    0s(0%)    |     0(0%)     |        86         |        86         
RUN-1001 :       pack       |    1     |    0s(0%)    |     0(0%)     |        299        |        299        
RUN-1001 : ---------------------------------------------------------------------------------------------------
RUN-1001 :       total      |    10    |     2m6s     |      144      |        835        |        835        
RUN-1001 : ---------------------------------------------------------------------------------------------------
RUN-1002 : start command "report_clock_utilization -file route_clock_utilization.txt"
RUN-1001 : Device not support command report_clock_utilization.
RUN-1002 : start command "export_db UDP_EXAMPLE_pr.db"
RUN-1001 : Exported flow parameters
RUN-1001 : Exported /
RUN-1001 : Exported libs
RUN-1001 : Exported entities
RUN-1001 : Exported ports
RUN-1001 : Exported pins
RUN-1001 : Exported instances
RUN-1001 : Exported nets
RUN-1001 : Exported buses
RUN-1001 : Exported models
RUN-1001 : Exported phy database
RUN-1001 : Exported packer
RUN-1001 : Exported congestions
RUN-1001 : Exported violations
RUN-1001 : Exported ATMR Setting
RUN-1001 : Exported timing constraints
RUN-1001 : Exported IO constraints
RUN-1001 : Exported Inst constraints
RUN-1001 : Exported ChipWatcher
RUN-1002 : start command "commit_param -step bitgen"
RUN-1001 : Print Global Property
RUN-1001 : --------------------------------------------------------
RUN-1001 :   Parameters   |  Settings  |  Default Values  |  Note  
RUN-1001 : --------------------------------------------------------
RUN-1001 :   enable_seed  |    off     |       off        |        
RUN-1001 :     message    |  standard  |     standard     |        
RUN-1001 :   qor_monitor  |     on     |        on        |        
RUN-1001 :   syn_ip_flow  |    off     |       off        |        
RUN-1001 :     thread     |    auto    |       auto       |        
RUN-1001 : --------------------------------------------------------
RUN-1001 : Print Bitgen Property
RUN-1001 : -------------------------------------------------------------
RUN-1001 :      Parameters     |  Settings  |  Default Values  |  Note  
RUN-1001 : -------------------------------------------------------------
RUN-1001 :         bin         |    off     |       off        |        
RUN-1001 :       gen_mask      |    off     |       off        |        
RUN-1001 :      time_info      |     on     |        on        |        
RUN-1001 :   unused_io_status  |   pullup   |      pullup      |        
RUN-1001 :       version       |    0x00    |       0x00       |        
RUN-1001 : -------------------------------------------------------------
RUN-1002 : start command "bitgen -bit UDP_EXAMPLE.bit"
RUN-1002 : start command "export_bid UDP_EXAMPLE_inst.bid"
BIT-1003 : Start to generate bitstream. 
BIT-1002 : Init instances with 12 threads.
BIT-1002 : Init instances completely, inst num: 4999
BIT-1002 : Init pips with 12 threads.
BIT-1002 : Init pips completely, net num: 10046, pip num: 93517
BIT-1002 : Init feedthrough with 12 threads.
BIT-1002 : Init feedthrough completely, num: 315
BIT-1003 : Multithreading accelaration with 12 threads.
BIT-1003 : Generate bitstream completely, there are 252427 bits set as '1'.
BIT-1004 : PLL setting string = 0110
BIT-1004 : Generate bits file UDP_EXAMPLE.bit.
RUN-1003 : finish command "bitgen -bit UDP_EXAMPLE.bit" in  2.035851s wall, 17.265625s user + 0.906250s system = 18.171875s CPU (892.6%)

RUN-1004 : used memory is 844 MB, reserved memory is 938 MB, peak memory is 845 MB
RUN-1002 : start command "setup_debugger ../../chip_debugger"
KIT-1004 : Update chipwatcher trigger condition
KIT-1004 : Generate chipwatcher configuration file: cw/compiled.cwc
KIT-1004 : Generate chipwatcher bit file: cw/compiled.bit
RUN-1002 : start command "export_bitgen_param -file .bitgen_param.f"
RUN-1002 : start command "export_flow_status -s opt_place -e bitgen"
RUN-1002 : start command "flow_status"

Location         : C:\Users\Neko\Documents\FPGA\hand_cnn\lab_ex_2_CNN\UDP_EG4_6.2\prj\UDP_EXAMPLE\UDP_EXAMPLE_Runs\phy_1
Running with     : Tang Dynasty v6.2.168116
                   Copyright (c) 2012-2025 Anlogic Inc.
Top Model        : UDP_Example_Top
Device           : EG4S20BG256
Speed            : NA

Timing Mode      : final
Setup            : WNS  -501ps  TNS   -15654ps  NUM_FEPS   133
Hold             : WNS     2ps  TNS        0ps  NUM_FEPS     0

RUN-1001 : Flow Statistics:
RUN-1001 : ---------------------------------------------------------------------------------------------------
RUN-1001 :      command     |  #calls  |  wall time   |  cpu time(s)  |  used memory(mb)  |  peak memory(mb)  
RUN-1001 : ---------------------------------------------------------------------------------------------------
RUN-1001 :       route      |    2     |  1m30s(70%)  |   100(62%)    |        835        |        835        
RUN-1001 :       place      |    2     |   36s(28%)   |    44(27%)    |        830        |        830        
RUN-1001 :      bitgen      |    1     |    2s(1%)    |    17(10%)    |        844        |        845        
RUN-1001 :     import_db    |    4     |    0s(0%)    |     0(0%)     |        298        |        298        
RUN-1001 :   import_device  |    1     |    0s(0%)    |     0(0%)     |        86         |        86         
RUN-1001 :       pack       |    1     |    0s(0%)    |     0(0%)     |        299        |        299        
RUN-1001 : ---------------------------------------------------------------------------------------------------
RUN-1001 :       total      |    11    |     2m8s     |      161      |        844        |        845        
RUN-1001 : ---------------------------------------------------------------------------------------------------
