============================================================
   Tang Dynasty, V6.2.168116
   Copyright (c) 2012-2025 Anlogic Inc.
   Executable = D:/Anlogic/TD_6.2.1_Engineer_6.2.168.116/bin/run.exe
   Built at =   16:32:07 Jun 12 2025
   Run by =     Administrator
   Run Date =   Fri Oct 31 17:49:19 2025

   Run on =     WIN-61TPHHLRMOG
============================================================
RUN-1002 : start command "import_device eagle_s20.db -package EG4S20BG256"
RUN-1001 : Using default speed grade: NA
ARC-1001 : Device Initialization.
ARC-1001 : ------------------------------------------------------------------
ARC-1001 :            OPTION            |          IO          |   SETTING   
ARC-1001 : ------------------------------------------------------------------
ARC-1001 :   cso_b/cclk/mosi/miso/dout  |  T3/R11/T10/P10/S11  |    gpio    
ARC-1001 :             done             |         P13          |    gpio    
ARC-1001 :           program_b          |          T2          |  dedicate  
ARC-1001 :        tdi/tms/tck/tdo       |   C12/A15/C14/E14    |  dedicate  
ARC-1001 : ------------------------------------------------------------------
ARC-1004 : Device setting, marked 5 dedicate IOs in total.
RUN-1002 : start command "open_project UDP_EXAMPLE.prj"
RUN-1002 : start command "commit_param -step design"
RUN-1001 : Print Global Property
RUN-1001 : --------------------------------------------------------
RUN-1001 :   Parameters   |  Settings  |  Default Values  |  Note  
RUN-1001 : --------------------------------------------------------
RUN-1001 :   enable_seed  |    off     |       off        |        
RUN-1001 :     message    |  standard  |     standard     |        
RUN-1001 :   qor_monitor  |     on     |        on        |        
RUN-1001 :   syn_ip_flow  |    off     |       off        |        
RUN-1001 :     thread     |    auto    |       auto       |        
RUN-1001 : --------------------------------------------------------
RUN-1001 : Print Design Property
RUN-1001 : ----------------------------------------------------------------
RUN-1001 :       Parameters       |  Settings  |  Default Values  |  Note  
RUN-1001 : ----------------------------------------------------------------
RUN-1001 :   default_reg_initial  |    auto    |       auto       |        
RUN-1001 :    hdl_warning_level   |   normal   |      normal      |        
RUN-1001 : ----------------------------------------------------------------
HDL-1007 : analyze verilog file ../../al_ip/TEMAC_CORE/RTL/mac_core_aead6cd6dadd.v
HDL-1007 : analyze verilog file ../../al_ip/TEMAC_CORE/RTL/TEMAC_CORE_aead6cd6dadd.v
Copyright (c) 1998-2019 The OpenSSL Project.  All rights reserved.
This product includes software developed by the OpenSSL Project
for use in the OpenSSL Toolkit (http://www.openssl.org/)
Copyright (C) 1995-1998 Eric Young (eay@cryptsoft.com)
All rights reserved.
This product includes cryptographic software written by Eric Young (eay@cryptsoft.com)
HDL-5007 WARNING: column 1032 exceeds maximum value 1023 in ../../al_ip/TEMAC_CORE/RTL/TEMAC_CORE_aead6cd6dadd.v(30)
HDL-1007 : back to file '../../al_ip/TEMAC_CORE/RTL/TEMAC_CORE_aead6cd6dadd.v' in ../../al_ip/TEMAC_CORE/RTL/TEMAC_CORE_aead6cd6dadd.v(86)
HDL-5007 WARNING: event expressions must result in a singular type in ../../al_ip/TEMAC_CORE/RTL/TEMAC_CORE_aead6cd6dadd.v(3001)
HDL-1007 : undeclared symbol '**', assumed default net type '**' in ../../al_ip/TEMAC_CORE/RTL/TEMAC_CORE_aead6cd6dadd.v(5050)
HDL-1007 : undeclared symbol '**', assumed default net type '**' in ../../al_ip/TEMAC_CORE/RTL/TEMAC_CORE_aead6cd6dadd.v(5458)
HDL-5007 WARNING: column 1035 exceeds maximum value 1023 in ../../al_ip/TEMAC_CORE/RTL/TEMAC_CORE_aead6cd6dadd.v(6001)
HDL-1007 : back to file '../../al_ip/TEMAC_CORE/RTL/TEMAC_CORE_aead6cd6dadd.v' in ../../al_ip/TEMAC_CORE/RTL/TEMAC_CORE_aead6cd6dadd.v(260)
HDL-1007 : analyze verilog file ../../al_ip/TEMAC_CORE/TEMAC_CORE.v
HDL-1007 : analyze verilog file ../../al_ip/clk_pll.v
HDL-1007 : undeclared symbol 'clk_pll_open0', assumed default net type 'wire' in ../../al_ip/clk_pll.v(85)
HDL-1007 : undeclared symbol 'clk_pll_open8', assumed default net type 'wire' in ../../al_ip/clk_pll.v(91)
HDL-1007 : undeclared symbol 'clk_pll_open7', assumed default net type 'wire' in ../../al_ip/clk_pll.v(91)
HDL-1007 : undeclared symbol 'clk_pll_open6', assumed default net type 'wire' in ../../al_ip/clk_pll.v(91)
HDL-1007 : undeclared symbol 'clk_pll_open5', assumed default net type 'wire' in ../../al_ip/clk_pll.v(91)
HDL-1007 : undeclared symbol 'clk_pll_open4', assumed default net type 'wire' in ../../al_ip/clk_pll.v(91)
HDL-1007 : undeclared symbol 'clk_pll_open3', assumed default net type 'wire' in ../../al_ip/clk_pll.v(91)
HDL-1007 : undeclared symbol 'clk_pll_open2', assumed default net type 'wire' in ../../al_ip/clk_pll.v(91)
HDL-1007 : undeclared symbol 'clk_pll_open1', assumed default net type 'wire' in ../../al_ip/clk_pll.v(91)
HDL-1007 : undeclared symbol 'clk_pll_open10', assumed default net type 'wire' in ../../al_ip/clk_pll.v(93)
HDL-1007 : undeclared symbol 'clk_pll_open9', assumed default net type 'wire' in ../../al_ip/clk_pll.v(93)
HDL-1007 : analyze verilog file ../../al_ip/fifo_sdr_data_2.v
HDL-1007 : analyze verilog file ../../al_ip/pll_50.v
HDL-1007 : undeclared symbol 'open', assumed default net type 'wire' in ../../al_ip/pll_50.v(85)
HDL-1007 : analyze verilog file ../../al_ip/pll_gen.v
HDL-1007 : undeclared symbol 'pll_gen_open0', assumed default net type 'wire' in ../../al_ip/pll_gen.v(99)
HDL-1007 : undeclared symbol 'pll_gen_open8', assumed default net type 'wire' in ../../al_ip/pll_gen.v(105)
HDL-1007 : undeclared symbol 'pll_gen_open7', assumed default net type 'wire' in ../../al_ip/pll_gen.v(105)
HDL-1007 : undeclared symbol 'pll_gen_open6', assumed default net type 'wire' in ../../al_ip/pll_gen.v(105)
HDL-1007 : undeclared symbol 'pll_gen_open5', assumed default net type 'wire' in ../../al_ip/pll_gen.v(105)
HDL-1007 : undeclared symbol 'pll_gen_open4', assumed default net type 'wire' in ../../al_ip/pll_gen.v(105)
HDL-1007 : undeclared symbol 'pll_gen_open3', assumed default net type 'wire' in ../../al_ip/pll_gen.v(105)
HDL-1007 : undeclared symbol 'pll_gen_open2', assumed default net type 'wire' in ../../al_ip/pll_gen.v(105)
HDL-1007 : undeclared symbol 'pll_gen_open1', assumed default net type 'wire' in ../../al_ip/pll_gen.v(105)
HDL-1007 : analyze verilog file ../../al_ip/rx_pll.v
HDL-1007 : undeclared symbol 'open', assumed default net type 'wire' in ../../al_ip/rx_pll.v(78)
HDL-1007 : analyze verilog file ../../al_ip/soft_fifo_sdr_data/RTL/soft_fifo_1ac9ed6c858a.v
HDL-1007 : analyze verilog file ../../al_ip/soft_fifo_sdr_data/RTL/soft_fifo_core_1ac9ed6c858a.v
HDL-1007 : back to file '../../al_ip/soft_fifo_sdr_data/RTL/soft_fifo_core_1ac9ed6c858a.v' in ../../al_ip/soft_fifo_sdr_data/RTL/soft_fifo_core_1ac9ed6c858a.v(1)
HDL-1007 : analyze verilog file ../../al_ip/soft_fifo_sdr_data/soft_fifo_sdr_data.v
HDL-1007 : analyze verilog file ../../../../source_code/rtl/clk_gen_rst_gen.v
HDL-1007 : analyze verilog file ../../../../source_code/rtl/div_clk_gen.v
HDL-1007 : analyze verilog file ../../../../source_code/rtl/IDDR.v
HDL-1007 : analyze verilog file ../../../../source_code/rtl/ODDR.v
HDL-1007 : analyze verilog file ../../../../source_code/rtl/RAMB16_S9_S9.v
HDL-1007 : undeclared symbol 'open', assumed default net type 'wire' in ../../../../source_code/rtl/RAMB16_S9_S9.v(109)
HDL-1007 : analyze verilog file ../../../../source_code/rtl/rgmii_interface.v
HDL-1007 : analyze verilog file ../../../../source_code/rtl/rx_client_fifo.v
HDL-5370 WARNING: parameter 'WAIT_s' becomes localparam in 'rx_client_fifo' with formal parameter declaration list in ../../../../source_code/rtl/rx_client_fifo.v(49)
HDL-5370 WARNING: parameter 'QUEUE1_s' becomes localparam in 'rx_client_fifo' with formal parameter declaration list in ../../../../source_code/rtl/rx_client_fifo.v(50)
HDL-5370 WARNING: parameter 'QUEUE2_s' becomes localparam in 'rx_client_fifo' with formal parameter declaration list in ../../../../source_code/rtl/rx_client_fifo.v(51)
HDL-5370 WARNING: parameter 'QUEUE3_s' becomes localparam in 'rx_client_fifo' with formal parameter declaration list in ../../../../source_code/rtl/rx_client_fifo.v(52)
HDL-5370 WARNING: parameter 'QUEUE_SOF_s' becomes localparam in 'rx_client_fifo' with formal parameter declaration list in ../../../../source_code/rtl/rx_client_fifo.v(53)
HDL-5370 WARNING: parameter 'SOF_s' becomes localparam in 'rx_client_fifo' with formal parameter declaration list in ../../../../source_code/rtl/rx_client_fifo.v(54)
HDL-5370 WARNING: parameter 'DATA_s' becomes localparam in 'rx_client_fifo' with formal parameter declaration list in ../../../../source_code/rtl/rx_client_fifo.v(55)
HDL-5370 WARNING: parameter 'EOF_s' becomes localparam in 'rx_client_fifo' with formal parameter declaration list in ../../../../source_code/rtl/rx_client_fifo.v(56)
HDL-5370 WARNING: parameter 'IDLE_s' becomes localparam in 'rx_client_fifo' with formal parameter declaration list in ../../../../source_code/rtl/rx_client_fifo.v(62)
HDL-5370 WARNING: parameter 'FRAME_s' becomes localparam in 'rx_client_fifo' with formal parameter declaration list in ../../../../source_code/rtl/rx_client_fifo.v(63)
HDL-5370 Similar messages will be suppressed.
HDL-1007 : analyze verilog file ../../../../source_code/rtl/temac_block.v
HDL-1007 : analyze verilog file ../../../../source_code/rtl/temac_clk_gen.v
HDL-1007 : analyze verilog file ../../../../source_code/rtl/tx_client_fifo.v
HDL-5370 WARNING: parameter 'IDLE_s' becomes localparam in 'tx_client_fifo' with formal parameter declaration list in ../../../../source_code/rtl/tx_client_fifo.v(53)
HDL-5370 WARNING: parameter 'QUEUE1_s' becomes localparam in 'tx_client_fifo' with formal parameter declaration list in ../../../../source_code/rtl/tx_client_fifo.v(54)
HDL-5370 WARNING: parameter 'QUEUE2_s' becomes localparam in 'tx_client_fifo' with formal parameter declaration list in ../../../../source_code/rtl/tx_client_fifo.v(55)
HDL-5370 WARNING: parameter 'QUEUE3_s' becomes localparam in 'tx_client_fifo' with formal parameter declaration list in ../../../../source_code/rtl/tx_client_fifo.v(56)
HDL-5370 WARNING: parameter 'QUEUE_ACK_s' becomes localparam in 'tx_client_fifo' with formal parameter declaration list in ../../../../source_code/rtl/tx_client_fifo.v(57)
HDL-5370 WARNING: parameter 'WAIT_ACK_s' becomes localparam in 'tx_client_fifo' with formal parameter declaration list in ../../../../source_code/rtl/tx_client_fifo.v(58)
HDL-5370 WARNING: parameter 'FRAME_s' becomes localparam in 'tx_client_fifo' with formal parameter declaration list in ../../../../source_code/rtl/tx_client_fifo.v(59)
HDL-5370 WARNING: parameter 'DROP_s' becomes localparam in 'tx_client_fifo' with formal parameter declaration list in ../../../../source_code/rtl/tx_client_fifo.v(60)
HDL-5370 WARNING: parameter 'RETRANSMIT_s' becomes localparam in 'tx_client_fifo' with formal parameter declaration list in ../../../../source_code/rtl/tx_client_fifo.v(61)
HDL-5370 WARNING: parameter 'WAIT_s' becomes localparam in 'tx_client_fifo' with formal parameter declaration list in ../../../../source_code/rtl/tx_client_fifo.v(67)
HDL-5370 Similar messages will be suppressed.
HDL-1007 : analyze verilog file ../../../../source_code/rtl/tx_clk_en_gen.v
HDL-1007 : analyze verilog file ../../../../source_code/rtl/udp_data_tpg.v
HDL-1007 : analyze verilog file ../../../../source_code/rtl/UDP_Example_Top.v
HDL-1007 : undeclared symbol 'phy_reset', assumed default net type 'wire' in ../../../../source_code/rtl/UDP_Example_Top.v(335)
HDL-5333 WARNING: data object 'rst_n' is already declared in ../../../../source_code/rtl/UDP_Example_Top.v(656)
HDL-1007 : previous declaration of 'rst_n' is from here in ../../../../source_code/rtl/UDP_Example_Top.v(160)
HDL-5007 WARNING: second declaration of 'rst_n' is ignored in ../../../../source_code/rtl/UDP_Example_Top.v(656)
HDL-1007 : undeclared symbol 'tpg_data_done', assumed default net type 'wire' in ../../../../source_code/rtl/UDP_Example_Top.v(777)
HDL-5373 WARNING: identifier 'Sdr_init_done' is used before its declaration in ../../../../source_code/rtl/UDP_Example_Top.v(207)
HDL-5373 WARNING: identifier 'Sdr_init_done' is used before its declaration in ../../../../source_code/rtl/UDP_Example_Top.v(208)
HDL-1007 : analyze verilog file ../../../../source_code/rtl/udp_ip_protocol_stack_merge.enc.v
HDL-1007 : back to file '../../../../source_code/rtl/udp_ip_protocol_stack_merge.enc.v' in ../../../../source_code/rtl/udp_ip_protocol_stack_merge.enc.v(56)
HDL-1007 : undeclared symbol '**', assumed default net type '**' in ../../../../source_code/rtl/udp_ip_protocol_stack_merge.enc.v(2638)
HDL-1007 : back to file '../../../../source_code/rtl/udp_ip_protocol_stack_merge.enc.v' in ../../../../source_code/rtl/udp_ip_protocol_stack_merge.enc.v(420)
HDL-1007 : analyze verilog file ../../../../source_code/rtl/udp_loopback.v
HDL-1007 : analyze verilog file ../../../../source_code/rtl/sdr/rtl/app_wrrd.v
HDL-1007 : analyze included file ../../../../source_code/rtl/sdr/rtl/../include/global_def.v in ../../../../source_code/rtl/sdr/rtl/app_wrrd.v(10)
HDL-1007 : back to file '../../../../source_code/rtl/sdr/rtl/app_wrrd.v' in ../../../../source_code/rtl/sdr/rtl/app_wrrd.v(10)
HDL-5372 WARNING: redeclaration of ANSI port 'full_flag' is not allowed in ../../../../source_code/rtl/sdr/rtl/app_wrrd.v(61)
HDL-1007 : undeclared symbol 'afull', assumed default net type 'wire' in ../../../../source_code/rtl/sdr/rtl/app_wrrd.v(74)
HDL-1007 : undeclared symbol 'aempty', assumed default net type 'wire' in ../../../../source_code/rtl/sdr/rtl/app_wrrd.v(75)
HDL-1007 : undeclared symbol 'wrusedw', assumed default net type 'wire' in ../../../../source_code/rtl/sdr/rtl/app_wrrd.v(76)
HDL-5333 WARNING: data object 'w_addr_cnt' is already declared in ../../../../source_code/rtl/sdr/rtl/app_wrrd.v(139)
HDL-1007 : previous declaration of 'w_addr_cnt' is from here in ../../../../source_code/rtl/sdr/rtl/app_wrrd.v(38)
HDL-5007 WARNING: second declaration of 'w_addr_cnt' is ignored in ../../../../source_code/rtl/sdr/rtl/app_wrrd.v(139)
HDL-1007 : analyze verilog file ../../../../source_code/rtl/sdr/rtl/sdram_top.v
HDL-1007 : analyze included file ../../../../source_code/rtl/sdr/rtl/../include/global_def.v in ../../../../source_code/rtl/sdr/rtl/sdram_top.v(10)
HDL-1007 : back to file '../../../../source_code/rtl/sdr/rtl/sdram_top.v' in ../../../../source_code/rtl/sdr/rtl/sdram_top.v(10)
HDL-1007 : undeclared symbol 'Rst_n', assumed default net type 'wire' in ../../../../source_code/rtl/sdr/rtl/sdram_top.v(70)
HDL-5372 WARNING: redeclaration of ANSI port 'wr_done' is not allowed in ../../../../source_code/rtl/sdr/rtl/sdram_top.v(73)
HDL-1007 : undeclared symbol 'SDR_CKE', assumed default net type 'wire' in ../../../../source_code/rtl/sdr/rtl/sdram_top.v(132)
HDL-1007 : analyze verilog file ../../../../source_code/rtl/sdr/rtl/enc_file/sdr_as_ram.enc.v
HDL-1007 : back to file '../../../../source_code/rtl/sdr/rtl/enc_file/sdr_as_ram.enc.v' in ../../../../source_code/rtl/sdr/rtl/enc_file/sdr_as_ram.enc.v(45)
HDL-1007 : analyze verilog file ../../../../source_code/rtl/sdr/rtl/enc_file/sdr_init_ref.enc.v
HDL-1007 : undeclared symbol '**', assumed default net type '**' in ../../../../source_code/rtl/sdr/rtl/enc_file/sdr_init_ref.enc.v(57)
HDL-1007 : back to file '../../../../source_code/rtl/sdr/rtl/enc_file/sdr_init_ref.enc.v' in ../../../../source_code/rtl/sdr/rtl/enc_file/sdr_init_ref.enc.v(148)
HDL-5007 WARNING: concatenation with an unsized literal will be treated as 32 bits in ../../../../source_code/rtl/sdr/rtl/enc_file/sdr_init_ref.enc.v(47)
HDL-1007 : analyze verilog file ../../../../source_code/rtl/sdr/rtl/enc_file/sdr_wrrd.enc.v
HDL-5007 WARNING: concatenation with an unsized literal will be treated as 32 bits in ../../../../source_code/rtl/sdr/rtl/enc_file/sdr_wrrd.enc.v(283)
HDL-1007 : back to file '../../../../source_code/rtl/sdr/rtl/enc_file/sdr_wrrd.enc.v' in ../../../../source_code/rtl/sdr/rtl/enc_file/sdr_wrrd.enc.v(19)
HDL-1007 : analyze verilog file ../../../../source_code/rtl/ov5640/ov5640_dri.v
HDL-1007 : analyze verilog file ../../../../source_code/rtl/ov5640/ov5640_delay.v
HDL-1007 : analyze verilog file ../../../../source_code/rtl/ov5640/i2c_ov5640_rgb565_cfg.v
HDL-1007 : analyze verilog file ../../../../source_code/rtl/ov5640/i2c_dri.v
HDL-1007 : analyze verilog file ../../../../source_code/rtl/ov5640/cmos_capture_data.v
PRJ-1401 : Successfully analyzed 36 source files.
RUN-1002 : start command "set_param gate map_opt_area high"
RUN-1002 : start command "set_param gate mapmacro_opt_timing high"
RUN-1002 : start command "commit_param -step design"
RUN-1001 : Print Global Property
RUN-1001 : --------------------------------------------------------
RUN-1001 :   Parameters   |  Settings  |  Default Values  |  Note  
RUN-1001 : --------------------------------------------------------
RUN-1001 :   enable_seed  |    off     |       off        |        
RUN-1001 :     message    |  standard  |     standard     |        
RUN-1001 :   qor_monitor  |     on     |        on        |        
RUN-1001 :   syn_ip_flow  |    off     |       off        |        
RUN-1001 :     thread     |    auto    |       auto       |        
RUN-1001 : --------------------------------------------------------
RUN-1001 : Print Design Property
RUN-1001 : ----------------------------------------------------------------
RUN-1001 :       Parameters       |  Settings  |  Default Values  |  Note  
RUN-1001 : ----------------------------------------------------------------
RUN-1001 :   default_reg_initial  |    auto    |       auto       |        
RUN-1001 :    hdl_warning_level   |   normal   |      normal      |        
RUN-1001 : ----------------------------------------------------------------
RUN-1002 : start command "elaborate -top UDP_Example_Top"
HDL-1007 : port 'cam_init_done' remains unconnected for this instance in ../../../../source_code/rtl/UDP_Example_Top.v(213)
HDL-1007 : port 'LED' remains unconnected for this instance in ../../../../source_code/rtl/UDP_Example_Top.v(305)
HDL-1007 : port 'wr_done' remains unconnected for this instance in ../../../../source_code/rtl/UDP_Example_Top.v(305)
HDL-1007 : port 'UDP_PKT_BYTES' remains unconnected for this instance in ../../../../source_code/rtl/UDP_Example_Top.v(305)
HDL-1007 : port 'clk2_out' remains unconnected for this instance in ../../../../source_code/rtl/UDP_Example_Top.v(947)
HDL-1007 : port 'tri_speed' remains unconnected for this instance in ../../../../source_code/rtl/UDP_Example_Top.v(956)
HDL-1007 : port 'mdio_o' remains unconnected for this instance in ../../../../source_code/rtl/UDP_Example_Top.v(956)
HDL-1007 : port 'mdio_oen' remains unconnected for this instance in ../../../../source_code/rtl/UDP_Example_Top.v(956)
HDL-1007 : port 'mdio_clk' remains unconnected for this instance in ../../../../source_code/rtl/UDP_Example_Top.v(956)
HDL-1007 : elaborate module UDP_Example_Top in ../../../../source_code/rtl/UDP_Example_Top.v(30)
HDL-1007 : elaborate module pll_50 in ../../al_ip/pll_50.v(24)
HDL-1007 : elaborate module EG_LOGIC_BUFG in D:\Anlogic\TD_6.2.1_Engineer_6.2.168.116\arch/eagle_macro.v(5)
HDL-1007 : elaborate module EG_PHY_PLL(FIN="50.000000",CLKC0_DIV=20,CLKC1_DIV=20,CLKC2_DIV=4,CLKC0_ENABLE="ENABLE",CLKC1_ENABLE="ENABLE",CLKC2_ENABLE="ENABLE",FEEDBK_PATH="CLKC0_EXT",STDBY_ENABLE="DISABLE",CLKC0_CPHASE=19,CLKC1_CPHASE=9,CLKC2_CPHASE=3,GMC_GAIN=4,ICP_CURRENT=13,KVCO=4,LPF_CAPACITOR=1,LPF_RESISTOR=4,SYNC_ENABLE="DISABLE") in D:\Anlogic\TD_6.2.1_Engineer_6.2.168.116\arch/eagle_macro.v(889)
HDL-1007 : port 'i2c_ack' remains unconnected for this instance in ../../../../source_code/rtl/ov5640/ov5640_dri.v(94)
HDL-1007 : elaborate module ov5640_dri in ../../../../source_code/rtl/ov5640/ov5640_dri.v(24)
HDL-1007 : elaborate module i2c_ov5640_rgb565_cfg in ../../../../source_code/rtl/ov5640/i2c_ov5640_rgb565_cfg.v(24)
HDL-1007 : elaborate module i2c_dri(SLAVE_ADDR=7'b0111100,CLK_FREQ=27'b010111110101111000010000000) in ../../../../source_code/rtl/ov5640/i2c_dri.v(24)
HDL-1007 : elaborate module cmos_capture_data in ../../../../source_code/rtl/ov5640/cmos_capture_data.v(23)
HDL-1007 : elaborate module ov5640_delay in ../../../../source_code/rtl/ov5640/ov5640_delay.v(1)
HDL-1007 : elaborate module sdram_top in ../../../../source_code/rtl/sdr/rtl/sdram_top.v(12)
HDL-1007 : elaborate module clk_pll in ../../al_ip/clk_pll.v(24)
HDL-1007 : elaborate module EG_PHY_PLL(FIN="50.000000",REFCLK_DIV=4,CLKC0_DIV=80,CLKC1_DIV=8,CLKC2_DIV=8,CLKC0_ENABLE="ENABLE",CLKC1_ENABLE="ENABLE",CLKC2_ENABLE="ENABLE",FEEDBK_PATH="CLKC0_EXT",STDBY_ENABLE="DISABLE",CLKC0_CPHASE=79,CLKC1_CPHASE=7,CLKC2_CPHASE=3,GMC_GAIN=0,ICP_CURRENT=9,KVCO=2,LPF_CAPACITOR=2,LPF_RESISTOR=8,SYNC_ENABLE="DISABLE") in D:\Anlogic\TD_6.2.1_Engineer_6.2.168.116\arch/eagle_macro.v(889)
HDL-1007 : elaborate module app_wrrd in ../../../../source_code/rtl/sdr/rtl/app_wrrd.v(12)
HDL-1007 : port 'doa' remains unconnected for this instance in ../../al_ip/fifo_sdr_data_2.v(226)
HDL-1007 : port 'dib' remains unconnected for this instance in ../../al_ip/fifo_sdr_data_2.v(226)
HDL-1007 : elaborate module fifo_sdr_data_2 in ../../al_ip/fifo_sdr_data_2.v(13)
HDL-1007 : elaborate module fifo_cross_domain_addr_process_al_fifo_sdr_data_2(ADDR_WIDTH=12) in ../../al_ip/fifo_sdr_data_2.v(250)
HDL-1007 : elaborate module ram_infer_fifo_sdr_data_2(DATAWIDTH_A=24,ADDRWIDTH_A=12,DATAWIDTH_B=24,ADDRWIDTH_B=12) in ../../al_ip/fifo_sdr_data_2.v(333)
HDL-1007 : extracting RAM for identifier 'memory' in ../../al_ip/fifo_sdr_data_2.v(398)
HDL-5317 WARNING: input port 'dib[23]' is not connected on this instance in ../../al_ip/fifo_sdr_data_2.v(231)
HDL-5007 WARNING: actual bit length 32 differs from formal bit length 24 for port 'dout' in ../../../../source_code/rtl/sdr/rtl/app_wrrd.v(70)
HDL-5007 WARNING: actual bit length 1 differs from formal bit length 12 for port 'wrusedw' in ../../../../source_code/rtl/sdr/rtl/app_wrrd.v(76)
HDL-5007 WARNING: actual bit length 10 differs from formal bit length 12 for port 'rdusedw' in ../../../../source_code/rtl/sdr/rtl/app_wrrd.v(77)
HDL-1007 : elaborate module sdr_as_ram(self_refresh_open=1'b1) in ../../../../source_code/rtl/sdr/rtl/enc_file/sdr_as_ram.enc.v(12)
HDL-5007 WARNING: concatenation with an unsized literal will be treated as 32 bits in ../../../../source_code/rtl/sdr/rtl/enc_file/sdr_init_ref.enc.v(47)
HDL-1007 : elaborate module sdr_init_ref(self_refresh_open=1'b1) in ../../../../source_code/rtl/sdr/rtl/enc_file/sdr_init_ref.enc.v(12)
HDL-5007 WARNING: concatenation with an unsized literal will be treated as 32 bits in ../../../../source_code/rtl/sdr/rtl/enc_file/sdr_wrrd.enc.v(283)
HDL-1007 : elaborate module ** in ../../../../source_code/rtl/sdr/rtl/enc_file/sdr_wrrd.enc.v(3)
HDL-5317 WARNING: input port '**' is not connected on this instance in ../../../../source_code/rtl/sdr/rtl/enc_file/sdr_as_ram.enc.v(17)
HDL-1007 : elaborate module EG_PHY_SDRAM_2M_32 in D:\Anlogic\TD_6.2.1_Engineer_6.2.168.116\arch/eagle_macro.v(683)
HDL-5314 WARNING: net 'Check_ok' does not have a driver in ../../../../source_code/rtl/sdr/rtl/sdram_top.v(56)
HDL-5007 WARNING: actual bit length 24 differs from formal bit length 32 for port 'Sdr_rd_dout' in ../../../../source_code/rtl/UDP_Example_Top.v(314)
HDL-1007 : elaborate module clk_gen_rst_gen in ../../../../source_code/rtl/clk_gen_rst_gen.v(31)
HDL-1007 : elaborate module pll_gen in ../../al_ip/pll_gen.v(26)
HDL-1007 : elaborate module EG_PHY_PLL(FIN="50.000000",REFCLK_DIV=2,FBCLK_DIV=5,CLKC0_DIV=8,CLKC1_DIV=8,CLKC2_DIV=80,CLKC3_DIV=40,CLKC4_DIV=8,CLKC0_ENABLE="ENABLE",CLKC1_ENABLE="ENABLE",CLKC2_ENABLE="ENABLE",CLKC3_ENABLE="ENABLE",CLKC4_ENABLE="ENABLE",FEEDBK_PATH="CLKC0_EXT",STDBY_ENABLE="DISABLE",CLKC0_CPHASE=7,CLKC1_CPHASE=7,CLKC2_CPHASE=79,CLKC3_CPHASE=39,GMC_GAIN=2,ICP_CURRENT=9,KVCO=2,LPF_CAPACITOR=1,LPF_RESISTOR=8,SYNC_ENABLE="DISABLE") in D:\Anlogic\TD_6.2.1_Engineer_6.2.168.116\arch/eagle_macro.v(889)
HDL-1007 : elaborate module div_clk_gen in ../../../../source_code/rtl/div_clk_gen.v(31)
HDL-1007 : elaborate module udp_data_tpg in ../../../../source_code/rtl/udp_data_tpg.v(1)
HDL-1007 : port 'afull' remains unconnected for this instance in ../../../../source_code/rtl/udp_loopback.v(69)
HDL-1007 : port 'aempty' remains unconnected for this instance in ../../../../source_code/rtl/udp_loopback.v(69)
HDL-1007 : elaborate module udp_loopback(WORDS_PER_PKT=480) in ../../../../source_code/rtl/udp_loopback.v(23)
HDL-1007 : elaborate module ** in ../../../../source_code/rtl/udp_ip_protocol_stack_merge.enc.v(2405)
HDL-1007 : elaborate module ** in ../../../../source_code/rtl/udp_ip_protocol_stack_merge.enc.v(2482)
HDL-1007 : elaborate module EG_LOGIC_BRAM(DATA_WIDTH_A=24,DATA_WIDTH_B=24,ADDR_WIDTH_A=12,ADDR_WIDTH_B=12,DATA_DEPTH_A=4096,DATA_DEPTH_B=4096,MODE="PDPW",RESETMODE="ASYNC") in D:\Anlogic\TD_6.2.1_Engineer_6.2.168.116\arch/eagle_macro.v(986)
HDL-5007 WARNING: actual bit length ** differs from formal bit length *** for port '**' in ../../../../source_code/rtl/udp_ip_protocol_stack_merge.enc.v(2666)
HDL-5007 WARNING: actual bit length ** differs from formal bit length *** for port '**' in ../../../../source_code/rtl/udp_ip_protocol_stack_merge.enc.v(2671)
HDL-1007 : elaborate module ** in ../../../../source_code/rtl/udp_ip_protocol_stack_merge.enc.v(3068)
HDL-5007 WARNING: actual bit length 12 differs from formal bit length 13 for port 'wrusedw' in ../../../../source_code/rtl/udp_loopback.v(89)
HDL-5007 WARNING: actual bit length 12 differs from formal bit length 13 for port 'rdusedw' in ../../../../source_code/rtl/udp_loopback.v(90)
HDL-1007 : port '**' remains unconnected for this instance in ../../../../source_code/rtl/udp_ip_protocol_stack_merge.enc.v(284)
HDL-1007 : port '**' remains unconnected for this instance in ../../../../source_code/rtl/udp_ip_protocol_stack_merge.enc.v(284)
HDL-1007 : port '**' remains unconnected for this instance in ../../../../source_code/rtl/udp_ip_protocol_stack_merge.enc.v(284)
HDL-1007 : elaborate module udp_ip_protocol_stack(LOCAL_UDP_PORT_NUM=16'b010,LOCAL_IP_ADDRESS=32'b11000000101010001111000000000010,LOCAL_MAC_ADDRESS=48'b010010001101000101011001111000100110111010) in ../../../../source_code/rtl/udp_ip_protocol_stack_merge.enc.v(2)
HDL-1007 : elaborate module ** in ../../../../source_code/rtl/udp_ip_protocol_stack_merge.enc.v(3861)
HDL-1007 : elaborate module ** in ../../../../source_code/rtl/udp_ip_protocol_stack_merge.enc.v(4077)
HDL-1007 : elaborate module ** in ../../../../source_code/rtl/udp_ip_protocol_stack_merge.enc.v(3465)
HDL-1007 : elaborate module ** in ../../../../source_code/rtl/udp_ip_protocol_stack_merge.enc.v(3963)
HDL-1007 : port '**' remains unconnected for this instance in ../../../../source_code/rtl/udp_ip_protocol_stack_merge.enc.v(1251)
HDL-1007 : port '**' remains unconnected for this instance in ../../../../source_code/rtl/udp_ip_protocol_stack_merge.enc.v(1251)
HDL-1007 : elaborate module ** in ../../../../source_code/rtl/udp_ip_protocol_stack_merge.enc.v(1172)
HDL-1007 : elaborate module ** in ../../../../source_code/rtl/udp_ip_protocol_stack_merge.enc.v(2405)
HDL-1007 : elaborate module ** in ../../../../source_code/rtl/udp_ip_protocol_stack_merge.enc.v(2482)
HDL-1007 : elaborate module EG_LOGIC_BRAM(DATA_WIDTH_A=8,DATA_WIDTH_B=8,ADDR_WIDTH_A=11,ADDR_WIDTH_B=11,DATA_DEPTH_A=2048,DATA_DEPTH_B=2048,MODE="PDPW",RESETMODE="ASYNC") in D:\Anlogic\TD_6.2.1_Engineer_6.2.168.116\arch/eagle_macro.v(986)
HDL-5007 WARNING: actual bit length ** differs from formal bit length *** for port '**' in ../../../../source_code/rtl/udp_ip_protocol_stack_merge.enc.v(2666)
HDL-5007 WARNING: actual bit length ** differs from formal bit length *** for port '**' in ../../../../source_code/rtl/udp_ip_protocol_stack_merge.enc.v(2671)
HDL-1007 : elaborate module ** in ../../../../source_code/rtl/udp_ip_protocol_stack_merge.enc.v(3068)
HDL-1007 : elaborate module ** in ../../../../source_code/rtl/udp_ip_protocol_stack_merge.enc.v(1601)
HDL-1007 : elaborate module ** in ../../../../source_code/rtl/udp_ip_protocol_stack_merge.enc.v(3465)
HDL-1007 : elaborate module ** in ../../../../source_code/rtl/udp_ip_protocol_stack_merge.enc.v(909)
HDL-1007 : elaborate module ** in ../../../../source_code/rtl/udp_ip_protocol_stack_merge.enc.v(1374)
HDL-1007 : elaborate module ** in ../../../../source_code/rtl/udp_ip_protocol_stack_merge.enc.v(1079)
HDL-1007 : elaborate module ** in ../../../../source_code/rtl/udp_ip_protocol_stack_merge.enc.v(713)
HDL-1007 : elaborate module ** in ../../../../source_code/rtl/udp_ip_protocol_stack_merge.enc.v(26)
HDL-1007 : elaborate module ** in ../../../../source_code/rtl/udp_ip_protocol_stack_merge.enc.v(436)
HDL-1007 : elaborate module ** in ../../../../source_code/rtl/udp_ip_protocol_stack_merge.enc.v(223)
HDL-1007 : elaborate module ** in ../../../../source_code/rtl/udp_ip_protocol_stack_merge.enc.v(1920)
HDL-1007 : elaborate module ** in ../../../../source_code/rtl/udp_ip_protocol_stack_merge.enc.v(3190)
HDL-1007 : elaborate module ** in ../../../../source_code/rtl/udp_ip_protocol_stack_merge.enc.v(3113)
HDL-1007 : elaborate module ** in ../../../../source_code/rtl/udp_ip_protocol_stack_merge.enc.v(3537)
HDL-1007 : elaborate module ** in ../../../../source_code/rtl/udp_ip_protocol_stack_merge.enc.v(3465)
HDL-1007 : elaborate module ** in ../../../../source_code/rtl/udp_ip_protocol_stack_merge.enc.v(3465)
HDL-1007 : elaborate module rx_pll in ../../al_ip/rx_pll.v(24)
HDL-1007 : elaborate module EG_PHY_PLL(FIN="125.000",CLKC0_DIV=8,CLKC1_DIV=8,CLKC2_DIV=4,CLKC0_ENABLE="ENABLE",CLKC1_ENABLE="ENABLE",CLKC2_ENABLE="ENABLE",FEEDBK_PATH="CLKC0_EXT",STDBY_ENABLE="DISABLE",CLKC0_CPHASE=7,CLKC1_CPHASE=7,CLKC2_CPHASE=3,GMC_GAIN=6,GMC_TEST=15,ICP_CURRENT=13,KVCO=4,LPF_CAPACITOR=1,LPF_RESISTOR=2,SYNC_ENABLE="DISABLE") in D:\Anlogic\TD_6.2.1_Engineer_6.2.168.116\arch/eagle_macro.v(889)
HDL-1007 : elaborate module temac_block in ../../../../source_code/rtl/temac_block.v(2)
HDL-1007 : elaborate module tx_clk_en_gen in ../../../../source_code/rtl/tx_clk_en_gen.v(16)
HDL-1007 : elaborate module rgmii_interface in ../../../../source_code/rtl/rgmii_interface.v(14)
HDL-1007 : elaborate module ODDR in ../../../../source_code/rtl/ODDR.v(23)
HDL-1007 : elaborate module EG_LOGIC_ODDR in D:\Anlogic\TD_6.2.1_Engineer_6.2.168.116\arch/eagle_macro.v(66)
HDL-1007 : elaborate module IDDR(DEVICE="EG4") in ../../../../source_code/rtl/IDDR.v(23)
HDL-1007 : elaborate module EG_LOGIC_IDDR in D:\Anlogic\TD_6.2.1_Engineer_6.2.168.116\arch/eagle_macro.v(57)
HDL-1007 : elaborate module TEMAC_CORE in ../../al_ip/TEMAC_CORE/TEMAC_CORE.v(9)
HDL-1007 : elaborate module mac_core_aead6cd6dadd(P_HOST_EN=1'b0,P_ADD_FILT_LIST=0) in ../../al_ip/TEMAC_CORE/RTL/mac_core_aead6cd6dadd.v(14)
HDL-1007 : elaborate module TEMAC_CORE_aead6cd6dadd(P_HALF_DUPLEX=1'b1) in ../../al_ip/TEMAC_CORE/RTL/TEMAC_CORE_aead6cd6dadd.v(1)
HDL-1007 : elaborate module ** in ../../al_ip/TEMAC_CORE/RTL/TEMAC_CORE_aead6cd6dadd.v(9306)
HDL-1007 : elaborate module ** in ../../al_ip/TEMAC_CORE/RTL/TEMAC_CORE_aead6cd6dadd.v(186)
HDL-1007 : elaborate module ** in ../../al_ip/TEMAC_CORE/RTL/TEMAC_CORE_aead6cd6dadd.v(5470)
HDL-1007 : elaborate module ** in ../../al_ip/TEMAC_CORE/RTL/TEMAC_CORE_aead6cd6dadd.v(6852)
HDL-1007 : elaborate module ** in ../../al_ip/TEMAC_CORE/RTL/TEMAC_CORE_aead6cd6dadd.v(7513)
HDL-1007 : elaborate module ** in ../../al_ip/TEMAC_CORE/RTL/TEMAC_CORE_aead6cd6dadd.v(3818)
HDL-1007 : elaborate module ** in ../../al_ip/TEMAC_CORE/RTL/TEMAC_CORE_aead6cd6dadd.v(3754)
HDL-1007 : elaborate module ** in ../../al_ip/TEMAC_CORE/RTL/TEMAC_CORE_aead6cd6dadd.v(3865)
HDL-1007 : elaborate module ** in ../../al_ip/TEMAC_CORE/RTL/TEMAC_CORE_aead6cd6dadd.v(3808)
HDL-1007 : elaborate module ** in ../../al_ip/TEMAC_CORE/RTL/TEMAC_CORE_aead6cd6dadd.v(3829)
HDL-5007 WARNING: specify block is ignored for synthesis in ../../al_ip/TEMAC_CORE/RTL/TEMAC_CORE_aead6cd6dadd.v(3840)
HDL-1007 : elaborate module ** in ../../al_ip/TEMAC_CORE/RTL/TEMAC_CORE_aead6cd6dadd.v(7839)
HDL-1007 : elaborate module ** in ../../al_ip/TEMAC_CORE/RTL/TEMAC_CORE_aead6cd6dadd.v(1251)
HDL-1007 : elaborate module ** in ../../al_ip/TEMAC_CORE/RTL/TEMAC_CORE_aead6cd6dadd.v(8904)
HDL-1007 : elaborate module ** in ../../al_ip/TEMAC_CORE/RTL/TEMAC_CORE_aead6cd6dadd.v(6199)
HDL-1007 : elaborate module ** in ../../al_ip/TEMAC_CORE/RTL/TEMAC_CORE_aead6cd6dadd.v(4813)
HDL-1007 : elaborate module ** in ../../al_ip/TEMAC_CORE/RTL/TEMAC_CORE_aead6cd6dadd.v(3988)
HDL-1007 : elaborate module ** in ../../al_ip/TEMAC_CORE/RTL/TEMAC_CORE_aead6cd6dadd.v(225)
HDL-1007 : elaborate module ** in ../../al_ip/TEMAC_CORE/RTL/TEMAC_CORE_aead6cd6dadd.v(3844)
HDL-1007 : elaborate module ** in ../../al_ip/TEMAC_CORE/RTL/TEMAC_CORE_aead6cd6dadd.v(4444)
HDL-1007 : elaborate module ** in ../../al_ip/TEMAC_CORE/RTL/TEMAC_CORE_aead6cd6dadd.v(6947)
HDL-1007 : elaborate module ** in ../../al_ip/TEMAC_CORE/RTL/TEMAC_CORE_aead6cd6dadd.v(6270)
HDL-1007 : elaborate module ** in ../../al_ip/TEMAC_CORE/RTL/TEMAC_CORE_aead6cd6dadd.v(8504)
HDL-1007 : elaborate module ** in ../../al_ip/TEMAC_CORE/RTL/TEMAC_CORE_aead6cd6dadd.v(8272)
HDL-1007 : elaborate module ** in ../../al_ip/TEMAC_CORE/RTL/TEMAC_CORE_aead6cd6dadd.v(4209)
HDL-1007 : elaborate module ** in ../../al_ip/TEMAC_CORE/RTL/TEMAC_CORE_aead6cd6dadd.v(4055)
HDL-1007 : elaborate module ** in ../../al_ip/TEMAC_CORE/RTL/TEMAC_CORE_aead6cd6dadd.v(253)
HDL-1007 : elaborate module ** in ../../al_ip/TEMAC_CORE/RTL/TEMAC_CORE_aead6cd6dadd.v(4147)
HDL-5314 WARNING: net '**' does not have a driver in ../../al_ip/TEMAC_CORE/RTL/TEMAC_CORE_aead6cd6dadd.v(353)
HDL-5314 WARNING: net '**' does not have a driver in ../../al_ip/TEMAC_CORE/RTL/TEMAC_CORE_aead6cd6dadd.v(9517)
HDL-5314 WARNING: net '**' does not have a driver in ../../al_ip/TEMAC_CORE/RTL/TEMAC_CORE_aead6cd6dadd.v(9520)
HDL-5314 WARNING: net '**' does not have a driver in ../../al_ip/TEMAC_CORE/RTL/TEMAC_CORE_aead6cd6dadd.v(9525)
HDL-5314 WARNING: net '**' does not have a driver in ../../al_ip/TEMAC_CORE/RTL/TEMAC_CORE_aead6cd6dadd.v(9526)
HDL-5314 WARNING: net '**' does not have a driver in ../../al_ip/TEMAC_CORE/RTL/TEMAC_CORE_aead6cd6dadd.v(9527)
HDL-5314 WARNING: net '**' does not have a driver in ../../al_ip/TEMAC_CORE/RTL/TEMAC_CORE_aead6cd6dadd.v(9528)
HDL-5007 WARNING: actual bit length 20 differs from formal bit length 85 for port 'mac_cfg_vector' in ../../../../source_code/rtl/temac_block.v(360)
HDL-5323 WARNING: input port 'mac_has_sgmii' remains unconnected for this instance in ../../../../source_code/rtl/temac_block.v(294)
HDL-1007 : elaborate module udp_clk_gen in ../../../../source_code/rtl/temac_clk_gen.v(30)
HDL-1007 : elaborate module tx_client_fifo(DEVICE="EG4") in ../../../../source_code/rtl/tx_client_fifo.v(14)
HDL-1007 : elaborate module RAMB16_S9_S9(DEVICE="EG4") in ../../../../source_code/rtl/RAMB16_S9_S9.v(4)
HDL-1007 : elaborate module EG_LOGIC_BRAM(DATA_WIDTH_B=9,ADDR_WIDTH_A=11,ADDR_WIDTH_B=11,DATA_DEPTH_A=2048,DATA_DEPTH_B=2048,WRITEMODE_A="WRITETHROUGH",WRITEMODE_B="WRITETHROUGH") in D:\Anlogic\TD_6.2.1_Engineer_6.2.168.116\arch/eagle_macro.v(986)
HDL-5007 WARNING: actual bit length 32 differs from formal bit length 1 for port 'cea' in ../../../../source_code/rtl/tx_client_fifo.v(1293)
HDL-5007 WARNING: actual bit length 32 differs from formal bit length 1 for port 'web' in ../../../../source_code/rtl/tx_client_fifo.v(1303)
HDL-5007 WARNING: actual bit length 32 differs from formal bit length 1 for port 'cea' in ../../../../source_code/rtl/tx_client_fifo.v(1315)
HDL-5007 WARNING: actual bit length 32 differs from formal bit length 1 for port 'web' in ../../../../source_code/rtl/tx_client_fifo.v(1325)
HDL-5323 WARNING: input port 'dib[8]' remains unconnected for this instance in ../../../../source_code/rtl/tx_client_fifo.v(1291)
HDL-5323 WARNING: input port 'dib[8]' remains unconnected for this instance in ../../../../source_code/rtl/tx_client_fifo.v(1312)
HDL-1007 : elaborate module rx_client_fifo(DEVICE="EG4") in ../../../../source_code/rtl/rx_client_fifo.v(14)
HDL-5007 WARNING: actual bit length 32 differs from formal bit length 1 for port 'cea' in ../../../../source_code/rtl/rx_client_fifo.v(873)
HDL-5007 WARNING: actual bit length 32 differs from formal bit length 1 for port 'web' in ../../../../source_code/rtl/rx_client_fifo.v(883)
HDL-5007 WARNING: actual bit length 32 differs from formal bit length 1 for port 'cea' in ../../../../source_code/rtl/rx_client_fifo.v(894)
HDL-5007 WARNING: actual bit length 32 differs from formal bit length 1 for port 'web' in ../../../../source_code/rtl/rx_client_fifo.v(904)
HDL-5323 WARNING: input port 'dib[8]' remains unconnected for this instance in ../../../../source_code/rtl/rx_client_fifo.v(871)
HDL-5323 WARNING: input port 'dib[8]' remains unconnected for this instance in ../../../../source_code/rtl/rx_client_fifo.v(892)
HDL-5323 WARNING: input port 'mdio_i' remains unconnected for this instance in ../../../../source_code/rtl/UDP_Example_Top.v(959)
HDL-5001 WARNING: Contains anonymous inst(s) and/or net(s) that have not been renamed
HDL-1200 : Current top model is UDP_Example_Top
HDL-1100 : Inferred 1 RAMs.
RUN-1003 : finish command "elaborate -top UDP_Example_Top" in  1.594923s wall, 1.468750s user + 0.078125s system = 1.546875s CPU (97.0%)

RUN-1004 : used memory is 229 MB, reserved memory is 220 MB, peak memory is 229 MB
RUN-1002 : start command "read_adc ../../../../source_code/constraints/UDP.adc"
RUN-1002 : start command "set_pin_assignment  clk_50   LOCATION = R7; IOSTANDARD = LVCMOS33; PULLTYPE = NONE; "
RUN-1002 : start command "set_pin_assignment  led[0]   LOCATION = virtualIO; "
RUN-1002 : start command "set_pin_assignment  led[1]   LOCATION = virtualIO; "
RUN-1002 : start command "set_pin_assignment  led[2]   LOCATION = virtualIO; "
RUN-1002 : start command "set_pin_assignment  phy1_rgmii_rx_clk   LOCATION = T14; IOSTANDARD = LVCMOS33; PULLTYPE = NONE; "
RUN-1002 : start command "set_pin_assignment  phy1_rgmii_rx_ctl   LOCATION = T13; IOSTANDARD = LVCMOS33; PULLTYPE = NONE; "
RUN-1002 : start command "set_pin_assignment  phy1_rgmii_rx_data[0]   LOCATION = P6; IOSTANDARD = LVCMOS33; PULLTYPE = NONE; "
RUN-1002 : start command "set_pin_assignment  phy1_rgmii_rx_data[1]   LOCATION = M6; IOSTANDARD = LVCMOS33; PULLTYPE = NONE; "
RUN-1002 : start command "set_pin_assignment  phy1_rgmii_rx_data[2]   LOCATION = T9; IOSTANDARD = LVCMOS33; PULLTYPE = NONE; "
RUN-1002 : start command "set_pin_assignment  phy1_rgmii_rx_data[3]   LOCATION = N9; IOSTANDARD = LVCMOS33; PULLTYPE = NONE; "
RUN-1002 : start command "set_pin_assignment  phy1_rgmii_tx_clk   LOCATION = T12; IOSTANDARD = LVCMOS33; DRIVESTRENGTH = 16; PULLTYPE = NONE; SLEWRATE = FAST; "
RUN-1002 : start command "set_pin_assignment  phy1_rgmii_tx_ctl   LOCATION = T7; IOSTANDARD = LVCMOS33; DRIVESTRENGTH = 16; PULLTYPE = NONE; SLEWRATE = FAST; "
RUN-1002 : start command "set_pin_assignment  phy1_rgmii_tx_data[0]   LOCATION = T4; IOSTANDARD = LVCMOS33; DRIVESTRENGTH = 16; PULLTYPE = NONE; SLEWRATE = FAST; "
RUN-1002 : start command "set_pin_assignment  phy1_rgmii_tx_data[1]   LOCATION = T6; IOSTANDARD = LVCMOS33; DRIVESTRENGTH = 16; PULLTYPE = NONE; SLEWRATE = FAST; "
RUN-1002 : start command "set_pin_assignment  phy1_rgmii_tx_data[2]   LOCATION = M7; IOSTANDARD = LVCMOS33; DRIVESTRENGTH = 16; PULLTYPE = NONE; SLEWRATE = FAST; "
RUN-1002 : start command "set_pin_assignment  phy1_rgmii_tx_data[3]   LOCATION = T8; IOSTANDARD = LVCMOS33; DRIVESTRENGTH = 16; PULLTYPE = NONE; SLEWRATE = FAST; "
RUN-1002 : start command "set_pin_assignment  sd_clk   LOCATION = A14; IOSTANDARD = LVCMOS33; DRIVESTRENGTH = 8; PULLTYPE = NONE; "
RUN-1002 : start command "set_pin_assignment  sd_cs   LOCATION = A12; IOSTANDARD = LVCMOS33; DRIVESTRENGTH = 8; PULLTYPE = NONE; "
RUN-1002 : start command "set_pin_assignment  sd_miso   LOCATION = B14; IOSTANDARD = LVCMOS33; PULLTYPE = NONE; "
RUN-1002 : start command "set_pin_assignment  sd_mosi   LOCATION = A13; IOSTANDARD = LVCMOS33; DRIVESTRENGTH = 8; PULLTYPE = NONE; "
RUN-1002 : start command "set_pin_assignment  sd_reset_rd   LOCATION = B2; IOSTANDARD = LVCMOS33; PULLTYPE = NONE; "
RUN-1002 : start command "set_pin_assignment  sys_rst_n   LOCATION = A2; IOSTANDARD = LVCMOS33; PULLTYPE = NONE; "
RUN-1002 : start command "set_pin_assignment  cam_data[0]   LOCATION = P16; IOSTANDARD = LVCMOS33; PULLTYPE = NONE; "
RUN-1002 : start command "set_pin_assignment  cam_data[1]   LOCATION = N14; IOSTANDARD = LVCMOS33; PULLTYPE = NONE; "
RUN-1002 : start command "set_pin_assignment  cam_data[2]   LOCATION = N16; IOSTANDARD = LVCMOS33; PULLTYPE = NONE; "
RUN-1002 : start command "set_pin_assignment  cam_data[3]   LOCATION = L16; IOSTANDARD = LVCMOS33; PULLTYPE = NONE; "
RUN-1002 : start command "set_pin_assignment  cam_data[4]   LOCATION = M15; IOSTANDARD = LVCMOS33; PULLTYPE = NONE; "
RUN-1002 : start command "set_pin_assignment  cam_data[5]   LOCATION = M16; IOSTANDARD = LVCMOS33; PULLTYPE = NONE; "
RUN-1002 : start command "set_pin_assignment  cam_data[6]   LOCATION = K16; IOSTANDARD = LVCMOS33; PULLTYPE = NONE; "
RUN-1002 : start command "set_pin_assignment  cam_data[7]   LOCATION = H16; IOSTANDARD = LVCMOS33; PULLTYPE = NONE; "
RUN-1002 : start command "set_pin_assignment  cam_href   LOCATION = R15; IOSTANDARD = LVCMOS33; PULLTYPE = NONE; "
RUN-1002 : start command "set_pin_assignment  cam_pclk   LOCATION = H15; IOSTANDARD = LVCMOS33; PULLTYPE = NONE; "
RUN-1002 : start command "set_pin_assignment  cam_pwdn   LOCATION = K15; IOSTANDARD = LVCMOS33; DRIVESTRENGTH = 8; PULLTYPE = NONE; "
RUN-1002 : start command "set_pin_assignment  cam_rst_n   LOCATION = P15; IOSTANDARD = LVCMOS33; DRIVESTRENGTH = 8; PULLTYPE = NONE; "
RUN-1002 : start command "set_pin_assignment  cam_scl   LOCATION = T15; IOSTANDARD = LVCMOS33; DRIVESTRENGTH = 8; PULLTYPE = NONE; "
RUN-1002 : start command "set_pin_assignment  cam_sda   LOCATION = R16; IOSTANDARD = LVCMOS33; DRIVESTRENGTH = 8; PULLTYPE = NONE; "
RUN-1002 : start command "set_pin_assignment  cam_vsync   LOCATION = R14; IOSTANDARD = LVCMOS33; PULLTYPE = NONE; "
RUN-1001 : Starting of IO setups legality check.
RUN-1001 : Starting of IO vref setups legality check.
RUN-1002 : start command "read_sdc ../../../../source_code/constraints/UDP.sdc"
RUN-1002 : start command "read_sdc -ip TEMAC_CORE ../../al_ip/TEMAC_CORE/TEMAC_CORE.sdc"
RUN-1002 : start command "read_sdc -ip fifo_sdr_data_2 ../../al_ip/fifo_sdr_data_2.tcl"
RUN-1002 : start command "export_db UDP_EXAMPLE_elaborate.db"
RUN-1001 : Exported flow parameters
RUN-1001 : Exported /
RUN-1001 : Exported libs
RUN-1001 : Exported entities
RUN-1001 : Exported ports
RUN-1001 : Exported pins
RUN-1001 : Exported instances
RUN-1001 : Exported nets
RUN-1001 : Exported buses
RUN-1001 : Exported models
RUN-1001 : Exported packer
RUN-1001 : Exported congestions
RUN-1001 : Exported violations
RUN-1001 : Exported ATMR Setting
RUN-1001 : Exported timing constraints
RUN-1001 : Exported IO constraints
RUN-1001 : Exported Inst constraints
RUN-1001 : Exported ChipWatcher
RUN-1002 : start command "commit_param -step rtl"
RUN-1001 : Print Global Property
RUN-1001 : --------------------------------------------------------
RUN-1001 :   Parameters   |  Settings  |  Default Values  |  Note  
RUN-1001 : --------------------------------------------------------
RUN-1001 :   enable_seed  |    off     |       off        |        
RUN-1001 :     message    |  standard  |     standard     |        
RUN-1001 :   qor_monitor  |     on     |        on        |        
RUN-1001 :   syn_ip_flow  |    off     |       off        |        
RUN-1001 :     thread     |    auto    |       auto       |        
RUN-1001 : --------------------------------------------------------
RUN-1002 : start command "set_param rtl min_ripple_len 12"
RUN-1001 : Print Rtl Property
RUN-1001 : -------------------------------------------------------------------
RUN-1001 :         Parameters        |  Settings  |  Default Values  |  Note  
RUN-1001 : -------------------------------------------------------------------
RUN-1001 :        fix_undriven       |     0      |        0         |        
RUN-1001 :   gated_clock_conversion  |    off     |       off        |        
RUN-1001 :         infer_fsm         |    auto    |       auto       |        
RUN-1001 :         infer_gsr         |    off     |       off        |        
RUN-1001 :         infer_rom         |     on     |        on        |        
RUN-1001 :       keep_hierarchy      |    auto    |       auto       |        
RUN-1001 :        merge_equal        |     on     |        on        |        
RUN-1001 :      min_control_set      |     8      |        8         |        
RUN-1001 :       min_ripple_len      |     12     |       auto       |   *    
RUN-1001 :          seq_syn          |     on     |        on        |        
RUN-1001 : -------------------------------------------------------------------
RUN-1002 : start command "insert_debugger ../../chip_debugger"
RUN-1002 : start command "optimize_rtl"
RUN-1001 : Open license file D:/Anlogic/TD_6.2.1_Engineer_6.2.168.116/license/Anlogic.lic
SYN-1001 : Stage 1 | Optimize RTL
SYN-1001 : Stage 1.1 | Check Design Sanity
SYN-5065 WARNING: Register "ifg_reg" in ../../../../source_code/rtl/udp_data_tpg.v(27) is described with both an asynchronous reset and an asynchronous set. It may have an uncertainty of the timing. Please conside rewriting code.
SYN-1001 : End Stage 1.1 | Check Design Sanity; Time: 0.014280s wall, 0.000000s user + 0.015625s system = 0.015625s CPU (109.4%); Memory(MB): used = 248, reserved = 357, peak = 248;

SYN-1079 : finish stage Check Design Sanity. Total instances: 27123, Total nets: 60652.

SYN-1001 : Stage 1.2 | Initialize Design
SYN-1001 : End Stage 1.2 | Initialize Design; Time: 2.125438s wall, 2.093750s user + 0.015625s system = 2.109375s CPU (99.2%); Memory(MB): used = 248, reserved = 357, peak = 248;

SYN-1079 : finish stage Initialize Design. Total instances: 6660, Total nets: 33834.

SYN-1001 : Stage 1.3 | Flatten Module
SYN-1011 : Flatten model UDP_Example_Top
SYN-1050 : Instances selected by 'keep_hierarchy':
RUN-1001 : --------------------------------------------------------------------------------------------------
RUN-1001 :           instance           |  keep_hierarchy  |    down_module    |         file(line)          
RUN-1001 : --------------------------------------------------------------------------------------------------
RUN-1001 :  t3_sdram/u1_app_wrrd/u_...  |       true       |  fifo_sdr_data_2  | ../../../../source_code...  
RUN-1001 : --------------------------------------------------------------------------------------------------
SYN-1001 : End Stage 1.3 | Flatten Module; Time: 0.439685s wall, 0.437500s user + 0.000000s system = 0.437500s CPU (99.5%); Memory(MB): used = 249, reserved = 357, peak = 249;

SYN-1079 : finish stage Flatten Module. Total instances: 7098, Total nets: 26468.

SYN-1001 : Stage 1.4 | Uniform Instance
SYN-5013 WARNING: Undriven net: model "UDP_Example_Top" / net "t3_sdram/Check_ok_syn_3" in ../../../../source_code/rtl/sdr/rtl/sdram_top.v(56)
		the net's pin: pin "i" in ../../../../source_code/rtl/sdr/rtl/sdram_top.v(56)
SYN-5013 WARNING: Undriven net: model "UDP_Example_Top" / net "t3_sdram/Rst_syn_3" in ../../../../source_code/rtl/sdr/rtl/sdram_top.v(32)
		the net's pin: pin "i" in ../../../../source_code/rtl/sdr/rtl/sdram_top.v(32)
SYN-5013 WARNING: Undriven net: model "UDP_Example_Top" / net "t3_sdram/u1_app_wrrd/sdr_rd_data[23]_syn_3" in ../../../../source_code/rtl/sdr/rtl/app_wrrd.v(59)
		the net's pin: pin "i" in ../../../../source_code/rtl/sdr/rtl/app_wrrd.v(59)
SYN-5013 WARNING: Undriven net: model "UDP_Example_Top" / net "t3_sdram/u1_app_wrrd/sdr_rd_data[22]_syn_3" in ../../../../source_code/rtl/sdr/rtl/app_wrrd.v(59)
		the net's pin: pin "i" in ../../../../source_code/rtl/sdr/rtl/app_wrrd.v(59)
SYN-5013 WARNING: Undriven net: model "UDP_Example_Top" / net "t3_sdram/u1_app_wrrd/sdr_rd_data[21]_syn_3" in ../../../../source_code/rtl/sdr/rtl/app_wrrd.v(59)
		the net's pin: pin "i" in ../../../../source_code/rtl/sdr/rtl/app_wrrd.v(59)
SYN-5013 WARNING: Undriven net: model "UDP_Example_Top" / net "t3_sdram/u1_app_wrrd/sdr_rd_data[20]_syn_3" in ../../../../source_code/rtl/sdr/rtl/app_wrrd.v(59)
		the net's pin: pin "i" in ../../../../source_code/rtl/sdr/rtl/app_wrrd.v(59)
SYN-5013 WARNING: Undriven net: model "UDP_Example_Top" / net "t3_sdram/u1_app_wrrd/sdr_rd_data[19]_syn_3" in ../../../../source_code/rtl/sdr/rtl/app_wrrd.v(59)
		the net's pin: pin "i" in ../../../../source_code/rtl/sdr/rtl/app_wrrd.v(59)
SYN-5013 WARNING: Undriven net: model "UDP_Example_Top" / net "t3_sdram/u1_app_wrrd/sdr_rd_data[18]_syn_3" in ../../../../source_code/rtl/sdr/rtl/app_wrrd.v(59)
		the net's pin: pin "i" in ../../../../source_code/rtl/sdr/rtl/app_wrrd.v(59)
SYN-5013 WARNING: Undriven net: model "UDP_Example_Top" / net "t3_sdram/u1_app_wrrd/sdr_rd_data[17]_syn_3" in ../../../../source_code/rtl/sdr/rtl/app_wrrd.v(59)
		the net's pin: pin "i" in ../../../../source_code/rtl/sdr/rtl/app_wrrd.v(59)
SYN-5013 WARNING: Undriven net: model "UDP_Example_Top" / net "t3_sdram/u1_app_wrrd/sdr_rd_data[16]_syn_3" in ../../../../source_code/rtl/sdr/rtl/app_wrrd.v(59)
		the net's pin: pin "i" in ../../../../source_code/rtl/sdr/rtl/app_wrrd.v(59)
SYN-5013 Similar messages will be suppressed.
SYN-5025 WARNING: Using 0 for all undriven pins and nets
SYN-1001 : End Stage 1.4 | Uniform Instance; Time: 0.083966s wall, 0.078125s user + 0.000000s system = 0.078125s CPU (93.0%); Memory(MB): used = 234, reserved = 342, peak = 249;

SYN-1079 : finish stage Uniform Instance. Total instances: 6902, Total nets: 26191.

SYN-1001 : Stage 1.5 | Optimize Design
SYN-1066 : Inferred FSM for state register 't3_sdram/u2_ram/u2_wrrd/state_reg' in module 'UDP_Example_Top'
--------------------------------------------
     Previous Encoding     New Encoding
--------------------------------------------
                  0000              001
                  0001              010
                  0010              100
--------------------------------------------
SYN-1067 : encoded FSM with state register 't3_sdram/u2_ram/u2_wrrd/state_reg' using encoding 'one_hot' in model 'UDP_Example_Top'
SYN-1066 : Inferred FSM for state register 'u2_udp_loopback/STATE_reg' in module 'UDP_Example_Top'
--------------------------------------------
     Previous Encoding     New Encoding
--------------------------------------------
                    00             0001
                    01             0010
                    10             0100
                    11             1000
--------------------------------------------
SYN-1067 : encoded FSM with state register 'u2_udp_loopback/STATE_reg' using encoding 'one_hot' in model 'UDP_Example_Top'
SYN-1066 : Inferred FSM for state register 'u3_udp_ip_protocol_stack/arp_layer/arp_receive_module/STATE_reg' in module 'UDP_Example_Top'
--------------------------------------------
     Previous Encoding     New Encoding
--------------------------------------------
                    00               01
                    01               10
--------------------------------------------
SYN-1067 : encoded FSM with state register 'u3_udp_ip_protocol_stack/arp_layer/arp_receive_module/STATE_reg' using encoding 'one_hot' in model 'UDP_Example_Top'
SYN-1066 : Inferred FSM for state register 'u3_udp_ip_protocol_stack/arp_layer/arp_receive_module/arp_rx_cnt_reg' in module 'UDP_Example_Top'
------------------------------------------------------------
     Previous Encoding                     New Encoding
------------------------------------------------------------
                 00000     0000000000000000000000000001
                 00001     0000000000000000000000000010
                 00010     0000000000000000000000000100
                 00011     0000000000000000000000001000
                 00100     0000000000000000000000010000
                 00101     0000000000000000000000100000
                 00110     0000000000000000000001000000
                 00111     0000000000000000000010000000
                 01000     0000000000000000000100000000
                 01001     0000000000000000001000000000
                 01010     0000000000000000010000000000
                 01011     0000000000000000100000000000
                 01100     0000000000000001000000000000
                 01101     0000000000000010000000000000
                 01110     0000000000000100000000000000
                 01111     0000000000001000000000000000
                 10000     0000000000010000000000000000
                 10001     0000000000100000000000000000
                 10010     0000000001000000000000000000
                 10011     0000000010000000000000000000
                 10100     0000000100000000000000000000
                 10101     0000001000000000000000000000
                 10110     0000010000000000000000000000
                 10111     0000100000000000000000000000
                 11000     0001000000000000000000000000
                 11001     0010000000000000000000000000
                 11010     0100000000000000000000000000
                 11011     1000000000000000000000000000
------------------------------------------------------------
SYN-1067 : encoded FSM with state register 'u3_udp_ip_protocol_stack/arp_layer/arp_receive_module/arp_rx_cnt_reg' using encoding 'one_hot' in model 'UDP_Example_Top'
SYN-1066 : Inferred FSM for state register 'u3_udp_ip_protocol_stack/ip_layer/ip_receive_module/STATE_reg' in module 'UDP_Example_Top'
--------------------------------------------
     Previous Encoding     New Encoding
--------------------------------------------
                    00             0001
                    01             0010
                    10             0100
                    11             1000
--------------------------------------------
SYN-1067 : encoded FSM with state register 'u3_udp_ip_protocol_stack/ip_layer/ip_receive_module/STATE_reg' using encoding 'one_hot' in model 'UDP_Example_Top'
SYN-1066 : Inferred FSM for state register 'u3_udp_ip_protocol_stack/ip_layer/ip_receive_module/cnt_reg' in module 'UDP_Example_Top'
---------------------------------------------------
     Previous Encoding            New Encoding
---------------------------------------------------
                 00000     0000000000000000001
                 00001     0000000000000000010
                 00010     0000000000000000100
                 00011     0000000000000001000
                 00100     0000000000000010000
                 00101     0000000000000100000
                 00110     0000000000001000000
                 00111     0000000000010000000
                 01000     0000000000100000000
                 01001     0000000001000000000
                 01010     0000000010000000000
                 01011     0000000100000000000
                 01100     0000001000000000000
                 01101     0000010000000000000
                 01110     0000100000000000000
                 01111     0001000000000000000
                 10000     0010000000000000000
                 10001     0100000000000000000
                 10010     1000000000000000000
---------------------------------------------------
SYN-1067 : encoded FSM with state register 'u3_udp_ip_protocol_stack/ip_layer/ip_receive_module/cnt_reg' using encoding 'one_hot' in model 'UDP_Example_Top'
SYN-1066 : Inferred FSM for state register 'u3_udp_ip_protocol_stack/ip_layer/ip_receive_module/icmp_packet_process_module/checksum_state_reg' in module 'UDP_Example_Top'
--------------------------------------------
     Previous Encoding     New Encoding
--------------------------------------------
                    00             0001
                    01             0010
                    10             0100
                    11             1000
--------------------------------------------
SYN-1067 : encoded FSM with state register 'u3_udp_ip_protocol_stack/ip_layer/ip_receive_module/icmp_packet_process_module/checksum_state_reg' using encoding 'one_hot' in model 'UDP_Example_Top'
SYN-1066 : Inferred FSM for state register 'u3_udp_ip_protocol_stack/ip_layer/ip_receive_module/icmp_packet_process_module/cnt_reg' in module 'UDP_Example_Top'
--------------------------------------------
     Previous Encoding     New Encoding
--------------------------------------------
                  0000        000000001
                  0001        000000010
                  0010        000000100
                  0011        000001000
                  0100        000010000
                  0101        000100000
                  0110        001000000
                  0111        010000000
                  1000        100000000
--------------------------------------------
SYN-1067 : encoded FSM with state register 'u3_udp_ip_protocol_stack/ip_layer/ip_receive_module/icmp_packet_process_module/cnt_reg' using encoding 'one_hot' in model 'UDP_Example_Top'
SYN-1066 : Inferred FSM for state register 'u3_udp_ip_protocol_stack/ip_layer/ip_receive_module/ip_header_checksum_check_module/state_reg' in module 'UDP_Example_Top'
--------------------------------------------
     Previous Encoding     New Encoding
--------------------------------------------
                    00             0001
                    01             0010
                    10             0100
                    11             1000
--------------------------------------------
SYN-1067 : encoded FSM with state register 'u3_udp_ip_protocol_stack/ip_layer/ip_receive_module/ip_header_checksum_check_module/state_reg' using encoding 'one_hot' in model 'UDP_Example_Top'
SYN-1066 : Inferred FSM for state register 'u3_udp_ip_protocol_stack/ip_layer/ip_send_module/STATE_reg' in module 'UDP_Example_Top'
--------------------------------------------
     Previous Encoding     New Encoding
--------------------------------------------
                   000            00001
                   001            00010
                   010            00100
                   100            01000
                   011            10000
--------------------------------------------
SYN-1067 : encoded FSM with state register 'u3_udp_ip_protocol_stack/ip_layer/ip_send_module/STATE_reg' using encoding 'one_hot' in model 'UDP_Example_Top'
SYN-1066 : Inferred FSM for state register 'u3_udp_ip_protocol_stack/ip_layer/ip_send_module/cnt_reg' in module 'UDP_Example_Top'
----------------------------------------------------
     Previous Encoding             New Encoding
----------------------------------------------------
                 00000     00000000000000000001
                 00001     00000000000000000010
                 00010     00000000000000000100
                 00011     00000000000000001000
                 00100     00000000000000010000
                 00101     00000000000000100000
                 00110     00000000000001000000
                 00111     00000000000010000000
                 01000     00000000000100000000
                 01001     00000000001000000000
                 01010     00000000010000000000
                 01011     00000000100000000000
                 01100     00000001000000000000
                 01101     00000010000000000000
                 01110     00000100000000000000
                 01111     00001000000000000000
                 10000     00010000000000000000
                 10001     00100000000000000000
                 10010     01000000000000000000
                 10011     10000000000000000000
----------------------------------------------------
SYN-1067 : encoded FSM with state register 'u3_udp_ip_protocol_stack/ip_layer/ip_send_module/cnt_reg' using encoding 'one_hot' in model 'UDP_Example_Top'
SYN-1066 : Inferred FSM for state register 'u3_udp_ip_protocol_stack/ip_layer/ip_send_module/icmp_packet_send_module/STATE_reg' in module 'UDP_Example_Top'
--------------------------------------------
     Previous Encoding     New Encoding
--------------------------------------------
                    00              001
                    01              010
                    10              100
--------------------------------------------
SYN-1067 : encoded FSM with state register 'u3_udp_ip_protocol_stack/ip_layer/ip_send_module/icmp_packet_send_module/STATE_reg' using encoding 'one_hot' in model 'UDP_Example_Top'
SYN-1066 : Inferred FSM for state register 'u3_udp_ip_protocol_stack/ip_layer/ip_send_module/icmp_packet_send_module/cnt1_reg' in module 'UDP_Example_Top'
--------------------------------------------
     Previous Encoding     New Encoding
--------------------------------------------
                  0000        000000001
                  0001        000000010
                  0010        000000100
                  0011        000001000
                  0100        000010000
                  0101        000100000
                  0110        001000000
                  0111        010000000
                  1000        100000000
--------------------------------------------
SYN-1067 : encoded FSM with state register 'u3_udp_ip_protocol_stack/ip_layer/ip_send_module/icmp_packet_send_module/cnt1_reg' using encoding 'one_hot' in model 'UDP_Example_Top'
SYN-1066 : Inferred FSM for state register 'u3_udp_ip_protocol_stack/send_buffer/STATE_reg' in module 'UDP_Example_Top'
--------------------------------------------
     Previous Encoding     New Encoding
--------------------------------------------
                   000          0000001
                   011          0000010
                   100          0000100
                   010          0001000
                   001          0010000
                   101          0100000
                   110          1000000
--------------------------------------------
SYN-1067 : encoded FSM with state register 'u3_udp_ip_protocol_stack/send_buffer/STATE_reg' using encoding 'one_hot' in model 'UDP_Example_Top'
SYN-1066 : Inferred FSM for state register 'u3_udp_ip_protocol_stack/temac_data_process/RX_STATE_reg' in module 'UDP_Example_Top'
--------------------------------------------
     Previous Encoding     New Encoding
--------------------------------------------
                    00              001
                    01              010
                    10              100
--------------------------------------------
SYN-1067 : encoded FSM with state register 'u3_udp_ip_protocol_stack/temac_data_process/RX_STATE_reg' using encoding 'one_hot' in model 'UDP_Example_Top'
SYN-1066 : Inferred FSM for state register 'u3_udp_ip_protocol_stack/temac_data_process/TX_STATE_reg' in module 'UDP_Example_Top'
--------------------------------------------
     Previous Encoding     New Encoding
--------------------------------------------
                    00              001
                    01              010
                    10              100
--------------------------------------------
SYN-1067 : encoded FSM with state register 'u3_udp_ip_protocol_stack/temac_data_process/TX_STATE_reg' using encoding 'one_hot' in model 'UDP_Example_Top'
SYN-1066 : Inferred FSM for state register 'u3_udp_ip_protocol_stack/temac_data_process/temac_rx_cnt_reg' in module 'UDP_Example_Top'
----------------------------------------------
     Previous Encoding       New Encoding
----------------------------------------------
                  0000     00000000000001
                  0001     00000000000010
                  0010     00000000000100
                  0011     00000000001000
                  0100     00000000010000
                  0101     00000000100000
                  0110     00000001000000
                  0111     00000010000000
                  1000     00000100000000
                  1001     00001000000000
                  1010     00010000000000
                  1011     00100000000000
                  1100     01000000000000
                  1101     10000000000000
----------------------------------------------
SYN-1067 : encoded FSM with state register 'u3_udp_ip_protocol_stack/temac_data_process/temac_rx_cnt_reg' using encoding 'one_hot' in model 'UDP_Example_Top'
SYN-1066 : Inferred FSM for state register 'u3_udp_ip_protocol_stack/temac_data_process/temac_tx_cnt_reg' in module 'UDP_Example_Top'
-----------------------------------------------
     Previous Encoding        New Encoding
-----------------------------------------------
                  0000     000000000000001
                  0001     000000000000010
                  0010     000000000000100
                  0011     000000000001000
                  0100     000000000010000
                  0101     000000000100000
                  0110     000000001000000
                  0111     000000010000000
                  1000     000000100000000
                  1001     000001000000000
                  1010     000010000000000
                  1011     000100000000000
                  1100     001000000000000
                  1101     010000000000000
                  1110     100000000000000
-----------------------------------------------
SYN-1067 : encoded FSM with state register 'u3_udp_ip_protocol_stack/temac_data_process/temac_tx_cnt_reg' using encoding 'one_hot' in model 'UDP_Example_Top'
SYN-1066 : Inferred FSM for state register 'u3_udp_ip_protocol_stack/udp_layer/udp_receive_module/cnt_reg' in module 'UDP_Example_Top'
--------------------------------------------
     Previous Encoding     New Encoding
--------------------------------------------
                  0000      00000000001
                  0001      00000000010
                  0010      00000000100
                  0011      00000001000
                  0100      00000010000
                  0101      00000100000
                  0110      00001000000
                  0111      00010000000
                  1000      00100000000
                  1001      01000000000
                  1010      10000000000
--------------------------------------------
SYN-1067 : encoded FSM with state register 'u3_udp_ip_protocol_stack/udp_layer/udp_receive_module/cnt_reg' using encoding 'one_hot' in model 'UDP_Example_Top'
SYN-1066 : Inferred FSM for state register 'u3_udp_ip_protocol_stack/udp_layer/udp_send_module/STATE_reg' in module 'UDP_Example_Top'
--------------------------------------------
     Previous Encoding     New Encoding
--------------------------------------------
                    00             0001
                    01             0010
                    10             0100
                    11             1000
--------------------------------------------
SYN-1067 : encoded FSM with state register 'u3_udp_ip_protocol_stack/udp_layer/udp_send_module/STATE_reg' using encoding 'one_hot' in model 'UDP_Example_Top'
SYN-1066 : Inferred FSM for state register 'u3_udp_ip_protocol_stack/udp_layer/udp_send_module/cnt_reg' in module 'UDP_Example_Top'
--------------------------------------------
     Previous Encoding     New Encoding
--------------------------------------------
                  0000         00000001
                  0001         00000010
                  0010         00000100
                  0011         00001000
                  0100         00010000
                  0101         00100000
                  0110         01000000
                  0111         10000000
--------------------------------------------
SYN-1067 : encoded FSM with state register 'u3_udp_ip_protocol_stack/udp_layer/udp_send_module/cnt_reg' using encoding 'one_hot' in model 'UDP_Example_Top'
SYN-1066 : Inferred FSM for state register 'u4_trimac_block/trimac_core/mac_core_aead6cd6dadd_Inst/TEMAC_CORE_INST/al102_vfhtA8Nz/al102_6KjBLuws/al102_FvxPC15R$al102_NkBI8S2N/al102_sGgJ2iOw_reg' in module 'UDP_Example_Top'
--------------------------------------------
     Previous Encoding     New Encoding
--------------------------------------------
                    00              001
                    01              010
                    10              100
--------------------------------------------
SYN-1067 : encoded FSM with state register 'u4_trimac_block/trimac_core/mac_core_aead6cd6dadd_Inst/TEMAC_CORE_INST/al102_vfhtA8Nz/al102_6KjBLuws/al102_FvxPC15R$al102_NkBI8S2N/al102_sGgJ2iOw_reg' using encoding 'one_hot' in model 'UDP_Example_Top'
SYN-1066 : Inferred FSM for state register 'u4_trimac_block/trimac_core/mac_core_aead6cd6dadd_Inst/TEMAC_CORE_INST/al102_vfhtA8Nz/al102_6KjBLuws/al102_FvxPC15R$al102_ORYeWAza/al102_sGgJ2iOw_reg' in module 'UDP_Example_Top'
--------------------------------------------
     Previous Encoding     New Encoding
--------------------------------------------
                   000                1
--------------------------------------------
SYN-1067 : encoded FSM with state register 'u4_trimac_block/trimac_core/mac_core_aead6cd6dadd_Inst/TEMAC_CORE_INST/al102_vfhtA8Nz/al102_6KjBLuws/al102_FvxPC15R$al102_ORYeWAza/al102_sGgJ2iOw_reg' using encoding 'one_hot' in model 'UDP_Example_Top'
SYN-1066 : Inferred FSM for state register 'u6_tx_fifo/rd_state_reg' in module 'UDP_Example_Top'
--------------------------------------------
     Previous Encoding     New Encoding
--------------------------------------------
                  0000          0000001
                  0001          0000010
                  0010          0000100
                  0011          0001000
                  0100          0010000
                  0101          0100000
                  0110          1000000
--------------------------------------------
SYN-1067 : encoded FSM with state register 'u6_tx_fifo/rd_state_reg' using encoding 'one_hot' in model 'UDP_Example_Top'
SYN-1066 : Inferred FSM for state register 'u6_tx_fifo/wr_state_reg' in module 'UDP_Example_Top'
--------------------------------------------
     Previous Encoding     New Encoding
--------------------------------------------
                    00             0001
                    01             0010
                    11             0100
                    10             1000
--------------------------------------------
SYN-1067 : encoded FSM with state register 'u6_tx_fifo/wr_state_reg' using encoding 'one_hot' in model 'UDP_Example_Top'
SYN-1066 : Inferred FSM for state register 'u7_rx_fifo/rd_state_reg' in module 'UDP_Example_Top'
--------------------------------------------
     Previous Encoding     New Encoding
--------------------------------------------
                   000         00000001
                   001         00000010
                   010         00000100
                   011         00001000
                   100         00010000
                   110         00100000
                   111         01000000
                   101         10000000
--------------------------------------------
SYN-1067 : encoded FSM with state register 'u7_rx_fifo/rd_state_reg' using encoding 'one_hot' in model 'UDP_Example_Top'
SYN-1066 : Inferred FSM for state register 'u7_rx_fifo/wr_state_reg' in module 'UDP_Example_Top'
--------------------------------------------
     Previous Encoding     New Encoding
--------------------------------------------
                   000           000001
                   001           000010
                   101           000100
                   010           001000
                   100           010000
                   011           100000
--------------------------------------------
SYN-1067 : encoded FSM with state register 'u7_rx_fifo/wr_state_reg' using encoding 'one_hot' in model 'UDP_Example_Top'
SYN-1057 : Inferred 27 FSM(s)
SYN-1032 : 23961/301 useful/useless nets, 6153/37 useful/useless insts
SYN-1021 : Optimized 5 onehot mux instances.
SYN-1068 : Optimized 6 binary mux instances.
SYN-1019 : Optimized 1 mux instances.
SYN-1021 : Optimized 6 onehot mux instances.
SYN-1016 : Merged 1153 instances.
SYN-1026 : Infer Logic BRAM(t3_sdram/u1_app_wrrd/u_wr_fifo_sdr_data/ram_inst/ramread0_syn_4)
	 port mode: single dual port
	 port a size: 4096 x 24	 write mode: NORMAL
	 port b size: 4096 x 24	 write mode: READBEFOREWRITE
SYN-1023 : Infer 0 Logic DRAMs, 1 Logic BRAMs.
SYN-1035 : Inferred 1 ROM(s)
8.000000
SYN-1016 : Merged 672 instances.
SYN-1001 : End Stage 1.5 | Optimize Design; Time: 8.628152s wall, 8.359375s user + 0.125000s system = 8.484375s CPU (98.3%); Memory(MB): used = 362, reserved = 348, peak = 362;

SYN-1079 : finish stage Optimize Design. Total instances: 13217, Total nets: 14242.

SYN-1001 : Stage 1.6 | Optimize Iteratively
SYN-1018 : Transformed 4 mux instances.
SYN-1019 : Optimized 12 mux instances.
SYN-1021 : Optimized 674 onehot mux instances.
SYN-1014 : Optimize round 1
SYN-1044 : Optimized 8 inv instances.
SYN-1017 : Remove 31 const input seq instances
SYN-1018 : Transformed 4 mux instances.
SYN-1019 : Optimized 29 mux instances.
SYN-1020 : Optimized 160 distributor mux.
SYN-1001 : Optimize 11 less-than instances
SYN-1019 : Optimized 224 mux instances.
SYN-2595 : bram inst: t3_sdram/u1_app_wrrd/u_wr_fifo_sdr_data/ram_inst/ramread0_syn_4 is set to PDPW/SP from DP for resource saving
SYN-2595 : bram inst: u6_tx_fifo/ramgen_l/inst is set to PDPW/SP from DP for resource saving
SYN-2595 : bram inst: u6_tx_fifo/ramgen_u/inst is set to PDPW/SP from DP for resource saving
SYN-2595 : bram inst: u7_rx_fifo/ramgen_l/inst is set to PDPW/SP from DP for resource saving
SYN-2595 : bram inst: u7_rx_fifo/ramgen_u/inst is set to PDPW/SP from DP for resource saving
SYN-1016 : Merged 10532 instances.
SYN-1015 : Optimize round 1, 18425 better
SYN-1014 : Optimize round 2
SYN-1044 : Optimized 10 inv instances.
SYN-1017 : Remove 13 const input seq instances
SYN-1019 : Optimized 255 mux instances.
SYN-1020 : Optimized 5 distributor mux.
SYN-1001 : Optimize 1 less-than instances
SYN-1019 : Optimized 408 mux instances.
SYN-1016 : Merged 58 instances.
SYN-1015 : Optimize round 2, 920 better
SYN-5011 WARNING: Undriven pin: model "UDP_Example_Top" / inst "u_ov5640_dri/u_i2c_cfg/mux2_syn_1" in ../../../../source_code/rtl/ov5640/i2c_ov5640_rgb565_cfg.v(103) / pin "addrb[7]"
SYN-5011 WARNING: Undriven pin: model "UDP_Example_Top" / inst "u_ov5640_dri/u_i2c_cfg/mux2_syn_1" in ../../../../source_code/rtl/ov5640/i2c_ov5640_rgb565_cfg.v(103) / pin "addrb[6]"
SYN-5011 WARNING: Undriven pin: model "UDP_Example_Top" / inst "u_ov5640_dri/u_i2c_cfg/mux2_syn_1" in ../../../../source_code/rtl/ov5640/i2c_ov5640_rgb565_cfg.v(103) / pin "addrb[5]"
SYN-5011 WARNING: Undriven pin: model "UDP_Example_Top" / inst "u_ov5640_dri/u_i2c_cfg/mux2_syn_1" in ../../../../source_code/rtl/ov5640/i2c_ov5640_rgb565_cfg.v(103) / pin "addrb[4]"
SYN-5011 WARNING: Undriven pin: model "UDP_Example_Top" / inst "u_ov5640_dri/u_i2c_cfg/mux2_syn_1" in ../../../../source_code/rtl/ov5640/i2c_ov5640_rgb565_cfg.v(103) / pin "addrb[3]"
SYN-5011 WARNING: Undriven pin: model "UDP_Example_Top" / inst "u_ov5640_dri/u_i2c_cfg/mux2_syn_1" in ../../../../source_code/rtl/ov5640/i2c_ov5640_rgb565_cfg.v(103) / pin "addrb[2]"
SYN-5011 WARNING: Undriven pin: model "UDP_Example_Top" / inst "u_ov5640_dri/u_i2c_cfg/mux2_syn_1" in ../../../../source_code/rtl/ov5640/i2c_ov5640_rgb565_cfg.v(103) / pin "addrb[1]"
SYN-5011 WARNING: Undriven pin: model "UDP_Example_Top" / inst "u_ov5640_dri/u_i2c_cfg/mux2_syn_1" in ../../../../source_code/rtl/ov5640/i2c_ov5640_rgb565_cfg.v(103) / pin "addrb[0]"
SYN-5011 WARNING: Undriven pin: model "UDP_Example_Top" / inst "u_ov5640_dri/u_i2c_cfg/mux2_syn_1" in ../../../../source_code/rtl/ov5640/i2c_ov5640_rgb565_cfg.v(103) / pin "bea[0]"
SYN-5011 WARNING: Undriven pin: model "UDP_Example_Top" / inst "u_ov5640_dri/u_i2c_cfg/mux2_syn_1" in ../../../../source_code/rtl/ov5640/i2c_ov5640_rgb565_cfg.v(103) / pin "beb[0]"
SYN-5011 Similar messages will be suppressed.
SYN-5025 WARNING: Using 0 for all undriven pins and nets
SYN-3010 : Optimized 197 DFF(s)
SYN-1014 : Optimize round 1
SYN-1020 : Optimized 142 distributor mux.
SYN-1016 : Merged 760 instances.
SYN-1015 : Optimize round 1, 930 better
SYN-1014 : Optimize round 2
SYN-1020 : Optimized 22 distributor mux.
SYN-1016 : Merged 43 instances.
SYN-1015 : Optimize round 2, 66 better
SYN-1014 : Optimize round 3
SYN-1015 : Optimize round 3, 0 better
SYN-1001 : End Stage 1.6 | Optimize Iteratively; Time: 19.145549s wall, 18.593750s user + 0.328125s system = 18.921875s CPU (98.8%); Memory(MB): used = 379, reserved = 373, peak = 462;

SYN-1079 : finish stage Optimize Iteratively. Total instances: 17930, Total nets: 18721.

SYN-1001 : Stage 1.7 | Check Design
SYN-1001 : End Stage 1.7 | Check Design; Time: 0.010991s wall, 0.015625s user + 0.000000s system = 0.015625s CPU (142.2%); Memory(MB): used = 379, reserved = 373, peak = 462;

SYN-1079 : finish stage Check Design. Total instances: 17930, Total nets: 18721.

SYN-1001 : End Stage 1 | Optimize RTL; Time: 30.450894s wall, 29.578125s user + 0.484375s system = 30.062500s CPU (98.7%); Memory(MB): used = 379, reserved = 373, peak = 462;

SYN-1079 : finish stage Optimize RTL. Total instances: 17930, Total nets: 18721.

RUN-1003 : finish command "optimize_rtl" in  30.469949s wall, 29.593750s user + 0.500000s system = 30.093750s CPU (98.8%)

RUN-1004 : used memory is 379 MB, reserved memory is 373 MB, peak memory is 462 MB
RUN-1002 : start command "report_area -file UDP_EXAMPLE_rtl.area"
RUN-1001 : standard
***Report Model: UDP_Example_Top Device: EG4S20BG256***

IO Statistics
#IO                        32
  #input                   19
  #output                  12
  #inout                    1
#virtual IO                 3
  #input                    0
  #output                   0
  #inout                    0

Gate Statistics
#Basic gates            13994
  #and                   3943
  #nand                     0
  #or                    3811
  #nor                      0
  #xor                    528
  #xnor                     0
  #buf                      0
  #not                    525
  #bufif1                  33
  #MX21                   659
  #FADD                     0
  #DFF                   4495
  #LATCH                    0
#MACRO_ADD                102
#MACRO_EQ                 130
#MACRO_MUX               2555
#MACRO_OTHERS              24

RUN-1002 : start command "export_db UDP_EXAMPLE_rtl.db"
RUN-1001 : Exported flow parameters
RUN-1001 : Exported /
RUN-1001 : Exported libs
RUN-1001 : Exported entities
RUN-1001 : Exported ports
RUN-1001 : Exported pins
RUN-1001 : Exported instances
RUN-1001 : Exported nets
RUN-1001 : Exported buses
RUN-1001 : Exported models
RUN-1001 : Exported packer
RUN-1001 : Exported congestions
RUN-1001 : Exported violations
RUN-1001 : Exported ATMR Setting
RUN-1001 : Exported timing constraints
RUN-1001 : Exported IO constraints
RUN-1001 : Exported Inst constraints
RUN-1001 : Exported ChipWatcher
RUN-1002 : start command "commit_param -step gate"
RUN-1001 : Print Global Property
RUN-1001 : --------------------------------------------------------
RUN-1001 :   Parameters   |  Settings  |  Default Values  |  Note  
RUN-1001 : --------------------------------------------------------
RUN-1001 :   enable_seed  |    off     |       off        |        
RUN-1001 :     message    |  standard  |     standard     |        
RUN-1001 :   qor_monitor  |     on     |        on        |        
RUN-1001 :   syn_ip_flow  |    off     |       off        |        
RUN-1001 :     thread     |    auto    |       auto       |        
RUN-1001 : --------------------------------------------------------
RUN-1001 : Print Gate Property
RUN-1001 : -----------------------------------------------------------
RUN-1001 :     Parameters    |  Settings  |  Default Values  |  Note  
RUN-1001 : -----------------------------------------------------------
RUN-1001 :     eram_init     |    off     |       off        |        
RUN-1001 :      map_mode     |    auto    |       auto       |        
RUN-1001 :    pack_effort    |   medium   |      medium      |        
RUN-1001 :   pack_seq_in_io  |    auto    |       auto       |        
RUN-1001 :       report      |  standard  |     standard     |        
RUN-1001 : -----------------------------------------------------------
RUN-1002 : start command "optimize_gate -packarea UDP_EXAMPLE_gate.area"
RUN-1001 : Open license file D:/Anlogic/TD_6.2.1_Engineer_6.2.168.116/license/Anlogic.lic
SYN-1001 : Stage 2 | Optimize Gate
SYN-1001 : Stage 2.1 | Map Reg
SYN-1001 : End Stage 2.1 | Map Reg; Time: 1.064171s wall, 1.000000s user + 0.000000s system = 1.000000s CPU (94.0%); Memory(MB): used = 381, reserved = 375, peak = 462;

SYN-1079 : finish stage Map Reg. Total instances: 17930, Total nets: 18721.

SYN-1001 : Stage 2.2 | Map IO
SYN-2002 : EG_PHY_SDRAM_2M_32 instance t3_sdram/sdram.
SYN-2001 : Map 92 IOs to PADs of model 'UDP_Example_Top'
SYN-1001 : End Stage 2.2 | Map IO; Time: 0.860791s wall, 0.859375s user + 0.000000s system = 0.859375s CPU (99.8%); Memory(MB): used = 381, reserved = 375, peak = 462;

SYN-1001 : Stage 2.3 | Map Macro
RUN-1002 : start command "update_pll_param -module UDP_Example_Top"
SYN-6577 WARNING: The clock signal "udp_clk" is added with the synthetic instruction (keep/mark_debug/dont_touch/max_fanout), which may create additional logic on this net
SYN-6577 WARNING: The clock signal "t3_sdram/u2_ram/SDRAM_CLK" is added with the synthetic instruction (keep/mark_debug/dont_touch/max_fanout), which may create additional logic on this net
SYN-2501 : Processed 0 LOGIC_BUF instances.
SYN-2501 : 5 BUFG to GCLK
SYN-6562 WARNING: The init value of "t3_sdram/u1_app_wrrd/u_wr_fifo_sdr_data/ram_inst/ramread0_syn_4(../../al_ip/fifo_sdr_data_2.v(822))" will be ignored since gate eram_init is set to off
SYN-6562 WARNING: The init value of "u2_udp_loopback/udp_packet_fifo/u_anlogic_soft_async_fifo/inst(../../../../source_code/rtl/udp_ip_protocol_stack_merge.enc.v(0))" will be ignored since gate eram_init is set to off
SYN-6562 WARNING: The init value of "u3_udp_ip_protocol_stack/ip_layer/icmp_echo_data_fifo/u_anlogic_soft_async_fifo/inst(../../../../source_code/rtl/udp_ip_protocol_stack_merge.enc.v(0))" will be ignored since gate eram_init is set to off
SYN-6562 WARNING: The init value of "u6_tx_fifo/ramgen_l/inst(../../../../source_code/rtl/RAMB16_S9_S9.v(45))" will be ignored since gate eram_init is set to off
SYN-6562 WARNING: The init value of "u6_tx_fifo/ramgen_u/inst(../../../../source_code/rtl/RAMB16_S9_S9.v(45))" will be ignored since gate eram_init is set to off
SYN-6562 WARNING: The init value of "u7_rx_fifo/ramgen_l/inst(../../../../source_code/rtl/RAMB16_S9_S9.v(45))" will be ignored since gate eram_init is set to off
SYN-6562 WARNING: The init value of "u7_rx_fifo/ramgen_u/inst(../../../../source_code/rtl/RAMB16_S9_S9.v(45))" will be ignored since gate eram_init is set to off
SYN-2571 : Optimize after map_dsp, round 1
SYN-1016 : Merged 33 instances.
SYN-2571 : Optimize after map_dsp, round 1, 33 better
SYN-2571 : Optimize after map_dsp, round 2
SYN-2571 : Optimize after map_dsp, round 2, 0 better
SYN-1001 : Throwback 253 control mux instances
SYN-1001 : Generate 2 bigger adders
SYN-1001 : Optimize 10 adders
SYN-2501 : Optimize round 1
SYN-1016 : Merged 372 instances.
SYN-2501 : Optimize round 1, 1330 better
SYN-2501 : Optimize round 2
SYN-2501 : Optimize round 2, 0 better
SYN-2501 : Optimize round 1
SYN-1016 : Merged 1 instances.
SYN-2501 : Optimize round 1, 1 better
SYN-2501 : Optimize round 2
SYN-2501 : Optimize round 2, 0 better
8.000000
SYN-2501 : Map 97 macro adder(s)
SYN-1019 : Optimized 1191 mux instances.
SYN-1016 : Merged 180 instances.
SYN-5011 WARNING: Undriven pin: model "UDP_Example_Top" / inst "t3_sdram/u2_ram/u2_wrrd/Sdr_rd_dout_reg[0]" in ../../../../source_code/rtl/sdr/rtl/enc_file/sdr_wrrd.enc.v(0) / pin "clk"
SYN-5011 WARNING: Undriven pin: model "UDP_Example_Top" / inst "t3_sdram/u2_ram/u2_wrrd/Sdr_rd_dout_reg[1]" in ../../../../source_code/rtl/sdr/rtl/enc_file/sdr_wrrd.enc.v(0) / pin "clk"
SYN-5011 WARNING: Undriven pin: model "UDP_Example_Top" / inst "t3_sdram/u2_ram/u2_wrrd/Sdr_rd_dout_reg[2]" in ../../../../source_code/rtl/sdr/rtl/enc_file/sdr_wrrd.enc.v(0) / pin "clk"
SYN-5011 WARNING: Undriven pin: model "UDP_Example_Top" / inst "t3_sdram/u2_ram/u2_wrrd/Sdr_rd_dout_reg[3]" in ../../../../source_code/rtl/sdr/rtl/enc_file/sdr_wrrd.enc.v(0) / pin "clk"
SYN-5011 WARNING: Undriven pin: model "UDP_Example_Top" / inst "t3_sdram/u2_ram/u2_wrrd/Sdr_rd_dout_reg[4]" in ../../../../source_code/rtl/sdr/rtl/enc_file/sdr_wrrd.enc.v(0) / pin "clk"
SYN-5011 WARNING: Undriven pin: model "UDP_Example_Top" / inst "t3_sdram/u2_ram/u2_wrrd/Sdr_rd_dout_reg[5]" in ../../../../source_code/rtl/sdr/rtl/enc_file/sdr_wrrd.enc.v(0) / pin "clk"
SYN-5011 WARNING: Undriven pin: model "UDP_Example_Top" / inst "t3_sdram/u2_ram/u2_wrrd/Sdr_rd_dout_reg[6]" in ../../../../source_code/rtl/sdr/rtl/enc_file/sdr_wrrd.enc.v(0) / pin "clk"
SYN-5011 WARNING: Undriven pin: model "UDP_Example_Top" / inst "t3_sdram/u2_ram/u2_wrrd/Sdr_rd_dout_reg[7]" in ../../../../source_code/rtl/sdr/rtl/enc_file/sdr_wrrd.enc.v(0) / pin "clk"
SYN-5011 WARNING: Undriven pin: model "UDP_Example_Top" / inst "t3_sdram/u2_ram/u2_wrrd/Sdr_rd_dout_reg[8]" in ../../../../source_code/rtl/sdr/rtl/enc_file/sdr_wrrd.enc.v(0) / pin "clk"
SYN-5011 WARNING: Undriven pin: model "UDP_Example_Top" / inst "t3_sdram/u2_ram/u2_wrrd/Sdr_rd_dout_reg[9]" in ../../../../source_code/rtl/sdr/rtl/enc_file/sdr_wrrd.enc.v(0) / pin "clk"
SYN-5011 Similar messages will be suppressed.
SYN-5025 WARNING: Using 0 for all undriven pins and nets
SYN-1001 : End Stage 2.3 | Map Macro; Time: 11.074118s wall, 10.859375s user + 0.062500s system = 10.921875s CPU (98.6%); Memory(MB): used = 407, reserved = 391, peak = 462;

SYN-1079 : finish stage Map Macro. Total instances: 21271, Total nets: 22195.

SYN-1001 : Stage 2.4 | Map Gate
SYN-3001 : Collect 4001 PI 2672 PO (124 timing unconstrained) for mapping
SYN-2581 : Mapping with K=5, #lut = 4060 (3.36), #lev = 7 (2.31), #crit_level = 0
SYN-2551 : Post LUT mapping optimization.
SYN-2581 : Mapping with K=5, #lut = 3900 (3.31), #lev = 11 (2.42), #crit_level = 0
SYN-3001 : Logic optimization opt = 4.00 sec, map = 0.63 sec, post map opt = 17.58 sec.
SYN-1001 : End Stage 2.4 | Map Gate; Time: 28.821086s wall, 28.453125s user + 0.140625s system = 28.593750s CPU (99.2%); Memory(MB): used = 414, reserved = 406, peak = 462;

SYN-1001 : Packing model "UDP_Example_Top" ...
SYN-4010 : Pack lib has 57 rtl pack models with 26 top pack blocks
SYN-1014 : Optimize round 1
SYN-1015 : Optimize round 1, 0 better
SYN-4002 : Packing 4440 DFF/LATCH to SEQ ...
SYN-4009 : Pack 20 carry chain into lslice
SYN-4007 : Packing 371 adder to BLE ...
SYN-4008 : Packed 371 adder and 119 SEQ to BLE.
SYN-4007 : Packing 0 gate4 to BLE ...
SYN-4008 : Packed 0 gate4 and 0 SEQ to BLE.
RUN-1002 : start command "report_qor -step gate -file gate.qor"
RUN-1002 : start command "start_timer"
-----------------------------------------------------------
| QoR metrics               |         value               |
-----------------------------------------------------------
| Timing                    |                             |
|     Setup WNS             |        -5291                |
|     Setup TNS             |      -284633                |
|     Num of violated S-EP  |          119                |
|     Hold WNS              |          471                |
|     Hold TNS              |            0                |
|     Num of violated H-EP  |            0                |
-----------------------------------------------------------
| Utilization               |                             |
|     #registers            |         4321                |
|     #luts                 |         3903                |
|     #lut1                 |           38                |
|     #lut1(~A)             |           35                |
|     #slices               |          303                |
|     slices percentage     |        3.09%                |
|     #RAMs                 |           34                |
|     #DSPs                 |            0                |
|     #f7mux                |        0.00%                |
|     #MACROs               |           47                |
|     #insts in MACRO       |          303                |
-----------------------------------------------------------
| kept_net                  |                             |
|     #syn_keep             |          526                |
|     #keep_hier            |           65                |
|     #dont_touch           |            0                |
|     #mark_debug           |            0                |
|     #max_fanout_keep      |            0                |
|     #async_reg            |            0                |
-----------------------------------------------------------
| Top 10% datanet fanout#   |        37.11                |
| dff(single fanout)->dff   |          555                |
| dff(single fanout)->dram  |            0                |
-----------------------------------------------------------
| Over-quota path num*      |                             |
|     Total                 |            0                |
-----------------------------------------------------------
| Rent**                    |                             |
-----------------------------------------------------------
Note*: Over-quota path shows the over-path-level-threshold path number of each clock.
       The clock will not be shown if no path is with path level over the threshold.
       The threshold is defined as worst path_margin / 800ps.
Note**: Rent shows the rent exponent value of the modules whose rent value exceeds the threshold.
        Only modules under top are reported, and the threshold is defined as 0.7.

Logic Level Distribution
------------------------------------------------------------------------------------------------------------------------------
  Clock                               |  Period            |  0     |  1     |  2     |  3     |  4    |  5    |  6    |  7
------------------------------------------------------------------------------------------------------------------------------
  clk_in                              |  20.000ns (50MHz)  |  1     |  0     |  0     |  0     |  0    |  0    |  0    |  0
  phy1_rgmii_rx_clk                   |  8.000ns (125MHz)  |  0     |  0     |  0     |  0     |  0    |  0    |  0    |  0
  pll_inst_125M_0                     |  8.000ns (125MHz)  |  0     |  0     |  0     |  0     |  0    |  0    |  0    |  0
  pll_inst_125M_1                     |  8.000ns (125MHz)  |  1295  |  1251  |  844   |  3304  |  420  |  691  |  357  |  19
  t3_sdram/u0_clk/pll_inst.clkc[0]    |  80.000ns (12MHz)  |  0     |  0     |  0     |  0     |  0    |  0    |  0    |  0
  t3_sdram/u0_clk/pll_inst.clkc[1]    |  8.000ns (125MHz)  |  692   |  363   |  160   |  84    |  59   |  21   |  15   |  21
  t3_sdram/u0_clk/pll_inst.clkc[2]    |  8.000ns (125MHz)  |  16    |  32    |  0     |  0     |  0    |  0    |  0    |  0
  u_clk_gen/u_pll_0/pll_inst.clkc[4]  |  8.000ns (125MHz)  |  2     |  0     |  0     |  0     |  0    |  0    |  0    |  0
  u_pll_50/pll_inst.clkc[0]           |  20.000ns (50MHz)  |  11    |  2     |  2     |  7     |  0    |  0    |  0    |  0
  u_pll_50/pll_inst.clkc[1]           |  20.000ns (50MHz)  |  0     |  0     |  0     |  0     |  0    |  0    |  0    |  0
  u_pll_50/pll_inst.clkc[2]           |  4.000ns (250MHz)  |  0     |  0     |  0     |  0     |  0    |  0    |  0    |  0
  u_rx_pll/pll_inst.clkc[0]           |  8.000ns (125MHz)  |  0     |  0     |  0     |  0     |  0    |  0    |  0    |  0
  u_rx_pll/pll_inst.clkc[1]           |  8.000ns (125MHz)  |  522   |  152   |  111   |  89    |  37   |  1    |  0    |  0
  u_rx_pll/pll_inst.clkc[2]           |  4.000ns (250MHz)  |  0     |  0     |  0     |  0     |  0    |  0    |  0    |  0
  udp_clk_125m                        |  8.000ns (125MHz)  |  0     |  0     |  0     |  0     |  0    |  0    |  0    |  0
  Total                               |  NA                |  2539  |  1800  |  1117  |  3484  |  516  |  713  |  372  |  40
------------------------------------------------------------------------------------------------------------------------------
Note: The table count the worst 100000 paths, each endpoint count only one time.(10581 paths analyzed)

Hierarchical Rent Exponent Report
+-------------------------------------------------------------------------------------------+
|Inst                       |Model                   |Rent     |Cell     |Pin     |Term     |
+-------------------------------------------------------------------------------------------+
|top                        |UDP_Example_Top         |0.19     |9777     |37651   |22       |
|  t3_sdram                 |sdram_top_1             |0.41     |1925     |5843    |67       |
|  u3_udp_ip_protocol_stack |udp_ip_protocol_stack_3 |0.32     |5143     |21104   |63       |
+-------------------------------------------------------------------------------------------+
Note: Cell represents total number of cells inside module; Pin represents total number of pins
      which have net connection inside module; Term represents total number of PIs and POs of module.
      Rent represents the relationship between number of terms and number of cells in module.
      A module with higher rent corresponds to highly connected logic and strong connectivity with others.
Report gate stage QoR done.

SYN-1001 : The design has 85 dangling syn_keep insts.
RUN-1003 : finish command "report_qor -step gate -file gate.qor" in  4.611174s wall, 4.421875s user + 0.093750s system = 4.515625s CPU (97.9%)

RUN-1004 : used memory is 402 MB, reserved memory is 393 MB, peak memory is 462 MB
RUN-1002 : start command "report_area -file UDP_EXAMPLE_gate.area"
RUN-1001 : standard
***Report Model: UDP_Example_Top Device: EG4S20BG256***

IO Statistics
#IO                        34   out of    188   18.09%
  #input                   21
  #output                  12
  #inout                    1
#virtual IO                 3
  #input                    0
  #output                   0
  #inout                    0

LUT Statistics
#Total_luts              3903
  #lut4                  3374
  #lut5                   529
  #lut6                     0
  #lut5_mx41                0
  #lut4_alu1b               0

Utilization Statistics
#lut                     4509   out of  19600   23.01%
#reg                     4440   out of  19600   22.65%
#bram                      34   out of     64   53.12%
  #bram9k                  34
  #fifo9k                   0
#bram32k                    0   out of     16    0.00%
#dsp                        0   out of     29    0.00%
#pad                       34   out of    188   18.09%
  #ireg                    15
  #oreg                     8
  #treg                     0
#pll                        4   out of      4  100.00%
#gclk                       5   out of     16   31.25%

SYN-1001 : End Stage 2 | Optimize Gate; Time: 47.134777s wall, 46.046875s user + 0.531250s system = 46.578125s CPU (98.8%); Memory(MB): used = 402, reserved = 393, peak = 462;

RUN-1003 : finish command "optimize_gate -packarea UDP_EXAMPLE_gate.area" in  47.158511s wall, 46.062500s user + 0.546875s system = 46.609375s CPU (98.8%)

RUN-1004 : used memory is 402 MB, reserved memory is 393 MB, peak memory is 462 MB
RUN-1002 : start command "legalize_phy_inst"
SYN-1001 : Stage 3 | Legalize Phy Inst
SYN-1011 : Flatten model UDP_Example_Top
SYN-1001 : End Stage 3 | Legalize Phy Inst; Time: 0.061813s wall, 0.062500s user + 0.000000s system = 0.062500s CPU (101.1%); Memory(MB): used = 403, reserved = 393, peak = 462;

RUN-1002 : start command "update_timing"
RUN-1002 : start command "start_timer"
RUN-1003 : finish command "update_timing" in  1.875155s wall, 1.843750s user + 0.000000s system = 1.843750s CPU (98.3%)

RUN-1004 : used memory is 403 MB, reserved memory is 394 MB, peak memory is 462 MB
RUN-1002 : start command "report_timing_status -file UDP_EXAMPLE_gate.ts"
RUN-1002 : start command "report_timing_summary -file UDP_EXAMPLE_gate.timing"
RUN-1002 : start command "flow_status -file flow.status"
Location         : D:\Anlu\video640 19fps\UDP_EG4_6.2\prj\UDP_EXAMPLE\UDP_EXAMPLE_Runs\syn_1
Running with     : Tang Dynasty v6.2.168116
                   Copyright (c) 2012-2025 Anlogic Inc.
Top Model        : UDP_Example_Top
Device           : EG4S20BG256
Speed            : NA

Timing Mode      : basic
Setup            : WNS -5291ps  TNS  -283509ps  NUM_FEPS   119
Hold             : WNS   471ps  TNS        0ps  NUM_FEPS     0

Flow Statistics  :
RUN-1001 : Flow Statistics:
RUN-1001 : --------------------------------------------------------------------------------------------------
RUN-1001 :      command     |  #calls  |  wall time  |  cpu time(s)  |  used memory(mb)  |  peak memory(mb)  
RUN-1001 : --------------------------------------------------------------------------------------------------
RUN-1001 :   optimize_gate  |    1     |  47s(61%)   |    46(61%)    |        402        |        462        
RUN-1001 :   optimize_rtl   |    1     |  30s(38%)   |    29(38%)    |        379        |        462        
RUN-1001 :   import_device  |    1     |   0s(0%)    |     0(0%)     |        84         |        84         
RUN-1001 :     read_adc     |    1     |   0s(0%)    |     0(0%)     |        230        |        230        
RUN-1001 :     read_sdc     |    3     |   0s(0%)    |     0(0%)     |        230        |        230        
RUN-1001 : --------------------------------------------------------------------------------------------------
RUN-1001 :       total      |    7     |    1m17s    |      75       |        402        |        462        
RUN-1001 : --------------------------------------------------------------------------------------------------
RUN-1002 : start command "export_db UDP_EXAMPLE_gate.db"
RUN-1001 : Exported flow parameters
RUN-1001 : Exported /
RUN-1001 : Exported libs
RUN-1001 : Exported entities
RUN-1001 : Exported ports
RUN-1001 : Exported pins
RUN-1001 : Exported instances
RUN-1001 : Exported nets
RUN-1001 : Exported buses
RUN-1001 : Exported models
RUN-1001 : Exported packer
RUN-1001 : Exported congestions
RUN-1001 : Exported violations
RUN-1001 : Exported ATMR Setting
RUN-1001 : Exported timing constraints
RUN-1001 : Exported IO constraints
RUN-1001 : Exported Inst constraints
RUN-1001 : Exported ChipWatcher
RUN-1002 : start command "export_flow_status -s read_design -e opt_gate"
RUN-1002 : start command "flow_status"

Location         : D:\Anlu\video640 19fps\UDP_EG4_6.2\prj\UDP_EXAMPLE\UDP_EXAMPLE_Runs\syn_1
Running with     : Tang Dynasty v6.2.168116
                   Copyright (c) 2012-2025 Anlogic Inc.
Top Model        : UDP_Example_Top
Device           : EG4S20BG256
Speed            : NA

Timing Mode      : basic
Setup            : WNS -5291ps  TNS  -283509ps  NUM_FEPS   119
Hold             : WNS   471ps  TNS        0ps  NUM_FEPS     0

RUN-1001 : Flow Statistics:
RUN-1001 : --------------------------------------------------------------------------------------------------
RUN-1001 :      command     |  #calls  |  wall time  |  cpu time(s)  |  used memory(mb)  |  peak memory(mb)  
RUN-1001 : --------------------------------------------------------------------------------------------------
RUN-1001 :   optimize_gate  |    1     |  47s(61%)   |    46(61%)    |        402        |        462        
RUN-1001 :   optimize_rtl   |    1     |  30s(38%)   |    29(38%)    |        379        |        462        
RUN-1001 :   import_device  |    1     |   0s(0%)    |     0(0%)     |        84         |        84         
RUN-1001 :     read_adc     |    1     |   0s(0%)    |     0(0%)     |        230        |        230        
RUN-1001 :     read_sdc     |    3     |   0s(0%)    |     0(0%)     |        230        |        230        
RUN-1001 : --------------------------------------------------------------------------------------------------
RUN-1001 :       total      |    7     |    1m17s    |      75       |        402        |        462        
RUN-1001 : --------------------------------------------------------------------------------------------------
