============================================================
   Tang Dynasty, V6.2.168116
   Copyright (c) 2012-2025 Anlogic Inc.
   Executable = D:/Anlogic/TD_6.2.1_Engineer_6.2.168.116/bin/td.exe
   Built at =   16:32:07 Jun 12 2025
   Run by =     Neko
   Run Date =   Tue Oct  7 01:13:51 2025

   Run on =     NEKO_DESKTOP
============================================================
RUN-1002 : start command "commit_param -step design"
RUN-1001 : Print Global Property
RUN-1001 : --------------------------------------------------------
RUN-1001 :   Parameters   |  Settings  |  Default Values  |  Note  
RUN-1001 : --------------------------------------------------------
RUN-1001 :   enable_seed  |    off     |       off        |        
RUN-1001 :     message    |  standard  |     standard     |        
RUN-1001 :   qor_monitor  |     on     |        on        |        
RUN-1001 :   syn_ip_flow  |    off     |       off        |        
RUN-1001 :     thread     |    auto    |       auto       |        
RUN-1001 : --------------------------------------------------------
RUN-1001 : Print Design Property
RUN-1001 : ----------------------------------------------------------------
RUN-1001 :       Parameters       |  Settings  |  Default Values  |  Note  
RUN-1001 : ----------------------------------------------------------------
RUN-1001 :   default_reg_initial  |    auto    |       auto       |        
RUN-1001 :    hdl_warning_level   |   normal   |      normal      |        
RUN-1001 : ----------------------------------------------------------------
HDL-1007 : analyze verilog file CNN_READ.v
HDL-1007 : analyze verilog file CNN_L1_221009.v
HDL-1007 : analyze verilog file test_ram_read.v
HDL-5007 WARNING: /* is inside a comment in test_ram_read.v(123)
HDL-1007 : analyze verilog file POOL_CORE.v
HDL-1007 : analyze verilog file CNN3.v
HDL-1007 : analyze verilog file POOL3.v
HDL-1007 : analyze verilog file POOL_READ_P1.v
HDL-1007 : analyze verilog file CNN_READ_C2.v
HDL-1007 : analyze verilog file POOL_READ_P2.v
HDL-1007 : analyze verilog file RGB2GRAY.v
HDL-1007 : analyze verilog file PRE_LAYER.v
HDL-1007 : analyze verilog file READ_RAMP2.v
HDL-1007 : analyze verilog file conv1.v
HDL-1007 : analyze verilog file pool1_layer.v
HDL-1007 : analyze verilog file conv2.v
HDL-1007 : analyze verilog file full_layer.v
HDL-1007 : analyze verilog file conv1_layer1.v
HDL-1007 : analyze verilog file conv2_layer2.v
HDL-1007 : analyze verilog file pool_core0.v
HDL-1007 : analyze verilog file output_layer.v
HDL-1007 : analyze verilog file test_camera.v
PRJ-1409 : launch_runs syn_1 phy_1  -jobs 6.
PRJ-5303 WARNING: Run syn_1 failed.
RUN-1002 : start command "save_best_bits"
PRJ-8403 ERROR: File(C:/Users/Neko/Documents/FPGA/t/write2vga/sources/rtl/CNN_L1_221009.v) is already in fileSet(design_1).
GUI-5001 WARNING: Failed to add the file: C:/Users/Neko/Documents/FPGA/t/write2vga/sources/rtl/CNN_L1_221009.v
PRJ-8403 ERROR: File(C:/Users/Neko/Documents/FPGA/t/write2vga/sources/rtl/CNN_READ.v) is already in fileSet(design_1).
GUI-5001 WARNING: Failed to add the file: C:/Users/Neko/Documents/FPGA/t/write2vga/sources/rtl/CNN_READ.v
PRJ-8403 ERROR: File(C:/Users/Neko/Documents/FPGA/t/write2vga/sources/rtl/CNN_READ_C2.v) is already in fileSet(design_1).
GUI-5001 WARNING: Failed to add the file: C:/Users/Neko/Documents/FPGA/t/write2vga/sources/rtl/CNN_READ_C2.v
PRJ-8403 ERROR: File(C:/Users/Neko/Documents/FPGA/t/write2vga/sources/rtl/CNN3.v) is already in fileSet(design_1).
GUI-5001 WARNING: Failed to add the file: C:/Users/Neko/Documents/FPGA/t/write2vga/sources/rtl/CNN3.v
PRJ-8403 ERROR: File(C:/Users/Neko/Documents/FPGA/t/write2vga/sources/rtl/conv1.v) is already in fileSet(design_1).
GUI-5001 WARNING: Failed to add the file: C:/Users/Neko/Documents/FPGA/t/write2vga/sources/rtl/conv1.v
PRJ-8403 ERROR: File(C:/Users/Neko/Documents/FPGA/t/write2vga/sources/rtl/conv1_layer1.v) is already in fileSet(design_1).
GUI-5001 WARNING: Failed to add the file: C:/Users/Neko/Documents/FPGA/t/write2vga/sources/rtl/conv1_layer1.v
PRJ-8403 ERROR: File(C:/Users/Neko/Documents/FPGA/t/write2vga/sources/rtl/conv2.v) is already in fileSet(design_1).
GUI-5001 WARNING: Failed to add the file: C:/Users/Neko/Documents/FPGA/t/write2vga/sources/rtl/conv2.v
PRJ-8403 ERROR: File(C:/Users/Neko/Documents/FPGA/t/write2vga/sources/rtl/conv2_layer2.v) is already in fileSet(design_1).
GUI-5001 WARNING: Failed to add the file: C:/Users/Neko/Documents/FPGA/t/write2vga/sources/rtl/conv2_layer2.v
PRJ-8403 ERROR: File(C:/Users/Neko/Documents/FPGA/t/write2vga/sources/rtl/full_layer.v) is already in fileSet(design_1).
GUI-5001 WARNING: Failed to add the file: C:/Users/Neko/Documents/FPGA/t/write2vga/sources/rtl/full_layer.v
PRJ-8403 ERROR: File(C:/Users/Neko/Documents/FPGA/t/write2vga/sources/rtl/output_layer.v) is already in fileSet(design_1).
GUI-5001 WARNING: Failed to add the file: C:/Users/Neko/Documents/FPGA/t/write2vga/sources/rtl/output_layer.v
PRJ-8403 ERROR: File(C:/Users/Neko/Documents/FPGA/t/write2vga/sources/rtl/POOL_CORE.v) is already in fileSet(design_1).
GUI-5001 WARNING: Failed to add the file: C:/Users/Neko/Documents/FPGA/t/write2vga/sources/rtl/POOL_CORE.v
PRJ-8403 ERROR: File(C:/Users/Neko/Documents/FPGA/t/write2vga/sources/rtl/pool_core0.v) is already in fileSet(design_1).
GUI-5001 WARNING: Failed to add the file: C:/Users/Neko/Documents/FPGA/t/write2vga/sources/rtl/pool_core0.v
PRJ-8403 ERROR: File(C:/Users/Neko/Documents/FPGA/t/write2vga/sources/rtl/POOL_READ_P1.v) is already in fileSet(design_1).
GUI-5001 WARNING: Failed to add the file: C:/Users/Neko/Documents/FPGA/t/write2vga/sources/rtl/POOL_READ_P1.v
PRJ-8403 ERROR: File(C:/Users/Neko/Documents/FPGA/t/write2vga/sources/rtl/POOL_READ_P2.v) is already in fileSet(design_1).
GUI-5001 WARNING: Failed to add the file: C:/Users/Neko/Documents/FPGA/t/write2vga/sources/rtl/POOL_READ_P2.v
PRJ-8403 ERROR: File(C:/Users/Neko/Documents/FPGA/t/write2vga/sources/rtl/pool1_layer.v) is already in fileSet(design_1).
GUI-5001 WARNING: Failed to add the file: C:/Users/Neko/Documents/FPGA/t/write2vga/sources/rtl/pool1_layer.v
PRJ-8403 ERROR: File(C:/Users/Neko/Documents/FPGA/t/write2vga/sources/rtl/POOL3.v) is already in fileSet(design_1).
GUI-5001 WARNING: Failed to add the file: C:/Users/Neko/Documents/FPGA/t/write2vga/sources/rtl/POOL3.v
PRJ-8403 ERROR: File(C:/Users/Neko/Documents/FPGA/t/write2vga/sources/rtl/PRE_LAYER.v) is already in fileSet(design_1).
GUI-5001 WARNING: Failed to add the file: C:/Users/Neko/Documents/FPGA/t/write2vga/sources/rtl/PRE_LAYER.v
PRJ-8403 ERROR: File(C:/Users/Neko/Documents/FPGA/t/write2vga/sources/rtl/READ_RAMP2.v) is already in fileSet(design_1).
GUI-5001 WARNING: Failed to add the file: C:/Users/Neko/Documents/FPGA/t/write2vga/sources/rtl/READ_RAMP2.v
PRJ-8403 ERROR: File(C:/Users/Neko/Documents/FPGA/t/write2vga/sources/rtl/RGB2GRAY.v) is already in fileSet(design_1).
GUI-5001 WARNING: Failed to add the file: C:/Users/Neko/Documents/FPGA/t/write2vga/sources/rtl/RGB2GRAY.v
PRJ-8403 ERROR: File(C:/Users/Neko/Documents/FPGA/t/write2vga/sources/rtl/test_camera.v) is already in fileSet(design_1).
GUI-5001 WARNING: Failed to add the file: C:/Users/Neko/Documents/FPGA/t/write2vga/sources/rtl/test_camera.v
PRJ-8403 ERROR: File(C:/Users/Neko/Documents/FPGA/t/write2vga/sources/rtl/test_ram_read.v) is already in fileSet(design_1).
GUI-5001 WARNING: Failed to add the file: C:/Users/Neko/Documents/FPGA/t/write2vga/sources/rtl/test_ram_read.v
RUN-1002 : start command "commit_param -step design"
RUN-1001 : Print Global Property
RUN-1001 : --------------------------------------------------------
RUN-1001 :   Parameters   |  Settings  |  Default Values  |  Note  
RUN-1001 : --------------------------------------------------------
RUN-1001 :   enable_seed  |    off     |       off        |        
RUN-1001 :     message    |  standard  |     standard     |        
RUN-1001 :   qor_monitor  |     on     |        on        |        
RUN-1001 :   syn_ip_flow  |    off     |       off        |        
RUN-1001 :     thread     |    auto    |       auto       |        
RUN-1001 : --------------------------------------------------------
RUN-1001 : Print Design Property
RUN-1001 : ----------------------------------------------------------------
RUN-1001 :       Parameters       |  Settings  |  Default Values  |  Note  
RUN-1001 : ----------------------------------------------------------------
RUN-1001 :   default_reg_initial  |    auto    |       auto       |        
RUN-1001 :    hdl_warning_level   |   normal   |      normal      |        
RUN-1001 : ----------------------------------------------------------------
HDL-1007 : analyze verilog file CNN_READ.v
HDL-1007 : analyze verilog file CNN_L1_221009.v
HDL-1007 : analyze verilog file test_ram_read.v
HDL-5007 WARNING: /* is inside a comment in test_ram_read.v(123)
HDL-1007 : analyze verilog file POOL_CORE.v
HDL-1007 : analyze verilog file CNN3.v
HDL-1007 : analyze verilog file POOL3.v
HDL-1007 : analyze verilog file POOL_READ_P1.v
HDL-1007 : analyze verilog file CNN_READ_C2.v
HDL-1007 : analyze verilog file POOL_READ_P2.v
HDL-1007 : analyze verilog file RGB2GRAY.v
HDL-1007 : analyze verilog file PRE_LAYER.v
HDL-1007 : analyze verilog file READ_RAMP2.v
HDL-1007 : analyze verilog file conv1.v
HDL-1007 : analyze verilog file pool1_layer.v
HDL-1007 : analyze verilog file conv2.v
HDL-1007 : analyze verilog file full_layer.v
HDL-1007 : analyze verilog file conv1_layer1.v
HDL-1007 : analyze verilog file conv2_layer2.v
HDL-1007 : analyze verilog file pool_core0.v
HDL-1007 : analyze verilog file output_layer.v
HDL-1007 : analyze verilog file test_camera.v
HDL-1007 : analyze verilog file camera_init.v
HDL-1007 : undeclared symbol 'clk_div', assumed default net type 'wire' in camera_init.v(74)
HDL-1007 : analyze verilog file camera_reader.v
HDL-1007 : analyze verilog file CNN1_vga.v
HDL-1007 : analyze verilog file i2c_module.v
HDL-1007 : analyze verilog file lcd_sync.v
HDL-1007 : analyze verilog file lcd_sync_Y.v
HDL-1007 : analyze verilog file ../al_ip/01.v
HDL-1007 : analyze verilog file ../al_ip/02.v
HDL-1007 : analyze verilog file ../al_ip/ip_fifo.v
HDL-1007 : analyze verilog file ../al_ip/ip_fifo_sim.v
HDL-1007 : undeclared symbol 'open_n47', assumed default net type 'wire' in ../al_ip/ip_fifo_sim.v(61)
HDL-1007 : undeclared symbol 'open_n48', assumed default net type 'wire' in ../al_ip/ip_fifo_sim.v(61)
HDL-1007 : undeclared symbol 'open_n49', assumed default net type 'wire' in ../al_ip/ip_fifo_sim.v(61)
HDL-1007 : undeclared symbol 'open_n50', assumed default net type 'wire' in ../al_ip/ip_fifo_sim.v(61)
HDL-1007 : undeclared symbol 'open_n51', assumed default net type 'wire' in ../al_ip/ip_fifo_sim.v(61)
HDL-1007 : undeclared symbol 'open_n52', assumed default net type 'wire' in ../al_ip/ip_fifo_sim.v(61)
HDL-1007 : undeclared symbol 'open_n53', assumed default net type 'wire' in ../al_ip/ip_fifo_sim.v(61)
HDL-1007 : undeclared symbol 'open_n54', assumed default net type 'wire' in ../al_ip/ip_fifo_sim.v(61)
HDL-1007 : undeclared symbol 'open_n75', assumed default net type 'wire' in ../al_ip/ip_fifo_sim.v(68)
HDL-1007 : undeclared symbol 'open_n76', assumed default net type 'wire' in ../al_ip/ip_fifo_sim.v(68)
HDL-1007 : undeclared symbol 'open_n77', assumed default net type 'wire' in ../al_ip/ip_fifo_sim.v(68)
HDL-1007 : undeclared symbol 'open_n78', assumed default net type 'wire' in ../al_ip/ip_fifo_sim.v(68)
HDL-1007 : undeclared symbol 'open_n79', assumed default net type 'wire' in ../al_ip/ip_fifo_sim.v(68)
HDL-1007 : undeclared symbol 'open_n80', assumed default net type 'wire' in ../al_ip/ip_fifo_sim.v(68)
HDL-1007 : undeclared symbol 'open_n81', assumed default net type 'wire' in ../al_ip/ip_fifo_sim.v(68)
HDL-1007 : undeclared symbol 'open_n82', assumed default net type 'wire' in ../al_ip/ip_fifo_sim.v(93)
HDL-1007 : undeclared symbol 'open_n83', assumed default net type 'wire' in ../al_ip/ip_fifo_sim.v(93)
HDL-1007 : undeclared symbol 'open_n84', assumed default net type 'wire' in ../al_ip/ip_fifo_sim.v(93)
HDL-1007 : undeclared symbol 'open_n85', assumed default net type 'wire' in ../al_ip/ip_fifo_sim.v(93)
HDL-1007 : undeclared symbol 'open_n86', assumed default net type 'wire' in ../al_ip/ip_fifo_sim.v(93)
HDL-1007 : undeclared symbol 'open_n87', assumed default net type 'wire' in ../al_ip/ip_fifo_sim.v(93)
HDL-1007 : undeclared symbol 'open_n88', assumed default net type 'wire' in ../al_ip/ip_fifo_sim.v(93)
HDL-1007 : undeclared symbol 'open_n89', assumed default net type 'wire' in ../al_ip/ip_fifo_sim.v(93)
HDL-1007 : undeclared symbol 'open_n110', assumed default net type 'wire' in ../al_ip/ip_fifo_sim.v(100)
HDL-1007 : undeclared symbol 'open_n111', assumed default net type 'wire' in ../al_ip/ip_fifo_sim.v(100)
HDL-1007 : undeclared symbol 'open_n112', assumed default net type 'wire' in ../al_ip/ip_fifo_sim.v(100)
HDL-1007 : undeclared symbol 'open_n113', assumed default net type 'wire' in ../al_ip/ip_fifo_sim.v(100)
HDL-1007 : undeclared symbol 'open_n114', assumed default net type 'wire' in ../al_ip/ip_fifo_sim.v(100)
HDL-1007 : undeclared symbol 'open_n115', assumed default net type 'wire' in ../al_ip/ip_fifo_sim.v(100)
HDL-1007 : undeclared symbol 'open_n116', assumed default net type 'wire' in ../al_ip/ip_fifo_sim.v(100)
HDL-1007 : undeclared symbol 'open_n119', assumed default net type 'wire' in ../al_ip/ip_fifo_sim.v(123)
HDL-1007 : undeclared symbol 'open_n120', assumed default net type 'wire' in ../al_ip/ip_fifo_sim.v(123)
HDL-1007 : undeclared symbol 'open_n121', assumed default net type 'wire' in ../al_ip/ip_fifo_sim.v(123)
HDL-1007 : undeclared symbol 'open_n122', assumed default net type 'wire' in ../al_ip/ip_fifo_sim.v(123)
HDL-1007 : undeclared symbol 'open_n123', assumed default net type 'wire' in ../al_ip/ip_fifo_sim.v(123)
HDL-1007 : undeclared symbol 'open_n124', assumed default net type 'wire' in ../al_ip/ip_fifo_sim.v(123)
HDL-1007 : undeclared symbol 'open_n125', assumed default net type 'wire' in ../al_ip/ip_fifo_sim.v(123)
HDL-1007 : undeclared symbol 'open_n126', assumed default net type 'wire' in ../al_ip/ip_fifo_sim.v(123)
HDL-1007 : undeclared symbol 'open_n147', assumed default net type 'wire' in ../al_ip/ip_fifo_sim.v(130)
HDL-1007 : undeclared symbol 'open_n148', assumed default net type 'wire' in ../al_ip/ip_fifo_sim.v(130)
HDL-1007 : undeclared symbol 'open_n149', assumed default net type 'wire' in ../al_ip/ip_fifo_sim.v(130)
HDL-1007 : undeclared symbol 'open_n150', assumed default net type 'wire' in ../al_ip/ip_fifo_sim.v(130)
HDL-1007 : undeclared symbol 'open_n151', assumed default net type 'wire' in ../al_ip/ip_fifo_sim.v(130)
HDL-1007 : undeclared symbol 'open_n152', assumed default net type 'wire' in ../al_ip/ip_fifo_sim.v(130)
HDL-1007 : undeclared symbol 'open_n153', assumed default net type 'wire' in ../al_ip/ip_fifo_sim.v(130)
HDL-1007 : undeclared symbol 'open_n156', assumed default net type 'wire' in ../al_ip/ip_fifo_sim.v(153)
HDL-1007 : undeclared symbol 'open_n157', assumed default net type 'wire' in ../al_ip/ip_fifo_sim.v(153)
HDL-1007 : undeclared symbol 'open_n158', assumed default net type 'wire' in ../al_ip/ip_fifo_sim.v(153)
HDL-1007 : undeclared symbol 'open_n159', assumed default net type 'wire' in ../al_ip/ip_fifo_sim.v(153)
HDL-1007 : undeclared symbol 'open_n160', assumed default net type 'wire' in ../al_ip/ip_fifo_sim.v(153)
HDL-1007 : undeclared symbol 'open_n161', assumed default net type 'wire' in ../al_ip/ip_fifo_sim.v(153)
HDL-1007 : undeclared symbol 'open_n162', assumed default net type 'wire' in ../al_ip/ip_fifo_sim.v(153)
HDL-1007 : undeclared symbol 'open_n163', assumed default net type 'wire' in ../al_ip/ip_fifo_sim.v(153)
HDL-1007 : undeclared symbol 'open_n184', assumed default net type 'wire' in ../al_ip/ip_fifo_sim.v(160)
HDL-1007 : undeclared symbol 'open_n185', assumed default net type 'wire' in ../al_ip/ip_fifo_sim.v(160)
HDL-1007 : undeclared symbol 'open_n186', assumed default net type 'wire' in ../al_ip/ip_fifo_sim.v(160)
HDL-1007 : undeclared symbol 'open_n187', assumed default net type 'wire' in ../al_ip/ip_fifo_sim.v(160)
HDL-1007 : undeclared symbol 'open_n188', assumed default net type 'wire' in ../al_ip/ip_fifo_sim.v(160)
HDL-1007 : undeclared symbol 'open_n189', assumed default net type 'wire' in ../al_ip/ip_fifo_sim.v(160)
HDL-1007 : undeclared symbol 'open_n190', assumed default net type 'wire' in ../al_ip/ip_fifo_sim.v(160)
HDL-1007 : undeclared symbol 'open_n193', assumed default net type 'wire' in ../al_ip/ip_fifo_sim.v(183)
HDL-1007 : undeclared symbol 'open_n194', assumed default net type 'wire' in ../al_ip/ip_fifo_sim.v(183)
HDL-1007 : undeclared symbol 'open_n195', assumed default net type 'wire' in ../al_ip/ip_fifo_sim.v(183)
HDL-1007 : undeclared symbol 'open_n196', assumed default net type 'wire' in ../al_ip/ip_fifo_sim.v(183)
HDL-1007 : undeclared symbol 'open_n197', assumed default net type 'wire' in ../al_ip/ip_fifo_sim.v(183)
HDL-1007 : undeclared symbol 'open_n198', assumed default net type 'wire' in ../al_ip/ip_fifo_sim.v(183)
HDL-1007 : undeclared symbol 'open_n199', assumed default net type 'wire' in ../al_ip/ip_fifo_sim.v(183)
HDL-1007 : undeclared symbol 'open_n200', assumed default net type 'wire' in ../al_ip/ip_fifo_sim.v(183)
HDL-1007 : undeclared symbol 'open_n221', assumed default net type 'wire' in ../al_ip/ip_fifo_sim.v(190)
HDL-1007 : undeclared symbol 'open_n222', assumed default net type 'wire' in ../al_ip/ip_fifo_sim.v(190)
HDL-1007 : undeclared symbol 'open_n223', assumed default net type 'wire' in ../al_ip/ip_fifo_sim.v(190)
HDL-1007 : undeclared symbol 'open_n224', assumed default net type 'wire' in ../al_ip/ip_fifo_sim.v(190)
HDL-1007 : undeclared symbol 'open_n225', assumed default net type 'wire' in ../al_ip/ip_fifo_sim.v(190)
HDL-1007 : undeclared symbol 'open_n226', assumed default net type 'wire' in ../al_ip/ip_fifo_sim.v(190)
HDL-1007 : undeclared symbol 'open_n227', assumed default net type 'wire' in ../al_ip/ip_fifo_sim.v(190)
HDL-1007 : undeclared symbol 'open_n230', assumed default net type 'wire' in ../al_ip/ip_fifo_sim.v(213)
HDL-1007 : undeclared symbol 'open_n231', assumed default net type 'wire' in ../al_ip/ip_fifo_sim.v(213)
HDL-1007 : undeclared symbol 'open_n232', assumed default net type 'wire' in ../al_ip/ip_fifo_sim.v(213)
HDL-1007 : undeclared symbol 'open_n233', assumed default net type 'wire' in ../al_ip/ip_fifo_sim.v(213)
HDL-1007 : undeclared symbol 'open_n234', assumed default net type 'wire' in ../al_ip/ip_fifo_sim.v(213)
HDL-1007 : undeclared symbol 'open_n235', assumed default net type 'wire' in ../al_ip/ip_fifo_sim.v(213)
HDL-1007 : undeclared symbol 'open_n236', assumed default net type 'wire' in ../al_ip/ip_fifo_sim.v(213)
HDL-1007 : undeclared symbol 'open_n237', assumed default net type 'wire' in ../al_ip/ip_fifo_sim.v(213)
HDL-1007 : undeclared symbol 'open_n258', assumed default net type 'wire' in ../al_ip/ip_fifo_sim.v(220)
HDL-1007 : undeclared symbol 'open_n259', assumed default net type 'wire' in ../al_ip/ip_fifo_sim.v(220)
HDL-1007 : undeclared symbol 'open_n260', assumed default net type 'wire' in ../al_ip/ip_fifo_sim.v(220)
HDL-1007 : undeclared symbol 'open_n261', assumed default net type 'wire' in ../al_ip/ip_fifo_sim.v(220)
HDL-1007 : undeclared symbol 'open_n262', assumed default net type 'wire' in ../al_ip/ip_fifo_sim.v(220)
HDL-1007 : undeclared symbol 'open_n263', assumed default net type 'wire' in ../al_ip/ip_fifo_sim.v(220)
HDL-1007 : undeclared symbol 'open_n264', assumed default net type 'wire' in ../al_ip/ip_fifo_sim.v(220)
HDL-1007 : undeclared symbol 'open_n267', assumed default net type 'wire' in ../al_ip/ip_fifo_sim.v(243)
HDL-1007 : undeclared symbol 'open_n268', assumed default net type 'wire' in ../al_ip/ip_fifo_sim.v(243)
HDL-1007 : undeclared symbol 'open_n269', assumed default net type 'wire' in ../al_ip/ip_fifo_sim.v(243)
HDL-1007 : undeclared symbol 'open_n270', assumed default net type 'wire' in ../al_ip/ip_fifo_sim.v(243)
HDL-1007 : undeclared symbol 'open_n271', assumed default net type 'wire' in ../al_ip/ip_fifo_sim.v(243)
HDL-1007 : undeclared symbol 'open_n272', assumed default net type 'wire' in ../al_ip/ip_fifo_sim.v(243)
HDL-1007 : undeclared symbol 'open_n273', assumed default net type 'wire' in ../al_ip/ip_fifo_sim.v(243)
HDL-1007 : undeclared symbol 'open_n274', assumed default net type 'wire' in ../al_ip/ip_fifo_sim.v(243)
HDL-1007 : undeclared symbol 'open_n295', assumed default net type 'wire' in ../al_ip/ip_fifo_sim.v(250)
HDL-1007 : undeclared symbol 'open_n296', assumed default net type 'wire' in ../al_ip/ip_fifo_sim.v(250)
HDL-1007 : undeclared symbol 'open_n297', assumed default net type 'wire' in ../al_ip/ip_fifo_sim.v(250)
HDL-1007 : undeclared symbol 'open_n298', assumed default net type 'wire' in ../al_ip/ip_fifo_sim.v(250)
HDL-1007 : undeclared symbol 'open_n299', assumed default net type 'wire' in ../al_ip/ip_fifo_sim.v(250)
HDL-1007 : undeclared symbol 'open_n300', assumed default net type 'wire' in ../al_ip/ip_fifo_sim.v(250)
HDL-1007 : undeclared symbol 'open_n301', assumed default net type 'wire' in ../al_ip/ip_fifo_sim.v(250)
HDL-1007 : undeclared symbol 'open_n304', assumed default net type 'wire' in ../al_ip/ip_fifo_sim.v(273)
HDL-1007 : undeclared symbol 'open_n305', assumed default net type 'wire' in ../al_ip/ip_fifo_sim.v(273)
HDL-1007 : undeclared symbol 'open_n306', assumed default net type 'wire' in ../al_ip/ip_fifo_sim.v(273)
HDL-1007 : undeclared symbol 'open_n307', assumed default net type 'wire' in ../al_ip/ip_fifo_sim.v(273)
HDL-1007 : undeclared symbol 'open_n308', assumed default net type 'wire' in ../al_ip/ip_fifo_sim.v(273)
HDL-1007 : undeclared symbol 'open_n309', assumed default net type 'wire' in ../al_ip/ip_fifo_sim.v(273)
HDL-1007 : undeclared symbol 'open_n310', assumed default net type 'wire' in ../al_ip/ip_fifo_sim.v(273)
HDL-1007 : undeclared symbol 'open_n311', assumed default net type 'wire' in ../al_ip/ip_fifo_sim.v(273)
HDL-1007 : undeclared symbol 'open_n332', assumed default net type 'wire' in ../al_ip/ip_fifo_sim.v(280)
HDL-1007 : undeclared symbol 'open_n333', assumed default net type 'wire' in ../al_ip/ip_fifo_sim.v(280)
HDL-1007 : undeclared symbol 'open_n334', assumed default net type 'wire' in ../al_ip/ip_fifo_sim.v(280)
HDL-1007 : undeclared symbol 'open_n335', assumed default net type 'wire' in ../al_ip/ip_fifo_sim.v(280)
HDL-1007 : undeclared symbol 'open_n336', assumed default net type 'wire' in ../al_ip/ip_fifo_sim.v(280)
HDL-1007 : undeclared symbol 'open_n337', assumed default net type 'wire' in ../al_ip/ip_fifo_sim.v(280)
HDL-1007 : undeclared symbol 'open_n338', assumed default net type 'wire' in ../al_ip/ip_fifo_sim.v(280)
HDL-7201 CRITICAL-WARNING: overwrite current module 'img_fifo' in ../al_ip/ip_fifo_sim.v(5)
HDL-7307 CRITICAL-WARNING: previous definition of design element module 'img_fifo' is here. This is because multiple modules(values) with the same name are defined. Please consider rewriting code in ../al_ip/ip_fifo.v(14)
HDL-1007 : analyze verilog file ../al_ip/ip_pll.v
HDL-1007 : undeclared symbol 'open', assumed default net type 'wire' in ../al_ip/ip_pll.v(70)
HDL-1007 : analyze verilog file ../al_ip/ip_pll_sim.v
HDL-1007 : undeclared symbol 'open_n47', assumed default net type 'wire' in ../al_ip/ip_pll_sim.v(108)
HDL-1007 : undeclared symbol 'open_n48', assumed default net type 'wire' in ../al_ip/ip_pll_sim.v(108)
HDL-7201 CRITICAL-WARNING: overwrite current module 'ip_pll' in ../al_ip/ip_pll_sim.v(5)
HDL-7307 CRITICAL-WARNING: previous definition of design element module 'ip_pll' is here. This is because multiple modules(values) with the same name are defined. Please consider rewriting code in ../al_ip/ip_pll.v(24)
HDL-1007 : analyze verilog file ../al_ip/ip_ram.v
HDL-1007 : analyze verilog file ../al_ip/ip_ram_sim.v
HDL-1007 : undeclared symbol 'open_n70', assumed default net type 'wire' in ../al_ip/ip_ram_sim.v(2586)
HDL-1007 : undeclared symbol 'open_n71', assumed default net type 'wire' in ../al_ip/ip_ram_sim.v(2586)
HDL-1007 : undeclared symbol 'open_n72', assumed default net type 'wire' in ../al_ip/ip_ram_sim.v(2586)
HDL-1007 : undeclared symbol 'open_n73', assumed default net type 'wire' in ../al_ip/ip_ram_sim.v(2586)
HDL-1007 : undeclared symbol 'open_n74', assumed default net type 'wire' in ../al_ip/ip_ram_sim.v(2586)
HDL-1007 : undeclared symbol 'open_n75', assumed default net type 'wire' in ../al_ip/ip_ram_sim.v(2586)
HDL-1007 : undeclared symbol 'open_n76', assumed default net type 'wire' in ../al_ip/ip_ram_sim.v(2586)
HDL-1007 : undeclared symbol 'open_n77', assumed default net type 'wire' in ../al_ip/ip_ram_sim.v(2586)
HDL-1007 : undeclared symbol 'open_n101', assumed default net type 'wire' in ../al_ip/ip_ram_sim.v(2588)
HDL-1007 : undeclared symbol 'open_n102', assumed default net type 'wire' in ../al_ip/ip_ram_sim.v(2588)
HDL-1007 : undeclared symbol 'open_n103', assumed default net type 'wire' in ../al_ip/ip_ram_sim.v(2588)
HDL-1007 : undeclared symbol 'open_n104', assumed default net type 'wire' in ../al_ip/ip_ram_sim.v(2588)
HDL-1007 : undeclared symbol 'open_n105', assumed default net type 'wire' in ../al_ip/ip_ram_sim.v(2588)
HDL-1007 : undeclared symbol 'open_n106', assumed default net type 'wire' in ../al_ip/ip_ram_sim.v(2588)
HDL-1007 : undeclared symbol 'open_n107', assumed default net type 'wire' in ../al_ip/ip_ram_sim.v(2588)
HDL-1007 : undeclared symbol 'open_n108', assumed default net type 'wire' in ../al_ip/ip_ram_sim.v(2588)
HDL-1007 : undeclared symbol 'open_n109', assumed default net type 'wire' in ../al_ip/ip_ram_sim.v(2619)
HDL-1007 : undeclared symbol 'open_n110', assumed default net type 'wire' in ../al_ip/ip_ram_sim.v(2619)
HDL-1007 : undeclared symbol 'open_n111', assumed default net type 'wire' in ../al_ip/ip_ram_sim.v(2619)
HDL-1007 : undeclared symbol 'open_n112', assumed default net type 'wire' in ../al_ip/ip_ram_sim.v(2619)
HDL-1007 : undeclared symbol 'open_n113', assumed default net type 'wire' in ../al_ip/ip_ram_sim.v(2619)
HDL-1007 : undeclared symbol 'open_n114', assumed default net type 'wire' in ../al_ip/ip_ram_sim.v(2619)
HDL-1007 : undeclared symbol 'open_n115', assumed default net type 'wire' in ../al_ip/ip_ram_sim.v(2619)
HDL-1007 : undeclared symbol 'open_n116', assumed default net type 'wire' in ../al_ip/ip_ram_sim.v(2619)
HDL-1007 : undeclared symbol 'open_n140', assumed default net type 'wire' in ../al_ip/ip_ram_sim.v(2621)
HDL-1007 : undeclared symbol 'open_n141', assumed default net type 'wire' in ../al_ip/ip_ram_sim.v(2621)
HDL-1007 : undeclared symbol 'open_n142', assumed default net type 'wire' in ../al_ip/ip_ram_sim.v(2621)
HDL-1007 : undeclared symbol 'open_n143', assumed default net type 'wire' in ../al_ip/ip_ram_sim.v(2621)
HDL-1007 : undeclared symbol 'open_n144', assumed default net type 'wire' in ../al_ip/ip_ram_sim.v(2621)
HDL-1007 : undeclared symbol 'open_n145', assumed default net type 'wire' in ../al_ip/ip_ram_sim.v(2621)
HDL-1007 : undeclared symbol 'open_n146', assumed default net type 'wire' in ../al_ip/ip_ram_sim.v(2621)
HDL-1007 : undeclared symbol 'open_n147', assumed default net type 'wire' in ../al_ip/ip_ram_sim.v(2621)
HDL-1007 : undeclared symbol 'open_n148', assumed default net type 'wire' in ../al_ip/ip_ram_sim.v(2652)
HDL-1007 : undeclared symbol 'open_n149', assumed default net type 'wire' in ../al_ip/ip_ram_sim.v(2652)
HDL-1007 : undeclared symbol 'open_n150', assumed default net type 'wire' in ../al_ip/ip_ram_sim.v(2652)
HDL-1007 : undeclared symbol 'open_n151', assumed default net type 'wire' in ../al_ip/ip_ram_sim.v(2652)
HDL-1007 : undeclared symbol 'open_n152', assumed default net type 'wire' in ../al_ip/ip_ram_sim.v(2652)
HDL-1007 : undeclared symbol 'open_n153', assumed default net type 'wire' in ../al_ip/ip_ram_sim.v(2652)
HDL-1007 : undeclared symbol 'open_n154', assumed default net type 'wire' in ../al_ip/ip_ram_sim.v(2652)
HDL-1007 : undeclared symbol 'open_n155', assumed default net type 'wire' in ../al_ip/ip_ram_sim.v(2652)
HDL-1007 : undeclared symbol 'open_n179', assumed default net type 'wire' in ../al_ip/ip_ram_sim.v(2654)
HDL-1007 : undeclared symbol 'open_n180', assumed default net type 'wire' in ../al_ip/ip_ram_sim.v(2654)
HDL-1007 : undeclared symbol 'open_n181', assumed default net type 'wire' in ../al_ip/ip_ram_sim.v(2654)
HDL-1007 : undeclared symbol 'open_n182', assumed default net type 'wire' in ../al_ip/ip_ram_sim.v(2654)
HDL-1007 : undeclared symbol 'open_n183', assumed default net type 'wire' in ../al_ip/ip_ram_sim.v(2654)
HDL-1007 : undeclared symbol 'open_n184', assumed default net type 'wire' in ../al_ip/ip_ram_sim.v(2654)
HDL-1007 : undeclared symbol 'open_n185', assumed default net type 'wire' in ../al_ip/ip_ram_sim.v(2654)
HDL-1007 : undeclared symbol 'open_n186', assumed default net type 'wire' in ../al_ip/ip_ram_sim.v(2654)
HDL-1007 : undeclared symbol 'open_n187', assumed default net type 'wire' in ../al_ip/ip_ram_sim.v(2685)
HDL-1007 : undeclared symbol 'open_n188', assumed default net type 'wire' in ../al_ip/ip_ram_sim.v(2685)
HDL-1007 : undeclared symbol 'open_n189', assumed default net type 'wire' in ../al_ip/ip_ram_sim.v(2685)
HDL-1007 : undeclared symbol 'open_n190', assumed default net type 'wire' in ../al_ip/ip_ram_sim.v(2685)
HDL-1007 : undeclared symbol 'open_n191', assumed default net type 'wire' in ../al_ip/ip_ram_sim.v(2685)
HDL-1007 : undeclared symbol 'open_n192', assumed default net type 'wire' in ../al_ip/ip_ram_sim.v(2685)
HDL-1007 : undeclared symbol 'open_n193', assumed default net type 'wire' in ../al_ip/ip_ram_sim.v(2685)
HDL-1007 : undeclared symbol 'open_n194', assumed default net type 'wire' in ../al_ip/ip_ram_sim.v(2685)
HDL-1007 : undeclared symbol 'open_n218', assumed default net type 'wire' in ../al_ip/ip_ram_sim.v(2687)
HDL-1007 : undeclared symbol 'open_n219', assumed default net type 'wire' in ../al_ip/ip_ram_sim.v(2687)
HDL-1007 : undeclared symbol 'open_n220', assumed default net type 'wire' in ../al_ip/ip_ram_sim.v(2687)
HDL-1007 : undeclared symbol 'open_n221', assumed default net type 'wire' in ../al_ip/ip_ram_sim.v(2687)
HDL-1007 : undeclared symbol 'open_n222', assumed default net type 'wire' in ../al_ip/ip_ram_sim.v(2687)
HDL-1007 : undeclared symbol 'open_n223', assumed default net type 'wire' in ../al_ip/ip_ram_sim.v(2687)
HDL-1007 : undeclared symbol 'open_n224', assumed default net type 'wire' in ../al_ip/ip_ram_sim.v(2687)
HDL-1007 : undeclared symbol 'open_n225', assumed default net type 'wire' in ../al_ip/ip_ram_sim.v(2687)
HDL-1007 : undeclared symbol 'open_n226', assumed default net type 'wire' in ../al_ip/ip_ram_sim.v(2718)
HDL-1007 : undeclared symbol 'open_n227', assumed default net type 'wire' in ../al_ip/ip_ram_sim.v(2718)
HDL-1007 : undeclared symbol 'open_n228', assumed default net type 'wire' in ../al_ip/ip_ram_sim.v(2718)
HDL-1007 : undeclared symbol 'open_n229', assumed default net type 'wire' in ../al_ip/ip_ram_sim.v(2718)
HDL-1007 : undeclared symbol 'open_n230', assumed default net type 'wire' in ../al_ip/ip_ram_sim.v(2718)
HDL-1007 : undeclared symbol 'open_n231', assumed default net type 'wire' in ../al_ip/ip_ram_sim.v(2718)
HDL-1007 : undeclared symbol 'open_n232', assumed default net type 'wire' in ../al_ip/ip_ram_sim.v(2718)
HDL-1007 : undeclared symbol 'open_n233', assumed default net type 'wire' in ../al_ip/ip_ram_sim.v(2718)
HDL-1007 : undeclared symbol 'open_n257', assumed default net type 'wire' in ../al_ip/ip_ram_sim.v(2720)
HDL-1007 : undeclared symbol 'open_n258', assumed default net type 'wire' in ../al_ip/ip_ram_sim.v(2720)
HDL-1007 : undeclared symbol 'open_n259', assumed default net type 'wire' in ../al_ip/ip_ram_sim.v(2720)
HDL-1007 : undeclared symbol 'open_n260', assumed default net type 'wire' in ../al_ip/ip_ram_sim.v(2720)
HDL-1007 : undeclared symbol 'open_n261', assumed default net type 'wire' in ../al_ip/ip_ram_sim.v(2720)
HDL-1007 : undeclared symbol 'open_n262', assumed default net type 'wire' in ../al_ip/ip_ram_sim.v(2720)
HDL-1007 : undeclared symbol 'open_n263', assumed default net type 'wire' in ../al_ip/ip_ram_sim.v(2720)
HDL-1007 : undeclared symbol 'open_n264', assumed default net type 'wire' in ../al_ip/ip_ram_sim.v(2720)
HDL-1007 : undeclared symbol 'open_n265', assumed default net type 'wire' in ../al_ip/ip_ram_sim.v(2751)
HDL-1007 : undeclared symbol 'open_n266', assumed default net type 'wire' in ../al_ip/ip_ram_sim.v(2751)
HDL-1007 : undeclared symbol 'open_n267', assumed default net type 'wire' in ../al_ip/ip_ram_sim.v(2751)
HDL-1007 : undeclared symbol 'open_n268', assumed default net type 'wire' in ../al_ip/ip_ram_sim.v(2751)
HDL-1007 : undeclared symbol 'open_n269', assumed default net type 'wire' in ../al_ip/ip_ram_sim.v(2751)
HDL-1007 : undeclared symbol 'open_n270', assumed default net type 'wire' in ../al_ip/ip_ram_sim.v(2751)
HDL-1007 : undeclared symbol 'open_n271', assumed default net type 'wire' in ../al_ip/ip_ram_sim.v(2751)
HDL-1007 : undeclared symbol 'open_n272', assumed default net type 'wire' in ../al_ip/ip_ram_sim.v(2751)
HDL-1007 : undeclared symbol 'open_n296', assumed default net type 'wire' in ../al_ip/ip_ram_sim.v(2753)
HDL-1007 : undeclared symbol 'open_n297', assumed default net type 'wire' in ../al_ip/ip_ram_sim.v(2753)
HDL-1007 : undeclared symbol 'open_n298', assumed default net type 'wire' in ../al_ip/ip_ram_sim.v(2753)
HDL-1007 : undeclared symbol 'open_n299', assumed default net type 'wire' in ../al_ip/ip_ram_sim.v(2753)
HDL-1007 : undeclared symbol 'open_n300', assumed default net type 'wire' in ../al_ip/ip_ram_sim.v(2753)
HDL-1007 : undeclared symbol 'open_n301', assumed default net type 'wire' in ../al_ip/ip_ram_sim.v(2753)
HDL-1007 : undeclared symbol 'open_n302', assumed default net type 'wire' in ../al_ip/ip_ram_sim.v(2753)
HDL-1007 : undeclared symbol 'open_n303', assumed default net type 'wire' in ../al_ip/ip_ram_sim.v(2753)
HDL-1007 : undeclared symbol 'open_n304', assumed default net type 'wire' in ../al_ip/ip_ram_sim.v(2784)
HDL-1007 : undeclared symbol 'open_n305', assumed default net type 'wire' in ../al_ip/ip_ram_sim.v(2784)
HDL-1007 : undeclared symbol 'open_n306', assumed default net type 'wire' in ../al_ip/ip_ram_sim.v(2784)
HDL-1007 : undeclared symbol 'open_n307', assumed default net type 'wire' in ../al_ip/ip_ram_sim.v(2784)
HDL-1007 : undeclared symbol 'open_n308', assumed default net type 'wire' in ../al_ip/ip_ram_sim.v(2784)
HDL-1007 : undeclared symbol 'open_n309', assumed default net type 'wire' in ../al_ip/ip_ram_sim.v(2784)
HDL-1007 : undeclared symbol 'open_n310', assumed default net type 'wire' in ../al_ip/ip_ram_sim.v(2784)
HDL-1007 : undeclared symbol 'open_n311', assumed default net type 'wire' in ../al_ip/ip_ram_sim.v(2784)
HDL-1007 : undeclared symbol 'open_n335', assumed default net type 'wire' in ../al_ip/ip_ram_sim.v(2786)
HDL-1007 : undeclared symbol 'open_n336', assumed default net type 'wire' in ../al_ip/ip_ram_sim.v(2786)
HDL-1007 : undeclared symbol 'open_n337', assumed default net type 'wire' in ../al_ip/ip_ram_sim.v(2786)
HDL-1007 : undeclared symbol 'open_n338', assumed default net type 'wire' in ../al_ip/ip_ram_sim.v(2786)
HDL-1007 : undeclared symbol 'open_n339', assumed default net type 'wire' in ../al_ip/ip_ram_sim.v(2786)
HDL-1007 : undeclared symbol 'open_n340', assumed default net type 'wire' in ../al_ip/ip_ram_sim.v(2786)
HDL-1007 : undeclared symbol 'open_n341', assumed default net type 'wire' in ../al_ip/ip_ram_sim.v(2786)
HDL-1007 : undeclared symbol 'open_n342', assumed default net type 'wire' in ../al_ip/ip_ram_sim.v(2786)
HDL-1007 : undeclared symbol 'open_n527', assumed default net type 'wire' in ../al_ip/ip_ram_sim.v(3081)
HDL-1007 : undeclared symbol 'open_n528', assumed default net type 'wire' in ../al_ip/ip_ram_sim.v(3081)
HDL-1007 : undeclared symbol 'open_n529', assumed default net type 'wire' in ../al_ip/ip_ram_sim.v(3081)
HDL-1007 : undeclared symbol 'open_n530', assumed default net type 'wire' in ../al_ip/ip_ram_sim.v(3081)
HDL-1007 : undeclared symbol 'open_n531', assumed default net type 'wire' in ../al_ip/ip_ram_sim.v(3081)
HDL-1007 : undeclared symbol 'open_n532', assumed default net type 'wire' in ../al_ip/ip_ram_sim.v(3081)
HDL-1007 : undeclared symbol 'open_n533', assumed default net type 'wire' in ../al_ip/ip_ram_sim.v(3081)
HDL-1007 : undeclared symbol 'open_n534', assumed default net type 'wire' in ../al_ip/ip_ram_sim.v(3081)
HDL-1007 : undeclared symbol 'open_n558', assumed default net type 'wire' in ../al_ip/ip_ram_sim.v(3083)
HDL-1007 : undeclared symbol 'open_n559', assumed default net type 'wire' in ../al_ip/ip_ram_sim.v(3083)
HDL-1007 : undeclared symbol 'open_n560', assumed default net type 'wire' in ../al_ip/ip_ram_sim.v(3083)
HDL-1007 : undeclared symbol 'open_n561', assumed default net type 'wire' in ../al_ip/ip_ram_sim.v(3083)
HDL-1007 : undeclared symbol 'open_n562', assumed default net type 'wire' in ../al_ip/ip_ram_sim.v(3083)
HDL-1007 : undeclared symbol 'open_n563', assumed default net type 'wire' in ../al_ip/ip_ram_sim.v(3083)
HDL-1007 : undeclared symbol 'open_n564', assumed default net type 'wire' in ../al_ip/ip_ram_sim.v(3083)
HDL-1007 : undeclared symbol 'open_n565', assumed default net type 'wire' in ../al_ip/ip_ram_sim.v(3083)
HDL-1007 : undeclared symbol 'open_n566', assumed default net type 'wire' in ../al_ip/ip_ram_sim.v(3114)
HDL-1007 : undeclared symbol 'open_n567', assumed default net type 'wire' in ../al_ip/ip_ram_sim.v(3114)
HDL-1007 : undeclared symbol 'open_n568', assumed default net type 'wire' in ../al_ip/ip_ram_sim.v(3114)
HDL-1007 : undeclared symbol 'open_n569', assumed default net type 'wire' in ../al_ip/ip_ram_sim.v(3114)
HDL-1007 : undeclared symbol 'open_n570', assumed default net type 'wire' in ../al_ip/ip_ram_sim.v(3114)
HDL-1007 : undeclared symbol 'open_n571', assumed default net type 'wire' in ../al_ip/ip_ram_sim.v(3114)
HDL-1007 : undeclared symbol 'open_n572', assumed default net type 'wire' in ../al_ip/ip_ram_sim.v(3114)
HDL-1007 : undeclared symbol 'open_n573', assumed default net type 'wire' in ../al_ip/ip_ram_sim.v(3114)
HDL-1007 : undeclared symbol 'open_n597', assumed default net type 'wire' in ../al_ip/ip_ram_sim.v(3116)
HDL-1007 : undeclared symbol 'open_n598', assumed default net type 'wire' in ../al_ip/ip_ram_sim.v(3116)
HDL-1007 : undeclared symbol 'open_n599', assumed default net type 'wire' in ../al_ip/ip_ram_sim.v(3116)
HDL-1007 : undeclared symbol 'open_n600', assumed default net type 'wire' in ../al_ip/ip_ram_sim.v(3116)
HDL-1007 : undeclared symbol 'open_n601', assumed default net type 'wire' in ../al_ip/ip_ram_sim.v(3116)
HDL-1007 : undeclared symbol 'open_n602', assumed default net type 'wire' in ../al_ip/ip_ram_sim.v(3116)
HDL-1007 : undeclared symbol 'open_n603', assumed default net type 'wire' in ../al_ip/ip_ram_sim.v(3116)
HDL-1007 : undeclared symbol 'open_n604', assumed default net type 'wire' in ../al_ip/ip_ram_sim.v(3116)
HDL-1007 : undeclared symbol 'open_n605', assumed default net type 'wire' in ../al_ip/ip_ram_sim.v(3147)
HDL-1007 : undeclared symbol 'open_n606', assumed default net type 'wire' in ../al_ip/ip_ram_sim.v(3147)
HDL-1007 : undeclared symbol 'open_n607', assumed default net type 'wire' in ../al_ip/ip_ram_sim.v(3147)
HDL-1007 : undeclared symbol 'open_n608', assumed default net type 'wire' in ../al_ip/ip_ram_sim.v(3147)
HDL-1007 : undeclared symbol 'open_n609', assumed default net type 'wire' in ../al_ip/ip_ram_sim.v(3147)
HDL-1007 : undeclared symbol 'open_n610', assumed default net type 'wire' in ../al_ip/ip_ram_sim.v(3147)
HDL-1007 : undeclared symbol 'open_n611', assumed default net type 'wire' in ../al_ip/ip_ram_sim.v(3147)
HDL-1007 : undeclared symbol 'open_n612', assumed default net type 'wire' in ../al_ip/ip_ram_sim.v(3147)
HDL-1007 : undeclared symbol 'open_n636', assumed default net type 'wire' in ../al_ip/ip_ram_sim.v(3149)
HDL-1007 : undeclared symbol 'open_n637', assumed default net type 'wire' in ../al_ip/ip_ram_sim.v(3149)
HDL-1007 : undeclared symbol 'open_n638', assumed default net type 'wire' in ../al_ip/ip_ram_sim.v(3149)
HDL-1007 : undeclared symbol 'open_n639', assumed default net type 'wire' in ../al_ip/ip_ram_sim.v(3149)
HDL-1007 : undeclared symbol 'open_n640', assumed default net type 'wire' in ../al_ip/ip_ram_sim.v(3149)
HDL-1007 : undeclared symbol 'open_n641', assumed default net type 'wire' in ../al_ip/ip_ram_sim.v(3149)
HDL-1007 : undeclared symbol 'open_n642', assumed default net type 'wire' in ../al_ip/ip_ram_sim.v(3149)
HDL-1007 : undeclared symbol 'open_n643', assumed default net type 'wire' in ../al_ip/ip_ram_sim.v(3149)
HDL-1007 : undeclared symbol 'open_n644', assumed default net type 'wire' in ../al_ip/ip_ram_sim.v(3180)
HDL-1007 : undeclared symbol 'open_n645', assumed default net type 'wire' in ../al_ip/ip_ram_sim.v(3180)
HDL-1007 : undeclared symbol 'open_n646', assumed default net type 'wire' in ../al_ip/ip_ram_sim.v(3180)
HDL-1007 : undeclared symbol 'open_n647', assumed default net type 'wire' in ../al_ip/ip_ram_sim.v(3180)
HDL-1007 : undeclared symbol 'open_n648', assumed default net type 'wire' in ../al_ip/ip_ram_sim.v(3180)
HDL-1007 : undeclared symbol 'open_n649', assumed default net type 'wire' in ../al_ip/ip_ram_sim.v(3180)
HDL-1007 : undeclared symbol 'open_n650', assumed default net type 'wire' in ../al_ip/ip_ram_sim.v(3180)
HDL-1007 : undeclared symbol 'open_n651', assumed default net type 'wire' in ../al_ip/ip_ram_sim.v(3180)
HDL-1007 : undeclared symbol 'open_n675', assumed default net type 'wire' in ../al_ip/ip_ram_sim.v(3182)
HDL-1007 : undeclared symbol 'open_n676', assumed default net type 'wire' in ../al_ip/ip_ram_sim.v(3182)
HDL-1007 : undeclared symbol 'open_n677', assumed default net type 'wire' in ../al_ip/ip_ram_sim.v(3182)
HDL-1007 : undeclared symbol 'open_n678', assumed default net type 'wire' in ../al_ip/ip_ram_sim.v(3182)
HDL-1007 : undeclared symbol 'open_n679', assumed default net type 'wire' in ../al_ip/ip_ram_sim.v(3182)
HDL-1007 : undeclared symbol 'open_n680', assumed default net type 'wire' in ../al_ip/ip_ram_sim.v(3182)
HDL-1007 : undeclared symbol 'open_n681', assumed default net type 'wire' in ../al_ip/ip_ram_sim.v(3182)
HDL-1007 : undeclared symbol 'open_n682', assumed default net type 'wire' in ../al_ip/ip_ram_sim.v(3182)
HDL-1007 : undeclared symbol 'open_n683', assumed default net type 'wire' in ../al_ip/ip_ram_sim.v(3213)
HDL-1007 : undeclared symbol 'open_n684', assumed default net type 'wire' in ../al_ip/ip_ram_sim.v(3213)
HDL-1007 : undeclared symbol 'open_n685', assumed default net type 'wire' in ../al_ip/ip_ram_sim.v(3213)
HDL-1007 : undeclared symbol 'open_n686', assumed default net type 'wire' in ../al_ip/ip_ram_sim.v(3213)
HDL-1007 : undeclared symbol 'open_n687', assumed default net type 'wire' in ../al_ip/ip_ram_sim.v(3213)
HDL-1007 : undeclared symbol 'open_n688', assumed default net type 'wire' in ../al_ip/ip_ram_sim.v(3213)
HDL-1007 : undeclared symbol 'open_n689', assumed default net type 'wire' in ../al_ip/ip_ram_sim.v(3213)
HDL-1007 : undeclared symbol 'open_n690', assumed default net type 'wire' in ../al_ip/ip_ram_sim.v(3213)
HDL-1007 : undeclared symbol 'open_n714', assumed default net type 'wire' in ../al_ip/ip_ram_sim.v(3215)
HDL-1007 : undeclared symbol 'open_n715', assumed default net type 'wire' in ../al_ip/ip_ram_sim.v(3215)
HDL-1007 : undeclared symbol 'open_n716', assumed default net type 'wire' in ../al_ip/ip_ram_sim.v(3215)
HDL-1007 : undeclared symbol 'open_n717', assumed default net type 'wire' in ../al_ip/ip_ram_sim.v(3215)
HDL-1007 : undeclared symbol 'open_n718', assumed default net type 'wire' in ../al_ip/ip_ram_sim.v(3215)
HDL-1007 : undeclared symbol 'open_n719', assumed default net type 'wire' in ../al_ip/ip_ram_sim.v(3215)
HDL-1007 : undeclared symbol 'open_n720', assumed default net type 'wire' in ../al_ip/ip_ram_sim.v(3215)
HDL-1007 : undeclared symbol 'open_n721', assumed default net type 'wire' in ../al_ip/ip_ram_sim.v(3215)
HDL-1007 : undeclared symbol 'open_n722', assumed default net type 'wire' in ../al_ip/ip_ram_sim.v(3246)
HDL-1007 : undeclared symbol 'open_n723', assumed default net type 'wire' in ../al_ip/ip_ram_sim.v(3246)
HDL-1007 : undeclared symbol 'open_n724', assumed default net type 'wire' in ../al_ip/ip_ram_sim.v(3246)
HDL-1007 : undeclared symbol 'open_n725', assumed default net type 'wire' in ../al_ip/ip_ram_sim.v(3246)
HDL-1007 : undeclared symbol 'open_n726', assumed default net type 'wire' in ../al_ip/ip_ram_sim.v(3246)
HDL-1007 : undeclared symbol 'open_n727', assumed default net type 'wire' in ../al_ip/ip_ram_sim.v(3246)
HDL-1007 : undeclared symbol 'open_n728', assumed default net type 'wire' in ../al_ip/ip_ram_sim.v(3246)
HDL-1007 : undeclared symbol 'open_n729', assumed default net type 'wire' in ../al_ip/ip_ram_sim.v(3246)
HDL-1007 : undeclared symbol 'open_n753', assumed default net type 'wire' in ../al_ip/ip_ram_sim.v(3248)
HDL-1007 : undeclared symbol 'open_n754', assumed default net type 'wire' in ../al_ip/ip_ram_sim.v(3248)
HDL-1007 : undeclared symbol 'open_n755', assumed default net type 'wire' in ../al_ip/ip_ram_sim.v(3248)
HDL-1007 : undeclared symbol 'open_n756', assumed default net type 'wire' in ../al_ip/ip_ram_sim.v(3248)
HDL-1007 : undeclared symbol 'open_n757', assumed default net type 'wire' in ../al_ip/ip_ram_sim.v(3248)
HDL-1007 : undeclared symbol 'open_n758', assumed default net type 'wire' in ../al_ip/ip_ram_sim.v(3248)
HDL-1007 : undeclared symbol 'open_n759', assumed default net type 'wire' in ../al_ip/ip_ram_sim.v(3248)
HDL-1007 : undeclared symbol 'open_n760', assumed default net type 'wire' in ../al_ip/ip_ram_sim.v(3248)
HDL-1007 : undeclared symbol 'open_n761', assumed default net type 'wire' in ../al_ip/ip_ram_sim.v(3279)
HDL-1007 : undeclared symbol 'open_n762', assumed default net type 'wire' in ../al_ip/ip_ram_sim.v(3279)
HDL-1007 : undeclared symbol 'open_n763', assumed default net type 'wire' in ../al_ip/ip_ram_sim.v(3279)
HDL-1007 : undeclared symbol 'open_n764', assumed default net type 'wire' in ../al_ip/ip_ram_sim.v(3279)
HDL-1007 : undeclared symbol 'open_n765', assumed default net type 'wire' in ../al_ip/ip_ram_sim.v(3279)
HDL-1007 : undeclared symbol 'open_n766', assumed default net type 'wire' in ../al_ip/ip_ram_sim.v(3279)
HDL-1007 : undeclared symbol 'open_n767', assumed default net type 'wire' in ../al_ip/ip_ram_sim.v(3279)
HDL-1007 : undeclared symbol 'open_n768', assumed default net type 'wire' in ../al_ip/ip_ram_sim.v(3279)
HDL-1007 : undeclared symbol 'open_n792', assumed default net type 'wire' in ../al_ip/ip_ram_sim.v(3281)
HDL-1007 : undeclared symbol 'open_n793', assumed default net type 'wire' in ../al_ip/ip_ram_sim.v(3281)
HDL-1007 : undeclared symbol 'open_n794', assumed default net type 'wire' in ../al_ip/ip_ram_sim.v(3281)
HDL-1007 : undeclared symbol 'open_n795', assumed default net type 'wire' in ../al_ip/ip_ram_sim.v(3281)
HDL-1007 : undeclared symbol 'open_n796', assumed default net type 'wire' in ../al_ip/ip_ram_sim.v(3281)
HDL-1007 : undeclared symbol 'open_n797', assumed default net type 'wire' in ../al_ip/ip_ram_sim.v(3281)
HDL-1007 : undeclared symbol 'open_n798', assumed default net type 'wire' in ../al_ip/ip_ram_sim.v(3281)
HDL-1007 : undeclared symbol 'open_n799', assumed default net type 'wire' in ../al_ip/ip_ram_sim.v(3281)
HDL-1007 : undeclared symbol 'open_n984', assumed default net type 'wire' in ../al_ip/ip_ram_sim.v(3576)
HDL-1007 : undeclared symbol 'open_n985', assumed default net type 'wire' in ../al_ip/ip_ram_sim.v(3576)
HDL-1007 : undeclared symbol 'open_n986', assumed default net type 'wire' in ../al_ip/ip_ram_sim.v(3576)
HDL-1007 : undeclared symbol 'open_n987', assumed default net type 'wire' in ../al_ip/ip_ram_sim.v(3576)
HDL-1007 : undeclared symbol 'open_n988', assumed default net type 'wire' in ../al_ip/ip_ram_sim.v(3576)
HDL-1007 : undeclared symbol 'open_n989', assumed default net type 'wire' in ../al_ip/ip_ram_sim.v(3576)
HDL-1007 : undeclared symbol 'open_n990', assumed default net type 'wire' in ../al_ip/ip_ram_sim.v(3576)
HDL-1007 : undeclared symbol 'open_n991', assumed default net type 'wire' in ../al_ip/ip_ram_sim.v(3576)
HDL-1007 : undeclared symbol 'open_n1015', assumed default net type 'wire' in ../al_ip/ip_ram_sim.v(3578)
HDL-1007 : undeclared symbol 'open_n1016', assumed default net type 'wire' in ../al_ip/ip_ram_sim.v(3578)
HDL-1007 : undeclared symbol 'open_n1017', assumed default net type 'wire' in ../al_ip/ip_ram_sim.v(3578)
HDL-1007 : undeclared symbol 'open_n1018', assumed default net type 'wire' in ../al_ip/ip_ram_sim.v(3578)
HDL-1007 : undeclared symbol 'open_n1019', assumed default net type 'wire' in ../al_ip/ip_ram_sim.v(3578)
HDL-1007 : undeclared symbol 'open_n1020', assumed default net type 'wire' in ../al_ip/ip_ram_sim.v(3578)
HDL-1007 : undeclared symbol 'open_n1021', assumed default net type 'wire' in ../al_ip/ip_ram_sim.v(3578)
HDL-1007 : undeclared symbol 'open_n1022', assumed default net type 'wire' in ../al_ip/ip_ram_sim.v(3578)
HDL-1007 : undeclared symbol 'open_n1023', assumed default net type 'wire' in ../al_ip/ip_ram_sim.v(3609)
HDL-1007 : undeclared symbol 'open_n1024', assumed default net type 'wire' in ../al_ip/ip_ram_sim.v(3609)
HDL-1007 : undeclared symbol 'open_n1025', assumed default net type 'wire' in ../al_ip/ip_ram_sim.v(3609)
HDL-1007 : undeclared symbol 'open_n1026', assumed default net type 'wire' in ../al_ip/ip_ram_sim.v(3609)
HDL-1007 : undeclared symbol 'open_n1027', assumed default net type 'wire' in ../al_ip/ip_ram_sim.v(3609)
HDL-1007 : undeclared symbol 'open_n1028', assumed default net type 'wire' in ../al_ip/ip_ram_sim.v(3609)
HDL-1007 : undeclared symbol 'open_n1029', assumed default net type 'wire' in ../al_ip/ip_ram_sim.v(3609)
HDL-1007 : undeclared symbol 'open_n1030', assumed default net type 'wire' in ../al_ip/ip_ram_sim.v(3609)
HDL-1007 : undeclared symbol 'open_n1054', assumed default net type 'wire' in ../al_ip/ip_ram_sim.v(3611)
HDL-1007 : undeclared symbol 'open_n1055', assumed default net type 'wire' in ../al_ip/ip_ram_sim.v(3611)
HDL-1007 : undeclared symbol 'open_n1056', assumed default net type 'wire' in ../al_ip/ip_ram_sim.v(3611)
HDL-1007 : undeclared symbol 'open_n1057', assumed default net type 'wire' in ../al_ip/ip_ram_sim.v(3611)
HDL-1007 : undeclared symbol 'open_n1058', assumed default net type 'wire' in ../al_ip/ip_ram_sim.v(3611)
HDL-1007 : undeclared symbol 'open_n1059', assumed default net type 'wire' in ../al_ip/ip_ram_sim.v(3611)
HDL-1007 : undeclared symbol 'open_n1060', assumed default net type 'wire' in ../al_ip/ip_ram_sim.v(3611)
HDL-1007 : undeclared symbol 'open_n1061', assumed default net type 'wire' in ../al_ip/ip_ram_sim.v(3611)
HDL-1007 : undeclared symbol 'open_n1062', assumed default net type 'wire' in ../al_ip/ip_ram_sim.v(3642)
HDL-1007 : undeclared symbol 'open_n1063', assumed default net type 'wire' in ../al_ip/ip_ram_sim.v(3642)
HDL-1007 : undeclared symbol 'open_n1064', assumed default net type 'wire' in ../al_ip/ip_ram_sim.v(3642)
HDL-1007 : undeclared symbol 'open_n1065', assumed default net type 'wire' in ../al_ip/ip_ram_sim.v(3642)
HDL-1007 : undeclared symbol 'open_n1066', assumed default net type 'wire' in ../al_ip/ip_ram_sim.v(3642)
HDL-1007 : undeclared symbol 'open_n1067', assumed default net type 'wire' in ../al_ip/ip_ram_sim.v(3642)
HDL-1007 : undeclared symbol 'open_n1068', assumed default net type 'wire' in ../al_ip/ip_ram_sim.v(3642)
HDL-1007 : undeclared symbol 'open_n1069', assumed default net type 'wire' in ../al_ip/ip_ram_sim.v(3642)
HDL-1007 : undeclared symbol 'open_n1093', assumed default net type 'wire' in ../al_ip/ip_ram_sim.v(3644)
HDL-1007 : undeclared symbol 'open_n1094', assumed default net type 'wire' in ../al_ip/ip_ram_sim.v(3644)
HDL-1007 : undeclared symbol 'open_n1095', assumed default net type 'wire' in ../al_ip/ip_ram_sim.v(3644)
HDL-1007 : undeclared symbol 'open_n1096', assumed default net type 'wire' in ../al_ip/ip_ram_sim.v(3644)
HDL-1007 : undeclared symbol 'open_n1097', assumed default net type 'wire' in ../al_ip/ip_ram_sim.v(3644)
HDL-1007 : undeclared symbol 'open_n1098', assumed default net type 'wire' in ../al_ip/ip_ram_sim.v(3644)
HDL-1007 : undeclared symbol 'open_n1099', assumed default net type 'wire' in ../al_ip/ip_ram_sim.v(3644)
HDL-1007 : undeclared symbol 'open_n1100', assumed default net type 'wire' in ../al_ip/ip_ram_sim.v(3644)
HDL-1007 : undeclared symbol 'open_n1101', assumed default net type 'wire' in ../al_ip/ip_ram_sim.v(3675)
HDL-1007 : undeclared symbol 'open_n1102', assumed default net type 'wire' in ../al_ip/ip_ram_sim.v(3675)
HDL-1007 : undeclared symbol 'open_n1103', assumed default net type 'wire' in ../al_ip/ip_ram_sim.v(3675)
HDL-1007 : undeclared symbol 'open_n1104', assumed default net type 'wire' in ../al_ip/ip_ram_sim.v(3675)
HDL-1007 : undeclared symbol 'open_n1105', assumed default net type 'wire' in ../al_ip/ip_ram_sim.v(3675)
HDL-1007 : undeclared symbol 'open_n1106', assumed default net type 'wire' in ../al_ip/ip_ram_sim.v(3675)
HDL-1007 : undeclared symbol 'open_n1107', assumed default net type 'wire' in ../al_ip/ip_ram_sim.v(3675)
HDL-1007 : undeclared symbol 'open_n1108', assumed default net type 'wire' in ../al_ip/ip_ram_sim.v(3675)
HDL-1007 : undeclared symbol 'open_n1132', assumed default net type 'wire' in ../al_ip/ip_ram_sim.v(3677)
HDL-1007 : undeclared symbol 'open_n1133', assumed default net type 'wire' in ../al_ip/ip_ram_sim.v(3677)
HDL-1007 : undeclared symbol 'open_n1134', assumed default net type 'wire' in ../al_ip/ip_ram_sim.v(3677)
HDL-1007 : undeclared symbol 'open_n1135', assumed default net type 'wire' in ../al_ip/ip_ram_sim.v(3677)
HDL-1007 : undeclared symbol 'open_n1136', assumed default net type 'wire' in ../al_ip/ip_ram_sim.v(3677)
HDL-1007 : undeclared symbol 'open_n1137', assumed default net type 'wire' in ../al_ip/ip_ram_sim.v(3677)
HDL-1007 : undeclared symbol 'open_n1138', assumed default net type 'wire' in ../al_ip/ip_ram_sim.v(3677)
HDL-1007 : undeclared symbol 'open_n1139', assumed default net type 'wire' in ../al_ip/ip_ram_sim.v(3677)
HDL-1007 : undeclared symbol 'open_n1140', assumed default net type 'wire' in ../al_ip/ip_ram_sim.v(3708)
HDL-1007 : undeclared symbol 'open_n1141', assumed default net type 'wire' in ../al_ip/ip_ram_sim.v(3708)
HDL-1007 : undeclared symbol 'open_n1142', assumed default net type 'wire' in ../al_ip/ip_ram_sim.v(3708)
HDL-1007 : undeclared symbol 'open_n1143', assumed default net type 'wire' in ../al_ip/ip_ram_sim.v(3708)
HDL-1007 : undeclared symbol 'open_n1144', assumed default net type 'wire' in ../al_ip/ip_ram_sim.v(3708)
HDL-1007 : undeclared symbol 'open_n1145', assumed default net type 'wire' in ../al_ip/ip_ram_sim.v(3708)
HDL-1007 : undeclared symbol 'open_n1146', assumed default net type 'wire' in ../al_ip/ip_ram_sim.v(3708)
HDL-1007 : undeclared symbol 'open_n1147', assumed default net type 'wire' in ../al_ip/ip_ram_sim.v(3708)
HDL-1007 : undeclared symbol 'open_n1171', assumed default net type 'wire' in ../al_ip/ip_ram_sim.v(3710)
HDL-1007 : undeclared symbol 'open_n1172', assumed default net type 'wire' in ../al_ip/ip_ram_sim.v(3710)
HDL-1007 : undeclared symbol 'open_n1173', assumed default net type 'wire' in ../al_ip/ip_ram_sim.v(3710)
HDL-1007 : undeclared symbol 'open_n1174', assumed default net type 'wire' in ../al_ip/ip_ram_sim.v(3710)
HDL-1007 : undeclared symbol 'open_n1175', assumed default net type 'wire' in ../al_ip/ip_ram_sim.v(3710)
HDL-1007 : undeclared symbol 'open_n1176', assumed default net type 'wire' in ../al_ip/ip_ram_sim.v(3710)
HDL-1007 : undeclared symbol 'open_n1177', assumed default net type 'wire' in ../al_ip/ip_ram_sim.v(3710)
HDL-1007 : undeclared symbol 'open_n1178', assumed default net type 'wire' in ../al_ip/ip_ram_sim.v(3710)
HDL-1007 : undeclared symbol 'open_n1179', assumed default net type 'wire' in ../al_ip/ip_ram_sim.v(3741)
HDL-1007 : undeclared symbol 'open_n1180', assumed default net type 'wire' in ../al_ip/ip_ram_sim.v(3741)
HDL-1007 : undeclared symbol 'open_n1181', assumed default net type 'wire' in ../al_ip/ip_ram_sim.v(3741)
HDL-1007 : undeclared symbol 'open_n1182', assumed default net type 'wire' in ../al_ip/ip_ram_sim.v(3741)
HDL-1007 : undeclared symbol 'open_n1183', assumed default net type 'wire' in ../al_ip/ip_ram_sim.v(3741)
HDL-1007 : undeclared symbol 'open_n1184', assumed default net type 'wire' in ../al_ip/ip_ram_sim.v(3741)
HDL-1007 : undeclared symbol 'open_n1185', assumed default net type 'wire' in ../al_ip/ip_ram_sim.v(3741)
HDL-1007 : undeclared symbol 'open_n1186', assumed default net type 'wire' in ../al_ip/ip_ram_sim.v(3741)
HDL-1007 : undeclared symbol 'open_n1210', assumed default net type 'wire' in ../al_ip/ip_ram_sim.v(3743)
HDL-1007 : undeclared symbol 'open_n1211', assumed default net type 'wire' in ../al_ip/ip_ram_sim.v(3743)
HDL-1007 : undeclared symbol 'open_n1212', assumed default net type 'wire' in ../al_ip/ip_ram_sim.v(3743)
HDL-1007 : undeclared symbol 'open_n1213', assumed default net type 'wire' in ../al_ip/ip_ram_sim.v(3743)
HDL-1007 : undeclared symbol 'open_n1214', assumed default net type 'wire' in ../al_ip/ip_ram_sim.v(3743)
HDL-1007 : undeclared symbol 'open_n1215', assumed default net type 'wire' in ../al_ip/ip_ram_sim.v(3743)
HDL-1007 : undeclared symbol 'open_n1216', assumed default net type 'wire' in ../al_ip/ip_ram_sim.v(3743)
HDL-1007 : undeclared symbol 'open_n1217', assumed default net type 'wire' in ../al_ip/ip_ram_sim.v(3743)
HDL-1007 : undeclared symbol 'open_n1218', assumed default net type 'wire' in ../al_ip/ip_ram_sim.v(3774)
HDL-1007 : undeclared symbol 'open_n1219', assumed default net type 'wire' in ../al_ip/ip_ram_sim.v(3774)
HDL-1007 : undeclared symbol 'open_n1220', assumed default net type 'wire' in ../al_ip/ip_ram_sim.v(3774)
HDL-1007 : undeclared symbol 'open_n1221', assumed default net type 'wire' in ../al_ip/ip_ram_sim.v(3774)
HDL-1007 : undeclared symbol 'open_n1222', assumed default net type 'wire' in ../al_ip/ip_ram_sim.v(3774)
HDL-1007 : undeclared symbol 'open_n1223', assumed default net type 'wire' in ../al_ip/ip_ram_sim.v(3774)
HDL-1007 : undeclared symbol 'open_n1224', assumed default net type 'wire' in ../al_ip/ip_ram_sim.v(3774)
HDL-1007 : undeclared symbol 'open_n1225', assumed default net type 'wire' in ../al_ip/ip_ram_sim.v(3774)
HDL-1007 : undeclared symbol 'open_n1249', assumed default net type 'wire' in ../al_ip/ip_ram_sim.v(3776)
HDL-1007 : undeclared symbol 'open_n1250', assumed default net type 'wire' in ../al_ip/ip_ram_sim.v(3776)
HDL-1007 : undeclared symbol 'open_n1251', assumed default net type 'wire' in ../al_ip/ip_ram_sim.v(3776)
HDL-1007 : undeclared symbol 'open_n1252', assumed default net type 'wire' in ../al_ip/ip_ram_sim.v(3776)
HDL-1007 : undeclared symbol 'open_n1253', assumed default net type 'wire' in ../al_ip/ip_ram_sim.v(3776)
HDL-1007 : undeclared symbol 'open_n1254', assumed default net type 'wire' in ../al_ip/ip_ram_sim.v(3776)
HDL-1007 : undeclared symbol 'open_n1255', assumed default net type 'wire' in ../al_ip/ip_ram_sim.v(3776)
HDL-1007 : undeclared symbol 'open_n1256', assumed default net type 'wire' in ../al_ip/ip_ram_sim.v(3776)
HDL-1007 : undeclared symbol 'open_n1441', assumed default net type 'wire' in ../al_ip/ip_ram_sim.v(4071)
HDL-1007 : undeclared symbol 'open_n1442', assumed default net type 'wire' in ../al_ip/ip_ram_sim.v(4071)
HDL-1007 : undeclared symbol 'open_n1443', assumed default net type 'wire' in ../al_ip/ip_ram_sim.v(4071)
HDL-1007 : undeclared symbol 'open_n1444', assumed default net type 'wire' in ../al_ip/ip_ram_sim.v(4071)
HDL-1007 : undeclared symbol 'open_n1445', assumed default net type 'wire' in ../al_ip/ip_ram_sim.v(4071)
HDL-1007 : undeclared symbol 'open_n1446', assumed default net type 'wire' in ../al_ip/ip_ram_sim.v(4071)
HDL-1007 : undeclared symbol 'open_n1447', assumed default net type 'wire' in ../al_ip/ip_ram_sim.v(4071)
HDL-1007 : undeclared symbol 'open_n1448', assumed default net type 'wire' in ../al_ip/ip_ram_sim.v(4071)
HDL-1007 : undeclared symbol 'open_n1472', assumed default net type 'wire' in ../al_ip/ip_ram_sim.v(4073)
HDL-1007 : undeclared symbol 'open_n1473', assumed default net type 'wire' in ../al_ip/ip_ram_sim.v(4073)
HDL-1007 : undeclared symbol 'open_n1474', assumed default net type 'wire' in ../al_ip/ip_ram_sim.v(4073)
HDL-1007 : undeclared symbol 'open_n1475', assumed default net type 'wire' in ../al_ip/ip_ram_sim.v(4073)
HDL-1007 : undeclared symbol 'open_n1476', assumed default net type 'wire' in ../al_ip/ip_ram_sim.v(4073)
HDL-1007 : undeclared symbol 'open_n1477', assumed default net type 'wire' in ../al_ip/ip_ram_sim.v(4073)
HDL-1007 : undeclared symbol 'open_n1478', assumed default net type 'wire' in ../al_ip/ip_ram_sim.v(4073)
HDL-1007 : undeclared symbol 'open_n1479', assumed default net type 'wire' in ../al_ip/ip_ram_sim.v(4073)
HDL-1007 : undeclared symbol 'open_n1480', assumed default net type 'wire' in ../al_ip/ip_ram_sim.v(4104)
HDL-1007 : undeclared symbol 'open_n1481', assumed default net type 'wire' in ../al_ip/ip_ram_sim.v(4104)
HDL-1007 : undeclared symbol 'open_n1482', assumed default net type 'wire' in ../al_ip/ip_ram_sim.v(4104)
HDL-1007 : undeclared symbol 'open_n1483', assumed default net type 'wire' in ../al_ip/ip_ram_sim.v(4104)
HDL-1007 : undeclared symbol 'open_n1484', assumed default net type 'wire' in ../al_ip/ip_ram_sim.v(4104)
HDL-1007 : undeclared symbol 'open_n1485', assumed default net type 'wire' in ../al_ip/ip_ram_sim.v(4104)
HDL-1007 : undeclared symbol 'open_n1486', assumed default net type 'wire' in ../al_ip/ip_ram_sim.v(4104)
HDL-1007 : undeclared symbol 'open_n1487', assumed default net type 'wire' in ../al_ip/ip_ram_sim.v(4104)
HDL-1007 : undeclared symbol 'open_n1511', assumed default net type 'wire' in ../al_ip/ip_ram_sim.v(4106)
HDL-1007 : undeclared symbol 'open_n1512', assumed default net type 'wire' in ../al_ip/ip_ram_sim.v(4106)
HDL-1007 : undeclared symbol 'open_n1513', assumed default net type 'wire' in ../al_ip/ip_ram_sim.v(4106)
HDL-1007 : undeclared symbol 'open_n1514', assumed default net type 'wire' in ../al_ip/ip_ram_sim.v(4106)
HDL-1007 : undeclared symbol 'open_n1515', assumed default net type 'wire' in ../al_ip/ip_ram_sim.v(4106)
HDL-1007 : undeclared symbol 'open_n1516', assumed default net type 'wire' in ../al_ip/ip_ram_sim.v(4106)
HDL-1007 : undeclared symbol 'open_n1517', assumed default net type 'wire' in ../al_ip/ip_ram_sim.v(4106)
HDL-1007 : undeclared symbol 'open_n1518', assumed default net type 'wire' in ../al_ip/ip_ram_sim.v(4106)
HDL-1007 : undeclared symbol 'open_n1519', assumed default net type 'wire' in ../al_ip/ip_ram_sim.v(4137)
HDL-1007 : undeclared symbol 'open_n1520', assumed default net type 'wire' in ../al_ip/ip_ram_sim.v(4137)
HDL-1007 : undeclared symbol 'open_n1521', assumed default net type 'wire' in ../al_ip/ip_ram_sim.v(4137)
HDL-1007 : undeclared symbol 'open_n1522', assumed default net type 'wire' in ../al_ip/ip_ram_sim.v(4137)
HDL-1007 : undeclared symbol 'open_n1523', assumed default net type 'wire' in ../al_ip/ip_ram_sim.v(4137)
HDL-1007 : undeclared symbol 'open_n1524', assumed default net type 'wire' in ../al_ip/ip_ram_sim.v(4137)
HDL-1007 : undeclared symbol 'open_n1525', assumed default net type 'wire' in ../al_ip/ip_ram_sim.v(4137)
HDL-1007 : undeclared symbol 'open_n1526', assumed default net type 'wire' in ../al_ip/ip_ram_sim.v(4137)
HDL-1007 : undeclared symbol 'open_n1550', assumed default net type 'wire' in ../al_ip/ip_ram_sim.v(4139)
HDL-1007 : undeclared symbol 'open_n1551', assumed default net type 'wire' in ../al_ip/ip_ram_sim.v(4139)
HDL-1007 : undeclared symbol 'open_n1552', assumed default net type 'wire' in ../al_ip/ip_ram_sim.v(4139)
HDL-1007 : undeclared symbol 'open_n1553', assumed default net type 'wire' in ../al_ip/ip_ram_sim.v(4139)
HDL-1007 : undeclared symbol 'open_n1554', assumed default net type 'wire' in ../al_ip/ip_ram_sim.v(4139)
HDL-1007 : undeclared symbol 'open_n1555', assumed default net type 'wire' in ../al_ip/ip_ram_sim.v(4139)
HDL-1007 : undeclared symbol 'open_n1556', assumed default net type 'wire' in ../al_ip/ip_ram_sim.v(4139)
HDL-1007 : undeclared symbol 'open_n1557', assumed default net type 'wire' in ../al_ip/ip_ram_sim.v(4139)
HDL-1007 : undeclared symbol 'open_n1558', assumed default net type 'wire' in ../al_ip/ip_ram_sim.v(4170)
HDL-1007 : undeclared symbol 'open_n1559', assumed default net type 'wire' in ../al_ip/ip_ram_sim.v(4170)
HDL-1007 : undeclared symbol 'open_n1560', assumed default net type 'wire' in ../al_ip/ip_ram_sim.v(4170)
HDL-1007 : undeclared symbol 'open_n1561', assumed default net type 'wire' in ../al_ip/ip_ram_sim.v(4170)
HDL-1007 : undeclared symbol 'open_n1562', assumed default net type 'wire' in ../al_ip/ip_ram_sim.v(4170)
HDL-1007 : undeclared symbol 'open_n1563', assumed default net type 'wire' in ../al_ip/ip_ram_sim.v(4170)
HDL-1007 : undeclared symbol 'open_n1564', assumed default net type 'wire' in ../al_ip/ip_ram_sim.v(4170)
HDL-1007 : undeclared symbol 'open_n1565', assumed default net type 'wire' in ../al_ip/ip_ram_sim.v(4170)
HDL-1007 : undeclared symbol 'open_n1589', assumed default net type 'wire' in ../al_ip/ip_ram_sim.v(4172)
HDL-1007 : undeclared symbol 'open_n1590', assumed default net type 'wire' in ../al_ip/ip_ram_sim.v(4172)
HDL-1007 : undeclared symbol 'open_n1591', assumed default net type 'wire' in ../al_ip/ip_ram_sim.v(4172)
HDL-1007 : undeclared symbol 'open_n1592', assumed default net type 'wire' in ../al_ip/ip_ram_sim.v(4172)
HDL-1007 : undeclared symbol 'open_n1593', assumed default net type 'wire' in ../al_ip/ip_ram_sim.v(4172)
HDL-1007 : undeclared symbol 'open_n1594', assumed default net type 'wire' in ../al_ip/ip_ram_sim.v(4172)
HDL-1007 : undeclared symbol 'open_n1595', assumed default net type 'wire' in ../al_ip/ip_ram_sim.v(4172)
HDL-1007 : undeclared symbol 'open_n1596', assumed default net type 'wire' in ../al_ip/ip_ram_sim.v(4172)
HDL-1007 : undeclared symbol 'open_n1597', assumed default net type 'wire' in ../al_ip/ip_ram_sim.v(4203)
HDL-1007 : undeclared symbol 'open_n1598', assumed default net type 'wire' in ../al_ip/ip_ram_sim.v(4203)
HDL-1007 : undeclared symbol 'open_n1599', assumed default net type 'wire' in ../al_ip/ip_ram_sim.v(4203)
HDL-1007 : undeclared symbol 'open_n1600', assumed default net type 'wire' in ../al_ip/ip_ram_sim.v(4203)
HDL-1007 : undeclared symbol 'open_n1601', assumed default net type 'wire' in ../al_ip/ip_ram_sim.v(4203)
HDL-1007 : undeclared symbol 'open_n1602', assumed default net type 'wire' in ../al_ip/ip_ram_sim.v(4203)
HDL-1007 : undeclared symbol 'open_n1603', assumed default net type 'wire' in ../al_ip/ip_ram_sim.v(4203)
HDL-1007 : undeclared symbol 'open_n1604', assumed default net type 'wire' in ../al_ip/ip_ram_sim.v(4203)
HDL-1007 : undeclared symbol 'open_n1628', assumed default net type 'wire' in ../al_ip/ip_ram_sim.v(4205)
HDL-1007 : undeclared symbol 'open_n1629', assumed default net type 'wire' in ../al_ip/ip_ram_sim.v(4205)
HDL-1007 : undeclared symbol 'open_n1630', assumed default net type 'wire' in ../al_ip/ip_ram_sim.v(4205)
HDL-1007 : undeclared symbol 'open_n1631', assumed default net type 'wire' in ../al_ip/ip_ram_sim.v(4205)
HDL-1007 : undeclared symbol 'open_n1632', assumed default net type 'wire' in ../al_ip/ip_ram_sim.v(4205)
HDL-1007 : undeclared symbol 'open_n1633', assumed default net type 'wire' in ../al_ip/ip_ram_sim.v(4205)
HDL-1007 : undeclared symbol 'open_n1634', assumed default net type 'wire' in ../al_ip/ip_ram_sim.v(4205)
HDL-1007 : undeclared symbol 'open_n1635', assumed default net type 'wire' in ../al_ip/ip_ram_sim.v(4205)
HDL-1007 : undeclared symbol 'open_n1636', assumed default net type 'wire' in ../al_ip/ip_ram_sim.v(4236)
HDL-1007 : undeclared symbol 'open_n1637', assumed default net type 'wire' in ../al_ip/ip_ram_sim.v(4236)
HDL-1007 : undeclared symbol 'open_n1638', assumed default net type 'wire' in ../al_ip/ip_ram_sim.v(4236)
HDL-1007 : undeclared symbol 'open_n1639', assumed default net type 'wire' in ../al_ip/ip_ram_sim.v(4236)
HDL-1007 : undeclared symbol 'open_n1640', assumed default net type 'wire' in ../al_ip/ip_ram_sim.v(4236)
HDL-1007 : undeclared symbol 'open_n1641', assumed default net type 'wire' in ../al_ip/ip_ram_sim.v(4236)
HDL-1007 : undeclared symbol 'open_n1642', assumed default net type 'wire' in ../al_ip/ip_ram_sim.v(4236)
HDL-1007 : undeclared symbol 'open_n1643', assumed default net type 'wire' in ../al_ip/ip_ram_sim.v(4236)
HDL-1007 : undeclared symbol 'open_n1667', assumed default net type 'wire' in ../al_ip/ip_ram_sim.v(4238)
HDL-1007 : undeclared symbol 'open_n1668', assumed default net type 'wire' in ../al_ip/ip_ram_sim.v(4238)
HDL-1007 : undeclared symbol 'open_n1669', assumed default net type 'wire' in ../al_ip/ip_ram_sim.v(4238)
HDL-1007 : undeclared symbol 'open_n1670', assumed default net type 'wire' in ../al_ip/ip_ram_sim.v(4238)
HDL-1007 : undeclared symbol 'open_n1671', assumed default net type 'wire' in ../al_ip/ip_ram_sim.v(4238)
HDL-1007 : undeclared symbol 'open_n1672', assumed default net type 'wire' in ../al_ip/ip_ram_sim.v(4238)
HDL-1007 : undeclared symbol 'open_n1673', assumed default net type 'wire' in ../al_ip/ip_ram_sim.v(4238)
HDL-1007 : undeclared symbol 'open_n1674', assumed default net type 'wire' in ../al_ip/ip_ram_sim.v(4238)
HDL-1007 : undeclared symbol 'open_n1675', assumed default net type 'wire' in ../al_ip/ip_ram_sim.v(4269)
HDL-1007 : undeclared symbol 'open_n1676', assumed default net type 'wire' in ../al_ip/ip_ram_sim.v(4269)
HDL-1007 : undeclared symbol 'open_n1677', assumed default net type 'wire' in ../al_ip/ip_ram_sim.v(4269)
HDL-1007 : undeclared symbol 'open_n1678', assumed default net type 'wire' in ../al_ip/ip_ram_sim.v(4269)
HDL-1007 : undeclared symbol 'open_n1679', assumed default net type 'wire' in ../al_ip/ip_ram_sim.v(4269)
HDL-1007 : undeclared symbol 'open_n1680', assumed default net type 'wire' in ../al_ip/ip_ram_sim.v(4269)
HDL-1007 : undeclared symbol 'open_n1681', assumed default net type 'wire' in ../al_ip/ip_ram_sim.v(4269)
HDL-1007 : undeclared symbol 'open_n1682', assumed default net type 'wire' in ../al_ip/ip_ram_sim.v(4269)
HDL-1007 : undeclared symbol 'open_n1706', assumed default net type 'wire' in ../al_ip/ip_ram_sim.v(4271)
HDL-1007 : undeclared symbol 'open_n1707', assumed default net type 'wire' in ../al_ip/ip_ram_sim.v(4271)
HDL-1007 : undeclared symbol 'open_n1708', assumed default net type 'wire' in ../al_ip/ip_ram_sim.v(4271)
HDL-1007 : undeclared symbol 'open_n1709', assumed default net type 'wire' in ../al_ip/ip_ram_sim.v(4271)
HDL-1007 : undeclared symbol 'open_n1710', assumed default net type 'wire' in ../al_ip/ip_ram_sim.v(4271)
HDL-1007 : undeclared symbol 'open_n1711', assumed default net type 'wire' in ../al_ip/ip_ram_sim.v(4271)
HDL-1007 : undeclared symbol 'open_n1712', assumed default net type 'wire' in ../al_ip/ip_ram_sim.v(4271)
HDL-1007 : undeclared symbol 'open_n1713', assumed default net type 'wire' in ../al_ip/ip_ram_sim.v(4271)
HDL-1007 : undeclared symbol 'open_n1877', assumed default net type 'wire' in ../al_ip/ip_ram_sim.v(4534)
HDL-1007 : undeclared symbol 'open_n1878', assumed default net type 'wire' in ../al_ip/ip_ram_sim.v(4534)
HDL-1007 : undeclared symbol 'open_n1884', assumed default net type 'wire' in ../al_ip/ip_ram_sim.v(4537)
HDL-1007 : undeclared symbol 'open_n1885', assumed default net type 'wire' in ../al_ip/ip_ram_sim.v(4537)
HDL-7201 CRITICAL-WARNING: overwrite current module 'img_cache' in ../al_ip/ip_ram_sim.v(5)
HDL-7307 CRITICAL-WARNING: previous definition of design element module 'img_cache' is here. This is because multiple modules(values) with the same name are defined. Please consider rewriting code in ../al_ip/ip_ram.v(14)
HDL-1007 : analyze verilog file ../al_ip/ip_rom.v
HDL-1007 : analyze verilog file ../al_ip/ip_rom_sim.v
HDL-1007 : undeclared symbol 'open_n63', assumed default net type 'wire' in ../al_ip/ip_rom_sim.v(238)
HDL-1007 : undeclared symbol 'open_n64', assumed default net type 'wire' in ../al_ip/ip_rom_sim.v(238)
HDL-1007 : undeclared symbol 'open_n68', assumed default net type 'wire' in ../al_ip/ip_rom_sim.v(239)
HDL-1007 : undeclared symbol 'open_n69', assumed default net type 'wire' in ../al_ip/ip_rom_sim.v(239)
HDL-1007 : undeclared symbol 'open_n70', assumed default net type 'wire' in ../al_ip/ip_rom_sim.v(239)
HDL-1007 : undeclared symbol 'open_n71', assumed default net type 'wire' in ../al_ip/ip_rom_sim.v(239)
HDL-1007 : undeclared symbol 'open_n72', assumed default net type 'wire' in ../al_ip/ip_rom_sim.v(239)
HDL-1007 : undeclared symbol 'open_n73', assumed default net type 'wire' in ../al_ip/ip_rom_sim.v(239)
HDL-1007 : undeclared symbol 'open_n74', assumed default net type 'wire' in ../al_ip/ip_rom_sim.v(239)
HDL-1007 : undeclared symbol 'open_n75', assumed default net type 'wire' in ../al_ip/ip_rom_sim.v(239)
HDL-1007 : undeclared symbol 'open_n90', assumed default net type 'wire' in ../al_ip/ip_rom_sim.v(241)
HDL-1007 : undeclared symbol 'open_n91', assumed default net type 'wire' in ../al_ip/ip_rom_sim.v(241)
HDL-1007 : undeclared symbol 'open_n92', assumed default net type 'wire' in ../al_ip/ip_rom_sim.v(241)
HDL-1007 : undeclared symbol 'open_n93', assumed default net type 'wire' in ../al_ip/ip_rom_sim.v(241)
HDL-1007 : undeclared symbol 'open_n94', assumed default net type 'wire' in ../al_ip/ip_rom_sim.v(241)
HDL-1007 : undeclared symbol 'open_n95', assumed default net type 'wire' in ../al_ip/ip_rom_sim.v(241)
HDL-1007 : undeclared symbol 'open_n96', assumed default net type 'wire' in ../al_ip/ip_rom_sim.v(241)
HDL-1007 : undeclared symbol 'open_n97', assumed default net type 'wire' in ../al_ip/ip_rom_sim.v(241)
HDL-1007 : undeclared symbol 'open_n123', assumed default net type 'wire' in ../al_ip/ip_rom_sim.v(305)
HDL-1007 : undeclared symbol 'open_n124', assumed default net type 'wire' in ../al_ip/ip_rom_sim.v(305)
HDL-1007 : undeclared symbol 'open_n128', assumed default net type 'wire' in ../al_ip/ip_rom_sim.v(306)
HDL-1007 : undeclared symbol 'open_n129', assumed default net type 'wire' in ../al_ip/ip_rom_sim.v(306)
HDL-1007 : undeclared symbol 'open_n130', assumed default net type 'wire' in ../al_ip/ip_rom_sim.v(306)
HDL-1007 : undeclared symbol 'open_n131', assumed default net type 'wire' in ../al_ip/ip_rom_sim.v(306)
HDL-1007 : undeclared symbol 'open_n132', assumed default net type 'wire' in ../al_ip/ip_rom_sim.v(306)
HDL-1007 : undeclared symbol 'open_n133', assumed default net type 'wire' in ../al_ip/ip_rom_sim.v(306)
HDL-1007 : undeclared symbol 'open_n134', assumed default net type 'wire' in ../al_ip/ip_rom_sim.v(306)
HDL-1007 : undeclared symbol 'open_n135', assumed default net type 'wire' in ../al_ip/ip_rom_sim.v(306)
HDL-1007 : undeclared symbol 'open_n150', assumed default net type 'wire' in ../al_ip/ip_rom_sim.v(308)
HDL-1007 : undeclared symbol 'open_n151', assumed default net type 'wire' in ../al_ip/ip_rom_sim.v(308)
HDL-1007 : undeclared symbol 'open_n152', assumed default net type 'wire' in ../al_ip/ip_rom_sim.v(308)
HDL-1007 : undeclared symbol 'open_n153', assumed default net type 'wire' in ../al_ip/ip_rom_sim.v(308)
HDL-1007 : undeclared symbol 'open_n154', assumed default net type 'wire' in ../al_ip/ip_rom_sim.v(308)
HDL-1007 : undeclared symbol 'open_n155', assumed default net type 'wire' in ../al_ip/ip_rom_sim.v(308)
HDL-1007 : undeclared symbol 'open_n156', assumed default net type 'wire' in ../al_ip/ip_rom_sim.v(308)
HDL-1007 : undeclared symbol 'open_n157', assumed default net type 'wire' in ../al_ip/ip_rom_sim.v(308)
HDL-1007 : undeclared symbol 'open_n183', assumed default net type 'wire' in ../al_ip/ip_rom_sim.v(372)
HDL-1007 : undeclared symbol 'open_n184', assumed default net type 'wire' in ../al_ip/ip_rom_sim.v(372)
HDL-1007 : undeclared symbol 'open_n188', assumed default net type 'wire' in ../al_ip/ip_rom_sim.v(373)
HDL-1007 : undeclared symbol 'open_n189', assumed default net type 'wire' in ../al_ip/ip_rom_sim.v(373)
HDL-1007 : undeclared symbol 'open_n190', assumed default net type 'wire' in ../al_ip/ip_rom_sim.v(373)
HDL-1007 : undeclared symbol 'open_n191', assumed default net type 'wire' in ../al_ip/ip_rom_sim.v(373)
HDL-1007 : undeclared symbol 'open_n192', assumed default net type 'wire' in ../al_ip/ip_rom_sim.v(373)
HDL-1007 : undeclared symbol 'open_n193', assumed default net type 'wire' in ../al_ip/ip_rom_sim.v(373)
HDL-1007 : undeclared symbol 'open_n194', assumed default net type 'wire' in ../al_ip/ip_rom_sim.v(373)
HDL-1007 : undeclared symbol 'open_n195', assumed default net type 'wire' in ../al_ip/ip_rom_sim.v(373)
HDL-1007 : undeclared symbol 'open_n210', assumed default net type 'wire' in ../al_ip/ip_rom_sim.v(375)
HDL-1007 : undeclared symbol 'open_n211', assumed default net type 'wire' in ../al_ip/ip_rom_sim.v(375)
HDL-1007 : undeclared symbol 'open_n212', assumed default net type 'wire' in ../al_ip/ip_rom_sim.v(375)
HDL-1007 : undeclared symbol 'open_n213', assumed default net type 'wire' in ../al_ip/ip_rom_sim.v(375)
HDL-1007 : undeclared symbol 'open_n214', assumed default net type 'wire' in ../al_ip/ip_rom_sim.v(375)
HDL-1007 : undeclared symbol 'open_n215', assumed default net type 'wire' in ../al_ip/ip_rom_sim.v(375)
HDL-1007 : undeclared symbol 'open_n216', assumed default net type 'wire' in ../al_ip/ip_rom_sim.v(375)
HDL-1007 : undeclared symbol 'open_n217', assumed default net type 'wire' in ../al_ip/ip_rom_sim.v(375)
HDL-1007 : undeclared symbol 'open_n243', assumed default net type 'wire' in ../al_ip/ip_rom_sim.v(439)
HDL-1007 : undeclared symbol 'open_n244', assumed default net type 'wire' in ../al_ip/ip_rom_sim.v(439)
HDL-1007 : undeclared symbol 'open_n248', assumed default net type 'wire' in ../al_ip/ip_rom_sim.v(440)
HDL-1007 : undeclared symbol 'open_n249', assumed default net type 'wire' in ../al_ip/ip_rom_sim.v(440)
HDL-1007 : undeclared symbol 'open_n250', assumed default net type 'wire' in ../al_ip/ip_rom_sim.v(440)
HDL-1007 : undeclared symbol 'open_n251', assumed default net type 'wire' in ../al_ip/ip_rom_sim.v(440)
HDL-1007 : undeclared symbol 'open_n252', assumed default net type 'wire' in ../al_ip/ip_rom_sim.v(440)
HDL-1007 : undeclared symbol 'open_n253', assumed default net type 'wire' in ../al_ip/ip_rom_sim.v(440)
HDL-1007 : undeclared symbol 'open_n254', assumed default net type 'wire' in ../al_ip/ip_rom_sim.v(440)
HDL-1007 : undeclared symbol 'open_n255', assumed default net type 'wire' in ../al_ip/ip_rom_sim.v(440)
HDL-1007 : undeclared symbol 'open_n270', assumed default net type 'wire' in ../al_ip/ip_rom_sim.v(442)
HDL-1007 : undeclared symbol 'open_n271', assumed default net type 'wire' in ../al_ip/ip_rom_sim.v(442)
HDL-1007 : undeclared symbol 'open_n272', assumed default net type 'wire' in ../al_ip/ip_rom_sim.v(442)
HDL-1007 : undeclared symbol 'open_n273', assumed default net type 'wire' in ../al_ip/ip_rom_sim.v(442)
HDL-1007 : undeclared symbol 'open_n274', assumed default net type 'wire' in ../al_ip/ip_rom_sim.v(442)
HDL-1007 : undeclared symbol 'open_n275', assumed default net type 'wire' in ../al_ip/ip_rom_sim.v(442)
HDL-1007 : undeclared symbol 'open_n276', assumed default net type 'wire' in ../al_ip/ip_rom_sim.v(442)
HDL-1007 : undeclared symbol 'open_n277', assumed default net type 'wire' in ../al_ip/ip_rom_sim.v(442)
HDL-1007 : undeclared symbol 'open_n303', assumed default net type 'wire' in ../al_ip/ip_rom_sim.v(506)
HDL-1007 : undeclared symbol 'open_n304', assumed default net type 'wire' in ../al_ip/ip_rom_sim.v(506)
HDL-1007 : undeclared symbol 'open_n308', assumed default net type 'wire' in ../al_ip/ip_rom_sim.v(507)
HDL-1007 : undeclared symbol 'open_n309', assumed default net type 'wire' in ../al_ip/ip_rom_sim.v(507)
HDL-1007 : undeclared symbol 'open_n310', assumed default net type 'wire' in ../al_ip/ip_rom_sim.v(507)
HDL-1007 : undeclared symbol 'open_n311', assumed default net type 'wire' in ../al_ip/ip_rom_sim.v(507)
HDL-1007 : undeclared symbol 'open_n312', assumed default net type 'wire' in ../al_ip/ip_rom_sim.v(507)
HDL-1007 : undeclared symbol 'open_n313', assumed default net type 'wire' in ../al_ip/ip_rom_sim.v(507)
HDL-1007 : undeclared symbol 'open_n314', assumed default net type 'wire' in ../al_ip/ip_rom_sim.v(507)
HDL-1007 : undeclared symbol 'open_n315', assumed default net type 'wire' in ../al_ip/ip_rom_sim.v(507)
HDL-1007 : undeclared symbol 'open_n330', assumed default net type 'wire' in ../al_ip/ip_rom_sim.v(509)
HDL-1007 : undeclared symbol 'open_n331', assumed default net type 'wire' in ../al_ip/ip_rom_sim.v(509)
HDL-1007 : undeclared symbol 'open_n332', assumed default net type 'wire' in ../al_ip/ip_rom_sim.v(509)
HDL-1007 : undeclared symbol 'open_n333', assumed default net type 'wire' in ../al_ip/ip_rom_sim.v(509)
HDL-1007 : undeclared symbol 'open_n334', assumed default net type 'wire' in ../al_ip/ip_rom_sim.v(509)
HDL-1007 : undeclared symbol 'open_n335', assumed default net type 'wire' in ../al_ip/ip_rom_sim.v(509)
HDL-1007 : undeclared symbol 'open_n336', assumed default net type 'wire' in ../al_ip/ip_rom_sim.v(509)
HDL-1007 : undeclared symbol 'open_n337', assumed default net type 'wire' in ../al_ip/ip_rom_sim.v(509)
HDL-1007 : undeclared symbol 'open_n363', assumed default net type 'wire' in ../al_ip/ip_rom_sim.v(573)
HDL-1007 : undeclared symbol 'open_n364', assumed default net type 'wire' in ../al_ip/ip_rom_sim.v(573)
HDL-1007 : undeclared symbol 'open_n368', assumed default net type 'wire' in ../al_ip/ip_rom_sim.v(574)
HDL-1007 : undeclared symbol 'open_n369', assumed default net type 'wire' in ../al_ip/ip_rom_sim.v(574)
HDL-1007 : undeclared symbol 'open_n370', assumed default net type 'wire' in ../al_ip/ip_rom_sim.v(574)
HDL-1007 : undeclared symbol 'open_n371', assumed default net type 'wire' in ../al_ip/ip_rom_sim.v(574)
HDL-1007 : undeclared symbol 'open_n372', assumed default net type 'wire' in ../al_ip/ip_rom_sim.v(574)
HDL-1007 : undeclared symbol 'open_n373', assumed default net type 'wire' in ../al_ip/ip_rom_sim.v(574)
HDL-1007 : undeclared symbol 'open_n374', assumed default net type 'wire' in ../al_ip/ip_rom_sim.v(574)
HDL-1007 : undeclared symbol 'open_n375', assumed default net type 'wire' in ../al_ip/ip_rom_sim.v(574)
HDL-1007 : undeclared symbol 'open_n390', assumed default net type 'wire' in ../al_ip/ip_rom_sim.v(576)
HDL-1007 : undeclared symbol 'open_n391', assumed default net type 'wire' in ../al_ip/ip_rom_sim.v(576)
HDL-1007 : undeclared symbol 'open_n392', assumed default net type 'wire' in ../al_ip/ip_rom_sim.v(576)
HDL-1007 : undeclared symbol 'open_n393', assumed default net type 'wire' in ../al_ip/ip_rom_sim.v(576)
HDL-1007 : undeclared symbol 'open_n394', assumed default net type 'wire' in ../al_ip/ip_rom_sim.v(576)
HDL-1007 : undeclared symbol 'open_n395', assumed default net type 'wire' in ../al_ip/ip_rom_sim.v(576)
HDL-1007 : undeclared symbol 'open_n396', assumed default net type 'wire' in ../al_ip/ip_rom_sim.v(576)
HDL-1007 : undeclared symbol 'open_n397', assumed default net type 'wire' in ../al_ip/ip_rom_sim.v(576)
HDL-1007 : undeclared symbol 'open_n423', assumed default net type 'wire' in ../al_ip/ip_rom_sim.v(640)
HDL-1007 : undeclared symbol 'open_n424', assumed default net type 'wire' in ../al_ip/ip_rom_sim.v(640)
HDL-1007 : undeclared symbol 'open_n428', assumed default net type 'wire' in ../al_ip/ip_rom_sim.v(641)
HDL-1007 : undeclared symbol 'open_n429', assumed default net type 'wire' in ../al_ip/ip_rom_sim.v(641)
HDL-1007 : undeclared symbol 'open_n430', assumed default net type 'wire' in ../al_ip/ip_rom_sim.v(641)
HDL-1007 : undeclared symbol 'open_n431', assumed default net type 'wire' in ../al_ip/ip_rom_sim.v(641)
HDL-1007 : undeclared symbol 'open_n432', assumed default net type 'wire' in ../al_ip/ip_rom_sim.v(641)
HDL-1007 : undeclared symbol 'open_n433', assumed default net type 'wire' in ../al_ip/ip_rom_sim.v(641)
HDL-1007 : undeclared symbol 'open_n434', assumed default net type 'wire' in ../al_ip/ip_rom_sim.v(641)
HDL-1007 : undeclared symbol 'open_n435', assumed default net type 'wire' in ../al_ip/ip_rom_sim.v(641)
HDL-1007 : undeclared symbol 'open_n450', assumed default net type 'wire' in ../al_ip/ip_rom_sim.v(643)
HDL-1007 : undeclared symbol 'open_n451', assumed default net type 'wire' in ../al_ip/ip_rom_sim.v(643)
HDL-1007 : undeclared symbol 'open_n452', assumed default net type 'wire' in ../al_ip/ip_rom_sim.v(643)
HDL-1007 : undeclared symbol 'open_n453', assumed default net type 'wire' in ../al_ip/ip_rom_sim.v(643)
HDL-1007 : undeclared symbol 'open_n454', assumed default net type 'wire' in ../al_ip/ip_rom_sim.v(643)
HDL-1007 : undeclared symbol 'open_n455', assumed default net type 'wire' in ../al_ip/ip_rom_sim.v(643)
HDL-1007 : undeclared symbol 'open_n456', assumed default net type 'wire' in ../al_ip/ip_rom_sim.v(643)
HDL-1007 : undeclared symbol 'open_n457', assumed default net type 'wire' in ../al_ip/ip_rom_sim.v(643)
HDL-1007 : undeclared symbol 'open_n483', assumed default net type 'wire' in ../al_ip/ip_rom_sim.v(707)
HDL-1007 : undeclared symbol 'open_n484', assumed default net type 'wire' in ../al_ip/ip_rom_sim.v(707)
HDL-1007 : undeclared symbol 'open_n488', assumed default net type 'wire' in ../al_ip/ip_rom_sim.v(708)
HDL-1007 : undeclared symbol 'open_n489', assumed default net type 'wire' in ../al_ip/ip_rom_sim.v(708)
HDL-1007 : undeclared symbol 'open_n490', assumed default net type 'wire' in ../al_ip/ip_rom_sim.v(708)
HDL-1007 : undeclared symbol 'open_n491', assumed default net type 'wire' in ../al_ip/ip_rom_sim.v(708)
HDL-1007 : undeclared symbol 'open_n492', assumed default net type 'wire' in ../al_ip/ip_rom_sim.v(708)
HDL-1007 : undeclared symbol 'open_n493', assumed default net type 'wire' in ../al_ip/ip_rom_sim.v(708)
HDL-1007 : undeclared symbol 'open_n494', assumed default net type 'wire' in ../al_ip/ip_rom_sim.v(708)
HDL-1007 : undeclared symbol 'open_n495', assumed default net type 'wire' in ../al_ip/ip_rom_sim.v(708)
HDL-1007 : undeclared symbol 'open_n510', assumed default net type 'wire' in ../al_ip/ip_rom_sim.v(710)
HDL-1007 : undeclared symbol 'open_n511', assumed default net type 'wire' in ../al_ip/ip_rom_sim.v(710)
HDL-1007 : undeclared symbol 'open_n512', assumed default net type 'wire' in ../al_ip/ip_rom_sim.v(710)
HDL-1007 : undeclared symbol 'open_n513', assumed default net type 'wire' in ../al_ip/ip_rom_sim.v(710)
HDL-1007 : undeclared symbol 'open_n514', assumed default net type 'wire' in ../al_ip/ip_rom_sim.v(710)
HDL-1007 : undeclared symbol 'open_n515', assumed default net type 'wire' in ../al_ip/ip_rom_sim.v(710)
HDL-1007 : undeclared symbol 'open_n516', assumed default net type 'wire' in ../al_ip/ip_rom_sim.v(710)
HDL-1007 : undeclared symbol 'open_n517', assumed default net type 'wire' in ../al_ip/ip_rom_sim.v(710)
HDL-1007 : undeclared symbol 'open_n543', assumed default net type 'wire' in ../al_ip/ip_rom_sim.v(774)
HDL-1007 : undeclared symbol 'open_n544', assumed default net type 'wire' in ../al_ip/ip_rom_sim.v(774)
HDL-1007 : undeclared symbol 'open_n548', assumed default net type 'wire' in ../al_ip/ip_rom_sim.v(775)
HDL-1007 : undeclared symbol 'open_n549', assumed default net type 'wire' in ../al_ip/ip_rom_sim.v(775)
HDL-1007 : undeclared symbol 'open_n550', assumed default net type 'wire' in ../al_ip/ip_rom_sim.v(775)
HDL-1007 : undeclared symbol 'open_n551', assumed default net type 'wire' in ../al_ip/ip_rom_sim.v(775)
HDL-1007 : undeclared symbol 'open_n552', assumed default net type 'wire' in ../al_ip/ip_rom_sim.v(775)
HDL-1007 : undeclared symbol 'open_n553', assumed default net type 'wire' in ../al_ip/ip_rom_sim.v(775)
HDL-1007 : undeclared symbol 'open_n554', assumed default net type 'wire' in ../al_ip/ip_rom_sim.v(775)
HDL-1007 : undeclared symbol 'open_n555', assumed default net type 'wire' in ../al_ip/ip_rom_sim.v(775)
HDL-1007 : undeclared symbol 'open_n570', assumed default net type 'wire' in ../al_ip/ip_rom_sim.v(777)
HDL-1007 : undeclared symbol 'open_n571', assumed default net type 'wire' in ../al_ip/ip_rom_sim.v(777)
HDL-1007 : undeclared symbol 'open_n572', assumed default net type 'wire' in ../al_ip/ip_rom_sim.v(777)
HDL-1007 : undeclared symbol 'open_n573', assumed default net type 'wire' in ../al_ip/ip_rom_sim.v(777)
HDL-1007 : undeclared symbol 'open_n574', assumed default net type 'wire' in ../al_ip/ip_rom_sim.v(777)
HDL-1007 : undeclared symbol 'open_n575', assumed default net type 'wire' in ../al_ip/ip_rom_sim.v(777)
HDL-1007 : undeclared symbol 'open_n576', assumed default net type 'wire' in ../al_ip/ip_rom_sim.v(777)
HDL-1007 : undeclared symbol 'open_n577', assumed default net type 'wire' in ../al_ip/ip_rom_sim.v(777)
HDL-1007 : undeclared symbol 'open_n603', assumed default net type 'wire' in ../al_ip/ip_rom_sim.v(841)
HDL-1007 : undeclared symbol 'open_n604', assumed default net type 'wire' in ../al_ip/ip_rom_sim.v(841)
HDL-1007 : undeclared symbol 'open_n608', assumed default net type 'wire' in ../al_ip/ip_rom_sim.v(842)
HDL-1007 : undeclared symbol 'open_n609', assumed default net type 'wire' in ../al_ip/ip_rom_sim.v(842)
HDL-1007 : undeclared symbol 'open_n610', assumed default net type 'wire' in ../al_ip/ip_rom_sim.v(842)
HDL-1007 : undeclared symbol 'open_n611', assumed default net type 'wire' in ../al_ip/ip_rom_sim.v(842)
HDL-1007 : undeclared symbol 'open_n612', assumed default net type 'wire' in ../al_ip/ip_rom_sim.v(842)
HDL-1007 : undeclared symbol 'open_n613', assumed default net type 'wire' in ../al_ip/ip_rom_sim.v(842)
HDL-1007 : undeclared symbol 'open_n614', assumed default net type 'wire' in ../al_ip/ip_rom_sim.v(842)
HDL-1007 : undeclared symbol 'open_n615', assumed default net type 'wire' in ../al_ip/ip_rom_sim.v(842)
HDL-1007 : undeclared symbol 'open_n630', assumed default net type 'wire' in ../al_ip/ip_rom_sim.v(844)
HDL-1007 : undeclared symbol 'open_n631', assumed default net type 'wire' in ../al_ip/ip_rom_sim.v(844)
HDL-1007 : undeclared symbol 'open_n632', assumed default net type 'wire' in ../al_ip/ip_rom_sim.v(844)
HDL-1007 : undeclared symbol 'open_n633', assumed default net type 'wire' in ../al_ip/ip_rom_sim.v(844)
HDL-1007 : undeclared symbol 'open_n634', assumed default net type 'wire' in ../al_ip/ip_rom_sim.v(844)
HDL-1007 : undeclared symbol 'open_n635', assumed default net type 'wire' in ../al_ip/ip_rom_sim.v(844)
HDL-1007 : undeclared symbol 'open_n636', assumed default net type 'wire' in ../al_ip/ip_rom_sim.v(844)
HDL-1007 : undeclared symbol 'open_n637', assumed default net type 'wire' in ../al_ip/ip_rom_sim.v(844)
HDL-1007 : undeclared symbol 'open_n663', assumed default net type 'wire' in ../al_ip/ip_rom_sim.v(908)
HDL-1007 : undeclared symbol 'open_n664', assumed default net type 'wire' in ../al_ip/ip_rom_sim.v(908)
HDL-1007 : undeclared symbol 'open_n668', assumed default net type 'wire' in ../al_ip/ip_rom_sim.v(909)
HDL-1007 : undeclared symbol 'open_n669', assumed default net type 'wire' in ../al_ip/ip_rom_sim.v(909)
HDL-1007 : undeclared symbol 'open_n670', assumed default net type 'wire' in ../al_ip/ip_rom_sim.v(909)
HDL-1007 : undeclared symbol 'open_n671', assumed default net type 'wire' in ../al_ip/ip_rom_sim.v(909)
HDL-1007 : undeclared symbol 'open_n672', assumed default net type 'wire' in ../al_ip/ip_rom_sim.v(909)
HDL-1007 : undeclared symbol 'open_n673', assumed default net type 'wire' in ../al_ip/ip_rom_sim.v(909)
HDL-1007 : undeclared symbol 'open_n674', assumed default net type 'wire' in ../al_ip/ip_rom_sim.v(909)
HDL-1007 : undeclared symbol 'open_n675', assumed default net type 'wire' in ../al_ip/ip_rom_sim.v(909)
HDL-1007 : undeclared symbol 'open_n690', assumed default net type 'wire' in ../al_ip/ip_rom_sim.v(911)
HDL-1007 : undeclared symbol 'open_n691', assumed default net type 'wire' in ../al_ip/ip_rom_sim.v(911)
HDL-1007 : undeclared symbol 'open_n692', assumed default net type 'wire' in ../al_ip/ip_rom_sim.v(911)
HDL-1007 : undeclared symbol 'open_n693', assumed default net type 'wire' in ../al_ip/ip_rom_sim.v(911)
HDL-1007 : undeclared symbol 'open_n694', assumed default net type 'wire' in ../al_ip/ip_rom_sim.v(911)
HDL-1007 : undeclared symbol 'open_n695', assumed default net type 'wire' in ../al_ip/ip_rom_sim.v(911)
HDL-1007 : undeclared symbol 'open_n696', assumed default net type 'wire' in ../al_ip/ip_rom_sim.v(911)
HDL-1007 : undeclared symbol 'open_n697', assumed default net type 'wire' in ../al_ip/ip_rom_sim.v(911)
HDL-1007 : undeclared symbol 'open_n723', assumed default net type 'wire' in ../al_ip/ip_rom_sim.v(975)
HDL-1007 : undeclared symbol 'open_n724', assumed default net type 'wire' in ../al_ip/ip_rom_sim.v(975)
HDL-1007 : undeclared symbol 'open_n728', assumed default net type 'wire' in ../al_ip/ip_rom_sim.v(976)
HDL-1007 : undeclared symbol 'open_n729', assumed default net type 'wire' in ../al_ip/ip_rom_sim.v(976)
HDL-1007 : undeclared symbol 'open_n730', assumed default net type 'wire' in ../al_ip/ip_rom_sim.v(976)
HDL-1007 : undeclared symbol 'open_n731', assumed default net type 'wire' in ../al_ip/ip_rom_sim.v(976)
HDL-1007 : undeclared symbol 'open_n732', assumed default net type 'wire' in ../al_ip/ip_rom_sim.v(976)
HDL-1007 : undeclared symbol 'open_n733', assumed default net type 'wire' in ../al_ip/ip_rom_sim.v(976)
HDL-1007 : undeclared symbol 'open_n734', assumed default net type 'wire' in ../al_ip/ip_rom_sim.v(976)
HDL-1007 : undeclared symbol 'open_n735', assumed default net type 'wire' in ../al_ip/ip_rom_sim.v(976)
HDL-1007 : undeclared symbol 'open_n750', assumed default net type 'wire' in ../al_ip/ip_rom_sim.v(978)
HDL-1007 : undeclared symbol 'open_n751', assumed default net type 'wire' in ../al_ip/ip_rom_sim.v(978)
HDL-1007 : undeclared symbol 'open_n752', assumed default net type 'wire' in ../al_ip/ip_rom_sim.v(978)
HDL-1007 : undeclared symbol 'open_n753', assumed default net type 'wire' in ../al_ip/ip_rom_sim.v(978)
HDL-1007 : undeclared symbol 'open_n754', assumed default net type 'wire' in ../al_ip/ip_rom_sim.v(978)
HDL-1007 : undeclared symbol 'open_n755', assumed default net type 'wire' in ../al_ip/ip_rom_sim.v(978)
HDL-1007 : undeclared symbol 'open_n756', assumed default net type 'wire' in ../al_ip/ip_rom_sim.v(978)
HDL-1007 : undeclared symbol 'open_n757', assumed default net type 'wire' in ../al_ip/ip_rom_sim.v(978)
HDL-1007 : undeclared symbol 'open_n783', assumed default net type 'wire' in ../al_ip/ip_rom_sim.v(1042)
HDL-1007 : undeclared symbol 'open_n784', assumed default net type 'wire' in ../al_ip/ip_rom_sim.v(1042)
HDL-1007 : undeclared symbol 'open_n788', assumed default net type 'wire' in ../al_ip/ip_rom_sim.v(1043)
HDL-1007 : undeclared symbol 'open_n789', assumed default net type 'wire' in ../al_ip/ip_rom_sim.v(1043)
HDL-1007 : undeclared symbol 'open_n790', assumed default net type 'wire' in ../al_ip/ip_rom_sim.v(1043)
HDL-1007 : undeclared symbol 'open_n791', assumed default net type 'wire' in ../al_ip/ip_rom_sim.v(1043)
HDL-1007 : undeclared symbol 'open_n792', assumed default net type 'wire' in ../al_ip/ip_rom_sim.v(1043)
HDL-1007 : undeclared symbol 'open_n793', assumed default net type 'wire' in ../al_ip/ip_rom_sim.v(1043)
HDL-1007 : undeclared symbol 'open_n794', assumed default net type 'wire' in ../al_ip/ip_rom_sim.v(1043)
HDL-1007 : undeclared symbol 'open_n795', assumed default net type 'wire' in ../al_ip/ip_rom_sim.v(1043)
HDL-1007 : undeclared symbol 'open_n810', assumed default net type 'wire' in ../al_ip/ip_rom_sim.v(1045)
HDL-1007 : undeclared symbol 'open_n811', assumed default net type 'wire' in ../al_ip/ip_rom_sim.v(1045)
HDL-1007 : undeclared symbol 'open_n812', assumed default net type 'wire' in ../al_ip/ip_rom_sim.v(1045)
HDL-1007 : undeclared symbol 'open_n813', assumed default net type 'wire' in ../al_ip/ip_rom_sim.v(1045)
HDL-1007 : undeclared symbol 'open_n814', assumed default net type 'wire' in ../al_ip/ip_rom_sim.v(1045)
HDL-1007 : undeclared symbol 'open_n815', assumed default net type 'wire' in ../al_ip/ip_rom_sim.v(1045)
HDL-1007 : undeclared symbol 'open_n816', assumed default net type 'wire' in ../al_ip/ip_rom_sim.v(1045)
HDL-1007 : undeclared symbol 'open_n817', assumed default net type 'wire' in ../al_ip/ip_rom_sim.v(1045)
HDL-1007 : undeclared symbol 'open_n843', assumed default net type 'wire' in ../al_ip/ip_rom_sim.v(1109)
HDL-1007 : undeclared symbol 'open_n844', assumed default net type 'wire' in ../al_ip/ip_rom_sim.v(1109)
HDL-1007 : undeclared symbol 'open_n848', assumed default net type 'wire' in ../al_ip/ip_rom_sim.v(1110)
HDL-1007 : undeclared symbol 'open_n849', assumed default net type 'wire' in ../al_ip/ip_rom_sim.v(1110)
HDL-1007 : undeclared symbol 'open_n850', assumed default net type 'wire' in ../al_ip/ip_rom_sim.v(1110)
HDL-1007 : undeclared symbol 'open_n851', assumed default net type 'wire' in ../al_ip/ip_rom_sim.v(1110)
HDL-1007 : undeclared symbol 'open_n852', assumed default net type 'wire' in ../al_ip/ip_rom_sim.v(1110)
HDL-1007 : undeclared symbol 'open_n853', assumed default net type 'wire' in ../al_ip/ip_rom_sim.v(1110)
HDL-1007 : undeclared symbol 'open_n854', assumed default net type 'wire' in ../al_ip/ip_rom_sim.v(1110)
HDL-1007 : undeclared symbol 'open_n855', assumed default net type 'wire' in ../al_ip/ip_rom_sim.v(1110)
HDL-1007 : undeclared symbol 'open_n870', assumed default net type 'wire' in ../al_ip/ip_rom_sim.v(1112)
HDL-1007 : undeclared symbol 'open_n871', assumed default net type 'wire' in ../al_ip/ip_rom_sim.v(1112)
HDL-1007 : undeclared symbol 'open_n872', assumed default net type 'wire' in ../al_ip/ip_rom_sim.v(1112)
HDL-1007 : undeclared symbol 'open_n873', assumed default net type 'wire' in ../al_ip/ip_rom_sim.v(1112)
HDL-1007 : undeclared symbol 'open_n874', assumed default net type 'wire' in ../al_ip/ip_rom_sim.v(1112)
HDL-1007 : undeclared symbol 'open_n875', assumed default net type 'wire' in ../al_ip/ip_rom_sim.v(1112)
HDL-1007 : undeclared symbol 'open_n876', assumed default net type 'wire' in ../al_ip/ip_rom_sim.v(1112)
HDL-1007 : undeclared symbol 'open_n877', assumed default net type 'wire' in ../al_ip/ip_rom_sim.v(1112)
HDL-1007 : undeclared symbol 'open_n903', assumed default net type 'wire' in ../al_ip/ip_rom_sim.v(1176)
HDL-1007 : undeclared symbol 'open_n904', assumed default net type 'wire' in ../al_ip/ip_rom_sim.v(1176)
HDL-1007 : undeclared symbol 'open_n908', assumed default net type 'wire' in ../al_ip/ip_rom_sim.v(1177)
HDL-1007 : undeclared symbol 'open_n909', assumed default net type 'wire' in ../al_ip/ip_rom_sim.v(1177)
HDL-1007 : undeclared symbol 'open_n910', assumed default net type 'wire' in ../al_ip/ip_rom_sim.v(1177)
HDL-1007 : undeclared symbol 'open_n911', assumed default net type 'wire' in ../al_ip/ip_rom_sim.v(1177)
HDL-1007 : undeclared symbol 'open_n912', assumed default net type 'wire' in ../al_ip/ip_rom_sim.v(1177)
HDL-1007 : undeclared symbol 'open_n913', assumed default net type 'wire' in ../al_ip/ip_rom_sim.v(1177)
HDL-1007 : undeclared symbol 'open_n914', assumed default net type 'wire' in ../al_ip/ip_rom_sim.v(1177)
HDL-1007 : undeclared symbol 'open_n915', assumed default net type 'wire' in ../al_ip/ip_rom_sim.v(1177)
HDL-1007 : undeclared symbol 'open_n930', assumed default net type 'wire' in ../al_ip/ip_rom_sim.v(1179)
HDL-1007 : undeclared symbol 'open_n931', assumed default net type 'wire' in ../al_ip/ip_rom_sim.v(1179)
HDL-1007 : undeclared symbol 'open_n932', assumed default net type 'wire' in ../al_ip/ip_rom_sim.v(1179)
HDL-1007 : undeclared symbol 'open_n933', assumed default net type 'wire' in ../al_ip/ip_rom_sim.v(1179)
HDL-1007 : undeclared symbol 'open_n934', assumed default net type 'wire' in ../al_ip/ip_rom_sim.v(1179)
HDL-1007 : undeclared symbol 'open_n935', assumed default net type 'wire' in ../al_ip/ip_rom_sim.v(1179)
HDL-1007 : undeclared symbol 'open_n936', assumed default net type 'wire' in ../al_ip/ip_rom_sim.v(1179)
HDL-1007 : undeclared symbol 'open_n937', assumed default net type 'wire' in ../al_ip/ip_rom_sim.v(1179)
HDL-1007 : undeclared symbol 'open_n963', assumed default net type 'wire' in ../al_ip/ip_rom_sim.v(1243)
HDL-1007 : undeclared symbol 'open_n964', assumed default net type 'wire' in ../al_ip/ip_rom_sim.v(1243)
HDL-1007 : undeclared symbol 'open_n968', assumed default net type 'wire' in ../al_ip/ip_rom_sim.v(1244)
HDL-1007 : undeclared symbol 'open_n969', assumed default net type 'wire' in ../al_ip/ip_rom_sim.v(1244)
HDL-1007 : undeclared symbol 'open_n970', assumed default net type 'wire' in ../al_ip/ip_rom_sim.v(1244)
HDL-1007 : undeclared symbol 'open_n971', assumed default net type 'wire' in ../al_ip/ip_rom_sim.v(1244)
HDL-1007 : undeclared symbol 'open_n972', assumed default net type 'wire' in ../al_ip/ip_rom_sim.v(1244)
HDL-1007 : undeclared symbol 'open_n973', assumed default net type 'wire' in ../al_ip/ip_rom_sim.v(1244)
HDL-1007 : undeclared symbol 'open_n974', assumed default net type 'wire' in ../al_ip/ip_rom_sim.v(1244)
HDL-1007 : undeclared symbol 'open_n975', assumed default net type 'wire' in ../al_ip/ip_rom_sim.v(1244)
HDL-1007 : undeclared symbol 'open_n990', assumed default net type 'wire' in ../al_ip/ip_rom_sim.v(1246)
HDL-1007 : undeclared symbol 'open_n991', assumed default net type 'wire' in ../al_ip/ip_rom_sim.v(1246)
HDL-1007 : undeclared symbol 'open_n992', assumed default net type 'wire' in ../al_ip/ip_rom_sim.v(1246)
HDL-1007 : undeclared symbol 'open_n993', assumed default net type 'wire' in ../al_ip/ip_rom_sim.v(1246)
HDL-1007 : undeclared symbol 'open_n994', assumed default net type 'wire' in ../al_ip/ip_rom_sim.v(1246)
HDL-1007 : undeclared symbol 'open_n995', assumed default net type 'wire' in ../al_ip/ip_rom_sim.v(1246)
HDL-1007 : undeclared symbol 'open_n996', assumed default net type 'wire' in ../al_ip/ip_rom_sim.v(1246)
HDL-1007 : undeclared symbol 'open_n997', assumed default net type 'wire' in ../al_ip/ip_rom_sim.v(1246)
HDL-1007 : undeclared symbol 'open_n1026', assumed default net type 'wire' in ../al_ip/ip_rom_sim.v(1311)
HDL-1007 : undeclared symbol 'open_n1027', assumed default net type 'wire' in ../al_ip/ip_rom_sim.v(1311)
HDL-1007 : undeclared symbol 'open_n1028', assumed default net type 'wire' in ../al_ip/ip_rom_sim.v(1311)
HDL-1007 : undeclared symbol 'open_n1029', assumed default net type 'wire' in ../al_ip/ip_rom_sim.v(1311)
HDL-1007 : undeclared symbol 'open_n1030', assumed default net type 'wire' in ../al_ip/ip_rom_sim.v(1311)
HDL-1007 : undeclared symbol 'open_n1045', assumed default net type 'wire' in ../al_ip/ip_rom_sim.v(1313)
HDL-1007 : undeclared symbol 'open_n1046', assumed default net type 'wire' in ../al_ip/ip_rom_sim.v(1313)
HDL-1007 : undeclared symbol 'open_n1047', assumed default net type 'wire' in ../al_ip/ip_rom_sim.v(1313)
HDL-1007 : undeclared symbol 'open_n1048', assumed default net type 'wire' in ../al_ip/ip_rom_sim.v(1313)
HDL-1007 : undeclared symbol 'open_n1049', assumed default net type 'wire' in ../al_ip/ip_rom_sim.v(1313)
HDL-1007 : undeclared symbol 'open_n1078', assumed default net type 'wire' in ../al_ip/ip_rom_sim.v(1378)
HDL-1007 : undeclared symbol 'open_n1079', assumed default net type 'wire' in ../al_ip/ip_rom_sim.v(1378)
HDL-1007 : undeclared symbol 'open_n1080', assumed default net type 'wire' in ../al_ip/ip_rom_sim.v(1378)
HDL-1007 : undeclared symbol 'open_n1081', assumed default net type 'wire' in ../al_ip/ip_rom_sim.v(1378)
HDL-1007 : undeclared symbol 'open_n1082', assumed default net type 'wire' in ../al_ip/ip_rom_sim.v(1378)
HDL-1007 : undeclared symbol 'open_n1097', assumed default net type 'wire' in ../al_ip/ip_rom_sim.v(1380)
HDL-1007 : undeclared symbol 'open_n1098', assumed default net type 'wire' in ../al_ip/ip_rom_sim.v(1380)
HDL-1007 : undeclared symbol 'open_n1099', assumed default net type 'wire' in ../al_ip/ip_rom_sim.v(1380)
HDL-1007 : undeclared symbol 'open_n1100', assumed default net type 'wire' in ../al_ip/ip_rom_sim.v(1380)
HDL-1007 : undeclared symbol 'open_n1101', assumed default net type 'wire' in ../al_ip/ip_rom_sim.v(1380)
HDL-1007 : undeclared symbol 'open_n1130', assumed default net type 'wire' in ../al_ip/ip_rom_sim.v(1445)
HDL-1007 : undeclared symbol 'open_n1131', assumed default net type 'wire' in ../al_ip/ip_rom_sim.v(1445)
HDL-1007 : undeclared symbol 'open_n1132', assumed default net type 'wire' in ../al_ip/ip_rom_sim.v(1445)
HDL-1007 : undeclared symbol 'open_n1133', assumed default net type 'wire' in ../al_ip/ip_rom_sim.v(1445)
HDL-1007 : undeclared symbol 'open_n1134', assumed default net type 'wire' in ../al_ip/ip_rom_sim.v(1445)
HDL-1007 : undeclared symbol 'open_n1149', assumed default net type 'wire' in ../al_ip/ip_rom_sim.v(1447)
HDL-1007 : undeclared symbol 'open_n1150', assumed default net type 'wire' in ../al_ip/ip_rom_sim.v(1447)
HDL-1007 : undeclared symbol 'open_n1151', assumed default net type 'wire' in ../al_ip/ip_rom_sim.v(1447)
HDL-1007 : undeclared symbol 'open_n1152', assumed default net type 'wire' in ../al_ip/ip_rom_sim.v(1447)
HDL-1007 : undeclared symbol 'open_n1153', assumed default net type 'wire' in ../al_ip/ip_rom_sim.v(1447)
HDL-1007 : undeclared symbol 'open_n1182', assumed default net type 'wire' in ../al_ip/ip_rom_sim.v(1512)
HDL-1007 : undeclared symbol 'open_n1183', assumed default net type 'wire' in ../al_ip/ip_rom_sim.v(1512)
HDL-1007 : undeclared symbol 'open_n1184', assumed default net type 'wire' in ../al_ip/ip_rom_sim.v(1512)
HDL-1007 : undeclared symbol 'open_n1185', assumed default net type 'wire' in ../al_ip/ip_rom_sim.v(1512)
HDL-1007 : undeclared symbol 'open_n1186', assumed default net type 'wire' in ../al_ip/ip_rom_sim.v(1512)
HDL-1007 : undeclared symbol 'open_n1201', assumed default net type 'wire' in ../al_ip/ip_rom_sim.v(1514)
HDL-1007 : undeclared symbol 'open_n1202', assumed default net type 'wire' in ../al_ip/ip_rom_sim.v(1514)
HDL-1007 : undeclared symbol 'open_n1203', assumed default net type 'wire' in ../al_ip/ip_rom_sim.v(1514)
HDL-1007 : undeclared symbol 'open_n1204', assumed default net type 'wire' in ../al_ip/ip_rom_sim.v(1514)
HDL-1007 : undeclared symbol 'open_n1205', assumed default net type 'wire' in ../al_ip/ip_rom_sim.v(1514)
HDL-7201 CRITICAL-WARNING: overwrite current module 'img' in ../al_ip/ip_rom_sim.v(5)
HDL-7307 CRITICAL-WARNING: previous definition of design element module 'img' is here. This is because multiple modules(values) with the same name are defined. Please consider rewriting code in ../al_ip/ip_rom.v(14)
HDL-7201 CRITICAL-WARNING: overwrite current module 'reg_sr_as_w1' in ../al_ip/ip_rom_sim.v(2078)
HDL-7307 CRITICAL-WARNING: previous definition of design element module 'reg_sr_as_w1' is here. This is because multiple modules(values) with the same name are defined. Please consider rewriting code in ../al_ip/ip_ram_sim.v(14701)
HDL-7201 CRITICAL-WARNING: overwrite current module 'AL_MUX' in ../al_ip/ip_rom_sim.v(2117)
HDL-7307 CRITICAL-WARNING: previous definition of design element module 'AL_MUX' is here. This is because multiple modules(values) with the same name are defined. Please consider rewriting code in ../al_ip/ip_ram_sim.v(14743)
HDL-7201 CRITICAL-WARNING: overwrite current module 'AL_DFF' in ../al_ip/ip_rom_sim.v(2133)
HDL-7307 CRITICAL-WARNING: previous definition of design element module 'AL_DFF' is here. This is because multiple modules(values) with the same name are defined. Please consider rewriting code in ../al_ip/ip_ram_sim.v(14759)
HDL-1007 : analyze verilog file ../al_ip/ip_sdram.v
HDL-1007 : analyze verilog file ../al_ip/RAM03_512.v
HDL-1007 : analyze verilog file ../al_ip/RAM04_1024.v
HDL-1007 : analyze verilog file ../al_ip/RAM12_128.v
HDL-1007 : analyze verilog file ../al_ip/RAM12_512.v
HDL-1007 : analyze verilog file ../al_ip/RAM12_1024.v
HDL-1007 : analyze verilog file ../al_ip/RAM14_256.v
HDL-1007 : analyze verilog file ../al_ip/RAM20_191.v
HDL-8007 ERROR: 'glbl' is not declared in ../al_ip/ip_rom_sim.v(2144)
RUN-1002 : start command "commit_param -step design"
RUN-1001 : Print Global Property
RUN-1001 : --------------------------------------------------------
RUN-1001 :   Parameters   |  Settings  |  Default Values  |  Note  
RUN-1001 : --------------------------------------------------------
RUN-1001 :   enable_seed  |    off     |       off        |        
RUN-1001 :     message    |  standard  |     standard     |        
RUN-1001 :   qor_monitor  |     on     |        on        |        
RUN-1001 :   syn_ip_flow  |    off     |       off        |        
RUN-1001 :     thread     |    auto    |       auto       |        
RUN-1001 : --------------------------------------------------------
RUN-1001 : Print Design Property
RUN-1001 : ----------------------------------------------------------------
RUN-1001 :       Parameters       |  Settings  |  Default Values  |  Note  
RUN-1001 : ----------------------------------------------------------------
RUN-1001 :   default_reg_initial  |    auto    |       auto       |        
RUN-1001 :    hdl_warning_level   |   normal   |      normal      |        
RUN-1001 : ----------------------------------------------------------------
HDL-1007 : analyze verilog file CNN_READ.v
HDL-1007 : analyze verilog file CNN_L1_221009.v
HDL-1007 : analyze verilog file test_ram_read.v
HDL-5007 WARNING: /* is inside a comment in test_ram_read.v(123)
HDL-1007 : analyze verilog file POOL_CORE.v
HDL-1007 : analyze verilog file CNN3.v
HDL-1007 : analyze verilog file POOL3.v
HDL-1007 : analyze verilog file POOL_READ_P1.v
HDL-1007 : analyze verilog file CNN_READ_C2.v
HDL-1007 : analyze verilog file POOL_READ_P2.v
HDL-1007 : analyze verilog file RGB2GRAY.v
HDL-1007 : analyze verilog file PRE_LAYER.v
HDL-1007 : analyze verilog file READ_RAMP2.v
HDL-1007 : analyze verilog file conv1.v
HDL-1007 : analyze verilog file pool1_layer.v
HDL-1007 : analyze verilog file conv2.v
HDL-1007 : analyze verilog file full_layer.v
HDL-1007 : analyze verilog file conv1_layer1.v
HDL-1007 : analyze verilog file conv2_layer2.v
HDL-1007 : analyze verilog file pool_core0.v
HDL-1007 : analyze verilog file output_layer.v
HDL-1007 : analyze verilog file test_camera.v
HDL-1007 : analyze verilog file camera_init.v
HDL-1007 : undeclared symbol 'clk_div', assumed default net type 'wire' in camera_init.v(74)
HDL-1007 : analyze verilog file camera_reader.v
HDL-1007 : analyze verilog file CNN1_vga.v
HDL-1007 : analyze verilog file i2c_module.v
HDL-1007 : analyze verilog file lcd_sync.v
HDL-1007 : analyze verilog file lcd_sync_Y.v
HDL-1007 : analyze verilog file ../al_ip/01.v
HDL-1007 : analyze verilog file ../al_ip/02.v
HDL-1007 : analyze verilog file ../al_ip/ip_fifo.v
HDL-1007 : analyze verilog file ../al_ip/ip_fifo_sim.v
HDL-1007 : undeclared symbol 'open_n47', assumed default net type 'wire' in ../al_ip/ip_fifo_sim.v(61)
HDL-1007 : undeclared symbol 'open_n48', assumed default net type 'wire' in ../al_ip/ip_fifo_sim.v(61)
HDL-1007 : undeclared symbol 'open_n49', assumed default net type 'wire' in ../al_ip/ip_fifo_sim.v(61)
HDL-1007 : undeclared symbol 'open_n50', assumed default net type 'wire' in ../al_ip/ip_fifo_sim.v(61)
HDL-1007 : undeclared symbol 'open_n51', assumed default net type 'wire' in ../al_ip/ip_fifo_sim.v(61)
HDL-1007 : undeclared symbol 'open_n52', assumed default net type 'wire' in ../al_ip/ip_fifo_sim.v(61)
HDL-1007 : undeclared symbol 'open_n53', assumed default net type 'wire' in ../al_ip/ip_fifo_sim.v(61)
HDL-1007 : undeclared symbol 'open_n54', assumed default net type 'wire' in ../al_ip/ip_fifo_sim.v(61)
HDL-1007 : undeclared symbol 'open_n75', assumed default net type 'wire' in ../al_ip/ip_fifo_sim.v(68)
HDL-1007 : undeclared symbol 'open_n76', assumed default net type 'wire' in ../al_ip/ip_fifo_sim.v(68)
HDL-1007 : undeclared symbol 'open_n77', assumed default net type 'wire' in ../al_ip/ip_fifo_sim.v(68)
HDL-1007 : undeclared symbol 'open_n78', assumed default net type 'wire' in ../al_ip/ip_fifo_sim.v(68)
HDL-1007 : undeclared symbol 'open_n79', assumed default net type 'wire' in ../al_ip/ip_fifo_sim.v(68)
HDL-1007 : undeclared symbol 'open_n80', assumed default net type 'wire' in ../al_ip/ip_fifo_sim.v(68)
HDL-1007 : undeclared symbol 'open_n81', assumed default net type 'wire' in ../al_ip/ip_fifo_sim.v(68)
HDL-1007 : undeclared symbol 'open_n82', assumed default net type 'wire' in ../al_ip/ip_fifo_sim.v(93)
HDL-1007 : undeclared symbol 'open_n83', assumed default net type 'wire' in ../al_ip/ip_fifo_sim.v(93)
HDL-1007 : undeclared symbol 'open_n84', assumed default net type 'wire' in ../al_ip/ip_fifo_sim.v(93)
HDL-1007 : undeclared symbol 'open_n85', assumed default net type 'wire' in ../al_ip/ip_fifo_sim.v(93)
HDL-1007 : undeclared symbol 'open_n86', assumed default net type 'wire' in ../al_ip/ip_fifo_sim.v(93)
HDL-1007 : undeclared symbol 'open_n87', assumed default net type 'wire' in ../al_ip/ip_fifo_sim.v(93)
HDL-1007 : undeclared symbol 'open_n88', assumed default net type 'wire' in ../al_ip/ip_fifo_sim.v(93)
HDL-1007 : undeclared symbol 'open_n89', assumed default net type 'wire' in ../al_ip/ip_fifo_sim.v(93)
HDL-1007 : undeclared symbol 'open_n110', assumed default net type 'wire' in ../al_ip/ip_fifo_sim.v(100)
HDL-1007 : undeclared symbol 'open_n111', assumed default net type 'wire' in ../al_ip/ip_fifo_sim.v(100)
HDL-1007 : undeclared symbol 'open_n112', assumed default net type 'wire' in ../al_ip/ip_fifo_sim.v(100)
HDL-1007 : undeclared symbol 'open_n113', assumed default net type 'wire' in ../al_ip/ip_fifo_sim.v(100)
HDL-1007 : undeclared symbol 'open_n114', assumed default net type 'wire' in ../al_ip/ip_fifo_sim.v(100)
HDL-1007 : undeclared symbol 'open_n115', assumed default net type 'wire' in ../al_ip/ip_fifo_sim.v(100)
HDL-1007 : undeclared symbol 'open_n116', assumed default net type 'wire' in ../al_ip/ip_fifo_sim.v(100)
HDL-1007 : undeclared symbol 'open_n119', assumed default net type 'wire' in ../al_ip/ip_fifo_sim.v(123)
HDL-1007 : undeclared symbol 'open_n120', assumed default net type 'wire' in ../al_ip/ip_fifo_sim.v(123)
HDL-1007 : undeclared symbol 'open_n121', assumed default net type 'wire' in ../al_ip/ip_fifo_sim.v(123)
HDL-1007 : undeclared symbol 'open_n122', assumed default net type 'wire' in ../al_ip/ip_fifo_sim.v(123)
HDL-1007 : undeclared symbol 'open_n123', assumed default net type 'wire' in ../al_ip/ip_fifo_sim.v(123)
HDL-1007 : undeclared symbol 'open_n124', assumed default net type 'wire' in ../al_ip/ip_fifo_sim.v(123)
HDL-1007 : undeclared symbol 'open_n125', assumed default net type 'wire' in ../al_ip/ip_fifo_sim.v(123)
HDL-1007 : undeclared symbol 'open_n126', assumed default net type 'wire' in ../al_ip/ip_fifo_sim.v(123)
HDL-1007 : undeclared symbol 'open_n147', assumed default net type 'wire' in ../al_ip/ip_fifo_sim.v(130)
HDL-1007 : undeclared symbol 'open_n148', assumed default net type 'wire' in ../al_ip/ip_fifo_sim.v(130)
HDL-1007 : undeclared symbol 'open_n149', assumed default net type 'wire' in ../al_ip/ip_fifo_sim.v(130)
HDL-1007 : undeclared symbol 'open_n150', assumed default net type 'wire' in ../al_ip/ip_fifo_sim.v(130)
HDL-1007 : undeclared symbol 'open_n151', assumed default net type 'wire' in ../al_ip/ip_fifo_sim.v(130)
HDL-1007 : undeclared symbol 'open_n152', assumed default net type 'wire' in ../al_ip/ip_fifo_sim.v(130)
HDL-1007 : undeclared symbol 'open_n153', assumed default net type 'wire' in ../al_ip/ip_fifo_sim.v(130)
HDL-1007 : undeclared symbol 'open_n156', assumed default net type 'wire' in ../al_ip/ip_fifo_sim.v(153)
HDL-1007 : undeclared symbol 'open_n157', assumed default net type 'wire' in ../al_ip/ip_fifo_sim.v(153)
HDL-1007 : undeclared symbol 'open_n158', assumed default net type 'wire' in ../al_ip/ip_fifo_sim.v(153)
HDL-1007 : undeclared symbol 'open_n159', assumed default net type 'wire' in ../al_ip/ip_fifo_sim.v(153)
HDL-1007 : undeclared symbol 'open_n160', assumed default net type 'wire' in ../al_ip/ip_fifo_sim.v(153)
HDL-1007 : undeclared symbol 'open_n161', assumed default net type 'wire' in ../al_ip/ip_fifo_sim.v(153)
HDL-1007 : undeclared symbol 'open_n162', assumed default net type 'wire' in ../al_ip/ip_fifo_sim.v(153)
HDL-1007 : undeclared symbol 'open_n163', assumed default net type 'wire' in ../al_ip/ip_fifo_sim.v(153)
HDL-1007 : undeclared symbol 'open_n184', assumed default net type 'wire' in ../al_ip/ip_fifo_sim.v(160)
HDL-1007 : undeclared symbol 'open_n185', assumed default net type 'wire' in ../al_ip/ip_fifo_sim.v(160)
HDL-1007 : undeclared symbol 'open_n186', assumed default net type 'wire' in ../al_ip/ip_fifo_sim.v(160)
HDL-1007 : undeclared symbol 'open_n187', assumed default net type 'wire' in ../al_ip/ip_fifo_sim.v(160)
HDL-1007 : undeclared symbol 'open_n188', assumed default net type 'wire' in ../al_ip/ip_fifo_sim.v(160)
HDL-1007 : undeclared symbol 'open_n189', assumed default net type 'wire' in ../al_ip/ip_fifo_sim.v(160)
HDL-1007 : undeclared symbol 'open_n190', assumed default net type 'wire' in ../al_ip/ip_fifo_sim.v(160)
HDL-1007 : undeclared symbol 'open_n193', assumed default net type 'wire' in ../al_ip/ip_fifo_sim.v(183)
HDL-1007 : undeclared symbol 'open_n194', assumed default net type 'wire' in ../al_ip/ip_fifo_sim.v(183)
HDL-1007 : undeclared symbol 'open_n195', assumed default net type 'wire' in ../al_ip/ip_fifo_sim.v(183)
HDL-1007 : undeclared symbol 'open_n196', assumed default net type 'wire' in ../al_ip/ip_fifo_sim.v(183)
HDL-1007 : undeclared symbol 'open_n197', assumed default net type 'wire' in ../al_ip/ip_fifo_sim.v(183)
HDL-1007 : undeclared symbol 'open_n198', assumed default net type 'wire' in ../al_ip/ip_fifo_sim.v(183)
HDL-1007 : undeclared symbol 'open_n199', assumed default net type 'wire' in ../al_ip/ip_fifo_sim.v(183)
HDL-1007 : undeclared symbol 'open_n200', assumed default net type 'wire' in ../al_ip/ip_fifo_sim.v(183)
HDL-1007 : undeclared symbol 'open_n221', assumed default net type 'wire' in ../al_ip/ip_fifo_sim.v(190)
HDL-1007 : undeclared symbol 'open_n222', assumed default net type 'wire' in ../al_ip/ip_fifo_sim.v(190)
HDL-1007 : undeclared symbol 'open_n223', assumed default net type 'wire' in ../al_ip/ip_fifo_sim.v(190)
HDL-1007 : undeclared symbol 'open_n224', assumed default net type 'wire' in ../al_ip/ip_fifo_sim.v(190)
HDL-1007 : undeclared symbol 'open_n225', assumed default net type 'wire' in ../al_ip/ip_fifo_sim.v(190)
HDL-1007 : undeclared symbol 'open_n226', assumed default net type 'wire' in ../al_ip/ip_fifo_sim.v(190)
HDL-1007 : undeclared symbol 'open_n227', assumed default net type 'wire' in ../al_ip/ip_fifo_sim.v(190)
HDL-1007 : undeclared symbol 'open_n230', assumed default net type 'wire' in ../al_ip/ip_fifo_sim.v(213)
HDL-1007 : undeclared symbol 'open_n231', assumed default net type 'wire' in ../al_ip/ip_fifo_sim.v(213)
HDL-1007 : undeclared symbol 'open_n232', assumed default net type 'wire' in ../al_ip/ip_fifo_sim.v(213)
HDL-1007 : undeclared symbol 'open_n233', assumed default net type 'wire' in ../al_ip/ip_fifo_sim.v(213)
HDL-1007 : undeclared symbol 'open_n234', assumed default net type 'wire' in ../al_ip/ip_fifo_sim.v(213)
HDL-1007 : undeclared symbol 'open_n235', assumed default net type 'wire' in ../al_ip/ip_fifo_sim.v(213)
HDL-1007 : undeclared symbol 'open_n236', assumed default net type 'wire' in ../al_ip/ip_fifo_sim.v(213)
HDL-1007 : undeclared symbol 'open_n237', assumed default net type 'wire' in ../al_ip/ip_fifo_sim.v(213)
HDL-1007 : undeclared symbol 'open_n258', assumed default net type 'wire' in ../al_ip/ip_fifo_sim.v(220)
HDL-1007 : undeclared symbol 'open_n259', assumed default net type 'wire' in ../al_ip/ip_fifo_sim.v(220)
HDL-1007 : undeclared symbol 'open_n260', assumed default net type 'wire' in ../al_ip/ip_fifo_sim.v(220)
HDL-1007 : undeclared symbol 'open_n261', assumed default net type 'wire' in ../al_ip/ip_fifo_sim.v(220)
HDL-1007 : undeclared symbol 'open_n262', assumed default net type 'wire' in ../al_ip/ip_fifo_sim.v(220)
HDL-1007 : undeclared symbol 'open_n263', assumed default net type 'wire' in ../al_ip/ip_fifo_sim.v(220)
HDL-1007 : undeclared symbol 'open_n264', assumed default net type 'wire' in ../al_ip/ip_fifo_sim.v(220)
HDL-1007 : undeclared symbol 'open_n267', assumed default net type 'wire' in ../al_ip/ip_fifo_sim.v(243)
HDL-1007 : undeclared symbol 'open_n268', assumed default net type 'wire' in ../al_ip/ip_fifo_sim.v(243)
HDL-1007 : undeclared symbol 'open_n269', assumed default net type 'wire' in ../al_ip/ip_fifo_sim.v(243)
HDL-1007 : undeclared symbol 'open_n270', assumed default net type 'wire' in ../al_ip/ip_fifo_sim.v(243)
HDL-1007 : undeclared symbol 'open_n271', assumed default net type 'wire' in ../al_ip/ip_fifo_sim.v(243)
HDL-1007 : undeclared symbol 'open_n272', assumed default net type 'wire' in ../al_ip/ip_fifo_sim.v(243)
HDL-1007 : undeclared symbol 'open_n273', assumed default net type 'wire' in ../al_ip/ip_fifo_sim.v(243)
HDL-1007 : undeclared symbol 'open_n274', assumed default net type 'wire' in ../al_ip/ip_fifo_sim.v(243)
HDL-1007 : undeclared symbol 'open_n295', assumed default net type 'wire' in ../al_ip/ip_fifo_sim.v(250)
HDL-1007 : undeclared symbol 'open_n296', assumed default net type 'wire' in ../al_ip/ip_fifo_sim.v(250)
HDL-1007 : undeclared symbol 'open_n297', assumed default net type 'wire' in ../al_ip/ip_fifo_sim.v(250)
HDL-1007 : undeclared symbol 'open_n298', assumed default net type 'wire' in ../al_ip/ip_fifo_sim.v(250)
HDL-1007 : undeclared symbol 'open_n299', assumed default net type 'wire' in ../al_ip/ip_fifo_sim.v(250)
HDL-1007 : undeclared symbol 'open_n300', assumed default net type 'wire' in ../al_ip/ip_fifo_sim.v(250)
HDL-1007 : undeclared symbol 'open_n301', assumed default net type 'wire' in ../al_ip/ip_fifo_sim.v(250)
HDL-1007 : undeclared symbol 'open_n304', assumed default net type 'wire' in ../al_ip/ip_fifo_sim.v(273)
HDL-1007 : undeclared symbol 'open_n305', assumed default net type 'wire' in ../al_ip/ip_fifo_sim.v(273)
HDL-1007 : undeclared symbol 'open_n306', assumed default net type 'wire' in ../al_ip/ip_fifo_sim.v(273)
HDL-1007 : undeclared symbol 'open_n307', assumed default net type 'wire' in ../al_ip/ip_fifo_sim.v(273)
HDL-1007 : undeclared symbol 'open_n308', assumed default net type 'wire' in ../al_ip/ip_fifo_sim.v(273)
HDL-1007 : undeclared symbol 'open_n309', assumed default net type 'wire' in ../al_ip/ip_fifo_sim.v(273)
HDL-1007 : undeclared symbol 'open_n310', assumed default net type 'wire' in ../al_ip/ip_fifo_sim.v(273)
HDL-1007 : undeclared symbol 'open_n311', assumed default net type 'wire' in ../al_ip/ip_fifo_sim.v(273)
HDL-1007 : undeclared symbol 'open_n332', assumed default net type 'wire' in ../al_ip/ip_fifo_sim.v(280)
HDL-1007 : undeclared symbol 'open_n333', assumed default net type 'wire' in ../al_ip/ip_fifo_sim.v(280)
HDL-1007 : undeclared symbol 'open_n334', assumed default net type 'wire' in ../al_ip/ip_fifo_sim.v(280)
HDL-1007 : undeclared symbol 'open_n335', assumed default net type 'wire' in ../al_ip/ip_fifo_sim.v(280)
HDL-1007 : undeclared symbol 'open_n336', assumed default net type 'wire' in ../al_ip/ip_fifo_sim.v(280)
HDL-1007 : undeclared symbol 'open_n337', assumed default net type 'wire' in ../al_ip/ip_fifo_sim.v(280)
HDL-1007 : undeclared symbol 'open_n338', assumed default net type 'wire' in ../al_ip/ip_fifo_sim.v(280)
HDL-7201 CRITICAL-WARNING: overwrite current module 'img_fifo' in ../al_ip/ip_fifo_sim.v(5)
HDL-7307 CRITICAL-WARNING: previous definition of design element module 'img_fifo' is here. This is because multiple modules(values) with the same name are defined. Please consider rewriting code in ../al_ip/ip_fifo.v(14)
HDL-1007 : analyze verilog file ../al_ip/ip_pll.v
HDL-1007 : undeclared symbol 'open', assumed default net type 'wire' in ../al_ip/ip_pll.v(70)
HDL-1007 : analyze verilog file ../al_ip/ip_pll_sim.v
HDL-1007 : undeclared symbol 'open_n47', assumed default net type 'wire' in ../al_ip/ip_pll_sim.v(108)
HDL-1007 : undeclared symbol 'open_n48', assumed default net type 'wire' in ../al_ip/ip_pll_sim.v(108)
HDL-7201 CRITICAL-WARNING: overwrite current module 'ip_pll' in ../al_ip/ip_pll_sim.v(5)
HDL-7307 CRITICAL-WARNING: previous definition of design element module 'ip_pll' is here. This is because multiple modules(values) with the same name are defined. Please consider rewriting code in ../al_ip/ip_pll.v(24)
HDL-1007 : analyze verilog file ../al_ip/ip_ram.v
HDL-1007 : analyze verilog file ../al_ip/ip_ram_sim.v
HDL-1007 : undeclared symbol 'open_n70', assumed default net type 'wire' in ../al_ip/ip_ram_sim.v(2586)
HDL-1007 : undeclared symbol 'open_n71', assumed default net type 'wire' in ../al_ip/ip_ram_sim.v(2586)
HDL-1007 : undeclared symbol 'open_n72', assumed default net type 'wire' in ../al_ip/ip_ram_sim.v(2586)
HDL-1007 : undeclared symbol 'open_n73', assumed default net type 'wire' in ../al_ip/ip_ram_sim.v(2586)
HDL-1007 : undeclared symbol 'open_n74', assumed default net type 'wire' in ../al_ip/ip_ram_sim.v(2586)
HDL-1007 : undeclared symbol 'open_n75', assumed default net type 'wire' in ../al_ip/ip_ram_sim.v(2586)
HDL-1007 : undeclared symbol 'open_n76', assumed default net type 'wire' in ../al_ip/ip_ram_sim.v(2586)
HDL-1007 : undeclared symbol 'open_n77', assumed default net type 'wire' in ../al_ip/ip_ram_sim.v(2586)
HDL-1007 : undeclared symbol 'open_n101', assumed default net type 'wire' in ../al_ip/ip_ram_sim.v(2588)
HDL-1007 : undeclared symbol 'open_n102', assumed default net type 'wire' in ../al_ip/ip_ram_sim.v(2588)
HDL-1007 : undeclared symbol 'open_n103', assumed default net type 'wire' in ../al_ip/ip_ram_sim.v(2588)
HDL-1007 : undeclared symbol 'open_n104', assumed default net type 'wire' in ../al_ip/ip_ram_sim.v(2588)
HDL-1007 : undeclared symbol 'open_n105', assumed default net type 'wire' in ../al_ip/ip_ram_sim.v(2588)
HDL-1007 : undeclared symbol 'open_n106', assumed default net type 'wire' in ../al_ip/ip_ram_sim.v(2588)
HDL-1007 : undeclared symbol 'open_n107', assumed default net type 'wire' in ../al_ip/ip_ram_sim.v(2588)
HDL-1007 : undeclared symbol 'open_n108', assumed default net type 'wire' in ../al_ip/ip_ram_sim.v(2588)
HDL-1007 : undeclared symbol 'open_n109', assumed default net type 'wire' in ../al_ip/ip_ram_sim.v(2619)
HDL-1007 : undeclared symbol 'open_n110', assumed default net type 'wire' in ../al_ip/ip_ram_sim.v(2619)
HDL-1007 : undeclared symbol 'open_n111', assumed default net type 'wire' in ../al_ip/ip_ram_sim.v(2619)
HDL-1007 : undeclared symbol 'open_n112', assumed default net type 'wire' in ../al_ip/ip_ram_sim.v(2619)
HDL-1007 : undeclared symbol 'open_n113', assumed default net type 'wire' in ../al_ip/ip_ram_sim.v(2619)
HDL-1007 : undeclared symbol 'open_n114', assumed default net type 'wire' in ../al_ip/ip_ram_sim.v(2619)
HDL-1007 : undeclared symbol 'open_n115', assumed default net type 'wire' in ../al_ip/ip_ram_sim.v(2619)
HDL-1007 : undeclared symbol 'open_n116', assumed default net type 'wire' in ../al_ip/ip_ram_sim.v(2619)
HDL-1007 : undeclared symbol 'open_n140', assumed default net type 'wire' in ../al_ip/ip_ram_sim.v(2621)
HDL-1007 : undeclared symbol 'open_n141', assumed default net type 'wire' in ../al_ip/ip_ram_sim.v(2621)
HDL-1007 : undeclared symbol 'open_n142', assumed default net type 'wire' in ../al_ip/ip_ram_sim.v(2621)
HDL-1007 : undeclared symbol 'open_n143', assumed default net type 'wire' in ../al_ip/ip_ram_sim.v(2621)
HDL-1007 : undeclared symbol 'open_n144', assumed default net type 'wire' in ../al_ip/ip_ram_sim.v(2621)
HDL-1007 : undeclared symbol 'open_n145', assumed default net type 'wire' in ../al_ip/ip_ram_sim.v(2621)
HDL-1007 : undeclared symbol 'open_n146', assumed default net type 'wire' in ../al_ip/ip_ram_sim.v(2621)
HDL-1007 : undeclared symbol 'open_n147', assumed default net type 'wire' in ../al_ip/ip_ram_sim.v(2621)
HDL-1007 : undeclared symbol 'open_n148', assumed default net type 'wire' in ../al_ip/ip_ram_sim.v(2652)
HDL-1007 : undeclared symbol 'open_n149', assumed default net type 'wire' in ../al_ip/ip_ram_sim.v(2652)
HDL-1007 : undeclared symbol 'open_n150', assumed default net type 'wire' in ../al_ip/ip_ram_sim.v(2652)
HDL-1007 : undeclared symbol 'open_n151', assumed default net type 'wire' in ../al_ip/ip_ram_sim.v(2652)
HDL-1007 : undeclared symbol 'open_n152', assumed default net type 'wire' in ../al_ip/ip_ram_sim.v(2652)
HDL-1007 : undeclared symbol 'open_n153', assumed default net type 'wire' in ../al_ip/ip_ram_sim.v(2652)
HDL-1007 : undeclared symbol 'open_n154', assumed default net type 'wire' in ../al_ip/ip_ram_sim.v(2652)
HDL-1007 : undeclared symbol 'open_n155', assumed default net type 'wire' in ../al_ip/ip_ram_sim.v(2652)
HDL-1007 : undeclared symbol 'open_n179', assumed default net type 'wire' in ../al_ip/ip_ram_sim.v(2654)
HDL-1007 : undeclared symbol 'open_n180', assumed default net type 'wire' in ../al_ip/ip_ram_sim.v(2654)
HDL-1007 : undeclared symbol 'open_n181', assumed default net type 'wire' in ../al_ip/ip_ram_sim.v(2654)
HDL-1007 : undeclared symbol 'open_n182', assumed default net type 'wire' in ../al_ip/ip_ram_sim.v(2654)
HDL-1007 : undeclared symbol 'open_n183', assumed default net type 'wire' in ../al_ip/ip_ram_sim.v(2654)
HDL-1007 : undeclared symbol 'open_n184', assumed default net type 'wire' in ../al_ip/ip_ram_sim.v(2654)
HDL-1007 : undeclared symbol 'open_n185', assumed default net type 'wire' in ../al_ip/ip_ram_sim.v(2654)
HDL-1007 : undeclared symbol 'open_n186', assumed default net type 'wire' in ../al_ip/ip_ram_sim.v(2654)
HDL-1007 : undeclared symbol 'open_n187', assumed default net type 'wire' in ../al_ip/ip_ram_sim.v(2685)
HDL-1007 : undeclared symbol 'open_n188', assumed default net type 'wire' in ../al_ip/ip_ram_sim.v(2685)
HDL-1007 : undeclared symbol 'open_n189', assumed default net type 'wire' in ../al_ip/ip_ram_sim.v(2685)
HDL-1007 : undeclared symbol 'open_n190', assumed default net type 'wire' in ../al_ip/ip_ram_sim.v(2685)
HDL-1007 : undeclared symbol 'open_n191', assumed default net type 'wire' in ../al_ip/ip_ram_sim.v(2685)
HDL-1007 : undeclared symbol 'open_n192', assumed default net type 'wire' in ../al_ip/ip_ram_sim.v(2685)
HDL-1007 : undeclared symbol 'open_n193', assumed default net type 'wire' in ../al_ip/ip_ram_sim.v(2685)
HDL-1007 : undeclared symbol 'open_n194', assumed default net type 'wire' in ../al_ip/ip_ram_sim.v(2685)
HDL-1007 : undeclared symbol 'open_n218', assumed default net type 'wire' in ../al_ip/ip_ram_sim.v(2687)
HDL-1007 : undeclared symbol 'open_n219', assumed default net type 'wire' in ../al_ip/ip_ram_sim.v(2687)
HDL-1007 : undeclared symbol 'open_n220', assumed default net type 'wire' in ../al_ip/ip_ram_sim.v(2687)
HDL-1007 : undeclared symbol 'open_n221', assumed default net type 'wire' in ../al_ip/ip_ram_sim.v(2687)
HDL-1007 : undeclared symbol 'open_n222', assumed default net type 'wire' in ../al_ip/ip_ram_sim.v(2687)
HDL-1007 : undeclared symbol 'open_n223', assumed default net type 'wire' in ../al_ip/ip_ram_sim.v(2687)
HDL-1007 : undeclared symbol 'open_n224', assumed default net type 'wire' in ../al_ip/ip_ram_sim.v(2687)
HDL-1007 : undeclared symbol 'open_n225', assumed default net type 'wire' in ../al_ip/ip_ram_sim.v(2687)
HDL-1007 : undeclared symbol 'open_n226', assumed default net type 'wire' in ../al_ip/ip_ram_sim.v(2718)
HDL-1007 : undeclared symbol 'open_n227', assumed default net type 'wire' in ../al_ip/ip_ram_sim.v(2718)
HDL-1007 : undeclared symbol 'open_n228', assumed default net type 'wire' in ../al_ip/ip_ram_sim.v(2718)
HDL-1007 : undeclared symbol 'open_n229', assumed default net type 'wire' in ../al_ip/ip_ram_sim.v(2718)
HDL-1007 : undeclared symbol 'open_n230', assumed default net type 'wire' in ../al_ip/ip_ram_sim.v(2718)
HDL-1007 : undeclared symbol 'open_n231', assumed default net type 'wire' in ../al_ip/ip_ram_sim.v(2718)
HDL-1007 : undeclared symbol 'open_n232', assumed default net type 'wire' in ../al_ip/ip_ram_sim.v(2718)
HDL-1007 : undeclared symbol 'open_n233', assumed default net type 'wire' in ../al_ip/ip_ram_sim.v(2718)
HDL-1007 : undeclared symbol 'open_n257', assumed default net type 'wire' in ../al_ip/ip_ram_sim.v(2720)
HDL-1007 : undeclared symbol 'open_n258', assumed default net type 'wire' in ../al_ip/ip_ram_sim.v(2720)
HDL-1007 : undeclared symbol 'open_n259', assumed default net type 'wire' in ../al_ip/ip_ram_sim.v(2720)
HDL-1007 : undeclared symbol 'open_n260', assumed default net type 'wire' in ../al_ip/ip_ram_sim.v(2720)
HDL-1007 : undeclared symbol 'open_n261', assumed default net type 'wire' in ../al_ip/ip_ram_sim.v(2720)
HDL-1007 : undeclared symbol 'open_n262', assumed default net type 'wire' in ../al_ip/ip_ram_sim.v(2720)
HDL-1007 : undeclared symbol 'open_n263', assumed default net type 'wire' in ../al_ip/ip_ram_sim.v(2720)
HDL-1007 : undeclared symbol 'open_n264', assumed default net type 'wire' in ../al_ip/ip_ram_sim.v(2720)
HDL-1007 : undeclared symbol 'open_n265', assumed default net type 'wire' in ../al_ip/ip_ram_sim.v(2751)
HDL-1007 : undeclared symbol 'open_n266', assumed default net type 'wire' in ../al_ip/ip_ram_sim.v(2751)
HDL-1007 : undeclared symbol 'open_n267', assumed default net type 'wire' in ../al_ip/ip_ram_sim.v(2751)
HDL-1007 : undeclared symbol 'open_n268', assumed default net type 'wire' in ../al_ip/ip_ram_sim.v(2751)
HDL-1007 : undeclared symbol 'open_n269', assumed default net type 'wire' in ../al_ip/ip_ram_sim.v(2751)
HDL-1007 : undeclared symbol 'open_n270', assumed default net type 'wire' in ../al_ip/ip_ram_sim.v(2751)
HDL-1007 : undeclared symbol 'open_n271', assumed default net type 'wire' in ../al_ip/ip_ram_sim.v(2751)
HDL-1007 : undeclared symbol 'open_n272', assumed default net type 'wire' in ../al_ip/ip_ram_sim.v(2751)
HDL-1007 : undeclared symbol 'open_n296', assumed default net type 'wire' in ../al_ip/ip_ram_sim.v(2753)
HDL-1007 : undeclared symbol 'open_n297', assumed default net type 'wire' in ../al_ip/ip_ram_sim.v(2753)
HDL-1007 : undeclared symbol 'open_n298', assumed default net type 'wire' in ../al_ip/ip_ram_sim.v(2753)
HDL-1007 : undeclared symbol 'open_n299', assumed default net type 'wire' in ../al_ip/ip_ram_sim.v(2753)
HDL-1007 : undeclared symbol 'open_n300', assumed default net type 'wire' in ../al_ip/ip_ram_sim.v(2753)
HDL-1007 : undeclared symbol 'open_n301', assumed default net type 'wire' in ../al_ip/ip_ram_sim.v(2753)
HDL-1007 : undeclared symbol 'open_n302', assumed default net type 'wire' in ../al_ip/ip_ram_sim.v(2753)
HDL-1007 : undeclared symbol 'open_n303', assumed default net type 'wire' in ../al_ip/ip_ram_sim.v(2753)
HDL-1007 : undeclared symbol 'open_n304', assumed default net type 'wire' in ../al_ip/ip_ram_sim.v(2784)
HDL-1007 : undeclared symbol 'open_n305', assumed default net type 'wire' in ../al_ip/ip_ram_sim.v(2784)
HDL-1007 : undeclared symbol 'open_n306', assumed default net type 'wire' in ../al_ip/ip_ram_sim.v(2784)
HDL-1007 : undeclared symbol 'open_n307', assumed default net type 'wire' in ../al_ip/ip_ram_sim.v(2784)
HDL-1007 : undeclared symbol 'open_n308', assumed default net type 'wire' in ../al_ip/ip_ram_sim.v(2784)
HDL-1007 : undeclared symbol 'open_n309', assumed default net type 'wire' in ../al_ip/ip_ram_sim.v(2784)
HDL-1007 : undeclared symbol 'open_n310', assumed default net type 'wire' in ../al_ip/ip_ram_sim.v(2784)
HDL-1007 : undeclared symbol 'open_n311', assumed default net type 'wire' in ../al_ip/ip_ram_sim.v(2784)
HDL-1007 : undeclared symbol 'open_n335', assumed default net type 'wire' in ../al_ip/ip_ram_sim.v(2786)
HDL-1007 : undeclared symbol 'open_n336', assumed default net type 'wire' in ../al_ip/ip_ram_sim.v(2786)
HDL-1007 : undeclared symbol 'open_n337', assumed default net type 'wire' in ../al_ip/ip_ram_sim.v(2786)
HDL-1007 : undeclared symbol 'open_n338', assumed default net type 'wire' in ../al_ip/ip_ram_sim.v(2786)
HDL-1007 : undeclared symbol 'open_n339', assumed default net type 'wire' in ../al_ip/ip_ram_sim.v(2786)
HDL-1007 : undeclared symbol 'open_n340', assumed default net type 'wire' in ../al_ip/ip_ram_sim.v(2786)
HDL-1007 : undeclared symbol 'open_n341', assumed default net type 'wire' in ../al_ip/ip_ram_sim.v(2786)
HDL-1007 : undeclared symbol 'open_n342', assumed default net type 'wire' in ../al_ip/ip_ram_sim.v(2786)
HDL-1007 : undeclared symbol 'open_n527', assumed default net type 'wire' in ../al_ip/ip_ram_sim.v(3081)
HDL-1007 : undeclared symbol 'open_n528', assumed default net type 'wire' in ../al_ip/ip_ram_sim.v(3081)
HDL-1007 : undeclared symbol 'open_n529', assumed default net type 'wire' in ../al_ip/ip_ram_sim.v(3081)
HDL-1007 : undeclared symbol 'open_n530', assumed default net type 'wire' in ../al_ip/ip_ram_sim.v(3081)
HDL-1007 : undeclared symbol 'open_n531', assumed default net type 'wire' in ../al_ip/ip_ram_sim.v(3081)
HDL-1007 : undeclared symbol 'open_n532', assumed default net type 'wire' in ../al_ip/ip_ram_sim.v(3081)
HDL-1007 : undeclared symbol 'open_n533', assumed default net type 'wire' in ../al_ip/ip_ram_sim.v(3081)
HDL-1007 : undeclared symbol 'open_n534', assumed default net type 'wire' in ../al_ip/ip_ram_sim.v(3081)
HDL-1007 : undeclared symbol 'open_n558', assumed default net type 'wire' in ../al_ip/ip_ram_sim.v(3083)
HDL-1007 : undeclared symbol 'open_n559', assumed default net type 'wire' in ../al_ip/ip_ram_sim.v(3083)
HDL-1007 : undeclared symbol 'open_n560', assumed default net type 'wire' in ../al_ip/ip_ram_sim.v(3083)
HDL-1007 : undeclared symbol 'open_n561', assumed default net type 'wire' in ../al_ip/ip_ram_sim.v(3083)
HDL-1007 : undeclared symbol 'open_n562', assumed default net type 'wire' in ../al_ip/ip_ram_sim.v(3083)
HDL-1007 : undeclared symbol 'open_n563', assumed default net type 'wire' in ../al_ip/ip_ram_sim.v(3083)
HDL-1007 : undeclared symbol 'open_n564', assumed default net type 'wire' in ../al_ip/ip_ram_sim.v(3083)
HDL-1007 : undeclared symbol 'open_n565', assumed default net type 'wire' in ../al_ip/ip_ram_sim.v(3083)
HDL-1007 : undeclared symbol 'open_n566', assumed default net type 'wire' in ../al_ip/ip_ram_sim.v(3114)
HDL-1007 : undeclared symbol 'open_n567', assumed default net type 'wire' in ../al_ip/ip_ram_sim.v(3114)
HDL-1007 : undeclared symbol 'open_n568', assumed default net type 'wire' in ../al_ip/ip_ram_sim.v(3114)
HDL-1007 : undeclared symbol 'open_n569', assumed default net type 'wire' in ../al_ip/ip_ram_sim.v(3114)
HDL-1007 : undeclared symbol 'open_n570', assumed default net type 'wire' in ../al_ip/ip_ram_sim.v(3114)
HDL-1007 : undeclared symbol 'open_n571', assumed default net type 'wire' in ../al_ip/ip_ram_sim.v(3114)
HDL-1007 : undeclared symbol 'open_n572', assumed default net type 'wire' in ../al_ip/ip_ram_sim.v(3114)
HDL-1007 : undeclared symbol 'open_n573', assumed default net type 'wire' in ../al_ip/ip_ram_sim.v(3114)
HDL-1007 : undeclared symbol 'open_n597', assumed default net type 'wire' in ../al_ip/ip_ram_sim.v(3116)
HDL-1007 : undeclared symbol 'open_n598', assumed default net type 'wire' in ../al_ip/ip_ram_sim.v(3116)
HDL-1007 : undeclared symbol 'open_n599', assumed default net type 'wire' in ../al_ip/ip_ram_sim.v(3116)
HDL-1007 : undeclared symbol 'open_n600', assumed default net type 'wire' in ../al_ip/ip_ram_sim.v(3116)
HDL-1007 : undeclared symbol 'open_n601', assumed default net type 'wire' in ../al_ip/ip_ram_sim.v(3116)
HDL-1007 : undeclared symbol 'open_n602', assumed default net type 'wire' in ../al_ip/ip_ram_sim.v(3116)
HDL-1007 : undeclared symbol 'open_n603', assumed default net type 'wire' in ../al_ip/ip_ram_sim.v(3116)
HDL-1007 : undeclared symbol 'open_n604', assumed default net type 'wire' in ../al_ip/ip_ram_sim.v(3116)
HDL-1007 : undeclared symbol 'open_n605', assumed default net type 'wire' in ../al_ip/ip_ram_sim.v(3147)
HDL-1007 : undeclared symbol 'open_n606', assumed default net type 'wire' in ../al_ip/ip_ram_sim.v(3147)
HDL-1007 : undeclared symbol 'open_n607', assumed default net type 'wire' in ../al_ip/ip_ram_sim.v(3147)
HDL-1007 : undeclared symbol 'open_n608', assumed default net type 'wire' in ../al_ip/ip_ram_sim.v(3147)
HDL-1007 : undeclared symbol 'open_n609', assumed default net type 'wire' in ../al_ip/ip_ram_sim.v(3147)
HDL-1007 : undeclared symbol 'open_n610', assumed default net type 'wire' in ../al_ip/ip_ram_sim.v(3147)
HDL-1007 : undeclared symbol 'open_n611', assumed default net type 'wire' in ../al_ip/ip_ram_sim.v(3147)
HDL-1007 : undeclared symbol 'open_n612', assumed default net type 'wire' in ../al_ip/ip_ram_sim.v(3147)
HDL-1007 : undeclared symbol 'open_n636', assumed default net type 'wire' in ../al_ip/ip_ram_sim.v(3149)
HDL-1007 : undeclared symbol 'open_n637', assumed default net type 'wire' in ../al_ip/ip_ram_sim.v(3149)
HDL-1007 : undeclared symbol 'open_n638', assumed default net type 'wire' in ../al_ip/ip_ram_sim.v(3149)
HDL-1007 : undeclared symbol 'open_n639', assumed default net type 'wire' in ../al_ip/ip_ram_sim.v(3149)
HDL-1007 : undeclared symbol 'open_n640', assumed default net type 'wire' in ../al_ip/ip_ram_sim.v(3149)
HDL-1007 : undeclared symbol 'open_n641', assumed default net type 'wire' in ../al_ip/ip_ram_sim.v(3149)
HDL-1007 : undeclared symbol 'open_n642', assumed default net type 'wire' in ../al_ip/ip_ram_sim.v(3149)
HDL-1007 : undeclared symbol 'open_n643', assumed default net type 'wire' in ../al_ip/ip_ram_sim.v(3149)
HDL-1007 : undeclared symbol 'open_n644', assumed default net type 'wire' in ../al_ip/ip_ram_sim.v(3180)
HDL-1007 : undeclared symbol 'open_n645', assumed default net type 'wire' in ../al_ip/ip_ram_sim.v(3180)
HDL-1007 : undeclared symbol 'open_n646', assumed default net type 'wire' in ../al_ip/ip_ram_sim.v(3180)
HDL-1007 : undeclared symbol 'open_n647', assumed default net type 'wire' in ../al_ip/ip_ram_sim.v(3180)
HDL-1007 : undeclared symbol 'open_n648', assumed default net type 'wire' in ../al_ip/ip_ram_sim.v(3180)
HDL-1007 : undeclared symbol 'open_n649', assumed default net type 'wire' in ../al_ip/ip_ram_sim.v(3180)
HDL-1007 : undeclared symbol 'open_n650', assumed default net type 'wire' in ../al_ip/ip_ram_sim.v(3180)
HDL-1007 : undeclared symbol 'open_n651', assumed default net type 'wire' in ../al_ip/ip_ram_sim.v(3180)
HDL-1007 : undeclared symbol 'open_n675', assumed default net type 'wire' in ../al_ip/ip_ram_sim.v(3182)
HDL-1007 : undeclared symbol 'open_n676', assumed default net type 'wire' in ../al_ip/ip_ram_sim.v(3182)
HDL-1007 : undeclared symbol 'open_n677', assumed default net type 'wire' in ../al_ip/ip_ram_sim.v(3182)
HDL-1007 : undeclared symbol 'open_n678', assumed default net type 'wire' in ../al_ip/ip_ram_sim.v(3182)
HDL-1007 : undeclared symbol 'open_n679', assumed default net type 'wire' in ../al_ip/ip_ram_sim.v(3182)
HDL-1007 : undeclared symbol 'open_n680', assumed default net type 'wire' in ../al_ip/ip_ram_sim.v(3182)
HDL-1007 : undeclared symbol 'open_n681', assumed default net type 'wire' in ../al_ip/ip_ram_sim.v(3182)
HDL-1007 : undeclared symbol 'open_n682', assumed default net type 'wire' in ../al_ip/ip_ram_sim.v(3182)
HDL-1007 : undeclared symbol 'open_n683', assumed default net type 'wire' in ../al_ip/ip_ram_sim.v(3213)
HDL-1007 : undeclared symbol 'open_n684', assumed default net type 'wire' in ../al_ip/ip_ram_sim.v(3213)
HDL-1007 : undeclared symbol 'open_n685', assumed default net type 'wire' in ../al_ip/ip_ram_sim.v(3213)
HDL-1007 : undeclared symbol 'open_n686', assumed default net type 'wire' in ../al_ip/ip_ram_sim.v(3213)
HDL-1007 : undeclared symbol 'open_n687', assumed default net type 'wire' in ../al_ip/ip_ram_sim.v(3213)
HDL-1007 : undeclared symbol 'open_n688', assumed default net type 'wire' in ../al_ip/ip_ram_sim.v(3213)
HDL-1007 : undeclared symbol 'open_n689', assumed default net type 'wire' in ../al_ip/ip_ram_sim.v(3213)
HDL-1007 : undeclared symbol 'open_n690', assumed default net type 'wire' in ../al_ip/ip_ram_sim.v(3213)
HDL-1007 : undeclared symbol 'open_n714', assumed default net type 'wire' in ../al_ip/ip_ram_sim.v(3215)
HDL-1007 : undeclared symbol 'open_n715', assumed default net type 'wire' in ../al_ip/ip_ram_sim.v(3215)
HDL-1007 : undeclared symbol 'open_n716', assumed default net type 'wire' in ../al_ip/ip_ram_sim.v(3215)
HDL-1007 : undeclared symbol 'open_n717', assumed default net type 'wire' in ../al_ip/ip_ram_sim.v(3215)
HDL-1007 : undeclared symbol 'open_n718', assumed default net type 'wire' in ../al_ip/ip_ram_sim.v(3215)
HDL-1007 : undeclared symbol 'open_n719', assumed default net type 'wire' in ../al_ip/ip_ram_sim.v(3215)
HDL-1007 : undeclared symbol 'open_n720', assumed default net type 'wire' in ../al_ip/ip_ram_sim.v(3215)
HDL-1007 : undeclared symbol 'open_n721', assumed default net type 'wire' in ../al_ip/ip_ram_sim.v(3215)
HDL-1007 : undeclared symbol 'open_n722', assumed default net type 'wire' in ../al_ip/ip_ram_sim.v(3246)
HDL-1007 : undeclared symbol 'open_n723', assumed default net type 'wire' in ../al_ip/ip_ram_sim.v(3246)
HDL-1007 : undeclared symbol 'open_n724', assumed default net type 'wire' in ../al_ip/ip_ram_sim.v(3246)
HDL-1007 : undeclared symbol 'open_n725', assumed default net type 'wire' in ../al_ip/ip_ram_sim.v(3246)
HDL-1007 : undeclared symbol 'open_n726', assumed default net type 'wire' in ../al_ip/ip_ram_sim.v(3246)
HDL-1007 : undeclared symbol 'open_n727', assumed default net type 'wire' in ../al_ip/ip_ram_sim.v(3246)
HDL-1007 : undeclared symbol 'open_n728', assumed default net type 'wire' in ../al_ip/ip_ram_sim.v(3246)
HDL-1007 : undeclared symbol 'open_n729', assumed default net type 'wire' in ../al_ip/ip_ram_sim.v(3246)
HDL-1007 : undeclared symbol 'open_n753', assumed default net type 'wire' in ../al_ip/ip_ram_sim.v(3248)
HDL-1007 : undeclared symbol 'open_n754', assumed default net type 'wire' in ../al_ip/ip_ram_sim.v(3248)
HDL-1007 : undeclared symbol 'open_n755', assumed default net type 'wire' in ../al_ip/ip_ram_sim.v(3248)
HDL-1007 : undeclared symbol 'open_n756', assumed default net type 'wire' in ../al_ip/ip_ram_sim.v(3248)
HDL-1007 : undeclared symbol 'open_n757', assumed default net type 'wire' in ../al_ip/ip_ram_sim.v(3248)
HDL-1007 : undeclared symbol 'open_n758', assumed default net type 'wire' in ../al_ip/ip_ram_sim.v(3248)
HDL-1007 : undeclared symbol 'open_n759', assumed default net type 'wire' in ../al_ip/ip_ram_sim.v(3248)
HDL-1007 : undeclared symbol 'open_n760', assumed default net type 'wire' in ../al_ip/ip_ram_sim.v(3248)
HDL-1007 : undeclared symbol 'open_n761', assumed default net type 'wire' in ../al_ip/ip_ram_sim.v(3279)
HDL-1007 : undeclared symbol 'open_n762', assumed default net type 'wire' in ../al_ip/ip_ram_sim.v(3279)
HDL-1007 : undeclared symbol 'open_n763', assumed default net type 'wire' in ../al_ip/ip_ram_sim.v(3279)
HDL-1007 : undeclared symbol 'open_n764', assumed default net type 'wire' in ../al_ip/ip_ram_sim.v(3279)
HDL-1007 : undeclared symbol 'open_n765', assumed default net type 'wire' in ../al_ip/ip_ram_sim.v(3279)
HDL-1007 : undeclared symbol 'open_n766', assumed default net type 'wire' in ../al_ip/ip_ram_sim.v(3279)
HDL-1007 : undeclared symbol 'open_n767', assumed default net type 'wire' in ../al_ip/ip_ram_sim.v(3279)
HDL-1007 : undeclared symbol 'open_n768', assumed default net type 'wire' in ../al_ip/ip_ram_sim.v(3279)
HDL-1007 : undeclared symbol 'open_n792', assumed default net type 'wire' in ../al_ip/ip_ram_sim.v(3281)
HDL-1007 : undeclared symbol 'open_n793', assumed default net type 'wire' in ../al_ip/ip_ram_sim.v(3281)
HDL-1007 : undeclared symbol 'open_n794', assumed default net type 'wire' in ../al_ip/ip_ram_sim.v(3281)
HDL-1007 : undeclared symbol 'open_n795', assumed default net type 'wire' in ../al_ip/ip_ram_sim.v(3281)
HDL-1007 : undeclared symbol 'open_n796', assumed default net type 'wire' in ../al_ip/ip_ram_sim.v(3281)
HDL-1007 : undeclared symbol 'open_n797', assumed default net type 'wire' in ../al_ip/ip_ram_sim.v(3281)
HDL-1007 : undeclared symbol 'open_n798', assumed default net type 'wire' in ../al_ip/ip_ram_sim.v(3281)
HDL-1007 : undeclared symbol 'open_n799', assumed default net type 'wire' in ../al_ip/ip_ram_sim.v(3281)
HDL-1007 : undeclared symbol 'open_n984', assumed default net type 'wire' in ../al_ip/ip_ram_sim.v(3576)
HDL-1007 : undeclared symbol 'open_n985', assumed default net type 'wire' in ../al_ip/ip_ram_sim.v(3576)
HDL-1007 : undeclared symbol 'open_n986', assumed default net type 'wire' in ../al_ip/ip_ram_sim.v(3576)
HDL-1007 : undeclared symbol 'open_n987', assumed default net type 'wire' in ../al_ip/ip_ram_sim.v(3576)
HDL-1007 : undeclared symbol 'open_n988', assumed default net type 'wire' in ../al_ip/ip_ram_sim.v(3576)
HDL-1007 : undeclared symbol 'open_n989', assumed default net type 'wire' in ../al_ip/ip_ram_sim.v(3576)
HDL-1007 : undeclared symbol 'open_n990', assumed default net type 'wire' in ../al_ip/ip_ram_sim.v(3576)
HDL-1007 : undeclared symbol 'open_n991', assumed default net type 'wire' in ../al_ip/ip_ram_sim.v(3576)
HDL-1007 : undeclared symbol 'open_n1015', assumed default net type 'wire' in ../al_ip/ip_ram_sim.v(3578)
HDL-1007 : undeclared symbol 'open_n1016', assumed default net type 'wire' in ../al_ip/ip_ram_sim.v(3578)
HDL-1007 : undeclared symbol 'open_n1017', assumed default net type 'wire' in ../al_ip/ip_ram_sim.v(3578)
HDL-1007 : undeclared symbol 'open_n1018', assumed default net type 'wire' in ../al_ip/ip_ram_sim.v(3578)
HDL-1007 : undeclared symbol 'open_n1019', assumed default net type 'wire' in ../al_ip/ip_ram_sim.v(3578)
HDL-1007 : undeclared symbol 'open_n1020', assumed default net type 'wire' in ../al_ip/ip_ram_sim.v(3578)
HDL-1007 : undeclared symbol 'open_n1021', assumed default net type 'wire' in ../al_ip/ip_ram_sim.v(3578)
HDL-1007 : undeclared symbol 'open_n1022', assumed default net type 'wire' in ../al_ip/ip_ram_sim.v(3578)
HDL-1007 : undeclared symbol 'open_n1023', assumed default net type 'wire' in ../al_ip/ip_ram_sim.v(3609)
HDL-1007 : undeclared symbol 'open_n1024', assumed default net type 'wire' in ../al_ip/ip_ram_sim.v(3609)
HDL-1007 : undeclared symbol 'open_n1025', assumed default net type 'wire' in ../al_ip/ip_ram_sim.v(3609)
HDL-1007 : undeclared symbol 'open_n1026', assumed default net type 'wire' in ../al_ip/ip_ram_sim.v(3609)
HDL-1007 : undeclared symbol 'open_n1027', assumed default net type 'wire' in ../al_ip/ip_ram_sim.v(3609)
HDL-1007 : undeclared symbol 'open_n1028', assumed default net type 'wire' in ../al_ip/ip_ram_sim.v(3609)
HDL-1007 : undeclared symbol 'open_n1029', assumed default net type 'wire' in ../al_ip/ip_ram_sim.v(3609)
HDL-1007 : undeclared symbol 'open_n1030', assumed default net type 'wire' in ../al_ip/ip_ram_sim.v(3609)
HDL-1007 : undeclared symbol 'open_n1054', assumed default net type 'wire' in ../al_ip/ip_ram_sim.v(3611)
HDL-1007 : undeclared symbol 'open_n1055', assumed default net type 'wire' in ../al_ip/ip_ram_sim.v(3611)
HDL-1007 : undeclared symbol 'open_n1056', assumed default net type 'wire' in ../al_ip/ip_ram_sim.v(3611)
HDL-1007 : undeclared symbol 'open_n1057', assumed default net type 'wire' in ../al_ip/ip_ram_sim.v(3611)
HDL-1007 : undeclared symbol 'open_n1058', assumed default net type 'wire' in ../al_ip/ip_ram_sim.v(3611)
HDL-1007 : undeclared symbol 'open_n1059', assumed default net type 'wire' in ../al_ip/ip_ram_sim.v(3611)
HDL-1007 : undeclared symbol 'open_n1060', assumed default net type 'wire' in ../al_ip/ip_ram_sim.v(3611)
HDL-1007 : undeclared symbol 'open_n1061', assumed default net type 'wire' in ../al_ip/ip_ram_sim.v(3611)
HDL-1007 : undeclared symbol 'open_n1062', assumed default net type 'wire' in ../al_ip/ip_ram_sim.v(3642)
HDL-1007 : undeclared symbol 'open_n1063', assumed default net type 'wire' in ../al_ip/ip_ram_sim.v(3642)
HDL-1007 : undeclared symbol 'open_n1064', assumed default net type 'wire' in ../al_ip/ip_ram_sim.v(3642)
HDL-1007 : undeclared symbol 'open_n1065', assumed default net type 'wire' in ../al_ip/ip_ram_sim.v(3642)
HDL-1007 : undeclared symbol 'open_n1066', assumed default net type 'wire' in ../al_ip/ip_ram_sim.v(3642)
HDL-1007 : undeclared symbol 'open_n1067', assumed default net type 'wire' in ../al_ip/ip_ram_sim.v(3642)
HDL-1007 : undeclared symbol 'open_n1068', assumed default net type 'wire' in ../al_ip/ip_ram_sim.v(3642)
HDL-1007 : undeclared symbol 'open_n1069', assumed default net type 'wire' in ../al_ip/ip_ram_sim.v(3642)
HDL-1007 : undeclared symbol 'open_n1093', assumed default net type 'wire' in ../al_ip/ip_ram_sim.v(3644)
HDL-1007 : undeclared symbol 'open_n1094', assumed default net type 'wire' in ../al_ip/ip_ram_sim.v(3644)
HDL-1007 : undeclared symbol 'open_n1095', assumed default net type 'wire' in ../al_ip/ip_ram_sim.v(3644)
HDL-1007 : undeclared symbol 'open_n1096', assumed default net type 'wire' in ../al_ip/ip_ram_sim.v(3644)
HDL-1007 : undeclared symbol 'open_n1097', assumed default net type 'wire' in ../al_ip/ip_ram_sim.v(3644)
HDL-1007 : undeclared symbol 'open_n1098', assumed default net type 'wire' in ../al_ip/ip_ram_sim.v(3644)
HDL-1007 : undeclared symbol 'open_n1099', assumed default net type 'wire' in ../al_ip/ip_ram_sim.v(3644)
HDL-1007 : undeclared symbol 'open_n1100', assumed default net type 'wire' in ../al_ip/ip_ram_sim.v(3644)
HDL-1007 : undeclared symbol 'open_n1101', assumed default net type 'wire' in ../al_ip/ip_ram_sim.v(3675)
HDL-1007 : undeclared symbol 'open_n1102', assumed default net type 'wire' in ../al_ip/ip_ram_sim.v(3675)
HDL-1007 : undeclared symbol 'open_n1103', assumed default net type 'wire' in ../al_ip/ip_ram_sim.v(3675)
HDL-1007 : undeclared symbol 'open_n1104', assumed default net type 'wire' in ../al_ip/ip_ram_sim.v(3675)
HDL-1007 : undeclared symbol 'open_n1105', assumed default net type 'wire' in ../al_ip/ip_ram_sim.v(3675)
HDL-1007 : undeclared symbol 'open_n1106', assumed default net type 'wire' in ../al_ip/ip_ram_sim.v(3675)
HDL-1007 : undeclared symbol 'open_n1107', assumed default net type 'wire' in ../al_ip/ip_ram_sim.v(3675)
HDL-1007 : undeclared symbol 'open_n1108', assumed default net type 'wire' in ../al_ip/ip_ram_sim.v(3675)
HDL-1007 : undeclared symbol 'open_n1132', assumed default net type 'wire' in ../al_ip/ip_ram_sim.v(3677)
HDL-1007 : undeclared symbol 'open_n1133', assumed default net type 'wire' in ../al_ip/ip_ram_sim.v(3677)
HDL-1007 : undeclared symbol 'open_n1134', assumed default net type 'wire' in ../al_ip/ip_ram_sim.v(3677)
HDL-1007 : undeclared symbol 'open_n1135', assumed default net type 'wire' in ../al_ip/ip_ram_sim.v(3677)
HDL-1007 : undeclared symbol 'open_n1136', assumed default net type 'wire' in ../al_ip/ip_ram_sim.v(3677)
HDL-1007 : undeclared symbol 'open_n1137', assumed default net type 'wire' in ../al_ip/ip_ram_sim.v(3677)
HDL-1007 : undeclared symbol 'open_n1138', assumed default net type 'wire' in ../al_ip/ip_ram_sim.v(3677)
HDL-1007 : undeclared symbol 'open_n1139', assumed default net type 'wire' in ../al_ip/ip_ram_sim.v(3677)
HDL-1007 : undeclared symbol 'open_n1140', assumed default net type 'wire' in ../al_ip/ip_ram_sim.v(3708)
HDL-1007 : undeclared symbol 'open_n1141', assumed default net type 'wire' in ../al_ip/ip_ram_sim.v(3708)
HDL-1007 : undeclared symbol 'open_n1142', assumed default net type 'wire' in ../al_ip/ip_ram_sim.v(3708)
HDL-1007 : undeclared symbol 'open_n1143', assumed default net type 'wire' in ../al_ip/ip_ram_sim.v(3708)
HDL-1007 : undeclared symbol 'open_n1144', assumed default net type 'wire' in ../al_ip/ip_ram_sim.v(3708)
HDL-1007 : undeclared symbol 'open_n1145', assumed default net type 'wire' in ../al_ip/ip_ram_sim.v(3708)
HDL-1007 : undeclared symbol 'open_n1146', assumed default net type 'wire' in ../al_ip/ip_ram_sim.v(3708)
HDL-1007 : undeclared symbol 'open_n1147', assumed default net type 'wire' in ../al_ip/ip_ram_sim.v(3708)
HDL-1007 : undeclared symbol 'open_n1171', assumed default net type 'wire' in ../al_ip/ip_ram_sim.v(3710)
HDL-1007 : undeclared symbol 'open_n1172', assumed default net type 'wire' in ../al_ip/ip_ram_sim.v(3710)
HDL-1007 : undeclared symbol 'open_n1173', assumed default net type 'wire' in ../al_ip/ip_ram_sim.v(3710)
HDL-1007 : undeclared symbol 'open_n1174', assumed default net type 'wire' in ../al_ip/ip_ram_sim.v(3710)
HDL-1007 : undeclared symbol 'open_n1175', assumed default net type 'wire' in ../al_ip/ip_ram_sim.v(3710)
HDL-1007 : undeclared symbol 'open_n1176', assumed default net type 'wire' in ../al_ip/ip_ram_sim.v(3710)
HDL-1007 : undeclared symbol 'open_n1177', assumed default net type 'wire' in ../al_ip/ip_ram_sim.v(3710)
HDL-1007 : undeclared symbol 'open_n1178', assumed default net type 'wire' in ../al_ip/ip_ram_sim.v(3710)
HDL-1007 : undeclared symbol 'open_n1179', assumed default net type 'wire' in ../al_ip/ip_ram_sim.v(3741)
HDL-1007 : undeclared symbol 'open_n1180', assumed default net type 'wire' in ../al_ip/ip_ram_sim.v(3741)
HDL-1007 : undeclared symbol 'open_n1181', assumed default net type 'wire' in ../al_ip/ip_ram_sim.v(3741)
HDL-1007 : undeclared symbol 'open_n1182', assumed default net type 'wire' in ../al_ip/ip_ram_sim.v(3741)
HDL-1007 : undeclared symbol 'open_n1183', assumed default net type 'wire' in ../al_ip/ip_ram_sim.v(3741)
HDL-1007 : undeclared symbol 'open_n1184', assumed default net type 'wire' in ../al_ip/ip_ram_sim.v(3741)
HDL-1007 : undeclared symbol 'open_n1185', assumed default net type 'wire' in ../al_ip/ip_ram_sim.v(3741)
HDL-1007 : undeclared symbol 'open_n1186', assumed default net type 'wire' in ../al_ip/ip_ram_sim.v(3741)
HDL-1007 : undeclared symbol 'open_n1210', assumed default net type 'wire' in ../al_ip/ip_ram_sim.v(3743)
HDL-1007 : undeclared symbol 'open_n1211', assumed default net type 'wire' in ../al_ip/ip_ram_sim.v(3743)
HDL-1007 : undeclared symbol 'open_n1212', assumed default net type 'wire' in ../al_ip/ip_ram_sim.v(3743)
HDL-1007 : undeclared symbol 'open_n1213', assumed default net type 'wire' in ../al_ip/ip_ram_sim.v(3743)
HDL-1007 : undeclared symbol 'open_n1214', assumed default net type 'wire' in ../al_ip/ip_ram_sim.v(3743)
HDL-1007 : undeclared symbol 'open_n1215', assumed default net type 'wire' in ../al_ip/ip_ram_sim.v(3743)
HDL-1007 : undeclared symbol 'open_n1216', assumed default net type 'wire' in ../al_ip/ip_ram_sim.v(3743)
HDL-1007 : undeclared symbol 'open_n1217', assumed default net type 'wire' in ../al_ip/ip_ram_sim.v(3743)
HDL-1007 : undeclared symbol 'open_n1218', assumed default net type 'wire' in ../al_ip/ip_ram_sim.v(3774)
HDL-1007 : undeclared symbol 'open_n1219', assumed default net type 'wire' in ../al_ip/ip_ram_sim.v(3774)
HDL-1007 : undeclared symbol 'open_n1220', assumed default net type 'wire' in ../al_ip/ip_ram_sim.v(3774)
HDL-1007 : undeclared symbol 'open_n1221', assumed default net type 'wire' in ../al_ip/ip_ram_sim.v(3774)
HDL-1007 : undeclared symbol 'open_n1222', assumed default net type 'wire' in ../al_ip/ip_ram_sim.v(3774)
HDL-1007 : undeclared symbol 'open_n1223', assumed default net type 'wire' in ../al_ip/ip_ram_sim.v(3774)
HDL-1007 : undeclared symbol 'open_n1224', assumed default net type 'wire' in ../al_ip/ip_ram_sim.v(3774)
HDL-1007 : undeclared symbol 'open_n1225', assumed default net type 'wire' in ../al_ip/ip_ram_sim.v(3774)
HDL-1007 : undeclared symbol 'open_n1249', assumed default net type 'wire' in ../al_ip/ip_ram_sim.v(3776)
HDL-1007 : undeclared symbol 'open_n1250', assumed default net type 'wire' in ../al_ip/ip_ram_sim.v(3776)
HDL-1007 : undeclared symbol 'open_n1251', assumed default net type 'wire' in ../al_ip/ip_ram_sim.v(3776)
HDL-1007 : undeclared symbol 'open_n1252', assumed default net type 'wire' in ../al_ip/ip_ram_sim.v(3776)
HDL-1007 : undeclared symbol 'open_n1253', assumed default net type 'wire' in ../al_ip/ip_ram_sim.v(3776)
HDL-1007 : undeclared symbol 'open_n1254', assumed default net type 'wire' in ../al_ip/ip_ram_sim.v(3776)
HDL-1007 : undeclared symbol 'open_n1255', assumed default net type 'wire' in ../al_ip/ip_ram_sim.v(3776)
HDL-1007 : undeclared symbol 'open_n1256', assumed default net type 'wire' in ../al_ip/ip_ram_sim.v(3776)
HDL-1007 : undeclared symbol 'open_n1441', assumed default net type 'wire' in ../al_ip/ip_ram_sim.v(4071)
HDL-1007 : undeclared symbol 'open_n1442', assumed default net type 'wire' in ../al_ip/ip_ram_sim.v(4071)
HDL-1007 : undeclared symbol 'open_n1443', assumed default net type 'wire' in ../al_ip/ip_ram_sim.v(4071)
HDL-1007 : undeclared symbol 'open_n1444', assumed default net type 'wire' in ../al_ip/ip_ram_sim.v(4071)
HDL-1007 : undeclared symbol 'open_n1445', assumed default net type 'wire' in ../al_ip/ip_ram_sim.v(4071)
HDL-1007 : undeclared symbol 'open_n1446', assumed default net type 'wire' in ../al_ip/ip_ram_sim.v(4071)
HDL-1007 : undeclared symbol 'open_n1447', assumed default net type 'wire' in ../al_ip/ip_ram_sim.v(4071)
HDL-1007 : undeclared symbol 'open_n1448', assumed default net type 'wire' in ../al_ip/ip_ram_sim.v(4071)
HDL-1007 : undeclared symbol 'open_n1472', assumed default net type 'wire' in ../al_ip/ip_ram_sim.v(4073)
HDL-1007 : undeclared symbol 'open_n1473', assumed default net type 'wire' in ../al_ip/ip_ram_sim.v(4073)
HDL-1007 : undeclared symbol 'open_n1474', assumed default net type 'wire' in ../al_ip/ip_ram_sim.v(4073)
HDL-1007 : undeclared symbol 'open_n1475', assumed default net type 'wire' in ../al_ip/ip_ram_sim.v(4073)
HDL-1007 : undeclared symbol 'open_n1476', assumed default net type 'wire' in ../al_ip/ip_ram_sim.v(4073)
HDL-1007 : undeclared symbol 'open_n1477', assumed default net type 'wire' in ../al_ip/ip_ram_sim.v(4073)
HDL-1007 : undeclared symbol 'open_n1478', assumed default net type 'wire' in ../al_ip/ip_ram_sim.v(4073)
HDL-1007 : undeclared symbol 'open_n1479', assumed default net type 'wire' in ../al_ip/ip_ram_sim.v(4073)
HDL-1007 : undeclared symbol 'open_n1480', assumed default net type 'wire' in ../al_ip/ip_ram_sim.v(4104)
HDL-1007 : undeclared symbol 'open_n1481', assumed default net type 'wire' in ../al_ip/ip_ram_sim.v(4104)
HDL-1007 : undeclared symbol 'open_n1482', assumed default net type 'wire' in ../al_ip/ip_ram_sim.v(4104)
HDL-1007 : undeclared symbol 'open_n1483', assumed default net type 'wire' in ../al_ip/ip_ram_sim.v(4104)
HDL-1007 : undeclared symbol 'open_n1484', assumed default net type 'wire' in ../al_ip/ip_ram_sim.v(4104)
HDL-1007 : undeclared symbol 'open_n1485', assumed default net type 'wire' in ../al_ip/ip_ram_sim.v(4104)
HDL-1007 : undeclared symbol 'open_n1486', assumed default net type 'wire' in ../al_ip/ip_ram_sim.v(4104)
HDL-1007 : undeclared symbol 'open_n1487', assumed default net type 'wire' in ../al_ip/ip_ram_sim.v(4104)
HDL-1007 : undeclared symbol 'open_n1511', assumed default net type 'wire' in ../al_ip/ip_ram_sim.v(4106)
HDL-1007 : undeclared symbol 'open_n1512', assumed default net type 'wire' in ../al_ip/ip_ram_sim.v(4106)
HDL-1007 : undeclared symbol 'open_n1513', assumed default net type 'wire' in ../al_ip/ip_ram_sim.v(4106)
HDL-1007 : undeclared symbol 'open_n1514', assumed default net type 'wire' in ../al_ip/ip_ram_sim.v(4106)
HDL-1007 : undeclared symbol 'open_n1515', assumed default net type 'wire' in ../al_ip/ip_ram_sim.v(4106)
HDL-1007 : undeclared symbol 'open_n1516', assumed default net type 'wire' in ../al_ip/ip_ram_sim.v(4106)
HDL-1007 : undeclared symbol 'open_n1517', assumed default net type 'wire' in ../al_ip/ip_ram_sim.v(4106)
HDL-1007 : undeclared symbol 'open_n1518', assumed default net type 'wire' in ../al_ip/ip_ram_sim.v(4106)
HDL-1007 : undeclared symbol 'open_n1519', assumed default net type 'wire' in ../al_ip/ip_ram_sim.v(4137)
HDL-1007 : undeclared symbol 'open_n1520', assumed default net type 'wire' in ../al_ip/ip_ram_sim.v(4137)
HDL-1007 : undeclared symbol 'open_n1521', assumed default net type 'wire' in ../al_ip/ip_ram_sim.v(4137)
HDL-1007 : undeclared symbol 'open_n1522', assumed default net type 'wire' in ../al_ip/ip_ram_sim.v(4137)
HDL-1007 : undeclared symbol 'open_n1523', assumed default net type 'wire' in ../al_ip/ip_ram_sim.v(4137)
HDL-1007 : undeclared symbol 'open_n1524', assumed default net type 'wire' in ../al_ip/ip_ram_sim.v(4137)
HDL-1007 : undeclared symbol 'open_n1525', assumed default net type 'wire' in ../al_ip/ip_ram_sim.v(4137)
HDL-1007 : undeclared symbol 'open_n1526', assumed default net type 'wire' in ../al_ip/ip_ram_sim.v(4137)
HDL-1007 : undeclared symbol 'open_n1550', assumed default net type 'wire' in ../al_ip/ip_ram_sim.v(4139)
HDL-1007 : undeclared symbol 'open_n1551', assumed default net type 'wire' in ../al_ip/ip_ram_sim.v(4139)
HDL-1007 : undeclared symbol 'open_n1552', assumed default net type 'wire' in ../al_ip/ip_ram_sim.v(4139)
HDL-1007 : undeclared symbol 'open_n1553', assumed default net type 'wire' in ../al_ip/ip_ram_sim.v(4139)
HDL-1007 : undeclared symbol 'open_n1554', assumed default net type 'wire' in ../al_ip/ip_ram_sim.v(4139)
HDL-1007 : undeclared symbol 'open_n1555', assumed default net type 'wire' in ../al_ip/ip_ram_sim.v(4139)
HDL-1007 : undeclared symbol 'open_n1556', assumed default net type 'wire' in ../al_ip/ip_ram_sim.v(4139)
HDL-1007 : undeclared symbol 'open_n1557', assumed default net type 'wire' in ../al_ip/ip_ram_sim.v(4139)
HDL-1007 : undeclared symbol 'open_n1558', assumed default net type 'wire' in ../al_ip/ip_ram_sim.v(4170)
HDL-1007 : undeclared symbol 'open_n1559', assumed default net type 'wire' in ../al_ip/ip_ram_sim.v(4170)
HDL-1007 : undeclared symbol 'open_n1560', assumed default net type 'wire' in ../al_ip/ip_ram_sim.v(4170)
HDL-1007 : undeclared symbol 'open_n1561', assumed default net type 'wire' in ../al_ip/ip_ram_sim.v(4170)
HDL-1007 : undeclared symbol 'open_n1562', assumed default net type 'wire' in ../al_ip/ip_ram_sim.v(4170)
HDL-1007 : undeclared symbol 'open_n1563', assumed default net type 'wire' in ../al_ip/ip_ram_sim.v(4170)
HDL-1007 : undeclared symbol 'open_n1564', assumed default net type 'wire' in ../al_ip/ip_ram_sim.v(4170)
HDL-1007 : undeclared symbol 'open_n1565', assumed default net type 'wire' in ../al_ip/ip_ram_sim.v(4170)
HDL-1007 : undeclared symbol 'open_n1589', assumed default net type 'wire' in ../al_ip/ip_ram_sim.v(4172)
HDL-1007 : undeclared symbol 'open_n1590', assumed default net type 'wire' in ../al_ip/ip_ram_sim.v(4172)
HDL-1007 : undeclared symbol 'open_n1591', assumed default net type 'wire' in ../al_ip/ip_ram_sim.v(4172)
HDL-1007 : undeclared symbol 'open_n1592', assumed default net type 'wire' in ../al_ip/ip_ram_sim.v(4172)
HDL-1007 : undeclared symbol 'open_n1593', assumed default net type 'wire' in ../al_ip/ip_ram_sim.v(4172)
HDL-1007 : undeclared symbol 'open_n1594', assumed default net type 'wire' in ../al_ip/ip_ram_sim.v(4172)
HDL-1007 : undeclared symbol 'open_n1595', assumed default net type 'wire' in ../al_ip/ip_ram_sim.v(4172)
HDL-1007 : undeclared symbol 'open_n1596', assumed default net type 'wire' in ../al_ip/ip_ram_sim.v(4172)
HDL-1007 : undeclared symbol 'open_n1597', assumed default net type 'wire' in ../al_ip/ip_ram_sim.v(4203)
HDL-1007 : undeclared symbol 'open_n1598', assumed default net type 'wire' in ../al_ip/ip_ram_sim.v(4203)
HDL-1007 : undeclared symbol 'open_n1599', assumed default net type 'wire' in ../al_ip/ip_ram_sim.v(4203)
HDL-1007 : undeclared symbol 'open_n1600', assumed default net type 'wire' in ../al_ip/ip_ram_sim.v(4203)
HDL-1007 : undeclared symbol 'open_n1601', assumed default net type 'wire' in ../al_ip/ip_ram_sim.v(4203)
HDL-1007 : undeclared symbol 'open_n1602', assumed default net type 'wire' in ../al_ip/ip_ram_sim.v(4203)
HDL-1007 : undeclared symbol 'open_n1603', assumed default net type 'wire' in ../al_ip/ip_ram_sim.v(4203)
HDL-1007 : undeclared symbol 'open_n1604', assumed default net type 'wire' in ../al_ip/ip_ram_sim.v(4203)
HDL-1007 : undeclared symbol 'open_n1628', assumed default net type 'wire' in ../al_ip/ip_ram_sim.v(4205)
HDL-1007 : undeclared symbol 'open_n1629', assumed default net type 'wire' in ../al_ip/ip_ram_sim.v(4205)
HDL-1007 : undeclared symbol 'open_n1630', assumed default net type 'wire' in ../al_ip/ip_ram_sim.v(4205)
HDL-1007 : undeclared symbol 'open_n1631', assumed default net type 'wire' in ../al_ip/ip_ram_sim.v(4205)
HDL-1007 : undeclared symbol 'open_n1632', assumed default net type 'wire' in ../al_ip/ip_ram_sim.v(4205)
HDL-1007 : undeclared symbol 'open_n1633', assumed default net type 'wire' in ../al_ip/ip_ram_sim.v(4205)
HDL-1007 : undeclared symbol 'open_n1634', assumed default net type 'wire' in ../al_ip/ip_ram_sim.v(4205)
HDL-1007 : undeclared symbol 'open_n1635', assumed default net type 'wire' in ../al_ip/ip_ram_sim.v(4205)
HDL-1007 : undeclared symbol 'open_n1636', assumed default net type 'wire' in ../al_ip/ip_ram_sim.v(4236)
HDL-1007 : undeclared symbol 'open_n1637', assumed default net type 'wire' in ../al_ip/ip_ram_sim.v(4236)
HDL-1007 : undeclared symbol 'open_n1638', assumed default net type 'wire' in ../al_ip/ip_ram_sim.v(4236)
HDL-1007 : undeclared symbol 'open_n1639', assumed default net type 'wire' in ../al_ip/ip_ram_sim.v(4236)
HDL-1007 : undeclared symbol 'open_n1640', assumed default net type 'wire' in ../al_ip/ip_ram_sim.v(4236)
HDL-1007 : undeclared symbol 'open_n1641', assumed default net type 'wire' in ../al_ip/ip_ram_sim.v(4236)
HDL-1007 : undeclared symbol 'open_n1642', assumed default net type 'wire' in ../al_ip/ip_ram_sim.v(4236)
HDL-1007 : undeclared symbol 'open_n1643', assumed default net type 'wire' in ../al_ip/ip_ram_sim.v(4236)
HDL-1007 : undeclared symbol 'open_n1667', assumed default net type 'wire' in ../al_ip/ip_ram_sim.v(4238)
HDL-1007 : undeclared symbol 'open_n1668', assumed default net type 'wire' in ../al_ip/ip_ram_sim.v(4238)
HDL-1007 : undeclared symbol 'open_n1669', assumed default net type 'wire' in ../al_ip/ip_ram_sim.v(4238)
HDL-1007 : undeclared symbol 'open_n1670', assumed default net type 'wire' in ../al_ip/ip_ram_sim.v(4238)
HDL-1007 : undeclared symbol 'open_n1671', assumed default net type 'wire' in ../al_ip/ip_ram_sim.v(4238)
HDL-1007 : undeclared symbol 'open_n1672', assumed default net type 'wire' in ../al_ip/ip_ram_sim.v(4238)
HDL-1007 : undeclared symbol 'open_n1673', assumed default net type 'wire' in ../al_ip/ip_ram_sim.v(4238)
HDL-1007 : undeclared symbol 'open_n1674', assumed default net type 'wire' in ../al_ip/ip_ram_sim.v(4238)
HDL-1007 : undeclared symbol 'open_n1675', assumed default net type 'wire' in ../al_ip/ip_ram_sim.v(4269)
HDL-1007 : undeclared symbol 'open_n1676', assumed default net type 'wire' in ../al_ip/ip_ram_sim.v(4269)
HDL-1007 : undeclared symbol 'open_n1677', assumed default net type 'wire' in ../al_ip/ip_ram_sim.v(4269)
HDL-1007 : undeclared symbol 'open_n1678', assumed default net type 'wire' in ../al_ip/ip_ram_sim.v(4269)
HDL-1007 : undeclared symbol 'open_n1679', assumed default net type 'wire' in ../al_ip/ip_ram_sim.v(4269)
HDL-1007 : undeclared symbol 'open_n1680', assumed default net type 'wire' in ../al_ip/ip_ram_sim.v(4269)
HDL-1007 : undeclared symbol 'open_n1681', assumed default net type 'wire' in ../al_ip/ip_ram_sim.v(4269)
HDL-1007 : undeclared symbol 'open_n1682', assumed default net type 'wire' in ../al_ip/ip_ram_sim.v(4269)
HDL-1007 : undeclared symbol 'open_n1706', assumed default net type 'wire' in ../al_ip/ip_ram_sim.v(4271)
HDL-1007 : undeclared symbol 'open_n1707', assumed default net type 'wire' in ../al_ip/ip_ram_sim.v(4271)
HDL-1007 : undeclared symbol 'open_n1708', assumed default net type 'wire' in ../al_ip/ip_ram_sim.v(4271)
HDL-1007 : undeclared symbol 'open_n1709', assumed default net type 'wire' in ../al_ip/ip_ram_sim.v(4271)
HDL-1007 : undeclared symbol 'open_n1710', assumed default net type 'wire' in ../al_ip/ip_ram_sim.v(4271)
HDL-1007 : undeclared symbol 'open_n1711', assumed default net type 'wire' in ../al_ip/ip_ram_sim.v(4271)
HDL-1007 : undeclared symbol 'open_n1712', assumed default net type 'wire' in ../al_ip/ip_ram_sim.v(4271)
HDL-1007 : undeclared symbol 'open_n1713', assumed default net type 'wire' in ../al_ip/ip_ram_sim.v(4271)
HDL-1007 : undeclared symbol 'open_n1877', assumed default net type 'wire' in ../al_ip/ip_ram_sim.v(4534)
HDL-1007 : undeclared symbol 'open_n1878', assumed default net type 'wire' in ../al_ip/ip_ram_sim.v(4534)
HDL-1007 : undeclared symbol 'open_n1884', assumed default net type 'wire' in ../al_ip/ip_ram_sim.v(4537)
HDL-1007 : undeclared symbol 'open_n1885', assumed default net type 'wire' in ../al_ip/ip_ram_sim.v(4537)
HDL-7201 CRITICAL-WARNING: overwrite current module 'img_cache' in ../al_ip/ip_ram_sim.v(5)
HDL-7307 CRITICAL-WARNING: previous definition of design element module 'img_cache' is here. This is because multiple modules(values) with the same name are defined. Please consider rewriting code in ../al_ip/ip_ram.v(14)
HDL-1007 : analyze verilog file ../al_ip/ip_rom.v
HDL-1007 : analyze verilog file ../al_ip/ip_sdram.v
HDL-1007 : analyze verilog file ../al_ip/RAM03_512.v
HDL-1007 : analyze verilog file ../al_ip/RAM04_1024.v
HDL-1007 : analyze verilog file ../al_ip/RAM12_128.v
HDL-1007 : analyze verilog file ../al_ip/RAM12_512.v
HDL-1007 : analyze verilog file ../al_ip/RAM12_1024.v
HDL-1007 : analyze verilog file ../al_ip/RAM14_256.v
HDL-1007 : analyze verilog file ../al_ip/RAM20_191.v
HDL-8007 ERROR: 'glbl' is not declared in ../al_ip/ip_ram_sim.v(14770)
RUN-1002 : start command "commit_param -step design"
RUN-1001 : Print Global Property
RUN-1001 : --------------------------------------------------------
RUN-1001 :   Parameters   |  Settings  |  Default Values  |  Note  
RUN-1001 : --------------------------------------------------------
RUN-1001 :   enable_seed  |    off     |       off        |        
RUN-1001 :     message    |  standard  |     standard     |        
RUN-1001 :   qor_monitor  |     on     |        on        |        
RUN-1001 :   syn_ip_flow  |    off     |       off        |        
RUN-1001 :     thread     |    auto    |       auto       |        
RUN-1001 : --------------------------------------------------------
RUN-1001 : Print Design Property
RUN-1001 : ----------------------------------------------------------------
RUN-1001 :       Parameters       |  Settings  |  Default Values  |  Note  
RUN-1001 : ----------------------------------------------------------------
RUN-1001 :   default_reg_initial  |    auto    |       auto       |        
RUN-1001 :    hdl_warning_level   |   normal   |      normal      |        
RUN-1001 : ----------------------------------------------------------------
HDL-1007 : analyze verilog file CNN_READ.v
HDL-1007 : analyze verilog file CNN_L1_221009.v
HDL-1007 : analyze verilog file test_ram_read.v
HDL-5007 WARNING: /* is inside a comment in test_ram_read.v(123)
HDL-1007 : analyze verilog file POOL_CORE.v
HDL-1007 : analyze verilog file CNN3.v
HDL-1007 : analyze verilog file POOL3.v
HDL-1007 : analyze verilog file POOL_READ_P1.v
HDL-1007 : analyze verilog file CNN_READ_C2.v
HDL-1007 : analyze verilog file POOL_READ_P2.v
HDL-1007 : analyze verilog file RGB2GRAY.v
HDL-1007 : analyze verilog file PRE_LAYER.v
HDL-1007 : analyze verilog file READ_RAMP2.v
HDL-1007 : analyze verilog file conv1.v
HDL-1007 : analyze verilog file pool1_layer.v
HDL-1007 : analyze verilog file conv2.v
HDL-1007 : analyze verilog file full_layer.v
HDL-1007 : analyze verilog file conv1_layer1.v
HDL-1007 : analyze verilog file conv2_layer2.v
HDL-1007 : analyze verilog file pool_core0.v
HDL-1007 : analyze verilog file output_layer.v
HDL-1007 : analyze verilog file test_camera.v
HDL-1007 : analyze verilog file camera_init.v
HDL-1007 : undeclared symbol 'clk_div', assumed default net type 'wire' in camera_init.v(74)
HDL-1007 : analyze verilog file camera_reader.v
HDL-1007 : analyze verilog file CNN1_vga.v
HDL-1007 : analyze verilog file i2c_module.v
HDL-1007 : analyze verilog file lcd_sync.v
HDL-1007 : analyze verilog file lcd_sync_Y.v
HDL-1007 : analyze verilog file ../al_ip/01.v
HDL-1007 : analyze verilog file ../al_ip/02.v
HDL-1007 : analyze verilog file ../al_ip/ip_fifo.v
HDL-1007 : analyze verilog file ../al_ip/ip_fifo_sim.v
HDL-1007 : undeclared symbol 'open_n47', assumed default net type 'wire' in ../al_ip/ip_fifo_sim.v(61)
HDL-1007 : undeclared symbol 'open_n48', assumed default net type 'wire' in ../al_ip/ip_fifo_sim.v(61)
HDL-1007 : undeclared symbol 'open_n49', assumed default net type 'wire' in ../al_ip/ip_fifo_sim.v(61)
HDL-1007 : undeclared symbol 'open_n50', assumed default net type 'wire' in ../al_ip/ip_fifo_sim.v(61)
HDL-1007 : undeclared symbol 'open_n51', assumed default net type 'wire' in ../al_ip/ip_fifo_sim.v(61)
HDL-1007 : undeclared symbol 'open_n52', assumed default net type 'wire' in ../al_ip/ip_fifo_sim.v(61)
HDL-1007 : undeclared symbol 'open_n53', assumed default net type 'wire' in ../al_ip/ip_fifo_sim.v(61)
HDL-1007 : undeclared symbol 'open_n54', assumed default net type 'wire' in ../al_ip/ip_fifo_sim.v(61)
HDL-1007 : undeclared symbol 'open_n75', assumed default net type 'wire' in ../al_ip/ip_fifo_sim.v(68)
HDL-1007 : undeclared symbol 'open_n76', assumed default net type 'wire' in ../al_ip/ip_fifo_sim.v(68)
HDL-1007 : undeclared symbol 'open_n77', assumed default net type 'wire' in ../al_ip/ip_fifo_sim.v(68)
HDL-1007 : undeclared symbol 'open_n78', assumed default net type 'wire' in ../al_ip/ip_fifo_sim.v(68)
HDL-1007 : undeclared symbol 'open_n79', assumed default net type 'wire' in ../al_ip/ip_fifo_sim.v(68)
HDL-1007 : undeclared symbol 'open_n80', assumed default net type 'wire' in ../al_ip/ip_fifo_sim.v(68)
HDL-1007 : undeclared symbol 'open_n81', assumed default net type 'wire' in ../al_ip/ip_fifo_sim.v(68)
HDL-1007 : undeclared symbol 'open_n82', assumed default net type 'wire' in ../al_ip/ip_fifo_sim.v(93)
HDL-1007 : undeclared symbol 'open_n83', assumed default net type 'wire' in ../al_ip/ip_fifo_sim.v(93)
HDL-1007 : undeclared symbol 'open_n84', assumed default net type 'wire' in ../al_ip/ip_fifo_sim.v(93)
HDL-1007 : undeclared symbol 'open_n85', assumed default net type 'wire' in ../al_ip/ip_fifo_sim.v(93)
HDL-1007 : undeclared symbol 'open_n86', assumed default net type 'wire' in ../al_ip/ip_fifo_sim.v(93)
HDL-1007 : undeclared symbol 'open_n87', assumed default net type 'wire' in ../al_ip/ip_fifo_sim.v(93)
HDL-1007 : undeclared symbol 'open_n88', assumed default net type 'wire' in ../al_ip/ip_fifo_sim.v(93)
HDL-1007 : undeclared symbol 'open_n89', assumed default net type 'wire' in ../al_ip/ip_fifo_sim.v(93)
HDL-1007 : undeclared symbol 'open_n110', assumed default net type 'wire' in ../al_ip/ip_fifo_sim.v(100)
HDL-1007 : undeclared symbol 'open_n111', assumed default net type 'wire' in ../al_ip/ip_fifo_sim.v(100)
HDL-1007 : undeclared symbol 'open_n112', assumed default net type 'wire' in ../al_ip/ip_fifo_sim.v(100)
HDL-1007 : undeclared symbol 'open_n113', assumed default net type 'wire' in ../al_ip/ip_fifo_sim.v(100)
HDL-1007 : undeclared symbol 'open_n114', assumed default net type 'wire' in ../al_ip/ip_fifo_sim.v(100)
HDL-1007 : undeclared symbol 'open_n115', assumed default net type 'wire' in ../al_ip/ip_fifo_sim.v(100)
HDL-1007 : undeclared symbol 'open_n116', assumed default net type 'wire' in ../al_ip/ip_fifo_sim.v(100)
HDL-1007 : undeclared symbol 'open_n119', assumed default net type 'wire' in ../al_ip/ip_fifo_sim.v(123)
HDL-1007 : undeclared symbol 'open_n120', assumed default net type 'wire' in ../al_ip/ip_fifo_sim.v(123)
HDL-1007 : undeclared symbol 'open_n121', assumed default net type 'wire' in ../al_ip/ip_fifo_sim.v(123)
HDL-1007 : undeclared symbol 'open_n122', assumed default net type 'wire' in ../al_ip/ip_fifo_sim.v(123)
HDL-1007 : undeclared symbol 'open_n123', assumed default net type 'wire' in ../al_ip/ip_fifo_sim.v(123)
HDL-1007 : undeclared symbol 'open_n124', assumed default net type 'wire' in ../al_ip/ip_fifo_sim.v(123)
HDL-1007 : undeclared symbol 'open_n125', assumed default net type 'wire' in ../al_ip/ip_fifo_sim.v(123)
HDL-1007 : undeclared symbol 'open_n126', assumed default net type 'wire' in ../al_ip/ip_fifo_sim.v(123)
HDL-1007 : undeclared symbol 'open_n147', assumed default net type 'wire' in ../al_ip/ip_fifo_sim.v(130)
HDL-1007 : undeclared symbol 'open_n148', assumed default net type 'wire' in ../al_ip/ip_fifo_sim.v(130)
HDL-1007 : undeclared symbol 'open_n149', assumed default net type 'wire' in ../al_ip/ip_fifo_sim.v(130)
HDL-1007 : undeclared symbol 'open_n150', assumed default net type 'wire' in ../al_ip/ip_fifo_sim.v(130)
HDL-1007 : undeclared symbol 'open_n151', assumed default net type 'wire' in ../al_ip/ip_fifo_sim.v(130)
HDL-1007 : undeclared symbol 'open_n152', assumed default net type 'wire' in ../al_ip/ip_fifo_sim.v(130)
HDL-1007 : undeclared symbol 'open_n153', assumed default net type 'wire' in ../al_ip/ip_fifo_sim.v(130)
HDL-1007 : undeclared symbol 'open_n156', assumed default net type 'wire' in ../al_ip/ip_fifo_sim.v(153)
HDL-1007 : undeclared symbol 'open_n157', assumed default net type 'wire' in ../al_ip/ip_fifo_sim.v(153)
HDL-1007 : undeclared symbol 'open_n158', assumed default net type 'wire' in ../al_ip/ip_fifo_sim.v(153)
HDL-1007 : undeclared symbol 'open_n159', assumed default net type 'wire' in ../al_ip/ip_fifo_sim.v(153)
HDL-1007 : undeclared symbol 'open_n160', assumed default net type 'wire' in ../al_ip/ip_fifo_sim.v(153)
HDL-1007 : undeclared symbol 'open_n161', assumed default net type 'wire' in ../al_ip/ip_fifo_sim.v(153)
HDL-1007 : undeclared symbol 'open_n162', assumed default net type 'wire' in ../al_ip/ip_fifo_sim.v(153)
HDL-1007 : undeclared symbol 'open_n163', assumed default net type 'wire' in ../al_ip/ip_fifo_sim.v(153)
HDL-1007 : undeclared symbol 'open_n184', assumed default net type 'wire' in ../al_ip/ip_fifo_sim.v(160)
HDL-1007 : undeclared symbol 'open_n185', assumed default net type 'wire' in ../al_ip/ip_fifo_sim.v(160)
HDL-1007 : undeclared symbol 'open_n186', assumed default net type 'wire' in ../al_ip/ip_fifo_sim.v(160)
HDL-1007 : undeclared symbol 'open_n187', assumed default net type 'wire' in ../al_ip/ip_fifo_sim.v(160)
HDL-1007 : undeclared symbol 'open_n188', assumed default net type 'wire' in ../al_ip/ip_fifo_sim.v(160)
HDL-1007 : undeclared symbol 'open_n189', assumed default net type 'wire' in ../al_ip/ip_fifo_sim.v(160)
HDL-1007 : undeclared symbol 'open_n190', assumed default net type 'wire' in ../al_ip/ip_fifo_sim.v(160)
HDL-1007 : undeclared symbol 'open_n193', assumed default net type 'wire' in ../al_ip/ip_fifo_sim.v(183)
HDL-1007 : undeclared symbol 'open_n194', assumed default net type 'wire' in ../al_ip/ip_fifo_sim.v(183)
HDL-1007 : undeclared symbol 'open_n195', assumed default net type 'wire' in ../al_ip/ip_fifo_sim.v(183)
HDL-1007 : undeclared symbol 'open_n196', assumed default net type 'wire' in ../al_ip/ip_fifo_sim.v(183)
HDL-1007 : undeclared symbol 'open_n197', assumed default net type 'wire' in ../al_ip/ip_fifo_sim.v(183)
HDL-1007 : undeclared symbol 'open_n198', assumed default net type 'wire' in ../al_ip/ip_fifo_sim.v(183)
HDL-1007 : undeclared symbol 'open_n199', assumed default net type 'wire' in ../al_ip/ip_fifo_sim.v(183)
HDL-1007 : undeclared symbol 'open_n200', assumed default net type 'wire' in ../al_ip/ip_fifo_sim.v(183)
HDL-1007 : undeclared symbol 'open_n221', assumed default net type 'wire' in ../al_ip/ip_fifo_sim.v(190)
HDL-1007 : undeclared symbol 'open_n222', assumed default net type 'wire' in ../al_ip/ip_fifo_sim.v(190)
HDL-1007 : undeclared symbol 'open_n223', assumed default net type 'wire' in ../al_ip/ip_fifo_sim.v(190)
HDL-1007 : undeclared symbol 'open_n224', assumed default net type 'wire' in ../al_ip/ip_fifo_sim.v(190)
HDL-1007 : undeclared symbol 'open_n225', assumed default net type 'wire' in ../al_ip/ip_fifo_sim.v(190)
HDL-1007 : undeclared symbol 'open_n226', assumed default net type 'wire' in ../al_ip/ip_fifo_sim.v(190)
HDL-1007 : undeclared symbol 'open_n227', assumed default net type 'wire' in ../al_ip/ip_fifo_sim.v(190)
HDL-1007 : undeclared symbol 'open_n230', assumed default net type 'wire' in ../al_ip/ip_fifo_sim.v(213)
HDL-1007 : undeclared symbol 'open_n231', assumed default net type 'wire' in ../al_ip/ip_fifo_sim.v(213)
HDL-1007 : undeclared symbol 'open_n232', assumed default net type 'wire' in ../al_ip/ip_fifo_sim.v(213)
HDL-1007 : undeclared symbol 'open_n233', assumed default net type 'wire' in ../al_ip/ip_fifo_sim.v(213)
HDL-1007 : undeclared symbol 'open_n234', assumed default net type 'wire' in ../al_ip/ip_fifo_sim.v(213)
HDL-1007 : undeclared symbol 'open_n235', assumed default net type 'wire' in ../al_ip/ip_fifo_sim.v(213)
HDL-1007 : undeclared symbol 'open_n236', assumed default net type 'wire' in ../al_ip/ip_fifo_sim.v(213)
HDL-1007 : undeclared symbol 'open_n237', assumed default net type 'wire' in ../al_ip/ip_fifo_sim.v(213)
HDL-1007 : undeclared symbol 'open_n258', assumed default net type 'wire' in ../al_ip/ip_fifo_sim.v(220)
HDL-1007 : undeclared symbol 'open_n259', assumed default net type 'wire' in ../al_ip/ip_fifo_sim.v(220)
HDL-1007 : undeclared symbol 'open_n260', assumed default net type 'wire' in ../al_ip/ip_fifo_sim.v(220)
HDL-1007 : undeclared symbol 'open_n261', assumed default net type 'wire' in ../al_ip/ip_fifo_sim.v(220)
HDL-1007 : undeclared symbol 'open_n262', assumed default net type 'wire' in ../al_ip/ip_fifo_sim.v(220)
HDL-1007 : undeclared symbol 'open_n263', assumed default net type 'wire' in ../al_ip/ip_fifo_sim.v(220)
HDL-1007 : undeclared symbol 'open_n264', assumed default net type 'wire' in ../al_ip/ip_fifo_sim.v(220)
HDL-1007 : undeclared symbol 'open_n267', assumed default net type 'wire' in ../al_ip/ip_fifo_sim.v(243)
HDL-1007 : undeclared symbol 'open_n268', assumed default net type 'wire' in ../al_ip/ip_fifo_sim.v(243)
HDL-1007 : undeclared symbol 'open_n269', assumed default net type 'wire' in ../al_ip/ip_fifo_sim.v(243)
HDL-1007 : undeclared symbol 'open_n270', assumed default net type 'wire' in ../al_ip/ip_fifo_sim.v(243)
HDL-1007 : undeclared symbol 'open_n271', assumed default net type 'wire' in ../al_ip/ip_fifo_sim.v(243)
HDL-1007 : undeclared symbol 'open_n272', assumed default net type 'wire' in ../al_ip/ip_fifo_sim.v(243)
HDL-1007 : undeclared symbol 'open_n273', assumed default net type 'wire' in ../al_ip/ip_fifo_sim.v(243)
HDL-1007 : undeclared symbol 'open_n274', assumed default net type 'wire' in ../al_ip/ip_fifo_sim.v(243)
HDL-1007 : undeclared symbol 'open_n295', assumed default net type 'wire' in ../al_ip/ip_fifo_sim.v(250)
HDL-1007 : undeclared symbol 'open_n296', assumed default net type 'wire' in ../al_ip/ip_fifo_sim.v(250)
HDL-1007 : undeclared symbol 'open_n297', assumed default net type 'wire' in ../al_ip/ip_fifo_sim.v(250)
HDL-1007 : undeclared symbol 'open_n298', assumed default net type 'wire' in ../al_ip/ip_fifo_sim.v(250)
HDL-1007 : undeclared symbol 'open_n299', assumed default net type 'wire' in ../al_ip/ip_fifo_sim.v(250)
HDL-1007 : undeclared symbol 'open_n300', assumed default net type 'wire' in ../al_ip/ip_fifo_sim.v(250)
HDL-1007 : undeclared symbol 'open_n301', assumed default net type 'wire' in ../al_ip/ip_fifo_sim.v(250)
HDL-1007 : undeclared symbol 'open_n304', assumed default net type 'wire' in ../al_ip/ip_fifo_sim.v(273)
HDL-1007 : undeclared symbol 'open_n305', assumed default net type 'wire' in ../al_ip/ip_fifo_sim.v(273)
HDL-1007 : undeclared symbol 'open_n306', assumed default net type 'wire' in ../al_ip/ip_fifo_sim.v(273)
HDL-1007 : undeclared symbol 'open_n307', assumed default net type 'wire' in ../al_ip/ip_fifo_sim.v(273)
HDL-1007 : undeclared symbol 'open_n308', assumed default net type 'wire' in ../al_ip/ip_fifo_sim.v(273)
HDL-1007 : undeclared symbol 'open_n309', assumed default net type 'wire' in ../al_ip/ip_fifo_sim.v(273)
HDL-1007 : undeclared symbol 'open_n310', assumed default net type 'wire' in ../al_ip/ip_fifo_sim.v(273)
HDL-1007 : undeclared symbol 'open_n311', assumed default net type 'wire' in ../al_ip/ip_fifo_sim.v(273)
HDL-1007 : undeclared symbol 'open_n332', assumed default net type 'wire' in ../al_ip/ip_fifo_sim.v(280)
HDL-1007 : undeclared symbol 'open_n333', assumed default net type 'wire' in ../al_ip/ip_fifo_sim.v(280)
HDL-1007 : undeclared symbol 'open_n334', assumed default net type 'wire' in ../al_ip/ip_fifo_sim.v(280)
HDL-1007 : undeclared symbol 'open_n335', assumed default net type 'wire' in ../al_ip/ip_fifo_sim.v(280)
HDL-1007 : undeclared symbol 'open_n336', assumed default net type 'wire' in ../al_ip/ip_fifo_sim.v(280)
HDL-1007 : undeclared symbol 'open_n337', assumed default net type 'wire' in ../al_ip/ip_fifo_sim.v(280)
HDL-1007 : undeclared symbol 'open_n338', assumed default net type 'wire' in ../al_ip/ip_fifo_sim.v(280)
HDL-7201 CRITICAL-WARNING: overwrite current module 'img_fifo' in ../al_ip/ip_fifo_sim.v(5)
HDL-7307 CRITICAL-WARNING: previous definition of design element module 'img_fifo' is here. This is because multiple modules(values) with the same name are defined. Please consider rewriting code in ../al_ip/ip_fifo.v(14)
HDL-1007 : analyze verilog file ../al_ip/ip_pll.v
HDL-1007 : undeclared symbol 'open', assumed default net type 'wire' in ../al_ip/ip_pll.v(70)
HDL-1007 : analyze verilog file ../al_ip/ip_pll_sim.v
HDL-1007 : undeclared symbol 'open_n47', assumed default net type 'wire' in ../al_ip/ip_pll_sim.v(108)
HDL-1007 : undeclared symbol 'open_n48', assumed default net type 'wire' in ../al_ip/ip_pll_sim.v(108)
HDL-7201 CRITICAL-WARNING: overwrite current module 'ip_pll' in ../al_ip/ip_pll_sim.v(5)
HDL-7307 CRITICAL-WARNING: previous definition of design element module 'ip_pll' is here. This is because multiple modules(values) with the same name are defined. Please consider rewriting code in ../al_ip/ip_pll.v(24)
HDL-1007 : analyze verilog file ../al_ip/ip_ram.v
HDL-1007 : analyze verilog file ../al_ip/ip_rom.v
HDL-1007 : analyze verilog file ../al_ip/ip_sdram.v
HDL-1007 : analyze verilog file ../al_ip/RAM03_512.v
HDL-1007 : analyze verilog file ../al_ip/RAM04_1024.v
HDL-1007 : analyze verilog file ../al_ip/RAM12_128.v
HDL-1007 : analyze verilog file ../al_ip/RAM12_512.v
HDL-1007 : analyze verilog file ../al_ip/RAM12_1024.v
HDL-1007 : analyze verilog file ../al_ip/RAM14_256.v
HDL-1007 : analyze verilog file ../al_ip/RAM20_191.v
PRJ-1412 : reset_run syn_1 phy_1.
PRJ-1409 : launch_runs syn_1 phy_1  -jobs 6.
PRJ-5303 WARNING: Run syn_1 failed.
RUN-1002 : start command "save_best_bits"
RUN-1002 : start command "commit_param -step design"
RUN-1001 : Print Global Property
RUN-1001 : --------------------------------------------------------
RUN-1001 :   Parameters   |  Settings  |  Default Values  |  Note  
RUN-1001 : --------------------------------------------------------
RUN-1001 :   enable_seed  |    off     |       off        |        
RUN-1001 :     message    |  standard  |     standard     |        
RUN-1001 :   qor_monitor  |     on     |        on        |        
RUN-1001 :   syn_ip_flow  |    off     |       off        |        
RUN-1001 :     thread     |    auto    |       auto       |        
RUN-1001 : --------------------------------------------------------
RUN-1001 : Print Design Property
RUN-1001 : ----------------------------------------------------------------
RUN-1001 :       Parameters       |  Settings  |  Default Values  |  Note  
RUN-1001 : ----------------------------------------------------------------
RUN-1001 :   default_reg_initial  |    auto    |       auto       |        
RUN-1001 :    hdl_warning_level   |   normal   |      normal      |        
RUN-1001 : ----------------------------------------------------------------
HDL-1007 : analyze verilog file CNN_READ.v
HDL-1007 : analyze verilog file CNN_L1_221009.v
HDL-1007 : analyze verilog file test_ram_read.v
HDL-5007 WARNING: /* is inside a comment in test_ram_read.v(123)
HDL-1007 : analyze verilog file POOL_CORE.v
HDL-1007 : analyze verilog file CNN3.v
HDL-1007 : analyze verilog file POOL3.v
HDL-1007 : analyze verilog file POOL_READ_P1.v
HDL-1007 : analyze verilog file CNN_READ_C2.v
HDL-1007 : analyze verilog file POOL_READ_P2.v
HDL-1007 : analyze verilog file RGB2GRAY.v
HDL-1007 : analyze verilog file PRE_LAYER.v
HDL-1007 : analyze verilog file READ_RAMP2.v
HDL-1007 : analyze verilog file conv1.v
HDL-1007 : analyze verilog file pool1_layer.v
HDL-1007 : analyze verilog file conv2.v
HDL-1007 : analyze verilog file full_layer.v
HDL-1007 : analyze verilog file conv1_layer1.v
HDL-1007 : analyze verilog file conv2_layer2.v
HDL-1007 : analyze verilog file pool_core0.v
HDL-1007 : analyze verilog file output_layer.v
HDL-1007 : analyze verilog file test_camera.v
HDL-1007 : analyze verilog file camera_init.v
HDL-1007 : undeclared symbol 'clk_div', assumed default net type 'wire' in camera_init.v(74)
HDL-1007 : analyze verilog file camera_reader.v
HDL-1007 : analyze verilog file CNN1_vga.v
HDL-1007 : analyze verilog file i2c_module.v
HDL-1007 : analyze verilog file lcd_sync.v
HDL-1007 : analyze verilog file lcd_sync_Y.v
HDL-1007 : analyze verilog file ../al_ip/01.v
HDL-1007 : analyze verilog file ../al_ip/02.v
HDL-1007 : analyze verilog file ../al_ip/ip_fifo.v
HDL-1007 : analyze verilog file ../al_ip/ip_fifo_sim.v
HDL-1007 : undeclared symbol 'open_n47', assumed default net type 'wire' in ../al_ip/ip_fifo_sim.v(61)
HDL-1007 : undeclared symbol 'open_n48', assumed default net type 'wire' in ../al_ip/ip_fifo_sim.v(61)
HDL-1007 : undeclared symbol 'open_n49', assumed default net type 'wire' in ../al_ip/ip_fifo_sim.v(61)
HDL-1007 : undeclared symbol 'open_n50', assumed default net type 'wire' in ../al_ip/ip_fifo_sim.v(61)
HDL-1007 : undeclared symbol 'open_n51', assumed default net type 'wire' in ../al_ip/ip_fifo_sim.v(61)
HDL-1007 : undeclared symbol 'open_n52', assumed default net type 'wire' in ../al_ip/ip_fifo_sim.v(61)
HDL-1007 : undeclared symbol 'open_n53', assumed default net type 'wire' in ../al_ip/ip_fifo_sim.v(61)
HDL-1007 : undeclared symbol 'open_n54', assumed default net type 'wire' in ../al_ip/ip_fifo_sim.v(61)
HDL-1007 : undeclared symbol 'open_n75', assumed default net type 'wire' in ../al_ip/ip_fifo_sim.v(68)
HDL-1007 : undeclared symbol 'open_n76', assumed default net type 'wire' in ../al_ip/ip_fifo_sim.v(68)
HDL-1007 : undeclared symbol 'open_n77', assumed default net type 'wire' in ../al_ip/ip_fifo_sim.v(68)
HDL-1007 : undeclared symbol 'open_n78', assumed default net type 'wire' in ../al_ip/ip_fifo_sim.v(68)
HDL-1007 : undeclared symbol 'open_n79', assumed default net type 'wire' in ../al_ip/ip_fifo_sim.v(68)
HDL-1007 : undeclared symbol 'open_n80', assumed default net type 'wire' in ../al_ip/ip_fifo_sim.v(68)
HDL-1007 : undeclared symbol 'open_n81', assumed default net type 'wire' in ../al_ip/ip_fifo_sim.v(68)
HDL-1007 : undeclared symbol 'open_n82', assumed default net type 'wire' in ../al_ip/ip_fifo_sim.v(93)
HDL-1007 : undeclared symbol 'open_n83', assumed default net type 'wire' in ../al_ip/ip_fifo_sim.v(93)
HDL-1007 : undeclared symbol 'open_n84', assumed default net type 'wire' in ../al_ip/ip_fifo_sim.v(93)
HDL-1007 : undeclared symbol 'open_n85', assumed default net type 'wire' in ../al_ip/ip_fifo_sim.v(93)
HDL-1007 : undeclared symbol 'open_n86', assumed default net type 'wire' in ../al_ip/ip_fifo_sim.v(93)
HDL-1007 : undeclared symbol 'open_n87', assumed default net type 'wire' in ../al_ip/ip_fifo_sim.v(93)
HDL-1007 : undeclared symbol 'open_n88', assumed default net type 'wire' in ../al_ip/ip_fifo_sim.v(93)
HDL-1007 : undeclared symbol 'open_n89', assumed default net type 'wire' in ../al_ip/ip_fifo_sim.v(93)
HDL-1007 : undeclared symbol 'open_n110', assumed default net type 'wire' in ../al_ip/ip_fifo_sim.v(100)
HDL-1007 : undeclared symbol 'open_n111', assumed default net type 'wire' in ../al_ip/ip_fifo_sim.v(100)
HDL-1007 : undeclared symbol 'open_n112', assumed default net type 'wire' in ../al_ip/ip_fifo_sim.v(100)
HDL-1007 : undeclared symbol 'open_n113', assumed default net type 'wire' in ../al_ip/ip_fifo_sim.v(100)
HDL-1007 : undeclared symbol 'open_n114', assumed default net type 'wire' in ../al_ip/ip_fifo_sim.v(100)
HDL-1007 : undeclared symbol 'open_n115', assumed default net type 'wire' in ../al_ip/ip_fifo_sim.v(100)
HDL-1007 : undeclared symbol 'open_n116', assumed default net type 'wire' in ../al_ip/ip_fifo_sim.v(100)
HDL-1007 : undeclared symbol 'open_n119', assumed default net type 'wire' in ../al_ip/ip_fifo_sim.v(123)
HDL-1007 : undeclared symbol 'open_n120', assumed default net type 'wire' in ../al_ip/ip_fifo_sim.v(123)
HDL-1007 : undeclared symbol 'open_n121', assumed default net type 'wire' in ../al_ip/ip_fifo_sim.v(123)
HDL-1007 : undeclared symbol 'open_n122', assumed default net type 'wire' in ../al_ip/ip_fifo_sim.v(123)
HDL-1007 : undeclared symbol 'open_n123', assumed default net type 'wire' in ../al_ip/ip_fifo_sim.v(123)
HDL-1007 : undeclared symbol 'open_n124', assumed default net type 'wire' in ../al_ip/ip_fifo_sim.v(123)
HDL-1007 : undeclared symbol 'open_n125', assumed default net type 'wire' in ../al_ip/ip_fifo_sim.v(123)
HDL-1007 : undeclared symbol 'open_n126', assumed default net type 'wire' in ../al_ip/ip_fifo_sim.v(123)
HDL-1007 : undeclared symbol 'open_n147', assumed default net type 'wire' in ../al_ip/ip_fifo_sim.v(130)
HDL-1007 : undeclared symbol 'open_n148', assumed default net type 'wire' in ../al_ip/ip_fifo_sim.v(130)
HDL-1007 : undeclared symbol 'open_n149', assumed default net type 'wire' in ../al_ip/ip_fifo_sim.v(130)
HDL-1007 : undeclared symbol 'open_n150', assumed default net type 'wire' in ../al_ip/ip_fifo_sim.v(130)
HDL-1007 : undeclared symbol 'open_n151', assumed default net type 'wire' in ../al_ip/ip_fifo_sim.v(130)
HDL-1007 : undeclared symbol 'open_n152', assumed default net type 'wire' in ../al_ip/ip_fifo_sim.v(130)
HDL-1007 : undeclared symbol 'open_n153', assumed default net type 'wire' in ../al_ip/ip_fifo_sim.v(130)
HDL-1007 : undeclared symbol 'open_n156', assumed default net type 'wire' in ../al_ip/ip_fifo_sim.v(153)
HDL-1007 : undeclared symbol 'open_n157', assumed default net type 'wire' in ../al_ip/ip_fifo_sim.v(153)
HDL-1007 : undeclared symbol 'open_n158', assumed default net type 'wire' in ../al_ip/ip_fifo_sim.v(153)
HDL-1007 : undeclared symbol 'open_n159', assumed default net type 'wire' in ../al_ip/ip_fifo_sim.v(153)
HDL-1007 : undeclared symbol 'open_n160', assumed default net type 'wire' in ../al_ip/ip_fifo_sim.v(153)
HDL-1007 : undeclared symbol 'open_n161', assumed default net type 'wire' in ../al_ip/ip_fifo_sim.v(153)
HDL-1007 : undeclared symbol 'open_n162', assumed default net type 'wire' in ../al_ip/ip_fifo_sim.v(153)
HDL-1007 : undeclared symbol 'open_n163', assumed default net type 'wire' in ../al_ip/ip_fifo_sim.v(153)
HDL-1007 : undeclared symbol 'open_n184', assumed default net type 'wire' in ../al_ip/ip_fifo_sim.v(160)
HDL-1007 : undeclared symbol 'open_n185', assumed default net type 'wire' in ../al_ip/ip_fifo_sim.v(160)
HDL-1007 : undeclared symbol 'open_n186', assumed default net type 'wire' in ../al_ip/ip_fifo_sim.v(160)
HDL-1007 : undeclared symbol 'open_n187', assumed default net type 'wire' in ../al_ip/ip_fifo_sim.v(160)
HDL-1007 : undeclared symbol 'open_n188', assumed default net type 'wire' in ../al_ip/ip_fifo_sim.v(160)
HDL-1007 : undeclared symbol 'open_n189', assumed default net type 'wire' in ../al_ip/ip_fifo_sim.v(160)
HDL-1007 : undeclared symbol 'open_n190', assumed default net type 'wire' in ../al_ip/ip_fifo_sim.v(160)
HDL-1007 : undeclared symbol 'open_n193', assumed default net type 'wire' in ../al_ip/ip_fifo_sim.v(183)
HDL-1007 : undeclared symbol 'open_n194', assumed default net type 'wire' in ../al_ip/ip_fifo_sim.v(183)
HDL-1007 : undeclared symbol 'open_n195', assumed default net type 'wire' in ../al_ip/ip_fifo_sim.v(183)
HDL-1007 : undeclared symbol 'open_n196', assumed default net type 'wire' in ../al_ip/ip_fifo_sim.v(183)
HDL-1007 : undeclared symbol 'open_n197', assumed default net type 'wire' in ../al_ip/ip_fifo_sim.v(183)
HDL-1007 : undeclared symbol 'open_n198', assumed default net type 'wire' in ../al_ip/ip_fifo_sim.v(183)
HDL-1007 : undeclared symbol 'open_n199', assumed default net type 'wire' in ../al_ip/ip_fifo_sim.v(183)
HDL-1007 : undeclared symbol 'open_n200', assumed default net type 'wire' in ../al_ip/ip_fifo_sim.v(183)
HDL-1007 : undeclared symbol 'open_n221', assumed default net type 'wire' in ../al_ip/ip_fifo_sim.v(190)
HDL-1007 : undeclared symbol 'open_n222', assumed default net type 'wire' in ../al_ip/ip_fifo_sim.v(190)
HDL-1007 : undeclared symbol 'open_n223', assumed default net type 'wire' in ../al_ip/ip_fifo_sim.v(190)
HDL-1007 : undeclared symbol 'open_n224', assumed default net type 'wire' in ../al_ip/ip_fifo_sim.v(190)
HDL-1007 : undeclared symbol 'open_n225', assumed default net type 'wire' in ../al_ip/ip_fifo_sim.v(190)
HDL-1007 : undeclared symbol 'open_n226', assumed default net type 'wire' in ../al_ip/ip_fifo_sim.v(190)
HDL-1007 : undeclared symbol 'open_n227', assumed default net type 'wire' in ../al_ip/ip_fifo_sim.v(190)
HDL-1007 : undeclared symbol 'open_n230', assumed default net type 'wire' in ../al_ip/ip_fifo_sim.v(213)
HDL-1007 : undeclared symbol 'open_n231', assumed default net type 'wire' in ../al_ip/ip_fifo_sim.v(213)
HDL-1007 : undeclared symbol 'open_n232', assumed default net type 'wire' in ../al_ip/ip_fifo_sim.v(213)
HDL-1007 : undeclared symbol 'open_n233', assumed default net type 'wire' in ../al_ip/ip_fifo_sim.v(213)
HDL-1007 : undeclared symbol 'open_n234', assumed default net type 'wire' in ../al_ip/ip_fifo_sim.v(213)
HDL-1007 : undeclared symbol 'open_n235', assumed default net type 'wire' in ../al_ip/ip_fifo_sim.v(213)
HDL-1007 : undeclared symbol 'open_n236', assumed default net type 'wire' in ../al_ip/ip_fifo_sim.v(213)
HDL-1007 : undeclared symbol 'open_n237', assumed default net type 'wire' in ../al_ip/ip_fifo_sim.v(213)
HDL-1007 : undeclared symbol 'open_n258', assumed default net type 'wire' in ../al_ip/ip_fifo_sim.v(220)
HDL-1007 : undeclared symbol 'open_n259', assumed default net type 'wire' in ../al_ip/ip_fifo_sim.v(220)
HDL-1007 : undeclared symbol 'open_n260', assumed default net type 'wire' in ../al_ip/ip_fifo_sim.v(220)
HDL-1007 : undeclared symbol 'open_n261', assumed default net type 'wire' in ../al_ip/ip_fifo_sim.v(220)
HDL-1007 : undeclared symbol 'open_n262', assumed default net type 'wire' in ../al_ip/ip_fifo_sim.v(220)
HDL-1007 : undeclared symbol 'open_n263', assumed default net type 'wire' in ../al_ip/ip_fifo_sim.v(220)
HDL-1007 : undeclared symbol 'open_n264', assumed default net type 'wire' in ../al_ip/ip_fifo_sim.v(220)
HDL-1007 : undeclared symbol 'open_n267', assumed default net type 'wire' in ../al_ip/ip_fifo_sim.v(243)
HDL-1007 : undeclared symbol 'open_n268', assumed default net type 'wire' in ../al_ip/ip_fifo_sim.v(243)
HDL-1007 : undeclared symbol 'open_n269', assumed default net type 'wire' in ../al_ip/ip_fifo_sim.v(243)
HDL-1007 : undeclared symbol 'open_n270', assumed default net type 'wire' in ../al_ip/ip_fifo_sim.v(243)
HDL-1007 : undeclared symbol 'open_n271', assumed default net type 'wire' in ../al_ip/ip_fifo_sim.v(243)
HDL-1007 : undeclared symbol 'open_n272', assumed default net type 'wire' in ../al_ip/ip_fifo_sim.v(243)
HDL-1007 : undeclared symbol 'open_n273', assumed default net type 'wire' in ../al_ip/ip_fifo_sim.v(243)
HDL-1007 : undeclared symbol 'open_n274', assumed default net type 'wire' in ../al_ip/ip_fifo_sim.v(243)
HDL-1007 : undeclared symbol 'open_n295', assumed default net type 'wire' in ../al_ip/ip_fifo_sim.v(250)
HDL-1007 : undeclared symbol 'open_n296', assumed default net type 'wire' in ../al_ip/ip_fifo_sim.v(250)
HDL-1007 : undeclared symbol 'open_n297', assumed default net type 'wire' in ../al_ip/ip_fifo_sim.v(250)
HDL-1007 : undeclared symbol 'open_n298', assumed default net type 'wire' in ../al_ip/ip_fifo_sim.v(250)
HDL-1007 : undeclared symbol 'open_n299', assumed default net type 'wire' in ../al_ip/ip_fifo_sim.v(250)
HDL-1007 : undeclared symbol 'open_n300', assumed default net type 'wire' in ../al_ip/ip_fifo_sim.v(250)
HDL-1007 : undeclared symbol 'open_n301', assumed default net type 'wire' in ../al_ip/ip_fifo_sim.v(250)
HDL-1007 : undeclared symbol 'open_n304', assumed default net type 'wire' in ../al_ip/ip_fifo_sim.v(273)
HDL-1007 : undeclared symbol 'open_n305', assumed default net type 'wire' in ../al_ip/ip_fifo_sim.v(273)
HDL-1007 : undeclared symbol 'open_n306', assumed default net type 'wire' in ../al_ip/ip_fifo_sim.v(273)
HDL-1007 : undeclared symbol 'open_n307', assumed default net type 'wire' in ../al_ip/ip_fifo_sim.v(273)
HDL-1007 : undeclared symbol 'open_n308', assumed default net type 'wire' in ../al_ip/ip_fifo_sim.v(273)
HDL-1007 : undeclared symbol 'open_n309', assumed default net type 'wire' in ../al_ip/ip_fifo_sim.v(273)
HDL-1007 : undeclared symbol 'open_n310', assumed default net type 'wire' in ../al_ip/ip_fifo_sim.v(273)
HDL-1007 : undeclared symbol 'open_n311', assumed default net type 'wire' in ../al_ip/ip_fifo_sim.v(273)
HDL-1007 : undeclared symbol 'open_n332', assumed default net type 'wire' in ../al_ip/ip_fifo_sim.v(280)
HDL-1007 : undeclared symbol 'open_n333', assumed default net type 'wire' in ../al_ip/ip_fifo_sim.v(280)
HDL-1007 : undeclared symbol 'open_n334', assumed default net type 'wire' in ../al_ip/ip_fifo_sim.v(280)
HDL-1007 : undeclared symbol 'open_n335', assumed default net type 'wire' in ../al_ip/ip_fifo_sim.v(280)
HDL-1007 : undeclared symbol 'open_n336', assumed default net type 'wire' in ../al_ip/ip_fifo_sim.v(280)
HDL-1007 : undeclared symbol 'open_n337', assumed default net type 'wire' in ../al_ip/ip_fifo_sim.v(280)
HDL-1007 : undeclared symbol 'open_n338', assumed default net type 'wire' in ../al_ip/ip_fifo_sim.v(280)
HDL-7201 CRITICAL-WARNING: overwrite current module 'img_fifo' in ../al_ip/ip_fifo_sim.v(5)
HDL-7307 CRITICAL-WARNING: previous definition of design element module 'img_fifo' is here. This is because multiple modules(values) with the same name are defined. Please consider rewriting code in ../al_ip/ip_fifo.v(14)
HDL-1007 : analyze verilog file ../al_ip/ip_pll.v
HDL-1007 : undeclared symbol 'open', assumed default net type 'wire' in ../al_ip/ip_pll.v(70)
HDL-1007 : analyze verilog file ../al_ip/ip_pll_sim.v
HDL-1007 : undeclared symbol 'open_n47', assumed default net type 'wire' in ../al_ip/ip_pll_sim.v(108)
HDL-1007 : undeclared symbol 'open_n48', assumed default net type 'wire' in ../al_ip/ip_pll_sim.v(108)
HDL-7201 CRITICAL-WARNING: overwrite current module 'ip_pll' in ../al_ip/ip_pll_sim.v(5)
HDL-7307 CRITICAL-WARNING: previous definition of design element module 'ip_pll' is here. This is because multiple modules(values) with the same name are defined. Please consider rewriting code in ../al_ip/ip_pll.v(24)
HDL-1007 : analyze verilog file ../al_ip/ip_ram.v
HDL-1007 : analyze verilog file ../al_ip/ip_rom.v
HDL-1007 : analyze verilog file ../al_ip/ip_sdram.v
HDL-1007 : analyze verilog file ../al_ip/RAM03_512.v
HDL-1007 : analyze verilog file ../al_ip/RAM04_1024.v
HDL-1007 : analyze verilog file ../al_ip/RAM12_128.v
HDL-1007 : analyze verilog file ../al_ip/RAM12_512.v
HDL-1007 : analyze verilog file ../al_ip/RAM12_1024.v
HDL-1007 : analyze verilog file ../al_ip/RAM14_256.v
HDL-1007 : analyze verilog file ../al_ip/RAM20_191.v
PRJ-1412 : reset_run syn_1 phy_1.
PRJ-1409 : launch_runs syn_1 phy_1  -jobs 6.
PRJ-1410 : Run syn_1 success.
RUN-1002 : start command "save_best_bits"
PRJ-5303 WARNING: Run phy_1 failed.
RUN-1002 : start command "import_db C:/Users/Neko/Documents/FPGA/t/write2vga/sources/rtl/cam_Runs/phy_1/cam_pr.db"
RUN-1001 : Importing database generated by Tang Dynasty, V6.2.168116.
RUN-1001 : Database version number 46207
RUN-1001 : Import flow parameters
RUN-1001 : Import netlist
PHY-1001 : Generate detailed routing grids ...
PHY-1001 : End build routing graph; 2.716661s wall, 2.734375s user + 0.140625s system = 2.875000s CPU (105.8%)

PHY-1001 : Processed IO instance cam_href_syn_4 with INV attribute.
PHY-1001 : Processed IO instance cam_soid_syn_2 with INV attribute.
PHY-1001 : Build lut bridge;  0.063492s wall, 0.062500s user + 0.000000s system = 0.062500s CPU (98.4%)

PHY-1001 : Generate nets ...
PHY-1001 : net cam_pclk_dup_1 will be routed on clock mesh
PHY-1001 : net clk_24m_dup_1 will be routed on clock mesh
PHY-1001 : clock net u_conv2_layer/POOL_CORE_R/out_cnt_syn_8 will be merged with clock u_conv2_layer/POOL_CORE_R/out_cnt
PHY-1001 : clock net u_conv1_layer/POOL_CORE_R/out_cnt_syn_8 will be merged with clock u_conv1_layer/POOL_CORE_R/out_cnt
PHY-1001 : clock net u_camera_reader/wrreq_syn_2 will be merged with clock u_camera_reader/wrreq
PHY-1001 : clock net u_camera_reader/wrclk1_syn_4 will be merged with clock u_camera_reader/wrclk1
PHY-1001 : clock net u_camera_init/clk_div_syn_4 will be merged with clock u_camera_init/clk_div
PHY-1001 : clock net u_camera_init/divider2[7]_syn_4 will be merged with clock u_camera_init/divider2[7]
PHY-1001 : clock net P2/POOL_CORE_B/out_cnt_syn_8 will be merged with clock P2/POOL_CORE_B/out_cnt
PHY-1001 : clock net P1/POOL_CORE_B/out_cnt_syn_8 will be merged with clock P1/POOL_CORE_B/out_cnt
PHY-1001 : clock net CNN3_C1/CNN_L1_221009_B/out_cnt_syn_10 will be merged with clock CNN3_C1/CNN_L1_221009_B/out_cnt
PHY-1001 : clock net C1/CNN_L1_221009_B/out_cnt_syn_8 will be merged with clock C1/CNN_L1_221009_B/out_cnt
PHY-1001 : net u_camera_init/u_i2c_write/clk will be routed on clock mesh
PHY-1001 : net u_camera_reader/clk will be routed on clock mesh
PHY-1001 : clock net u_conv2_layer/u_conv2/RAMT2/clkb will be merged with clock u_pll/clk0_buf
PHY-1001 : eco open net = 0
PHY-1001 : 832 feed throughs used by 606 nets
RUN-1001 : Import phy database
RUN-1001 : Import IO constraints
RUN-1001 : Import Inst constraints
RUN-1001 : Import ChipWatcher
RUN-1001 : Import design success TD_VERSION=6.2.168116 , DB_VERSION=46207
RUN-1003 : finish command "import_db C:/Users/Neko/Documents/FPGA/t/write2vga/sources/rtl/cam_Runs/phy_1/cam_pr.db" in  7.870444s wall, 7.593750s user + 0.468750s system = 8.062500s CPU (102.4%)

RUN-1004 : used memory is 933 MB, reserved memory is 788 MB, peak memory is 1006 MB
PRJ-1412 : reset_run syn_1 phy_1.
PRJ-1409 : launch_runs syn_1 phy_1  -jobs 6.
PRJ-1410 : Run syn_1 success.
PRJ-1410 : Run phy_1 success.
RUN-1002 : start command "save_best_bits"
PRJ-1424 : The implemented result of phy_1 is saved as best result.
RUN-1002 : start command "import_db C:/Users/Neko/Documents/FPGA/t/write2vga/sources/rtl/cam_Runs/phy_1/cam_pr.db"
RUN-1001 : Importing database generated by Tang Dynasty, V6.2.168116.
RUN-1001 : Database version number 46207
RUN-1001 : Import flow parameters
RUN-1001 : Import netlist
PHY-1001 : Generate detailed routing grids ...
PHY-1001 : End build routing graph; 0.634487s wall, 0.609375s user + 0.046875s system = 0.656250s CPU (103.4%)

PHY-1001 : Processed IO instance cam_href_syn_4 with INV attribute.
PHY-1001 : Processed IO instance cam_soid_syn_2 with INV attribute.
PHY-1001 : Build lut bridge;  0.069357s wall, 0.078125s user + 0.000000s system = 0.078125s CPU (112.6%)

PHY-1001 : Generate nets ...
PHY-1001 : net cam_pclk_dup_1 will be routed on clock mesh
PHY-1001 : net clk_24m_dup_1 will be routed on clock mesh
PHY-1001 : clock net u_conv2_layer/POOL_CORE_R/out_cnt_syn_8 will be merged with clock u_conv2_layer/POOL_CORE_R/out_cnt
PHY-1001 : clock net u_conv1_layer/POOL_CORE_R/out_cnt_syn_8 will be merged with clock u_conv1_layer/POOL_CORE_R/out_cnt
PHY-1001 : clock net u_camera_reader/wrreq_syn_2 will be merged with clock u_camera_reader/wrreq
PHY-1001 : clock net u_camera_reader/wrclk1_syn_4 will be merged with clock u_camera_reader/wrclk1
PHY-1001 : clock net u_camera_init/clk_div_syn_4 will be merged with clock u_camera_init/clk_div
PHY-1001 : clock net u_camera_init/divider2[7]_syn_4 will be merged with clock u_camera_init/divider2[7]
PHY-1001 : clock net P2/POOL_CORE_B/out_cnt_syn_8 will be merged with clock P2/POOL_CORE_B/out_cnt
PHY-1001 : clock net P1/POOL_CORE_B/out_cnt_syn_8 will be merged with clock P1/POOL_CORE_B/out_cnt
PHY-1001 : clock net CNN3_C1/CNN_L1_221009_B/out_cnt_syn_10 will be merged with clock CNN3_C1/CNN_L1_221009_B/out_cnt
PHY-1001 : clock net C1/CNN_L1_221009_B/out_cnt_syn_8 will be merged with clock C1/CNN_L1_221009_B/out_cnt
PHY-1001 : net u_camera_init/u_i2c_write/clk will be routed on clock mesh
PHY-1001 : net u_camera_reader/clk will be routed on clock mesh
PHY-1001 : clock net u_conv2_layer/u_conv2/RAMT2/clkb will be merged with clock u_pll/clk0_buf
PHY-1001 : eco open net = 0
PHY-1001 : 883 feed throughs used by 631 nets
RUN-1001 : Import phy database
RUN-1001 : Import IO constraints
RUN-1001 : Import Inst constraints
RUN-1001 : Import ChipWatcher
RUN-1001 : Import design success TD_VERSION=6.2.168116 , DB_VERSION=46207
RUN-1003 : finish command "import_db C:/Users/Neko/Documents/FPGA/t/write2vga/sources/rtl/cam_Runs/phy_1/cam_pr.db" in  6.093671s wall, 5.828125s user + 0.468750s system = 6.296875s CPU (103.3%)

RUN-1004 : used memory is 975 MB, reserved memory is 833 MB, peak memory is 1022 MB
