============================================================
   Tang Dynasty, V6.2.175876
   Copyright (c) 2012-2025 Anlogic Inc.
   Executable = /home/ysara/Desktop/TD_6.2.1_Release_175876_NL/bin/td
   Built by =   ysara
   Built at =   /home/ysar, 9月26日 09:54
   Run by =     ysara
   Run Date =   Fri Nov  7 04:37:06 2025

   Run on =     YsaraEntropy
============================================================
RUN-1002 : start command "import_device eagle_s20.db -package EG4S20BG256"
RUN-1001 : Using default speed grade: NA
ARC-1001 : Device Initialization.
ARC-1001 : ------------------------------------------------------------------
ARC-1001 :            OPTION            |          IO          |   SETTING   
ARC-1001 : ------------------------------------------------------------------
ARC-1001 :   cso_b/cclk/mosi/miso/dout  |  T3/R11/T10/P10/S11  |    gpio    
ARC-1001 :             done             |         P13          |    gpio    
ARC-1001 :           program_b          |          T2          |  dedicate  
ARC-1001 :        tdi/tms/tck/tdo       |   C12/A15/C14/E14    |  dedicate  
ARC-1001 : ------------------------------------------------------------------
ARC-1004 : Device setting, marked 5 dedicate IOs in total.
RUN-1002 : start command "open_project UDP_EXAMPLE.prj -noanalyze"
RUN-1002 : start command "import_db ../syn_1/UDP_EXAMPLE_gate.db"
RUN-1001 : Importing database generated by Tang Dynasty, V6.2.175876.
RUN-1001 : Database version number 46207
RUN-1001 : Import flow parameters
RUN-1001 : Import netlist
RUN-1001 : Import timing constraints
RUN-1001 : Import IO constraints
RUN-1001 : Import Inst constraints
RUN-1001 : Import ChipWatcher
RUN-1001 : Import design success TD_VERSION=6.2.175876 , DB_VERSION=46207
RUN-1002 : start command "commit_param -step place"
RUN-1001 : Print Global Property
RUN-1001 : --------------------------------------------------------
RUN-1001 :   Parameters   |  Settings  |  Default Values  |  Note  
RUN-1001 : --------------------------------------------------------
RUN-1001 :   enable_seed  |    off     |       off        |        
RUN-1001 :     message    |  standard  |     standard     |        
RUN-1001 :   qor_monitor  |     on     |        on        |        
RUN-1001 :   syn_ip_flow  |    off     |       off        |        
RUN-1001 :     thread     |    auto    |       auto       |        
RUN-1001 : --------------------------------------------------------
RUN-1002 : start command "set_param place effort high"
RUN-1002 : start command "set_param place hfn_opt_effort high"
RUN-1002 : start command "set_param place opt_timing high"
RUN-1001 : Print Place Property
RUN-1001 : -----------------------------------------------------------
RUN-1001 :     Parameters    |  Settings  |  Default Values  |  Note  
RUN-1001 : -----------------------------------------------------------
RUN-1001 :       effort      |    high    |      medium      |   *    
RUN-1001 :   hfn_opt_effort  |    high    |      medium      |   *    
RUN-1001 :     max_fanout    |   999999   |      999999      |        
RUN-1001 :     opt_timing    |    high    |      medium      |   *    
RUN-1001 :   post_place_opt  |    auto    |       auto       |        
RUN-1001 :    pr_strategy    |     1      |        1         |        
RUN-1001 :     relaxation    |    1.00    |       1.00       |        
RUN-1001 : -----------------------------------------------------------
RUN-1002 : start command "insert_debugger ../../chip_debugger"
RUN-1002 : start command "config_chipwatcher ../../chip_debugger/user.cfg"
RUN-1002 : start command "update_timing"
RUN-1002 : start command "start_timer"
USR-1002 : Derived clock:  create_generated_clock -name {u_clk_gen/u_pll_0/pll_inst.clkc[0]} -source [get_ports {clk_50}] -master_clock {clk_in} -multiply_by 2.5000 -duty_cycle 50.0000 [get_pins {u_clk_gen/u_pll_0/pll_inst.clkc[0]}]
USR-1002 : Derived clock:  create_generated_clock -name {u_clk_gen/u_pll_0/pll_inst.clkc[1]} -source [get_ports {clk_50}] -master_clock {clk_in} -multiply_by 2.5000 -duty_cycle 50.0000 [get_pins {u_clk_gen/u_pll_0/pll_inst.clkc[1]}]
USR-1002 : Derived clock:  create_generated_clock -name {u_clk_gen/u_pll_0/pll_inst.clkc[4]} -source [get_ports {clk_50}] -master_clock {clk_in} -multiply_by 2.5000 -phase 90 -duty_cycle 50.0000 [get_pins {u_clk_gen/u_pll_0/pll_inst.clkc[4]}]
USR-1002 : Derived clock:  create_generated_clock -name {u_pll_50/pll_inst.clkc[0]} -source [get_ports {clk_50}] -master_clock {clk_in} -multiply_by 1.0000 -duty_cycle 50.0000 [get_pins {u_pll_50/pll_inst.clkc[0]}]
USR-1002 : Derived clock:  create_generated_clock -name {u_pll_50/pll_inst.clkc[1]} -source [get_ports {clk_50}] -master_clock {clk_in} -multiply_by 1.0000 -phase 180 -duty_cycle 50.0000 [get_pins {u_pll_50/pll_inst.clkc[1]}]
USR-1002 : Derived clock:  create_generated_clock -name {u_pll_50/pll_inst.clkc[2]} -source [get_ports {clk_50}] -master_clock {clk_in} -multiply_by 5.0000 -duty_cycle 50.0000 [get_pins {u_pll_50/pll_inst.clkc[2]}]
USR-1002 : Derived clock:  create_generated_clock -name {u_rx_pll/pll_inst.clkc[0]} -source [get_ports {phy1_rgmii_rx_clk}] -master_clock {phy1_rgmii_rx_clk} -multiply_by 1.0000 -duty_cycle 50.0000 [get_pins {u_rx_pll/pll_inst.clkc[0]}]
USR-1002 : Derived clock:  create_generated_clock -name {u_rx_pll/pll_inst.clkc[1]} -source [get_ports {phy1_rgmii_rx_clk}] -master_clock {phy1_rgmii_rx_clk} -multiply_by 1.0000 -duty_cycle 50.0000 [get_pins {u_rx_pll/pll_inst.clkc[1]}]
USR-1002 : Derived clock:  create_generated_clock -name {u_rx_pll/pll_inst.clkc[2]} -source [get_ports {phy1_rgmii_rx_clk}] -master_clock {phy1_rgmii_rx_clk} -multiply_by 2.0000 -duty_cycle 50.0000 [get_pins {u_rx_pll/pll_inst.clkc[2]}]
USR-1002 : Derived clock:  create_generated_clock -name {t3_sdram/u0_clk/pll_inst.clkc[0]} -source [get_pins {u_pll_50/pll_inst.clkc[0]}] -master_clock {u_pll_50/pll_inst.clkc[0]} -divide_by 4.0000 -duty_cycle 50.0000 [get_pins {t3_sdram/u0_clk/pll_inst.clkc[0]}]
USR-1002 : Derived clock:  create_generated_clock -name {t3_sdram/u0_clk/pll_inst.clkc[1]} -source [get_pins {u_pll_50/pll_inst.clkc[0]}] -master_clock {u_pll_50/pll_inst.clkc[0]} -multiply_by 2.5000 -duty_cycle 50.0000 [get_pins {t3_sdram/u0_clk/pll_inst.clkc[1]}]
USR-1002 : Derived clock:  create_generated_clock -name {t3_sdram/u0_clk/pll_inst.clkc[2]} -source [get_pins {u_pll_50/pll_inst.clkc[0]}] -master_clock {u_pll_50/pll_inst.clkc[0]} -multiply_by 2.5000 -phase 180 -duty_cycle 50.0000 [get_pins {t3_sdram/u0_clk/pll_inst.clkc[2]}]
USR-6001 WARNING: No clocks matched 'get_clocks u_clk_gen/u_pll_0/pll_inst.clkc[3]'
8.000000
USR-8130 CRITICAL-WARNING: No clock match the pattern: u_clk_gen/u_pll_0/pll_inst.clkc\[3\].
USR-8124 CRITICAL-WARNING: Rename_clock: please specify object list.
USR-8159 CRITICAL-WARNING: Command rename_clock -name {pll_inst_25M} [get_clocks {u_clk_gen/u_pll_0/pll_inst.clkc[3]}] in /home/ysara/Desktop/ext/video640 19fps chedao/UDP_EG4_6.2/source_code/constraints/UDP.sdc(8) fails.
TMR-2502 : Net delay update with mode: Synthesized
KIT-5618 CRITICAL-WARNING: the bus debug_app_rx_data[7:0] is invalid in chipwatcher, ignored.
KIT-5603 WARNING: Net debug_app_rx_data_valid is invalid in chipwatcher, ignored.
KIT-5618 CRITICAL-WARNING: the bus debug_app_tx_data[7:0] is invalid in chipwatcher, ignored.
KIT-5603 WARNING: Net debug_app_tx_data_valid is invalid in chipwatcher, ignored.
KIT-5618 CRITICAL-WARNING: the bus debug_rx_data[7:0] is invalid in chipwatcher, ignored.
KIT-5603 WARNING: Net debug_rx_valid is invalid in chipwatcher, ignored.
KIT-5618 CRITICAL-WARNING: the bus debug_temac_rx_data[7:0] is invalid in chipwatcher, ignored.
KIT-5603 WARNING: Net debug_temac_rx_valid is invalid in chipwatcher, ignored.
KIT-5618 CRITICAL-WARNING: the bus debug_temac_tx_data[7:0] is invalid in chipwatcher, ignored.
KIT-5603 WARNING: Net debug_temac_tx_valid is invalid in chipwatcher, ignored.
KIT-5618 CRITICAL-WARNING: the bus debug_tx_data[7:0] is invalid in chipwatcher, ignored.
KIT-5603 WARNING: Net debug_tx_valid is invalid in chipwatcher, ignored.
KIT-1004 : chipwatcher: sanity check successfully
KIT-1004 : Chipwatcher code = 1001000110001111
KIT-1004 : import watcher inst auto_created_cwc1 completed, there are 7 view node(s), 21 trigger net(s), 21 data net(s).
RUN-1002 : start command "compile_watcher"
KIT-1004 : Ooc flow for module top_debug_hub is running...
RUN-1002 : start command "import_db -mode ooc cw/debug_hub/top_debug_hub_ooc.db"
USR-1600 : Load OOC design OOC Model: top_debug_hub .
RUN-1001 : Import OOC design success TD_VERSION=6.2.175876 , DB_VERSION=46207
KIT-1004 : Ooc flow for module auto_created_cwc1 is running...
RUN-1002 : start command "import_db -mode ooc cw/auto_created_cwc1/auto_created_cwc1_ooc.db"
USR-1600 : Load OOC design OOC Model: auto_created_cwc1 .
RUN-1001 : Import OOC design success TD_VERSION=6.2.175876 , DB_VERSION=46207
RUN-1002 : start command "update_timing"
RUN-1002 : start command "start_timer"
8.000000
RUN-1003 : finish command "update_timing" in  1.250000s wall, 1.220000s user + 0.010000s system = 1.230000s CPU (98.4%)

RUN-1004 : used memory is 470 MB, reserved memory is 375 MB, peak memory is 470 MB
RUN-1003 : finish command "compile_watcher" in  2.820000s wall, 2.620000s user + 0.080000s system = 2.700000s CPU (95.7%)

RUN-1004 : used memory is 470 MB, reserved memory is 375 MB, peak memory is 470 MB
RUN-1002 : start command "pack -eco"
SYN-4002 : Packing 0 DFF/LATCH to SEQ ...
RUN-1002 : start command "legalize_phy_inst"
SYN-1001 : Stage 1 | Legalize Phy Inst
SYN-1011 : Flatten model UDP_Example_Top
SYN-1001 : End Stage 1 | Legalize Phy Inst; Time: 0.010000s wall, 0.010000s user + 0.000000s system = 0.010000s CPU (100.0%); Memory(MB): used = 472, reserved = 377, peak = 472;

RUN-1003 : finish command "insert_debugger ../../chip_debugger" in  3.810000s wall, 3.550000s user + 0.080000s system = 3.630000s CPU (95.3%)

RUN-1004 : used memory is 472 MB, reserved memory is 377 MB, peak memory is 472 MB
RUN-1002 : start command "place"
RUN-1001 : Open license file /home/ysara/Desktop/TD_6.2.1_Release_175876_NL/license/Anlogic.lic
PHY-3001 : Placer runs in 32 thread(s) with high effort.
PHY-1001 : Stage 1 | Initialize Design
PHY-1001 : Stage 1.1 | Build Design
PHY-1001 : 4395 luts, 5448 seqs, 310 mslices, 163 lslices, 101 pads, 37 brams, 0 dsps
RUN-1002 : start command "legalize_phy_inst"
SYN-1011 : Flatten model UDP_Example_Top
PHY-1001 : Remove keep and sweep redundant instances ...
PHY-1001 : 4301 luts, 5299 seqs, 294 mslices, 147 lslices, 101 pads, 37 brams, 0 dsps
PHY-1001 : End Stage 1.1 | Build Design; Time: 0.030000s wall, 0.030000s user + 0.000000s system = 0.030000s CPU (100.0%); Memory(MB): used = 473, reserved = 377, peak = 473;

PHY-1001 : Stage 1.2 | Optimize Design
OPT-1001 : Stage 1.2.1 | Simplify Lut
OPT-1001 : End Stage 1.2.1 | Simplify Lut; Time: 0.010000s wall, 0.010000s user + 0.000000s system = 0.010000s CPU (100.0%); Memory(MB): used = 473, reserved = 377, peak = 473;

OPT-1001 : Stage 1.2.2 | Sweep
OPT-1001 : End Stage 1.2.2 | Sweep; Time: 0.000000s wall, 0.000000s user + 0.000000s system = 0.000000s CPU (n/a%); Memory(MB): used = 474, reserved = 377, peak = 474;

OPT-1001 : Stage 1.2.3 | Synthesize High-fanout Net
OPT-1001 : Current memory(MB): used = 474, reserved = 377, peak = 474.
OPT-1001 : End Stage 1.2.3 | Synthesize High-fanout Net; Time: 0.000000s wall, 0.000000s user + 0.000000s system = 0.000000s CPU (n/a%); Memory(MB): used = 474, reserved = 377, peak = 474;

OPT-1001 : End physical optimization;  0.010000s wall, 0.010000s user + 0.000000s system = 0.010000s CPU (100.0%)

PHY-1001 : End Stage 1.2 | Optimize Design; Time: 0.010000s wall, 0.010000s user + 0.000000s system = 0.010000s CPU (100.0%); Memory(MB): used = 474, reserved = 377, peak = 474;

PHY-1001 : Stage 1.3 | Initialize Clock
SYN-4016 : Net t3_sdram/u0_clk/clk0_out driven by BUFG (0 clock/control pins, 1 other pins).
SYN-4016 : Net u4_trimac_block/rx_clk driven by BUFG (370 clock/control pins, 0 other pins).
SYN-4016 : Net temac_clk driven by BUFG (0 clock/control pins, 1 other pins).
SYN-4016 : Net u_ov5640_dri/u_i2c_dr/clk driven by BUFG (11 clock/control pins, 2 other pins).
SYN-4016 : Net u_rx_pll/clk0_out driven by BUFG (0 clock/control pins, 1 other pins).
SYN-4027 : Net t3_sdram/u1_app_wrrd/clk is clkc1 of pll t3_sdram/u0_clk/pll_inst.
SYN-4027 : Net t3_sdram/u2_ram/SDRAM_CLK is clkc2 of pll t3_sdram/u0_clk/pll_inst.
SYN-4019 : Net u_ov5640_dri/u_i2c_dr/clk is refclk of pll t3_sdram/u0_clk/pll_inst.
SYN-4020 : Net u_ov5640_dri/u_i2c_dr/clk is fbclk of pll t3_sdram/u0_clk/pll_inst.
SYN-4027 : Net udp_clk is clkc1 of pll u_clk_gen/u_pll_0/pll_inst.
SYN-4027 : Net temac_clk90 is clkc4 of pll u_clk_gen/u_pll_0/pll_inst.
SYN-4019 : Net clk_50_dup_1 is refclk of pll u_clk_gen/u_pll_0/pll_inst.
SYN-4020 : Net clk_50_dup_1 is fbclk of pll u_clk_gen/u_pll_0/pll_inst.
SYN-4019 : Net clk_50_dup_1 is refclk of pll u_pll_50/pll_inst.
SYN-4020 : Net clk_50_dup_1 is fbclk of pll u_pll_50/pll_inst.
SYN-4019 : Net auto_created_cwc1/wrapper_cwc_top/U_cwc_ram/clka is refclk of pll u_rx_pll/pll_inst.
SYN-4020 : Net auto_created_cwc1/wrapper_cwc_top/U_cwc_ram/clka is fbclk of pll u_rx_pll/pll_inst.
SYN-4024 : Net "cwc_jtck" drives clk pins.
SYN-4024 : Net "t3_sdram/u1_app_wrrd/u_wr_fifo_sdr_data/clkw" drives clk pins.
SYN-4024 : Net "u_ov5640_dri/u_i2c_dr/dri_clk" drives clk pins.
SYN-4025 : Tag rtl::Net auto_created_cwc1/wrapper_cwc_top/U_cwc_ram/clka as clock net
SYN-4025 : Tag rtl::Net clk_50_dup_1 as clock net
SYN-4025 : Tag rtl::Net cwc_jtck as clock net
SYN-4025 : Tag rtl::Net t3_sdram/u0_clk/clk0_out as clock net
SYN-4025 : Tag rtl::Net t3_sdram/u1_app_wrrd/clk as clock net
SYN-4025 : Tag rtl::Net t3_sdram/u1_app_wrrd/u_wr_fifo_sdr_data/clkw as clock net
SYN-4025 : Tag rtl::Net t3_sdram/u2_ram/SDRAM_CLK as clock net
SYN-4025 : Tag rtl::Net temac_clk as clock net
SYN-4025 : Tag rtl::Net temac_clk90 as clock net
SYN-4025 : Tag rtl::Net u4_trimac_block/rx_clk as clock net
SYN-4025 : Tag rtl::Net u_ov5640_dri/u_i2c_dr/clk as clock net
SYN-4025 : Tag rtl::Net u_ov5640_dri/u_i2c_dr/dri_clk as clock net
SYN-4025 : Tag rtl::Net u_rx_pll/clk0_out as clock net
SYN-4025 : Tag rtl::Net udp_clk as clock net
SYN-4026 : Tagged 14 rtl::Net as clock net
SYN-4015 : Create BUFG instance for clk Net cwc_jtck to drive 389 clock pins.
SYN-4015 : Create BUFG instance for clk Net t3_sdram/u1_app_wrrd/u_wr_fifo_sdr_data/clkw to drive 136 clock pins.
SYN-4015 : Create BUFG instance for clk Net u_ov5640_dri/u_i2c_dr/dri_clk to drive 65 clock pins.
PHY-1001 : Populate physical database on model UDP_Example_Top.
RUN-1001 : There are total 10196 instances
RUN-0007 : 4299 luts, 5299 seqs, 294 mslices, 147 lslices, 101 pads, 37 brams, 0 dsps
RUN-1001 : There are total 11224 nets
RUN-1001 : 8113 nets have 2 pins
RUN-1001 : 2249 nets have [3 - 5] pins
RUN-1001 : 538 nets have [6 - 10] pins
RUN-1001 : 192 nets have [11 - 20] pins
RUN-1001 : 108 nets have [21 - 99] pins
RUN-1001 : 24 nets have 100+ pins
PHY-1001 : End Stage 1.3 | Initialize Clock; Time: 0.010000s wall, 0.010000s user + 0.000000s system = 0.010000s CPU (100.0%); Memory(MB): used = 482, reserved = 386, peak = 482;

PHY-1001 : End Stage 1 | Initialize Design; Time: 0.050000s wall, 0.060000s user + 0.000000s system = 0.060000s CPU (120.0%); Memory(MB): used = 482, reserved = 386, peak = 482;

PHY-1001 : Stage 2 | Global Placement
RUN-1001 : Report Control nets information:
RUN-1001 : DFF Distribution
RUN-1001 : -------------------------------------
RUN-1001 :   CE   |  SSR  |  ASR  |  DFF Count  
RUN-1001 : -------------------------------------
RUN-1001 :   No   |  No   |  No   |     876     
RUN-1001 :   No   |  No   |  Yes  |    1169     
RUN-1001 :   No   |  Yes  |  No   |     81      
RUN-1001 :   Yes  |  No   |  No   |     204     
RUN-1001 :   Yes  |  No   |  Yes  |    2498     
RUN-1001 :   Yes  |  Yes  |  No   |     471     
RUN-1001 : -------------------------------------
RUN-1001 : Control Group Statistic
RUN-1001 : -----------------------------
RUN-1001 :   #CLK  |  #CE  |  #SSR/ASR  
RUN-1001 : -----------------------------
RUN-1001 :    9    |  146  |     22     
RUN-1001 : -----------------------------
RUN-0007 : Control Set = 176
PHY-1001 : Stage 2.1 | Place Fixed Instances
PHY-1001 : End Stage 2.1 | Place Fixed Instances; Time: 0.030000s wall, 0.030000s user + 0.000000s system = 0.030000s CPU (100.0%); Memory(MB): used = 512, reserved = 414, peak = 512;

PHY-1001 : Stage 2.2 | Pre-Place DRC Check
PHY-1001 : Stage 2.2.1 | Force Route Constraint Check
PHY-1001 : Check Pass.
PHY-1001 : End Stage 2.2.1 | Force Route Constraint Check; Time: 0.000000s wall, 0.000000s user + 0.000000s system = 0.000000s CPU (n/a%); Memory(MB): used = 512, reserved = 415, peak = 512;

PHY-1001 : End Stage 2.2 | Pre-Place DRC Check; Time: 0.000000s wall, 0.000000s user + 0.000000s system = 0.000000s CPU (n/a%); Memory(MB): used = 512, reserved = 415, peak = 512;

PHY-1001 : Stage 2.3 | Global Placement Step 1
PHY-3001 : Target density is 27%
PHY-1001 : Stage 2.3.1 | Update Timing
RUN-1002 : start command "start_timer"
PHY-1001 : SWNS: -8861, STNS: -646790, FEP: 284
PHY-1001 : End Stage 2.3.1 | Update Timing; Time: 0.630000s wall, 0.630000s user + 0.010000s system = 0.640000s CPU (101.6%); Memory(MB): used = 526, reserved = 429, peak = 526;

PHY-0007 : Cell area utilization is 27%
RUN-1001 : Huge Net Statistic
RUN-1001 : ---------------------------------------------
RUN-1001 :   Fanout  |  Slack  |          Net           
RUN-1001 : ---------------------------------------------
RUN-1001 :    2761   |  1221   |  u7_rx_fifo/wr_sreset  
RUN-1001 : ---------------------------------------------
PHY-3001 : Clustering ...
PHY-3001 : End clustering;  0.040000s wall, 0.070000s user + 0.040000s system = 0.110000s CPU (275.0%)

PHY-3001 : Target density is 27%
PHY-1001 : Stage 2.3.2 | GP Iteration
PHY-1001 : End Stage 2.3.2 | GP Iteration; Time: 0.740000s wall, 3.250000s user + 0.950000s system = 4.200000s CPU (567.6%); Memory(MB): used = 527, reserved = 429, peak = 527;

PHY-3001 : Multithread accelerating rate: 5.48
TMR-2502 : Net delay update with mode: Placed
PHY-3001 : No need to merge 9x9 Dsps.
PHY-1001 : Populate physical database on model UDP_Example_Top.
PHY-1001 : End Stage 2.3 | Global Placement Step 1; Time: 1.930000s wall, 4.490000s user + 1.000000s system = 5.490000s CPU (284.5%); Memory(MB): used = 527, reserved = 429, peak = 527;

PHY-1001 : Stage 2.4 | RAM/DSP Legalization and Detailed Placement
PHY-1001 : Stage 2.4.1 | Legalization
PHY-3001 : Before Legalized: Len = 275827
PHY-3001 : After Legalized: Len = 295067, Over = 0.9375
PHY-1001 : End Stage 2.4.1 | Legalization; Time: 0.470000s wall, 0.470000s user + 0.000000s system = 0.470000s CPU (100.0%); Memory(MB): used = 527, reserved = 429, peak = 527;

PHY-1001 : End Stage 2.4 | RAM/DSP Legalization and Detailed Placement; Time: 0.470000s wall, 0.480000s user + 0.000000s system = 0.480000s CPU (102.1%); Memory(MB): used = 527, reserved = 429, peak = 527;

PHY-1001 : Stage 2.5 | Global Placement Step 2
PHY-3001 : Target density is 33%
PHY-1001 : Stage 2.5.1 | Update Timing
PHY-1001 : SWNS: -8415, STNS: -336262, FEP: 119
PHY-1001 : End Stage 2.5.1 | Update Timing; Time: 0.030000s wall, 0.040000s user + 0.000000s system = 0.040000s CPU (133.3%); Memory(MB): used = 528, reserved = 430, peak = 528;

PHY-1001 : Stage 2.5.2 | Refresh Congestion
RUN-1001 : Generating global routing grids ...
RUN-1001 : Building simple global routing graph ...
PHY-1001 : Generate routing nets ...
PHY-1001 : Reuse net number 0/3827.
PHY-1001 : Global iterations in 32 thread ...
PHY-1002 : len = 341792, over cnt = 823(2%), over = 3662, worst = 29
PHY-1001 : End global iterations;  0.050000s wall, 0.100000s user + 0.000000s system = 0.100000s CPU (200.0%)

PHY-1001 : Congestion index:
PHY-1001 : top1  = 68.35(S 100.17, N 131.47, E 85.75, W 68.30, I 0.00, O 0.00)
PHY-1001 : top5  = 47.31(S 66.42, N 87.49, E 53.77, W 39.10, I 0.00, O 0.00)
PHY-1001 : top10 = 38.01(S 50.08, N 67.37, E 41.06, W 29.75, I 0.00, O 0.00)
PHY-1001 : top15 = 32.34(S 40.68, N 54.83, E 34.15, W 24.62, I 0.00, O 0.00)
PHY-1001 : End Stage 2.5.2 | Refresh Congestion; Time: 0.120000s wall, 0.160000s user + 0.000000s system = 0.160000s CPU (133.3%); Memory(MB): used = 560, reserved = 462, peak = 560;

PHY-1001 : Stage 2.5.3 | GP Iteration
PHY-1001 : End Stage 2.5.3 | GP Iteration; Time: 0.500000s wall, 3.050000s user + 0.260000s system = 3.310000s CPU (662.0%); Memory(MB): used = 560, reserved = 462, peak = 560;

PHY-3001 : Multithread accelerating rate: 6.62
PHY-1001 : End Stage 2.5 | Global Placement Step 2; Time: 1.150000s wall, 3.740000s user + 0.260000s system = 4.000000s CPU (347.8%); Memory(MB): used = 561, reserved = 463, peak = 561;

PHY-1001 : Stage 2.6 | RAM/DSP Detailed Placement
PHY-1001 : End Stage 2.6 | RAM/DSP Detailed Placement; Time: 0.000000s wall, 0.000000s user + 0.000000s system = 0.000000s CPU (n/a%); Memory(MB): used = 561, reserved = 463, peak = 561;

PHY-1001 : Stage 2.7 | Optimize Design
OPT-1001 : Start physical optimization ...
OPT-1001 : Total overflow 155.09 peak overflow 1.53
OPT-1001 : Stage 2.7.1 | Synthesize High-fanout Net
OPT-1001 : Start high-fanout net optimization in pre-pack flow with high effort ...
OPT-1001 : Update timing in Manhattan mode
OPT-1001 : End timing update;  0.500000s wall, 0.490000s user + 0.000000s system = 0.490000s CPU (98.0%)

OPT-1001 : Start: SWNS -8165 STNS -353506 NUM_FEPS 157
OPT-1001 : Total overflow 155.09 peak overflow 1.53
DBG-001 :  select 58 high fanout candidates
DBG-001 :  crit level 1 net count 4 (fanout thres 50)
DBG-001 :  crit level 2 net count 7 (fanout thres 50)
DBG-001 :  crit level 3 net count 5 (fanout thres 40)
DBG-001 :  crit level 4 net count 15 (fanout thres 30)
DBG-001 :  crit level 5 net count 9 (fanout thres 30)
DBG-001 :  crit level 6 net count 18 (fanout thres 10)
PHY-1001 : Populate physical database on model UDP_Example_Top.
OPT-1001 : 25 high-fanout net processed.
PHY-3001 : Start incremental placement ...
PHY-1001 : Populate physical database on model UDP_Example_Top.
PHY-3001 : Target density is 34%
PHY-3001 : Target density is 34%
PHY-1001 : Stage 2.7.1.1 | Update Timing
PHY-1001 : SWNS: -6884, STNS: -292898, FEP: 154
PHY-1001 : End Stage 2.7.1.1 | Update Timing; Time: 0.060000s wall, 0.070000s user + 0.000000s system = 0.070000s CPU (116.7%); Memory(MB): used = 565, reserved = 466, peak = 565;

PHY-1001 : Stage 2.7.1.2 | Refresh Congestion
RUN-1001 : Generating global routing grids ...
PHY-1001 : Generate routing nets ...
PHY-1001 : Reuse net number 31/9403.
PHY-1001 : Global iterations in 32 thread ...
PHY-1002 : len = 429752, over cnt = 1347(3%), over = 3994, worst = 24
PHY-1001 : End global iterations;  0.090000s wall, 0.180000s user + 0.000000s system = 0.180000s CPU (200.0%)

PHY-1001 : Congestion index:
PHY-1001 : top1  = 55.52(S 78.36, N 132.07, E 77.41, W 58.81, I 0.00, O 0.00)
PHY-1001 : top5  = 42.27(S 55.06, N 77.55, E 58.62, W 42.27, I 0.00, O 0.00)
PHY-1001 : top10 = 36.62(S 45.30, N 59.76, E 49.52, W 35.31, I 0.00, O 0.00)
PHY-1001 : top15 = 33.19(S 39.35, N 50.95, E 43.84, W 31.40, I 0.00, O 0.00)
PHY-1001 : End Stage 2.7.1.2 | Refresh Congestion; Time: 0.150000s wall, 0.230000s user + 0.000000s system = 0.230000s CPU (153.3%); Memory(MB): used = 570, reserved = 472, peak = 570;

PHY-1001 : Stage 2.7.1.3 | GP Iteration
PHY-1001 : End Stage 2.7.1.3 | GP Iteration; Time: 0.260000s wall, 1.750000s user + 0.060000s system = 1.810000s CPU (696.2%); Memory(MB): used = 571, reserved = 472, peak = 571;

PHY-3001 : Multithread accelerating rate: 6.96
PHY-3001 : Final: Len = 320308, Over = 20.875
PHY-3001 : End incremental placement;  0.550000s wall, 2.130000s user + 0.060000s system = 2.190000s CPU (398.2%)

OPT-1001 : Total overflow 183.62 peak overflow 2.00
RUN-1001 : HFN opt statistic
RUN-1001 : ------------------------------------------------------
RUN-1001 :   DriverCell type  |  HFN count  |  Duplicated count  
RUN-1001 : ------------------------------------------------------
RUN-1001 :         REG        |     14      |         93         
RUN-1001 :        LUT6        |      0      |         0          
RUN-1001 :        LUT5        |      2      |         11         
RUN-1001 :        LUT4        |      3      |         11         
RUN-1001 :        LUT3        |      2      |         89         
RUN-1001 :        LUT2        |      4      |         19         
RUN-1001 :        TOTAL       |     25      |        223         
RUN-1001 : ------------------------------------------------------
OPT-1001 : End high-fanout net optimization;  1.810000s wall, 3.410000s user + 0.060000s system = 3.470000s CPU (191.7%)

OPT-1001 : Update timing in Manhattan mode
OPT-1001 : End timing update;  0.600000s wall, 0.590000s user + 0.000000s system = 0.590000s CPU (98.3%)

OPT-1001 : Current memory(MB): used = 571, reserved = 473, peak = 571.
OPT-1001 : End Stage 2.7.1 | Synthesize High-fanout Net; Time: 2.470000s wall, 4.060000s user + 0.060000s system = 4.120000s CPU (166.8%); Memory(MB): used = 571, reserved = 473, peak = 571;

OPT-1001 : Stage 2.7.2 | Optimize Bottleneck
OPT-1001 : Start bottleneck based optimization ...
OPT-0007 : Start: SWNS -6616 STNS -275338 NUM_FEPS 153
OPT-1001 : Start congestion update ...
RUN-1001 : Generating global routing grids ...
PHY-1001 : Generate routing nets ...
PHY-1001 : Reuse net number 999/9188.
PHY-1001 : Global iterations in 32 thread ...
PHY-1002 : len = 383296, over cnt = 1139(3%), over = 2421, worst = 9
PHY-1002 : len = 402768, over cnt = 648(1%), over = 1016, worst = 9
PHY-1002 : len = 408992, over cnt = 363(1%), over = 593, worst = 9
PHY-1002 : len = 414032, over cnt = 178(0%), over = 307, worst = 7
PHY-1002 : len = 418816, over cnt = 0(0%), over = 0, worst = 0
PHY-1001 : End global iterations;  0.210000s wall, 0.290000s user + 0.000000s system = 0.290000s CPU (138.1%)

PHY-1001 : Congestion index:
PHY-1001 : top1  = 44.57(S 54.40, N 70.69, E 56.98, W 49.94, I 0.00, O 0.00)
PHY-1001 : top5  = 37.36(S 44.69, N 56.67, E 47.73, W 38.99, I 0.00, O 0.00)
PHY-1001 : top10 = 33.31(S 38.33, N 48.37, E 41.90, W 34.18, I 0.00, O 0.00)
PHY-1001 : top15 = 30.63(S 34.34, N 43.06, E 38.00, W 30.93, I 0.00, O 0.00)
OPT-1001 : End congestion update;  0.320000s wall, 0.400000s user + 0.000000s system = 0.400000s CPU (125.0%)

OPT-0007 : Iter 1: improved SWNS -6278 STNS -263471 NUM_FEPS 144 with 19(68) cells processed with 3500 slack improved, crit_thod: -6228 ratio: 1.00(19/19) rt: 0.1s
OPT-0007 : Iter 2: improved SWNS -6063 STNS -257795 NUM_FEPS 111 with 11(88) cells processed with 1812 slack improved, crit_thod: -5982 ratio: 1.00(11/11) rt: 0.1s
OPT-0007 : Iter 3: improved SWNS -6030 STNS -257036 NUM_FEPS 111 with 4(64) cells processed with 850 slack improved, crit_thod: -5791 ratio: 1.00(4/4) rt: 0.1s
OPT-0007 : Iter 4: improved SWNS -6030 STNS -257036 NUM_FEPS 111 with 0(80) cells processed with 0 slack improved, crit_thod: -5758 ratio: -1.00(0/0) rt: 0.1s
OPT-0007 : Iter 5: improved SWNS -6030 STNS -257036 NUM_FEPS 111 with 0(80) cells processed with 0 slack improved, crit_thod: -5758 ratio: -1.00(0/0) rt: 0.1s
OPT-1001 : End bottleneck based optimization;  0.730000s wall, 0.810000s user + 0.000000s system = 0.810000s CPU (111.0%)

OPT-1001 : Current memory(MB): used = 571, reserved = 473, peak = 571.
OPT-1001 : End Stage 2.7.2 | Optimize Bottleneck; Time: 0.790000s wall, 0.870000s user + 0.000000s system = 0.870000s CPU (110.1%); Memory(MB): used = 571, reserved = 473, peak = 571;

OPT-1001 : Stage 2.7.3 | Optimize Path
OPT-1001 : Start path based optimization ...
OPT-0007 : Start: SWNS -6030 STNS -257036 NUM_FEPS 111 with mode 0
OPT-1001 : Start congestion update ...
RUN-1001 : Generating global routing grids ...
PHY-1001 : Generate routing nets ...
PHY-1001 : Reuse net number 9139/9188.
PHY-1001 : Global iterations in 32 thread ...
PHY-1002 : len = 418928, over cnt = 26(0%), over = 36, worst = 4
PHY-1002 : len = 419216, over cnt = 12(0%), over = 13, worst = 2
PHY-1002 : len = 419464, over cnt = 3(0%), over = 3, worst = 1
PHY-1002 : len = 419568, over cnt = 0(0%), over = 0, worst = 0
PHY-1001 : End global iterations;  0.050000s wall, 0.050000s user + 0.000000s system = 0.050000s CPU (100.0%)

PHY-1001 : Congestion index:
PHY-1001 : top1  = 44.57(S 54.31, N 70.86, E 57.07, W 50.71, I 0.00, O 0.00)
PHY-1001 : top5  = 37.32(S 44.71, N 56.87, E 47.68, W 39.37, I 0.00, O 0.00)
PHY-1001 : top10 = 33.24(S 38.37, N 48.45, E 41.85, W 34.29, I 0.00, O 0.00)
PHY-1001 : top15 = 30.59(S 34.36, N 43.07, E 37.93, W 30.92, I 0.00, O 0.00)
OPT-1001 : End congestion update;  0.150000s wall, 0.150000s user + 0.000000s system = 0.150000s CPU (100.0%)

OPT-0007 : Iter 1: improved SWNS -6030 STNS -257036 NUM_FEPS 111 with 5(209) cells and 101(101) paths processed with 100 slack improved, crit_thod: -5758 ratio: 1.00(5/5) rt: 0.1s
OPT-0007 : Iter 2: improved SWNS -6030 STNS -257036 NUM_FEPS 111 with 0(3) cells and 101(101) paths processed with 0 slack improved, crit_thod: -5758 ratio: -1.00(0/0) rt: 0.0s
OPT-1001 : End path based optimization;  0.260000s wall, 0.270000s user + 0.000000s system = 0.270000s CPU (103.8%)

OPT-1001 : Current memory(MB): used = 572, reserved = 473, peak = 572.
OPT-1001 : End Stage 2.7.3 | Optimize Path; Time: 0.320000s wall, 0.320000s user + 0.000000s system = 0.320000s CPU (100.0%); Memory(MB): used = 572, reserved = 473, peak = 572;

OPT-0007 : End flow prepack: SWNS -6030 STNS -257036 NUM_FEPS 111
OPT-1001 : End physical optimization;  3.590000s wall, 5.290000s user + 0.060000s system = 5.350000s CPU (149.0%)

PHY-1001 : End Stage 2.7 | Optimize Design; Time: 3.590000s wall, 5.290000s user + 0.060000s system = 5.350000s CPU (149.0%); Memory(MB): used = 572, reserved = 473, peak = 572;

PHY-1001 : Stage 2.8 | Place Packing
PHY-1001 : Stage 2.8.1 | Packing
SYN-4007 : Packing 0 MUX to BLE ...
SYN-4008 : Packed 0 MUX and 0 SEQ to BLE.
SYN-4007 : Packing 4429 LUT to BLE ...
SYN-4008 : Packed 4429 LUT and 2684 SEQ to BLE.
SYN-4003 : Packing 2708 remaining SEQ's ...
SYN-4005 : Packed 1221 SEQ with LUT/SLICE
SYN-4006 : 589 single LUT's are left
SYN-4006 : 1487 single SEQ's are left
SYN-4011 : Packing model "UDP_Example_Top" (AL_USER_NORMAL) with 5916/6514 primitive instances ...
PHY-1001 : Populate physical database on model UDP_Example_Top.
RUN-1001 : There are total 4036 instances
RUN-1001 : 1940 mslices, 1939 lslices, 101 pads, 37 brams, 0 dsps
RUN-1001 : There are total 8874 nets
RUN-1001 : 5458 nets have 2 pins
RUN-1001 : 2290 nets have [3 - 5] pins
RUN-1001 : 636 nets have [6 - 10] pins
RUN-1001 : 269 nets have [11 - 20] pins
RUN-1001 : 213 nets have [21 - 99] pins
RUN-1001 : 8 nets have 100+ pins
PHY-3001 : Target density is 48%
RUN-1002 : start command "start_timer"
USR-1002 : Derived clock:  create_generated_clock -name {u_clk_gen/u_pll_0/pll_inst.clkc[0]} -source [get_ports {clk_50}] -master_clock {clk_in} -multiply_by 2.5000 -duty_cycle 50.0000 [get_pins {u_clk_gen/u_pll_0/pll_inst.clkc[0]}]
USR-1002 : Derived clock:  create_generated_clock -name {u_clk_gen/u_pll_0/pll_inst.clkc[1]} -source [get_ports {clk_50}] -master_clock {clk_in} -multiply_by 2.5000 -duty_cycle 50.0000 [get_pins {u_clk_gen/u_pll_0/pll_inst.clkc[1]}]
USR-1002 : Derived clock:  create_generated_clock -name {u_clk_gen/u_pll_0/pll_inst.clkc[4]} -source [get_ports {clk_50}] -master_clock {clk_in} -multiply_by 2.5000 -phase 90 -duty_cycle 50.0000 [get_pins {u_clk_gen/u_pll_0/pll_inst.clkc[4]}]
USR-1002 : Derived clock:  create_generated_clock -name {u_pll_50/pll_inst.clkc[0]} -source [get_ports {clk_50}] -master_clock {clk_in} -multiply_by 1.0000 -duty_cycle 50.0000 [get_pins {u_pll_50/pll_inst.clkc[0]}]
USR-1002 : Derived clock:  create_generated_clock -name {u_rx_pll/pll_inst.clkc[0]} -source [get_ports {phy1_rgmii_rx_clk}] -master_clock {phy1_rgmii_rx_clk} -multiply_by 1.0000 -duty_cycle 50.0000 [get_pins {u_rx_pll/pll_inst.clkc[0]}]
USR-1002 : Derived clock:  create_generated_clock -name {u_rx_pll/pll_inst.clkc[1]} -source [get_ports {phy1_rgmii_rx_clk}] -master_clock {phy1_rgmii_rx_clk} -multiply_by 1.0000 -duty_cycle 50.0000 [get_pins {u_rx_pll/pll_inst.clkc[1]}]
USR-1002 : Derived clock:  create_generated_clock -name {t3_sdram/u0_clk/pll_inst.clkc[0]} -source [get_pins {u_pll_50/pll_inst.clkc[0]}] -master_clock {u_pll_50/pll_inst.clkc[0]} -divide_by 4.0000 -duty_cycle 50.0000 [get_pins {t3_sdram/u0_clk/pll_inst.clkc[0]}]
USR-1002 : Derived clock:  create_generated_clock -name {t3_sdram/u0_clk/pll_inst.clkc[1]} -source [get_pins {u_pll_50/pll_inst.clkc[0]}] -master_clock {u_pll_50/pll_inst.clkc[0]} -multiply_by 2.5000 -duty_cycle 50.0000 [get_pins {t3_sdram/u0_clk/pll_inst.clkc[1]}]
USR-1002 : Derived clock:  create_generated_clock -name {t3_sdram/u0_clk/pll_inst.clkc[2]} -source [get_pins {u_pll_50/pll_inst.clkc[0]}] -master_clock {u_pll_50/pll_inst.clkc[0]} -multiply_by 2.5000 -phase 180 -duty_cycle 50.0000 [get_pins {t3_sdram/u0_clk/pll_inst.clkc[2]}]
USR-6001 WARNING: No clocks matched 'get_clocks u_clk_gen/u_pll_0/pll_inst.clkc[3]'
8.000000
USR-8130 CRITICAL-WARNING: No clock match the pattern: u_clk_gen/u_pll_0/pll_inst.clkc\[3\].
USR-8124 CRITICAL-WARNING: Rename_clock: please specify object list.
USR-8159 CRITICAL-WARNING: Command rename_clock -name {pll_inst_25M} [get_clocks {u_clk_gen/u_pll_0/pll_inst.clkc[3]}] in /home/ysara/Desktop/ext/video640 19fps chedao/UDP_EG4_6.2/source_code/constraints/UDP.sdc(8) fails.
RUN-1003 : finish command "start_timer" in  1.000000s wall, 1.000000s user + 0.000000s system = 1.000000s CPU (100.0%)

RUN-1004 : used memory is 577 MB, reserved memory is 478 MB, peak memory is 577 MB
PHY-1001 : End Stage 2.8.1 | Packing; Time: 1.860000s wall, 1.850000s user + 0.000000s system = 1.850000s CPU (99.5%); Memory(MB): used = 577, reserved = 478, peak = 577;

PHY-1001 : Stage 2.8.2 | Post Pack GP
PHY-3001 : Target density is 46%
PHY-3001 : Cell area utilization is 46%
PHY-3001 : After packing: Len = 326958, Over = 76
PHY-3001 : Target density is 46%
PHY-1001 : Stage 2.8.2.1 | Update Timing
PHY-1001 : SWNS: -6115, STNS: -256013, FEP: 91
PHY-1001 : End Stage 2.8.2.1 | Update Timing; Time: 0.040000s wall, 0.040000s user + 0.000000s system = 0.040000s CPU (100.0%); Memory(MB): used = 577, reserved = 478, peak = 577;

PHY-1001 : Stage 2.8.2.2 | Refresh Congestion
RUN-1001 : Generating global routing grids ...
PHY-1001 : Generate routing nets ...
PHY-1001 : Reuse net number 3506/7583.
PHY-1001 : Global iterations in 32 thread ...
PHY-1002 : len = 410816, over cnt = 715(2%), over = 1148, worst = 7
PHY-1002 : len = 416944, over cnt = 447(1%), over = 661, worst = 6
PHY-1002 : len = 424320, over cnt = 124(0%), over = 163, worst = 5
PHY-1002 : len = 426216, over cnt = 31(0%), over = 35, worst = 3
PHY-1002 : len = 426688, over cnt = 0(0%), over = 0, worst = 0
PHY-1001 : End global iterations;  0.160000s wall, 0.200000s user + 0.010000s system = 0.210000s CPU (131.2%)

PHY-1001 : Congestion index:
PHY-1001 : top1  = 46.00(S 56.03, N 72.93, E 56.21, W 49.22, I 0.00, O 0.00)
PHY-1001 : top5  = 37.63(S 44.87, N 56.29, E 47.16, W 39.12, I 0.00, O 0.00)
PHY-1001 : top10 = 33.26(S 38.49, N 47.81, E 41.08, W 34.10, I 0.00, O 0.00)
PHY-1001 : top15 = 30.43(S 34.54, N 42.62, E 36.93, W 30.67, I 0.00, O 0.00)
PHY-1001 : End Stage 2.8.2.2 | Refresh Congestion; Time: 0.270000s wall, 0.300000s user + 0.010000s system = 0.310000s CPU (114.8%); Memory(MB): used = 577, reserved = 478, peak = 577;

PHY-1001 : Stage 2.8.2.3 | GP Iteration
PHY-1001 : End Stage 2.8.2.3 | GP Iteration; Time: 0.250000s wall, 1.190000s user + 0.240000s system = 1.430000s CPU (572.0%); Memory(MB): used = 577, reserved = 478, peak = 577;

PHY-3001 : Multithread accelerating rate: 5.76
PHY-1001 : End Stage 2.8.2 | Post Pack GP; Time: 0.560000s wall, 1.540000s user + 0.250000s system = 1.790000s CPU (319.6%); Memory(MB): used = 577, reserved = 478, peak = 577;

PHY-1001 : End Stage 2.8 | Place Packing; Time: 2.420000s wall, 3.390000s user + 0.250000s system = 3.640000s CPU (150.4%); Memory(MB): used = 577, reserved = 478, peak = 577;

PHY-1001 : Stage 2.9 | Legalization
PHY-3001 : Before Legalized: Len = 357872
PHY-3001 : After Legalized: Len = 384554, Over = 0
PHY-1001 : End Stage 2.9 | Legalization; Time: 0.010000s wall, 0.000000s user + 0.000000s system = 0.000000s CPU (n/a%); Memory(MB): used = 577, reserved = 478, peak = 577;

PHY-1001 : Stage 2.10 | Global Placement Step 3
PHY-3001 : Target density is 46%
PHY-1001 : Stage 2.10.1 | Update Timing
PHY-1001 : SWNS: -7660, STNS: -309277, FEP: 155
PHY-1001 : End Stage 2.10.1 | Update Timing; Time: 0.470000s wall, 0.470000s user + 0.000000s system = 0.470000s CPU (100.0%); Memory(MB): used = 577, reserved = 478, peak = 577;

PHY-1001 : Stage 2.10.2 | Refresh Congestion
RUN-1001 : Generating global routing grids ...
PHY-1001 : Generate routing nets ...
PHY-1001 : Reuse net number 210/8008.
PHY-1001 : Global iterations in 32 thread ...
PHY-1002 : len = 456424, over cnt = 939(2%), over = 1679, worst = 10
PHY-1002 : len = 466736, over cnt = 529(1%), over = 832, worst = 8
PHY-1002 : len = 474904, over cnt = 182(0%), over = 278, worst = 8
PHY-1002 : len = 476248, over cnt = 110(0%), over = 184, worst = 6
PHY-1002 : len = 478448, over cnt = 0(0%), over = 0, worst = 0
PHY-1001 : End global iterations;  0.240000s wall, 0.290000s user + 0.010000s system = 0.300000s CPU (125.0%)

PHY-1001 : Congestion index:
PHY-1001 : top1  = 44.31(S 51.90, N 73.79, E 54.40, W 47.05, I 0.00, O 0.00)
PHY-1001 : top5  = 37.41(S 42.99, N 58.48, E 45.13, W 37.17, I 0.00, O 0.00)
PHY-1001 : top10 = 33.81(S 37.71, N 50.47, E 39.94, W 32.76, I 0.00, O 0.00)
PHY-1001 : top15 = 31.35(S 34.45, N 45.58, E 36.50, W 30.14, I 0.00, O 0.00)
PHY-1001 : End Stage 2.10.2 | Refresh Congestion; Time: 0.350000s wall, 0.410000s user + 0.010000s system = 0.420000s CPU (120.0%); Memory(MB): used = 583, reserved = 484, peak = 583;

PHY-1001 : Stage 2.10.3 | GP Iteration
PHY-1001 : End Stage 2.10.3 | GP Iteration; Time: 0.150000s wall, 0.710000s user + 0.100000s system = 0.810000s CPU (540.0%); Memory(MB): used = 583, reserved = 484, peak = 583;

PHY-3001 : Multithread accelerating rate: 5.47
PHY-1001 : End Stage 2.10 | Global Placement Step 3; Time: 0.980000s wall, 1.610000s user + 0.110000s system = 1.720000s CPU (175.5%); Memory(MB): used = 583, reserved = 484, peak = 583;

PHY-1001 : Stage 2.11 | Final Legalization
PHY-3001 : Before Legalized: Len = 356102
PHY-3001 : After Legalized: Len = 369427, Over = 0
PHY-1001 : End Stage 2.11 | Final Legalization; Time: 0.000000s wall, 0.010000s user + 0.000000s system = 0.010000s CPU (n/a%); Memory(MB): used = 583, reserved = 484, peak = 583;

PHY-1001 : End Stage 2 | Global Placement; Time: 10.590000s wall, 19.050000s user + 1.680000s system = 20.730000s CPU (195.8%); Memory(MB): used = 583, reserved = 484, peak = 583;

PHY-1001 : Stage 3 | Detailed Placement
PHY-1001 : Stage 3.1 | SLICE Detailed Placement
PHY-1001 : Stage 3.1.1 | Spreading
PHY-3001 : Spreading special nets. 154 overflows in 2952 tiles.
PHY-3001 : End spreading;  0.010000s wall, 0.010000s user + 0.000000s system = 0.010000s CPU (100.0%)

PHY-1001 : End Stage 3.1.1 | Spreading; Time: 0.010000s wall, 0.010000s user + 0.000000s system = 0.010000s CPU (100.0%); Memory(MB): used = 583, reserved = 484, peak = 583;

PHY-3001 : Final: Len = 371958, Over = 0
PHY-1001 : End Stage 3.1 | SLICE Detailed Placement; Time: 0.510000s wall, 0.500000s user + 0.000000s system = 0.500000s CPU (98.0%); Memory(MB): used = 583, reserved = 484, peak = 583;

PHY-3001 : End Detailed Place; 
PHY-1001 : Stage 3.2 | Optimize Design
OPT-1001 : Start physical optimization ...
OPT-1001 : Total overflow 0.00 peak overflow 0.00
OPT-1001 : Stage 3.2.1 | Physical Optimization
OPT-1001 : Start high-fanout net optimization in optimize equivalent flow with high effort ...
OPT-1001 : Clean unloaded insts before merging registers
PHY-1001 : Populate physical database on model UDP_Example_Top.
PHY-1001 : Populate physical database on model UDP_Example_Top.
OPT-1001 : Total overflow 0.00 peak overflow 0.00
OPT-1001 : End optimize duplicated nets. Total 96 instances are merged and 1494 sinks are reconnected,  0.060000s wall, 0.070000s user + 0.000000s system = 0.070000s CPU (116.7%)

OPT-1001 : End high-fanout net optimization;  0.060000s wall, 0.070000s user + 0.000000s system = 0.070000s CPU (116.7%)

OPT-1001 : Update timing in Manhattan mode
RUN-1002 : start command "start_timer"
OPT-1001 : End timing update;  0.670000s wall, 0.670000s user + 0.000000s system = 0.670000s CPU (100.0%)

OPT-1001 : Current memory(MB): used = 583, reserved = 485, peak = 583.
OPT-1001 : End Stage 3.2.1 | Physical Optimization; Time: 0.770000s wall, 0.780000s user + 0.000000s system = 0.780000s CPU (101.3%); Memory(MB): used = 583, reserved = 485, peak = 583;

OPT-1001 : Stage 3.2.2 | Synthesize High-fanout Net
OPT-1001 : Start high-fanout net optimization in post-pack flow with high effort ...
OPT-1001 : Start: SWNS -7616 STNS -303071 NUM_FEPS 151
OPT-1001 : Total overflow 0.00 peak overflow 0.00
DBG-001 :  select 43 high fanout candidates
DBG-001 :  crit level 1 net count 3 (fanout thres 50)
DBG-001 :  crit level 2 net count 2 (fanout thres 50)
DBG-001 :  crit level 3 net count 1 (fanout thres 40)
DBG-001 :  crit level 4 net count 13 (fanout thres 30)
DBG-001 :  crit level 5 net count 12 (fanout thres 30)
DBG-001 :  crit level 6 net count 12 (fanout thres 10)
PHY-1001 : Populate physical database on model UDP_Example_Top.
OPT-1001 : 10 high-fanout net processed.
OPT-1001 : Total overflow 0.00 peak overflow 0.00
RUN-1001 : HFN opt statistic
RUN-1001 : ------------------------------------------------------
RUN-1001 :   DriverCell type  |  HFN count  |  Duplicated count  
RUN-1001 : ------------------------------------------------------
RUN-1001 :       LSLICE       |      0      |         0          
RUN-1001 :       MSLICE       |      0      |         0          
RUN-1001 :        OTHER       |     10      |         44         
RUN-1001 :        TOTAL       |     10      |         44         
RUN-1001 : ------------------------------------------------------
OPT-1001 : End high-fanout net optimization;  0.330000s wall, 0.350000s user + 0.000000s system = 0.350000s CPU (106.1%)

OPT-1001 : Current memory(MB): used = 583, reserved = 485, peak = 583.
OPT-1001 : End Stage 3.2.2 | Synthesize High-fanout Net; Time: 0.380000s wall, 0.400000s user + 0.000000s system = 0.400000s CPU (105.3%); Memory(MB): used = 583, reserved = 485, peak = 583;

OPT-1001 : Stage 3.2.3 | Optimize Bottleneck
OPT-1001 : Start bottleneck based optimization ...
OPT-0007 : Start: SWNS -7616 STNS -297771 NUM_FEPS 151
OPT-1001 : Start congestion update ...
RUN-1001 : Generating global routing grids ...
PHY-1001 : Generate routing nets ...
PHY-1001 : Reuse net number 2324/7917.
PHY-1001 : Global iterations in 32 thread ...
PHY-1002 : len = 453024, over cnt = 866(2%), over = 1344, worst = 6
PHY-1002 : len = 461096, over cnt = 495(1%), over = 673, worst = 6
PHY-1002 : len = 466032, over cnt = 216(0%), over = 292, worst = 4
PHY-1002 : len = 467856, over cnt = 125(0%), over = 165, worst = 4
PHY-1002 : len = 470448, over cnt = 0(0%), over = 0, worst = 0
PHY-1001 : End global iterations;  0.210000s wall, 0.270000s user + 0.010000s system = 0.280000s CPU (133.3%)

PHY-1001 : Congestion index:
PHY-1001 : top1  = 42.38(S 51.64, N 71.03, E 52.41, W 44.61, I 0.00, O 0.00)
PHY-1001 : top5  = 35.86(S 42.11, N 57.65, E 43.63, W 35.99, I 0.00, O 0.00)
PHY-1001 : top10 = 32.23(S 37.05, N 50.03, E 38.78, W 31.75, I 0.00, O 0.00)
PHY-1001 : top15 = 30.01(S 33.70, N 45.04, E 35.43, W 29.08, I 0.00, O 0.00)
OPT-1001 : End congestion update;  0.340000s wall, 0.400000s user + 0.010000s system = 0.410000s CPU (120.6%)

PHY-3001 : Start incremental legalization ...
PHY-1001 : Populate physical database on model UDP_Example_Top.
PHY-7002 CRITICAL-WARNING: Instance t3_sdram/sdram location (12, 12) is not honored. Cell's initial location is not legal at the beginning of ECO placement, and will be moved during placement. Please verify user location constraints through the adc file.
PHY-3001 : Target density is 39%
PHY-3001 : Target density is 46%
PHY-3001 : Initial: Len = 372330, Over = 0
PHY-3001 : End spreading;  0.010000s wall, 0.010000s user + 0.000000s system = 0.010000s CPU (100.0%)

PHY-3001 : Final: Len = 372330, Over = 0
PHY-3001 : End incremental legalization;  0.080000s wall, 0.080000s user + 0.000000s system = 0.080000s CPU (100.0%)

OPT-0007 : Iter 1: improved SWNS -7616 STNS -297771 NUM_FEPS 151 with 3(41) cells processed with 1364 slack improved, crit_thod: -7047 ratio: 1.00(3/3) rt: 0.1s
OPT-0007 : Iter 2: improved SWNS -7616 STNS -297771 NUM_FEPS 151 with 0(0) cells processed with 0 slack improved, crit_thod: -6673 ratio: -1.00(0/0) rt: 0.1s
OPT-0007 : Iter 3: improved SWNS -7616 STNS -297771 NUM_FEPS 151 with 0(0) cells processed with 0 slack improved, crit_thod: -6673 ratio: -1.00(0/0) rt: 0.1s
OPT-1001 : End bottleneck based optimization;  0.590000s wall, 0.650000s user + 0.010000s system = 0.660000s CPU (111.9%)

OPT-1001 : Update timing in Manhattan mode
OPT-1001 : End timing update;  0.510000s wall, 0.500000s user + 0.000000s system = 0.500000s CPU (98.0%)

OPT-1001 : Current memory(MB): used = 586, reserved = 487, peak = 586.
OPT-1001 : End Stage 3.2.3 | Optimize Bottleneck; Time: 1.160000s wall, 1.200000s user + 0.010000s system = 1.210000s CPU (104.3%); Memory(MB): used = 586, reserved = 487, peak = 586;

OPT-1001 : Stage 3.2.4 | Optimize Path
OPT-1001 : Start path based optimization ...
OPT-0007 : Start: SWNS -6976 STNS -278975 NUM_FEPS 150 with mode 0
OPT-1001 : Start congestion update ...
RUN-1001 : Generating global routing grids ...
PHY-1001 : Generate routing nets ...
PHY-1001 : Reuse net number 7907/7918.
PHY-1001 : Global iterations in 32 thread ...
PHY-1002 : len = 470880, over cnt = 1(0%), over = 1, worst = 1
PHY-1002 : len = 470896, over cnt = 0(0%), over = 0, worst = 0
PHY-1001 : End global iterations;  0.030000s wall, 0.030000s user + 0.000000s system = 0.030000s CPU (100.0%)

PHY-1001 : Congestion index:
PHY-1001 : top1  = 42.43(S 51.72, N 70.95, E 52.50, W 44.87, I 0.00, O 0.00)
PHY-1001 : top5  = 35.88(S 42.28, N 57.61, E 43.66, W 36.13, I 0.00, O 0.00)
PHY-1001 : top10 = 32.25(S 37.17, N 49.95, E 38.74, W 31.85, I 0.00, O 0.00)
PHY-1001 : top15 = 30.03(S 33.80, N 44.99, E 35.40, W 29.18, I 0.00, O 0.00)
OPT-1001 : End congestion update;  0.140000s wall, 0.140000s user + 0.000000s system = 0.140000s CPU (100.0%)

PHY-3001 : Start incremental legalization ...
PHY-1001 : Populate physical database on model UDP_Example_Top.
PHY-7002 CRITICAL-WARNING: Instance t3_sdram/sdram location (164, 288) is not honored. Cell's initial location is not legal at the beginning of ECO placement, and will be moved during placement. Please verify user location constraints through the adc file.
PHY-3001 : Target density is 39%
PHY-3001 : Target density is 46%
PHY-3001 : Initial: Len = 372788, Over = 0
PHY-3001 : End spreading;  0.010000s wall, 0.020000s user + 0.000000s system = 0.020000s CPU (200.0%)

PHY-3001 : Final: Len = 372788, Over = 0
PHY-3001 : End incremental legalization;  0.070000s wall, 0.070000s user + 0.020000s system = 0.090000s CPU (128.6%)

OPT-0007 : Iter 1: improved SWNS -6976 STNS -278975 NUM_FEPS 150 with 4(89) cells and 101(101) paths processed with 1300 slack improved, crit_thod: -6673 ratio: 1.00(4/4) rt: 0.1s
OPT-0007 : Iter 2: improved SWNS -6976 STNS -278975 NUM_FEPS 150 with 0(0) cells and 0(0) paths processed with 0 slack improved, crit_thod: -6385 ratio: -1.00(0/0) rt: 0.0s
OPT-1001 : End path based optimization;  0.300000s wall, 0.310000s user + 0.020000s system = 0.330000s CPU (110.0%)

OPT-1001 : Update timing in Manhattan mode
OPT-1001 : End timing update;  0.510000s wall, 0.510000s user + 0.000000s system = 0.510000s CPU (100.0%)

OPT-1001 : Current memory(MB): used = 587, reserved = 488, peak = 587.
OPT-1001 : End Stage 3.2.4 | Optimize Path; Time: 0.860000s wall, 0.870000s user + 0.020000s system = 0.890000s CPU (103.5%); Memory(MB): used = 587, reserved = 488, peak = 587;

OPT-1001 : Stage 3.2.5 | Aggressive Optimization
OPT-1001 : End Stage 3.2.5 | Aggressive Optimization; Time: 0.060000s wall, 0.050000s user + 0.000000s system = 0.050000s CPU (83.3%); Memory(MB): used = 587, reserved = 488, peak = 587;

OPT-1001 : Stage 3.2.6 | Optimize Duplicated Nets
OPT-1001 : Start: WNS -6621 TNS -259575 NUM_FEPS 121
OPT-1001 : Clean unloaded insts before merging registers
PHY-1001 : Populate physical database on model UDP_Example_Top.
PHY-1001 : Populate physical database on model UDP_Example_Top.
OPT-1001 : Total overflow 0.00 peak overflow 0.00
OPT-1001 : End optimize duplicated nets. Total 10 instances are merged and 830 sinks are reconnected,  0.160000s wall, 0.160000s user + 0.000000s system = 0.160000s CPU (100.0%)

OPT-1001 : Update timing in Manhattan mode
RUN-1002 : start command "start_timer"
OPT-1001 : End timing update;  0.720000s wall, 0.720000s user + 0.000000s system = 0.720000s CPU (100.0%)

OPT-1001 : Current memory(MB): used = 587, reserved = 488, peak = 587.
OPT-1001 : End Stage 3.2.6 | Optimize Duplicated Nets; Time: 0.930000s wall, 0.930000s user + 0.000000s system = 0.930000s CPU (100.0%); Memory(MB): used = 587, reserved = 488, peak = 587;

OPT-1001 : Stage 3.2.7 | Swap Pins
OPT-1001 : Start pin optimization...
OPT-1001 : skip pin optimization...
OPT-1001 : Current memory(MB): used = 587, reserved = 488, peak = 587.
OPT-1001 : End Stage 3.2.7 | Swap Pins; Time: 0.050000s wall, 0.050000s user + 0.000000s system = 0.050000s CPU (100.0%); Memory(MB): used = 587, reserved = 488, peak = 587;

OPT-0007 : End flow postpack: SWNS -6621 STNS -261225 NUM_FEPS 121
RUN-1001 : Generating global routing grids ...
PHY-1001 : Generate routing nets ...
PHY-1001 : Reuse net number 7876/7904.
PHY-1001 : Global iterations in 32 thread ...
PHY-1002 : len = 467472, over cnt = 49(0%), over = 53, worst = 2
PHY-1002 : len = 468080, over cnt = 19(0%), over = 21, worst = 2
PHY-1002 : len = 468328, over cnt = 3(0%), over = 5, worst = 2
PHY-1002 : len = 468448, over cnt = 0(0%), over = 0, worst = 0
PHY-1001 : End global iterations;  0.080000s wall, 0.080000s user + 0.000000s system = 0.080000s CPU (100.0%)

PHY-1001 : Congestion index:
PHY-1001 : top1  = 42.15(S 51.64, N 71.03, E 52.59, W 44.78, I 0.00, O 0.00)
PHY-1001 : top5  = 35.63(S 41.97, N 57.24, E 43.61, W 36.21, I 0.00, O 0.00)
PHY-1001 : top10 = 32.08(S 36.96, N 49.62, E 38.61, W 31.83, I 0.00, O 0.00)
PHY-1001 : top15 = 29.87(S 33.54, N 44.70, E 35.25, W 29.10, I 0.00, O 0.00)
RUN-1001 : QoR Analysis:
OPT-0007 :   SWNS -6621 STNS -261225 NUM_FEPS 121
RUN-1001 :   No local congestion issue, and most congested 1% tile average routing util is 41.689655
RUN-1001 :   Top critical paths
RUN-1001 :       #1 path slack -6621ps with too many logic level 16 
OPT-1002 :   please consider adjusting synthesis strategy to reduce the large logic level of these critical paths
RUN-1001 :   0 HFN exist on timing critical paths out of 8803 nets
RUN-1001 :   0 long nets exist on timing critical paths out of 8803 nets
OPT-1001 : End physical optimization;  4.470000s wall, 4.540000s user + 0.030000s system = 4.570000s CPU (102.2%)

PHY-1001 : End Stage 3.2 | Optimize Design; Time: 4.470000s wall, 4.540000s user + 0.030000s system = 4.570000s CPU (102.2%); Memory(MB): used = 587, reserved = 488, peak = 587;

PHY-1001 : End Stage 3 | Detailed Placement; Time: 4.980000s wall, 5.040000s user + 0.030000s system = 5.070000s CPU (101.8%); Memory(MB): used = 587, reserved = 488, peak = 587;

PHY-1001 : Stage 4 | Optimize Design
PHY-3001 : Start incremental legalization ...
PHY-1001 : Populate physical database on model UDP_Example_Top.
PHY-7002 CRITICAL-WARNING: Instance t3_sdram/sdram location (164, 288) is not honored. Cell's initial location is not legal at the beginning of ECO placement, and will be moved during placement. Please verify user location constraints through the adc file.
PHY-3001 : Target density is 39%
PHY-3001 : Target density is 46%
PHY-3001 : Initial: Len = 369680, Over = 0
PHY-1001 : Stage 4.1 | Spreading
PHY-3001 : End spreading;  0.020000s wall, 0.010000s user + 0.000000s system = 0.010000s CPU (50.0%)

PHY-1001 : End Stage 4.1 | Spreading; Time: 0.020000s wall, 0.010000s user + 0.000000s system = 0.010000s CPU (50.0%); Memory(MB): used = 588, reserved = 489, peak = 588;

PHY-3001 : Final: Len = 369680, Over = 0
PHY-3001 : End incremental legalization;  0.070000s wall, 0.090000s user + 0.000000s system = 0.090000s CPU (128.6%)

RUN-1002 : start command "report_qor -step place -file place.qor"
RUN-1001 : Generating global routing grids ...
-----------------------------------------------------------
| QoR metrics               |         value               |
-----------------------------------------------------------
| Timing                    |                             |
|     Setup WNS             |        -6621                |
|     Setup TNS             |      -261225                |
|     Num of violated S-EP  |          121                |
|     FMAX                  |    68.395MHz                |
|     SWNS path clock period |       8000ps                |
|     Hold WNS              |         -111                |
|     Hold TNS              |        -2670                |
|     Num of violated H-EP  |           70                |
-----------------------------------------------------------
| Routing Resource          |                             |
|     Wire length           |       368018                |
-----------------------------------------------------------
| Utilization               |                             |
|     #slices               |         3897                |
|     slices percentage     |       39.77%                |
|     #RAMs                 |           37                |
|     #DSPs                 |            0                |
|     #DRAMHARDCON          |            0                |
-----------------------------------------------------------
| Congestion                |                             |
|     Top 1% tile util      |           38                |
|     Top 1% tile avg util  |       41.69%                |
|     Over 100% util #tile  |            0                |
-----------------------------------------------------------
Report place stage QoR done.

PHY-1001 : End Stage 4 | Optimize Design; Time: 0.730000s wall, 0.760000s user + 0.010000s system = 0.770000s CPU (105.5%); Memory(MB): used = 589, reserved = 490, peak = 589;

PHY-1001 : Stage 5 | DRC Check
PHY-1001 : Stage 5.1 | Force Route Constraint Check
PHY-1001 : Check Pass.
PHY-1001 : End Stage 5.1 | Force Route Constraint Check; Time: 0.000000s wall, 0.000000s user + 0.000000s system = 0.000000s CPU (n/a%); Memory(MB): used = 589, reserved = 490, peak = 589;

PHY-1001 : Stage 5.2 | Duplicated SelfDriven Check
PHY-1001 : Check pass.
PHY-1001 : End Stage 5.2 | Duplicated SelfDriven Check; Time: 0.020000s wall, 0.010000s user + 0.000000s system = 0.010000s CPU (50.0%); Memory(MB): used = 589, reserved = 490, peak = 589;

PHY-1001 : Stage 5.3 | Clock Rule Check
PHY-1001 : End Stage 5.3 | Clock Rule Check; Time: 0.000000s wall, 0.000000s user + 0.000000s system = 0.000000s CPU (n/a%); Memory(MB): used = 589, reserved = 490, peak = 589;

PHY-1001 : End Stage 5 | DRC Check; Time: 0.020000s wall, 0.020000s user + 0.000000s system = 0.020000s CPU (100.0%); Memory(MB): used = 589, reserved = 490, peak = 589;

OPT-1001 : QoR tracer report on placement steps:
    SWNS [   incr ]     STNS [    incr ]    FEPS [   incr ]    CRIT [   incr ]      CELL [     incr ]        WL [     incr ]    CONG [   incr ]    PDES [   incr ]   RT(s) [   incr ]   MEM(mb) [     incr ]
       0 [      0 ]        0 [       0 ]       0 [      0 ]       0 [      0 ]     10193 [        0 ]         0 [        0 ]    0.00 [   0.00 ]       0 [      0 ]       0 [      0 ]       473 [        0 ] : preplace:simplify_lut
       0 [      0 ]        0 [       0 ]       0 [      0 ]       0 [      0 ]     10193 [        0 ]         0 [        0 ]    0.00 [   0.00 ]       0 [      0 ]       0 [      0 ]       474 [        1 ] : preplace:sweep
       0 [      0 ]        0 [       0 ]       0 [      0 ]       0 [      0 ]     10193 [        0 ]         0 [        0 ]    0.00 [   0.00 ]       0 [      0 ]       0 [      0 ]       474 [        0 ] : preplace:hfn_opt
   -8415 [  -8415 ]  -336262 [ -336262 ]     119 [    119 ]    2035 [   2035 ]     10196 [        3 ]    273710 [   273710 ]    0.00 [   0.00 ]       0 [      0 ]       2 [      2 ]       527 [       53 ] : step1_gp
   -8415 [      0 ]  -336262 [       0 ]     119 [      0 ]    1987 [    -48 ]     10196 [        0 ]    293089 [    19379 ]    0.00 [   0.00 ]       0 [      0 ]       2 [      0 ]       527 [        0 ] : step1_legal
   -8165 [    250 ]  -353506 [  -17244 ]     157 [     38 ]    2059 [     72 ]     10196 [        0 ]    333376 [    40287 ]   67.90 [  67.90 ]       0 [      0 ]       3 [      1 ]       561 [       34 ] : step2_gp
   -6616 [   1549 ]  -275338 [   78168 ]     153 [     -4 ]    2147 [     88 ]     10419 [      223 ]    318145 [   -15231 ]   55.07 [ -12.83 ]       0 [      0 ]       6 [      3 ]       571 [       10 ] : prepack:hfn_opt
   -6030 [    586 ]  -257036 [   18302 ]     111 [    -42 ]    2147 [      0 ]     10419 [        0 ]    319227 [     1082 ]   44.10 [ -10.97 ]       0 [      0 ]       6 [      0 ]       571 [        0 ] : prepack:bn_opt
   -6030 [      0 ]  -257036 [       0 ]     111 [      0 ]    2147 [      0 ]     10419 [        0 ]    319287 [       60 ]   44.10 [   0.00 ]       0 [      0 ]       7 [      1 ]       572 [        1 ] : prepack:path_opt
   -6115 [    -85 ]  -256013 [    1023 ]      91 [    -20 ]    1953 [   -194 ]      4036 [    -6383 ]    325282 [     5995 ]   44.10 [   0.00 ]       0 [      0 ]       9 [      2 ]       577 [        5 ] : pack
   -7454 [  -1339 ]  -296375 [  -40362 ]     155 [     64 ]    2035 [     82 ]      4036 [        0 ]    367750 [    42468 ]   43.83 [  -0.28 ]       0 [      0 ]      11 [      2 ]       583 [        6 ] : post_pack_place
   -7504 [    -50 ]  -300075 [   -3700 ]     155 [      0 ]    1976 [    -59 ]      4036 [        0 ]    370282 [     2532 ]   43.83 [   0.00 ]       0 [      0 ]      11 [      0 ]       583 [        0 ] : post_pack_spreading
   -7616 [   -112 ]  -303071 [   -2996 ]     151 [     -4 ]    2126 [    150 ]      4018 [      -18 ]    360232 [   -10050 ]   43.83 [   0.00 ]       0 [      0 ]      12 [      1 ]       583 [        0 ] : postpack:optimize_equivalent_quick
   -7616 [      0 ]  -297771 [    5300 ]     151 [      0 ]    2080 [    -46 ]      4062 [       44 ]    370230 [     9998 ]   43.83 [   0.00 ]       0 [      0 ]      12 [      0 ]       583 [        0 ] : postpack:hfn_opt
   -6976 [    640 ]  -278975 [   18796 ]     150 [     -1 ]    2080 [      0 ]      4062 [        0 ]    370666 [      436 ]   41.97 [  -1.86 ]       0 [      0 ]      13 [      1 ]       586 [        3 ] : postpack:bn_opt
   -6621 [    355 ]  -259575 [   19400 ]     121 [    -29 ]    2080 [      0 ]      4062 [        0 ]    371124 [      458 ]   42.00 [   0.03 ]       0 [      0 ]      14 [      1 ]       587 [        1 ] : postpack:path_opt
   -6621 [      0 ]  -259575 [       0 ]     121 [      0 ]    2080 [      0 ]      4062 [        0 ]    371124 [        0 ]   42.00 [   0.00 ]       0 [      0 ]      14 [      0 ]       587 [        0 ] : postpack:aggressive_opt
   -6621 [      0 ]  -261225 [   -1650 ]     121 [      0 ]    2121 [     41 ]      4054 [       -8 ]    368018 [    -3106 ]   42.00 [   0.00 ]       0 [      0 ]      15 [      1 ]       587 [        0 ] : postpack:optimize_equivalent
   -6621 [      0 ]  -261225 [       0 ]     121 [      0 ]    2121 [      0 ]      4054 [        0 ]    368018 [        0 ]   42.00 [   0.00 ]       0 [      0 ]      15 [      0 ]       587 [        0 ] : postpack:pin_opt

RUN-1003 : finish command "place" in  16.910000s wall, 25.470000s user + 1.720000s system = 27.190000s CPU (160.8%)

RUN-1004 : used memory is 589 MB, reserved memory is 490 MB, peak memory is 589 MB
RUN-1002 : start command "update_timing -mode manhattan"
RUN-1002 : start command "start_timer"
RUN-1002 : start command "report_timing_status -file UDP_EXAMPLE_place.ts"
RUN-1002 : start command "report_timing_summary -file UDP_EXAMPLE_place.timing"
RUN-1002 : start command "report_area -io_info -file UDP_EXAMPLE_phy.area"
RUN-1001 : standard
***Report Model: UDP_Example_Top Device: EG4S20BG256***

IO Statistics
#IO                        46   out of    188   24.47%
  #input                   21
  #output                  24
  #inout                    1
#virtual IO                 3
  #input                    0
  #output                   0
  #inout                    0

Utilization Statistics
#lut                     5547   out of  19600   28.30%
#reg                     5505   out of  19600   28.09%
#le                      6993
  #lut only              1488   out of   6993   21.28%
  #reg only              1446   out of   6993   20.68%
  #lut&reg               4059   out of   6993   58.04%
#bram                      37   out of     64   57.81%
  #bram9k                  37
  #fifo9k                   0
#bram32k                    0   out of     16    0.00%
#dsp                        0   out of     29    0.00%
#pad                       46   out of    188   24.47%
  #ireg                    15
  #oreg                     9
  #treg                     0
#pll                        4   out of      4  100.00%
#gclk                       8   out of     16   50.00%

RUN-1002 : start command "flow_status -file place_flow.status"
Location         : /home/ysara/Desktop/ext/video640 19fps chedao/UDP_EG4_6.2/prj/UDP_EXAMPLE/UDP_EXAMPLE_Runs/phy_1
Running with     : Tang Dynasty v6.2.175876
                   Copyright (c) 2012-2025 Anlogic Inc.
Top Model        : UDP_Example_Top
Device           : EG4S20BG256
Speed            : NA

Timing Mode      : manhattan
Setup            : WNS -6621ps  TNS  -261225ps  NUM_FEPS   121
Hold             : WNS  -111ps  TNS    -2670ps  NUM_FEPS    70

Flow Statistics  :
RUN-1001 : Flow Statistics:
RUN-1001 : --------------------------------------------------------------------------------------------------
RUN-1001 :      command     |  #calls  |  wall time  |  cpu time(s)  |  used memory(mb)  |  peak memory(mb)  
RUN-1001 : --------------------------------------------------------------------------------------------------
RUN-1001 :       place      |    1     |  16s(100%)  |   26(100%)    |        589        |        589        
RUN-1001 :     import_db    |    3     |   0s(0%)    |     0(0%)     |        453        |        453        
RUN-1001 :   import_device  |    1     |   0s(0%)    |     0(0%)     |        269        |        269        
RUN-1001 :       pack       |    1     |   0s(0%)    |     0(0%)     |        470        |        470        
RUN-1001 : --------------------------------------------------------------------------------------------------
RUN-1001 :       total      |    6     |     16s     |      26       |        589        |        589        
RUN-1001 : --------------------------------------------------------------------------------------------------
RUN-1002 : start command "report_clock_utilization -file place_clock_utilization.txt"
RUN-1001 : Device not support command report_clock_utilization.
RUN-1002 : start command "export_db UDP_EXAMPLE_place.db"
RUN-1001 : Exported flow parameters
RUN-1001 : Exported /
RUN-1001 : Exported libs
RUN-1001 : Exported entities
RUN-1001 : Exported ports
RUN-1001 : Exported pins
RUN-1001 : Exported instances
RUN-1001 : Exported nets
RUN-1001 : Exported buses
RUN-1001 : Exported models
RUN-1001 : Exported phy database
RUN-1001 : Exported packer
RUN-1001 : Exported congestions
RUN-1001 : Exported violations
RUN-1001 : Exported ATMR Setting
RUN-1001 : Exported timing constraints
RUN-1001 : Exported IO constraints
RUN-1001 : Exported Inst constraints
RUN-1001 : Exported ChipWatcher
RUN-1002 : start command "commit_param -step route"
RUN-1001 : Print Global Property
RUN-1001 : --------------------------------------------------------
RUN-1001 :   Parameters   |  Settings  |  Default Values  |  Note  
RUN-1001 : --------------------------------------------------------
RUN-1001 :   enable_seed  |    off     |       off        |        
RUN-1001 :     message    |  standard  |     standard     |        
RUN-1001 :   qor_monitor  |     on     |        on        |        
RUN-1001 :   syn_ip_flow  |    off     |       off        |        
RUN-1001 :     thread     |    auto    |       auto       |        
RUN-1001 : --------------------------------------------------------
RUN-1001 : Print Route Property
RUN-1001 : -------------------------------------------------------
RUN-1001 :   Parameters  |  Settings  |  Default Values  |  Note  
RUN-1001 : -------------------------------------------------------
RUN-1001 :     effort    |   normal   |      normal      |        
RUN-1001 :    fix_hold   |     on     |        on        |        
RUN-1001 :     timing    |     on     |        on        |        
RUN-1001 : -------------------------------------------------------
RUN-1002 : start command "route"
RUN-1001 : Open license file /home/ysara/Desktop/TD_6.2.1_Release_175876_NL/license/Anlogic.lic
PHY-1001 : Route runs in 32 thread(s)
RUN-1001 : There are total 4054 instances
RUN-1001 : 1948 mslices, 1949 lslices, 101 pads, 37 brams, 0 dsps
RUN-1001 : There are total 8803 nets
RUN-1001 : 5439 nets have 2 pins
RUN-1001 : 2280 nets have [3 - 5] pins
RUN-1001 : 644 nets have [6 - 10] pins
RUN-1001 : 242 nets have [11 - 20] pins
RUN-1001 : 187 nets have [21 - 99] pins
RUN-1001 : 11 nets have 100+ pins
RUN-1002 : start command "start_timer"
PHY-1001 : 1948 mslices, 1949 lslices, 101 pads, 37 brams, 0 dsps

PHY-1001 : Stage 1 | Global Routing
PHY-1001 : Start global routing, caller is route ...
RUN-1001 : Generating global routing grids ...
PHY-1001 : Generate routing nets ...
RUN-1001 : Generate nets statistics:
RUN-1001 : ----------------------------
RUN-1001 :        Type       |  Nets   
RUN-1001 : ----------------------------
RUN-1001 :   TotalRouteNets  |  8322   
RUN-1001 :   DontRouteNets   |   599   
RUN-1001 :     RouteNets     |  7723   
RUN-1001 :     RouteSinks    |  18168  
RUN-1001 : ----------------------------
PHY-1001 : Global iterations in 32 thread ...
PHY-1002 : len = 439104, over cnt = 912(2%), over = 1670, worst = 9
PHY-1002 : len = 451024, over cnt = 479(1%), over = 744, worst = 9
PHY-1002 : len = 459528, over cnt = 89(0%), over = 132, worst = 7
PHY-1002 : len = 461072, over cnt = 0(0%), over = 0, worst = 0
PHY-1001 : End global iterations;  0.210000s wall, 0.270000s user + 0.000000s system = 0.270000s CPU (128.6%)

PHY-1001 : Congestion index:
PHY-1001 : top1  = 42.59(S 52.76, N 69.31, E 52.93, W 43.81, I 0.00, O 0.00)
PHY-1001 : top5  = 35.39(S 42.06, N 56.96, E 44.40, W 35.27, I 0.00, O 0.00)
PHY-1001 : top10 = 31.86(S 36.81, N 49.44, E 39.06, W 31.23, I 0.00, O 0.00)
PHY-1001 : top15 = 29.59(S 33.23, N 44.38, E 35.56, W 28.66, I 0.00, O 0.00)
PHY-1001 : End global routing;  0.330000s wall, 0.410000s user + 0.000000s system = 0.410000s CPU (124.2%)

PHY-1001 : End Stage 1 | Global Routing; Time: 0.330000s wall, 0.410000s user + 0.000000s system = 0.410000s CPU (124.2%); Memory(MB): used = 625, reserved = 526, peak = 625;

PHY-1001 : Stage 2 | Detail Routing
PHY-1001 : Stage 2.1 | Build Routing Design
PHY-1001 : Routing in high effort: false
PHY-1001 : Routing Mode: normal
PHY-1001 : Generate detailed routing grids ...
PHY-1001 : End build routing graph; 1.110000s wall, 1.100000s user + 0.020000s system = 1.120000s CPU (100.9%)

PHY-1001 : Generate nets ...
PHY-1001 : net clk_50_dup_1 will be routed on clock mesh
PHY-1001 : clock net temac_clk will be merged with clock u_clk_gen/u_pll_0/clk0_buf
PHY-1001 : net temac_clk90 will be routed on clock mesh
PHY-1001 : net udp_clk will be routed on clock mesh
PHY-1001 : clock net t3_sdram/u0_clk/clk0_out will be merged with clock t3_sdram/u0_clk/clk0_buf
PHY-1001 : net t3_sdram/u1_app_wrrd/clk will be routed on clock mesh
PHY-1001 : net t3_sdram/u2_ram/SDRAM_CLK will be routed on clock mesh
PHY-1001 : clock net cwc_jtck_syn_2 will be merged with clock cwc_jtck
PHY-1001 : clock net u_ov5640_dri/u_i2c_dr/dri_clk_syn_4 will be merged with clock u_ov5640_dri/u_i2c_dr/dri_clk
PHY-1001 : clock net t3_sdram/u1_app_wrrd/u_wr_fifo_sdr_data/clkw_syn_2 will be merged with clock t3_sdram/u1_app_wrrd/u_wr_fifo_sdr_data/clkw
PHY-1001 : net auto_created_cwc1/wrapper_cwc_top/U_cwc_ram/clka will be routed on clock mesh
PHY-1001 : clock net u_rx_pll/clk0_out will be merged with clock u_rx_pll/clk0_buf
PHY-1001 : clock net u_ov5640_dri/u_i2c_dr/clk will be merged with clock u_pll_50/clk0_buf
PHY-1001 : clock net u4_trimac_block/rx_clk will be merged with clock u4_trimac_block/u1_rgmii_interface/rgmii_rxc
RUN-1001 : Generate nets statistics:
RUN-1001 : ------------------------------
RUN-1001 :         Type        |  Nets   
RUN-1001 : ------------------------------
RUN-1001 :        Route        |  8322   
RUN-1001 :      DontRoute      |   481   
RUN-1001 :      RouteSinks     |  29435  
RUN-1001 :   RouteEntitySinks  |    0    
RUN-1001 :       Lut2Dff       |    0    
RUN-1001 :       Ram2Dff       |    0    
RUN-1001 :      Carry2Dff      |    0    
RUN-1001 : ------------------------------
RUN-1001 : DR clock net summary:
RUN-1001 : ---------------------------------------------------------------------------------
RUN-1001 :   Net Idx  |                       Net Name                       |  Clock Type  
RUN-1001 : ---------------------------------------------------------------------------------
RUN-1001 :      1     |   auto_created_cwc1/wrapper_cwc_top/U_cwc_ram/clka   |    Normal    
RUN-1001 :      2     |                     clk_50_dup_1                     |    Normal    
RUN-1001 :      3     |                    cwc_jtck_syn_2                    |    Normal    
RUN-1001 :      4     |               t3_sdram/u0_clk/clk0_out               |    Normal    
RUN-1001 :      5     |               t3_sdram/u1_app_wrrd/clk               |    Normal    
RUN-1001 :      6     |  t3_sdram/u1_app_wrrd/u_wr_fifo_sdr_data/clkw_syn_2  |    Normal    
RUN-1001 :      7     |              t3_sdram/u2_ram/SDRAM_CLK               |    Normal    
RUN-1001 :      8     |                      temac_clk                       |    Normal    
RUN-1001 :      9     |                     temac_clk90                      |    Normal    
RUN-1001 :     10     |                u4_trimac_block/rx_clk                |    Normal    
RUN-1001 :     11     |              u_ov5640_dri/u_i2c_dr/clk               |    Normal    
RUN-1001 :     12     |         u_ov5640_dri/u_i2c_dr/dri_clk_syn_4          |    Normal    
RUN-1001 :     13     |                  u_rx_pll/clk0_out                   |    Normal    
RUN-1001 :     14     |                       udp_clk                        |    Normal    
RUN-1001 : ---------------------------------------------------------------------------------
RUN-1001 : DR clock buffer summary:
RUN-1001 : ----------------
RUN-1001 :   Idx  |  Name  
RUN-1001 : ----------------
RUN-1001 : ----------------
PHY-1001 : End Stage 2.1 | Build Routing Design; Time: 1.230000s wall, 1.220000s user + 0.020000s system = 1.240000s CPU (100.8%); Memory(MB): used = 836, reserved = 736, peak = 836;

RUN-1001 : Top Percentage Crit. Net Stat.
RUN-1001 : --------------------------------------------------------
RUN-1001 :   Top %  |  Net Count  |  Avg. Fanout  |   Avg. Slack   
RUN-1001 : --------------------------------------------------------
RUN-1001 :     1    |     88      |   3.818182    |  -6502.125000  
RUN-1001 :     2    |     176     |   3.335227    |  -6235.698864  
RUN-1001 :     3    |     264     |   4.231061    |  -5001.223485  
RUN-1001 :     4    |     352     |   4.244318    |  -3896.241477  
RUN-1001 :     5    |     440     |   3.909091    |  -2746.431818  
RUN-1001 :     6    |     528     |   3.785985    |  -1909.357955  
RUN-1001 :     7    |     616     |   3.875000    |  -1284.965909  
RUN-1001 :     8    |     704     |   3.806818    |  -798.482955   
RUN-1001 :     9    |     792     |   3.753788    |  -409.986111   
RUN-1001 :    10    |     880     |   3.713636    |   -90.888636   
RUN-1001 : --------------------------------------------------------
PHY-1001 : Stage 2.2 | Clock Nets Routing
PHY-1001 : Routed 0% nets.
PHY-1001 : len = 185120, over cnt = 0(0%), over = 0, worst = 0, crit = 0
PHY-1001 : End Stage 2.2 | Clock Nets Routing; Time: 4.310000s wall, 4.210000s user + 0.010000s system = 4.220000s CPU (97.9%); Memory(MB): used = 861, reserved = 761, peak = 861;

PHY-1001 : Stage 2.3 | Routing Initialization
PHY-1001 : Mark 1% net(place mode slack < -6377ps) as critical nets.
PHY-1001 : Stage 2.3.1 | Normal Nets Routing
PHY-1001 : Routed 94% nets.
PHY-1001 : len = 814760, over cnt = 632(0%), over = 633, worst = 2, crit = 0
PHY-1001 : End Stage 2.3.1 | Normal Nets Routing; Time: 7.180000s wall, 12.220000s user + 0.100000s system = 12.320000s CPU (171.6%); Memory(MB): used = 865, reserved = 765, peak = 865;

PHY-1001 : Stage 2.3.2 | Update Timing
RUN-1002 : start command "start_timer"
USR-1002 : Derived clock:  create_generated_clock -name {u_clk_gen/u_pll_0/pll_inst.clkc[0]} -source [get_ports {clk_50}] -master_clock {clk_in} -multiply_by 2.5000 -duty_cycle 50.0000 [get_pins {u_clk_gen/u_pll_0/pll_inst.clkc[0]}]
USR-1002 : Derived clock:  create_generated_clock -name {u_clk_gen/u_pll_0/pll_inst.clkc[1]} -source [get_ports {clk_50}] -master_clock {clk_in} -multiply_by 2.5000 -duty_cycle 50.0000 [get_pins {u_clk_gen/u_pll_0/pll_inst.clkc[1]}]
USR-1002 : Derived clock:  create_generated_clock -name {u_clk_gen/u_pll_0/pll_inst.clkc[4]} -source [get_ports {clk_50}] -master_clock {clk_in} -multiply_by 2.5000 -phase 90 -duty_cycle 50.0000 [get_pins {u_clk_gen/u_pll_0/pll_inst.clkc[4]}]
USR-1002 : Derived clock:  create_generated_clock -name {u_pll_50/pll_inst.clkc[0]} -source [get_ports {clk_50}] -master_clock {clk_in} -multiply_by 1.0000 -duty_cycle 50.0000 [get_pins {u_pll_50/pll_inst.clkc[0]}]
USR-1002 : Derived clock:  create_generated_clock -name {u_rx_pll/pll_inst.clkc[0]} -source [get_ports {phy1_rgmii_rx_clk}] -master_clock {phy1_rgmii_rx_clk} -multiply_by 1.0000 -duty_cycle 50.0000 [get_pins {u_rx_pll/pll_inst.clkc[0]}]
USR-1002 : Derived clock:  create_generated_clock -name {u_rx_pll/pll_inst.clkc[1]} -source [get_ports {phy1_rgmii_rx_clk}] -master_clock {phy1_rgmii_rx_clk} -multiply_by 1.0000 -duty_cycle 50.0000 [get_pins {u_rx_pll/pll_inst.clkc[1]}]
USR-1002 : Derived clock:  create_generated_clock -name {t3_sdram/u0_clk/pll_inst.clkc[0]} -source [get_pins {u_pll_50/pll_inst.clkc[0]}] -master_clock {u_pll_50/pll_inst.clkc[0]} -divide_by 4.0000 -duty_cycle 50.0000 [get_pins {t3_sdram/u0_clk/pll_inst.clkc[0]}]
USR-1002 : Derived clock:  create_generated_clock -name {t3_sdram/u0_clk/pll_inst.clkc[1]} -source [get_pins {u_pll_50/pll_inst.clkc[0]}] -master_clock {u_pll_50/pll_inst.clkc[0]} -multiply_by 2.5000 -duty_cycle 50.0000 [get_pins {t3_sdram/u0_clk/pll_inst.clkc[1]}]
USR-1002 : Derived clock:  create_generated_clock -name {t3_sdram/u0_clk/pll_inst.clkc[2]} -source [get_pins {u_pll_50/pll_inst.clkc[0]}] -master_clock {u_pll_50/pll_inst.clkc[0]} -multiply_by 2.5000 -phase 180 -duty_cycle 50.0000 [get_pins {t3_sdram/u0_clk/pll_inst.clkc[2]}]
USR-6001 WARNING: No clocks matched 'get_clocks u_clk_gen/u_pll_0/pll_inst.clkc[3]'
8.000000
USR-8130 CRITICAL-WARNING: No clock match the pattern: u_clk_gen/u_pll_0/pll_inst.clkc\[3\].
USR-8124 CRITICAL-WARNING: Rename_clock: please specify object list.
USR-8159 CRITICAL-WARNING: Command rename_clock -name {pll_inst_25M} [get_clocks {u_clk_gen/u_pll_0/pll_inst.clkc[3]}] in /home/ysara/Desktop/ext/video640 19fps chedao/UDP_EG4_6.2/source_code/constraints/UDP.sdc(8) fails.
TMR-2502 : Net delay update with mode: Routed
PHY-1001 : 709/8322(8%) critical/total net(s).
PHY-1001 : Setup: WNS(ns) = -10.439, TNS(ns) = -807.577, FEP = 653 | Hold: WNS(ns) = -1.540, TNS(ns) = -18.474, FEP = 27.
PHY-1001 : End Stage 2.3.2 | Update Timing; Time: 1.720000s wall, 1.690000s user + 0.010000s system = 1.700000s CPU (98.8%); Memory(MB): used = 869, reserved = 769, peak = 869;

PHY-1001 : End Stage 2.3 | Routing Initialization; Time: 8.930000s wall, 13.940000s user + 0.110000s system = 14.050000s CPU (157.3%); Memory(MB): used = 869, reserved = 769, peak = 869;

PHY-1001 : Stage 2.4 | Routing Optimization
PHY-1001 : Build lut bridge;  0.050000s wall, 0.040000s user + 0.000000s system = 0.040000s CPU (80.0%)

PHY-1001 : Stage 2.4.1 | Phase 1
PHY-1001 : Stage 2.4.1.1 | Setup TimeOptimization
PHY-1001 : Start to optimize setup violation with net base ...
PHY-1001 : Iter 1; Processed 197 pins with SWNS -9.618ns STNS -501.921ns FEP 163 took 3.09 seconds.
PHY-1001 : len = 823152, over cnt = 743(0%), over = 744, worst = 2, crit = 0
PHY-1001 : End Stage 2.4.1.1 | Setup TimeOptimization; Time: 3.160000s wall, 3.080000s user + 0.000000s system = 3.080000s CPU (97.5%); Memory(MB): used = 870, reserved = 770, peak = 870;

PHY-1001 : Stage 2.4.1.2 | Rip-up And ReRoute
PHY-1001 : Iter 1: len = 824240, over cnt = 185(0%), over = 185, worst = 1, crit = 0, time(s) = 0.32
PHY-1001 : Iter 2: len = 824304, over cnt = 106(0%), over = 106, worst = 1, crit = 0, time(s) = 0.08
PHY-1001 : Iter 3: len = 824312, over cnt = 95(0%), over = 95, worst = 1, crit = 0, time(s) = 0.05
PHY-1001 : Iter 4: len = 825224, over cnt = 30(0%), over = 30, worst = 1, crit = 0, time(s) = 0.04
PHY-1001 : Iter 5: len = 825288, over cnt = 24(0%), over = 24, worst = 1, crit = 0, time(s) = 0.02
PHY-1001 : Iter 6: len = 825440, over cnt = 13(0%), over = 13, worst = 1, crit = 0, time(s) = 0.02
PHY-1001 : Iter 7: len = 825536, over cnt = 8(0%), over = 8, worst = 1, crit = 0, time(s) = 0.02
PHY-1001 : Iter 8: len = 825712, over cnt = 1(0%), over = 1, worst = 1, crit = 0, time(s) = 0.00
PHY-1001 : Iter 9: len = 825712, over cnt = 1(0%), over = 1, worst = 1, crit = 0, time(s) = 0.01
PHY-1001 : Iter 10: len = 825712, over cnt = 1(0%), over = 1, worst = 1, crit = 0, time(s) = 0.00
PHY-1001 : Iter 11: len = 825712, over cnt = 1(0%), over = 1, worst = 1, crit = 0, time(s) = 0.01
PHY-1001 : Iter 12: len = 825768, over cnt = 0(0%), over = 0, worst = 0, crit = 0, time(s) = 0.00
PHY-1001 : End Stage 2.4.1.2 | Rip-up And ReRoute; Time: 0.580000s wall, 1.320000s user + 0.020000s system = 1.340000s CPU (231.0%); Memory(MB): used = 871, reserved = 771, peak = 871;

PHY-1001 : Stage 2.4.1.3 | Update Timing
RUN-1002 : start command "start_timer"
PHY-1001 : 608/8322(7%) critical/total net(s).
PHY-1001 : Setup: WNS(ns) = -9.900, TNS(ns) = -554.824, FEP = 291 | Hold: WNS(ns) = -1.540, TNS(ns) = -18.410, FEP = 27.
PHY-1001 : End Stage 2.4.1.3 | Update Timing; Time: 0.980000s wall, 0.960000s user + 0.000000s system = 0.960000s CPU (98.0%); Memory(MB): used = 872, reserved = 772, peak = 872;

PHY-1001 : Stage 2.4.1.4 | Commit Data
PHY-1001 : Commit better result to database ...
PHY-1001 : 152 feed throughs used by 137 nets
PHY-1001 : End Stage 2.4.1.4 | Commit Data; Time: 0.270000s wall, 0.270000s user + 0.010000s system = 0.280000s CPU (103.7%); Memory(MB): used = 903, reserved = 803, peak = 903;

PHY-1001 : End Stage 2.4.1 | Phase 1; Time: 5.080000s wall, 5.720000s user + 0.030000s system = 5.750000s CPU (113.2%); Memory(MB): used = 903, reserved = 803, peak = 903;

PHY-1001 : Stage 2.4.2 | Phase 2
PHY-1001 : Stage 2.4.2.1 | Setup TimeOptimization
PHY-1001 : Start to optimize setup violation with net base ...
PHY-1001 : Iter 1; Processed 71 pins with SWNS -9.619ns STNS -502.004ns FEP 163 took 0.94 seconds.
PHY-1001 : len = 827656, over cnt = 51(0%), over = 51, worst = 1, crit = 0
PHY-1001 : End Stage 2.4.2.1 | Setup TimeOptimization; Time: 1.020000s wall, 1.020000s user + 0.000000s system = 1.020000s CPU (100.0%); Memory(MB): used = 903, reserved = 803, peak = 903;

PHY-1001 : Stage 2.4.2.2 | Rip-up And ReRoute
PHY-0007 : Congestion: {44.70, 38.60, 35.37, 33.36}; Timing: {-9.619ns, -502.004ns, 163}
PHY-1001 : Iter 1: len = 827416, over cnt = 0(0%), over = 0, worst = 0, crit = 0, time(s) = 0.03
PHY-1001 : End Stage 2.4.2.2 | Rip-up And ReRoute; Time: 0.060000s wall, 0.110000s user + 0.000000s system = 0.110000s CPU (183.3%); Memory(MB): used = 903, reserved = 803, peak = 903;

PHY-1001 : Stage 2.4.2.3 | Update Timing
RUN-1002 : start command "start_timer"
PHY-1001 : 588/8322(7%) critical/total net(s).
PHY-1001 : Setup: WNS(ns) = -9.797, TNS(ns) = -523.412, FEP = 253 | Hold: WNS(ns) = -1.540, TNS(ns) = -18.410, FEP = 27.
PHY-1001 : End Stage 2.4.2.3 | Update Timing; Time: 0.950000s wall, 0.960000s user + 0.000000s system = 0.960000s CPU (101.1%); Memory(MB): used = 904, reserved = 804, peak = 904;

PHY-1001 : Stage 2.4.2.4 | Commit Data
PHY-1001 : Commit better result to database ...
PHY-1001 : 161 feed throughs used by 142 nets
PHY-1001 : End Stage 2.4.2.4 | Commit Data; Time: 0.290000s wall, 0.300000s user + 0.000000s system = 0.300000s CPU (103.4%); Memory(MB): used = 904, reserved = 804, peak = 904;

PHY-1001 : End Stage 2.4.2 | Phase 2; Time: 2.400000s wall, 2.470000s user + 0.000000s system = 2.470000s CPU (102.9%); Memory(MB): used = 904, reserved = 804, peak = 904;

PHY-1001 : End Stage 2.4 | Routing Optimization; Time: 8.330000s wall, 9.020000s user + 0.030000s system = 9.050000s CPU (108.6%); Memory(MB): used = 904, reserved = 804, peak = 904;

PHY-1001 : Stage 2.5 | Multi-try route Optimization
PHY-1001 : Stop running multi-try route opt due to bad SWNS -9797ps or STNS -523412ps. Use parameter "set_param route multi_try_route_bad_qor_check off" to skip the check
PHY-1001 : End Stage 2.5 | Multi-try route Optimization; Time: 0.020000s wall, 0.020000s user + 0.000000s system = 0.020000s CPU (100.0%); Memory(MB): used = 905, reserved = 805, peak = 905;

PHY-1003 : Routed, final wirelength = 827416
RUN-1002 : start command "export_db UDP_EXAMPLE_pr.db"
RUN-1001 : Exported flow parameters
RUN-1001 : Exported /
RUN-1001 : Exported libs
RUN-1001 : Exported entities
RUN-1001 : Exported ports
RUN-1001 : Exported pins
RUN-1001 : Exported instances
RUN-1001 : Exported nets
RUN-1001 : Exported buses
RUN-1001 : Exported models
RUN-1001 : Exported phy database
RUN-1001 : Exported packer
RUN-1001 : Exported congestions
RUN-1001 : Exported violations
RUN-1001 : Exported ATMR Setting
RUN-1001 : Exported timing constraints
RUN-1001 : Exported IO constraints
RUN-1001 : Exported Inst constraints
RUN-1001 : Exported ChipWatcher
PHY-1001 : Current memory(MB): used = 956, reserved = 856, peak = 956.
PHY-1001 : End export database. 0.230000s wall, 0.270000s user + 0.000000s system = 0.270000s CPU (117.4%)

PHY-1001 : End detail routing;  23.670000s wall, 29.290000s user + 0.170000s system = 29.460000s CPU (124.5%)

PHY-1001 : End Stage 2 | Detail Routing; Time: 23.670000s wall, 29.290000s user + 0.170000s system = 29.460000s CPU (124.5%); Memory(MB): used = 956, reserved = 856, peak = 956;

PHY-1001 : Stage 3 | Hold Fix
RUN-1002 : start command "start_timer"
RUN-1001 : fix hold violation on net debug_hub_top/U_0_register/rst_dup_7 endpin debug_hub_top/U_0_handshake_sync_ctrl/bus_data_r_aclk_reg[32]_syn_3.sr slack -81ps
RUN-1001 : 1 hold-buffer to be created.
RUN-1001 : fix hold violation on net debug_hub_top/U_0_register/rst_dup_7 endpin debug_hub_top/U_0_handshake_sync_ctrl/bus_data_r_aclk_reg[33]_syn_3.sr slack -73ps
RUN-1001 : 1 hold-buffer to be created.
RUN-1001 : fix hold violation on net debug_hub_top/U_0_register/rst endpin debug_hub_top/U_0_handshake_sync_ctrl/bus_data_r_aclk_reg[64]_syn_3.sr slack -81ps
RUN-1001 : 1 hold-buffer to be created.
RUN-1001 : fix hold violation on net debug_hub_top/U_0_register/rst endpin debug_hub_top/U_0_handshake_sync_ctrl/bus_data_r_aclk_reg[66]_syn_3.sr slack -81ps
RUN-1001 : 1 hold-buffer to be created.
RUN-1001 : fix hold violation on net debug_hub_top/U_0_register/rst endpin debug_hub_top/U_0_handshake_sync_ctrl/bus_data_r_aclk_reg[68]_syn_3.sr slack -81ps
RUN-1001 : 1 hold-buffer to be created.
RUN-1001 : fix hold violation on net debug_hub_top/U_0_register/rst_dup_7 endpin debug_hub_top/U_0_register/ctrl_shift_reg[33]_syn_3.sr slack -73ps
RUN-1001 : 1 hold-buffer to be created.
RUN-1001 : fix hold violation on net debug_hub_top/U_0_register/rst_dup_7 endpin debug_hub_top/U_0_register/ip_ctrl_reg[50]_syn_3.sr slack -81ps
RUN-1001 : 1 hold-buffer to be created.
RUN-1001 : fix hold violation on net debug_hub_top/U_0_register/rst endpin debug_hub_top/U_0_register/ip_ctrl_reg[65]_syn_4.sr slack -81ps
RUN-1001 : 1 hold-buffer to be created.
RUN-1001 : fix hold violation on net debug_hub_top/U_0_register/rst_dup_10 endpin debug_hub_top/U_0_register/stat_sel_cnt_r_reg[1]_syn_4.sr slack -65ps
RUN-1001 : 1 hold-buffer to be created.
RUN-1001 : fix hold violation on net debug_hub_top/U_0_register/rst_dup_10 endpin debug_hub_top/U_0_register/stat_sel_shift_reg[0]_syn_7.sr slack -62ps
RUN-1001 : 1 hold-buffer to be created.
RUN-1001 : fix hold violation on net debug_hub_top/U_0_register/rst_dup_10 endpin debug_hub_top/U_0_register/stat_sel_shift_reg[1]_syn_7.sr slack -62ps
RUN-1001 : 1 hold-buffer to be created.
RUN-1001 : fix hold violation on net u2_udp_loopback/udp_packet_fifo/u_anlogic_soft_async_fifo/gray_rdaddress[8] endpin u2_udp_loopback/udp_packet_fifo/u_anlogic_soft_async_fifo/add0_syn_80.mi[0] slack -1330ps
RUN-1001 : 3 hold-buffer to be created.
RUN-1001 : fix hold violation on net u2_udp_loopback/udp_packet_fifo/u_anlogic_soft_async_fifo/gray_rdaddress[10] endpin u2_udp_loopback/udp_packet_fifo/u_anlogic_soft_async_fifo/add0_syn_80.mi[1] slack -1330ps
RUN-1001 : 3 hold-buffer to be created.
RUN-1001 : fix hold violation on net u2_udp_loopback/udp_packet_fifo/u_anlogic_soft_async_fifo/gray_rdaddress[0] endpin u2_udp_loopback/udp_packet_fifo/u_anlogic_soft_async_fifo/sync_r2w_r1_reg[0]_syn_4.mi[0] slack -1100ps
RUN-1001 : 3 hold-buffer to be created.
RUN-1001 : fix hold violation on net u2_udp_loopback/udp_packet_fifo/u_anlogic_soft_async_fifo/gray_rdaddress[12] endpin u2_udp_loopback/udp_packet_fifo/u_anlogic_soft_async_fifo/sync_r2w_r1_reg[11]_syn_4.mi[0] slack -1530ps
RUN-1001 : 3 hold-buffer to be created.
RUN-1001 : fix hold violation on net u2_udp_loopback/udp_packet_fifo/u_anlogic_soft_async_fifo/gray_rdaddress[11] endpin u2_udp_loopback/udp_packet_fifo/u_anlogic_soft_async_fifo/sync_r2w_r1_reg[11]_syn_4.mi[1] slack -1330ps
RUN-1001 : 3 hold-buffer to be created.
RUN-1001 : fix hold violation on net u2_udp_loopback/udp_packet_fifo/u_anlogic_soft_async_fifo/gray_rdaddress[1] endpin u2_udp_loopback/udp_packet_fifo/u_anlogic_soft_async_fifo/sync_r2w_r1_reg[1]_syn_3.mi[0] slack -1406ps
RUN-1001 : 3 hold-buffer to be created.
RUN-1001 : fix hold violation on net u2_udp_loopback/udp_packet_fifo/u_anlogic_soft_async_fifo/gray_rdaddress[2] endpin u2_udp_loopback/udp_packet_fifo/u_anlogic_soft_async_fifo/sync_r2w_r1_reg[3]_syn_4.mi[0] slack -1330ps
RUN-1001 : 3 hold-buffer to be created.
RUN-1001 : fix hold violation on net u2_udp_loopback/udp_packet_fifo/u_anlogic_soft_async_fifo/gray_rdaddress[3] endpin u2_udp_loopback/udp_packet_fifo/u_anlogic_soft_async_fifo/sync_r2w_r1_reg[3]_syn_4.mi[1] slack -1300ps
RUN-1001 : 3 hold-buffer to be created.
RUN-1001 : fix hold violation on net u2_udp_loopback/udp_packet_fifo/u_anlogic_soft_async_fifo/gray_rdaddress[5] endpin u2_udp_loopback/udp_packet_fifo/u_anlogic_soft_async_fifo/sync_r2w_r1_reg[6]_syn_4.mi[0] slack -1540ps
RUN-1001 : 3 hold-buffer to be created.
RUN-1001 : fix hold violation on net u2_udp_loopback/udp_packet_fifo/u_anlogic_soft_async_fifo/gray_rdaddress[6] endpin u2_udp_loopback/udp_packet_fifo/u_anlogic_soft_async_fifo/sync_r2w_r1_reg[6]_syn_4.mi[1] slack -1396ps
RUN-1001 : 3 hold-buffer to be created.
RUN-1001 : fix hold violation on net u2_udp_loopback/udp_packet_fifo/u_anlogic_soft_async_fifo/gray_rdaddress[4] endpin u2_udp_loopback/udp_packet_fifo/u_anlogic_soft_async_fifo/sync_r2w_r1_reg[7]_syn_4.mi[0] slack -1225ps
RUN-1001 : 3 hold-buffer to be created.
RUN-1001 : fix hold violation on net u2_udp_loopback/udp_packet_fifo/u_anlogic_soft_async_fifo/gray_rdaddress[7] endpin u2_udp_loopback/udp_packet_fifo/u_anlogic_soft_async_fifo/sync_r2w_r1_reg[7]_syn_4.mi[1] slack -1299ps
RUN-1001 : 3 hold-buffer to be created.
RUN-1001 : fix hold violation on net u2_udp_loopback/udp_packet_fifo/u_anlogic_soft_async_fifo/gray_rdaddress[9] endpin u2_udp_loopback/udp_packet_fifo/u_anlogic_soft_async_fifo/sync_r2w_r1_reg[9]_syn_4.mi[0] slack -1396ps
RUN-1001 : 3 hold-buffer to be created.
RUN-1001 : fix hold violation on net rst_n_dup_16 endpin u_image_saturation_analyzer/row_index_reg[0]_syn_4.sr slack -6ps
RUN-1001 : 1 hold-buffer to be created.
RUN-1001 : fix hold violation on net rst_n_dup_16 endpin u_image_saturation_analyzer/row_index_reg[5]_syn_4.sr slack -6ps
RUN-1001 : 1 hold-buffer to be created.
RUN-1001 : fix hold violation on net debug_hub_top/U_0_register/rst_dup_10 endpin u_ov5640_dri/u_i2c_dr/sda_dir_reg_syn_58.sr slack -65ps
RUN-1001 : 1 hold-buffer to be created.
PHY-1001 : Populate physical database on model UDP_Example_Top.
8.000000

8.000000
RUN-1002 : start command "start_timer"
RUN-1001 : All hold violations are fixed.
PHY-1001 : End Stage 3 | Hold Fix; Time: 14.970000s wall, 15.240000s user + 0.150000s system = 15.390000s CPU (102.8%); Memory(MB): used = 969, reserved = 869, peak = 969;

PHY-1001 : Stage 4 | Report Route Qor
RUN-1002 : start command "report_qor -step route -file route.qor"
RUN-1002 : start command "start_timer"
-----------------------------------------------------------
| QoR metrics               |         value               |
-----------------------------------------------------------
| Timing                    |                             |
|     Setup WNS             |        -9797                |
|     Setup TNS             |      -523412                |
|     Num of violated S-EP  |          253                |
|     Hold WNS              |           11                |
|     Hold TNS              |            0                |
|     Num of violated H-EP  |            0                |
-----------------------------------------------------------
| Routing Resource          |                             |
|     Wire length           |       829528                |
-----------------------------------------------------------
| Utilization               |                             |
|     #slices               |         3950                |
|     slices percentage     |       40.31%                |
|     #RAMs                 |           37                |
|     #DSPs                 |            0                |
|     #DRAMHARDCON          |            0                |
-----------------------------------------------------------
Report route stage QoR done.

RUN-1002 : start command "update_timing -mode final"
RUN-1002 : start command "start_timer"
RUN-1002 : start command "report_timing_summary -file final_timing.rpt"
OPT-1001 : QoR tracer report on route step:
    SWNS [   incr ]     STNS [    incr ]  S-FEPS [   incr ]    HWNS [   incr ]      HTNS [     incr ]    H-FEPS [     incr ]    CELL [   incr ]      WL [   incr ]   RT(s) [   incr ]   MEM(mb) [     incr ]
  -10439 [      0 ]  -807577 [       0 ]     653 [      0 ]   -1540 [      0 ]    -18474 [        0 ]        27 [        0 ]    4054 [      0 ]  814760 [      0 ]      16 [      0 ]       869 [        0 ] : dr_initialization
   -9618 [    821 ]  -501921 [  305656 ]     163 [   -490 ]   -1540 [      0 ]    -18474 [        0 ]        27 [        0 ]    4054 [      0 ]  823152 [   8392 ]      20 [      4 ]       870 [        1 ] : dr_timing_opt_phase1
   -9900 [   -282 ]  -554824 [  -52903 ]     291 [    128 ]   -1540 [      0 ]    -18410 [       64 ]        27 [        0 ]    4054 [      0 ]  825768 [   2616 ]      22 [      2 ]       903 [       33 ] : dr_opt_phase1
   -9619 [    281 ]  -502004 [   52820 ]     163 [   -128 ]   -1540 [      0 ]    -18410 [        0 ]        27 [        0 ]    4054 [      0 ]  827656 [   1888 ]      23 [      1 ]       903 [        0 ] : dr_timing_opt_phase2
   -9797 [   -178 ]  -523412 [  -21408 ]     253 [     90 ]   -1540 [      0 ]    -18410 [        0 ]        27 [        0 ]    4054 [      0 ]  827416 [   -240 ]      24 [      1 ]       904 [        1 ] : dr_opt_phase2
   -9797 [      0 ]  -523412 [       0 ]     253 [      0 ]   -1540 [      0 ]    -18410 [        0 ]        27 [        0 ]    4054 [      0 ]  827416 [      0 ]      24 [      0 ]       905 [        1 ] : multi_try_opt
   -9797 [      0 ]  -523412 [       0 ]     253 [      0 ]      10 [   1550 ]         0 [    18410 ]         0 [      -27 ]    4107 [     53 ]  829488 [   2072 ]       4 [    -20 ]       957 [       52 ] : (ECO)dr_initialization
   -9797 [      0 ]  -523412 [       0 ]     253 [      0 ]      10 [      0 ]         0 [        0 ]         0 [        0 ]    4107 [      0 ]  829488 [      0 ]       5 [      1 ]       957 [        0 ] : (ECO)dr_timing_opt_phase1
   -9797 [      0 ]  -523412 [       0 ]     253 [      0 ]      11 [      1 ]         0 [        0 ]         0 [        0 ]    4107 [      0 ]  829528 [     40 ]       6 [      1 ]       957 [        0 ] : (ECO)dr_opt_phase1
   -9797 [      0 ]  -523412 [       0 ]     253 [      0 ]      11 [      0 ]         0 [        0 ]         0 [        0 ]    4107 [      0 ]  829528 [      0 ]       6 [      0 ]       957 [        0 ] : (ECO)dr_timing_opt_phase2
   -9797 [      0 ]  -523412 [       0 ]     253 [      0 ]      11 [      0 ]         0 [        0 ]         0 [        0 ]    4107 [      0 ]  829528 [      0 ]       8 [      2 ]       957 [        0 ] : (ECO)dr_opt_phase2
   -9797 [      0 ]  -523412 [       0 ]     253 [      0 ]      11 [      0 ]         0 [        0 ]         0 [        0 ]    4107 [      0 ]  829528 [      0 ]       8 [      0 ]       957 [        0 ] : (ECO)multi_try_opt
   -9797 [      0 ]  -523412 [       0 ]     253 [      0 ]      11 [      0 ]         0 [        0 ]         0 [        0 ]    4107 [      0 ]  829528 [      0 ]       9 [      1 ]       969 [       12 ] : (ECO)fix_hold_opt
   -9797 [      0 ]  -523412 [       0 ]     253 [      0 ]      11 [      0 ]         0 [        0 ]         0 [        0 ]    4107 [      0 ]  829528 [      0 ]      39 [     30 ]       969 [        0 ] : (ECO)fix_hold_opt

PHY-1001 : End Stage 4 | Report Route Qor; Time: 1.870000s wall, 1.860000s user + 0.000000s system = 1.860000s CPU (99.5%); Memory(MB): used = 969, reserved = 869, peak = 969;

PHY-1001 : Stage 5 | Design Rule Check
PHY-1001 : Start multi-drive drc check......
PHY-1001 : No multi-drive.
PHY-1001 : Stage 5.1 | Clock Net Status Check
PHY-1001 : All clock nets do not utilize local routing resource.
PHY-1001 : End Stage 5.1 | Clock Net Status Check; Time: 0.010000s wall, 0.000000s user + 0.000000s system = 0.000000s CPU (n/a%); Memory(MB): used = 969, reserved = 869, peak = 969;

PHY-1001 : Stage 5.2 | Abnormal Timing Path check
PHY-1001 : No abnormal timing path.
PHY-1001 : End Stage 5.2 | Abnormal Timing Path check; Time: 0.040000s wall, 0.050000s user + 0.000000s system = 0.050000s CPU (125.0%); Memory(MB): used = 969, reserved = 869, peak = 969;

PHY-1001 : End Stage 5 | Design Rule Check; Time: 0.090000s wall, 0.090000s user + 0.000000s system = 0.090000s CPU (100.0%); Memory(MB): used = 969, reserved = 869, peak = 969;

RUN-1003 : finish command "route" in  41.690000s wall, 47.650000s user + 0.320000s system = 47.970000s CPU (115.1%)

RUN-1004 : used memory is 969 MB, reserved memory is 869 MB, peak memory is 969 MB
RUN-1002 : start command "report_area -io_info -file UDP_EXAMPLE_phy.area"
RUN-1001 : standard
***Report Model: UDP_Example_Top Device: EG4S20BG256***

IO Statistics
#IO                        46   out of    188   24.47%
  #input                   21
  #output                  24
  #inout                    1
#virtual IO                 3
  #input                    0
  #output                   0
  #inout                    0

Utilization Statistics
#lut                     5653   out of  19600   28.84%
#reg                     5505   out of  19600   28.09%
#le                      7099
  #lut only              1594   out of   7099   22.45%
  #reg only              1446   out of   7099   20.37%
  #lut&reg               4059   out of   7099   57.18%
#bram                      37   out of     64   57.81%
  #bram9k                  37
  #fifo9k                   0
#bram32k                    0   out of     16    0.00%
#dsp                        0   out of     29    0.00%
#pad                       46   out of    188   24.47%
  #ireg                    15
  #oreg                     9
  #treg                     0
#pll                        4   out of      4  100.00%
#gclk                       8   out of     16   50.00%


DataNet Average Fanout:

   Index     Fanout     Nets  
    #1          1       5383  
    #2          2       1294  
    #3          3       679   
    #4          4       307   
    #5        5-10      685   
    #6        11-50     342   
    #7       51-100      39   
    #8       101-500     4    
  Average     3.00            

RUN-1002 : start command "update_timing -mode final"
RUN-1002 : start command "start_timer"
RUN-1002 : start command "report_timing_status -file UDP_EXAMPLE_phy.ts"
RUN-1002 : start command "report_timing_summary -file UDP_EXAMPLE_pr.timing"
RUN-1002 : start command "report_timing_exception -file UDP_EXAMPLE_exception.timing"
RUN-1002 : start command "check_timing -verbose -file UDP_EXAMPLE_chk.timing"
RUN-1002 : start command "flow_status -file route_flow.status"
Location         : /home/ysara/Desktop/ext/video640 19fps chedao/UDP_EG4_6.2/prj/UDP_EXAMPLE/UDP_EXAMPLE_Runs/phy_1
Running with     : Tang Dynasty v6.2.175876
                   Copyright (c) 2012-2025 Anlogic Inc.
Top Model        : UDP_Example_Top
Device           : EG4S20BG256
Speed            : NA

Timing Mode      : final
Setup            : WNS -9797ps  TNS  -523412ps  NUM_FEPS   253
Hold             : WNS    11ps  TNS        0ps  NUM_FEPS     0

Flow Statistics  :
RUN-1001 : Flow Statistics:
RUN-1001 : --------------------------------------------------------------------------------------------------
RUN-1001 :      command     |  #calls  |  wall time  |  cpu time(s)  |  used memory(mb)  |  peak memory(mb)  
RUN-1001 : --------------------------------------------------------------------------------------------------
RUN-1001 :       route      |    2     |  51s(73%)   |    57(67%)    |        969        |        969        
RUN-1001 :       place      |    2     |  18s(26%)   |    28(32%)    |        957        |        957        
RUN-1001 :     import_db    |    3     |   0s(0%)    |     0(0%)     |        453        |        453        
RUN-1001 :   import_device  |    1     |   0s(0%)    |     0(0%)     |        269        |        269        
RUN-1001 :       pack       |    1     |   0s(0%)    |     0(0%)     |        470        |        470        
RUN-1001 : --------------------------------------------------------------------------------------------------
RUN-1001 :       total      |    9     |    1m9s     |      85       |        969        |        969        
RUN-1001 : --------------------------------------------------------------------------------------------------
RUN-1002 : start command "report_clock_utilization -file route_clock_utilization.txt"
RUN-1001 : Device not support command report_clock_utilization.
RUN-1002 : start command "export_db UDP_EXAMPLE_pr.db"
RUN-1001 : Exported flow parameters
RUN-1001 : Exported /
RUN-1001 : Exported libs
RUN-1001 : Exported entities
RUN-1001 : Exported ports
RUN-1001 : Exported pins
RUN-1001 : Exported instances
RUN-1001 : Exported nets
RUN-1001 : Exported buses
RUN-1001 : Exported models
RUN-1001 : Exported phy database
RUN-1001 : Exported packer
RUN-1001 : Exported congestions
RUN-1001 : Exported violations
RUN-1001 : Exported ATMR Setting
RUN-1001 : Exported timing constraints
RUN-1001 : Exported IO constraints
RUN-1001 : Exported Inst constraints
RUN-1001 : Exported ChipWatcher
RUN-1002 : start command "commit_param -step bitgen"
RUN-1001 : Print Global Property
RUN-1001 : --------------------------------------------------------
RUN-1001 :   Parameters   |  Settings  |  Default Values  |  Note  
RUN-1001 : --------------------------------------------------------
RUN-1001 :   enable_seed  |    off     |       off        |        
RUN-1001 :     message    |  standard  |     standard     |        
RUN-1001 :   qor_monitor  |     on     |        on        |        
RUN-1001 :   syn_ip_flow  |    off     |       off        |        
RUN-1001 :     thread     |    auto    |       auto       |        
RUN-1001 : --------------------------------------------------------
RUN-1001 : Print Bitgen Property
RUN-1001 : -------------------------------------------------------------
RUN-1001 :      Parameters     |  Settings  |  Default Values  |  Note  
RUN-1001 : -------------------------------------------------------------
RUN-1001 :         bin         |    off     |       off        |        
RUN-1001 :       gen_mask      |    off     |       off        |        
RUN-1001 :      time_info      |     on     |        on        |        
RUN-1001 :   unused_io_status  |   pullup   |      pullup      |        
RUN-1001 :       version       |    0x00    |       0x00       |        
RUN-1001 : -------------------------------------------------------------
RUN-1002 : start command "bitgen -bit UDP_EXAMPLE.bit"
RUN-1002 : start command "export_bid UDP_EXAMPLE_inst.bid"
BIT-1003 : Start to generate bitstream. 
BIT-1002 : Init instances with 32 threads.
BIT-1002 : Init instances completely, inst num: 4102
BIT-1002 : Init pips with 32 threads.
BIT-1002 : Init pips completely, net num: 8370, pip num: 81657
BIT-1002 : Init feedthrough with 32 threads.
BIT-1002 : Init feedthrough completely, num: 164
BIT-1003 : Multithreading accelaration with 32 threads.
BIT-1003 : Generate bitstream completely, there are 224002 bits set as '1'.
BIT-1004 : PLL setting string = 1111
BIT-1004 : Generate bits file UDP_EXAMPLE.bit.
RUN-1002 : start command "setup_debugger ../../chip_debugger"
KIT-1004 : Update chipwatcher trigger condition
KIT-1004 : Generate chipwatcher configuration file: cw/compiled.cwc
KIT-1004 : Generate chipwatcher bit file: cw/compiled.bit
RUN-1002 : start command "export_bitgen_param -file .bitgen_param.f"
RUN-1002 : start command "export_flow_status -s opt_place -e bitgen"
RUN-1002 : start command "flow_status"

Location         : /home/ysara/Desktop/ext/video640 19fps chedao/UDP_EG4_6.2/prj/UDP_EXAMPLE/UDP_EXAMPLE_Runs/phy_1
Running with     : Tang Dynasty v6.2.175876
                   Copyright (c) 2012-2025 Anlogic Inc.
Top Model        : UDP_Example_Top
Device           : EG4S20BG256
Speed            : NA

Timing Mode      : final
Setup            : WNS -9797ps  TNS  -523412ps  NUM_FEPS   253
Hold             : WNS    11ps  TNS        0ps  NUM_FEPS     0

RUN-1001 : Flow Statistics:
RUN-1001 : --------------------------------------------------------------------------------------------------
RUN-1001 :      command     |  #calls  |  wall time  |  cpu time(s)  |  used memory(mb)  |  peak memory(mb)  
RUN-1001 : --------------------------------------------------------------------------------------------------
RUN-1001 :       route      |    2     |  51s(73%)   |    57(63%)    |        969        |        969        
RUN-1001 :       place      |    2     |  18s(26%)   |    28(31%)    |        957        |        957        
RUN-1001 :      bitgen      |    1     |   0s(0%)    |     5(5%)     |        979        |        979        
RUN-1001 :     import_db    |    3     |   0s(0%)    |     0(0%)     |        453        |        453        
RUN-1001 :   import_device  |    1     |   0s(0%)    |     0(0%)     |        269        |        269        
RUN-1001 :       pack       |    1     |   0s(0%)    |     0(0%)     |        470        |        470        
RUN-1001 : --------------------------------------------------------------------------------------------------
RUN-1001 :       total      |    10    |    1m9s     |      90       |        979        |        979        
RUN-1001 : --------------------------------------------------------------------------------------------------
