============================================================
   Tang Dynasty, V6.2.168116
   Copyright (c) 2012-2025 Anlogic Inc.
   Executable = D:/Anlogic/TD_6.2.1_Engineer_6.2.168.116/bin/run.exe
   Built at =   16:32:07 Jun 12 2025
   Run by =     Administrator
   Run Date =   Sat Oct 25 01:46:23 2025

   Run on =     WIN-61TPHHLRMOG
============================================================
RUN-1002 : start command "import_device eagle_s20.db -package EG4S20BG256"
RUN-1001 : Using default speed grade: NA
ARC-1001 : Device Initialization.
ARC-1001 : ------------------------------------------------------------------
ARC-1001 :            OPTION            |          IO          |   SETTING   
ARC-1001 : ------------------------------------------------------------------
ARC-1001 :   cso_b/cclk/mosi/miso/dout  |  T3/R11/T10/P10/S11  |    gpio    
ARC-1001 :             done             |         P13          |    gpio    
ARC-1001 :           program_b          |          T2          |  dedicate  
ARC-1001 :        tdi/tms/tck/tdo       |   C12/A15/C14/E14    |  dedicate  
ARC-1001 : ------------------------------------------------------------------
ARC-1004 : Device setting, marked 5 dedicate IOs in total.
RUN-1002 : start command "open_project pic_sdram.prj -noanalyze"
RUN-1002 : start command "import_db ../syn_1/pic_sdram_gate.db"
RUN-1001 : Importing database generated by Tang Dynasty, V6.2.168116.
RUN-1001 : Database version number 46207
RUN-1001 : Import flow parameters
RUN-1001 : Import netlist
RUN-1001 : Import timing constraints
RUN-1001 : Import IO constraints
RUN-1001 : Import Inst constraints
RUN-1001 : Import ChipWatcher
RUN-1001 : Import design success TD_VERSION=6.2.168116 , DB_VERSION=46207
RUN-1002 : start command "commit_param -step place"
RUN-1001 : Print Global Property
RUN-1001 : --------------------------------------------------------
RUN-1001 :   Parameters   |  Settings  |  Default Values  |  Note  
RUN-1001 : --------------------------------------------------------
RUN-1001 :   enable_seed  |    off     |       off        |        
RUN-1001 :     message    |  standard  |     standard     |        
RUN-1001 :   qor_monitor  |     on     |        on        |        
RUN-1001 :   syn_ip_flow  |    off     |       off        |        
RUN-1001 :     thread     |    auto    |       auto       |        
RUN-1001 : --------------------------------------------------------
RUN-1001 : Print Place Property
RUN-1001 : -----------------------------------------------------------
RUN-1001 :     Parameters    |  Settings  |  Default Values  |  Note  
RUN-1001 : -----------------------------------------------------------
RUN-1001 :       effort      |   medium   |      medium      |        
RUN-1001 :   hfn_opt_effort  |   medium   |      medium      |        
RUN-1001 :     max_fanout    |   999999   |      999999      |        
RUN-1001 :     opt_timing    |   medium   |      medium      |        
RUN-1001 :   post_place_opt  |    auto    |       auto       |        
RUN-1001 :    pr_strategy    |     1      |        1         |        
RUN-1001 :     relaxation    |    1.00    |       1.00       |        
RUN-1001 : -----------------------------------------------------------
RUN-1002 : start command "insert_debugger"
RUN-1002 : start command "place"
RUN-1001 : Open license file D:/Anlogic/TD_6.2.1_Engineer_6.2.168.116/license/Anlogic.lic
PHY-3001 : Placer runs in 16 thread(s).
PHY-1001 : Stage 1 | Initialize Design
PHY-1001 : Stage 1.1 | Build Design
PHY-1001 : 4254 luts, 5148 seqs, 466 mslices, 245 lslices, 128 pads, 20 brams, 0 dsps
RUN-1002 : start command "legalize_phy_inst"
SYN-1011 : Flatten model top
PHY-1001 : Remove keep and sweep redundant instances ...
PHY-1001 : 4240 luts, 4553 seqs, 466 mslices, 128 lslices, 128 pads, 20 brams, 0 dsps
PHY-1001 : End Stage 1.1 | Build Design; Time: 0.083312s wall, 0.093750s user + 0.000000s system = 0.093750s CPU (112.5%); Memory(MB): used = 185, reserved = 181, peak = 185;

PHY-1001 : Stage 1.2 | Optimize Design
OPT-1001 : Stage 1.2.1 | Simplify Lut
OPT-1001 : End Stage 1.2.1 | Simplify Lut; Time: 0.016305s wall, 0.015625s user + 0.000000s system = 0.015625s CPU (95.8%); Memory(MB): used = 185, reserved = 181, peak = 185;

OPT-1001 : Stage 1.2.2 | Sweep
OPT-1001 : End Stage 1.2.2 | Sweep; Time: 0.004894s wall, 0.000000s user + 0.000000s system = 0.000000s CPU (n/a%); Memory(MB): used = 185, reserved = 181, peak = 185;

OPT-1001 : Stage 1.2.3 | Synthesize High-fanout Net
OPT-1001 : Current memory(MB): used = 185, reserved = 181, peak = 185.
OPT-1001 : End Stage 1.2.3 | Synthesize High-fanout Net; Time: 0.000047s wall, 0.000000s user + 0.000000s system = 0.000000s CPU (n/a%); Memory(MB): used = 185, reserved = 181, peak = 185;

OPT-1001 : End physical optimization;  0.021441s wall, 0.015625s user + 0.000000s system = 0.015625s CPU (72.9%)

PHY-1001 : End Stage 1.2 | Optimize Design; Time: 0.021592s wall, 0.015625s user + 0.000000s system = 0.015625s CPU (72.4%); Memory(MB): used = 185, reserved = 181, peak = 185;

PHY-1001 : Stage 1.3 | Initialize Clock
SYN-4016 : Net UDP_TOP_u0/u2_hdmi_tx/Inst_DVITransmitter/PCLK_X5_I driven by BUFG (0 clock/control pins, 1 other pins).
SYN-4016 : Net UDP_TOP_u0/u4_trimac_block/rx_clk driven by BUFG (361 clock/control pins, 0 other pins).
SYN-4016 : Net UDP_TOP_u0/temac_clk driven by BUFG (278 clock/control pins, 1 other pins).
SYN-4016 : Net U3/u2_ram/u1_init_ref/Sdr_clk driven by BUFG (730 clock/control pins, 1 other pins).
SYN-4016 : Net u3_hdmi_tx/Inst_DVITransmitter/PCLK_I driven by BUFG (312 clock/control pins, 1 other pins).
SYN-4019 : Net clk_dup_1 is refclk of pll UDP_TOP_u0/u0_clk_wize/pll_inst.
SYN-4020 : Net clk_dup_1 is fbclk of pll UDP_TOP_u0/u0_clk_wize/pll_inst.
SYN-4027 : Net UDP_TOP_u0/udp_clk is clkc1 of pll UDP_TOP_u0/u_clk_gen/u_pll_0/pll_inst.
SYN-4027 : Net UDP_TOP_u0/u4_trimac_block/u1_rgmii_interface/rgmii_txc_ddr/clk is clkc4 of pll UDP_TOP_u0/u_clk_gen/u_pll_0/pll_inst.
SYN-4019 : Net clk_dup_1 is refclk of pll UDP_TOP_u0/u_clk_gen/u_pll_0/pll_inst.
SYN-4020 : Net clk_dup_1 is fbclk of pll UDP_TOP_u0/u_clk_gen/u_pll_0/pll_inst.
SYN-4027 : Net U3/u2_ram/SDRAM_CLK is clkc1 of pll sys_pll_m0/pll_inst.
SYN-4019 : Net clk_dup_1 is refclk of pll sys_pll_m0/pll_inst.
SYN-4020 : Net clk_dup_1 is fbclk of pll sys_pll_m0/pll_inst.
SYN-4027 : Net u3_hdmi_tx/Inst_DVITransmitter/PCLK_X5_I is clkc1 of pll video_pll_m0/pll_inst.
SYN-4019 : Net clk_dup_1 is refclk of pll video_pll_m0/pll_inst.
SYN-4020 : Net clk_dup_1 is fbclk of pll video_pll_m0/pll_inst.
SYN-4024 : Net "frame_read_write_m0/write_buf/clkw" drives clk pins.
SYN-4024 : Net "u_ov5640_dri/u_i2c_dr/dri_clk" drives clk pins.
SYN-4025 : Tag rtl::Net U3/u2_ram/SDRAM_CLK as clock net
SYN-4025 : Tag rtl::Net U3/u2_ram/u1_init_ref/Sdr_clk as clock net
SYN-4025 : Tag rtl::Net UDP_TOP_u0/temac_clk as clock net
SYN-4025 : Tag rtl::Net UDP_TOP_u0/u2_hdmi_tx/Inst_DVITransmitter/PCLK_X5_I as clock net
SYN-4025 : Tag rtl::Net UDP_TOP_u0/u4_trimac_block/rx_clk as clock net
SYN-4025 : Tag rtl::Net UDP_TOP_u0/u4_trimac_block/u1_rgmii_interface/rgmii_txc_ddr/clk as clock net
SYN-4025 : Tag rtl::Net UDP_TOP_u0/udp_clk as clock net
SYN-4025 : Tag rtl::Net clk_dup_1 as clock net
SYN-4025 : Tag rtl::Net frame_read_write_m0/write_buf/clkw as clock net
SYN-4025 : Tag rtl::Net u3_hdmi_tx/Inst_DVITransmitter/PCLK_I as clock net
SYN-4025 : Tag rtl::Net u3_hdmi_tx/Inst_DVITransmitter/PCLK_X5_I as clock net
SYN-4025 : Tag rtl::Net u_ov5640_dri/u_i2c_dr/dri_clk as clock net
SYN-4026 : Tagged 12 rtl::Net as clock net
SYN-4015 : Create BUFG instance for clk Net frame_read_write_m0/write_buf/clkw to drive 115 clock pins.
SYN-4015 : Create BUFG instance for clk Net u_ov5640_dri/u_i2c_dr/dri_clk to drive 62 clock pins.
PHY-1001 : Populate physical database on model top.
RUN-1001 : There are total 9549 instances
RUN-0007 : 4239 luts, 4553 seqs, 466 mslices, 128 lslices, 128 pads, 20 brams, 0 dsps
RUN-1001 : There are total 10642 nets
RUN-1001 : 7853 nets have 2 pins
RUN-1001 : 2012 nets have [3 - 5] pins
RUN-1001 : 518 nets have [6 - 10] pins
RUN-1001 : 128 nets have [11 - 20] pins
RUN-1001 : 109 nets have [21 - 99] pins
RUN-1001 : 22 nets have 100+ pins
PHY-1001 : End Stage 1.3 | Initialize Clock; Time: 0.030364s wall, 0.031250s user + 0.000000s system = 0.031250s CPU (102.9%); Memory(MB): used = 185, reserved = 181, peak = 185;

PHY-1001 : End Stage 1 | Initialize Design; Time: 0.147088s wall, 0.156250s user + 0.000000s system = 0.156250s CPU (106.2%); Memory(MB): used = 185, reserved = 181, peak = 185;

PHY-1001 : Stage 2 | Global Placement
RUN-1001 : Report Control nets information:
RUN-1001 : DFF Distribution
RUN-1001 : -------------------------------------
RUN-1001 :   CE   |  SSR  |  ASR  |  DFF Count  
RUN-1001 : -------------------------------------
RUN-1001 :   No   |  No   |  No   |     619     
RUN-1001 :   No   |  No   |  Yes  |    1183     
RUN-1001 :   No   |  Yes  |  No   |     117     
RUN-1001 :   Yes  |  No   |  No   |     204     
RUN-1001 :   Yes  |  No   |  Yes  |    1978     
RUN-1001 :   Yes  |  Yes  |  No   |     452     
RUN-1001 : -------------------------------------
RUN-1001 : Control Group Statistic
RUN-1001 : -----------------------------
RUN-1001 :   #CLK  |  #CE  |  #SSR/ASR  
RUN-1001 : -----------------------------
RUN-1001 :    9    |  138  |     23     
RUN-1001 : -----------------------------
RUN-0007 : Control Set = 171
PHY-1001 : Stage 2.1 | Place Fixed Instances
PHY-1001 : End Stage 2.1 | Place Fixed Instances; Time: 0.054461s wall, 0.062500s user + 0.000000s system = 0.062500s CPU (114.8%); Memory(MB): used = 186, reserved = 181, peak = 186;

PHY-1001 : Stage 2.2 | Pre-Place DRC Check
PHY-1001 : Stage 2.2.1 | Force Route Constraint Check
PHY-1001 : Check Pass.
PHY-1001 : End Stage 2.2.1 | Force Route Constraint Check; Time: 0.000789s wall, 0.000000s user + 0.000000s system = 0.000000s CPU (n/a%); Memory(MB): used = 186, reserved = 181, peak = 186;

PHY-1001 : End Stage 2.2 | Pre-Place DRC Check; Time: 0.000828s wall, 0.000000s user + 0.000000s system = 0.000000s CPU (n/a%); Memory(MB): used = 186, reserved = 181, peak = 186;

PHY-1001 : Stage 2.3 | Global Placement Step 1
PHY-3001 : Target density is 27%
PHY-1001 : Stage 2.3.1 | Update Timing
RUN-1002 : start command "start_timer"
USR-1002 : Derived clock:  create_generated_clock -name {UDP_TOP_u0/u0_clk_wize/pll_inst.clkc[0]} -source [get_ports {clk}] -master_clock {clk_in} -multiply_by 2.5000 -duty_cycle 50.0000 [get_pins {UDP_TOP_u0/u0_clk_wize/pll_inst.clkc[0]}]
USR-1002 : Derived clock:  create_generated_clock -name {UDP_TOP_u0/u_clk_gen/u_pll_0/pll_inst.clkc[0]} -source [get_ports {clk}] -master_clock {clk_in} -multiply_by 2.5000 -duty_cycle 50.0000 [get_pins {UDP_TOP_u0/u_clk_gen/u_pll_0/pll_inst.clkc[0]}]
USR-1002 : Derived clock:  create_generated_clock -name {UDP_TOP_u0/u_clk_gen/u_pll_0/pll_inst.clkc[1]} -source [get_ports {clk}] -master_clock {clk_in} -multiply_by 2.5000 -duty_cycle 50.0000 [get_pins {UDP_TOP_u0/u_clk_gen/u_pll_0/pll_inst.clkc[1]}]
USR-1002 : Derived clock:  create_generated_clock -name {UDP_TOP_u0/u_clk_gen/u_pll_0/pll_inst.clkc[4]} -source [get_ports {clk}] -master_clock {clk_in} -multiply_by 2.5000 -phase 90 -duty_cycle 50.0000 [get_pins {UDP_TOP_u0/u_clk_gen/u_pll_0/pll_inst.clkc[4]}]
USR-1002 : Derived clock:  create_generated_clock -name {sys_pll_m0/pll_inst.clkc[0]} -source [get_ports {clk}] -master_clock {clk_in} -multiply_by 2.5000 -duty_cycle 50.0000 [get_pins {sys_pll_m0/pll_inst.clkc[0]}]
USR-1002 : Derived clock:  create_generated_clock -name {sys_pll_m0/pll_inst.clkc[1]} -source [get_ports {clk}] -master_clock {clk_in} -multiply_by 2.5000 -phase 180 -duty_cycle 50.0000 [get_pins {sys_pll_m0/pll_inst.clkc[1]}]
USR-1002 : Derived clock:  create_generated_clock -name {video_pll_m0/pll_inst.clkc[0]} -source [get_ports {clk}] -master_clock {clk_in} -multiply_by 1.3333 -duty_cycle 50.0000 [get_pins {video_pll_m0/pll_inst.clkc[0]}]
USR-1002 : Derived clock:  create_generated_clock -name {video_pll_m0/pll_inst.clkc[1]} -source [get_ports {clk}] -master_clock {clk_in} -multiply_by 6.6667 -duty_cycle 50.0000 [get_pins {video_pll_m0/pll_inst.clkc[1]}]
USR-6001 WARNING: No pins matched 'get_pins UDP_TOP_u0/udp_clk_gen/pll_inst.clkc[1]'
8.000000
15.000000
8.000000
USR-8130 CRITICAL-WARNING: No clock match the pattern: UDP_TOP_u0/udp_clk_gen/pll_inst.clkc\[0\].
USR-8124 CRITICAL-WARNING: Rename_clock: please specify object list.
USR-8159 CRITICAL-WARNING: Command rename_clock -name {udp_pll_125M_0} [get_clocks {UDP_TOP_u0/udp_clk_gen/pll_inst.clkc[0]}] in D:/Anlu/my_project_125/lab_ex_5_HX4S20_OV5640/top.sdc(15) fails.
USR-8130 CRITICAL-WARNING: No clock match the pattern: UDP_TOP_u0/udp_clk_gen/pll_inst.clkc\[1\].
USR-8124 CRITICAL-WARNING: Rename_clock: please specify object list.
USR-8159 CRITICAL-WARNING: Command rename_clock -name {udp_pll_125M_1} [get_clocks {UDP_TOP_u0/udp_clk_gen/pll_inst.clkc[1]}] in D:/Anlu/my_project_125/lab_ex_5_HX4S20_OV5640/top.sdc(16) fails.
USR-8130 CRITICAL-WARNING: No clock match the pattern: UDP_TOP_u0/udp_clk_gen/pll_inst.clkc\[3\].
USR-8124 CRITICAL-WARNING: Rename_clock: please specify object list.
USR-8159 CRITICAL-WARNING: Command rename_clock -name {udp_pll_25M}    [get_clocks {UDP_TOP_u0/udp_clk_gen/pll_inst.clkc[3]}] in D:/Anlu/my_project_125/lab_ex_5_HX4S20_OV5640/top.sdc(17) fails.
USR-6001 WARNING: No pins matched 'get_pins UDP_TOP_u0/udp_clk_gen/pll_inst.clkc[1]'
USR-8171 CRITICAL-WARNING: create_generated_clock: master clock udp_pll_125M_1 is not found. Please specify valid master clock name.
USR-8159 CRITICAL-WARNING: Command create_generated_clock -name {udp_clk_125m} -source [get_pins {UDP_TOP_u0/udp_clk_gen/pll_inst.clkc[1]}] -master_clock {udp_pll_125M_1} -divide_by 1.000 -phase 0.000 -add [get_nets {UDP_TOP_u0/udp_clk}] in D:/Anlu/my_project_125/lab_ex_5_HX4S20_OV5640/top.sdc(20) fails.
USR-8130 CRITICAL-WARNING: No clock match the pattern: udp_clk_125m.
USR-8208 CRITICAL-WARNING: Clock group is empty.
USR-8159 CRITICAL-WARNING: Command set_clock_groups -exclusive -group [get_clocks {clk_in}] -group [get_clocks {phy1_rgmii_rx_clk}] -group [get_clocks {sys_pll_125M}] -group [get_clocks {video_pll_66M}] -group [get_clocks {udp_clk_125m}] in D:/Anlu/my_project_125/lab_ex_5_HX4S20_OV5640/top.sdc(28) fails.
RUN-1003 : finish command "start_timer" in  1.782127s wall, 1.765625s user + 0.000000s system = 1.765625s CPU (99.1%)

RUN-1004 : used memory is 246 MB, reserved memory is 241 MB, peak memory is 246 MB
TMR-2502 : Net delay update with mode: Synthesized
PHY-1001 : SWNS: -5291, STNS: -442815, FEP: 451
PHY-1001 : End Stage 2.3.1 | Update Timing; Time: 2.261906s wall, 2.250000s user + 0.000000s system = 2.250000s CPU (99.5%); Memory(MB): used = 279, reserved = 273, peak = 279;

PHY-0007 : Cell area utilization is 27%
RUN-1001 : Huge Net Statistic
RUN-1001 : --------------------------------------------------------
RUN-1001 :   Fanout  |  Slack  |                Net                
RUN-1001 : --------------------------------------------------------
RUN-1001 :    2855   |   881   |  UDP_TOP_u0/u7_rx_fifo/wr_sreset  
RUN-1001 : --------------------------------------------------------
PHY-3001 : Clustering ...
PHY-3001 : End clustering;  0.045682s wall, 0.031250s user + 0.000000s system = 0.031250s CPU (68.4%)

PHY-3001 : Target density is 27%
PHY-1001 : Stage 2.3.2 | GP Iteration
PHY-1001 : End Stage 2.3.2 | GP Iteration; Time: 0.713954s wall, 2.437500s user + 0.562500s system = 3.000000s CPU (420.2%); Memory(MB): used = 283, reserved = 277, peak = 283;

PHY-3001 : Multithread accelerating rate: 4.00
PHY-3001 : Low accelerating rate: 4.00. This may happen when it is heavy-loaded.
TMR-2502 : Net delay update with mode: Placed
PHY-3001 : No need to merge 9x9 Dsps.
PHY-1001 : Populate physical database on model top.
PHY-1001 : End Stage 2.3 | Global Placement Step 1; Time: 3.608885s wall, 5.312500s user + 0.578125s system = 5.890625s CPU (163.2%); Memory(MB): used = 285, reserved = 278, peak = 285;

PHY-1001 : Stage 2.4 | RAM/DSP Legalization and Detailed Placement
PHY-1001 : Stage 2.4.1 | Legalization
PHY-3001 : Before Legalized: Len = 228451
PHY-3001 : After Legalized: Len = 232285, Over = 2.8125
PHY-1001 : End Stage 2.4.1 | Legalization; Time: 0.529873s wall, 0.531250s user + 0.015625s system = 0.546875s CPU (103.2%); Memory(MB): used = 285, reserved = 278, peak = 285;

PHY-1001 : End Stage 2.4 | RAM/DSP Legalization and Detailed Placement; Time: 0.530256s wall, 0.531250s user + 0.015625s system = 0.546875s CPU (103.1%); Memory(MB): used = 285, reserved = 278, peak = 285;

PHY-1001 : Stage 2.5 | Global Placement Step 2
PHY-3001 : Target density is 33%
PHY-1001 : Stage 2.5.1 | Update Timing
PHY-1001 : SWNS: -7593, STNS: -302314, FEP: 94
PHY-1001 : End Stage 2.5.1 | Update Timing; Time: 0.044891s wall, 0.046875s user + 0.000000s system = 0.046875s CPU (104.4%); Memory(MB): used = 285, reserved = 278, peak = 285;

PHY-1001 : Stage 2.5.2 | Refresh Congestion
RUN-1001 : Generating global routing grids ...
RUN-1001 : Building simple global routing graph ...
PHY-1001 : Generate routing nets ...
PHY-1001 : Reuse net number 0/3769.
PHY-1001 : Global iterations in 16 thread ...
PHY-1002 : len = 261680, over cnt = 649(1%), over = 3086, worst = 51
PHY-1001 : End global iterations;  0.300869s wall, 0.406250s user + 0.000000s system = 0.406250s CPU (135.0%)

PHY-1001 : Congestion index:
PHY-1001 : top1  = 69.13(S 130.78, N 107.50, E 79.66, W 56.01, I 0.00, O 0.00)
PHY-1001 : top5  = 42.79(S 71.92, N 63.30, E 49.36, W 36.86, I 0.00, O 0.00)
PHY-1001 : top10 = 33.29(S 52.81, N 46.18, E 36.32, W 28.24, I 0.00, O 0.00)
PHY-1001 : top15 = 27.78(S 42.21, N 37.02, E 29.50, W 23.03, I 0.00, O 0.00)
PHY-1001 : End Stage 2.5.2 | Refresh Congestion; Time: 0.408733s wall, 0.500000s user + 0.015625s system = 0.515625s CPU (126.2%); Memory(MB): used = 320, reserved = 313, peak = 320;

PHY-1001 : Stage 2.5.3 | GP Iteration
PHY-1001 : End Stage 2.5.3 | GP Iteration; Time: 1.592491s wall, 8.203125s user + 0.437500s system = 8.640625s CPU (542.6%); Memory(MB): used = 320, reserved = 313, peak = 320;

PHY-3001 : Multithread accelerating rate: 5.41
PHY-1001 : End Stage 2.5 | Global Placement Step 2; Time: 2.574285s wall, 9.265625s user + 0.453125s system = 9.718750s CPU (377.5%); Memory(MB): used = 321, reserved = 314, peak = 321;

PHY-1001 : Stage 2.6 | RAM/DSP Detailed Placement
PHY-1001 : End Stage 2.6 | RAM/DSP Detailed Placement; Time: 0.006606s wall, 0.015625s user + 0.000000s system = 0.015625s CPU (236.5%); Memory(MB): used = 321, reserved = 314, peak = 321;

PHY-1001 : Stage 2.7 | Optimize Design
OPT-1001 : Start physical optimization ...
OPT-1001 : Total overflow 138.66 peak overflow 1.31
OPT-1001 : Stage 2.7.1 | Synthesize High-fanout Net
OPT-1001 : Start high-fanout net optimization in pre-pack flow with medium effort ...
OPT-1001 : Update timing in Manhattan mode
OPT-1001 : End timing update;  0.517584s wall, 0.500000s user + 0.000000s system = 0.500000s CPU (96.6%)

OPT-1001 : Start: SWNS -7593 STNS -300278 NUM_FEPS 88
OPT-1001 : Total overflow 138.66 peak overflow 1.31
PHY-1001 : Populate physical database on model top.
OPT-1001 : 18 high-fanout net processed.
PHY-3001 : Start incremental placement ...
PHY-1001 : Populate physical database on model top.
PHY-3001 : Target density is 34%
PHY-3001 : Target density is 34%
PHY-1001 : Stage 2.7.1.1 | Update Timing
PHY-1001 : SWNS: -7593, STNS: -300278, FEP: 88
PHY-1001 : End Stage 2.7.1.1 | Update Timing; Time: 0.054836s wall, 0.062500s user + 0.000000s system = 0.062500s CPU (114.0%); Memory(MB): used = 323, reserved = 316, peak = 323;

PHY-1001 : Stage 2.7.1.2 | Refresh Congestion
RUN-1001 : Generating global routing grids ...
PHY-1001 : Generate routing nets ...
PHY-1001 : Reuse net number 60/9094.
PHY-1001 : Global iterations in 16 thread ...
PHY-1002 : len = 378952, over cnt = 1148(3%), over = 3220, worst = 16
PHY-1001 : End global iterations;  0.509084s wall, 0.906250s user + 0.000000s system = 0.906250s CPU (178.0%)

PHY-1001 : Congestion index:
PHY-1001 : top1  = 45.36(S 88.28, N 86.49, E 66.37, W 59.33, I 0.00, O 0.00)
PHY-1001 : top5  = 37.10(S 62.23, N 57.34, E 50.60, W 42.01, I 0.00, O 0.00)
PHY-1001 : top10 = 32.83(S 50.69, N 45.87, E 43.24, W 34.70, I 0.00, O 0.00)
PHY-1001 : top15 = 30.13(S 44.11, N 39.68, E 38.46, W 30.57, I 0.00, O 0.00)
PHY-1001 : End Stage 2.7.1.2 | Refresh Congestion; Time: 0.602988s wall, 1.000000s user + 0.000000s system = 1.000000s CPU (165.8%); Memory(MB): used = 329, reserved = 322, peak = 329;

PHY-1001 : Stage 2.7.1.3 | GP Iteration
PHY-1001 : End Stage 2.7.1.3 | GP Iteration; Time: 0.566384s wall, 3.234375s user + 0.093750s system = 3.328125s CPU (587.6%); Memory(MB): used = 329, reserved = 322, peak = 329;

PHY-3001 : Multithread accelerating rate: 5.84
PHY-3001 : Final: Len = 289601, Over = 17.5625
PHY-3001 : End incremental placement;  1.364983s wall, 4.421875s user + 0.093750s system = 4.515625s CPU (330.8%)

OPT-1001 : Total overflow 159.19 peak overflow 1.62
RUN-1001 : HFN opt statistic
RUN-1001 : ------------------------------------------------------
RUN-1001 :   DriverCell type  |  HFN count  |  Duplicated count  
RUN-1001 : ------------------------------------------------------
RUN-1001 :         REG        |      9      |         48         
RUN-1001 :        LUT6        |      0      |         0          
RUN-1001 :        LUT5        |      0      |         0          
RUN-1001 :        LUT4        |      4      |         18         
RUN-1001 :        LUT3        |      5      |        109         
RUN-1001 :        LUT2        |      0      |         0          
RUN-1001 :        TOTAL       |     18      |        175         
RUN-1001 : ------------------------------------------------------
OPT-1001 : End high-fanout net optimization;  2.689738s wall, 5.718750s user + 0.093750s system = 5.812500s CPU (216.1%)

OPT-1001 : Update timing in Manhattan mode
OPT-1001 : End timing update;  0.554657s wall, 0.546875s user + 0.015625s system = 0.562500s CPU (101.4%)

OPT-1001 : Current memory(MB): used = 329, reserved = 322, peak = 329.
OPT-1001 : End Stage 2.7.1 | Synthesize High-fanout Net; Time: 3.301762s wall, 6.312500s user + 0.109375s system = 6.421875s CPU (194.5%); Memory(MB): used = 329, reserved = 322, peak = 329;

OPT-1001 : Stage 2.7.2 | Global Optimization
OPT-1001 : Start global optimization ...
OPT-0007 : Start: SWNS -7593 STNS -300678 NUM_FEPS 88
OPT-1001 : Start congestion update ...
RUN-1001 : Generating global routing grids ...
PHY-1001 : Generate routing nets ...
PHY-1001 : Reuse net number 1108/8747.
PHY-1001 : Global iterations in 16 thread ...
PHY-1002 : len = 338304, over cnt = 942(2%), over = 1827, worst = 9
PHY-1002 : len = 348416, over cnt = 640(1%), over = 1023, worst = 9
PHY-1002 : len = 356784, over cnt = 255(0%), over = 401, worst = 7
PHY-1002 : len = 363464, over cnt = 35(0%), over = 49, worst = 6
PHY-1002 : len = 364264, over cnt = 2(0%), over = 2, worst = 1
PHY-1001 : End global iterations;  1.031185s wall, 1.187500s user + 0.000000s system = 1.187500s CPU (115.2%)

PHY-1001 : Congestion index:
PHY-1001 : top1  = 42.01(S 61.03, N 56.47, E 52.82, W 47.59, I 0.00, O 0.00)
PHY-1001 : top5  = 34.60(S 48.86, N 44.03, E 42.34, W 37.39, I 0.00, O 0.00)
PHY-1001 : top10 = 30.57(S 42.68, N 37.44, E 36.60, W 32.23, I 0.00, O 0.00)
PHY-1001 : top15 = 28.12(S 38.73, N 33.41, E 33.03, W 28.97, I 0.00, O 0.00)
OPT-1001 : End congestion update;  1.178108s wall, 1.328125s user + 0.000000s system = 1.328125s CPU (112.7%)

OPT-0007 : Iter 1: improved SWNS -7593 STNS -300678 NUM_FEPS 88 with 8 cells processed and 200 slack improved
OPT-0007 : Iter 2: improved SWNS -7593 STNS -300678 NUM_FEPS 88 with 0 cells processed and 0 slack improved
OPT-1001 : Overall commit ratio 1.00
OPT-1001 : End global optimization;  1.254383s wall, 1.421875s user + 0.000000s system = 1.421875s CPU (113.4%)

OPT-1001 : Current memory(MB): used = 329, reserved = 322, peak = 329.
OPT-1001 : End Stage 2.7.2 | Global Optimization; Time: 1.441069s wall, 1.609375s user + 0.000000s system = 1.609375s CPU (111.7%); Memory(MB): used = 329, reserved = 322, peak = 329;

OPT-0007 : End flow prepack: SWNS -7593 STNS -300678 NUM_FEPS 88
OPT-1001 : End physical optimization;  4.757075s wall, 7.921875s user + 0.109375s system = 8.031250s CPU (168.8%)

PHY-1001 : End Stage 2.7 | Optimize Design; Time: 4.758627s wall, 7.921875s user + 0.109375s system = 8.031250s CPU (168.8%); Memory(MB): used = 329, reserved = 322, peak = 329;

PHY-1001 : Stage 2.8 | Place Packing
PHY-1001 : Stage 2.8.1 | Packing
SYN-4007 : Packing 0 MUX to BLE ...
SYN-4008 : Packed 0 MUX and 0 SEQ to BLE.
SYN-4007 : Packing 4366 LUT to BLE ...
SYN-4008 : Packed 4366 LUT and 2666 SEQ to BLE.
SYN-4003 : Packing 1935 remaining SEQ's ...
SYN-4005 : Packed 1172 SEQ with LUT/SLICE
SYN-4006 : 627 single LUT's are left
SYN-4006 : 763 single SEQ's are left
SYN-4011 : Packing model "top" (AL_USER_NORMAL) with 5129/5886 primitive instances ...
PHY-1001 : Populate physical database on model top.
RUN-1001 : There are total 3670 instances
RUN-1001 : 1753 mslices, 1754 lslices, 128 pads, 20 brams, 0 dsps
RUN-1001 : There are total 8308 nets
RUN-1001 : 5352 nets have 2 pins
RUN-1001 : 1982 nets have [3 - 5] pins
RUN-1001 : 574 nets have [6 - 10] pins
RUN-1001 : 200 nets have [11 - 20] pins
RUN-1001 : 191 nets have [21 - 99] pins
RUN-1001 : 9 nets have 100+ pins
PHY-3001 : Target density is 43%
RUN-1002 : start command "start_timer"
USR-1002 : Derived clock:  create_generated_clock -name {UDP_TOP_u0/u0_clk_wize/pll_inst.clkc[0]} -source [get_ports {clk}] -master_clock {clk_in} -multiply_by 2.5000 -duty_cycle 50.0000 [get_pins {UDP_TOP_u0/u0_clk_wize/pll_inst.clkc[0]}]
USR-1002 : Derived clock:  create_generated_clock -name {UDP_TOP_u0/u_clk_gen/u_pll_0/pll_inst.clkc[0]} -source [get_ports {clk}] -master_clock {clk_in} -multiply_by 2.5000 -duty_cycle 50.0000 [get_pins {UDP_TOP_u0/u_clk_gen/u_pll_0/pll_inst.clkc[0]}]
USR-1002 : Derived clock:  create_generated_clock -name {UDP_TOP_u0/u_clk_gen/u_pll_0/pll_inst.clkc[1]} -source [get_ports {clk}] -master_clock {clk_in} -multiply_by 2.5000 -duty_cycle 50.0000 [get_pins {UDP_TOP_u0/u_clk_gen/u_pll_0/pll_inst.clkc[1]}]
USR-1002 : Derived clock:  create_generated_clock -name {UDP_TOP_u0/u_clk_gen/u_pll_0/pll_inst.clkc[4]} -source [get_ports {clk}] -master_clock {clk_in} -multiply_by 2.5000 -phase 90 -duty_cycle 50.0000 [get_pins {UDP_TOP_u0/u_clk_gen/u_pll_0/pll_inst.clkc[4]}]
USR-1002 : Derived clock:  create_generated_clock -name {sys_pll_m0/pll_inst.clkc[0]} -source [get_ports {clk}] -master_clock {clk_in} -multiply_by 2.5000 -duty_cycle 50.0000 [get_pins {sys_pll_m0/pll_inst.clkc[0]}]
USR-1002 : Derived clock:  create_generated_clock -name {sys_pll_m0/pll_inst.clkc[1]} -source [get_ports {clk}] -master_clock {clk_in} -multiply_by 2.5000 -phase 180 -duty_cycle 50.0000 [get_pins {sys_pll_m0/pll_inst.clkc[1]}]
USR-1002 : Derived clock:  create_generated_clock -name {video_pll_m0/pll_inst.clkc[0]} -source [get_ports {clk}] -master_clock {clk_in} -multiply_by 1.3333 -duty_cycle 50.0000 [get_pins {video_pll_m0/pll_inst.clkc[0]}]
USR-1002 : Derived clock:  create_generated_clock -name {video_pll_m0/pll_inst.clkc[1]} -source [get_ports {clk}] -master_clock {clk_in} -multiply_by 6.6667 -duty_cycle 50.0000 [get_pins {video_pll_m0/pll_inst.clkc[1]}]
USR-6001 WARNING: No pins matched 'get_pins UDP_TOP_u0/udp_clk_gen/pll_inst.clkc[1]'
8.000000
15.000000
8.000000
USR-8130 CRITICAL-WARNING: No clock match the pattern: UDP_TOP_u0/udp_clk_gen/pll_inst.clkc\[0\].
USR-8124 CRITICAL-WARNING: Rename_clock: please specify object list.
USR-8159 CRITICAL-WARNING: Command rename_clock -name {udp_pll_125M_0} [get_clocks {UDP_TOP_u0/udp_clk_gen/pll_inst.clkc[0]}] in D:/Anlu/my_project_125/lab_ex_5_HX4S20_OV5640/top.sdc(15) fails.
USR-8130 CRITICAL-WARNING: No clock match the pattern: UDP_TOP_u0/udp_clk_gen/pll_inst.clkc\[1\].
USR-8124 CRITICAL-WARNING: Rename_clock: please specify object list.
USR-8159 CRITICAL-WARNING: Command rename_clock -name {udp_pll_125M_1} [get_clocks {UDP_TOP_u0/udp_clk_gen/pll_inst.clkc[1]}] in D:/Anlu/my_project_125/lab_ex_5_HX4S20_OV5640/top.sdc(16) fails.
USR-8130 CRITICAL-WARNING: No clock match the pattern: UDP_TOP_u0/udp_clk_gen/pll_inst.clkc\[3\].
USR-8124 CRITICAL-WARNING: Rename_clock: please specify object list.
USR-8159 CRITICAL-WARNING: Command rename_clock -name {udp_pll_25M}    [get_clocks {UDP_TOP_u0/udp_clk_gen/pll_inst.clkc[3]}] in D:/Anlu/my_project_125/lab_ex_5_HX4S20_OV5640/top.sdc(17) fails.
USR-6001 WARNING: No pins matched 'get_pins UDP_TOP_u0/udp_clk_gen/pll_inst.clkc[1]'
USR-8171 CRITICAL-WARNING: create_generated_clock: master clock udp_pll_125M_1 is not found. Please specify valid master clock name.
USR-8159 CRITICAL-WARNING: Command create_generated_clock -name {udp_clk_125m} -source [get_pins {UDP_TOP_u0/udp_clk_gen/pll_inst.clkc[1]}] -master_clock {udp_pll_125M_1} -divide_by 1.000 -phase 0.000 -add [get_nets {UDP_TOP_u0/udp_clk}] in D:/Anlu/my_project_125/lab_ex_5_HX4S20_OV5640/top.sdc(20) fails.
USR-8130 CRITICAL-WARNING: No clock match the pattern: udp_clk_125m.
USR-8208 CRITICAL-WARNING: Clock group is empty.
USR-8159 CRITICAL-WARNING: Command set_clock_groups -exclusive -group [get_clocks {clk_in}] -group [get_clocks {phy1_rgmii_rx_clk}] -group [get_clocks {sys_pll_125M}] -group [get_clocks {video_pll_66M}] -group [get_clocks {udp_clk_125m}] in D:/Anlu/my_project_125/lab_ex_5_HX4S20_OV5640/top.sdc(28) fails.
RUN-1003 : finish command "start_timer" in  1.959903s wall, 1.953125s user + 0.015625s system = 1.968750s CPU (100.5%)

RUN-1004 : used memory is 331 MB, reserved memory is 323 MB, peak memory is 331 MB
PHY-1001 : End Stage 2.8.1 | Packing; Time: 3.262081s wall, 3.203125s user + 0.031250s system = 3.234375s CPU (99.2%); Memory(MB): used = 336, reserved = 328, peak = 336;

PHY-1001 : Stage 2.8.2 | Post Pack GP
PHY-3001 : Target density is 42%
PHY-3001 : Cell area utilization is 42%
PHY-3001 : After packing: Len = 293849, Over = 62.5
PHY-3001 : Target density is 42%
PHY-1001 : Stage 2.8.2.1 | Update Timing
PHY-1001 : SWNS: -7593, STNS: -300117, FEP: 88
PHY-1001 : End Stage 2.8.2.1 | Update Timing; Time: 0.044462s wall, 0.046875s user + 0.000000s system = 0.046875s CPU (105.4%); Memory(MB): used = 336, reserved = 329, peak = 336;

PHY-1001 : Stage 2.8.2.2 | Refresh Congestion
RUN-1001 : Generating global routing grids ...
PHY-1001 : Generate routing nets ...
PHY-1001 : Reuse net number 3157/7015.
PHY-1001 : Global iterations in 16 thread ...
PHY-1002 : len = 358240, over cnt = 635(1%), over = 978, worst = 7
PHY-1002 : len = 364336, over cnt = 367(1%), over = 492, worst = 6
PHY-1002 : len = 370112, over cnt = 76(0%), over = 88, worst = 3
PHY-1002 : len = 370680, over cnt = 30(0%), over = 34, worst = 3
PHY-1002 : len = 371136, over cnt = 0(0%), over = 0, worst = 0
PHY-1001 : End global iterations;  0.666353s wall, 0.765625s user + 0.015625s system = 0.781250s CPU (117.2%)

PHY-1001 : Congestion index:
PHY-1001 : top1  = 43.97(S 61.29, N 56.98, E 53.71, W 48.36, I 0.00, O 0.00)
PHY-1001 : top5  = 35.37(S 48.18, N 43.07, E 42.27, W 38.10, I 0.00, O 0.00)
PHY-1001 : top10 = 30.93(S 42.12, N 36.59, E 36.07, W 32.82, I 0.00, O 0.00)
PHY-1001 : top15 = 28.19(S 37.99, N 32.59, E 32.16, W 29.53, I 0.00, O 0.00)
PHY-1001 : End Stage 2.8.2.2 | Refresh Congestion; Time: 0.825449s wall, 0.921875s user + 0.015625s system = 0.937500s CPU (113.6%); Memory(MB): used = 338, reserved = 330, peak = 338;

PHY-1001 : Stage 2.8.2.3 | GP Iteration
PHY-1001 : End Stage 2.8.2.3 | GP Iteration; Time: 0.852061s wall, 3.953125s user + 0.406250s system = 4.359375s CPU (511.6%); Memory(MB): used = 338, reserved = 330, peak = 338;

PHY-3001 : Multithread accelerating rate: 5.11
PHY-1001 : End Stage 2.8.2 | Post Pack GP; Time: 1.729244s wall, 4.921875s user + 0.421875s system = 5.343750s CPU (309.0%); Memory(MB): used = 338, reserved = 331, peak = 338;

PHY-1001 : End Stage 2.8 | Place Packing; Time: 4.991445s wall, 8.125000s user + 0.453125s system = 8.578125s CPU (171.9%); Memory(MB): used = 338, reserved = 331, peak = 338;

PHY-1001 : Stage 2.9 | Legalization
PHY-3001 : Before Legalized: Len = 403198
PHY-3001 : After Legalized: Len = 422980, Over = 0
PHY-1001 : End Stage 2.9 | Legalization; Time: 0.011538s wall, 0.171875s user + 0.046875s system = 0.218750s CPU (1896.0%); Memory(MB): used = 338, reserved = 331, peak = 338;

PHY-1001 : Stage 2.10 | Global Placement Step 3
PHY-3001 : Target density is 42%
PHY-1001 : Stage 2.10.1 | Update Timing
PHY-1001 : SWNS: -7493, STNS: -300181, FEP: 88
PHY-1001 : End Stage 2.10.1 | Update Timing; Time: 0.521451s wall, 0.500000s user + 0.015625s system = 0.515625s CPU (98.9%); Memory(MB): used = 339, reserved = 331, peak = 339;

PHY-1001 : Stage 2.10.2 | Refresh Congestion
RUN-1001 : Generating global routing grids ...
PHY-1001 : Generate routing nets ...
PHY-1001 : Reuse net number 157/7490.
PHY-1001 : Global iterations in 16 thread ...
PHY-1002 : len = 485128, over cnt = 714(2%), over = 1151, worst = 6
PHY-1002 : len = 494856, over cnt = 340(0%), over = 459, worst = 4
PHY-1002 : len = 498072, over cnt = 161(0%), over = 214, worst = 4
PHY-1002 : len = 501160, over cnt = 59(0%), over = 77, worst = 3
PHY-1002 : len = 501992, over cnt = 0(0%), over = 0, worst = 0
PHY-1001 : End global iterations;  1.148945s wall, 1.203125s user + 0.062500s system = 1.265625s CPU (110.2%)

PHY-1001 : Congestion index:
PHY-1001 : top1  = 46.26(S 69.12, N 57.76, E 51.14, W 48.77, I 0.00, O 0.00)
PHY-1001 : top5  = 39.44(S 57.97, N 48.18, E 42.54, W 39.70, I 0.00, O 0.00)
PHY-1001 : top10 = 35.25(S 50.99, N 42.93, E 37.75, W 34.79, I 0.00, O 0.00)
PHY-1001 : top15 = 32.68(S 46.42, N 39.34, E 34.44, W 31.63, I 0.00, O 0.00)
PHY-1001 : End Stage 2.10.2 | Refresh Congestion; Time: 1.323805s wall, 1.375000s user + 0.062500s system = 1.437500s CPU (108.6%); Memory(MB): used = 346, reserved = 338, peak = 346;

PHY-1001 : Stage 2.10.3 | GP Iteration
PHY-1001 : End Stage 2.10.3 | GP Iteration; Time: 0.171974s wall, 0.593750s user + 0.125000s system = 0.718750s CPU (417.9%); Memory(MB): used = 346, reserved = 338, peak = 346;

PHY-3001 : Multithread accelerating rate: 4.14
PHY-1001 : End Stage 2.10 | Global Placement Step 3; Time: 2.039919s wall, 2.484375s user + 0.203125s system = 2.687500s CPU (131.7%); Memory(MB): used = 346, reserved = 339, peak = 346;

PHY-1001 : Stage 2.11 | Final Legalization
PHY-3001 : Before Legalized: Len = 335226
PHY-3001 : After Legalized: Len = 344907, Over = 0
PHY-1001 : End Stage 2.11 | Final Legalization; Time: 0.011831s wall, 0.015625s user + 0.000000s system = 0.015625s CPU (132.1%); Memory(MB): used = 346, reserved = 339, peak = 346;

PHY-1001 : End Stage 2 | Global Placement; Time: 18.617556s wall, 33.953125s user + 1.859375s system = 35.812500s CPU (192.4%); Memory(MB): used = 346, reserved = 339, peak = 346;

PHY-1001 : Stage 3 | Detailed Placement
PHY-1001 : Stage 3.1 | SLICE Detailed Placement
PHY-1001 : Stage 3.1.1 | Spreading
PHY-3001 : Spreading special nets. 87 overflows in 2952 tiles.
PHY-3001 : End spreading;  0.024297s wall, 0.031250s user + 0.000000s system = 0.031250s CPU (128.6%)

PHY-1001 : End Stage 3.1.1 | Spreading; Time: 0.024346s wall, 0.031250s user + 0.000000s system = 0.031250s CPU (128.4%); Memory(MB): used = 346, reserved = 339, peak = 346;

PHY-3001 : Final: Len = 346589, Over = 0
PHY-1001 : End Stage 3.1 | SLICE Detailed Placement; Time: 0.573734s wall, 0.562500s user + 0.000000s system = 0.562500s CPU (98.0%); Memory(MB): used = 346, reserved = 339, peak = 346;

PHY-3001 : BANK 5 DIFFRESISTOR:NONE VOD:350M VCM:1.2
PHY-3001 : End Detailed Place; 
PHY-1001 : Stage 3.2 | Optimize Design
OPT-1001 : Start physical optimization ...
OPT-1001 : Total overflow 0.00 peak overflow 0.00
OPT-1001 : Stage 3.2.1 | Physical Optimization
OPT-1001 : Start high-fanout net optimization in optimize equivalent flow with medium effort ...
OPT-1001 : Clean unloaded insts before merging registers
PHY-1001 : Populate physical database on model top.
PHY-1001 : Populate physical database on model top.
OPT-1001 : Total overflow 0.00 peak overflow 0.00
OPT-1001 : End optimize duplicated nets. Total 90 instances are merged and 1329 sinks are reconnected,  0.122755s wall, 0.125000s user + 0.000000s system = 0.125000s CPU (101.8%)

OPT-1001 : End high-fanout net optimization;  0.123190s wall, 0.125000s user + 0.000000s system = 0.125000s CPU (101.5%)

OPT-1001 : Update timing in Manhattan mode
RUN-1002 : start command "start_timer"
OPT-1001 : End timing update;  1.094257s wall, 1.093750s user + 0.000000s system = 1.093750s CPU (100.0%)

OPT-1001 : Current memory(MB): used = 347, reserved = 339, peak = 347.
OPT-1001 : End Stage 3.2.1 | Physical Optimization; Time: 1.274961s wall, 1.281250s user + 0.000000s system = 1.281250s CPU (100.5%); Memory(MB): used = 347, reserved = 339, peak = 347;

OPT-1001 : Stage 3.2.2 | Synthesize High-fanout Net
OPT-1001 : Start high-fanout net optimization in post-pack flow with medium effort ...
OPT-1001 : Start: SWNS -7593 STNS -299088 NUM_FEPS 88
OPT-1001 : Total overflow 0.00 peak overflow 0.00
PHY-1001 : Populate physical database on model top.
OPT-1001 : 6 high-fanout net processed.
OPT-1001 : Total overflow 0.00 peak overflow 0.00
RUN-1001 : HFN opt statistic
RUN-1001 : ------------------------------------------------------
RUN-1001 :   DriverCell type  |  HFN count  |  Duplicated count  
RUN-1001 : ------------------------------------------------------
RUN-1001 :       LSLICE       |      0      |         0          
RUN-1001 :       MSLICE       |      0      |         0          
RUN-1001 :        OTHER       |      6      |         27         
RUN-1001 :        TOTAL       |      6      |         27         
RUN-1001 : ------------------------------------------------------
OPT-1001 : End high-fanout net optimization;  0.334454s wall, 0.328125s user + 0.000000s system = 0.328125s CPU (98.1%)

OPT-1001 : Current memory(MB): used = 347, reserved = 339, peak = 347.
OPT-1001 : End Stage 3.2.2 | Synthesize High-fanout Net; Time: 0.390074s wall, 0.390625s user + 0.000000s system = 0.390625s CPU (100.1%); Memory(MB): used = 347, reserved = 339, peak = 347;

OPT-1001 : Stage 3.2.3 | Optimize Path
OPT-1001 : Start path based optimization ...
OPT-0007 : Start: SWNS -7593 STNS -299088 NUM_FEPS 88 with mode 0
OPT-1001 : Start congestion update ...
RUN-1001 : Generating global routing grids ...
PHY-1001 : Generate routing nets ...
PHY-1001 : Reuse net number 1185/7322.
PHY-1001 : Global iterations in 16 thread ...
PHY-1002 : len = 404672, over cnt = 682(1%), over = 1062, worst = 6
PHY-1002 : len = 414168, over cnt = 332(0%), over = 432, worst = 5
PHY-1002 : len = 418208, over cnt = 123(0%), over = 148, worst = 5
PHY-1002 : len = 419656, over cnt = 33(0%), over = 38, worst = 3
PHY-1002 : len = 420432, over cnt = 0(0%), over = 0, worst = 0
PHY-1001 : End global iterations;  1.052523s wall, 1.265625s user + 0.000000s system = 1.265625s CPU (120.2%)

PHY-1001 : Congestion index:
PHY-1001 : top1  = 43.93(S 61.12, N 55.17, E 51.98, W 46.98, I 0.00, O 0.00)
PHY-1001 : top5  = 34.69(S 49.34, N 44.16, E 41.09, W 37.22, I 0.00, O 0.00)
PHY-1001 : top10 = 30.74(S 43.37, N 38.24, E 35.78, W 32.29, I 0.00, O 0.00)
PHY-1001 : top15 = 28.45(S 39.53, N 34.39, E 32.47, W 29.34, I 0.00, O 0.00)
OPT-1001 : End congestion update;  1.240074s wall, 1.468750s user + 0.000000s system = 1.468750s CPU (118.4%)

PHY-3001 : Start incremental legalization ...
PHY-1001 : Populate physical database on model top.
PHY-7002 CRITICAL-WARNING: Instance U3/sdram location (12, 12) is not honored. Cell's initial location is not legal at the beginning of ECO placement, and will be moved during placement. Please verify user location constraints through the adc file.
PHY-3001 : Target density is 35%
PHY-3001 : Target density is 42%
PHY-3001 : Initial: Len = 346953, Over = 0
PHY-3001 : End spreading;  0.024040s wall, 0.015625s user + 0.000000s system = 0.015625s CPU (65.0%)

PHY-3001 : Final: Len = 346953, Over = 0
PHY-3001 : End incremental legalization;  0.132012s wall, 0.281250s user + 0.015625s system = 0.296875s CPU (224.9%)

OPT-0007 : Iter 1: improved SWNS -7593 STNS -299088 NUM_FEPS 88 with 52(354) cells and 430(430) paths processed with 9427 slack improved, crit_thod: 1716 ratio: 0.98(52/53) rt: 0.4s
OPT-0007 : Iter 2: improved SWNS -7593 STNS -299088 NUM_FEPS 88 with 0(0) cells and 0(0) paths processed with 0 slack improved, crit_thod: 1807 ratio: -1.00(0/0) rt: 0.0s
OPT-1001 : End path based optimization;  1.647992s wall, 1.984375s user + 0.015625s system = 2.000000s CPU (121.4%)

OPT-1001 : Update timing in Manhattan mode
OPT-1001 : End timing update;  0.561095s wall, 0.546875s user + 0.015625s system = 0.562500s CPU (100.3%)

OPT-1001 : Current memory(MB): used = 351, reserved = 344, peak = 351.
OPT-1001 : End Stage 3.2.3 | Optimize Path; Time: 2.264920s wall, 2.593750s user + 0.031250s system = 2.625000s CPU (115.9%); Memory(MB): used = 351, reserved = 344, peak = 351;

OPT-1001 : Stage 3.2.4 | Optimize Duplicated Nets
OPT-1001 : Start: WNS -6693 TNS -297824 NUM_FEPS 88
OPT-1001 : Clean unloaded insts before merging registers
PHY-1001 : Populate physical database on model top.
PHY-1001 : Populate physical database on model top.
OPT-1001 : Total overflow 0.00 peak overflow 0.00
OPT-1001 : End optimize duplicated nets. Total 10 instances are merged and 427 sinks are reconnected,  0.245199s wall, 0.234375s user + 0.000000s system = 0.234375s CPU (95.6%)

OPT-1001 : Update timing in Manhattan mode
RUN-1002 : start command "start_timer"
OPT-1001 : End timing update;  1.135574s wall, 1.109375s user + 0.015625s system = 1.125000s CPU (99.1%)

OPT-1001 : Current memory(MB): used = 351, reserved = 344, peak = 351.
OPT-1001 : End Stage 3.2.4 | Optimize Duplicated Nets; Time: 1.435507s wall, 1.390625s user + 0.015625s system = 1.406250s CPU (98.0%); Memory(MB): used = 351, reserved = 344, peak = 351;

OPT-1001 : Stage 3.2.5 | Swap Pins
OPT-1001 : Start pin optimization...
OPT-1001 : skip pin optimization...
OPT-1001 : Current memory(MB): used = 351, reserved = 344, peak = 351.
OPT-1001 : End Stage 3.2.5 | Swap Pins; Time: 0.055609s wall, 0.062500s user + 0.000000s system = 0.062500s CPU (112.4%); Memory(MB): used = 351, reserved = 344, peak = 351;

OPT-0007 : End flow postpack: SWNS -6693 STNS -297824 NUM_FEPS 88
RUN-1001 : Generating global routing grids ...
PHY-1001 : Generate routing nets ...
PHY-1001 : Reuse net number 7113/7323.
PHY-1001 : Global iterations in 16 thread ...
PHY-1002 : len = 422960, over cnt = 81(0%), over = 89, worst = 3
PHY-1002 : len = 423728, over cnt = 34(0%), over = 34, worst = 1
PHY-1002 : len = 424112, over cnt = 11(0%), over = 11, worst = 1
PHY-1002 : len = 424256, over cnt = 4(0%), over = 4, worst = 1
PHY-1002 : len = 424248, over cnt = 0(0%), over = 0, worst = 0
PHY-1001 : End global iterations;  0.212855s wall, 0.203125s user + 0.015625s system = 0.218750s CPU (102.8%)

PHY-1001 : Congestion index:
PHY-1001 : top1  = 44.72(S 60.60, N 55.09, E 52.30, W 48.02, I 0.00, O 0.00)
PHY-1001 : top5  = 35.08(S 49.68, N 44.06, E 41.69, W 37.64, I 0.00, O 0.00)
PHY-1001 : top10 = 31.07(S 43.59, N 38.21, E 36.17, W 32.49, I 0.00, O 0.00)
PHY-1001 : top15 = 28.70(S 39.69, N 34.40, E 32.75, W 29.42, I 0.00, O 0.00)
RUN-1001 : QoR Analysis:
OPT-0007 :   SWNS -6693 STNS -297824 NUM_FEPS 88
RUN-1001 :   No local congestion issue, and most congested 1% tile average routing util is 44.379310
RUN-1001 :   Top critical paths
RUN-1001 :       #1 path slack -6693ps with logic level 2 
RUN-1001 :       #2 path slack -6693ps with logic level 2 
RUN-1001 :       #3 path slack -6643ps with logic level 2 
RUN-1001 :       #4 path slack -6643ps with logic level 2 
RUN-1001 :       #5 path slack -6593ps with logic level 2 
RUN-1001 :       #6 path slack -6593ps with logic level 2 
RUN-1001 :   0 HFN exist on timing critical paths out of 8238 nets
RUN-1001 :   0 long nets exist on timing critical paths out of 8238 nets
OPT-1001 : End physical optimization;  5.867872s wall, 6.156250s user + 0.062500s system = 6.218750s CPU (106.0%)

PHY-1001 : End Stage 3.2 | Optimize Design; Time: 5.867968s wall, 6.156250s user + 0.062500s system = 6.218750s CPU (106.0%); Memory(MB): used = 352, reserved = 344, peak = 352;

PHY-1001 : End Stage 3 | Detailed Placement; Time: 6.451168s wall, 6.718750s user + 0.062500s system = 6.781250s CPU (105.1%); Memory(MB): used = 352, reserved = 344, peak = 352;

PHY-1001 : Stage 4 | Optimize Design
PHY-3001 : Start incremental legalization ...
PHY-1001 : Populate physical database on model top.
PHY-7002 CRITICAL-WARNING: Instance U3/sdram location (164, 288) is not honored. Cell's initial location is not legal at the beginning of ECO placement, and will be moved during placement. Please verify user location constraints through the adc file.
PHY-3001 : Target density is 35%
PHY-3001 : Target density is 42%
PHY-3001 : Initial: Len = 344767, Over = 0
PHY-1001 : Stage 4.1 | Spreading
PHY-3001 : End spreading;  0.021223s wall, 0.015625s user + 0.000000s system = 0.015625s CPU (73.6%)

PHY-1001 : End Stage 4.1 | Spreading; Time: 0.021352s wall, 0.015625s user + 0.000000s system = 0.015625s CPU (73.2%); Memory(MB): used = 352, reserved = 344, peak = 352;

PHY-3001 : Final: Len = 344767, Over = 0
PHY-3001 : End incremental legalization;  0.132711s wall, 0.125000s user + 0.000000s system = 0.125000s CPU (94.2%)

RUN-1002 : start command "report_qor -step place -file place.qor"
RUN-1002 : start command "start_timer"
RUN-1001 : Generating global routing grids ...
-----------------------------------------------------------
| QoR metrics               |         value               |
-----------------------------------------------------------
| Timing                    |                             |
|     Setup WNS             |        -6693                |
|     Setup TNS             |      -297824                |
|     Num of violated S-EP  |           88                |
|     FMAX                  |    68.060MHz                |
|     SWNS path clock period |       8000ps                |
|     Hold WNS              |          -14                |
|     Hold TNS              |          -25                |
|     Num of violated H-EP  |            2                |
-----------------------------------------------------------
| Routing Resource          |                             |
|     Wire length           |       343245                |
-----------------------------------------------------------
| Utilization               |                             |
|     #slices               |         3519                |
|     slices percentage     |       35.91%                |
|     #RAMs                 |           20                |
|     #DSPs                 |            0                |
|     #DRAMHARDCON          |            0                |
-----------------------------------------------------------
| Congestion                |                             |
|     Top 1% tile util      |           38                |
|     Top 1% tile avg util  |       44.38%                |
|     Over 100% util #tile  |            0                |
-----------------------------------------------------------
Report place stage QoR done.

RUN-1003 : finish command "report_qor -step place -file place.qor" in  1.358246s wall, 1.265625s user + 0.031250s system = 1.296875s CPU (95.5%)

RUN-1004 : used memory is 352 MB, reserved memory is 344 MB, peak memory is 352 MB
PHY-1001 : End Stage 4 | Optimize Design; Time: 1.496985s wall, 1.406250s user + 0.031250s system = 1.437500s CPU (96.0%); Memory(MB): used = 352, reserved = 344, peak = 352;

PHY-1001 : Stage 5 | DRC Check
PHY-1001 : Stage 5.1 | Force Route Constraint Check
PHY-1001 : Check Pass.
PHY-1001 : End Stage 5.1 | Force Route Constraint Check; Time: 0.000790s wall, 0.000000s user + 0.000000s system = 0.000000s CPU (n/a%); Memory(MB): used = 352, reserved = 344, peak = 352;

PHY-1001 : Stage 5.2 | Duplicated SelfDriven Check
PHY-1001 : Check pass.
PHY-1001 : End Stage 5.2 | Duplicated SelfDriven Check; Time: 0.013851s wall, 0.015625s user + 0.000000s system = 0.015625s CPU (112.8%); Memory(MB): used = 352, reserved = 344, peak = 352;

PHY-1001 : Stage 5.3 | Clock Rule Check
PHY-1001 : End Stage 5.3 | Clock Rule Check; Time: 0.000389s wall, 0.000000s user + 0.000000s system = 0.000000s CPU (n/a%); Memory(MB): used = 352, reserved = 344, peak = 352;

PHY-1001 : End Stage 5 | DRC Check; Time: 0.032881s wall, 0.031250s user + 0.000000s system = 0.031250s CPU (95.0%); Memory(MB): used = 352, reserved = 344, peak = 352;

OPT-1001 : QoR tracer report on placement steps:
    SWNS [   incr ]     STNS [    incr ]    FEPS [   incr ]    CRIT [   incr ]      CELL [     incr ]        WL [     incr ]    CONG [   incr ]    PDES [   incr ]   RT(s) [   incr ]   MEM(mb) [     incr ]
       0 [      0 ]        0 [       0 ]       0 [      0 ]       0 [      0 ]      9547 [        0 ]         0 [        0 ]    0.00 [   0.00 ]       0 [      0 ]       0 [      0 ]       185 [        0 ] : preplace:simplify_lut
       0 [      0 ]        0 [       0 ]       0 [      0 ]       0 [      0 ]      9547 [        0 ]         0 [        0 ]    0.00 [   0.00 ]       0 [      0 ]       0 [      0 ]       185 [        0 ] : preplace:sweep
       0 [      0 ]        0 [       0 ]       0 [      0 ]       0 [      0 ]      9547 [        0 ]         0 [        0 ]    0.00 [   0.00 ]       0 [      0 ]       0 [      0 ]       185 [        0 ] : preplace:hfn_opt
   -7593 [  -7593 ]  -302314 [ -302314 ]      94 [     94 ]    2331 [   2331 ]      9549 [        2 ]    226447 [   226447 ]    0.00 [   0.00 ]       0 [      0 ]       3 [      3 ]       285 [      100 ] : step1_gp
   -7593 [      0 ]  -302314 [       0 ]      94 [      0 ]    2331 [      0 ]      9549 [        0 ]    230299 [     3852 ]    0.00 [   0.00 ]       0 [      0 ]       4 [      1 ]       285 [        0 ] : step1_legal
   -7593 [      0 ]  -300278 [    2036 ]      88 [     -6 ]    2292 [    -39 ]      9549 [        0 ]    305178 [    74879 ]   68.76 [  68.76 ]       0 [      0 ]       6 [      2 ]       321 [       36 ] : step2_gp
   -7593 [      0 ]  -300678 [    -400 ]      88 [      0 ]    2540 [    248 ]      9724 [      175 ]    287496 [   -17682 ]   44.97 [ -23.79 ]       0 [      0 ]      10 [      4 ]       329 [        8 ] : prepack:hfn_opt
   -7593 [      0 ]  -300678 [       0 ]      88 [      0 ]    2540 [      0 ]      9724 [        0 ]    287610 [      114 ]   41.55 [  -3.41 ]       0 [      0 ]      11 [      1 ]       329 [        0 ] : prepack:global_opt
   -7593 [      0 ]  -300117 [     561 ]      88 [      0 ]    2518 [    -22 ]      3670 [    -6054 ]    292313 [     4703 ]   41.55 [   0.00 ]       0 [      0 ]      14 [      3 ]       336 [        7 ] : pack
   -7593 [      0 ]  -299188 [     929 ]      88 [      0 ]    2428 [    -90 ]      3670 [        0 ]    343371 [    51058 ]   45.83 [   4.28 ]       0 [      0 ]      19 [      5 ]       346 [       10 ] : post_pack_place
   -7593 [      0 ]  -299088 [     100 ]      88 [      0 ]    2425 [     -3 ]      3670 [        0 ]    345053 [     1682 ]   45.83 [   0.00 ]       0 [      0 ]      19 [      0 ]       346 [        0 ] : post_pack_spreading
   -7593 [      0 ]  -299088 [       0 ]      88 [      0 ]    2432 [      7 ]      3662 [       -8 ]    335259 [    -9794 ]   45.83 [   0.00 ]       0 [      0 ]      21 [      2 ]       347 [        1 ] : postpack:optimize_equivalent_quick
   -7593 [      0 ]  -299088 [       0 ]      88 [      0 ]    2430 [     -2 ]      3689 [       27 ]    340033 [     4774 ]   45.83 [   0.00 ]       0 [      0 ]      21 [      0 ]       347 [        0 ] : postpack:hfn_opt
   -6693 [    900 ]  -297824 [    1264 ]      88 [      0 ]    2444 [     14 ]      3689 [        0 ]    345429 [     5396 ]   43.52 [  -2.31 ]       0 [      0 ]      23 [      2 ]       351 [        4 ] : postpack:path_opt
   -6693 [      0 ]  -297824 [       0 ]      88 [      0 ]    2444 [      0 ]      3683 [       -6 ]    343245 [    -2184 ]   43.52 [   0.00 ]       0 [      0 ]      25 [      2 ]       351 [        0 ] : postpack:optimize_equivalent
   -6693 [      0 ]  -297824 [       0 ]      88 [      0 ]    2444 [      0 ]      3683 [        0 ]    343245 [        0 ]   43.52 [   0.00 ]       0 [      0 ]      25 [      0 ]       351 [        0 ] : postpack:pin_opt

RUN-1003 : finish command "place" in  27.354987s wall, 42.859375s user + 1.953125s system = 44.812500s CPU (163.8%)

RUN-1004 : used memory is 352 MB, reserved memory is 344 MB, peak memory is 352 MB
RUN-1002 : start command "update_timing -mode manhattan"
RUN-1002 : start command "start_timer"
RUN-1003 : finish command "update_timing -mode manhattan" in  1.111246s wall, 1.093750s user + 0.000000s system = 1.093750s CPU (98.4%)

RUN-1004 : used memory is 352 MB, reserved memory is 344 MB, peak memory is 352 MB
RUN-1002 : start command "report_timing_summary -file pic_sdram_place.timing"
RUN-1002 : start command "report_area -io_info -file pic_sdram_phy.area"
RUN-1001 : standard
***Report Model: top Device: EG4S20BG256***

IO Statistics
#IO                        69   out of    188   36.70%
  #input                   21
  #output                  47
  #inout                    1
#virtual IO                 1
  #input                    0
  #output                   0
  #inout                    0

Utilization Statistics
#lut                     5655   out of  19600   28.85%
#reg                     4766   out of  19600   24.32%
#le                      6403
  #lut only              1637   out of   6403   25.57%
  #reg only               748   out of   6403   11.68%
  #lut&reg               4018   out of   6403   62.75%
#bram                      20   out of     64   31.25%
  #bram9k                  20
  #fifo9k                   0
#bram32k                    0   out of     16    0.00%
#dsp                        0   out of     29    0.00%
#pad                       73   out of    188   38.83%
  #ireg                    14
  #oreg                    46
  #treg                     0
#pll                        4   out of      4  100.00%
#gclk                       7   out of     16   43.75%

RUN-1002 : start command "flow_status -file place_flow.status"
Location         : D:\Anlu\my_project_125\lab_ex_5_HX4S20_OV5640\pic_sdram_Runs\phy_1
Running with     : Tang Dynasty v6.2.168116
                   Copyright (c) 2012-2025 Anlogic Inc.
Top Model        : top
Device           : EG4S20BG256
Speed            : NA

Timing Mode      : manhattan
Setup            : WNS -6693ps  TNS  -297824ps  NUM_FEPS    88
Hold             : WNS   -14ps  TNS      -25ps  NUM_FEPS     2

Flow Statistics  :
RUN-1001 : Flow Statistics:
RUN-1001 : --------------------------------------------------------------------------------------------------
RUN-1001 :      command     |  #calls  |  wall time  |  cpu time(s)  |  used memory(mb)  |  peak memory(mb)  
RUN-1001 : --------------------------------------------------------------------------------------------------
RUN-1001 :       place      |    1     |  27s(100%)  |   43(100%)    |        352        |        352        
RUN-1001 :     import_db    |    1     |   0s(0%)    |     0(0%)     |        184        |        184        
RUN-1001 :   import_device  |    1     |   0s(0%)    |     0(0%)     |        83         |        83         
RUN-1001 : --------------------------------------------------------------------------------------------------
RUN-1001 :       total      |    3     |     27s     |      43       |        352        |        352        
RUN-1001 : --------------------------------------------------------------------------------------------------
RUN-1002 : start command "report_clock_utilization -file place_clock_utilization.txt"
RUN-1001 : Device not support command report_clock_utilization.
RUN-1002 : start command "export_db pic_sdram_place.db"
RUN-1001 : Exported flow parameters
RUN-1001 : Exported /
RUN-1001 : Exported libs
RUN-1001 : Exported entities
RUN-1001 : Exported ports
RUN-1001 : Exported pins
RUN-1001 : Exported instances
RUN-1001 : Exported nets
RUN-1001 : Exported buses
RUN-1001 : Exported models
RUN-1001 : Exported phy database
RUN-1001 : Exported packer
RUN-1001 : Exported congestions
RUN-1001 : Exported violations
RUN-1001 : Exported ATMR Setting
RUN-1001 : Exported timing constraints
RUN-1001 : Exported IO constraints
RUN-1001 : Exported Inst constraints
RUN-1001 : Exported ChipWatcher
RUN-1002 : start command "commit_param -step route"
RUN-1001 : Print Global Property
RUN-1001 : --------------------------------------------------------
RUN-1001 :   Parameters   |  Settings  |  Default Values  |  Note  
RUN-1001 : --------------------------------------------------------
RUN-1001 :   enable_seed  |    off     |       off        |        
RUN-1001 :     message    |  standard  |     standard     |        
RUN-1001 :   qor_monitor  |     on     |        on        |        
RUN-1001 :   syn_ip_flow  |    off     |       off        |        
RUN-1001 :     thread     |    auto    |       auto       |        
RUN-1001 : --------------------------------------------------------
RUN-1001 : Print Route Property
RUN-1001 : -------------------------------------------------------
RUN-1001 :   Parameters  |  Settings  |  Default Values  |  Note  
RUN-1001 : -------------------------------------------------------
RUN-1001 :     effort    |   normal   |      normal      |        
RUN-1001 :    fix_hold   |     on     |        on        |        
RUN-1001 :     timing    |     on     |        on        |        
RUN-1001 : -------------------------------------------------------
RUN-1002 : start command "route"
RUN-1001 : Open license file D:/Anlogic/TD_6.2.1_Engineer_6.2.168.116/license/Anlogic.lic
PHY-1001 : Route runs in 16 thread(s)
RUN-1001 : There are total 3683 instances
RUN-1001 : 1751 mslices, 1768 lslices, 128 pads, 20 brams, 0 dsps
RUN-1001 : There are total 8238 nets
RUN-1001 : 5342 nets have 2 pins
RUN-1001 : 1977 nets have [3 - 5] pins
RUN-1001 : 577 nets have [6 - 10] pins
RUN-1001 : 164 nets have [11 - 20] pins
RUN-1001 : 165 nets have [21 - 99] pins
RUN-1001 : 13 nets have 100+ pins
RUN-1002 : start command "start_timer"
PHY-1001 : 1751 mslices, 1768 lslices, 128 pads, 20 brams, 0 dsps

PHY-1001 : Stage 1 | Global Routing
PHY-1001 : Start global routing, caller is route ...
RUN-1001 : Generating global routing grids ...
PHY-1001 : Generate routing nets ...
RUN-1001 : Generate nets statistics:
RUN-1001 : ----------------------------
RUN-1001 :        Type       |  Nets   
RUN-1001 : ----------------------------
RUN-1001 :   TotalRouteNets  |  7624   
RUN-1001 :   DontRouteNets   |   531   
RUN-1001 :     RouteNets     |  7093   
RUN-1001 :     RouteSinks    |  16780  
RUN-1001 : ----------------------------
PHY-1001 : Global iterations in 16 thread ...
PHY-1002 : len = 401856, over cnt = 708(2%), over = 1184, worst = 8
PHY-1002 : len = 411376, over cnt = 356(1%), over = 512, worst = 5
PHY-1002 : len = 415616, over cnt = 137(0%), over = 184, worst = 4
PHY-1002 : len = 418416, over cnt = 0(0%), over = 0, worst = 0
PHY-1001 : End global iterations;  1.138963s wall, 1.234375s user + 0.015625s system = 1.250000s CPU (109.7%)

PHY-1001 : Congestion index:
PHY-1001 : top1  = 44.88(S 60.95, N 55.09, E 52.79, W 46.75, I 0.00, O 0.00)
PHY-1001 : top5  = 35.18(S 49.66, N 43.91, E 41.80, W 36.96, I 0.00, O 0.00)
PHY-1001 : top10 = 31.11(S 43.63, N 38.31, E 36.00, W 32.04, I 0.00, O 0.00)
PHY-1001 : top15 = 28.63(S 39.53, N 34.68, E 32.63, W 29.05, I 0.00, O 0.00)
PHY-1001 : End global routing;  1.314793s wall, 1.406250s user + 0.015625s system = 1.421875s CPU (108.1%)

PHY-1001 : End Stage 1 | Global Routing; Time: 1.314872s wall, 1.406250s user + 0.015625s system = 1.421875s CPU (108.1%); Memory(MB): used = 370, reserved = 472, peak = 370;

PHY-1001 : Stage 2 | Detail Routing
PHY-1001 : Stage 2.1 | Build Routing Design
PHY-1001 : Routing in high effort: false
PHY-1001 : Routing Mode: normal
PHY-1001 : Generate detailed routing grids ...
PHY-1001 : End build routing graph; 3.055061s wall, 2.984375s user + 0.078125s system = 3.062500s CPU (100.2%)

PHY-1001 : Generate nets ...
PHY-1001 : net clk_dup_1 will be routed on clock mesh
PHY-1001 : net U3/u2_ram/SDRAM_CLK will be routed on clock mesh
PHY-1001 : clock net U3/u2_ram/u1_init_ref/Sdr_clk will be merged with clock sys_pll_m0/clk0_buf
PHY-1001 : clock net UDP_TOP_u0/temac_clk will be merged with clock UDP_TOP_u0/u_clk_gen/u_pll_0/clk0_buf
PHY-1001 : net UDP_TOP_u0/udp_clk will be routed on clock mesh
PHY-1001 : clock net UDP_TOP_u0/u2_hdmi_tx/Inst_DVITransmitter/PCLK_X5_I will be merged with clock UDP_TOP_u0/u0_clk_wize/clk0_buf
PHY-1001 : clock net u_ov5640_dri/u_i2c_dr/dri_clk_syn_4 will be merged with clock u_ov5640_dri/u_i2c_dr/dri_clk
PHY-1001 : clock net frame_read_write_m0/write_buf/clkw_syn_2 will be merged with clock frame_read_write_m0/write_buf/clkw
PHY-1001 : net u3_hdmi_tx/Inst_DVITransmitter/PCLK_X5_I will be routed on clock mesh
PHY-1001 : clock net u3_hdmi_tx/Inst_DVITransmitter/PCLK_I will be merged with clock video_pll_m0/clk0_buf
PHY-1001 : clock net UDP_TOP_u0/u4_trimac_block/rx_clk will be merged with clock phy1_rgmii_rx_clk_dup_1
PHY-1001 : net UDP_TOP_u0/u4_trimac_block/u1_rgmii_interface/rgmii_txc_ddr/clk will be routed on clock mesh
RUN-1001 : Generate nets statistics:
RUN-1001 : ------------------------------
RUN-1001 :         Type        |  Nets   
RUN-1001 : ------------------------------
RUN-1001 :        Route        |  7624   
RUN-1001 :      DontRoute      |   614   
RUN-1001 :      RouteSinks     |  26052  
RUN-1001 :   RouteEntitySinks  |    0    
RUN-1001 :       Lut2Dff       |    0    
RUN-1001 :       Ram2Dff       |    0    
RUN-1001 :      Carry2Dff      |    0    
RUN-1001 : ------------------------------
RUN-1001 : DR clock net summary:
RUN-1001 : ----------------------------------------------------------------------------------------------
RUN-1001 :   Net Idx  |                             Net Name                              |  Clock Type  
RUN-1001 : ----------------------------------------------------------------------------------------------
RUN-1001 :      1     |                        U3/u2_ram/SDRAM_CLK                        |    Normal    
RUN-1001 :      2     |                   U3/u2_ram/u1_init_ref/Sdr_clk                   |    Normal    
RUN-1001 :      3     |                       UDP_TOP_u0/temac_clk                        |    Normal    
RUN-1001 :      4     |        UDP_TOP_u0/u2_hdmi_tx/Inst_DVITransmitter/PCLK_X5_I        |    Normal    
RUN-1001 :      5     |                 UDP_TOP_u0/u4_trimac_block/rx_clk                 |    Normal    
RUN-1001 :      6     |  UDP_TOP_u0/u4_trimac_block/u1_rgmii_interface/rgmii_txc_ddr/clk  |    Normal    
RUN-1001 :      7     |                        UDP_TOP_u0/udp_clk                         |    Normal    
RUN-1001 :      8     |                             clk_dup_1                             |    Normal    
RUN-1001 :      9     |             frame_read_write_m0/write_buf/clkw_syn_2              |    Normal    
RUN-1001 :     10     |               u3_hdmi_tx/Inst_DVITransmitter/PCLK_I               |    Normal    
RUN-1001 :     11     |             u3_hdmi_tx/Inst_DVITransmitter/PCLK_X5_I              |    Normal    
RUN-1001 :     12     |                u_ov5640_dri/u_i2c_dr/dri_clk_syn_4                |    Normal    
RUN-1001 : ----------------------------------------------------------------------------------------------
RUN-1001 : DR clock buffer summary:
RUN-1001 : ----------------
RUN-1001 :   Idx  |  Name  
RUN-1001 : ----------------
RUN-1001 : ----------------
PHY-1001 : End Stage 2.1 | Build Routing Design; Time: 3.280112s wall, 3.187500s user + 0.093750s system = 3.281250s CPU (100.0%); Memory(MB): used = 631, reserved = 620, peak = 631;

RUN-1001 : Top Percentage Crit. Net Stat.
RUN-1001 : -------------------------------------------------------
RUN-1001 :   Top %  |  Net Count  |  Avg. Fanout  |  Avg. Slack   
RUN-1001 : -------------------------------------------------------
RUN-1001 :     1    |     82      |   6.585366    |  823.231707   
RUN-1001 :     2    |     164     |   5.371951    |  1360.060976  
RUN-1001 :     3    |     247     |   5.064777    |  1609.137652  
RUN-1001 :     4    |     329     |   5.054711    |  1771.252280  
RUN-1001 :     5    |     411     |   4.523114    |  1891.564477  
RUN-1001 :     6    |     494     |   4.429150    |  1991.062753  
RUN-1001 :     7    |     576     |   4.140625    |  2074.354167  
RUN-1001 :     8    |     659     |   3.939302    |  2152.804249  
RUN-1001 :     9    |     741     |   4.186235    |  2225.112011  
RUN-1001 :    10    |     823     |   4.089915    |  2295.210207  
RUN-1001 : -------------------------------------------------------
PHY-1001 : Stage 2.2 | Clock Nets Routing
PHY-1001 : Routed 0% nets.
PHY-1001 : len = 185296, over cnt = 0(0%), over = 0, worst = 0, crit = 0
PHY-1001 : End Stage 2.2 | Clock Nets Routing; Time: 10.222447s wall, 10.015625s user + 0.078125s system = 10.093750s CPU (98.7%); Memory(MB): used = 663, reserved = 652, peak = 663;

PHY-1001 : Stage 2.3 | Routing Initialization
PHY-1001 : Mark 1% net(place mode slack < 1807ps) as critical nets.
PHY-1001 : Stage 2.3.1 | Normal Nets Routing
PHY-1001 : Routed 92% nets.
PHY-1001 : len = 774600, over cnt = 501(0%), over = 501, worst = 1, crit = 0
PHY-1001 : End Stage 2.3.1 | Normal Nets Routing; Time: 18.953625s wall, 33.890625s user + 0.531250s system = 34.421875s CPU (181.6%); Memory(MB): used = 669, reserved = 658, peak = 669;

PHY-1001 : Stage 2.3.2 | Update Timing
RUN-1002 : start command "start_timer"
USR-1002 : Derived clock:  create_generated_clock -name {UDP_TOP_u0/u0_clk_wize/pll_inst.clkc[0]} -source [get_ports {clk}] -master_clock {clk_in} -multiply_by 2.5000 -duty_cycle 50.0000 [get_pins {UDP_TOP_u0/u0_clk_wize/pll_inst.clkc[0]}]
USR-1002 : Derived clock:  create_generated_clock -name {UDP_TOP_u0/u_clk_gen/u_pll_0/pll_inst.clkc[0]} -source [get_ports {clk}] -master_clock {clk_in} -multiply_by 2.5000 -duty_cycle 50.0000 [get_pins {UDP_TOP_u0/u_clk_gen/u_pll_0/pll_inst.clkc[0]}]
USR-1002 : Derived clock:  create_generated_clock -name {UDP_TOP_u0/u_clk_gen/u_pll_0/pll_inst.clkc[1]} -source [get_ports {clk}] -master_clock {clk_in} -multiply_by 2.5000 -duty_cycle 50.0000 [get_pins {UDP_TOP_u0/u_clk_gen/u_pll_0/pll_inst.clkc[1]}]
USR-1002 : Derived clock:  create_generated_clock -name {UDP_TOP_u0/u_clk_gen/u_pll_0/pll_inst.clkc[4]} -source [get_ports {clk}] -master_clock {clk_in} -multiply_by 2.5000 -phase 90 -duty_cycle 50.0000 [get_pins {UDP_TOP_u0/u_clk_gen/u_pll_0/pll_inst.clkc[4]}]
USR-1002 : Derived clock:  create_generated_clock -name {sys_pll_m0/pll_inst.clkc[0]} -source [get_ports {clk}] -master_clock {clk_in} -multiply_by 2.5000 -duty_cycle 50.0000 [get_pins {sys_pll_m0/pll_inst.clkc[0]}]
USR-1002 : Derived clock:  create_generated_clock -name {sys_pll_m0/pll_inst.clkc[1]} -source [get_ports {clk}] -master_clock {clk_in} -multiply_by 2.5000 -phase 180 -duty_cycle 50.0000 [get_pins {sys_pll_m0/pll_inst.clkc[1]}]
USR-1002 : Derived clock:  create_generated_clock -name {video_pll_m0/pll_inst.clkc[0]} -source [get_ports {clk}] -master_clock {clk_in} -multiply_by 1.3333 -duty_cycle 50.0000 [get_pins {video_pll_m0/pll_inst.clkc[0]}]
USR-1002 : Derived clock:  create_generated_clock -name {video_pll_m0/pll_inst.clkc[1]} -source [get_ports {clk}] -master_clock {clk_in} -multiply_by 6.6667 -duty_cycle 50.0000 [get_pins {video_pll_m0/pll_inst.clkc[1]}]
USR-6001 WARNING: No pins matched 'get_pins UDP_TOP_u0/udp_clk_gen/pll_inst.clkc[1]'
8.000000
15.000000
8.000000
USR-8130 CRITICAL-WARNING: No clock match the pattern: UDP_TOP_u0/udp_clk_gen/pll_inst.clkc\[0\].
USR-8124 CRITICAL-WARNING: Rename_clock: please specify object list.
USR-8159 CRITICAL-WARNING: Command rename_clock -name {udp_pll_125M_0} [get_clocks {UDP_TOP_u0/udp_clk_gen/pll_inst.clkc[0]}] in D:/Anlu/my_project_125/lab_ex_5_HX4S20_OV5640/top.sdc(15) fails.
USR-8130 CRITICAL-WARNING: No clock match the pattern: UDP_TOP_u0/udp_clk_gen/pll_inst.clkc\[1\].
USR-8124 CRITICAL-WARNING: Rename_clock: please specify object list.
USR-8159 CRITICAL-WARNING: Command rename_clock -name {udp_pll_125M_1} [get_clocks {UDP_TOP_u0/udp_clk_gen/pll_inst.clkc[1]}] in D:/Anlu/my_project_125/lab_ex_5_HX4S20_OV5640/top.sdc(16) fails.
USR-8130 CRITICAL-WARNING: No clock match the pattern: UDP_TOP_u0/udp_clk_gen/pll_inst.clkc\[3\].
USR-8124 CRITICAL-WARNING: Rename_clock: please specify object list.
USR-8159 CRITICAL-WARNING: Command rename_clock -name {udp_pll_25M}    [get_clocks {UDP_TOP_u0/udp_clk_gen/pll_inst.clkc[3]}] in D:/Anlu/my_project_125/lab_ex_5_HX4S20_OV5640/top.sdc(17) fails.
USR-6001 WARNING: No pins matched 'get_pins UDP_TOP_u0/udp_clk_gen/pll_inst.clkc[1]'
USR-8171 CRITICAL-WARNING: create_generated_clock: master clock udp_pll_125M_1 is not found. Please specify valid master clock name.
USR-8159 CRITICAL-WARNING: Command create_generated_clock -name {udp_clk_125m} -source [get_pins {UDP_TOP_u0/udp_clk_gen/pll_inst.clkc[1]}] -master_clock {udp_pll_125M_1} -divide_by 1.000 -phase 0.000 -add [get_nets {UDP_TOP_u0/udp_clk}] in D:/Anlu/my_project_125/lab_ex_5_HX4S20_OV5640/top.sdc(20) fails.
USR-8130 CRITICAL-WARNING: No clock match the pattern: udp_clk_125m.
USR-8208 CRITICAL-WARNING: Clock group is empty.
USR-8159 CRITICAL-WARNING: Command set_clock_groups -exclusive -group [get_clocks {clk_in}] -group [get_clocks {phy1_rgmii_rx_clk}] -group [get_clocks {sys_pll_125M}] -group [get_clocks {video_pll_66M}] -group [get_clocks {udp_clk_125m}] in D:/Anlu/my_project_125/lab_ex_5_HX4S20_OV5640/top.sdc(28) fails.
RUN-1003 : finish command "start_timer" in  2.251019s wall, 2.187500s user + 0.046875s system = 2.234375s CPU (99.3%)

RUN-1004 : used memory is 670 MB, reserved memory is 658 MB, peak memory is 670 MB
TMR-2502 : Net delay update with mode: Routed
PHY-1001 : 528/7624(6%) critical/total net(s).
PHY-1001 : Setup: WNS(ns) = -6.565, TNS(ns) = -771.596, FEP = 389 | Hold: WNS(ns) = -1.289, TNS(ns) = -9.910, FEP = 14.
PHY-1001 : End Stage 2.3.2 | Update Timing; Time: 3.192645s wall, 3.109375s user + 0.062500s system = 3.171875s CPU (99.3%); Memory(MB): used = 673, reserved = 662, peak = 673;

PHY-1001 : End Stage 2.3 | Routing Initialization; Time: 22.175199s wall, 37.031250s user + 0.593750s system = 37.625000s CPU (169.7%); Memory(MB): used = 673, reserved = 662, peak = 673;

PHY-1001 : Stage 2.4 | Routing Optimization
PHY-1001 : Build lut bridge;  0.100705s wall, 0.109375s user + 0.000000s system = 0.109375s CPU (108.6%)

PHY-1001 : Stage 2.4.1 | Phase 1
PHY-1001 : Stage 2.4.1.1 | Setup TimeOptimization
PHY-1001 : Start to optimize setup violation with net base ...
PHY-1001 : Iter 1; Processed 185 pins with SWNS -6.565ns STNS -349.132ns FEP 217 took 4.81797 seconds.
PHY-1001 : len = 780160, over cnt = 609(0%), over = 616, worst = 2, crit = 0
PHY-1001 : End Stage 2.4.1.1 | Setup TimeOptimization; Time: 4.896087s wall, 4.812500s user + 0.140625s system = 4.953125s CPU (101.2%); Memory(MB): used = 675, reserved = 664, peak = 675;

PHY-1001 : Stage 2.4.1.2 | Rip-up And ReRoute
PHY-1001 : Iter 1: len = 781680, over cnt = 140(0%), over = 140, worst = 1, crit = 0, time(s) = 0.92
PHY-1001 : Iter 2: len = 781920, over cnt = 50(0%), over = 50, worst = 1, crit = 0, time(s) = 0.22
PHY-1001 : Iter 3: len = 781952, over cnt = 44(0%), over = 44, worst = 1, crit = 0, time(s) = 0.08
PHY-1001 : Iter 4: len = 782528, over cnt = 10(0%), over = 10, worst = 1, crit = 0, time(s) = 0.05
PHY-1001 : Iter 5: len = 782560, over cnt = 1(0%), over = 1, worst = 1, crit = 0, time(s) = 0.04
PHY-1001 : Iter 6: len = 782560, over cnt = 1(0%), over = 1, worst = 1, crit = 0, time(s) = 0.03
PHY-1001 : Iter 7: len = 782560, over cnt = 1(0%), over = 1, worst = 1, crit = 0, time(s) = 0.03
PHY-1001 : Iter 8: len = 782632, over cnt = 0(0%), over = 0, worst = 0, crit = 0, time(s) = 0.02
PHY-1001 : End Stage 2.4.1.2 | Rip-up And ReRoute; Time: 1.431860s wall, 2.718750s user + 0.046875s system = 2.765625s CPU (193.1%); Memory(MB): used = 676, reserved = 665, peak = 676;

PHY-1001 : Stage 2.4.1.3 | Update Timing
RUN-1002 : start command "start_timer"
PHY-1001 : 432/7624(5%) critical/total net(s).
PHY-1001 : Setup: WNS(ns) = -6.565, TNS(ns) = -362.268, FEP = 241 | Hold: WNS(ns) = -1.289, TNS(ns) = -9.910, FEP = 14.
PHY-1001 : End Stage 2.4.1.3 | Update Timing; Time: 1.686753s wall, 1.609375s user + 0.015625s system = 1.625000s CPU (96.3%); Memory(MB): used = 677, reserved = 665, peak = 677;

PHY-1001 : Stage 2.4.1.4 | Commit Data
PHY-1001 : Commit better result to database ...
PHY-1001 : 165 feed throughs used by 132 nets
PHY-1001 : End Stage 2.4.1.4 | Commit Data; Time: 0.781477s wall, 0.750000s user + 0.000000s system = 0.750000s CPU (96.0%); Memory(MB): used = 707, reserved = 695, peak = 707;

PHY-1001 : End Stage 2.4.1 | Phase 1; Time: 8.899978s wall, 9.984375s user + 0.203125s system = 10.187500s CPU (114.5%); Memory(MB): used = 707, reserved = 695, peak = 707;

PHY-1001 : Stage 2.4.2 | Phase 2
PHY-1001 : Stage 2.4.2.1 | Setup TimeOptimization
PHY-1001 : Start to optimize setup violation with net base ...
PHY-1001 : Iter 1; Processed 44 pins with SWNS -6.565ns STNS -353.179ns FEP 233 took 1.11318 seconds.
PHY-1001 : len = 783432, over cnt = 31(0%), over = 31, worst = 1, crit = 0
PHY-1001 : End Stage 2.4.2.1 | Setup TimeOptimization; Time: 1.182750s wall, 1.171875s user + 0.015625s system = 1.187500s CPU (100.4%); Memory(MB): used = 707, reserved = 695, peak = 707;

PHY-1001 : Stage 2.4.2.2 | Rip-up And ReRoute
PHY-0007 : Congestion: {48.69, 39.21, 35.16, 32.82}; Timing: {-6.565ns, -353.179ns, 233}
PHY-1001 : Iter 1: len = 782584, over cnt = 0(0%), over = 0, worst = 0, crit = 0, time(s) = 0.10
PHY-1001 : End Stage 2.4.2.2 | Rip-up And ReRoute; Time: 0.130244s wall, 0.234375s user + 0.000000s system = 0.234375s CPU (180.0%); Memory(MB): used = 708, reserved = 696, peak = 708;

PHY-1001 : Stage 2.4.2.3 | Update Timing
RUN-1002 : start command "start_timer"
PHY-1001 : 433/7624(5%) critical/total net(s).
PHY-1001 : Setup: WNS(ns) = -6.565, TNS(ns) = -356.634, FEP = 239 | Hold: WNS(ns) = -1.289, TNS(ns) = -9.910, FEP = 14.
PHY-1001 : End Stage 2.4.2.3 | Update Timing; Time: 1.749410s wall, 1.718750s user + 0.015625s system = 1.734375s CPU (99.1%); Memory(MB): used = 708, reserved = 696, peak = 708;

PHY-1001 : Stage 2.4.2.4 | Commit Data
PHY-1001 : Commit better result to database ...
PHY-1001 : 167 feed throughs used by 134 nets
PHY-1001 : End Stage 2.4.2.4 | Commit Data; Time: 0.861626s wall, 0.859375s user + 0.000000s system = 0.859375s CPU (99.7%); Memory(MB): used = 709, reserved = 696, peak = 709;

PHY-1001 : End Stage 2.4.2 | Phase 2; Time: 4.028576s wall, 4.078125s user + 0.031250s system = 4.109375s CPU (102.0%); Memory(MB): used = 709, reserved = 696, peak = 709;

PHY-1001 : End Stage 2.4 | Routing Optimization; Time: 14.058307s wall, 15.203125s user + 0.234375s system = 15.437500s CPU (109.8%); Memory(MB): used = 709, reserved = 696, peak = 709;

PHY-1003 : Routed, final wirelength = 782584
RUN-1002 : start command "export_db pic_sdram_pr.db"
RUN-1001 : Exported flow parameters
RUN-1001 : Exported /
RUN-1001 : Exported libs
RUN-1001 : Exported entities
RUN-1001 : Exported ports
RUN-1001 : Exported pins
RUN-1001 : Exported instances
RUN-1001 : Exported nets
RUN-1001 : Exported buses
RUN-1001 : Exported models
RUN-1001 : Exported phy database
RUN-1001 : Exported packer
RUN-1001 : Exported congestions
RUN-1001 : Exported violations
RUN-1001 : Exported ATMR Setting
RUN-1001 : Exported timing constraints
RUN-1001 : Exported IO constraints
RUN-1001 : Exported Inst constraints
RUN-1001 : Exported ChipWatcher
PHY-1001 : Current memory(MB): used = 723, reserved = 814, peak = 738.
PHY-1001 : End export database. 0.434590s wall, 0.625000s user + 0.031250s system = 0.656250s CPU (151.0%)

PHY-1001 : End detail routing;  50.996603s wall, 66.875000s user + 1.031250s system = 67.906250s CPU (133.2%)

PHY-1001 : End Stage 2 | Detail Routing; Time: 50.996698s wall, 66.875000s user + 1.031250s system = 67.906250s CPU (133.2%); Memory(MB): used = 723, reserved = 814, peak = 738;

PHY-1001 : Stage 3 | Hold Fix
RUN-1002 : start command "start_timer"
RUN-1001 : fix hold violation on net UDP_TOP_u0/u7_rx_fifo/update_addr_tog endpin UDP_TOP_u0/u7_rx_fifo/add0_syn_68.mi[0] slack -291ps
RUN-1001 : 1 hold-buffer to be created.
RUN-1001 : fix hold violation on net UDP_TOP_u0/u7_rx_fifo/rd_addr[6] endpin UDP_TOP_u0/u7_rx_fifo/wr_rd_addr_reg[11]_syn_9.c[0] slack -228ps
RUN-1001 : 1 hold-buffer to be created.
RUN-1001 : fix hold violation on net UDP_TOP_u0/u7_rx_fifo/rd_addr[11] endpin UDP_TOP_u0/u7_rx_fifo/wr_rd_addr_reg[11]_syn_9.c[1] slack -238ps
RUN-1001 : 1 hold-buffer to be created.
RUN-1001 : fix hold violation on net UDP_TOP_u0/u7_rx_fifo/rd_addr[9] endpin UDP_TOP_u0/u7_rx_fifo/wr_rd_addr_reg[8]_syn_11.c[0] slack -135ps
RUN-1001 : 1 hold-buffer to be created.
RUN-1001 : fix hold violation on net UDP_TOP_u0/u7_rx_fifo/rd_addr[8] endpin UDP_TOP_u0/u7_rx_fifo/wr_rd_addr_reg[8]_syn_11.c[1] slack -135ps
RUN-1001 : 1 hold-buffer to be created.
RUN-1001 : fix hold violation on net UDP_TOP_u0/u_cam_data/cam_data[3] endpin UDP_TOP_u0/u_cam_data/mux0_syn_105.b[0] slack -1088ps
RUN-1001 : 3 hold-buffer to be created.
RUN-1001 : fix hold violation on net UDP_TOP_u0/u_cam_data/mux0_syn_87 endpin UDP_TOP_u0/u_cam_data/mux0_syn_105.c[0] slack -643ps
RUN-1001 : 2 hold-buffer to be created.
RUN-1001 : fix hold violation on net UDP_TOP_u0/u_cam_data/cam_data[2] endpin UDP_TOP_u0/u_cam_data/udp_data_reg[0]_syn_4.b[0] slack -1181ps
RUN-1001 : 3 hold-buffer to be created.
RUN-1001 : fix hold violation on net UDP_TOP_u0/u_cam_data/cam_data[0] endpin UDP_TOP_u0/u_cam_data/udp_data_reg[0]_syn_4.b[1] slack -1289ps
RUN-1001 : 3 hold-buffer to be created.
RUN-1001 : fix hold violation on net UDP_TOP_u0/u_cam_data/mux0_syn_84 endpin UDP_TOP_u0/u_cam_data/udp_data_reg[0]_syn_4.c[0] slack -798ps
RUN-1001 : 2 hold-buffer to be created.
RUN-1001 : fix hold violation on net UDP_TOP_u0/u_cam_data/mux0_syn_78 endpin UDP_TOP_u0/u_cam_data/udp_data_reg[0]_syn_4.c[1] slack -877ps
RUN-1001 : 2 hold-buffer to be created.
RUN-1001 : fix hold violation on net UDP_TOP_u0/u_cam_data/cam_data[1] endpin UDP_TOP_u0/u_cam_data/udp_data_reg[1]_syn_4.b[0] slack -1106ps
RUN-1001 : 3 hold-buffer to be created.
RUN-1001 : fix hold violation on net UDP_TOP_u0/u_cam_data/mux0_syn_81 endpin UDP_TOP_u0/u_cam_data/udp_data_reg[1]_syn_4.c[0] slack -754ps
RUN-1001 : 2 hold-buffer to be created.
RUN-1001 : fix hold violation on net vga_data[1]_dup_7 endpin UDP_TOP_u0/u_cam_data/udp_data_reg[4]_syn_4.b[0] slack -1009ps
RUN-1001 : 3 hold-buffer to be created.
RUN-1001 : fix hold violation on net vga_data[0]_dup_7 endpin UDP_TOP_u0/u_cam_data/udp_data_reg[4]_syn_4.b[1] slack -1195ps
RUN-1001 : 3 hold-buffer to be created.
RUN-1001 : fix hold violation on net UDP_TOP_u0/u_cam_data/mux0_syn_93 endpin UDP_TOP_u0/u_cam_data/udp_data_reg[4]_syn_4.c[0] slack -751ps
RUN-1001 : 2 hold-buffer to be created.
RUN-1001 : fix hold violation on net UDP_TOP_u0/u_cam_data/mux0_syn_90 endpin UDP_TOP_u0/u_cam_data/udp_data_reg[4]_syn_4.c[1] slack -683ps
RUN-1001 : 2 hold-buffer to be created.
RUN-1001 : fix hold violation on net vga_data[3]_dup_7 endpin UDP_TOP_u0/u_cam_data/udp_data_reg[6]_syn_4.b[0] slack -1088ps
RUN-1001 : 3 hold-buffer to be created.
RUN-1001 : fix hold violation on net vga_data[2]_dup_7 endpin UDP_TOP_u0/u_cam_data/udp_data_reg[6]_syn_4.b[1] slack -915ps
RUN-1001 : 2 hold-buffer to be created.
RUN-1001 : fix hold violation on net UDP_TOP_u0/u_cam_data/mux0_syn_99 endpin UDP_TOP_u0/u_cam_data/udp_data_reg[6]_syn_4.c[0] slack -854ps
RUN-1001 : 2 hold-buffer to be created.
RUN-1001 : fix hold violation on net UDP_TOP_u0/u_cam_data/mux0_syn_96 endpin UDP_TOP_u0/u_cam_data/udp_data_reg[6]_syn_4.c[1] slack -640ps
RUN-1001 : 2 hold-buffer to be created.
RUN-1001 : fix hold violation on net frame_read_write_m0/read_buf/wr_addr[4] endpin frame_read_write_m0/read_buf/ram_inst/ramread0_syn_26.addra[7] slack -12ps
RUN-1001 : 1 hold-buffer to be created.
PHY-1001 : Populate physical database on model top.
8.000000
15.000000
8.000000
-----------------------------------------------------------
| QoR metrics               |         value               |
-----------------------------------------------------------
| Timing                    |                             |
|     Setup WNS             |        -6693                |
|     Setup TNS             |      -309847                |
|     Num of violated S-EP  |           88                |
|     FMAX                  |    68.060MHz                |
|     SWNS path clock period |       8000ps                |
|     Hold WNS              |          -14                |
|     Hold TNS              |          -25                |
|     Num of violated H-EP  |            2                |
-----------------------------------------------------------
| Routing Resource          |                             |
|     Wire length           |       344541                |
-----------------------------------------------------------
| Utilization               |                             |
|     #slices               |         3564                |
|     slices percentage     |       36.37%                |
|     #RAMs                 |           20                |
|     #DSPs                 |            0                |
|     #DRAMHARDCON          |            0                |
-----------------------------------------------------------
| Congestion                |                             |
|     Top 1% tile util      |           38                |
|     Top 1% tile avg util  |       44.55%                |
|     Over 100% util #tile  |            0                |
-----------------------------------------------------------
Report place stage QoR done.


8.000000
15.000000
8.000000
    SWNS [   incr ]     STNS [    incr ]  S-FEPS [   incr ]    HWNS [   incr ]      HTNS [     incr ]    H-FEPS [     incr ]    CELL [   incr ]      WL [   incr ]   RT(s) [   incr ]   MEM(mb) [     incr ]
   -6565 [      0 ]  -771596 [       0 ]     389 [      0 ]   -1289 [      0 ]     -9910 [        0 ]        14 [        0 ]    3683 [      0 ]  774600 [      0 ]      38 [      0 ]       673 [        0 ] : dr_initialization
   -6565 [      0 ]  -349132 [  422464 ]     217 [   -172 ]   -1289 [      0 ]     -9910 [        0 ]        14 [        0 ]    3683 [      0 ]  780160 [   5560 ]      44 [      6 ]       675 [        2 ] : dr_timing_opt_phase1
   -6565 [      0 ]  -362268 [  -13136 ]     241 [     24 ]   -1289 [      0 ]     -9910 [        0 ]        14 [        0 ]    3683 [      0 ]  782632 [   2472 ]      48 [      4 ]       707 [       32 ] : dr_opt_phase1
   -6565 [      0 ]  -353179 [    9089 ]     233 [     -8 ]   -1289 [      0 ]     -9910 [        0 ]        14 [        0 ]    3683 [      0 ]  783432 [    800 ]      50 [      2 ]       707 [        0 ] : dr_timing_opt_phase2
   -6565 [      0 ]  -356634 [   -3455 ]     239 [      6 ]   -1289 [      0 ]     -9910 [        0 ]        14 [        0 ]    3683 [      0 ]  782584 [   -848 ]      52 [      2 ]       709 [        2 ] : dr_opt_phase2
   -6565 [      0 ]  -356634 [       0 ]     239 [      0 ]   -1289 [      0 ]     -9910 [        0 ]        14 [        0 ]    3683 [      0 ]  782584 [      0 ]      52 [      0 ]       709 [        0 ] : multi_try_opt
   -6565 [      0 ]  -369702 [  -13068 ]     247 [      8 ]     -31 [   1258 ]       -31 [     9879 ]         1 [      -13 ]    3728 [     45 ]  783800 [   1216 ]       6 [    -46 ]       738 [       29 ] : ECO: dr_initialization
   -6565 [      0 ]  -369702 [       0 ]     247 [      0 ]     -31 [      0 ]       -31 [        0 ]         1 [        0 ]    3728 [      0 ]  783800 [      0 ]       7 [      1 ]       738 [        0 ] : ECO: dr_timing_opt_phase1
   -6565 [      0 ]  -369702 [       0 ]     247 [      0 ]      12 [     43 ]         0 [       31 ]         0 [       -1 ]    3728 [      0 ]  783848 [     48 ]      10 [      3 ]       738 [        0 ] : ECO: dr_opt_phase1
   -6565 [      0 ]  -369702 [       0 ]     247 [      0 ]      12 [      0 ]         0 [        0 ]         0 [        0 ]    3728 [      0 ]  783848 [      0 ]      10 [      0 ]       738 [        0 ] : ECO: dr_timing_opt_phase2
   -6565 [      0 ]  -369702 [       0 ]     247 [      0 ]      12 [      0 ]         0 [        0 ]         0 [        0 ]    3728 [      0 ]  783848 [      0 ]      12 [      2 ]       738 [        0 ] : ECO: dr_opt_phase2
   -6565 [      0 ]  -369702 [       0 ]     247 [      0 ]      12 [      0 ]         0 [        0 ]         0 [        0 ]    3728 [      0 ]  783848 [      0 ]      13 [      1 ]       738 [        0 ] : ECO: multi_try_opt
   -6565 [      0 ]  -369702 [       0 ]     247 [      0 ]      12 [      0 ]         0 [        0 ]         0 [        0 ]    3728 [      0 ]  783848 [      0 ]      15 [      2 ]       740 [        2 ] : ECO: fix_hold_opt

RUN-1002 : start command "start_timer"
RUN-1001 : All hold violations are fixed.
PHY-1001 : Stage 6 | Report Route Qor
RUN-1002 : start command "report_qor -step route -file route.qor"
RUN-1002 : start command "start_timer"
-----------------------------------------------------------
| QoR metrics               |         value               |
-----------------------------------------------------------
| Timing                    |                             |
|     Setup WNS             |        -6565                |
|     Setup TNS             |      -369702                |
|     Num of violated S-EP  |          247                |
|     Hold WNS              |           12                |
|     Hold TNS              |            0                |
|     Num of violated H-EP  |            0                |
-----------------------------------------------------------
| Routing Resource          |                             |
|     Wire length           |       783848                |
-----------------------------------------------------------
| Utilization               |                             |
|     #slices               |         3564                |
|     slices percentage     |       36.37%                |
|     #RAMs                 |           20                |
|     #DSPs                 |            0                |
|     #DRAMHARDCON          |            0                |
-----------------------------------------------------------
Report route stage QoR done.

RUN-1003 : finish command "report_qor -step route -file route.qor" in  1.722888s wall, 1.671875s user + 0.046875s system = 1.718750s CPU (99.8%)

RUN-1004 : used memory is 740 MB, reserved memory is 846 MB, peak memory is 740 MB
RUN-1002 : start command "update_timing -mode final"
RUN-1002 : start command "start_timer"
RUN-1003 : finish command "update_timing -mode final" in  1.628145s wall, 1.593750s user + 0.015625s system = 1.609375s CPU (98.8%)

RUN-1004 : used memory is 740 MB, reserved memory is 846 MB, peak memory is 740 MB
RUN-1002 : start command "report_timing_summary -file final_timing.rpt"
OPT-1001 : QoR tracer report on route step:
    SWNS [   incr ]     STNS [    incr ]  S-FEPS [   incr ]    HWNS [   incr ]      HTNS [     incr ]    H-FEPS [     incr ]    CELL [   incr ]      WL [   incr ]   RT(s) [   incr ]   MEM(mb) [     incr ]
   -6565 [      0 ]  -771596 [       0 ]     389 [      0 ]   -1289 [      0 ]     -9910 [        0 ]        14 [        0 ]    3683 [      0 ]  774600 [      0 ]      38 [      0 ]       673 [        0 ] : dr_initialization
   -6565 [      0 ]  -349132 [  422464 ]     217 [   -172 ]   -1289 [      0 ]     -9910 [        0 ]        14 [        0 ]    3683 [      0 ]  780160 [   5560 ]      44 [      6 ]       675 [        2 ] : dr_timing_opt_phase1
   -6565 [      0 ]  -362268 [  -13136 ]     241 [     24 ]   -1289 [      0 ]     -9910 [        0 ]        14 [        0 ]    3683 [      0 ]  782632 [   2472 ]      48 [      4 ]       707 [       32 ] : dr_opt_phase1
   -6565 [      0 ]  -353179 [    9089 ]     233 [     -8 ]   -1289 [      0 ]     -9910 [        0 ]        14 [        0 ]    3683 [      0 ]  783432 [    800 ]      50 [      2 ]       707 [        0 ] : dr_timing_opt_phase2
   -6565 [      0 ]  -356634 [   -3455 ]     239 [      6 ]   -1289 [      0 ]     -9910 [        0 ]        14 [        0 ]    3683 [      0 ]  782584 [   -848 ]      52 [      2 ]       709 [        2 ] : dr_opt_phase2
   -6565 [      0 ]  -356634 [       0 ]     239 [      0 ]   -1289 [      0 ]     -9910 [        0 ]        14 [        0 ]    3683 [      0 ]  782584 [      0 ]      52 [      0 ]       709 [        0 ] : multi_try_opt
   -6565 [      0 ]  -369702 [  -13068 ]     247 [      8 ]     -31 [   1258 ]       -31 [     9879 ]         1 [      -13 ]    3728 [     45 ]  783800 [   1216 ]       6 [    -46 ]       738 [       29 ] : ECO: dr_initialization
   -6565 [      0 ]  -369702 [       0 ]     247 [      0 ]     -31 [      0 ]       -31 [        0 ]         1 [        0 ]    3728 [      0 ]  783800 [      0 ]       7 [      1 ]       738 [        0 ] : ECO: dr_timing_opt_phase1
   -6565 [      0 ]  -369702 [       0 ]     247 [      0 ]      12 [     43 ]         0 [       31 ]         0 [       -1 ]    3728 [      0 ]  783848 [     48 ]      10 [      3 ]       738 [        0 ] : ECO: dr_opt_phase1
   -6565 [      0 ]  -369702 [       0 ]     247 [      0 ]      12 [      0 ]         0 [        0 ]         0 [        0 ]    3728 [      0 ]  783848 [      0 ]      10 [      0 ]       738 [        0 ] : ECO: dr_timing_opt_phase2
   -6565 [      0 ]  -369702 [       0 ]     247 [      0 ]      12 [      0 ]         0 [        0 ]         0 [        0 ]    3728 [      0 ]  783848 [      0 ]      12 [      2 ]       738 [        0 ] : ECO: dr_opt_phase2
   -6565 [      0 ]  -369702 [       0 ]     247 [      0 ]      12 [      0 ]         0 [        0 ]         0 [        0 ]    3728 [      0 ]  783848 [      0 ]      13 [      1 ]       738 [        0 ] : ECO: multi_try_opt
   -6565 [      0 ]  -369702 [       0 ]     247 [      0 ]      12 [      0 ]         0 [        0 ]         0 [        0 ]    3728 [      0 ]  783848 [      0 ]      15 [      2 ]       740 [        2 ] : ECO: fix_hold_opt
   -6565 [      0 ]  -369702 [       0 ]     247 [      0 ]      12 [      0 ]         0 [        0 ]         0 [        0 ]    3728 [      0 ]  783848 [      0 ]      80 [     65 ]       740 [        0 ] : ECO: fix_hold_opt

PHY-1001 : End Stage 6 | Report Route Qor; Time: 3.455510s wall, 3.359375s user + 0.062500s system = 3.421875s CPU (99.0%); Memory(MB): used = 740, reserved = 846, peak = 740;

PHY-1001 : Stage 7 | Routing DRC
PHY-1001 : Start multi-drive drc check......
PHY-1001 : No multi-drive.
PHY-1001 : Stage 7.1 | Clock Net Status Check
PHY-1001 : 1 clock net(s) utilize local routing resource.
PHY-5079 CRITICAL-WARNING: Marked 1 clock net(s) utilize the local routing resources. Please check log message and the sinks of clock nets.
RUN-1001 : CTS Local Wire Summary
RUN-1001 : ---------------------------------------------------------------------------------------------------------
RUN-1001 :       ClockName      |  DriverType  |  Clock/Fanout  |  LocalWireNum  |        NetName        |  Marked  
RUN-1001 : ---------------------------------------------------------------------------------------------------------
RUN-1001 :   sys_pll_125M_180   |  AL_PHY_PLL  |      0/1       |       1        |  U3/u2_ram/SDRAM_CLK  |   true   
RUN-1001 : ---------------------------------------------------------------------------------------------------------
PHY-1001 : End Stage 7.1 | Clock Net Status Check; Time: 0.002258s wall, 0.000000s user + 0.000000s system = 0.000000s CPU (n/a%); Memory(MB): used = 740, reserved = 846, peak = 740;

PHY-1001 : Stage 7.2 | Abnormal Timing Path check
PHY-1001 : No abnormal timing path.
PHY-1001 : End Stage 7.2 | Abnormal Timing Path check; Time: 0.063535s wall, 0.062500s user + 0.000000s system = 0.062500s CPU (98.4%); Memory(MB): used = 740, reserved = 846, peak = 740;

PHY-1001 : End Stage 7 | Routing DRC; Time: 0.129400s wall, 0.140625s user + 0.000000s system = 0.140625s CPU (108.7%); Memory(MB): used = 740, reserved = 846, peak = 740;

RUN-1003 : finish command "route" in  84.532083s wall, 100.687500s user + 1.515625s system = 102.203125s CPU (120.9%)

RUN-1004 : used memory is 740 MB, reserved memory is 846 MB, peak memory is 740 MB
RUN-1002 : start command "report_area -io_info -file pic_sdram_phy.area"
RUN-1001 : standard
***Report Model: top Device: EG4S20BG256***

IO Statistics
#IO                        69   out of    188   36.70%
  #input                   21
  #output                  47
  #inout                    1
#virtual IO                 1
  #input                    0
  #output                   0
  #inout                    0

Utilization Statistics
#lut                     5745   out of  19600   29.31%
#reg                     4766   out of  19600   24.32%
#le                      6493
  #lut only              1727   out of   6493   26.60%
  #reg only               748   out of   6493   11.52%
  #lut&reg               4018   out of   6493   61.88%
#bram                      20   out of     64   31.25%
  #bram9k                  20
  #fifo9k                   0
#bram32k                    0   out of     16    0.00%
#dsp                        0   out of     29    0.00%
#pad                       73   out of    188   38.83%
  #ireg                    14
  #oreg                    46
  #treg                     0
#pll                        4   out of      4  100.00%
#gclk                       7   out of     16   43.75%


DataNet Average Fanout:

   Index     Fanout     Nets  
    #1          1       5259  
    #2          2       1123  
    #3          3       605   
    #4          4       249   
    #5        5-10      618   
    #6        11-50     252   
    #7       51-100      35   
    #8       101-500     3    
  Average     2.88            

RUN-1002 : start command "update_timing -mode final"
RUN-1002 : start command "start_timer"
RUN-1003 : finish command "update_timing -mode final" in  1.616194s wall, 1.593750s user + 0.000000s system = 1.593750s CPU (98.6%)

RUN-1004 : used memory is 740 MB, reserved memory is 846 MB, peak memory is 740 MB
RUN-1002 : start command "report_timing_status -file pic_sdram_phy.ts"
RUN-1002 : start command "report_timing_summary -file pic_sdram_pr.timing"
RUN-1002 : start command "report_timing_exception -file pic_sdram_exception.timing"
RUN-1002 : start command "flow_status -file route_flow.status"
Location         : D:\Anlu\my_project_125\lab_ex_5_HX4S20_OV5640\pic_sdram_Runs\phy_1
Running with     : Tang Dynasty v6.2.168116
                   Copyright (c) 2012-2025 Anlogic Inc.
Top Model        : top
Device           : EG4S20BG256
Speed            : NA

Timing Mode      : final
Setup            : WNS -6565ps  TNS  -369702ps  NUM_FEPS   247
Hold             : WNS    12ps  TNS        0ps  NUM_FEPS     0

Flow Statistics  :
RUN-1001 : Flow Statistics:
RUN-1001 : ---------------------------------------------------------------------------------------------------
RUN-1001 :      command     |  #calls  |  wall time   |  cpu time(s)  |  used memory(mb)  |  peak memory(mb)  
RUN-1001 : ---------------------------------------------------------------------------------------------------
RUN-1001 :       route      |    2     |  1m41s(74%)  |   118(70%)    |        740        |        740        
RUN-1001 :       place      |    2     |   34s(25%)   |    50(29%)    |        723        |        738        
RUN-1001 :     import_db    |    1     |    0s(0%)    |     0(0%)     |        184        |        184        
RUN-1001 :   import_device  |    1     |    0s(0%)    |     0(0%)     |        83         |        83         
RUN-1001 : ---------------------------------------------------------------------------------------------------
RUN-1001 :       total      |    6     |    2m15s     |      168      |        740        |        740        
RUN-1001 : ---------------------------------------------------------------------------------------------------
RUN-1002 : start command "report_clock_utilization -file route_clock_utilization.txt"
RUN-1001 : Device not support command report_clock_utilization.
RUN-1002 : start command "export_db pic_sdram_pr.db"
RUN-1001 : Exported flow parameters
RUN-1001 : Exported /
RUN-1001 : Exported libs
RUN-1001 : Exported entities
RUN-1001 : Exported ports
RUN-1001 : Exported pins
RUN-1001 : Exported instances
RUN-1001 : Exported nets
RUN-1001 : Exported buses
RUN-1001 : Exported models
RUN-1001 : Exported phy database
RUN-1001 : Exported packer
RUN-1001 : Exported congestions
RUN-1001 : Exported violations
RUN-1001 : Exported ATMR Setting
RUN-1001 : Exported timing constraints
RUN-1001 : Exported IO constraints
RUN-1001 : Exported Inst constraints
RUN-1001 : Exported ChipWatcher
RUN-1002 : start command "commit_param -step bitgen"
RUN-1001 : Print Global Property
RUN-1001 : --------------------------------------------------------
RUN-1001 :   Parameters   |  Settings  |  Default Values  |  Note  
RUN-1001 : --------------------------------------------------------
RUN-1001 :   enable_seed  |    off     |       off        |        
RUN-1001 :     message    |  standard  |     standard     |        
RUN-1001 :   qor_monitor  |     on     |        on        |        
RUN-1001 :   syn_ip_flow  |    off     |       off        |        
RUN-1001 :     thread     |    auto    |       auto       |        
RUN-1001 : --------------------------------------------------------
RUN-1001 : Print Bitgen Property
RUN-1001 : -------------------------------------------------------------
RUN-1001 :      Parameters     |  Settings  |  Default Values  |  Note  
RUN-1001 : -------------------------------------------------------------
RUN-1001 :         bin         |    off     |       off        |        
RUN-1001 :       gen_mask      |    off     |       off        |        
RUN-1001 :      time_info      |     on     |        on        |        
RUN-1001 :   unused_io_status  |   pullup   |      pullup      |        
RUN-1001 :       version       |    0x00    |       0x00       |        
RUN-1001 : -------------------------------------------------------------
RUN-1002 : start command "bitgen -bit pic_sdram.bit"
RUN-1002 : start command "export_bid pic_sdram_inst.bid"
BIT-1003 : Start to generate bitstream. 
BIT-1002 : Init instances with 16 threads.
BIT-1002 : Init instances completely, inst num: 3726
BIT-1002 : Init pips with 16 threads.
BIT-1002 : Init pips completely, net num: 7663, pip num: 73858
BIT-1002 : Init feedthrough with 16 threads.
BIT-1002 : Init feedthrough completely, num: 177
BIT-1003 : Multithreading accelaration with 16 threads.
BIT-1003 : Generate bitstream completely, there are 206377 bits set as '1'.
BIT-1004 : PLL setting string = 1111
BIT-1004 : Generate bits file pic_sdram.bit.
RUN-1003 : finish command "bitgen -bit pic_sdram.bit" in  3.042989s wall, 32.046875s user + 1.140625s system = 33.187500s CPU (1090.6%)

RUN-1004 : used memory is 742 MB, reserved memory is 846 MB, peak memory is 742 MB
RUN-1002 : start command "setup_debugger"
RUN-1002 : start command "export_bitgen_param -file .bitgen_param.f"
RUN-1002 : start command "export_flow_status -s opt_place -e bitgen"
RUN-1002 : start command "flow_status"

Location         : D:\Anlu\my_project_125\lab_ex_5_HX4S20_OV5640\pic_sdram_Runs\phy_1
Running with     : Tang Dynasty v6.2.168116
                   Copyright (c) 2012-2025 Anlogic Inc.
Top Model        : top
Device           : EG4S20BG256
Speed            : NA

Timing Mode      : final
Setup            : WNS -6565ps  TNS  -369702ps  NUM_FEPS   247
Hold             : WNS    12ps  TNS        0ps  NUM_FEPS     0

RUN-1001 : Flow Statistics:
RUN-1001 : ---------------------------------------------------------------------------------------------------
RUN-1001 :      command     |  #calls  |  wall time   |  cpu time(s)  |  used memory(mb)  |  peak memory(mb)  
RUN-1001 : ---------------------------------------------------------------------------------------------------
RUN-1001 :       route      |    2     |  1m41s(73%)  |   118(58%)    |        740        |        740        
RUN-1001 :       place      |    2     |   34s(24%)   |    50(24%)    |        723        |        738        
RUN-1001 :      bitgen      |    1     |    3s(2%)    |    33(16%)    |        742        |        742        
RUN-1001 :     import_db    |    1     |    0s(0%)    |     0(0%)     |        184        |        184        
RUN-1001 :   import_device  |    1     |    0s(0%)    |     0(0%)     |        83         |        83         
RUN-1001 : ---------------------------------------------------------------------------------------------------
RUN-1001 :       total      |    7     |    2m18s     |      201      |        742        |        742        
RUN-1001 : ---------------------------------------------------------------------------------------------------
