============================================================
   Tang Dynasty, V6.2.168116
   Copyright (c) 2012-2025 Anlogic Inc.
   Executable = D:/Anlogic/TD_6.2.1_Engineer_6.2.168.116/bin/run.exe
   Built at =   16:32:07 Jun 12 2025
   Run by =     Administrator
   Run Date =   Thu Nov  6 00:45:40 2025

   Run on =     WIN-61TPHHLRMOG
============================================================
RUN-1002 : start command "import_device eagle_s20.db -package EG4S20BG256"
RUN-1001 : Using default speed grade: NA
ARC-1001 : Device Initialization.
ARC-1001 : ------------------------------------------------------------------
ARC-1001 :            OPTION            |          IO          |   SETTING   
ARC-1001 : ------------------------------------------------------------------
ARC-1001 :   cso_b/cclk/mosi/miso/dout  |  T3/R11/T10/P10/S11  |    gpio    
ARC-1001 :             done             |         P13          |    gpio    
ARC-1001 :           program_b          |          T2          |  dedicate  
ARC-1001 :        tdi/tms/tck/tdo       |   C12/A15/C14/E14    |  dedicate  
ARC-1001 : ------------------------------------------------------------------
ARC-1004 : Device setting, marked 5 dedicate IOs in total.
RUN-1002 : start command "open_project UDP_EXAMPLE.prj -noanalyze"
RUN-1002 : start command "import_db ../syn_1/UDP_EXAMPLE_gate.db"
RUN-1001 : Importing database generated by Tang Dynasty, V6.2.168116.
RUN-1001 : Database version number 46207
RUN-1001 : Import flow parameters
RUN-1001 : Import netlist
RUN-1001 : Import timing constraints
RUN-1001 : Import IO constraints
RUN-1001 : Import Inst constraints
RUN-1001 : Import ChipWatcher
RUN-1001 : Import design success TD_VERSION=6.2.168116 , DB_VERSION=46207
RUN-1002 : start command "commit_param -step place"
RUN-1001 : Print Global Property
RUN-1001 : --------------------------------------------------------
RUN-1001 :   Parameters   |  Settings  |  Default Values  |  Note  
RUN-1001 : --------------------------------------------------------
RUN-1001 :   enable_seed  |    off     |       off        |        
RUN-1001 :     message    |  standard  |     standard     |        
RUN-1001 :   qor_monitor  |     on     |        on        |        
RUN-1001 :   syn_ip_flow  |    off     |       off        |        
RUN-1001 :     thread     |    auto    |       auto       |        
RUN-1001 : --------------------------------------------------------
RUN-1002 : start command "set_param place effort high"
RUN-1002 : start command "set_param place hfn_opt_effort high"
RUN-1002 : start command "set_param place opt_timing high"
RUN-1001 : Print Place Property
RUN-1001 : -----------------------------------------------------------
RUN-1001 :     Parameters    |  Settings  |  Default Values  |  Note  
RUN-1001 : -----------------------------------------------------------
RUN-1001 :       effort      |    high    |      medium      |   *    
RUN-1001 :   hfn_opt_effort  |    high    |      medium      |   *    
RUN-1001 :     max_fanout    |   999999   |      999999      |        
RUN-1001 :     opt_timing    |    high    |      medium      |   *    
RUN-1001 :   post_place_opt  |    auto    |       auto       |        
RUN-1001 :    pr_strategy    |     1      |        1         |        
RUN-1001 :     relaxation    |    1.00    |       1.00       |        
RUN-1001 : -----------------------------------------------------------
RUN-1002 : start command "insert_debugger ../../chip_debugger"
RUN-1002 : start command "config_chipwatcher ../../chip_debugger/user.cfg"
RUN-1002 : start command "update_timing"
RUN-1002 : start command "start_timer"
USR-1002 : Derived clock:  create_generated_clock -name {u_clk_gen/u_pll_0/pll_inst.clkc[0]} -source [get_ports {clk_50}] -master_clock {clk_in} -multiply_by 2.5000 -duty_cycle 50.0000 [get_pins {u_clk_gen/u_pll_0/pll_inst.clkc[0]}]
USR-1002 : Derived clock:  create_generated_clock -name {u_clk_gen/u_pll_0/pll_inst.clkc[1]} -source [get_ports {clk_50}] -master_clock {clk_in} -multiply_by 2.5000 -duty_cycle 50.0000 [get_pins {u_clk_gen/u_pll_0/pll_inst.clkc[1]}]
USR-1002 : Derived clock:  create_generated_clock -name {u_clk_gen/u_pll_0/pll_inst.clkc[3]} -source [get_ports {clk_50}] -master_clock {clk_in} -divide_by 2.0000 -duty_cycle 50.0000 [get_pins {u_clk_gen/u_pll_0/pll_inst.clkc[3]}]
USR-1002 : Derived clock:  create_generated_clock -name {u_clk_gen/u_pll_0/pll_inst.clkc[4]} -source [get_ports {clk_50}] -master_clock {clk_in} -multiply_by 2.5000 -phase 90 -duty_cycle 50.0000 [get_pins {u_clk_gen/u_pll_0/pll_inst.clkc[4]}]
RUN-1003 : finish command "start_timer" in  1.438249s wall, 1.187500s user + 0.093750s system = 1.281250s CPU (89.1%)

RUN-1004 : used memory is 185 MB, reserved memory is 180 MB, peak memory is 185 MB
TMR-2502 : Net delay update with mode: Synthesized
RUN-1003 : finish command "update_timing" in  2.736334s wall, 2.250000s user + 0.171875s system = 2.421875s CPU (88.5%)

RUN-1004 : used memory is 260 MB, reserved memory is 254 MB, peak memory is 260 MB
KIT-1004 : chipwatcher: sanity check successfully
KIT-1004 : Chipwatcher code = 0110111011110010
KIT-1004 : import watcher inst auto_created_cwc1 completed, there are 7 view node(s), 21 trigger net(s), 21 data net(s).
KIT-1004 : import watcher inst auto_created_cwc2 completed, there are 12 view node(s), 54 trigger net(s), 54 data net(s).
RUN-1003 : finish command "config_chipwatcher ../../chip_debugger/user.cfg" in  2.740100s wall, 2.250000s user + 0.171875s system = 2.421875s CPU (88.4%)

RUN-1004 : used memory is 260 MB, reserved memory is 255 MB, peak memory is 260 MB
RUN-1002 : start command "compile_watcher"
KIT-1004 : Ooc flow for module top_debug_hub is running...
RUN-1002 : start command "import_db -mode ooc cw/debug_hub/top_debug_hub_ooc.db"
USR-1600 : Load OOC design OOC Model: top_debug_hub .
RUN-1001 : Import OOC design success TD_VERSION=6.2.168116 , DB_VERSION=46207
KIT-1004 : Ooc flow for module auto_created_cwc1 is running...
RUN-1002 : start command "import_db -mode ooc cw/auto_created_cwc1/auto_created_cwc1_ooc.db"
USR-1600 : Load OOC design OOC Model: auto_created_cwc1 .
RUN-1001 : Import OOC design success TD_VERSION=6.2.168116 , DB_VERSION=46207
KIT-5610 WARNING: compile chipwatcher: reassign: use following clock net u4_trimac_block/rx_clk instead of phy1_rgmii_rx_clk_dup_1.
KIT-1004 : Ooc flow for module auto_created_cwc2 is running...
RUN-1002 : start command "import_db -mode ooc cw/auto_created_cwc2/auto_created_cwc2_ooc.db"
USR-1600 : Load OOC design OOC Model: auto_created_cwc2 .
RUN-1001 : Import OOC design success TD_VERSION=6.2.168116 , DB_VERSION=46207
RUN-1003 : finish command "compile_watcher" in  13.058580s wall, 0.265625s user + 0.265625s system = 0.531250s CPU (4.1%)

RUN-1004 : used memory is 290 MB, reserved memory is 308 MB, peak memory is 290 MB
RUN-1002 : start command "pack -eco"
SYN-4002 : Packing 0 DFF/LATCH to SEQ ...
RUN-1002 : start command "legalize_phy_inst"
SYN-1001 : Stage 1 | Legalize Phy Inst
SYN-1011 : Flatten model UDP_Example_Top
SYN-1001 : End Stage 1 | Legalize Phy Inst; Time: 0.078699s wall, 0.093750s user + 0.000000s system = 0.093750s CPU (119.1%); Memory(MB): used = 291, reserved = 308, peak = 291;

RUN-1003 : finish command "insert_debugger ../../chip_debugger" in  15.919601s wall, 2.625000s user + 0.437500s system = 3.062500s CPU (19.2%)

RUN-1004 : used memory is 291 MB, reserved memory is 308 MB, peak memory is 291 MB
RUN-1002 : start command "place"
RUN-1001 : Open license file D:/Anlogic/TD_6.2.1_Engineer_6.2.168.116/license/Anlogic.lic
PHY-3001 : Placer runs in 16 thread(s) with high effort.
PHY-1001 : Stage 1 | Initialize Design
PHY-1001 : Stage 1.1 | Build Design
PHY-1001 : 4428 luts, 7386 seqs, 416 mslices, 198 lslices, 37 pads, 23 brams, 0 dsps
RUN-1002 : start command "legalize_phy_inst"
SYN-1011 : Flatten model UDP_Example_Top
PHY-1001 : Remove keep and sweep redundant instances ...
PHY-1001 : 4428 luts, 6927 seqs, 416 mslices, 81 lslices, 37 pads, 23 brams, 0 dsps
PHY-1001 : End Stage 1.1 | Build Design; Time: 0.177658s wall, 0.125000s user + 0.015625s system = 0.140625s CPU (79.2%); Memory(MB): used = 291, reserved = 308, peak = 291;

PHY-1001 : Stage 1.2 | Optimize Design
OPT-1001 : Stage 1.2.1 | Simplify Lut
OPT-1001 : End Stage 1.2.1 | Simplify Lut; Time: 0.033747s wall, 0.046875s user + 0.000000s system = 0.046875s CPU (138.9%); Memory(MB): used = 291, reserved = 308, peak = 291;

OPT-1001 : Stage 1.2.2 | Sweep
OPT-1001 : End Stage 1.2.2 | Sweep; Time: 0.015880s wall, 0.000000s user + 0.000000s system = 0.000000s CPU (n/a%); Memory(MB): used = 291, reserved = 308, peak = 291;

OPT-1001 : Stage 1.2.3 | Synthesize High-fanout Net
OPT-1001 : Current memory(MB): used = 291, reserved = 308, peak = 291.
OPT-1001 : End Stage 1.2.3 | Synthesize High-fanout Net; Time: 0.000162s wall, 0.000000s user + 0.000000s system = 0.000000s CPU (n/a%); Memory(MB): used = 291, reserved = 308, peak = 291;

OPT-1001 : End physical optimization;  0.050208s wall, 0.046875s user + 0.000000s system = 0.046875s CPU (93.4%)

PHY-1001 : End Stage 1.2 | Optimize Design; Time: 0.050374s wall, 0.046875s user + 0.000000s system = 0.046875s CPU (93.1%); Memory(MB): used = 291, reserved = 308, peak = 291;

PHY-1001 : Stage 1.3 | Initialize Clock
SYN-4016 : Net u4_trimac_block/rx_clk driven by BUFG (1073 clock/control pins, 0 other pins).
SYN-4016 : Net temac_clk driven by BUFG (1958 clock/control pins, 1 other pins).
SYN-4027 : Net udp_clk is clkc1 of pll u_clk_gen/u_pll_0/pll_inst.
SYN-4027 : Net key_counter_inst/key2_debounce/clk is clkc3 of pll u_clk_gen/u_pll_0/pll_inst.
SYN-4027 : Net u4_trimac_block/u1_rgmii_interface/rgmii_txc_ddr/clk is clkc4 of pll u_clk_gen/u_pll_0/pll_inst.
SYN-4019 : Net clk_50_dup_1 is refclk of pll u_clk_gen/u_pll_0/pll_inst.
SYN-4020 : Net clk_50_dup_1 is fbclk of pll u_clk_gen/u_pll_0/pll_inst.
SYN-4024 : Net "cwc_jtck" drives clk pins.
SYN-4025 : Tag rtl::Net clk_50_dup_1 as clock net
SYN-4025 : Tag rtl::Net cwc_jtck as clock net
SYN-4025 : Tag rtl::Net key_counter_inst/key2_debounce/clk as clock net
SYN-4025 : Tag rtl::Net temac_clk as clock net
SYN-4025 : Tag rtl::Net u4_trimac_block/rx_clk as clock net
SYN-4025 : Tag rtl::Net u4_trimac_block/u1_rgmii_interface/rgmii_txc_ddr/clk as clock net
SYN-4025 : Tag rtl::Net udp_clk as clock net
SYN-4026 : Tagged 7 rtl::Net as clock net
SYN-4015 : Create BUFG instance for clk Net cwc_jtck to drive 976 clock pins.
PHY-1001 : Populate physical database on model UDP_Example_Top.
RUN-1001 : There are total 11922 instances
RUN-0007 : 4426 luts, 6927 seqs, 416 mslices, 81 lslices, 37 pads, 23 brams, 0 dsps
RUN-1001 : There are total 12714 nets
RUN-1001 : 9281 nets have 2 pins
RUN-1001 : 2693 nets have [3 - 5] pins
RUN-1001 : 456 nets have [6 - 10] pins
RUN-1001 : 152 nets have [11 - 20] pins
RUN-1001 : 104 nets have [21 - 99] pins
RUN-1001 : 28 nets have 100+ pins
PHY-1001 : End Stage 1.3 | Initialize Clock; Time: 0.067864s wall, 0.062500s user + 0.000000s system = 0.062500s CPU (92.1%); Memory(MB): used = 300, reserved = 308, peak = 300;

PHY-1001 : End Stage 1 | Initialize Design; Time: 0.324258s wall, 0.250000s user + 0.015625s system = 0.265625s CPU (81.9%); Memory(MB): used = 300, reserved = 308, peak = 300;

PHY-1001 : Stage 2 | Global Placement
RUN-1001 : Report Control nets information:
RUN-1001 : DFF Distribution
RUN-1001 : -------------------------------------
RUN-1001 :   CE   |  SSR  |  ASR  |  DFF Count  
RUN-1001 : -------------------------------------
RUN-1001 :   No   |  No   |  No   |    1465     
RUN-1001 :   No   |  No   |  Yes  |    1273     
RUN-1001 :   No   |  Yes  |  No   |     37      
RUN-1001 :   Yes  |  No   |  No   |     178     
RUN-1001 :   Yes  |  No   |  Yes  |    3541     
RUN-1001 :   Yes  |  Yes  |  No   |     433     
RUN-1001 : -------------------------------------
RUN-1001 : Control Group Statistic
RUN-1001 : -----------------------------
RUN-1001 :   #CLK  |  #CE  |  #SSR/ASR  
RUN-1001 : -----------------------------
RUN-1001 :    5    |  164  |     21     
RUN-1001 : -----------------------------
RUN-0007 : Control Set = 191
PHY-1001 : Stage 2.1 | Place Fixed Instances
PHY-1001 : End Stage 2.1 | Place Fixed Instances; Time: 0.127156s wall, 0.109375s user + 0.000000s system = 0.109375s CPU (86.0%); Memory(MB): used = 313, reserved = 308, peak = 313;

PHY-1001 : Stage 2.2 | Pre-Place DRC Check
PHY-1001 : Stage 2.2.1 | Force Route Constraint Check
PHY-1001 : Check Pass.
PHY-1001 : End Stage 2.2.1 | Force Route Constraint Check; Time: 0.001554s wall, 0.000000s user + 0.000000s system = 0.000000s CPU (n/a%); Memory(MB): used = 313, reserved = 308, peak = 313;

PHY-1001 : End Stage 2.2 | Pre-Place DRC Check; Time: 0.001658s wall, 0.000000s user + 0.000000s system = 0.000000s CPU (n/a%); Memory(MB): used = 313, reserved = 308, peak = 313;

PHY-1001 : Stage 2.3 | Global Placement Step 1
PHY-3001 : Target density is 36%
PHY-1001 : Stage 2.3.1 | Update Timing
RUN-1002 : start command "start_timer"
PHY-1001 : SWNS: -66, STNS: -7050, FEP: 110
PHY-1001 : End Stage 2.3.1 | Update Timing; Time: 2.644733s wall, 2.125000s user + 0.203125s system = 2.328125s CPU (88.0%); Memory(MB): used = 350, reserved = 344, peak = 350;

PHY-0007 : Cell area utilization is 36%
RUN-1001 : Huge Net Statistic
RUN-1001 : ---------------------------------------------
RUN-1001 :   Fanout  |  Slack  |          Net           
RUN-1001 : ---------------------------------------------
RUN-1001 :    2862   |  1215   |  u7_rx_fifo/wr_sreset  
RUN-1001 : ---------------------------------------------
PHY-3001 : Clustering ...
PHY-3001 : End clustering;  0.103220s wall, 0.250000s user + 0.015625s system = 0.265625s CPU (257.3%)

PHY-3001 : Target density is 36%
PHY-1001 : Stage 2.3.2 | GP Iteration
PHY-1001 : End Stage 2.3.2 | GP Iteration; Time: 2.309824s wall, 5.062500s user + 1.406250s system = 6.468750s CPU (280.1%); Memory(MB): used = 354, reserved = 347, peak = 354;

PHY-3001 : Multithread accelerating rate: 2.77
PHY-3001 : Low accelerating rate: 2.77. This may happen when it is heavy-loaded.
TMR-2502 : Net delay update with mode: Placed
PHY-3001 : No need to merge 9x9 Dsps.
PHY-1001 : Populate physical database on model UDP_Example_Top.
PHY-1001 : End Stage 2.3 | Global Placement Step 1; Time: 7.252656s wall, 9.156250s user + 1.890625s system = 11.046875s CPU (152.3%); Memory(MB): used = 355, reserved = 348, peak = 355;

PHY-1001 : Stage 2.4 | RAM/DSP Legalization and Detailed Placement
PHY-1001 : Stage 2.4.1 | Legalization
PHY-3001 : Before Legalized: Len = 240738
PHY-3001 : After Legalized: Len = 244861, Over = 12.5625
PHY-1001 : End Stage 2.4.1 | Legalization; Time: 1.916722s wall, 1.656250s user + 0.093750s system = 1.750000s CPU (91.3%); Memory(MB): used = 355, reserved = 348, peak = 355;

PHY-1001 : End Stage 2.4 | RAM/DSP Legalization and Detailed Placement; Time: 1.917267s wall, 1.656250s user + 0.093750s system = 1.750000s CPU (91.3%); Memory(MB): used = 355, reserved = 348, peak = 355;

PHY-1001 : Stage 2.5 | Global Placement Step 2
PHY-3001 : Target density is 42%
PHY-1001 : Stage 2.5.1 | Update Timing
PHY-1001 : SWNS: 1243, STNS: 0, FEP: 0
PHY-1001 : End Stage 2.5.1 | Update Timing; Time: 0.152262s wall, 0.125000s user + 0.000000s system = 0.125000s CPU (82.1%); Memory(MB): used = 355, reserved = 348, peak = 355;

PHY-1001 : Stage 2.5.2 | Refresh Congestion
RUN-1001 : Generating global routing grids ...
RUN-1001 : Building simple global routing graph ...
PHY-1001 : Generate routing nets ...
PHY-1001 : Reuse net number 0/3959.
PHY-1001 : Global iterations in 16 thread ...
PHY-1002 : len = 288496, over cnt = 778(2%), over = 3443, worst = 27
PHY-1001 : End global iterations;  0.398760s wall, 0.484375s user + 0.000000s system = 0.484375s CPU (121.5%)

PHY-1001 : Congestion index:
PHY-1001 : top1  = 66.54(S 101.90, N 95.58, E 81.19, W 72.16, I 0.00, O 0.00)
PHY-1001 : top5  = 43.62(S 65.37, N 63.01, E 50.30, W 45.64, I 0.00, O 0.00)
PHY-1001 : top10 = 34.77(S 50.59, N 48.27, E 37.98, W 34.91, I 0.00, O 0.00)
PHY-1001 : top15 = 29.55(S 41.57, N 39.68, E 31.22, W 28.78, I 0.00, O 0.00)
PHY-1001 : End Stage 2.5.2 | Refresh Congestion; Time: 0.600737s wall, 0.687500s user + 0.015625s system = 0.703125s CPU (117.0%); Memory(MB): used = 391, reserved = 384, peak = 391;

PHY-1001 : Stage 2.5.3 | GP Iteration
PHY-1001 : End Stage 2.5.3 | GP Iteration; Time: 2.553836s wall, 9.359375s user + 1.203125s system = 10.562500s CPU (413.6%); Memory(MB): used = 391, reserved = 384, peak = 391;

PHY-3001 : Multithread accelerating rate: 4.13
PHY-1001 : End Stage 2.5 | Global Placement Step 2; Time: 5.227371s wall, 11.781250s user + 1.406250s system = 13.187500s CPU (252.3%); Memory(MB): used = 393, reserved = 385, peak = 393;

PHY-1001 : Stage 2.6 | RAM/DSP Detailed Placement
PHY-1001 : End Stage 2.6 | RAM/DSP Detailed Placement; Time: 0.011188s wall, 0.000000s user + 0.000000s system = 0.000000s CPU (n/a%); Memory(MB): used = 393, reserved = 385, peak = 393;

PHY-1001 : Stage 2.7 | Optimize Design
OPT-1001 : Start physical optimization ...
OPT-1001 : Total overflow 205.91 peak overflow 2.56
OPT-1001 : Stage 2.7.1 | Synthesize High-fanout Net
OPT-1001 : Start high-fanout net optimization in pre-pack flow with high effort ...
OPT-1001 : Update timing in Manhattan mode
OPT-1001 : End timing update;  1.652115s wall, 1.328125s user + 0.187500s system = 1.515625s CPU (91.7%)

OPT-1001 : Start: SWNS 1234 STNS 0 NUM_FEPS 0
OPT-1001 : Total overflow 205.91 peak overflow 2.56
PHY-1001 : Populate physical database on model UDP_Example_Top.
OPT-1001 : 24 high-fanout net processed.
PHY-3001 : Start incremental placement ...
PHY-1001 : Populate physical database on model UDP_Example_Top.
PHY-3001 : Target density is 43%
PHY-3001 : Target density is 43%
PHY-1001 : Stage 2.7.1.1 | Update Timing
PHY-1001 : SWNS: 1234, STNS: 0, FEP: 0
PHY-1001 : End Stage 2.7.1.1 | Update Timing; Time: 0.188957s wall, 0.203125s user + 0.000000s system = 0.203125s CPU (107.5%); Memory(MB): used = 397, reserved = 389, peak = 397;

PHY-1001 : Stage 2.7.1.2 | Refresh Congestion
RUN-1001 : Generating global routing grids ...
PHY-1001 : Generate routing nets ...
PHY-1001 : Reuse net number 74/10396.
PHY-1001 : Global iterations in 16 thread ...
PHY-1002 : len = 390760, over cnt = 1383(3%), over = 4266, worst = 24
PHY-1001 : End global iterations;  0.793462s wall, 1.390625s user + 0.125000s system = 1.515625s CPU (191.0%)

PHY-1001 : Congestion index:
PHY-1001 : top1  = 53.41(S 75.09, N 83.88, E 81.26, W 101.98, I 0.00, O 0.00)
PHY-1001 : top5  = 41.61(S 57.46, N 56.97, E 55.16, W 61.79, I 0.00, O 0.00)
PHY-1001 : top10 = 36.09(S 47.74, N 46.34, E 44.38, W 47.71, I 0.00, O 0.00)
PHY-1001 : top15 = 32.53(S 41.90, N 40.62, E 38.51, W 40.64, I 0.00, O 0.00)
PHY-1001 : End Stage 2.7.1.2 | Refresh Congestion; Time: 0.960258s wall, 1.546875s user + 0.125000s system = 1.671875s CPU (174.1%); Memory(MB): used = 403, reserved = 395, peak = 403;

PHY-1001 : Stage 2.7.1.3 | GP Iteration
PHY-1001 : End Stage 2.7.1.3 | GP Iteration; Time: 1.052746s wall, 3.781250s user + 0.390625s system = 4.171875s CPU (396.3%); Memory(MB): used = 403, reserved = 396, peak = 403;

PHY-3001 : Multithread accelerating rate: 3.95
PHY-3001 : Low accelerating rate: 3.95. This may happen when it is heavy-loaded.
PHY-3001 : Final: Len = 284354, Over = 38.8438
PHY-3001 : End incremental placement;  2.527313s wall, 5.828125s user + 0.578125s system = 6.406250s CPU (253.5%)

OPT-1001 : Total overflow 254.28 peak overflow 4.97
RUN-1001 : HFN opt statistic
RUN-1001 : ------------------------------------------------------
RUN-1001 :   DriverCell type  |  HFN count  |  Duplicated count  
RUN-1001 : ------------------------------------------------------
RUN-1001 :         REG        |     14      |         76         
RUN-1001 :        LUT6        |      0      |         0          
RUN-1001 :        LUT5        |      3      |         11         
RUN-1001 :        LUT4        |      1      |         4          
RUN-1001 :        LUT3        |      1      |         97         
RUN-1001 :        LUT2        |      5      |         17         
RUN-1001 :        TOTAL       |     24      |        205         
RUN-1001 : ------------------------------------------------------
OPT-1001 : End high-fanout net optimization;  7.171194s wall, 9.750000s user + 1.031250s system = 10.781250s CPU (150.3%)

OPT-1001 : Update timing in Manhattan mode
OPT-1001 : End timing update;  2.011010s wall, 1.750000s user + 0.093750s system = 1.843750s CPU (91.7%)

OPT-1001 : Current memory(MB): used = 403, reserved = 396, peak = 403.
OPT-1001 : End Stage 2.7.1 | Synthesize High-fanout Net; Time: 9.373518s wall, 11.687500s user + 1.125000s system = 12.812500s CPU (136.7%); Memory(MB): used = 403, reserved = 396, peak = 403;

OPT-1001 : Stage 2.7.2 | Optimize Bottleneck
OPT-1001 : Start bottleneck based optimization ...
OPT-0007 : Start: SWNS 1634 STNS 0 NUM_FEPS 0
OPT-1001 : Start congestion update ...
RUN-1001 : Generating global routing grids ...
PHY-1001 : Generate routing nets ...
PHY-1001 : Reuse net number 1436/9742.
PHY-1001 : Global iterations in 16 thread ...
PHY-1002 : len = 340544, over cnt = 1065(3%), over = 2469, worst = 11
PHY-1002 : len = 356616, over cnt = 751(2%), over = 1351, worst = 11
PHY-1002 : len = 369808, over cnt = 285(0%), over = 489, worst = 11
PHY-1002 : len = 376184, over cnt = 81(0%), over = 128, worst = 7
PHY-1002 : len = 378848, over cnt = 0(0%), over = 0, worst = 0
PHY-1001 : End global iterations;  1.597352s wall, 1.609375s user + 0.109375s system = 1.718750s CPU (107.6%)

PHY-1001 : Congestion index:
PHY-1001 : top1  = 45.56(S 57.33, N 57.56, E 54.14, W 60.82, I 0.00, O 0.00)
PHY-1001 : top5  = 36.99(S 47.86, N 44.55, E 42.14, W 46.91, I 0.00, O 0.00)
PHY-1001 : top10 = 32.45(S 41.80, N 38.18, E 35.76, W 39.57, I 0.00, O 0.00)
PHY-1001 : top15 = 29.57(S 37.66, N 34.28, E 31.98, W 35.10, I 0.00, O 0.00)
OPT-1001 : End congestion update;  1.912919s wall, 1.906250s user + 0.109375s system = 2.015625s CPU (105.4%)

OPT-0007 : Iter 1: improved SWNS 1643 STNS 0 NUM_FEPS 0 with 27(118) cells processed with 1134 slack improved, crit_thod: 2618 ratio: 1.00(27/27) rt: 1.6s
OPT-0007 : Iter 2: improved SWNS 1643 STNS 0 NUM_FEPS 0 with 32(135) cells processed with 2434 slack improved, crit_thod: 2674 ratio: 1.00(32/32) rt: 0.7s
OPT-0007 : Iter 3: improved SWNS 1643 STNS 0 NUM_FEPS 0 with 29(136) cells processed with 2286 slack improved, crit_thod: 2724 ratio: 1.00(29/29) rt: 0.8s
OPT-0007 : Iter 4: improved SWNS 1643 STNS 0 NUM_FEPS 0 with 26(131) cells processed with 1150 slack improved, crit_thod: 2774 ratio: 1.00(26/26) rt: 0.8s
OPT-0007 : Iter 5: improved SWNS 1643 STNS 0 NUM_FEPS 0 with 14(120) cells processed with 550 slack improved, crit_thod: 2792 ratio: 1.00(14/14) rt: 1.1s
OPT-0007 : Iter 6: improved SWNS 1643 STNS 0 NUM_FEPS 0 with 0(118) cells processed with 0 slack improved, crit_thod: 2808 ratio: -1.00(0/0) rt: 0.6s
OPT-1001 : End bottleneck based optimization;  7.452614s wall, 6.328125s user + 0.562500s system = 6.890625s CPU (92.5%)

OPT-1001 : Current memory(MB): used = 404, reserved = 396, peak = 404.
OPT-1001 : End Stage 2.7.2 | Optimize Bottleneck; Time: 7.636884s wall, 6.453125s user + 0.609375s system = 7.062500s CPU (92.5%); Memory(MB): used = 404, reserved = 396, peak = 404;

OPT-1001 : Stage 2.7.3 | Optimize Path
OPT-1001 : Start path based optimization ...
OPT-0007 : Start: SWNS 1643 STNS 0 NUM_FEPS 0 with mode 0
OPT-1001 : Start congestion update ...
RUN-1001 : Generating global routing grids ...
PHY-1001 : Generate routing nets ...
PHY-1001 : Reuse net number 9563/9766.
PHY-1001 : Global iterations in 16 thread ...
PHY-1002 : len = 377600, over cnt = 119(0%), over = 216, worst = 5
PHY-1002 : len = 379120, over cnt = 63(0%), over = 76, worst = 3
PHY-1002 : len = 380032, over cnt = 22(0%), over = 22, worst = 1
PHY-1002 : len = 380560, over cnt = 3(0%), over = 3, worst = 1
PHY-1002 : len = 380768, over cnt = 0(0%), over = 0, worst = 0
PHY-1001 : End global iterations;  0.376001s wall, 0.328125s user + 0.062500s system = 0.390625s CPU (103.9%)

PHY-1001 : Congestion index:
PHY-1001 : top1  = 46.84(S 56.98, N 57.93, E 52.16, W 62.54, I 0.00, O 0.00)
PHY-1001 : top5  = 37.64(S 47.98, N 45.33, E 41.07, W 48.29, I 0.00, O 0.00)
PHY-1001 : top10 = 32.86(S 41.89, N 38.68, E 35.30, W 40.54, I 0.00, O 0.00)
PHY-1001 : top15 = 29.87(S 37.71, N 34.68, E 31.68, W 35.78, I 0.00, O 0.00)
OPT-1001 : End congestion update;  0.691339s wall, 0.640625s user + 0.078125s system = 0.718750s CPU (104.0%)

OPT-0007 : Iter 1: improved SWNS 1643 STNS 0 NUM_FEPS 0 with 0(0) cells and 999(1282) paths processed with 0 slack improved, crit_thod: 2808 ratio: -1.00(0/0) rt: 0.4s
OPT-1001 : End path based optimization;  1.148853s wall, 1.015625s user + 0.125000s system = 1.140625s CPU (99.3%)

OPT-1001 : Current memory(MB): used = 404, reserved = 396, peak = 404.
OPT-1001 : End Stage 2.7.3 | Optimize Path; Time: 1.364928s wall, 1.187500s user + 0.171875s system = 1.359375s CPU (99.6%); Memory(MB): used = 404, reserved = 396, peak = 404;

OPT-0007 : End flow prepack: SWNS 1643 STNS 0 NUM_FEPS 0
OPT-1001 : End physical optimization;  18.439833s wall, 19.484375s user + 1.953125s system = 21.437500s CPU (116.3%)

PHY-1001 : End Stage 2.7 | Optimize Design; Time: 18.439969s wall, 19.484375s user + 1.953125s system = 21.437500s CPU (116.3%); Memory(MB): used = 404, reserved = 396, peak = 404;

PHY-1001 : Stage 2.8 | Place Packing
PHY-1001 : Stage 2.8.1 | Packing
SYN-4007 : Packing 0 MUX to BLE ...
SYN-4008 : Packed 0 MUX and 0 SEQ to BLE.
SYN-4007 : Packing 4555 LUT to BLE ...
SYN-4008 : Packed 4555 LUT and 2912 SEQ to BLE.
SYN-4003 : Packing 4091 remaining SEQ's ...
SYN-4005 : Packed 1192 SEQ with LUT/SLICE
SYN-4006 : 524 single LUT's are left
SYN-4006 : 2899 single SEQ's are left
SYN-4011 : Packing model "UDP_Example_Top" (AL_USER_NORMAL) with 7454/8025 primitive instances ...
PHY-1001 : Populate physical database on model UDP_Example_Top.
RUN-1001 : There are total 4804 instances
RUN-1001 : 2366 mslices, 2366 lslices, 37 pads, 23 brams, 0 dsps
RUN-1001 : There are total 10129 nets
RUN-1001 : 6378 nets have 2 pins
RUN-1001 : 2766 nets have [3 - 5] pins
RUN-1001 : 555 nets have [6 - 10] pins
RUN-1001 : 232 nets have [11 - 20] pins
RUN-1001 : 185 nets have [21 - 99] pins
RUN-1001 : 13 nets have 100+ pins
PHY-3001 : Target density is 57%
RUN-1002 : start command "start_timer"
USR-1002 : Derived clock:  create_generated_clock -name {u_clk_gen/u_pll_0/pll_inst.clkc[0]} -source [get_ports {clk_50}] -master_clock {clk_in} -multiply_by 2.5000 -duty_cycle 50.0000 [get_pins {u_clk_gen/u_pll_0/pll_inst.clkc[0]}]
USR-1002 : Derived clock:  create_generated_clock -name {u_clk_gen/u_pll_0/pll_inst.clkc[1]} -source [get_ports {clk_50}] -master_clock {clk_in} -multiply_by 2.5000 -duty_cycle 50.0000 [get_pins {u_clk_gen/u_pll_0/pll_inst.clkc[1]}]
USR-1002 : Derived clock:  create_generated_clock -name {u_clk_gen/u_pll_0/pll_inst.clkc[3]} -source [get_ports {clk_50}] -master_clock {clk_in} -divide_by 2.0000 -duty_cycle 50.0000 [get_pins {u_clk_gen/u_pll_0/pll_inst.clkc[3]}]
USR-1002 : Derived clock:  create_generated_clock -name {u_clk_gen/u_pll_0/pll_inst.clkc[4]} -source [get_ports {clk_50}] -master_clock {clk_in} -multiply_by 2.5000 -phase 90 -duty_cycle 50.0000 [get_pins {u_clk_gen/u_pll_0/pll_inst.clkc[4]}]
RUN-1003 : finish command "start_timer" in  2.906708s wall, 2.625000s user + 0.171875s system = 2.796875s CPU (96.2%)

RUN-1004 : used memory is 408 MB, reserved memory is 400 MB, peak memory is 408 MB
PHY-1001 : End Stage 2.8.1 | Packing; Time: 6.459525s wall, 5.781250s user + 0.437500s system = 6.218750s CPU (96.3%); Memory(MB): used = 411, reserved = 402, peak = 411;

PHY-1001 : Stage 2.8.2 | Post Pack GP
PHY-3001 : Target density is 55%
PHY-3001 : Cell area utilization is 55%
PHY-3001 : After packing: Len = 293054, Over = 115.25
PHY-3001 : Target density is 55%
PHY-1001 : Stage 2.8.2.1 | Update Timing
PHY-1001 : SWNS: -2582, STNS: -19448, FEP: 14
PHY-1001 : End Stage 2.8.2.1 | Update Timing; Time: 0.139400s wall, 0.093750s user + 0.031250s system = 0.125000s CPU (89.7%); Memory(MB): used = 412, reserved = 403, peak = 412;

PHY-1001 : Stage 2.8.2.2 | Refresh Congestion
RUN-1001 : Generating global routing grids ...
PHY-1001 : Generate routing nets ...
PHY-1001 : Reuse net number 4007/8257.
PHY-1001 : Global iterations in 16 thread ...
PHY-1002 : len = 369992, over cnt = 710(2%), over = 1260, worst = 7
PHY-1002 : len = 379392, over cnt = 379(1%), over = 535, worst = 7
PHY-1002 : len = 383728, over cnt = 161(0%), over = 232, worst = 7
PHY-1002 : len = 386064, over cnt = 59(0%), over = 68, worst = 5
PHY-1002 : len = 387712, over cnt = 0(0%), over = 0, worst = 0
PHY-1001 : End global iterations;  1.139305s wall, 1.046875s user + 0.203125s system = 1.250000s CPU (109.7%)

PHY-1001 : Congestion index:
PHY-1001 : top1  = 47.03(S 56.81, N 57.61, E 54.85, W 59.98, I 0.00, O 0.00)
PHY-1001 : top5  = 37.18(S 46.86, N 44.83, E 43.47, W 46.66, I 0.00, O 0.00)
PHY-1001 : top10 = 32.53(S 40.93, N 38.33, E 37.02, W 38.94, I 0.00, O 0.00)
PHY-1001 : top15 = 29.73(S 37.05, N 34.27, E 32.99, W 34.42, I 0.00, O 0.00)
PHY-1001 : End Stage 2.8.2.2 | Refresh Congestion; Time: 1.536674s wall, 1.359375s user + 0.234375s system = 1.593750s CPU (103.7%); Memory(MB): used = 413, reserved = 404, peak = 413;

PHY-1001 : Stage 2.8.2.3 | GP Iteration
PHY-1001 : End Stage 2.8.2.3 | GP Iteration; Time: 0.922188s wall, 3.203125s user + 0.593750s system = 3.796875s CPU (411.7%); Memory(MB): used = 413, reserved = 405, peak = 413;

PHY-3001 : Multithread accelerating rate: 4.10
PHY-1001 : End Stage 2.8.2 | Post Pack GP; Time: 2.612223s wall, 4.671875s user + 0.859375s system = 5.531250s CPU (211.7%); Memory(MB): used = 413, reserved = 405, peak = 413;

PHY-1001 : End Stage 2.8 | Place Packing; Time: 9.072395s wall, 10.453125s user + 1.296875s system = 11.750000s CPU (129.5%); Memory(MB): used = 413, reserved = 405, peak = 413;

PHY-1001 : Stage 2.9 | Legalization
PHY-3001 : Before Legalized: Len = 335223
PHY-3001 : After Legalized: Len = 375001, Over = 0
PHY-1001 : End Stage 2.9 | Legalization; Time: 0.027713s wall, 0.015625s user + 0.015625s system = 0.031250s CPU (112.8%); Memory(MB): used = 413, reserved = 405, peak = 413;

PHY-1001 : Stage 2.10 | Global Placement Step 3
PHY-3001 : Target density is 55%
PHY-1001 : Stage 2.10.1 | Update Timing
PHY-1001 : SWNS: -2582, STNS: -20148, FEP: 14
PHY-1001 : End Stage 2.10.1 | Update Timing; Time: 2.052138s wall, 1.593750s user + 0.296875s system = 1.890625s CPU (92.1%); Memory(MB): used = 414, reserved = 406, peak = 414;

PHY-1001 : Stage 2.10.2 | Refresh Congestion
RUN-1001 : Generating global routing grids ...
PHY-1001 : Generate routing nets ...
PHY-1001 : Reuse net number 207/9146.
PHY-1001 : Global iterations in 16 thread ...
PHY-1002 : len = 440536, over cnt = 925(2%), over = 1601, worst = 6
PHY-1002 : len = 452392, over cnt = 495(1%), over = 696, worst = 5
PHY-1002 : len = 460128, over cnt = 108(0%), over = 149, worst = 4
PHY-1002 : len = 462040, over cnt = 41(0%), over = 52, worst = 3
PHY-1002 : len = 462544, over cnt = 16(0%), over = 21, worst = 3
PHY-1001 : End global iterations;  1.873028s wall, 1.937500s user + 0.234375s system = 2.171875s CPU (116.0%)

PHY-1001 : Congestion index:
PHY-1001 : top1  = 46.40(S 56.12, N 58.62, E 50.26, W 60.43, I 0.00, O 0.00)
PHY-1001 : top5  = 37.90(S 47.73, N 47.80, E 41.95, W 48.62, I 0.00, O 0.00)
PHY-1001 : top10 = 33.93(S 42.12, N 41.46, E 37.05, W 41.79, I 0.00, O 0.00)
PHY-1001 : top15 = 31.40(S 38.46, N 37.71, E 33.82, W 37.29, I 0.00, O 0.00)
PHY-1001 : End Stage 2.10.2 | Refresh Congestion; Time: 2.356104s wall, 2.312500s user + 0.265625s system = 2.578125s CPU (109.4%); Memory(MB): used = 420, reserved = 412, peak = 420;

PHY-1001 : Stage 2.10.3 | GP Iteration
PHY-1001 : End Stage 2.10.3 | GP Iteration; Time: 0.745188s wall, 2.890625s user + 0.468750s system = 3.359375s CPU (450.8%); Memory(MB): used = 420, reserved = 412, peak = 420;

PHY-3001 : Multithread accelerating rate: 4.48
PHY-1001 : End Stage 2.10 | Global Placement Step 3; Time: 5.207424s wall, 6.828125s user + 1.031250s system = 7.859375s CPU (150.9%); Memory(MB): used = 420, reserved = 412, peak = 420;

PHY-1001 : Stage 2.11 | Final Legalization
PHY-3001 : Before Legalized: Len = 344760
PHY-3001 : After Legalized: Len = 362823, Over = 0
PHY-1001 : End Stage 2.11 | Final Legalization; Time: 0.027455s wall, 0.015625s user + 0.000000s system = 0.015625s CPU (56.9%); Memory(MB): used = 420, reserved = 412, peak = 420;

PHY-1001 : End Stage 2 | Global Placement; Time: 47.373211s wall, 59.546875s user + 7.687500s system = 67.234375s CPU (141.9%); Memory(MB): used = 420, reserved = 412, peak = 420;

PHY-1001 : Stage 3 | Detailed Placement
PHY-1001 : Stage 3.1 | SLICE Detailed Placement
PHY-1001 : Stage 3.1.1 | Spreading
PHY-3001 : Spreading special nets. 233 overflows in 2952 tiles.
PHY-3001 : End spreading;  0.073986s wall, 0.031250s user + 0.015625s system = 0.046875s CPU (63.4%)

PHY-1001 : End Stage 3.1.1 | Spreading; Time: 0.074099s wall, 0.031250s user + 0.015625s system = 0.046875s CPU (63.3%); Memory(MB): used = 421, reserved = 412, peak = 421;

PHY-3001 : Final: Len = 367117, Over = 0
PHY-1001 : End Stage 3.1 | SLICE Detailed Placement; Time: 1.918905s wall, 1.546875s user + 0.171875s system = 1.718750s CPU (89.6%); Memory(MB): used = 421, reserved = 412, peak = 421;

PHY-3001 : End Detailed Place; 
PHY-1001 : Stage 3.2 | Optimize Design
OPT-1001 : Start physical optimization ...
OPT-1001 : Total overflow 0.00 peak overflow 0.00
OPT-1001 : Stage 3.2.1 | Physical Optimization
OPT-1001 : Start high-fanout net optimization in optimize equivalent flow with high effort ...
OPT-1001 : Clean unloaded insts before merging registers
PHY-1001 : Populate physical database on model UDP_Example_Top.
PHY-1001 : Populate physical database on model UDP_Example_Top.
OPT-1001 : Total overflow 0.00 peak overflow 0.00
OPT-1001 : End optimize duplicated nets. Total 112 instances are merged and 1683 sinks are reconnected,  0.256303s wall, 0.250000s user + 0.000000s system = 0.250000s CPU (97.5%)

OPT-1001 : End high-fanout net optimization;  0.257322s wall, 0.250000s user + 0.000000s system = 0.250000s CPU (97.2%)

OPT-1001 : Update timing in Manhattan mode
RUN-1002 : start command "start_timer"
OPT-1001 : End timing update;  2.797479s wall, 2.453125s user + 0.171875s system = 2.625000s CPU (93.8%)

OPT-1001 : Current memory(MB): used = 421, reserved = 412, peak = 421.
OPT-1001 : End Stage 3.2.1 | Physical Optimization; Time: 3.243412s wall, 2.859375s user + 0.187500s system = 3.046875s CPU (93.9%); Memory(MB): used = 421, reserved = 412, peak = 421;

OPT-1001 : Stage 3.2.2 | Synthesize High-fanout Net
OPT-1001 : Start high-fanout net optimization in post-pack flow with high effort ...
OPT-1001 : Start: SWNS -2532 STNS -15702 NUM_FEPS 11
OPT-1001 : Total overflow 0.00 peak overflow 0.00
PHY-1001 : Populate physical database on model UDP_Example_Top.
OPT-1001 : 14 high-fanout net processed.
OPT-1001 : Total overflow 0.00 peak overflow 0.00
RUN-1001 : HFN opt statistic
RUN-1001 : ------------------------------------------------------
RUN-1001 :   DriverCell type  |  HFN count  |  Duplicated count  
RUN-1001 : ------------------------------------------------------
RUN-1001 :       LSLICE       |      0      |         0          
RUN-1001 :       MSLICE       |      0      |         0          
RUN-1001 :        OTHER       |     14      |         78         
RUN-1001 :        TOTAL       |     14      |         78         
RUN-1001 : ------------------------------------------------------
OPT-1001 : End high-fanout net optimization;  2.436491s wall, 2.125000s user + 0.187500s system = 2.312500s CPU (94.9%)

OPT-1001 : Current memory(MB): used = 421, reserved = 412, peak = 421.
OPT-1001 : End Stage 3.2.2 | Synthesize High-fanout Net; Time: 2.643000s wall, 2.328125s user + 0.187500s system = 2.515625s CPU (95.2%); Memory(MB): used = 421, reserved = 412, peak = 421;

OPT-1001 : Stage 3.2.3 | Optimize Bottleneck
OPT-1001 : Start bottleneck based optimization ...
OPT-0007 : Start: SWNS -1182 STNS -6835 NUM_FEPS 13
OPT-1001 : Start congestion update ...
RUN-1001 : Generating global routing grids ...
PHY-1001 : Generate routing nets ...
PHY-1001 : Reuse net number 1958/9116.
PHY-1001 : Global iterations in 16 thread ...
PHY-1002 : len = 441216, over cnt = 887(2%), over = 1436, worst = 8
PHY-1002 : len = 448728, over cnt = 526(1%), over = 776, worst = 6
PHY-1002 : len = 455496, over cnt = 192(0%), over = 266, worst = 4
PHY-1002 : len = 457824, over cnt = 58(0%), over = 81, worst = 4
PHY-1002 : len = 459096, over cnt = 0(0%), over = 0, worst = 0
PHY-1001 : End global iterations;  1.387255s wall, 1.593750s user + 0.250000s system = 1.843750s CPU (132.9%)

PHY-1001 : Congestion index:
PHY-1001 : top1  = 45.32(S 55.32, N 58.43, E 49.20, W 60.15, I 0.00, O 0.00)
PHY-1001 : top5  = 36.98(S 45.37, N 48.21, E 41.56, W 47.25, I 0.00, O 0.00)
PHY-1001 : top10 = 33.05(S 40.23, N 42.27, E 36.59, W 40.98, I 0.00, O 0.00)
PHY-1001 : top15 = 30.68(S 36.96, N 38.56, E 33.25, W 36.96, I 0.00, O 0.00)
OPT-1001 : End congestion update;  1.815399s wall, 2.000000s user + 0.265625s system = 2.265625s CPU (124.8%)

PHY-3001 : Start incremental legalization ...
PHY-1001 : Populate physical database on model UDP_Example_Top.
PHY-3001 : Target density is 49%
PHY-3001 : Target density is 56%
PHY-3001 : Initial: Len = 373253, Over = 0
PHY-3001 : End spreading;  0.048977s wall, 0.031250s user + 0.015625s system = 0.046875s CPU (95.7%)

PHY-3001 : Final: Len = 373253, Over = 0
PHY-3001 : End incremental legalization;  0.365670s wall, 0.281250s user + 0.031250s system = 0.312500s CPU (85.5%)

OPT-0007 : Iter 1: improved SWNS -1182 STNS -6835 NUM_FEPS 13 with 31(50) cells processed with 2250 slack improved, crit_thod: 445 ratio: 1.00(31/31) rt: 0.6s
OPT-0007 : Iter 2: improved SWNS -1182 STNS -6835 NUM_FEPS 13 with 0(0) cells processed with 0 slack improved, crit_thod: 445 ratio: -1.00(0/0) rt: 0.1s
OPT-0007 : Iter 3: improved SWNS -1182 STNS -6835 NUM_FEPS 13 with 0(0) cells processed with 0 slack improved, crit_thod: 445 ratio: -1.00(0/0) rt: 0.2s
OPT-1001 : End bottleneck based optimization;  2.775142s wall, 2.765625s user + 0.359375s system = 3.125000s CPU (112.6%)

OPT-1001 : Update timing in Manhattan mode
OPT-1001 : End timing update;  2.073684s wall, 1.734375s user + 0.140625s system = 1.875000s CPU (90.4%)

OPT-1001 : Current memory(MB): used = 426, reserved = 417, peak = 426.
OPT-1001 : End Stage 3.2.3 | Optimize Bottleneck; Time: 5.016938s wall, 4.671875s user + 0.500000s system = 5.171875s CPU (103.1%); Memory(MB): used = 426, reserved = 417, peak = 426;

OPT-1001 : Stage 3.2.4 | Optimize Path
OPT-1001 : Start path based optimization ...
OPT-0007 : Start: SWNS -1182 STNS -6335 NUM_FEPS 13 with mode 0
OPT-1001 : Start congestion update ...
RUN-1001 : Generating global routing grids ...
PHY-1001 : Generate routing nets ...
PHY-1001 : Reuse net number 9014/9107.
PHY-1001 : Global iterations in 16 thread ...
PHY-1002 : len = 459248, over cnt = 10(0%), over = 14, worst = 2
PHY-1002 : len = 459296, over cnt = 4(0%), over = 6, worst = 2
PHY-1002 : len = 459328, over cnt = 3(0%), over = 4, worst = 2
PHY-1002 : len = 459376, over cnt = 0(0%), over = 0, worst = 0
PHY-1001 : End global iterations;  0.277085s wall, 0.203125s user + 0.062500s system = 0.265625s CPU (95.9%)

PHY-1001 : Congestion index:
PHY-1001 : top1  = 45.32(S 55.06, N 58.43, E 49.20, W 60.15, I 0.00, O 0.00)
PHY-1001 : top5  = 36.98(S 45.24, N 48.21, E 41.60, W 47.27, I 0.00, O 0.00)
PHY-1001 : top10 = 33.05(S 40.14, N 42.26, E 36.62, W 41.02, I 0.00, O 0.00)
PHY-1001 : top15 = 30.67(S 36.88, N 38.53, E 33.26, W 37.00, I 0.00, O 0.00)
OPT-1001 : End congestion update;  0.665888s wall, 0.546875s user + 0.093750s system = 0.640625s CPU (96.2%)

PHY-3001 : Start incremental legalization ...
PHY-1001 : Populate physical database on model UDP_Example_Top.
PHY-3001 : Target density is 49%
PHY-3001 : Target density is 56%
PHY-3001 : Initial: Len = 374105, Over = 0
PHY-3001 : End spreading;  0.041560s wall, 0.031250s user + 0.000000s system = 0.031250s CPU (75.2%)

PHY-3001 : Final: Len = 374105, Over = 0
PHY-3001 : End incremental legalization;  0.311402s wall, 0.234375s user + 0.078125s system = 0.312500s CPU (100.4%)

OPT-0007 : Iter 1: improved SWNS -1182 STNS -6335 NUM_FEPS 13 with 39(408) cells and 215(215) paths processed with 11300 slack improved, crit_thod: 445 ratio: 1.00(39/39) rt: 0.7s
OPT-0007 : Iter 2: improved SWNS -1182 STNS -6335 NUM_FEPS 13 with 0(0) cells and 0(0) paths processed with 0 slack improved, crit_thod: 445 ratio: -1.00(0/0) rt: 0.0s
OPT-1001 : End path based optimization;  1.367723s wall, 1.078125s user + 0.250000s system = 1.328125s CPU (97.1%)

OPT-1001 : Update timing in Manhattan mode
OPT-1001 : End timing update;  2.185376s wall, 1.671875s user + 0.203125s system = 1.875000s CPU (85.8%)

OPT-1001 : Current memory(MB): used = 427, reserved = 419, peak = 427.
OPT-1001 : End Stage 3.2.4 | Optimize Path; Time: 3.806846s wall, 2.937500s user + 0.468750s system = 3.406250s CPU (89.5%); Memory(MB): used = 427, reserved = 419, peak = 427;

OPT-1001 : Stage 3.2.5 | Aggressive Optimization
OPT-1001 : End Stage 3.2.5 | Aggressive Optimization; Time: 0.225654s wall, 0.187500s user + 0.015625s system = 0.203125s CPU (90.0%); Memory(MB): used = 427, reserved = 419, peak = 427;

OPT-1001 : Stage 3.2.6 | Optimize Duplicated Nets
OPT-1001 : Start: WNS -55 TNS -92 NUM_FEPS 3
OPT-1001 : Clean unloaded insts before merging registers
PHY-1001 : Populate physical database on model UDP_Example_Top.
PHY-1001 : Populate physical database on model UDP_Example_Top.
OPT-1001 : Total overflow 0.00 peak overflow 0.00
OPT-1001 : End optimize duplicated nets. Total 12 instances are merged and 1379 sinks are reconnected,  0.704751s wall, 0.546875s user + 0.078125s system = 0.625000s CPU (88.7%)

OPT-1001 : Update timing in Manhattan mode
RUN-1002 : start command "start_timer"
OPT-1001 : End timing update;  2.990482s wall, 2.562500s user + 0.156250s system = 2.718750s CPU (90.9%)

OPT-1001 : Current memory(MB): used = 428, reserved = 419, peak = 428.
OPT-1001 : End Stage 3.2.6 | Optimize Duplicated Nets; Time: 3.896945s wall, 3.312500s user + 0.234375s system = 3.546875s CPU (91.0%); Memory(MB): used = 428, reserved = 419, peak = 428;

OPT-1001 : Stage 3.2.7 | Swap Pins
OPT-1001 : Start pin optimization...
OPT-1001 : skip pin optimization...
OPT-1001 : Current memory(MB): used = 428, reserved = 419, peak = 428.
OPT-1001 : End Stage 3.2.7 | Swap Pins; Time: 0.212460s wall, 0.171875s user + 0.046875s system = 0.218750s CPU (103.0%); Memory(MB): used = 428, reserved = 419, peak = 428;

OPT-0007 : End flow postpack: SWNS 168 STNS 0 NUM_FEPS 0
RUN-1001 : Generating global routing grids ...
PHY-1001 : Generate routing nets ...
PHY-1001 : Reuse net number 8988/9086.
PHY-1001 : Global iterations in 16 thread ...
PHY-1002 : len = 456096, over cnt = 83(0%), over = 89, worst = 2
PHY-1002 : len = 456600, over cnt = 43(0%), over = 46, worst = 2
PHY-1002 : len = 457024, over cnt = 15(0%), over = 15, worst = 1
PHY-1002 : len = 457240, over cnt = 6(0%), over = 6, worst = 1
PHY-1002 : len = 457304, over cnt = 0(0%), over = 0, worst = 0
PHY-1001 : End global iterations;  0.492899s wall, 0.437500s user + 0.031250s system = 0.468750s CPU (95.1%)

PHY-1001 : Congestion index:
PHY-1001 : top1  = 44.96(S 54.48, N 58.47, E 48.43, W 59.85, I 0.00, O 0.00)
PHY-1001 : top5  = 36.69(S 44.94, N 47.99, E 41.02, W 47.18, I 0.00, O 0.00)
PHY-1001 : top10 = 32.87(S 39.87, N 42.03, E 36.05, W 40.89, I 0.00, O 0.00)
PHY-1001 : top15 = 30.54(S 36.60, N 38.41, E 32.80, W 36.96, I 0.00, O 0.00)
RUN-1001 : QoR Analysis:
OPT-0007 :   SWNS 168 STNS 0 NUM_FEPS 0
RUN-1001 :   No local congestion issue, and most congested 1% tile average routing util is 44.551724
RUN-1001 :   Top critical paths
RUN-1001 :       #1 path slack 168ps with logic level 1 
OPT-1001 : End physical optimization;  20.170320s wall, 17.406250s user + 1.718750s system = 19.125000s CPU (94.8%)

PHY-1001 : End Stage 3.2 | Optimize Design; Time: 20.170477s wall, 17.406250s user + 1.718750s system = 19.125000s CPU (94.8%); Memory(MB): used = 428, reserved = 419, peak = 428;

PHY-1001 : End Stage 3 | Detailed Placement; Time: 22.106191s wall, 18.968750s user + 1.890625s system = 20.859375s CPU (94.4%); Memory(MB): used = 428, reserved = 419, peak = 428;

PHY-1001 : Stage 4 | Optimize Design
PHY-3001 : Start incremental legalization ...
PHY-1001 : Populate physical database on model UDP_Example_Top.
PHY-3001 : Target density is 48%
PHY-3001 : Target density is 56%
PHY-3001 : Initial: Len = 369105, Over = 0
PHY-1001 : Stage 4.1 | Spreading
PHY-3001 : End spreading;  0.047671s wall, 0.046875s user + 0.000000s system = 0.046875s CPU (98.3%)

PHY-1001 : End Stage 4.1 | Spreading; Time: 0.047818s wall, 0.046875s user + 0.000000s system = 0.046875s CPU (98.0%); Memory(MB): used = 428, reserved = 419, peak = 428;

PHY-3001 : Final: Len = 369105, Over = 0
PHY-3001 : End incremental legalization;  0.358272s wall, 0.406250s user + 0.015625s system = 0.421875s CPU (117.8%)

RUN-1002 : start command "report_qor -step place -file place.qor"
RUN-1001 : Generating global routing grids ...
-----------------------------------------------------------
| QoR metrics               |         value               |
-----------------------------------------------------------
| Timing                    |                             |
|     Setup WNS             |          168                |
|     Setup TNS             |            0                |
|     Num of violated S-EP  |            0                |
|     FMAX                  |    10.017MHz                |
|     SWNS path clock period |     100000ps                |
|     Hold WNS              |         -111                |
|     Hold TNS              |        -6444                |
|     Num of violated H-EP  |          154                |
-----------------------------------------------------------
| Routing Resource          |                             |
|     Wire length           |       367182                |
-----------------------------------------------------------
| Utilization               |                             |
|     #slices               |         4801                |
|     slices percentage     |       48.99%                |
|     #RAMs                 |           23                |
|     #DSPs                 |            0                |
|     #DRAMHARDCON          |            0                |
-----------------------------------------------------------
| Congestion                |                             |
|     Top 1% tile util      |           40                |
|     Top 1% tile avg util  |       44.55%                |
|     Over 100% util #tile  |            0                |
-----------------------------------------------------------
Report place stage QoR done.

RUN-1003 : finish command "report_qor -step place -file place.qor" in  2.946389s wall, 2.375000s user + 0.250000s system = 2.625000s CPU (89.1%)

RUN-1004 : used memory is 429 MB, reserved memory is 419 MB, peak memory is 429 MB
PHY-1001 : End Stage 4 | Optimize Design; Time: 3.315716s wall, 2.781250s user + 0.265625s system = 3.046875s CPU (91.9%); Memory(MB): used = 429, reserved = 419, peak = 429;

PHY-1001 : Stage 5 | DRC Check
PHY-1001 : Stage 5.1 | Force Route Constraint Check
PHY-1001 : Check Pass.
PHY-1001 : End Stage 5.1 | Force Route Constraint Check; Time: 0.002047s wall, 0.000000s user + 0.000000s system = 0.000000s CPU (n/a%); Memory(MB): used = 429, reserved = 419, peak = 429;

PHY-1001 : Stage 5.2 | Duplicated SelfDriven Check
PHY-1001 : Check pass.
PHY-1001 : End Stage 5.2 | Duplicated SelfDriven Check; Time: 0.041361s wall, 0.046875s user + 0.000000s system = 0.046875s CPU (113.3%); Memory(MB): used = 429, reserved = 419, peak = 429;

PHY-1001 : Stage 5.3 | Clock Rule Check
PHY-1001 : End Stage 5.3 | Clock Rule Check; Time: 0.001092s wall, 0.000000s user + 0.000000s system = 0.000000s CPU (n/a%); Memory(MB): used = 429, reserved = 419, peak = 429;

PHY-1001 : End Stage 5 | DRC Check; Time: 0.077405s wall, 0.078125s user + 0.000000s system = 0.078125s CPU (100.9%); Memory(MB): used = 429, reserved = 419, peak = 429;

OPT-1001 : QoR tracer report on placement steps:
    SWNS [   incr ]    STNS [   incr ]    FEPS [   incr ]    CRIT [   incr ]      CELL [     incr ]        WL [     incr ]    CONG [   incr ]    PDES [   incr ]   RT(s) [   incr ]   MEM(mb) [     incr ]
       0 [      0 ]       0 [      0 ]       0 [      0 ]       0 [      0 ]     11921 [        0 ]         0 [        0 ]    0.00 [   0.00 ]       0 [      0 ]       0 [      0 ]       291 [        0 ] : preplace:simplify_lut
       0 [      0 ]       0 [      0 ]       0 [      0 ]       0 [      0 ]     11921 [        0 ]         0 [        0 ]    0.00 [   0.00 ]       0 [      0 ]       0 [      0 ]       291 [        0 ] : preplace:sweep
       0 [      0 ]       0 [      0 ]       0 [      0 ]       0 [      0 ]     11921 [        0 ]         0 [        0 ]    0.00 [   0.00 ]       0 [      0 ]       0 [      0 ]       291 [        0 ] : preplace:hfn_opt
    1243 [   1243 ]       0 [      0 ]       0 [      0 ]    3029 [   3029 ]     11922 [        1 ]    238472 [   238472 ]    0.00 [   0.00 ]       0 [      0 ]       7 [      7 ]       355 [       64 ] : step1_gp
    1243 [      0 ]       0 [      0 ]       0 [      0 ]    3005 [    -24 ]     11922 [        0 ]    242707 [     4235 ]    0.00 [   0.00 ]       0 [      0 ]       9 [      2 ]       355 [        0 ] : step1_legal
    1234 [     -9 ]       0 [      0 ]       0 [      0 ]    2940 [    -65 ]     11922 [        0 ]    303680 [    60973 ]   66.07 [  66.07 ]       0 [      0 ]      14 [      5 ]       393 [       38 ] : step2_gp
    1634 [    400 ]       0 [      0 ]       0 [      0 ]    3171 [    231 ]     12127 [      205 ]    281804 [   -21876 ]   52.93 [ -13.14 ]       0 [      0 ]      24 [     10 ]       403 [       10 ] : prepack:hfn_opt
    1643 [      9 ]       0 [      0 ]       0 [      0 ]    3194 [     23 ]     12127 [        0 ]    284929 [     3125 ]   45.21 [  -7.72 ]       0 [      0 ]      31 [      7 ]       404 [        1 ] : prepack:bn_opt
    1643 [      0 ]       0 [      0 ]       0 [      0 ]    3194 [      0 ]     12127 [        0 ]    284929 [        0 ]   46.38 [   1.17 ]       0 [      0 ]      33 [      2 ]       404 [        0 ] : prepack:path_opt
   -2582 [  -4225 ]  -19448 [ -19448 ]      14 [     14 ]    2957 [   -237 ]      4804 [    -7323 ]    291123 [     6194 ]   46.38 [   0.00 ]       0 [      0 ]      39 [      6 ]       411 [        7 ] : pack
   -2582 [      0 ]  -20398 [   -950 ]      14 [      0 ]    2726 [   -231 ]      4804 [        0 ]    360892 [    69769 ]   45.93 [  -0.45 ]       0 [      0 ]      49 [     10 ]       421 [       10 ] : post_pack_place
   -2532 [     50 ]  -19648 [    750 ]      14 [      0 ]    2726 [      0 ]      4804 [        0 ]    365186 [     4294 ]   45.93 [   0.00 ]       0 [      0 ]      51 [      2 ]       421 [        0 ] : post_pack_spreading
   -2532 [      0 ]  -15702 [   3946 ]      11 [     -3 ]    2729 [      3 ]      4798 [       -6 ]    353774 [   -11412 ]   45.93 [   0.00 ]       0 [      0 ]      54 [      3 ]       421 [        0 ] : postpack:optimize_equivalent_quick
   -1182 [   1350 ]   -6835 [   8867 ]      13 [      2 ]    2717 [    -12 ]      4876 [       78 ]    371232 [    17458 ]   45.93 [   0.00 ]       0 [      0 ]      57 [      3 ]       421 [        0 ] : postpack:hfn_opt
   -1182 [      0 ]   -6335 [    500 ]      13 [      0 ]    2717 [      0 ]      4876 [        0 ]    371328 [       96 ]   44.90 [  -1.03 ]       0 [      0 ]      62 [      5 ]       426 [        5 ] : postpack:bn_opt
     -55 [   1127 ]     -92 [   6243 ]       3 [    -10 ]    2717 [      0 ]      4876 [        0 ]    372180 [      852 ]   44.90 [   0.00 ]       0 [      0 ]      66 [      4 ]       427 [        1 ] : postpack:path_opt
     -55 [      0 ]     -92 [      0 ]       3 [      0 ]    2717 [      0 ]      4876 [        0 ]    372180 [        0 ]   44.90 [   0.00 ]       0 [      0 ]      66 [      0 ]       427 [        0 ] : postpack:aggressive_opt
     168 [    223 ]       0 [     92 ]       0 [     -3 ]    2720 [      3 ]      4873 [       -3 ]    367182 [    -4998 ]   44.90 [   0.00 ]       0 [      0 ]      70 [      4 ]       428 [        1 ] : postpack:optimize_equivalent
     168 [      0 ]       0 [      0 ]       0 [      0 ]    2720 [      0 ]      4873 [        0 ]    367182 [        0 ]   44.90 [   0.00 ]       0 [      0 ]      70 [      0 ]       428 [        0 ] : postpack:pin_opt

RUN-1003 : finish command "place" in  75.256802s wall, 83.234375s user + 10.015625s system = 93.250000s CPU (123.9%)

RUN-1004 : used memory is 429 MB, reserved memory is 419 MB, peak memory is 429 MB
RUN-1002 : start command "update_timing -mode manhattan"
RUN-1002 : start command "start_timer"
RUN-1003 : finish command "start_timer" in  1.133176s wall, 0.968750s user + 0.093750s system = 1.062500s CPU (93.8%)

RUN-1004 : used memory is 429 MB, reserved memory is 419 MB, peak memory is 429 MB
RUN-1003 : finish command "update_timing -mode manhattan" in  3.180354s wall, 2.609375s user + 0.250000s system = 2.859375s CPU (89.9%)

RUN-1004 : used memory is 429 MB, reserved memory is 419 MB, peak memory is 429 MB
RUN-1002 : start command "report_timing_summary -file UDP_EXAMPLE_place.timing"
RUN-1002 : start command "report_area -io_info -file UDP_EXAMPLE_phy.area"
RUN-1001 : standard
***Report Model: UDP_Example_Top Device: EG4S20BG256***

IO Statistics
#IO                        37   out of    188   19.68%
  #input                   11
  #output                  26
  #inout                    0
#virtual IO                 1
  #input                    0
  #output                   0
  #inout                    0

Utilization Statistics
#lut                     5722   out of  19600   29.19%
#reg                     7148   out of  19600   36.47%
#le                      8589
  #lut only              1441   out of   8589   16.78%
  #reg only              2867   out of   8589   33.38%
  #lut&reg               4281   out of   8589   49.84%
#bram                      23   out of     64   35.94%
  #bram9k                  23
  #fifo9k                   0
#bram32k                    0   out of     16    0.00%
#dsp                        0   out of     29    0.00%
#pad                       37   out of    188   19.68%
  #ireg                     8
  #oreg                    26
  #treg                     0
#pll                        1   out of      4   25.00%
#gclk                       3   out of     16   18.75%

RUN-1002 : start command "flow_status -file place_flow.status"
Location         : D:\Anlu\double_fpga_udp\tx\lab_ex_1_ethernet_led\UDP_EG4_6.2\prj\UDP_EXAMPLE\UDP_EXAMPLE_Runs\phy_1
Running with     : Tang Dynasty v6.2.168116
                   Copyright (c) 2012-2025 Anlogic Inc.
Top Model        : UDP_Example_Top
Device           : EG4S20BG256
Speed            : NA

Timing Mode      : manhattan
Setup            : WNS   168ps  TNS        0ps  NUM_FEPS     0
Hold             : WNS  -111ps  TNS    -6444ps  NUM_FEPS   154

Flow Statistics  :
RUN-1001 : Flow Statistics:
RUN-1001 : ----------------------------------------------------------------------------------------------------
RUN-1001 :      command     |  #calls  |   wall time   |  cpu time(s)  |  used memory(mb)  |  peak memory(mb)  
RUN-1001 : ----------------------------------------------------------------------------------------------------
RUN-1001 :       place      |    1     |  1m15s(100%)  |   93(100%)    |        429        |        429        
RUN-1001 :     import_db    |    4     |    0s(0%)     |     0(0%)     |        289        |        289        
RUN-1001 :   import_device  |    1     |    0s(0%)     |     0(0%)     |        84         |        84         
RUN-1001 :       pack       |    1     |    0s(0%)     |     0(0%)     |        290        |        290        
RUN-1001 : ----------------------------------------------------------------------------------------------------
RUN-1001 :       total      |    7     |     1m15s     |      93       |        429        |        429        
RUN-1001 : ----------------------------------------------------------------------------------------------------
RUN-1002 : start command "report_clock_utilization -file place_clock_utilization.txt"
RUN-1001 : Device not support command report_clock_utilization.
RUN-1002 : start command "export_db UDP_EXAMPLE_place.db"
RUN-1001 : Exported flow parameters
RUN-1001 : Exported /
RUN-1001 : Exported libs
RUN-1001 : Exported entities
RUN-1001 : Exported ports
RUN-1001 : Exported pins
RUN-1001 : Exported instances
RUN-1001 : Exported nets
RUN-1001 : Exported buses
RUN-1001 : Exported models
RUN-1001 : Exported phy database
RUN-1001 : Exported packer
RUN-1001 : Exported congestions
RUN-1001 : Exported violations
RUN-1001 : Exported ATMR Setting
RUN-1001 : Exported timing constraints
RUN-1001 : Exported IO constraints
RUN-1001 : Exported Inst constraints
RUN-1001 : Exported ChipWatcher
RUN-1002 : start command "commit_param -step route"
RUN-1001 : Print Global Property
RUN-1001 : --------------------------------------------------------
RUN-1001 :   Parameters   |  Settings  |  Default Values  |  Note  
RUN-1001 : --------------------------------------------------------
RUN-1001 :   enable_seed  |    off     |       off        |        
RUN-1001 :     message    |  standard  |     standard     |        
RUN-1001 :   qor_monitor  |     on     |        on        |        
RUN-1001 :   syn_ip_flow  |    off     |       off        |        
RUN-1001 :     thread     |    auto    |       auto       |        
RUN-1001 : --------------------------------------------------------
RUN-1001 : Print Route Property
RUN-1001 : -------------------------------------------------------
RUN-1001 :   Parameters  |  Settings  |  Default Values  |  Note  
RUN-1001 : -------------------------------------------------------
RUN-1001 :     effort    |   normal   |      normal      |        
RUN-1001 :    fix_hold   |     on     |        on        |        
RUN-1001 :     timing    |     on     |        on        |        
RUN-1001 : -------------------------------------------------------
RUN-1002 : start command "route"
RUN-1001 : Open license file D:/Anlogic/TD_6.2.1_Engineer_6.2.168.116/license/Anlogic.lic
PHY-1001 : Route runs in 16 thread(s)
RUN-1001 : There are total 4873 instances
RUN-1001 : 2393 mslices, 2408 lslices, 37 pads, 23 brams, 0 dsps
RUN-1001 : There are total 10088 nets
RUN-1001 : 6364 nets have 2 pins
RUN-1001 : 2747 nets have [3 - 5] pins
RUN-1001 : 575 nets have [6 - 10] pins
RUN-1001 : 189 nets have [11 - 20] pins
RUN-1001 : 200 nets have [21 - 99] pins
RUN-1001 : 13 nets have 100+ pins
RUN-1002 : start command "start_timer"
RUN-1003 : finish command "start_timer" in  1.069497s wall, 0.953125s user + 0.046875s system = 1.000000s CPU (93.5%)

RUN-1004 : used memory is 445 MB, reserved memory is 547 MB, peak memory is 445 MB
PHY-1001 : 2393 mslices, 2408 lslices, 37 pads, 23 brams, 0 dsps

PHY-1001 : Stage 1 | Global Routing
PHY-1001 : Start global routing, caller is route ...
RUN-1001 : Generating global routing grids ...
PHY-1001 : Generate routing nets ...
RUN-1001 : Generate nets statistics:
RUN-1001 : ----------------------------
RUN-1001 :        Type       |  Nets   
RUN-1001 : ----------------------------
RUN-1001 :   TotalRouteNets  |  9620   
RUN-1001 :   DontRouteNets   |   734   
RUN-1001 :     RouteNets     |  8886   
RUN-1001 :     RouteSinks    |  19717  
RUN-1001 : ----------------------------
PHY-1001 : Global iterations in 16 thread ...
PHY-1002 : len = 428168, over cnt = 898(2%), over = 1575, worst = 9
PHY-1002 : len = 437256, over cnt = 588(1%), over = 894, worst = 7
PHY-1002 : len = 445448, over cnt = 206(0%), over = 326, worst = 5
PHY-1002 : len = 449496, over cnt = 0(0%), over = 0, worst = 0
PHY-1001 : End global iterations;  1.584305s wall, 1.718750s user + 0.156250s system = 1.875000s CPU (118.3%)

PHY-1001 : Congestion index:
PHY-1001 : top1  = 44.97(S 52.67, N 58.84, E 49.48, W 60.56, I 0.00, O 0.00)
PHY-1001 : top5  = 36.61(S 44.42, N 48.10, E 41.11, W 47.23, I 0.00, O 0.00)
PHY-1001 : top10 = 32.62(S 39.13, N 41.95, E 36.12, W 40.73, I 0.00, O 0.00)
PHY-1001 : top15 = 30.25(S 35.87, N 38.09, E 32.85, W 36.69, I 0.00, O 0.00)
PHY-1001 : End global routing;  2.046432s wall, 2.109375s user + 0.171875s system = 2.281250s CPU (111.5%)

PHY-1001 : End Stage 1 | Global Routing; Time: 2.046558s wall, 2.109375s user + 0.171875s system = 2.281250s CPU (111.5%); Memory(MB): used = 445, reserved = 547, peak = 445;

PHY-1001 : Stage 2 | Detail Routing
PHY-1001 : Stage 2.1 | Build Routing Design
PHY-1001 : Routing in high effort: false
PHY-1001 : Routing Mode: normal
PHY-1001 : Generate detailed routing grids ...
PHY-1001 : End build routing graph; 5.966374s wall, 5.031250s user + 0.375000s system = 5.406250s CPU (90.6%)

PHY-1001 : Generate nets ...
PHY-1001 : net clk_50_dup_1 will be routed on clock mesh
PHY-1001 : clock net temac_clk will be merged with clock u_clk_gen/u_pll_0/clk0_buf
PHY-1001 : net udp_clk will be routed on clock mesh
PHY-1001 : net key_counter_inst/key2_debounce/clk will be routed on clock mesh
PHY-1001 : clock net cwc_jtck_syn_2 will be merged with clock cwc_jtck
PHY-1001 : clock net u4_trimac_block/rx_clk will be merged with clock phy1_rgmii_rx_clk_dup_1
PHY-1001 : net u4_trimac_block/u1_rgmii_interface/rgmii_txc_ddr/clk will be routed on clock mesh
RUN-1001 : Generate nets statistics:
RUN-1001 : ------------------------------
RUN-1001 :         Type        |  Nets   
RUN-1001 : ------------------------------
RUN-1001 :        Route        |  9620   
RUN-1001 :      DontRoute      |   468   
RUN-1001 :      RouteSinks     |  31813  
RUN-1001 :   RouteEntitySinks  |    0    
RUN-1001 :       Lut2Dff       |    0    
RUN-1001 :       Ram2Dff       |    0    
RUN-1001 :      Carry2Dff      |    0    
RUN-1001 : ------------------------------
RUN-1001 : DR clock net summary:
RUN-1001 : -----------------------------------------------------------------------------------
RUN-1001 :   Net Idx  |                        Net Name                        |  Clock Type  
RUN-1001 : -----------------------------------------------------------------------------------
RUN-1001 :      1     |                      clk_50_dup_1                      |    Normal    
RUN-1001 :      2     |                     cwc_jtck_syn_2                     |    Normal    
RUN-1001 :      3     |           key_counter_inst/key2_debounce/clk           |    Normal    
RUN-1001 :      4     |                       temac_clk                        |    Normal    
RUN-1001 :      5     |                 u4_trimac_block/rx_clk                 |    Normal    
RUN-1001 :      6     |  u4_trimac_block/u1_rgmii_interface/rgmii_txc_ddr/clk  |    Normal    
RUN-1001 :      7     |                        udp_clk                         |    Normal    
RUN-1001 : -----------------------------------------------------------------------------------
RUN-1001 : DR clock buffer summary:
RUN-1001 : ----------------
RUN-1001 :   Idx  |  Name  
RUN-1001 : ----------------
RUN-1001 : ----------------
PHY-1001 : End Stage 2.1 | Build Routing Design; Time: 6.498496s wall, 5.468750s user + 0.437500s system = 5.906250s CPU (90.9%); Memory(MB): used = 705, reserved = 696, peak = 705;

RUN-1001 : Top Percentage Crit. Net Stat.
RUN-1001 : -------------------------------------------------------
RUN-1001 :   Top %  |  Net Count  |  Avg. Fanout  |  Avg. Slack   
RUN-1001 : -------------------------------------------------------
RUN-1001 :     1    |     100     |   4.970000    |  425.070000   
RUN-1001 :     2    |     201     |   3.064677    |  437.572139   
RUN-1001 :     3    |     302     |   3.413907    |  792.149007   
RUN-1001 :     4    |     403     |   3.687345    |  1226.699752  
RUN-1001 :     5    |     504     |   3.553571    |  1513.827381  
RUN-1001 :     6    |     605     |   3.442975    |  1725.662810  
RUN-1001 :     7    |     706     |   3.375354    |  1894.708215  
RUN-1001 :     8    |     807     |   3.272615    |  2037.358116  
RUN-1001 :     9    |     907     |   3.273429    |  2164.446527  
RUN-1001 :    10    |    1008     |   3.451389    |  2279.950397  
RUN-1001 : -------------------------------------------------------
PHY-1001 : Stage 2.2 | Clock Nets Routing
PHY-1001 : Routed 0% nets.
PHY-1001 : len = 205400, over cnt = 0(0%), over = 0, worst = 0, crit = 0
PHY-1001 : End Stage 2.2 | Clock Nets Routing; Time: 11.862946s wall, 9.734375s user + 0.953125s system = 10.687500s CPU (90.1%); Memory(MB): used = 737, reserved = 728, peak = 737;

PHY-1001 : Stage 2.3 | Routing Initialization
PHY-1001 : Mark 1% net(place mode slack < 445ps) as critical nets.
PHY-1001 : Stage 2.3.1 | Normal Nets Routing
PHY-1001 : Routed 95% nets.
PHY-1001 : len = 829848, over cnt = 737(0%), over = 737, worst = 1, crit = 0
PHY-1001 : End Stage 2.3.1 | Normal Nets Routing; Time: 40.291479s wall, 60.328125s user + 3.765625s system = 64.093750s CPU (159.1%); Memory(MB): used = 744, reserved = 735, peak = 744;

PHY-1001 : Stage 2.3.2 | Update Timing
RUN-1002 : start command "start_timer"
USR-1002 : Derived clock:  create_generated_clock -name {u_clk_gen/u_pll_0/pll_inst.clkc[0]} -source [get_ports {clk_50}] -master_clock {clk_in} -multiply_by 2.5000 -duty_cycle 50.0000 [get_pins {u_clk_gen/u_pll_0/pll_inst.clkc[0]}]
USR-1002 : Derived clock:  create_generated_clock -name {u_clk_gen/u_pll_0/pll_inst.clkc[1]} -source [get_ports {clk_50}] -master_clock {clk_in} -multiply_by 2.5000 -duty_cycle 50.0000 [get_pins {u_clk_gen/u_pll_0/pll_inst.clkc[1]}]
USR-1002 : Derived clock:  create_generated_clock -name {u_clk_gen/u_pll_0/pll_inst.clkc[3]} -source [get_ports {clk_50}] -master_clock {clk_in} -divide_by 2.0000 -duty_cycle 50.0000 [get_pins {u_clk_gen/u_pll_0/pll_inst.clkc[3]}]
USR-1002 : Derived clock:  create_generated_clock -name {u_clk_gen/u_pll_0/pll_inst.clkc[4]} -source [get_ports {clk_50}] -master_clock {clk_in} -multiply_by 2.5000 -phase 90 -duty_cycle 50.0000 [get_pins {u_clk_gen/u_pll_0/pll_inst.clkc[4]}]
RUN-1003 : finish command "start_timer" in  2.296090s wall, 2.156250s user + 0.046875s system = 2.203125s CPU (96.0%)

RUN-1004 : used memory is 744 MB, reserved memory is 735 MB, peak memory is 744 MB
TMR-2502 : Net delay update with mode: Routed
PHY-1001 : 579/9620(6%) critical/total net(s).
PHY-1001 : Setup: WNS(ns) = -2.800, TNS(ns) = -432.192, FEP = 715 | Hold: WNS(ns) = -0.154, TNS(ns) = -1.128, FEP = 20.
PHY-1001 : End Stage 2.3.2 | Update Timing; Time: 4.924825s wall, 4.593750s user + 0.109375s system = 4.703125s CPU (95.5%); Memory(MB): used = 749, reserved = 739, peak = 749;

PHY-1001 : End Stage 2.3 | Routing Initialization; Time: 45.316648s wall, 65.031250s user + 3.875000s system = 68.906250s CPU (152.1%); Memory(MB): used = 749, reserved = 739, peak = 749;

PHY-1001 : Stage 2.4 | Routing Optimization
PHY-1001 : Build lut bridge;  0.173388s wall, 0.171875s user + 0.000000s system = 0.171875s CPU (99.1%)

PHY-1001 : Stage 2.4.1 | Phase 1
PHY-1001 : Stage 2.4.1.1 | Setup TimeOptimization
PHY-1001 : Start to optimize setup violation with net base ...
PHY-1001 : Iter 1; Processed 320 pins with SWNS -0.252ns STNS -3.231ns FEP 91 took 22.4585 seconds.
PHY-1001 : len = 843608, over cnt = 958(0%), over = 966, worst = 2, crit = 1
PHY-1001 : End Stage 2.4.1.1 | Setup TimeOptimization; Time: 22.649346s wall, 21.156250s user + 0.437500s system = 21.593750s CPU (95.3%); Memory(MB): used = 751, reserved = 740, peak = 751;

PHY-1001 : Stage 2.4.1.2 | Rip-up And ReRoute
PHY-1001 : Iter 1: len = 844968, over cnt = 216(0%), over = 216, worst = 1, crit = 0, time(s) = 3.53
PHY-1001 : Iter 2: len = 845632, over cnt = 126(0%), over = 126, worst = 1, crit = 0, time(s) = 0.72
PHY-1001 : Iter 3: len = 845712, over cnt = 107(0%), over = 107, worst = 1, crit = 0, time(s) = 0.40
PHY-1001 : Iter 4: len = 846824, over cnt = 24(0%), over = 24, worst = 1, crit = 0, time(s) = 0.56
PHY-1001 : Iter 5: len = 846896, over cnt = 20(0%), over = 20, worst = 1, crit = 0, time(s) = 0.23
PHY-1001 : Iter 6: len = 846912, over cnt = 19(0%), over = 19, worst = 1, crit = 0, time(s) = 0.22
PHY-1001 : Iter 7: len = 846912, over cnt = 19(0%), over = 19, worst = 1, crit = 0, time(s) = 0.19
PHY-1001 : Iter 8: len = 847352, over cnt = 0(0%), over = 0, worst = 0, crit = 0, time(s) = 0.06
PHY-1001 : End Stage 2.4.1.2 | Rip-up And ReRoute; Time: 5.987171s wall, 7.484375s user + 0.093750s system = 7.578125s CPU (126.6%); Memory(MB): used = 751, reserved = 741, peak = 751;

PHY-1001 : Stage 2.4.1.3 | Update Timing
RUN-1002 : start command "start_timer"
PHY-1001 : 500/9620(5%) critical/total net(s).
PHY-1001 : Setup: WNS(ns) = -2.599, TNS(ns) = -393.043, FEP = 625 | Hold: WNS(ns) = -0.154, TNS(ns) = -1.095, FEP = 20.
PHY-1001 : End Stage 2.4.1.3 | Update Timing; Time: 3.626775s wall, 3.390625s user + 0.046875s system = 3.437500s CPU (94.8%); Memory(MB): used = 753, reserved = 742, peak = 753;

PHY-1001 : Stage 2.4.1.4 | Commit Data
PHY-1001 : Commit better result to database ...
PHY-1001 : 206 feed throughs used by 168 nets
PHY-1001 : End Stage 2.4.1.4 | Commit Data; Time: 1.244253s wall, 1.125000s user + 0.062500s system = 1.187500s CPU (95.4%); Memory(MB): used = 787, reserved = 777, peak = 787;

PHY-1001 : End Stage 2.4.1 | Phase 1; Time: 33.935055s wall, 33.578125s user + 0.640625s system = 34.218750s CPU (100.8%); Memory(MB): used = 787, reserved = 777, peak = 787;

PHY-1001 : Stage 2.4.2 | Phase 2
PHY-1001 : Stage 2.4.2.1 | Setup TimeOptimization
PHY-1001 : Start to optimize setup violation with net base ...
PHY-1001 : Iter 1; Processed 161 pins with SWNS -0.252ns STNS -3.231ns FEP 91 took 10.0028 seconds.
PHY-1001 : len = 852024, over cnt = 132(0%), over = 132, worst = 1, crit = 0
PHY-1001 : End Stage 2.4.2.1 | Setup TimeOptimization; Time: 10.193672s wall, 9.546875s user + 0.203125s system = 9.750000s CPU (95.6%); Memory(MB): used = 787, reserved = 777, peak = 787;

PHY-1001 : Stage 2.4.2.2 | Rip-up And ReRoute
PHY-0007 : Congestion: {47.17, 40.34, 36.59, 34.32}; Timing: {-0.252ns, -3.231ns, 91}
PHY-1001 : Iter 1: len = 850064, over cnt = 1(0%), over = 1, worst = 1, crit = 0, time(s) = 0.29
PHY-1001 : Iter 2: len = 850080, over cnt = 0(0%), over = 0, worst = 0, crit = 0, time(s) = 0.03
PHY-1001 : End Stage 2.4.2.2 | Rip-up And ReRoute; Time: 0.386914s wall, 0.453125s user + 0.000000s system = 0.453125s CPU (117.1%); Memory(MB): used = 787, reserved = 777, peak = 787;

PHY-1001 : Stage 2.4.2.3 | Update Timing
RUN-1002 : start command "start_timer"
PHY-1001 : 429/9620(4%) critical/total net(s).
PHY-1001 : Setup: WNS(ns) = -1.883, TNS(ns) = -220.019, FEP = 543 | Hold: WNS(ns) = -0.154, TNS(ns) = -1.095, FEP = 20.
PHY-1001 : End Stage 2.4.2.3 | Update Timing; Time: 2.993545s wall, 2.765625s user + 0.062500s system = 2.828125s CPU (94.5%); Memory(MB): used = 788, reserved = 778, peak = 788;

PHY-1001 : Stage 2.4.2.4 | Commit Data
PHY-1001 : Commit better result to database ...
PHY-1001 : 211 feed throughs used by 171 nets
PHY-1001 : End Stage 2.4.2.4 | Commit Data; Time: 0.970620s wall, 0.921875s user + 0.000000s system = 0.921875s CPU (95.0%); Memory(MB): used = 789, reserved = 778, peak = 789;

PHY-1001 : End Stage 2.4.2 | Phase 2; Time: 14.914527s wall, 13.984375s user + 0.265625s system = 14.250000s CPU (95.5%); Memory(MB): used = 789, reserved = 778, peak = 789;

PHY-1001 : Stage 2.4.3 | Phase 3
PHY-1001 : Stage 2.4.3.1 | Setup TimeOptimization
PHY-1001 : Start to optimize setup violation with net base ...
PHY-1001 : Iter 1; Processed 97 pins with SWNS -0.252ns STNS -3.231ns FEP 91 took 6.28526 seconds.
PHY-1001 : len = 852496, over cnt = 74(0%), over = 74, worst = 1, crit = 0
PHY-1001 : End Stage 2.4.3.1 | Setup TimeOptimization; Time: 6.468233s wall, 6.281250s user + 0.109375s system = 6.390625s CPU (98.8%); Memory(MB): used = 789, reserved = 778, peak = 789;

PHY-1001 : Stage 2.4.3.2 | Rip-up And ReRoute
PHY-1001 : Iter 1: len = 851784, over cnt = 0(0%), over = 0, worst = 0, crit = 0, time(s) = 0.22
PHY-1001 : End Stage 2.4.3.2 | Rip-up And ReRoute; Time: 0.251096s wall, 0.531250s user + 0.000000s system = 0.531250s CPU (211.6%); Memory(MB): used = 789, reserved = 778, peak = 789;

PHY-1001 : Stage 2.4.3.3 | Update Timing
RUN-1002 : start command "start_timer"
PHY-1001 : 314/9620(3%) critical/total net(s).
PHY-1001 : Setup: WNS(ns) = -1.433, TNS(ns) = -166.193, FEP = 483 | Hold: WNS(ns) = -0.154, TNS(ns) = -1.095, FEP = 20.
PHY-1001 : End Stage 2.4.3.3 | Update Timing; Time: 2.927337s wall, 2.734375s user + 0.031250s system = 2.765625s CPU (94.5%); Memory(MB): used = 789, reserved = 778, peak = 789;

PHY-1001 : Stage 2.4.3.4 | Commit Data
PHY-1001 : Commit better result to database ...
PHY-1001 : 214 feed throughs used by 174 nets
PHY-1001 : End Stage 2.4.3.4 | Commit Data; Time: 0.951666s wall, 0.859375s user + 0.031250s system = 0.890625s CPU (93.6%); Memory(MB): used = 789, reserved = 778, peak = 789;

PHY-1001 : End Stage 2.4.3 | Phase 3; Time: 10.905385s wall, 10.687500s user + 0.171875s system = 10.859375s CPU (99.6%); Memory(MB): used = 789, reserved = 778, peak = 789;

PHY-1001 : Stage 2.4.4 | Phase 4
PHY-1001 : Stage 2.4.4.1 | Setup TimeOptimization
PHY-1001 : Start to optimize setup violation with net base ...
PHY-1001 : Iter 1; Processed 74 pins with SWNS -0.252ns STNS -3.231ns FEP 91 took 4.59393 seconds.
PHY-1001 : len = 853064, over cnt = 58(0%), over = 58, worst = 1, crit = 0
PHY-1001 : End Stage 2.4.4.1 | Setup TimeOptimization; Time: 4.780254s wall, 4.578125s user + 0.078125s system = 4.656250s CPU (97.4%); Memory(MB): used = 789, reserved = 778, peak = 789;

PHY-1001 : Stage 2.4.4.2 | Rip-up And ReRoute
PHY-1001 : Iter 1: len = 853224, over cnt = 0(0%), over = 0, worst = 0, crit = 0, time(s) = 0.23
PHY-1001 : End Stage 2.4.4.2 | Rip-up And ReRoute; Time: 0.260144s wall, 0.328125s user + 0.000000s system = 0.328125s CPU (126.1%); Memory(MB): used = 789, reserved = 778, peak = 789;

PHY-1001 : Stage 2.4.4.3 | Update Timing
RUN-1002 : start command "start_timer"
PHY-1001 : 280/9620(2%) critical/total net(s).
PHY-1001 : Setup: WNS(ns) = -1.883, TNS(ns) = -140.001, FEP = 477 | Hold: WNS(ns) = -0.154, TNS(ns) = -1.095, FEP = 20.
PHY-1001 : End Stage 2.4.4.3 | Update Timing; Time: 3.610822s wall, 3.328125s user + 0.109375s system = 3.437500s CPU (95.2%); Memory(MB): used = 789, reserved = 778, peak = 789;

PHY-1001 : Stage 2.4.4.4 | Commit Data
PHY-1001 : Don't need to commit to database ...
PHY-1001 : End Stage 2.4.4.4 | Commit Data; Time: 0.042169s wall, 0.031250s user + 0.000000s system = 0.031250s CPU (74.1%); Memory(MB): used = 789, reserved = 778, peak = 789;

PHY-1001 : End Stage 2.4.4 | Phase 4; Time: 9.045025s wall, 8.625000s user + 0.187500s system = 8.812500s CPU (97.4%); Memory(MB): used = 789, reserved = 778, peak = 789;

PHY-1001 : Stage 2.4.5 | Phase 5
PHY-1001 : Stage 2.4.5.1 | Setup TimeOptimization
PHY-1001 : Start to optimize setup violation with net base ...
PHY-1001 : Iter 1; Processed 24 pins with SWNS -0.252ns STNS -3.231ns FEP 91 took 1.95752 seconds.
PHY-1001 : len = 853744, over cnt = 18(0%), over = 18, worst = 1, crit = 0
PHY-1001 : End Stage 2.4.5.1 | Setup TimeOptimization; Time: 2.190264s wall, 2.125000s user + 0.062500s system = 2.187500s CPU (99.9%); Memory(MB): used = 789, reserved = 778, peak = 789;

PHY-1001 : Stage 2.4.5.2 | Rip-up And ReRoute
PHY-1001 : Iter 1: len = 853544, over cnt = 0(0%), over = 0, worst = 0, crit = 0, time(s) = 0.15
PHY-1001 : End Stage 2.4.5.2 | Rip-up And ReRoute; Time: 0.176614s wall, 0.156250s user + 0.000000s system = 0.156250s CPU (88.5%); Memory(MB): used = 789, reserved = 778, peak = 789;

PHY-1001 : Stage 2.4.5.3 | Update Timing
RUN-1002 : start command "start_timer"
PHY-1001 : 164/9620(1%) critical/total net(s).
PHY-1001 : Setup: WNS(ns) = -0.386, TNS(ns) = -5.721, FEP = 115 | Hold: WNS(ns) = -0.154, TNS(ns) = -1.095, FEP = 20.
PHY-1001 : End Stage 2.4.5.3 | Update Timing; Time: 3.674264s wall, 3.578125s user + 0.000000s system = 3.578125s CPU (97.4%); Memory(MB): used = 789, reserved = 778, peak = 789;

PHY-1001 : Stage 2.4.5.4 | Commit Data
PHY-1001 : Commit better result to database ...
PHY-1001 : 224 feed throughs used by 181 nets
PHY-1001 : End Stage 2.4.5.4 | Commit Data; Time: 1.521157s wall, 1.468750s user + 0.000000s system = 1.468750s CPU (96.6%); Memory(MB): used = 789, reserved = 778, peak = 789;

PHY-1001 : End Stage 2.4.5 | Phase 5; Time: 7.926532s wall, 7.656250s user + 0.093750s system = 7.750000s CPU (97.8%); Memory(MB): used = 789, reserved = 778, peak = 789;

PHY-1001 : Stage 2.4.6 | Phase 6
PHY-1001 : Stage 2.4.6.1 | Setup TimeOptimization
PHY-1001 : Start to optimize setup violation with net base ...
PHY-1001 : Iter 1; Processed 17 pins with SWNS -0.252ns STNS -3.231ns FEP 91 took 1.22654 seconds.
PHY-1001 : len = 854192, over cnt = 18(0%), over = 18, worst = 1, crit = 0
PHY-1001 : End Stage 2.4.6.1 | Setup TimeOptimization; Time: 1.426731s wall, 1.312500s user + 0.015625s system = 1.328125s CPU (93.1%); Memory(MB): used = 789, reserved = 778, peak = 789;

PHY-1001 : Stage 2.4.6.2 | Rip-up And ReRoute
PHY-0007 : Congestion: {48.33, 42.40, 38.80, 36.60}; Timing: {-0.252ns, -3.231ns, 91}
PHY-1001 : Iter 1: len = 853952, over cnt = 1(0%), over = 1, worst = 1, crit = 0, time(s) = 0.11
PHY-1001 : Iter 2: len = 853944, over cnt = 0(0%), over = 0, worst = 0, crit = 0, time(s) = 0.08
PHY-1001 : End Stage 2.4.6.2 | Rip-up And ReRoute; Time: 0.269597s wall, 0.203125s user + 0.015625s system = 0.218750s CPU (81.1%); Memory(MB): used = 789, reserved = 778, peak = 789;

PHY-1001 : Stage 2.4.6.3 | Update Timing
RUN-1002 : start command "start_timer"
RUN-1003 : finish command "start_timer" in  1.022566s wall, 1.000000s user + 0.015625s system = 1.015625s CPU (99.3%)

RUN-1004 : used memory is 789 MB, reserved memory is 778 MB, peak memory is 789 MB
PHY-1001 : 157/9620(1%) critical/total net(s).
PHY-1001 : Setup: WNS(ns) = -0.386, TNS(ns) = -6.333, FEP = 115 | Hold: WNS(ns) = -0.154, TNS(ns) = -1.095, FEP = 20.
PHY-1001 : End Stage 2.4.6.3 | Update Timing; Time: 3.870439s wall, 3.718750s user + 0.062500s system = 3.781250s CPU (97.7%); Memory(MB): used = 789, reserved = 778, peak = 789;

PHY-1001 : Stage 2.4.6.4 | Commit Data
PHY-1001 : Don't need to commit to database ...
PHY-1001 : End Stage 2.4.6.4 | Commit Data; Time: 0.038652s wall, 0.046875s user + 0.000000s system = 0.046875s CPU (121.3%); Memory(MB): used = 789, reserved = 778, peak = 789;

PHY-1001 : End Stage 2.4.6 | Phase 6; Time: 5.966113s wall, 5.593750s user + 0.125000s system = 5.718750s CPU (95.9%); Memory(MB): used = 789, reserved = 778, peak = 789;

PHY-1001 : End Stage 2.4 | Routing Optimization; Time: 85.647781s wall, 83.062500s user + 1.500000s system = 84.562500s CPU (98.7%); Memory(MB): used = 789, reserved = 778, peak = 789;

PHY-1003 : Routed, final wirelength = 853944
RUN-1002 : start command "export_db UDP_EXAMPLE_pr.db"
RUN-1001 : Exported flow parameters
RUN-1001 : Exported /
RUN-1001 : Exported libs
RUN-1001 : Exported entities
RUN-1001 : Exported ports
RUN-1001 : Exported pins
RUN-1001 : Exported instances
RUN-1001 : Exported nets
RUN-1001 : Exported buses
RUN-1001 : Exported models
RUN-1001 : Exported phy database
RUN-1001 : Exported packer
RUN-1001 : Exported congestions
RUN-1001 : Exported violations
RUN-1001 : Exported ATMR Setting
RUN-1001 : Exported timing constraints
RUN-1001 : Exported IO constraints
RUN-1001 : Exported Inst constraints
RUN-1001 : Exported ChipWatcher
PHY-1001 : Current memory(MB): used = 819, reserved = 928, peak = 819.
PHY-1001 : End export database. 0.667398s wall, 0.875000s user + 0.062500s system = 0.937500s CPU (140.5%)

PHY-1001 : End detail routing;  152.521280s wall, 166.296875s user + 7.015625s system = 173.312500s CPU (113.6%)

PHY-1001 : End Stage 2 | Detail Routing; Time: 152.521409s wall, 166.296875s user + 7.015625s system = 173.312500s CPU (113.6%); Memory(MB): used = 819, reserved = 928, peak = 819;

PHY-1001 : Stage 3 | Hold Fix
RUN-1002 : start command "start_timer"
RUN-1001 : fix hold violation on net debug_hub_top/U_0_register/rst_dup_24 endpin debug_hub_top/U_0_handshake_sync_ctrl/bus_data_r_aclk_reg[68]_syn_3.sr slack -54ps
RUN-1001 : 1 hold-buffer to be created.
RUN-1001 : fix hold violation on net debug_hub_top/U_0_register/rst_dup_24 endpin debug_hub_top/U_0_handshake_sync_ctrl/bus_data_r_aclk_reg[77]_syn_4.sr slack -62ps
RUN-1001 : 1 hold-buffer to be created.
RUN-1001 : fix hold violation on net debug_hub_top/U_0_register/rst endpin debug_hub_top/U_0_register/ip_ctrl_reg[56]_syn_4.sr slack -78ps
RUN-1001 : 1 hold-buffer to be created.
RUN-1001 : fix hold violation on net debug_hub_top/U_0_register/rst_dup_24 endpin debug_hub_top/U_0_register/ip_ctrl_reg[70]_syn_3.sr slack -70ps
RUN-1001 : 1 hold-buffer to be created.
RUN-1001 : fix hold violation on net debug_hub_top/U_0_register/rst_dup_24 endpin debug_hub_top/U_0_register/ip_ctrl_reg[77]_syn_3.sr slack -54ps
RUN-1001 : 1 hold-buffer to be created.
RUN-1001 : fix hold violation on net debug_hub_top/U_0_register/rst_dup_23 endpin debug_hub_top/U_0_register/stat_preamble_reg_syn_22.sr slack -81ps
RUN-1001 : 1 hold-buffer to be created.
RUN-1001 : fix hold violation on net debug_hub_top/U_0_register/rst_dup_11 endpin debug_hub_top/U_1_handshake_sync_ctrl/bus_data_r_aclk_reg[10]_syn_3.sr slack -62ps
RUN-1001 : 1 hold-buffer to be created.
RUN-1001 : fix hold violation on net debug_hub_top/U_0_register/rst endpin debug_hub_top/U_1_handshake_sync_ctrl/bus_data_r_aclk_reg[172]_syn_4.sr slack -78ps
RUN-1001 : 1 hold-buffer to be created.
RUN-1001 : fix hold violation on net cwc_slave_1_rst_dup_6 endpin debug_hub_top/U_1_handshake_sync_ctrl/bus_data_r_bclk_reg[199]_syn_3.sr slack -12ps
RUN-1001 : 1 hold-buffer to be created.
RUN-1001 : fix hold violation on net debug_hub_top/U_0_register/rst_dup_11 endpin debug_hub_top/U_1_register/ip_ctrl_reg[11]_syn_3.sr slack -62ps
RUN-1001 : 1 hold-buffer to be created.
RUN-1001 : fix hold violation on net debug_hub_top/U_0_register/rst_dup_6 endpin debug_hub_top/U_1_register/ip_ctrl_reg[147]_syn_3.sr slack -89ps
RUN-1001 : 1 hold-buffer to be created.
RUN-1001 : fix hold violation on net debug_hub_top/U_0_register/rst_dup_3 endpin debug_hub_top/U_1_register/ip_ctrl_reg[152]_syn_3.sr slack -70ps
RUN-1001 : 1 hold-buffer to be created.
RUN-1001 : fix hold violation on net debug_hub_top/U_0_register/rst_dup_23 endpin debug_hub_top/U_1_register/ip_ctrl_reg[185]_syn_3.sr slack -81ps
RUN-1001 : 1 hold-buffer to be created.
RUN-1001 : fix hold violation on net debug_hub_top/U_0_register/rst_dup_11 endpin debug_hub_top/U_1_register/ip_ctrl_reg[97]_syn_3.sr slack -46ps
RUN-1001 : 1 hold-buffer to be created.
RUN-1001 : fix hold violation on net cwc_slave_1_rst_dup_6 endpin debug_hub_top/slave_1_control_reg[202]_syn_3.sr slack -12ps
RUN-1001 : 1 hold-buffer to be created.
RUN-1001 : fix hold violation on net debug_hub_top/U_0_register/rst_dup_11 endpin debug_hub_top/slave_1_rst_sync2_reg_syn_18.sr slack -154ps
RUN-1001 : 1 hold-buffer to be created.
RUN-1001 : fix hold violation on net u3_udp_ip_protocol_stack/ip_layer/ip_receive_module/icmp_packet_process_module/icmp_ping_echo_data[4] endpin u3_udp_ip_protocol_stack/ip_layer/icmp_echo_data_fifo/u_anlogic_soft_async_fifo/inst_syn_6.dia[0] slack -11ps
RUN-1001 : 1 hold-buffer to be created.
RUN-1001 : fix hold violation on net u6_tx_fifo/rd_addr[4] endpin u6_tx_fifo/ramgen_l/inst_syn_11.addrb[7] slack -4ps
RUN-1001 : 1 hold-buffer to be created.
RUN-1001 : fix hold violation on net u7_rx_fifo/wr_addr[2] endpin u7_rx_fifo/ramgen_u/inst_syn_11.addra[5] slack -4ps
RUN-1001 : 1 hold-buffer to be created.
PHY-1001 : Populate physical database on model UDP_Example_Top.
-----------------------------------------------------------
| QoR metrics               |         value               |
-----------------------------------------------------------
| Timing                    |                             |
|     Setup WNS             |          168                |
|     Setup TNS             |            0                |
|     Num of violated S-EP  |            0                |
|     FMAX                  |    10.017MHz                |
|     SWNS path clock period |     100000ps                |
|     Hold WNS              |         -111                |
|     Hold TNS              |        -5901                |
|     Num of violated H-EP  |          141                |
-----------------------------------------------------------
| Routing Resource          |                             |
|     Wire length           |       367898                |
-----------------------------------------------------------
| Utilization               |                             |
|     #slices               |         4820                |
|     slices percentage     |       49.18%                |
|     #RAMs                 |           23                |
|     #DSPs                 |            0                |
|     #DRAMHARDCON          |            0                |
-----------------------------------------------------------
| Congestion                |                             |
|     Top 1% tile util      |           40                |
|     Top 1% tile avg util  |       44.52%                |
|     Over 100% util #tile  |            0                |
-----------------------------------------------------------
Report place stage QoR done.


    SWNS [   incr ]     STNS [    incr ]  S-FEPS [   incr ]    HWNS [   incr ]      HTNS [     incr ]    H-FEPS [     incr ]    CELL [   incr ]      WL [   incr ]   RT(s) [   incr ]   MEM(mb) [     incr ]
   -2800 [      0 ]  -432192 [       0 ]     715 [      0 ]    -154 [      0 ]     -1128 [        0 ]        20 [        0 ]    4873 [      0 ]  829848 [      0 ]      71 [      0 ]       749 [        0 ] : dr_initialization
    -252 [   2548 ]    -3231 [  428961 ]      91 [   -624 ]    -154 [      0 ]     -1109 [       19 ]        20 [        0 ]    4873 [      0 ]  843608 [  13760 ]      96 [     25 ]       751 [        2 ] : dr_timing_opt_phase1
   -2599 [  -2347 ]  -393043 [ -389812 ]     625 [    534 ]    -154 [      0 ]     -1095 [       14 ]        20 [        0 ]    4873 [      0 ]  847352 [   3744 ]     108 [     12 ]       787 [       36 ] : dr_opt_phase1
    -252 [   2347 ]    -3231 [  389812 ]      91 [   -534 ]    -154 [      0 ]     -1095 [        0 ]        20 [        0 ]    4873 [      0 ]  852024 [   4672 ]     118 [     10 ]       787 [        0 ] : dr_timing_opt_phase2
   -1883 [  -1631 ]  -220019 [ -216788 ]     543 [    452 ]    -154 [      0 ]     -1095 [        0 ]        20 [        0 ]    4873 [      0 ]  850080 [  -1944 ]     122 [      4 ]       789 [        2 ] : dr_opt_phase2
    -252 [   1631 ]    -3231 [  216788 ]      91 [   -452 ]    -154 [      0 ]     -1095 [        0 ]        20 [        0 ]    4873 [      0 ]  852496 [   2416 ]     129 [      7 ]       789 [        0 ] : dr_timing_opt_phase3
   -1433 [  -1181 ]  -166193 [ -162962 ]     483 [    392 ]    -154 [      0 ]     -1095 [        0 ]        20 [        0 ]    4873 [      0 ]  851784 [   -712 ]     133 [      4 ]       789 [        0 ] : dr_opt_phase3
    -252 [   1181 ]    -3231 [  162962 ]      91 [   -392 ]    -154 [      0 ]     -1095 [        0 ]        20 [        0 ]    4873 [      0 ]  853064 [   1280 ]     138 [      5 ]       789 [        0 ] : dr_timing_opt_phase4
   -1883 [  -1631 ]  -140001 [ -136770 ]     477 [    386 ]    -154 [      0 ]     -1095 [        0 ]        20 [        0 ]    4873 [      0 ]  853224 [    160 ]     142 [      4 ]       789 [        0 ] : dr_opt_phase4
    -252 [   1631 ]    -3231 [  136770 ]      91 [   -386 ]    -154 [      0 ]     -1095 [        0 ]        20 [        0 ]    4873 [      0 ]  853744 [    520 ]     145 [      3 ]       789 [        0 ] : dr_timing_opt_phase5
    -386 [   -134 ]    -5721 [   -2490 ]     115 [     24 ]    -154 [      0 ]     -1095 [        0 ]        20 [        0 ]    4873 [      0 ]  853544 [   -200 ]     150 [      5 ]       789 [        0 ] : dr_opt_phase5
    -252 [    134 ]    -3231 [    2490 ]      91 [    -24 ]    -154 [      0 ]     -1095 [        0 ]        20 [        0 ]    4873 [      0 ]  854192 [    648 ]     152 [      2 ]       789 [        0 ] : dr_timing_opt_phase6
    -386 [   -134 ]    -6333 [   -3102 ]     115 [     24 ]    -154 [      0 ]     -1095 [        0 ]        20 [        0 ]    4873 [      0 ]  853944 [   -248 ]     156 [      4 ]       789 [        0 ] : dr_opt_phase6
    -386 [      0 ]    -6333 [       0 ]     115 [      0 ]    -154 [      0 ]     -1095 [        0 ]        20 [        0 ]    4873 [      0 ]  853944 [      0 ]     156 [      0 ]       789 [        0 ] : multi_try_opt
    -477 [    -91 ]    -6062 [     271 ]     115 [      0 ]       2 [    156 ]         0 [     1095 ]         0 [      -20 ]    4892 [     19 ]  850032 [  -3912 ]      12 [   -144 ]       820 [       31 ] : ECO: dr_initialization
    -477 [      0 ]    -6062 [       0 ]     115 [      0 ]       2 [      0 ]         0 [        0 ]         0 [        0 ]    4892 [      0 ]  850032 [      0 ]      15 [      3 ]       820 [        0 ] : ECO: dr_timing_opt_phase1
    -477 [      0 ]    -6084 [     -22 ]     115 [      0 ]       2 [      0 ]         0 [        0 ]         0 [        0 ]    4892 [      0 ]  850584 [    552 ]      22 [      7 ]       820 [        0 ] : ECO: dr_opt_phase1
    -477 [      0 ]    -6084 [       0 ]     115 [      0 ]       2 [      0 ]         0 [        0 ]         0 [        0 ]    4892 [      0 ]  850584 [      0 ]      22 [      0 ]       820 [        0 ] : ECO: multi_try_opt
    -477 [      0 ]    -6084 [       0 ]     115 [      0 ]       2 [      0 ]         0 [        0 ]         0 [        0 ]    4892 [      0 ]  850584 [      0 ]      26 [      4 ]       832 [       12 ] : ECO: fix_hold_opt

RUN-1002 : start command "start_timer"
RUN-1001 : All hold violations are fixed.
PHY-1001 : Stage 6 | Report Route Qor
RUN-1002 : start command "report_qor -step route -file route.qor"
RUN-1002 : start command "start_timer"
-----------------------------------------------------------
| QoR metrics               |         value               |
-----------------------------------------------------------
| Timing                    |                             |
|     Setup WNS             |         -477                |
|     Setup TNS             |        -6084                |
|     Num of violated S-EP  |          115                |
|     Hold WNS              |            2                |
|     Hold TNS              |            0                |
|     Num of violated H-EP  |            0                |
-----------------------------------------------------------
| Routing Resource          |                             |
|     Wire length           |       850584                |
-----------------------------------------------------------
| Utilization               |                             |
|     #slices               |         4820                |
|     slices percentage     |       49.18%                |
|     #RAMs                 |           23                |
|     #DSPs                 |            0                |
|     #DRAMHARDCON          |            0                |
-----------------------------------------------------------
Report route stage QoR done.

RUN-1003 : finish command "report_qor -step route -file route.qor" in  3.585948s wall, 3.390625s user + 0.062500s system = 3.453125s CPU (96.3%)

RUN-1004 : used memory is 832 MB, reserved memory is 928 MB, peak memory is 832 MB
RUN-1002 : start command "update_timing -mode final"
RUN-1002 : start command "start_timer"
RUN-1003 : finish command "update_timing -mode final" in  3.560168s wall, 3.281250s user + 0.078125s system = 3.359375s CPU (94.4%)

RUN-1004 : used memory is 832 MB, reserved memory is 928 MB, peak memory is 832 MB
RUN-1002 : start command "report_timing_summary -file final_timing.rpt"
OPT-1001 : QoR tracer report on route step:
    SWNS [   incr ]     STNS [    incr ]  S-FEPS [   incr ]    HWNS [   incr ]      HTNS [     incr ]    H-FEPS [     incr ]    CELL [   incr ]      WL [   incr ]   RT(s) [   incr ]   MEM(mb) [     incr ]
   -2800 [      0 ]  -432192 [       0 ]     715 [      0 ]    -154 [      0 ]     -1128 [        0 ]        20 [        0 ]    4873 [      0 ]  829848 [      0 ]      71 [      0 ]       749 [        0 ] : dr_initialization
    -252 [   2548 ]    -3231 [  428961 ]      91 [   -624 ]    -154 [      0 ]     -1109 [       19 ]        20 [        0 ]    4873 [      0 ]  843608 [  13760 ]      96 [     25 ]       751 [        2 ] : dr_timing_opt_phase1
   -2599 [  -2347 ]  -393043 [ -389812 ]     625 [    534 ]    -154 [      0 ]     -1095 [       14 ]        20 [        0 ]    4873 [      0 ]  847352 [   3744 ]     108 [     12 ]       787 [       36 ] : dr_opt_phase1
    -252 [   2347 ]    -3231 [  389812 ]      91 [   -534 ]    -154 [      0 ]     -1095 [        0 ]        20 [        0 ]    4873 [      0 ]  852024 [   4672 ]     118 [     10 ]       787 [        0 ] : dr_timing_opt_phase2
   -1883 [  -1631 ]  -220019 [ -216788 ]     543 [    452 ]    -154 [      0 ]     -1095 [        0 ]        20 [        0 ]    4873 [      0 ]  850080 [  -1944 ]     122 [      4 ]       789 [        2 ] : dr_opt_phase2
    -252 [   1631 ]    -3231 [  216788 ]      91 [   -452 ]    -154 [      0 ]     -1095 [        0 ]        20 [        0 ]    4873 [      0 ]  852496 [   2416 ]     129 [      7 ]       789 [        0 ] : dr_timing_opt_phase3
   -1433 [  -1181 ]  -166193 [ -162962 ]     483 [    392 ]    -154 [      0 ]     -1095 [        0 ]        20 [        0 ]    4873 [      0 ]  851784 [   -712 ]     133 [      4 ]       789 [        0 ] : dr_opt_phase3
    -252 [   1181 ]    -3231 [  162962 ]      91 [   -392 ]    -154 [      0 ]     -1095 [        0 ]        20 [        0 ]    4873 [      0 ]  853064 [   1280 ]     138 [      5 ]       789 [        0 ] : dr_timing_opt_phase4
   -1883 [  -1631 ]  -140001 [ -136770 ]     477 [    386 ]    -154 [      0 ]     -1095 [        0 ]        20 [        0 ]    4873 [      0 ]  853224 [    160 ]     142 [      4 ]       789 [        0 ] : dr_opt_phase4
    -252 [   1631 ]    -3231 [  136770 ]      91 [   -386 ]    -154 [      0 ]     -1095 [        0 ]        20 [        0 ]    4873 [      0 ]  853744 [    520 ]     145 [      3 ]       789 [        0 ] : dr_timing_opt_phase5
    -386 [   -134 ]    -5721 [   -2490 ]     115 [     24 ]    -154 [      0 ]     -1095 [        0 ]        20 [        0 ]    4873 [      0 ]  853544 [   -200 ]     150 [      5 ]       789 [        0 ] : dr_opt_phase5
    -252 [    134 ]    -3231 [    2490 ]      91 [    -24 ]    -154 [      0 ]     -1095 [        0 ]        20 [        0 ]    4873 [      0 ]  854192 [    648 ]     152 [      2 ]       789 [        0 ] : dr_timing_opt_phase6
    -386 [   -134 ]    -6333 [   -3102 ]     115 [     24 ]    -154 [      0 ]     -1095 [        0 ]        20 [        0 ]    4873 [      0 ]  853944 [   -248 ]     156 [      4 ]       789 [        0 ] : dr_opt_phase6
    -386 [      0 ]    -6333 [       0 ]     115 [      0 ]    -154 [      0 ]     -1095 [        0 ]        20 [        0 ]    4873 [      0 ]  853944 [      0 ]     156 [      0 ]       789 [        0 ] : multi_try_opt
    -477 [    -91 ]    -6062 [     271 ]     115 [      0 ]       2 [    156 ]         0 [     1095 ]         0 [      -20 ]    4892 [     19 ]  850032 [  -3912 ]      12 [   -144 ]       820 [       31 ] : ECO: dr_initialization
    -477 [      0 ]    -6062 [       0 ]     115 [      0 ]       2 [      0 ]         0 [        0 ]         0 [        0 ]    4892 [      0 ]  850032 [      0 ]      15 [      3 ]       820 [        0 ] : ECO: dr_timing_opt_phase1
    -477 [      0 ]    -6084 [     -22 ]     115 [      0 ]       2 [      0 ]         0 [        0 ]         0 [        0 ]    4892 [      0 ]  850584 [    552 ]      22 [      7 ]       820 [        0 ] : ECO: dr_opt_phase1
    -477 [      0 ]    -6084 [       0 ]     115 [      0 ]       2 [      0 ]         0 [        0 ]         0 [        0 ]    4892 [      0 ]  850584 [      0 ]      22 [      0 ]       820 [        0 ] : ECO: multi_try_opt
    -477 [      0 ]    -6084 [       0 ]     115 [      0 ]       2 [      0 ]         0 [        0 ]         0 [        0 ]    4892 [      0 ]  850584 [      0 ]      26 [      4 ]       832 [       12 ] : ECO: fix_hold_opt
    -477 [      0 ]    -6084 [       0 ]     115 [      0 ]       2 [      0 ]         0 [        0 ]         0 [        0 ]    4892 [      0 ]  850584 [      0 ]     211 [    185 ]       832 [        0 ] : ECO: fix_hold_opt

PHY-1001 : End Stage 6 | Report Route Qor; Time: 7.274307s wall, 6.796875s user + 0.140625s system = 6.937500s CPU (95.4%); Memory(MB): used = 832, reserved = 928, peak = 832;

PHY-1001 : Stage 7 | Routing DRC
PHY-1001 : Start multi-drive drc check......
PHY-1001 : No multi-drive.
PHY-1001 : Stage 7.1 | Clock Net Status Check
PHY-1001 : All clock nets do not utilize local routing resource.
PHY-1001 : End Stage 7.1 | Clock Net Status Check; Time: 0.003176s wall, 0.015625s user + 0.000000s system = 0.015625s CPU (492.0%); Memory(MB): used = 832, reserved = 928, peak = 832;

PHY-1001 : Stage 7.2 | Abnormal Timing Path check
PHY-1001 : No abnormal timing path.
PHY-1001 : End Stage 7.2 | Abnormal Timing Path check; Time: 0.241327s wall, 0.218750s user + 0.015625s system = 0.234375s CPU (97.1%); Memory(MB): used = 832, reserved = 928, peak = 832;

PHY-1001 : End Stage 7 | Routing DRC; Time: 0.349912s wall, 0.312500s user + 0.031250s system = 0.343750s CPU (98.2%); Memory(MB): used = 832, reserved = 928, peak = 832;

RUN-1003 : finish command "route" in  219.319713s wall, 229.484375s user + 8.796875s system = 238.281250s CPU (108.6%)

RUN-1004 : used memory is 832 MB, reserved memory is 928 MB, peak memory is 832 MB
RUN-1002 : start command "report_area -io_info -file UDP_EXAMPLE_phy.area"
RUN-1001 : standard
***Report Model: UDP_Example_Top Device: EG4S20BG256***

IO Statistics
#IO                        37   out of    188   19.68%
  #input                   11
  #output                  26
  #inout                    0
#virtual IO                 1
  #input                    0
  #output                   0
  #inout                    0

Utilization Statistics
#lut                     5760   out of  19600   29.39%
#reg                     7148   out of  19600   36.47%
#le                      8627
  #lut only              1479   out of   8627   17.14%
  #reg only              2867   out of   8627   33.23%
  #lut&reg               4281   out of   8627   49.62%
#bram                      23   out of     64   35.94%
  #bram9k                  23
  #fifo9k                   0
#bram32k                    0   out of     16    0.00%
#dsp                        0   out of     29    0.00%
#pad                       37   out of    188   19.68%
  #ireg                     8
  #oreg                    26
  #treg                     0
#pll                        1   out of      4   25.00%
#gclk                       3   out of     16   18.75%


DataNet Average Fanout:

   Index     Fanout     Nets  
    #1          1       6343  
    #2          2       1535  
    #3          3       850   
    #4          4       362   
    #5        5-10      614   
    #6        11-50     313   
    #7       51-100      33   
    #8       101-500     5    
  Average     2.77            

RUN-1002 : start command "update_timing -mode final"
RUN-1002 : start command "start_timer"
RUN-1003 : finish command "start_timer" in  1.013873s wall, 0.859375s user + 0.015625s system = 0.875000s CPU (86.3%)

RUN-1004 : used memory is 832 MB, reserved memory is 928 MB, peak memory is 832 MB
RUN-1003 : finish command "update_timing -mode final" in  3.660347s wall, 3.281250s user + 0.125000s system = 3.406250s CPU (93.1%)

RUN-1004 : used memory is 832 MB, reserved memory is 928 MB, peak memory is 832 MB
RUN-1002 : start command "report_timing_status -file UDP_EXAMPLE_phy.ts"
RUN-1002 : start command "report_timing_summary -file UDP_EXAMPLE_pr.timing"
RUN-1002 : start command "report_timing_exception -file UDP_EXAMPLE_exception.timing"
RUN-1002 : start command "flow_status -file route_flow.status"
Location         : D:\Anlu\double_fpga_udp\tx\lab_ex_1_ethernet_led\UDP_EG4_6.2\prj\UDP_EXAMPLE\UDP_EXAMPLE_Runs\phy_1
Running with     : Tang Dynasty v6.2.168116
                   Copyright (c) 2012-2025 Anlogic Inc.
Top Model        : UDP_Example_Top
Device           : EG4S20BG256
Speed            : NA

Timing Mode      : final
Setup            : WNS  -477ps  TNS    -6084ps  NUM_FEPS   115
Hold             : WNS     2ps  TNS        0ps  NUM_FEPS     0

Flow Statistics  :
RUN-1001 : Flow Statistics:
RUN-1001 : ---------------------------------------------------------------------------------------------------
RUN-1001 :      command     |  #calls  |  wall time   |  cpu time(s)  |  used memory(mb)  |  peak memory(mb)  
RUN-1001 : ---------------------------------------------------------------------------------------------------
RUN-1001 :       route      |    2     |  4m9s(73%)   |   266(71%)    |        832        |        832        
RUN-1001 :       place      |    2     |  1m30s(26%)  |   107(28%)    |        819        |        819        
RUN-1001 :     import_db    |    4     |    0s(0%)    |     0(0%)     |        289        |        289        
RUN-1001 :   import_device  |    1     |    0s(0%)    |     0(0%)     |        84         |        84         
RUN-1001 :       pack       |    1     |    0s(0%)    |     0(0%)     |        290        |        290        
RUN-1001 : ---------------------------------------------------------------------------------------------------
RUN-1001 :       total      |    10    |    5m39s     |      373      |        832        |        832        
RUN-1001 : ---------------------------------------------------------------------------------------------------
RUN-1002 : start command "report_clock_utilization -file route_clock_utilization.txt"
RUN-1001 : Device not support command report_clock_utilization.
RUN-1002 : start command "export_db UDP_EXAMPLE_pr.db"
RUN-1001 : Exported flow parameters
RUN-1001 : Exported /
RUN-1001 : Exported libs
RUN-1001 : Exported entities
RUN-1001 : Exported ports
RUN-1001 : Exported pins
RUN-1001 : Exported instances
RUN-1001 : Exported nets
RUN-1001 : Exported buses
RUN-1001 : Exported models
RUN-1001 : Exported phy database
RUN-1001 : Exported packer
RUN-1001 : Exported congestions
RUN-1001 : Exported violations
RUN-1001 : Exported ATMR Setting
RUN-1001 : Exported timing constraints
RUN-1001 : Exported IO constraints
RUN-1001 : Exported Inst constraints
RUN-1001 : Exported ChipWatcher
RUN-1002 : start command "commit_param -step bitgen"
RUN-1001 : Print Global Property
RUN-1001 : --------------------------------------------------------
RUN-1001 :   Parameters   |  Settings  |  Default Values  |  Note  
RUN-1001 : --------------------------------------------------------
RUN-1001 :   enable_seed  |    off     |       off        |        
RUN-1001 :     message    |  standard  |     standard     |        
RUN-1001 :   qor_monitor  |     on     |        on        |        
RUN-1001 :   syn_ip_flow  |    off     |       off        |        
RUN-1001 :     thread     |    auto    |       auto       |        
RUN-1001 : --------------------------------------------------------
RUN-1001 : Print Bitgen Property
RUN-1001 : -------------------------------------------------------------
RUN-1001 :      Parameters     |  Settings  |  Default Values  |  Note  
RUN-1001 : -------------------------------------------------------------
RUN-1001 :         bin         |    off     |       off        |        
RUN-1001 :       gen_mask      |    off     |       off        |        
RUN-1001 :      time_info      |     on     |        on        |        
RUN-1001 :   unused_io_status  |   pullup   |      pullup      |        
RUN-1001 :       version       |    0x00    |       0x00       |        
RUN-1001 : -------------------------------------------------------------
RUN-1002 : start command "bitgen -bit UDP_EXAMPLE.bit"
RUN-1002 : start command "export_bid UDP_EXAMPLE_inst.bid"
BIT-1003 : Start to generate bitstream. 
BIT-1002 : Init instances with 16 threads.
BIT-1002 : Init instances completely, inst num: 4885
BIT-1002 : Init pips with 16 threads.
BIT-1002 : Init pips completely, net num: 9640, pip num: 87307
BIT-1002 : Init feedthrough with 16 threads.
BIT-1002 : Init feedthrough completely, num: 230
BIT-1003 : Multithreading accelaration with 16 threads.
BIT-1003 : Generate bitstream completely, there are 234855 bits set as '1'.
BIT-1004 : PLL setting string = 0001
BIT-1004 : Generate bits file UDP_EXAMPLE.bit.
RUN-1003 : finish command "bitgen -bit UDP_EXAMPLE.bit" in  7.615774s wall, 34.234375s user + 1.500000s system = 35.734375s CPU (469.2%)

RUN-1004 : used memory is 841 MB, reserved memory is 929 MB, peak memory is 841 MB
RUN-1002 : start command "setup_debugger ../../chip_debugger"
KIT-1004 : Update chipwatcher trigger condition
KIT-1004 : Generate chipwatcher configuration file: cw/compiled.cwc
KIT-1004 : Generate chipwatcher bit file: cw/compiled.bit
RUN-1002 : start command "export_bitgen_param -file .bitgen_param.f"
RUN-1002 : start command "export_flow_status -s opt_place -e bitgen"
RUN-1002 : start command "flow_status"

Location         : D:\Anlu\double_fpga_udp\tx\lab_ex_1_ethernet_led\UDP_EG4_6.2\prj\UDP_EXAMPLE\UDP_EXAMPLE_Runs\phy_1
Running with     : Tang Dynasty v6.2.168116
                   Copyright (c) 2012-2025 Anlogic Inc.
Top Model        : UDP_Example_Top
Device           : EG4S20BG256
Speed            : NA

Timing Mode      : final
Setup            : WNS  -477ps  TNS    -6084ps  NUM_FEPS   115
Hold             : WNS     2ps  TNS        0ps  NUM_FEPS     0

RUN-1001 : Flow Statistics:
RUN-1001 : ---------------------------------------------------------------------------------------------------
RUN-1001 :      command     |  #calls  |  wall time   |  cpu time(s)  |  used memory(mb)  |  peak memory(mb)  
RUN-1001 : ---------------------------------------------------------------------------------------------------
RUN-1001 :       route      |    2     |  4m9s(71%)   |   266(65%)    |        832        |        832        
RUN-1001 :       place      |    2     |  1m30s(26%)  |   107(26%)    |        819        |        819        
RUN-1001 :      bitgen      |    1     |    7s(2%)    |    35(8%)     |        841        |        841        
RUN-1001 :     import_db    |    4     |    0s(0%)    |     0(0%)     |        289        |        289        
RUN-1001 :   import_device  |    1     |    0s(0%)    |     0(0%)     |        84         |        84         
RUN-1001 :       pack       |    1     |    0s(0%)    |     0(0%)     |        290        |        290        
RUN-1001 : ---------------------------------------------------------------------------------------------------
RUN-1001 :       total      |    11    |    5m46s     |      408      |        841        |        841        
RUN-1001 : ---------------------------------------------------------------------------------------------------
