============================================================
   Tang Dynasty, V6.2.168116
   Copyright (c) 2012-2025 Anlogic Inc.
   Executable = D:/Anlogic/TD_6.2.1_Engineer_6.2.168.116/bin/run.exe
   Built at =   16:32:07 Jun 12 2025
   Run by =     Neko
   Run Date =   Tue Nov  4 22:47:40 2025

   Run on =     NEKO_DESKTOP
============================================================
RUN-1002 : start command "import_device eagle_s20.db -package EG4S20BG256"
RUN-1001 : Using default speed grade: NA
ARC-1001 : Device Initialization.
ARC-1001 : ------------------------------------------------------------------
ARC-1001 :            OPTION            |          IO          |   SETTING   
ARC-1001 : ------------------------------------------------------------------
ARC-1001 :   cso_b/cclk/mosi/miso/dout  |  T3/R11/T10/P10/S11  |    gpio    
ARC-1001 :             done             |         P13          |    gpio    
ARC-1001 :           program_b          |          T2          |  dedicate  
ARC-1001 :        tdi/tms/tck/tdo       |   C12/A15/C14/E14    |  dedicate  
ARC-1001 : ------------------------------------------------------------------
ARC-1004 : Device setting, marked 5 dedicate IOs in total.
RUN-1002 : start command "open_project UDP_EXAMPLE.prj -noanalyze"
RUN-1002 : start command "import_db ../syn_1/UDP_EXAMPLE_gate.db"
RUN-1001 : Importing database generated by Tang Dynasty, V6.2.168116.
RUN-1001 : Database version number 46207
RUN-1001 : Import flow parameters
RUN-1001 : Import netlist
RUN-1001 : Import timing constraints
RUN-1001 : Import IO constraints
RUN-1001 : Import Inst constraints
RUN-1001 : Import ChipWatcher
RUN-1001 : Import design success TD_VERSION=6.2.168116 , DB_VERSION=46207
RUN-1002 : start command "commit_param -step place"
RUN-1001 : Print Global Property
RUN-1001 : --------------------------------------------------------
RUN-1001 :   Parameters   |  Settings  |  Default Values  |  Note  
RUN-1001 : --------------------------------------------------------
RUN-1001 :   enable_seed  |    off     |       off        |        
RUN-1001 :     message    |  standard  |     standard     |        
RUN-1001 :   qor_monitor  |     on     |        on        |        
RUN-1001 :   syn_ip_flow  |    off     |       off        |        
RUN-1001 :     thread     |    auto    |       auto       |        
RUN-1001 : --------------------------------------------------------
RUN-1002 : start command "set_param place effort high"
RUN-1002 : start command "set_param place hfn_opt_effort high"
RUN-1002 : start command "set_param place opt_timing high"
RUN-1001 : Print Place Property
RUN-1001 : -----------------------------------------------------------
RUN-1001 :     Parameters    |  Settings  |  Default Values  |  Note  
RUN-1001 : -----------------------------------------------------------
RUN-1001 :       effort      |    high    |      medium      |   *    
RUN-1001 :   hfn_opt_effort  |    high    |      medium      |   *    
RUN-1001 :     max_fanout    |   999999   |      999999      |        
RUN-1001 :     opt_timing    |    high    |      medium      |   *    
RUN-1001 :   post_place_opt  |    auto    |       auto       |        
RUN-1001 :    pr_strategy    |     1      |        1         |        
RUN-1001 :     relaxation    |    1.00    |       1.00       |        
RUN-1001 : -----------------------------------------------------------
RUN-1002 : start command "insert_debugger ../../chip_debugger"
RUN-1002 : start command "config_chipwatcher ../../chip_debugger/user.cfg"
RUN-1002 : start command "update_timing"
RUN-1002 : start command "start_timer"
USR-1002 : Derived clock:  create_generated_clock -name {u_clk_gen/u_pll_0/pll_inst.clkc[0]} -source [get_ports {clk_50}] -master_clock {clk_in} -multiply_by 2.5000 -duty_cycle 50.0000 [get_pins {u_clk_gen/u_pll_0/pll_inst.clkc[0]}]
USR-1002 : Derived clock:  create_generated_clock -name {u_clk_gen/u_pll_0/pll_inst.clkc[1]} -source [get_ports {clk_50}] -master_clock {clk_in} -multiply_by 2.5000 -duty_cycle 50.0000 [get_pins {u_clk_gen/u_pll_0/pll_inst.clkc[1]}]
USR-1002 : Derived clock:  create_generated_clock -name {u_clk_gen/u_pll_0/pll_inst.clkc[4]} -source [get_ports {clk_50}] -master_clock {clk_in} -multiply_by 2.5000 -phase 90 -duty_cycle 50.0000 [get_pins {u_clk_gen/u_pll_0/pll_inst.clkc[4]}]
USR-1002 : Derived clock:  create_generated_clock -name {u_pll_50/pll_inst.clkc[0]} -source [get_ports {clk_50}] -master_clock {clk_in} -multiply_by 1.0000 -duty_cycle 50.0000 [get_pins {u_pll_50/pll_inst.clkc[0]}]
USR-1002 : Derived clock:  create_generated_clock -name {u_pll_50/pll_inst.clkc[1]} -source [get_ports {clk_50}] -master_clock {clk_in} -multiply_by 1.0000 -phase 180 -duty_cycle 50.0000 [get_pins {u_pll_50/pll_inst.clkc[1]}]
USR-1002 : Derived clock:  create_generated_clock -name {u_pll_50/pll_inst.clkc[2]} -source [get_ports {clk_50}] -master_clock {clk_in} -multiply_by 5.0000 -duty_cycle 50.0000 [get_pins {u_pll_50/pll_inst.clkc[2]}]
USR-1002 : Derived clock:  create_generated_clock -name {u_rx_pll/pll_inst.clkc[0]} -source [get_ports {phy1_rgmii_rx_clk}] -master_clock {phy1_rgmii_rx_clk} -multiply_by 1.0000 -duty_cycle 50.0000 [get_pins {u_rx_pll/pll_inst.clkc[0]}]
USR-1002 : Derived clock:  create_generated_clock -name {u_rx_pll/pll_inst.clkc[1]} -source [get_ports {phy1_rgmii_rx_clk}] -master_clock {phy1_rgmii_rx_clk} -multiply_by 1.0000 -duty_cycle 50.0000 [get_pins {u_rx_pll/pll_inst.clkc[1]}]
USR-1002 : Derived clock:  create_generated_clock -name {u_rx_pll/pll_inst.clkc[2]} -source [get_ports {phy1_rgmii_rx_clk}] -master_clock {phy1_rgmii_rx_clk} -multiply_by 2.0000 -duty_cycle 50.0000 [get_pins {u_rx_pll/pll_inst.clkc[2]}]
USR-1002 : Derived clock:  create_generated_clock -name {t3_sdram/u0_clk/pll_inst.clkc[0]} -source [get_pins {u_pll_50/pll_inst.clkc[0]}] -master_clock {u_pll_50/pll_inst.clkc[0]} -divide_by 4.0000 -duty_cycle 50.0000 [get_pins {t3_sdram/u0_clk/pll_inst.clkc[0]}]
USR-1002 : Derived clock:  create_generated_clock -name {t3_sdram/u0_clk/pll_inst.clkc[1]} -source [get_pins {u_pll_50/pll_inst.clkc[0]}] -master_clock {u_pll_50/pll_inst.clkc[0]} -multiply_by 2.5000 -duty_cycle 50.0000 [get_pins {t3_sdram/u0_clk/pll_inst.clkc[1]}]
USR-1002 : Derived clock:  create_generated_clock -name {t3_sdram/u0_clk/pll_inst.clkc[2]} -source [get_pins {u_pll_50/pll_inst.clkc[0]}] -master_clock {u_pll_50/pll_inst.clkc[0]} -multiply_by 2.5000 -phase 180 -duty_cycle 50.0000 [get_pins {t3_sdram/u0_clk/pll_inst.clkc[2]}]
8.000000
USR-8130 CRITICAL-WARNING: No clock match the pattern: u_clk_gen/u_pll_0/pll_inst.clkc\[3\].
USR-8124 CRITICAL-WARNING: Rename_clock: please specify object list.
USR-8159 CRITICAL-WARNING: Command rename_clock -name {pll_inst_25M} [get_clocks {u_clk_gen/u_pll_0/pll_inst.clkc[3]}] in C:/Users/Neko/Documents/FPGA/github_anlu/2025-Anlogic/video640 19fps/UDP_EG4_6.2/source_code/constraints/UDP.sdc(8) fails.
RUN-1003 : finish command "start_timer" in  1.154343s wall, 1.140625s user + 0.015625s system = 1.156250s CPU (100.2%)

RUN-1004 : used memory is 258 MB, reserved memory is 252 MB, peak memory is 258 MB
TMR-2502 : Net delay update with mode: Synthesized
RUN-1003 : finish command "update_timing" in  1.757477s wall, 1.718750s user + 0.046875s system = 1.765625s CPU (100.5%)

RUN-1004 : used memory is 351 MB, reserved memory is 344 MB, peak memory is 351 MB
KIT-5618 CRITICAL-WARNING: the bus debug_app_rx_data[7:0] is invalid in chipwatcher, ignored.
KIT-5603 WARNING: Net debug_app_rx_data_valid is invalid in chipwatcher, ignored.
KIT-5618 CRITICAL-WARNING: the bus debug_app_tx_data[7:0] is invalid in chipwatcher, ignored.
KIT-5603 WARNING: Net debug_app_tx_data_valid is invalid in chipwatcher, ignored.
KIT-5618 CRITICAL-WARNING: the bus debug_rx_data[7:0] is invalid in chipwatcher, ignored.
KIT-5603 WARNING: Net debug_rx_valid is invalid in chipwatcher, ignored.
KIT-5618 CRITICAL-WARNING: the bus debug_temac_rx_data[7:0] is invalid in chipwatcher, ignored.
KIT-5603 WARNING: Net debug_temac_rx_valid is invalid in chipwatcher, ignored.
KIT-5618 CRITICAL-WARNING: the bus debug_temac_tx_data[7:0] is invalid in chipwatcher, ignored.
KIT-5603 WARNING: Net debug_temac_tx_valid is invalid in chipwatcher, ignored.
KIT-5618 CRITICAL-WARNING: the bus debug_tx_data[7:0] is invalid in chipwatcher, ignored.
KIT-5603 WARNING: Net debug_tx_valid is invalid in chipwatcher, ignored.
KIT-1004 : chipwatcher: sanity check successfully
KIT-1004 : Chipwatcher code = 1001000110001111
KIT-1004 : import watcher inst auto_created_cwc1 completed, there are 7 view node(s), 21 trigger net(s), 21 data net(s).
RUN-1003 : finish command "config_chipwatcher ../../chip_debugger/user.cfg" in  1.758451s wall, 1.718750s user + 0.046875s system = 1.765625s CPU (100.4%)

RUN-1004 : used memory is 351 MB, reserved memory is 344 MB, peak memory is 351 MB
RUN-1002 : start command "compile_watcher"
KIT-1004 : Ooc flow for module top_debug_hub is running...
RUN-1002 : start command "import_db -mode ooc cw/debug_hub/top_debug_hub_ooc.db"
USR-1600 : Load OOC design OOC Model: top_debug_hub .
RUN-1001 : Import OOC design success TD_VERSION=6.2.168116 , DB_VERSION=46207
KIT-1004 : Ooc flow for module auto_created_cwc1 is running...
RUN-1002 : start command "import_db -mode ooc cw/auto_created_cwc1/auto_created_cwc1_ooc.db"
USR-1600 : Load OOC design OOC Model: auto_created_cwc1 .
RUN-1001 : Import OOC design success TD_VERSION=6.2.168116 , DB_VERSION=46207
RUN-1003 : finish command "compile_watcher" in  2.430860s wall, 0.593750s user + 0.031250s system = 0.625000s CPU (25.7%)

RUN-1004 : used memory is 369 MB, reserved memory is 385 MB, peak memory is 369 MB
RUN-1002 : start command "pack -eco"
SYN-4002 : Packing 0 DFF/LATCH to SEQ ...
RUN-1002 : start command "legalize_phy_inst"
SYN-1001 : Stage 1 | Legalize Phy Inst
SYN-1011 : Flatten model UDP_Example_Top
SYN-1001 : End Stage 1 | Legalize Phy Inst; Time: 0.026159s wall, 0.015625s user + 0.000000s system = 0.015625s CPU (59.7%); Memory(MB): used = 369, reserved = 385, peak = 369;

RUN-1003 : finish command "insert_debugger ../../chip_debugger" in  4.222817s wall, 2.343750s user + 0.078125s system = 2.421875s CPU (57.4%)

RUN-1004 : used memory is 369 MB, reserved memory is 385 MB, peak memory is 369 MB
RUN-1002 : start command "place"
RUN-1001 : Open license file D:/Anlogic/TD_6.2.1_Engineer_6.2.168.116/license/Anlogic.lic
PHY-3001 : Placer runs in 12 thread(s) with high effort.
PHY-1001 : Stage 1 | Initialize Design
PHY-1001 : Stage 1.1 | Build Design
PHY-1001 : 9260 luts, 7996 seqs, 255 mslices, 130 lslices, 89 pads, 31 brams, 1 dsps
RUN-1002 : start command "legalize_phy_inst"
SYN-1011 : Flatten model UDP_Example_Top
PHY-1001 : Remove keep and sweep redundant instances ...
PHY-1001 : 9165 luts, 7847 seqs, 239 mslices, 114 lslices, 89 pads, 31 brams, 1 dsps
PHY-1001 : End Stage 1.1 | Build Design; Time: 0.056423s wall, 0.046875s user + 0.000000s system = 0.046875s CPU (83.1%); Memory(MB): used = 369, reserved = 385, peak = 369;

PHY-1001 : Stage 1.2 | Optimize Design
OPT-1001 : Stage 1.2.1 | Simplify Lut
OPT-1001 : End Stage 1.2.1 | Simplify Lut; Time: 0.019504s wall, 0.031250s user + 0.000000s system = 0.031250s CPU (160.2%); Memory(MB): used = 369, reserved = 385, peak = 369;

OPT-1001 : Stage 1.2.2 | Sweep
OPT-1001 : End Stage 1.2.2 | Sweep; Time: 0.006356s wall, 0.000000s user + 0.000000s system = 0.000000s CPU (n/a%); Memory(MB): used = 369, reserved = 385, peak = 369;

OPT-1001 : Stage 1.2.3 | Synthesize High-fanout Net
OPT-1001 : Current memory(MB): used = 369, reserved = 385, peak = 369.
OPT-1001 : End Stage 1.2.3 | Synthesize High-fanout Net; Time: 0.000028s wall, 0.000000s user + 0.000000s system = 0.000000s CPU (n/a%); Memory(MB): used = 369, reserved = 385, peak = 369;

OPT-1001 : End physical optimization;  0.026042s wall, 0.031250s user + 0.000000s system = 0.031250s CPU (120.0%)

PHY-1001 : End Stage 1.2 | Optimize Design; Time: 0.026084s wall, 0.031250s user + 0.000000s system = 0.031250s CPU (119.8%); Memory(MB): used = 369, reserved = 385, peak = 369;

PHY-1001 : Stage 1.3 | Initialize Clock
SYN-4016 : Net t3_sdram/u0_clk/clk0_out driven by BUFG (0 clock/control pins, 1 other pins).
SYN-4016 : Net u4_trimac_block/rx_clk driven by BUFG (370 clock/control pins, 0 other pins).
SYN-4016 : Net temac_clk driven by BUFG (0 clock/control pins, 1 other pins).
SYN-4016 : Net u_ov5640_dri/u_i2c_dr/clk driven by BUFG (11 clock/control pins, 2 other pins).
SYN-4016 : Net u_rx_pll/clk0_out driven by BUFG (0 clock/control pins, 1 other pins).
SYN-4027 : Net t3_sdram/u1_app_wrrd/clk is clkc1 of pll t3_sdram/u0_clk/pll_inst.
SYN-4027 : Net t3_sdram/u2_ram/SDRAM_CLK is clkc2 of pll t3_sdram/u0_clk/pll_inst.
SYN-4019 : Net u_ov5640_dri/u_i2c_dr/clk is refclk of pll t3_sdram/u0_clk/pll_inst.
SYN-4020 : Net u_ov5640_dri/u_i2c_dr/clk is fbclk of pll t3_sdram/u0_clk/pll_inst.
SYN-4027 : Net udp_clk is clkc1 of pll u_clk_gen/u_pll_0/pll_inst.
SYN-4027 : Net temac_clk90 is clkc4 of pll u_clk_gen/u_pll_0/pll_inst.
SYN-4019 : Net clk_50_dup_1 is refclk of pll u_clk_gen/u_pll_0/pll_inst.
SYN-4020 : Net clk_50_dup_1 is fbclk of pll u_clk_gen/u_pll_0/pll_inst.
SYN-4019 : Net clk_50_dup_1 is refclk of pll u_pll_50/pll_inst.
SYN-4020 : Net clk_50_dup_1 is fbclk of pll u_pll_50/pll_inst.
SYN-4019 : Net auto_created_cwc1/wrapper_cwc_top/U_cwc_ram/clka is refclk of pll u_rx_pll/pll_inst.
SYN-4020 : Net auto_created_cwc1/wrapper_cwc_top/U_cwc_ram/clka is fbclk of pll u_rx_pll/pll_inst.
SYN-4024 : Net "cwc_jtck" drives clk pins.
SYN-4024 : Net "t3_sdram/u1_app_wrrd/u_wr_fifo_sdr_data/clkw" drives clk pins.
SYN-4024 : Net "u_ov5640_dri/u_i2c_dr/dri_clk" drives clk pins.
SYN-4025 : Tag rtl::Net auto_created_cwc1/wrapper_cwc_top/U_cwc_ram/clka as clock net
SYN-4025 : Tag rtl::Net clk_50_dup_1 as clock net
SYN-4025 : Tag rtl::Net cwc_jtck as clock net
SYN-4025 : Tag rtl::Net t3_sdram/u0_clk/clk0_out as clock net
SYN-4025 : Tag rtl::Net t3_sdram/u1_app_wrrd/clk as clock net
SYN-4025 : Tag rtl::Net t3_sdram/u1_app_wrrd/u_wr_fifo_sdr_data/clkw as clock net
SYN-4025 : Tag rtl::Net t3_sdram/u2_ram/SDRAM_CLK as clock net
SYN-4025 : Tag rtl::Net temac_clk as clock net
SYN-4025 : Tag rtl::Net temac_clk90 as clock net
SYN-4025 : Tag rtl::Net u4_trimac_block/rx_clk as clock net
SYN-4025 : Tag rtl::Net u_ov5640_dri/u_i2c_dr/clk as clock net
SYN-4025 : Tag rtl::Net u_ov5640_dri/u_i2c_dr/dri_clk as clock net
SYN-4025 : Tag rtl::Net u_rx_pll/clk0_out as clock net
SYN-4025 : Tag rtl::Net udp_clk as clock net
SYN-4026 : Tagged 14 rtl::Net as clock net
SYN-4015 : Create BUFG instance for clk Net cwc_jtck to drive 389 clock pins.
SYN-4015 : Create BUFG instance for clk Net t3_sdram/u1_app_wrrd/u_wr_fifo_sdr_data/clkw to drive 136 clock pins.
SYN-4015 : Create BUFG instance for clk Net u_ov5640_dri/u_i2c_dr/dri_clk to drive 65 clock pins.
PHY-1001 : Populate physical database on model UDP_Example_Top.
RUN-1001 : There are total 17503 instances
RUN-0007 : 9163 luts, 7847 seqs, 239 mslices, 114 lslices, 89 pads, 31 brams, 1 dsps
RUN-1001 : There are total 18395 nets
RUN-1001 : 12094 nets have 2 pins
RUN-1001 : 5301 nets have [3 - 5] pins
RUN-1001 : 557 nets have [6 - 10] pins
RUN-1001 : 191 nets have [11 - 20] pins
RUN-1001 : 221 nets have [21 - 99] pins
RUN-1001 : 31 nets have 100+ pins
PHY-1001 : End Stage 1.3 | Initialize Clock; Time: 0.028552s wall, 0.031250s user + 0.000000s system = 0.031250s CPU (109.4%); Memory(MB): used = 387, reserved = 385, peak = 387;

PHY-1001 : End Stage 1 | Initialize Design; Time: 0.123965s wall, 0.125000s user + 0.000000s system = 0.125000s CPU (100.8%); Memory(MB): used = 387, reserved = 385, peak = 387;

PHY-1001 : Stage 2 | Global Placement
RUN-1001 : Report Control nets information:
RUN-1001 : DFF Distribution
RUN-1001 : -------------------------------------
RUN-1001 :   CE   |  SSR  |  ASR  |  DFF Count  
RUN-1001 : -------------------------------------
RUN-1001 :   No   |  No   |  No   |     876     
RUN-1001 :   No   |  No   |  Yes  |    3677     
RUN-1001 :   No   |  Yes  |  No   |     81      
RUN-1001 :   Yes  |  No   |  No   |     204     
RUN-1001 :   Yes  |  No   |  Yes  |    2538     
RUN-1001 :   Yes  |  Yes  |  No   |     471     
RUN-1001 : -------------------------------------
RUN-1001 : Control Group Statistic
RUN-1001 : -----------------------------
RUN-1001 :   #CLK  |  #CE  |  #SSR/ASR  
RUN-1001 : -----------------------------
RUN-1001 :    9    |  147  |     22     
RUN-1001 : -----------------------------
RUN-0007 : Control Set = 177
PHY-1001 : Stage 2.1 | Place Fixed Instances
PHY-1001 : End Stage 2.1 | Place Fixed Instances; Time: 0.050789s wall, 0.046875s user + 0.000000s system = 0.046875s CPU (92.3%); Memory(MB): used = 394, reserved = 385, peak = 394;

PHY-1001 : Stage 2.2 | Pre-Place DRC Check
PHY-1001 : Stage 2.2.1 | Force Route Constraint Check
PHY-1001 : Check Pass.
PHY-1001 : End Stage 2.2.1 | Force Route Constraint Check; Time: 0.000740s wall, 0.000000s user + 0.000000s system = 0.000000s CPU (n/a%); Memory(MB): used = 394, reserved = 385, peak = 394;

PHY-1001 : End Stage 2.2 | Pre-Place DRC Check; Time: 0.000761s wall, 0.000000s user + 0.000000s system = 0.000000s CPU (n/a%); Memory(MB): used = 394, reserved = 385, peak = 394;

PHY-1001 : Stage 2.3 | Global Placement Step 1
PHY-3001 : Target density is 50%
PHY-1001 : Stage 2.3.1 | Update Timing
RUN-1002 : start command "start_timer"
PHY-1001 : SWNS: -5311, STNS: -2072277, FEP: 2687
PHY-1001 : End Stage 2.3.1 | Update Timing; Time: 1.140961s wall, 1.140625s user + 0.000000s system = 1.140625s CPU (100.0%); Memory(MB): used = 429, reserved = 420, peak = 429;

PHY-0007 : Cell area utilization is 50%
RUN-1001 : Huge Net Statistic
RUN-1001 : ---------------------------------------------
RUN-1001 :   Fanout  |  Slack  |          Net           
RUN-1001 : ---------------------------------------------
RUN-1001 :    2819   |  -2046  |         rst_n          
RUN-1001 :    2761   |  1221   |  u7_rx_fifo/wr_sreset  
RUN-1001 : ---------------------------------------------
PHY-3001 : Clustering ...
PHY-3001 : End clustering;  0.051940s wall, 0.046875s user + 0.000000s system = 0.046875s CPU (90.2%)

PHY-3001 : Target density is 50%
PHY-1001 : Stage 2.3.2 | GP Iteration
PHY-1001 : End Stage 2.3.2 | GP Iteration; Time: 0.493527s wall, 1.468750s user + 1.187500s system = 2.656250s CPU (538.2%); Memory(MB): used = 434, reserved = 425, peak = 434;

PHY-3001 : Multithread accelerating rate: 4.89
TMR-2502 : Net delay update with mode: Placed
PHY-3001 : No need to merge 9x9 Dsps.
PHY-1001 : Populate physical database on model UDP_Example_Top.
PHY-1001 : End Stage 2.3 | Global Placement Step 1; Time: 2.557885s wall, 3.484375s user + 1.203125s system = 4.687500s CPU (183.3%); Memory(MB): used = 437, reserved = 427, peak = 437;

PHY-1001 : Stage 2.4 | RAM/DSP Legalization and Detailed Placement
PHY-1001 : Stage 2.4.1 | Legalization
PHY-3001 : Before Legalized: Len = 340433
PHY-3001 : After Legalized: Len = 354876, Over = 63.125
PHY-1001 : End Stage 2.4.1 | Legalization; Time: 0.798607s wall, 0.796875s user + 0.000000s system = 0.796875s CPU (99.8%); Memory(MB): used = 437, reserved = 427, peak = 437;

PHY-1001 : End Stage 2.4 | RAM/DSP Legalization and Detailed Placement; Time: 0.798817s wall, 0.796875s user + 0.000000s system = 0.796875s CPU (99.8%); Memory(MB): used = 437, reserved = 427, peak = 437;

PHY-1001 : Stage 2.5 | Global Placement Step 2
PHY-3001 : Target density is 57%
PHY-1001 : Stage 2.5.1 | Update Timing
PHY-1001 : SWNS: -7643, STNS: -475647, FEP: 550
PHY-1001 : End Stage 2.5.1 | Update Timing; Time: 0.069724s wall, 0.078125s user + 0.000000s system = 0.078125s CPU (112.0%); Memory(MB): used = 437, reserved = 427, peak = 437;

PHY-1001 : Stage 2.5.2 | Refresh Congestion
RUN-1001 : Generating global routing grids ...
RUN-1001 : Building simple global routing graph ...
PHY-1001 : Generate routing nets ...
PHY-1001 : Reuse net number 0/5452.
PHY-1001 : Global iterations in 12 thread ...
PHY-1002 : len = 457760, over cnt = 1290(3%), over = 6967, worst = 48
PHY-1001 : End global iterations;  0.268209s wall, 0.390625s user + 0.031250s system = 0.421875s CPU (157.3%)

PHY-1001 : Congestion index:
PHY-1001 : top1  = 76.81(S 127.22, N 151.62, E 110.78, W 86.72, I 0.00, O 0.00)
PHY-1001 : top5  = 58.04(S 85.86, N 100.06, E 76.46, W 57.91, I 0.00, O 0.00)
PHY-1001 : top10 = 48.18(S 67.08, N 77.65, E 59.66, W 45.76, I 0.00, O 0.00)
PHY-1001 : top15 = 42.42(S 55.62, N 64.71, E 50.12, W 38.71, I 0.00, O 0.00)
PHY-1001 : End Stage 2.5.2 | Refresh Congestion; Time: 0.344223s wall, 0.468750s user + 0.031250s system = 0.500000s CPU (145.3%); Memory(MB): used = 476, reserved = 467, peak = 476;

PHY-1001 : Stage 2.5.3 | GP Iteration
PHY-1001 : End Stage 2.5.3 | GP Iteration; Time: 1.024784s wall, 5.359375s user + 0.265625s system = 5.625000s CPU (548.9%); Memory(MB): used = 477, reserved = 468, peak = 477;

PHY-3001 : Multithread accelerating rate: 5.47
PHY-1001 : End Stage 2.5 | Global Placement Step 2; Time: 2.260649s wall, 6.718750s user + 0.312500s system = 7.031250s CPU (311.0%); Memory(MB): used = 479, reserved = 470, peak = 479;

PHY-1001 : Stage 2.6 | RAM/DSP Detailed Placement
PHY-1001 : End Stage 2.6 | RAM/DSP Detailed Placement; Time: 0.006126s wall, 0.000000s user + 0.000000s system = 0.000000s CPU (n/a%); Memory(MB): used = 479, reserved = 470, peak = 479;

PHY-1001 : Stage 2.7 | Optimize Design
OPT-1001 : Start physical optimization ...
OPT-1001 : Total overflow 371.00 peak overflow 3.31
OPT-1001 : Stage 2.7.1 | Synthesize High-fanout Net
OPT-1001 : Start high-fanout net optimization in pre-pack flow with high effort ...
OPT-1001 : Update timing in Manhattan mode
OPT-1001 : End timing update;  0.762979s wall, 0.765625s user + 0.000000s system = 0.765625s CPU (100.3%)

OPT-1001 : Start: SWNS -7593 STNS -792300 NUM_FEPS 1024
OPT-1001 : Total overflow 371.00 peak overflow 3.31
PHY-1001 : Populate physical database on model UDP_Example_Top.
OPT-1001 : 50 high-fanout net processed.
PHY-3001 : Start incremental placement ...
PHY-1001 : Populate physical database on model UDP_Example_Top.
PHY-3001 : Target density is 58%
PHY-3001 : Target density is 58%
PHY-1001 : Stage 2.7.1.1 | Update Timing
PHY-1001 : SWNS: -4713, STNS: -249288, FEP: 90
PHY-1001 : End Stage 2.7.1.1 | Update Timing; Time: 0.088861s wall, 0.078125s user + 0.000000s system = 0.078125s CPU (87.9%); Memory(MB): used = 486, reserved = 476, peak = 486;

PHY-1001 : Stage 2.7.1.2 | Refresh Congestion
RUN-1001 : Generating global routing grids ...
PHY-1001 : Generate routing nets ...
PHY-1001 : Reuse net number 62/15026.
PHY-1001 : Global iterations in 12 thread ...
PHY-1002 : len = 612232, over cnt = 2783(7%), over = 10216, worst = 27
PHY-1001 : End global iterations;  0.482345s wall, 0.718750s user + 0.000000s system = 0.718750s CPU (149.0%)

PHY-1001 : Congestion index:
PHY-1001 : top1  = 64.90(S 98.45, N 140.34, E 105.62, W 77.33, I 0.00, O 0.00)
PHY-1001 : top5  = 54.19(S 72.83, N 95.71, E 78.05, W 60.22, I 0.00, O 0.00)
PHY-1001 : top10 = 48.89(S 61.29, N 76.96, E 67.02, W 51.19, I 0.00, O 0.00)
PHY-1001 : top15 = 45.41(S 54.81, N 67.20, E 60.38, W 45.92, I 0.00, O 0.00)
PHY-1001 : End Stage 2.7.1.2 | Refresh Congestion; Time: 0.566267s wall, 0.812500s user + 0.000000s system = 0.812500s CPU (143.5%); Memory(MB): used = 496, reserved = 485, peak = 496;

PHY-1001 : Stage 2.7.1.3 | GP Iteration
PHY-1001 : End Stage 2.7.1.3 | GP Iteration; Time: 0.792866s wall, 4.640625s user + 0.000000s system = 4.640625s CPU (585.3%); Memory(MB): used = 496, reserved = 486, peak = 496;

PHY-3001 : Multithread accelerating rate: 5.84
PHY-3001 : Final: Len = 492783, Over = 80.6875
PHY-3001 : End incremental placement;  1.596191s wall, 5.687500s user + 0.000000s system = 5.687500s CPU (356.3%)

OPT-1001 : Total overflow 365.75 peak overflow 4.34
RUN-1001 : HFN opt statistic
RUN-1001 : ------------------------------------------------------
RUN-1001 :   DriverCell type  |  HFN count  |  Duplicated count  
RUN-1001 : ------------------------------------------------------
RUN-1001 :         REG        |     18      |        321         
RUN-1001 :        LUT6        |      0      |         0          
RUN-1001 :        LUT5        |     13      |         20         
RUN-1001 :        LUT4        |      4      |         19         
RUN-1001 :        LUT3        |      6      |        113         
RUN-1001 :        LUT2        |      9      |         99         
RUN-1001 :        TOTAL       |     50      |        572         
RUN-1001 : ------------------------------------------------------
OPT-1001 : End high-fanout net optimization;  5.890556s wall, 10.062500s user + 0.000000s system = 10.062500s CPU (170.8%)

OPT-1001 : Update timing in Manhattan mode
OPT-1001 : End timing update;  0.871544s wall, 0.859375s user + 0.000000s system = 0.859375s CPU (98.6%)

OPT-1001 : Current memory(MB): used = 497, reserved = 486, peak = 497.
OPT-1001 : End Stage 2.7.1 | Synthesize High-fanout Net; Time: 6.853422s wall, 11.015625s user + 0.000000s system = 11.015625s CPU (160.7%); Memory(MB): used = 497, reserved = 486, peak = 497;

OPT-1001 : Stage 2.7.2 | Optimize Bottleneck
OPT-1001 : Start bottleneck based optimization ...
OPT-0007 : Start: SWNS -4713 STNS -249462 NUM_FEPS 89
OPT-1001 : Start congestion update ...
RUN-1001 : Generating global routing grids ...
PHY-1001 : Generate routing nets ...
PHY-1001 : Reuse net number 929/15377.
PHY-1001 : Global iterations in 12 thread ...
PHY-1002 : len = 631472, over cnt = 2479(7%), over = 5669, worst = 10
PHY-1002 : len = 674736, over cnt = 1721(4%), over = 2979, worst = 10
PHY-1002 : len = 712584, over cnt = 652(1%), over = 978, worst = 9
PHY-1002 : len = 726408, over cnt = 244(0%), over = 332, worst = 9
PHY-1002 : len = 733624, over cnt = 0(0%), over = 0, worst = 0
PHY-1001 : End global iterations;  1.035950s wall, 1.546875s user + 0.000000s system = 1.546875s CPU (149.3%)

PHY-1001 : Congestion index:
PHY-1001 : top1  = 51.83(S 65.86, N 72.74, E 67.93, W 61.85, I 0.00, O 0.00)
PHY-1001 : top5  = 45.82(S 55.03, N 60.47, E 58.76, W 53.17, I 0.00, O 0.00)
PHY-1001 : top10 = 42.53(S 49.66, N 55.13, E 53.62, W 47.94, I 0.00, O 0.00)
PHY-1001 : top15 = 40.50(S 46.04, N 51.49, E 50.25, W 44.58, I 0.00, O 0.00)
OPT-1001 : End congestion update;  1.193550s wall, 1.687500s user + 0.000000s system = 1.687500s CPU (141.4%)

OPT-0007 : Iter 1: improved SWNS -4713 STNS -247846 NUM_FEPS 89 with 45(104) cells processed with 5376 slack improved, crit_thod: 34 ratio: 1.00(45/45) rt: 0.2s
OPT-0007 : Iter 2: improved SWNS -4713 STNS -247746 NUM_FEPS 89 with 27(124) cells processed with 3018 slack improved, crit_thod: 218 ratio: 1.00(27/27) rt: 0.2s
OPT-0007 : Iter 3: improved SWNS -4713 STNS -247646 NUM_FEPS 88 with 2(128) cells processed with 218 slack improved, crit_thod: 318 ratio: 1.00(2/2) rt: 0.1s
OPT-0007 : Iter 4: improved SWNS -4713 STNS -247646 NUM_FEPS 88 with 0(123) cells processed with 0 slack improved, crit_thod: 434 ratio: -1.00(0/0) rt: 0.1s
OPT-1001 : End bottleneck based optimization;  1.843769s wall, 2.343750s user + 0.000000s system = 2.343750s CPU (127.1%)

OPT-1001 : Current memory(MB): used = 497, reserved = 486, peak = 497.
OPT-1001 : End Stage 2.7.2 | Optimize Bottleneck; Time: 1.930918s wall, 2.437500s user + 0.000000s system = 2.437500s CPU (126.2%); Memory(MB): used = 497, reserved = 486, peak = 497;

OPT-1001 : Stage 2.7.3 | Optimize Path
OPT-1001 : Start path based optimization ...
OPT-0007 : Start: SWNS -4713 STNS -247646 NUM_FEPS 88 with mode 0
OPT-1001 : Start congestion update ...
RUN-1001 : Generating global routing grids ...
PHY-1001 : Generate routing nets ...
PHY-1001 : Reuse net number 15235/15385.
PHY-1001 : Global iterations in 12 thread ...
PHY-1002 : len = 733248, over cnt = 103(0%), over = 129, worst = 4
PHY-1002 : len = 733848, over cnt = 73(0%), over = 76, worst = 2
PHY-1002 : len = 734664, over cnt = 31(0%), over = 31, worst = 1
PHY-1002 : len = 735104, over cnt = 12(0%), over = 12, worst = 1
PHY-1002 : len = 735464, over cnt = 0(0%), over = 0, worst = 0
PHY-1001 : End global iterations;  0.164702s wall, 0.156250s user + 0.000000s system = 0.156250s CPU (94.9%)

PHY-1001 : Congestion index:
PHY-1001 : top1  = 51.70(S 66.14, N 72.91, E 68.32, W 62.46, I 0.00, O 0.00)
PHY-1001 : top5  = 45.67(S 54.83, N 60.52, E 58.89, W 53.30, I 0.00, O 0.00)
PHY-1001 : top10 = 42.45(S 49.43, N 55.13, E 53.74, W 47.98, I 0.00, O 0.00)
PHY-1001 : top15 = 40.45(S 45.89, N 51.52, E 50.32, W 44.64, I 0.00, O 0.00)
OPT-1001 : End congestion update;  0.338532s wall, 0.343750s user + 0.000000s system = 0.343750s CPU (101.5%)

OPT-0007 : Iter 1: improved SWNS -4713 STNS -243862 NUM_FEPS 81 with 117(522) cells and 223(223) paths processed with 12626 slack improved, crit_thod: 434 ratio: 1.00(117/117) rt: 0.3s
OPT-0007 : Iter 2: improved SWNS -4713 STNS -243862 NUM_FEPS 81 with 60(447) cells and 222(222) paths processed with 10978 slack improved, crit_thod: 568 ratio: 1.00(60/60) rt: 0.2s
OPT-0007 : Iter 3: improved SWNS -4713 STNS -243862 NUM_FEPS 81 with 58(311) cells and 219(219) paths processed with 9982 slack improved, crit_thod: 692 ratio: 1.00(58/58) rt: 0.1s
OPT-0007 : Iter 4: improved SWNS -4713 STNS -243862 NUM_FEPS 81 with 52(311) cells and 218(218) paths processed with 10142 slack improved, crit_thod: 776 ratio: 1.00(52/52) rt: 0.1s
OPT-0007 : Iter 5: improved SWNS -4713 STNS -243862 NUM_FEPS 81 with 53(358) cells and 224(224) paths processed with 9896 slack improved, crit_thod: 868 ratio: 1.00(53/53) rt: 0.3s
OPT-0007 : Iter 6: improved SWNS -4713 STNS -243862 NUM_FEPS 81 with 60(361) cells and 219(219) paths processed with 10036 slack improved, crit_thod: 902 ratio: 1.00(60/60) rt: 0.2s
OPT-0007 : Iter 7: improved SWNS -4713 STNS -243862 NUM_FEPS 81 with 61(328) cells and 224(224) paths processed with 10290 slack improved, crit_thod: 984 ratio: 1.00(61/61) rt: 0.1s
OPT-0007 : Iter 8: improved SWNS -4713 STNS -243862 NUM_FEPS 81 with 49(464) cells and 221(221) paths processed with 9410 slack improved, crit_thod: 1060 ratio: 1.00(49/49) rt: 0.2s
OPT-0007 : Iter 9: improved SWNS -4713 STNS -243862 NUM_FEPS 81 with 51(397) cells and 211(211) paths processed with 9696 slack improved, crit_thod: 1084 ratio: 1.00(51/51) rt: 0.1s
OPT-0007 : Iter 10: improved SWNS -4713 STNS -243862 NUM_FEPS 81 with 38(388) cells and 210(210) paths processed with 10916 slack improved, crit_thod: 1160 ratio: 0.97(38/39) rt: 0.2s
OPT-1001 : End path based optimization;  2.247985s wall, 2.234375s user + 0.000000s system = 2.234375s CPU (99.4%)

OPT-1001 : Current memory(MB): used = 497, reserved = 486, peak = 497.
OPT-1001 : End Stage 2.7.3 | Optimize Path; Time: 2.333325s wall, 2.328125s user + 0.000000s system = 2.328125s CPU (99.8%); Memory(MB): used = 497, reserved = 486, peak = 497;

OPT-0007 : End flow prepack: SWNS -4713 STNS -243862 NUM_FEPS 81
OPT-1001 : End physical optimization;  11.139831s wall, 15.796875s user + 0.000000s system = 15.796875s CPU (141.8%)

PHY-1001 : End Stage 2.7 | Optimize Design; Time: 11.139897s wall, 15.796875s user + 0.000000s system = 15.796875s CPU (141.8%); Memory(MB): used = 497, reserved = 486, peak = 497;

PHY-1001 : Stage 2.8 | Place Packing
PHY-1001 : Stage 2.8.1 | Packing
SYN-4007 : Packing 0 MUX to BLE ...
SYN-4008 : Packed 0 MUX and 0 SEQ to BLE.
SYN-4007 : Packing 9414 LUT to BLE ...
SYN-4008 : Packed 9414 LUT and 5217 SEQ to BLE.
SYN-4003 : Packing 2951 remaining SEQ's ...
SYN-4005 : Packed 1979 SEQ with LUT/SLICE
SYN-4006 : 2290 single LUT's are left
SYN-4006 : 972 single SEQ's are left
SYN-4011 : Packing model "UDP_Example_Top" (AL_USER_NORMAL) with 10386/10879 primitive instances ...
PHY-1001 : Populate physical database on model UDP_Example_Top.
RUN-1001 : There are total 6287 instances
RUN-1001 : 3073 mslices, 3074 lslices, 89 pads, 31 brams, 1 dsps
RUN-1001 : There are total 13869 nets
RUN-1001 : 6542 nets have 2 pins
RUN-1001 : 5764 nets have [3 - 5] pins
RUN-1001 : 759 nets have [6 - 10] pins
RUN-1001 : 407 nets have [11 - 20] pins
RUN-1001 : 384 nets have [21 - 99] pins
RUN-1001 : 13 nets have 100+ pins
PHY-3001 : Target density is 71%
RUN-1002 : start command "start_timer"
USR-1002 : Derived clock:  create_generated_clock -name {u_clk_gen/u_pll_0/pll_inst.clkc[0]} -source [get_ports {clk_50}] -master_clock {clk_in} -multiply_by 2.5000 -duty_cycle 50.0000 [get_pins {u_clk_gen/u_pll_0/pll_inst.clkc[0]}]
USR-1002 : Derived clock:  create_generated_clock -name {u_clk_gen/u_pll_0/pll_inst.clkc[1]} -source [get_ports {clk_50}] -master_clock {clk_in} -multiply_by 2.5000 -duty_cycle 50.0000 [get_pins {u_clk_gen/u_pll_0/pll_inst.clkc[1]}]
USR-1002 : Derived clock:  create_generated_clock -name {u_clk_gen/u_pll_0/pll_inst.clkc[4]} -source [get_ports {clk_50}] -master_clock {clk_in} -multiply_by 2.5000 -phase 90 -duty_cycle 50.0000 [get_pins {u_clk_gen/u_pll_0/pll_inst.clkc[4]}]
USR-1002 : Derived clock:  create_generated_clock -name {u_pll_50/pll_inst.clkc[0]} -source [get_ports {clk_50}] -master_clock {clk_in} -multiply_by 1.0000 -duty_cycle 50.0000 [get_pins {u_pll_50/pll_inst.clkc[0]}]
USR-1002 : Derived clock:  create_generated_clock -name {u_rx_pll/pll_inst.clkc[0]} -source [get_ports {phy1_rgmii_rx_clk}] -master_clock {phy1_rgmii_rx_clk} -multiply_by 1.0000 -duty_cycle 50.0000 [get_pins {u_rx_pll/pll_inst.clkc[0]}]
USR-1002 : Derived clock:  create_generated_clock -name {u_rx_pll/pll_inst.clkc[1]} -source [get_ports {phy1_rgmii_rx_clk}] -master_clock {phy1_rgmii_rx_clk} -multiply_by 1.0000 -duty_cycle 50.0000 [get_pins {u_rx_pll/pll_inst.clkc[1]}]
USR-1002 : Derived clock:  create_generated_clock -name {t3_sdram/u0_clk/pll_inst.clkc[0]} -source [get_pins {u_pll_50/pll_inst.clkc[0]}] -master_clock {u_pll_50/pll_inst.clkc[0]} -divide_by 4.0000 -duty_cycle 50.0000 [get_pins {t3_sdram/u0_clk/pll_inst.clkc[0]}]
USR-1002 : Derived clock:  create_generated_clock -name {t3_sdram/u0_clk/pll_inst.clkc[1]} -source [get_pins {u_pll_50/pll_inst.clkc[0]}] -master_clock {u_pll_50/pll_inst.clkc[0]} -multiply_by 2.5000 -duty_cycle 50.0000 [get_pins {t3_sdram/u0_clk/pll_inst.clkc[1]}]
USR-1002 : Derived clock:  create_generated_clock -name {t3_sdram/u0_clk/pll_inst.clkc[2]} -source [get_pins {u_pll_50/pll_inst.clkc[0]}] -master_clock {u_pll_50/pll_inst.clkc[0]} -multiply_by 2.5000 -phase 180 -duty_cycle 50.0000 [get_pins {t3_sdram/u0_clk/pll_inst.clkc[2]}]
8.000000
USR-8130 CRITICAL-WARNING: No clock match the pattern: u_clk_gen/u_pll_0/pll_inst.clkc\[3\].
USR-8124 CRITICAL-WARNING: Rename_clock: please specify object list.
USR-8159 CRITICAL-WARNING: Command rename_clock -name {pll_inst_25M} [get_clocks {u_clk_gen/u_pll_0/pll_inst.clkc[3]}] in C:/Users/Neko/Documents/FPGA/github_anlu/2025-Anlogic/video640 19fps/UDP_EG4_6.2/source_code/constraints/UDP.sdc(8) fails.
RUN-1003 : finish command "start_timer" in  1.731095s wall, 1.734375s user + 0.000000s system = 1.734375s CPU (100.2%)

RUN-1004 : used memory is 500 MB, reserved memory is 489 MB, peak memory is 500 MB
PHY-1001 : End Stage 2.8.1 | Packing; Time: 3.454618s wall, 3.437500s user + 0.000000s system = 3.437500s CPU (99.5%); Memory(MB): used = 501, reserved = 491, peak = 501;

PHY-1001 : Stage 2.8.2 | Post Pack GP
PHY-3001 : Target density is 69%
PHY-3001 : Cell area utilization is 69%
PHY-3001 : After packing: Len = 535927, Over = 206
PHY-3001 : Target density is 69%
PHY-1001 : Stage 2.8.2.1 | Update Timing
PHY-1001 : SWNS: -6093, STNS: -247014, FEP: 82
PHY-1001 : End Stage 2.8.2.1 | Update Timing; Time: 0.073153s wall, 0.078125s user + 0.000000s system = 0.078125s CPU (106.8%); Memory(MB): used = 502, reserved = 492, peak = 502;

PHY-1001 : Stage 2.8.2.2 | Refresh Congestion
RUN-1001 : Generating global routing grids ...
PHY-1001 : Generate routing nets ...
PHY-1001 : Reuse net number 4520/11955.
PHY-1001 : Global iterations in 12 thread ...
PHY-1002 : len = 717376, over cnt = 1502(4%), over = 2451, worst = 8
PHY-1002 : len = 732024, over cnt = 949(2%), over = 1374, worst = 8
PHY-1002 : len = 746344, over cnt = 352(1%), over = 473, worst = 6
PHY-1002 : len = 749808, over cnt = 200(0%), over = 264, worst = 4
PHY-1002 : len = 753928, over cnt = 0(0%), over = 0, worst = 0
PHY-1001 : End global iterations;  0.668044s wall, 0.875000s user + 0.000000s system = 0.875000s CPU (131.0%)

PHY-1001 : Congestion index:
PHY-1001 : top1  = 54.32(S 64.74, N 76.72, E 68.43, W 61.79, I 0.00, O 0.00)
PHY-1001 : top5  = 47.91(S 54.74, N 63.10, E 58.77, W 52.78, I 0.00, O 0.00)
PHY-1001 : top10 = 44.10(S 49.63, N 57.39, E 53.19, W 47.48, I 0.00, O 0.00)
PHY-1001 : top15 = 41.72(S 46.24, N 53.34, E 49.37, W 43.87, I 0.00, O 0.00)
PHY-1001 : End Stage 2.8.2.2 | Refresh Congestion; Time: 0.867371s wall, 1.078125s user + 0.000000s system = 1.078125s CPU (124.3%); Memory(MB): used = 504, reserved = 494, peak = 504;

PHY-1001 : Stage 2.8.2.3 | GP Iteration
PHY-1001 : End Stage 2.8.2.3 | GP Iteration; Time: 0.256083s wall, 1.562500s user + 0.046875s system = 1.609375s CPU (628.5%); Memory(MB): used = 504, reserved = 494, peak = 504;

PHY-3001 : Multithread accelerating rate: 6.25
PHY-1001 : End Stage 2.8.2 | Post Pack GP; Time: 1.203589s wall, 2.718750s user + 0.046875s system = 2.765625s CPU (229.8%); Memory(MB): used = 504, reserved = 495, peak = 504;

PHY-1001 : End Stage 2.8 | Place Packing; Time: 4.658286s wall, 6.156250s user + 0.046875s system = 6.203125s CPU (133.2%); Memory(MB): used = 504, reserved = 495, peak = 504;

PHY-1001 : Stage 2.9 | Legalization
PHY-3001 : Before Legalized: Len = 517320
PHY-3001 : After Legalized: Len = 565413, Over = 0
PHY-1001 : End Stage 2.9 | Legalization; Time: 0.010331s wall, 0.000000s user + 0.015625s system = 0.015625s CPU (151.2%); Memory(MB): used = 504, reserved = 495, peak = 504;

PHY-1001 : Stage 2.10 | Global Placement Step 3
PHY-3001 : Target density is 68%
PHY-1001 : Stage 2.10.1 | Update Timing
PHY-1001 : SWNS: -5493, STNS: -251984, FEP: 90
PHY-1001 : End Stage 2.10.1 | Update Timing; Time: 0.765976s wall, 0.703125s user + 0.046875s system = 0.750000s CPU (97.9%); Memory(MB): used = 506, reserved = 496, peak = 506;

PHY-1001 : Stage 2.10.2 | Refresh Congestion
RUN-1001 : Generating global routing grids ...
PHY-1001 : Generate routing nets ...
PHY-1001 : Reuse net number 403/12761.
PHY-1001 : Global iterations in 12 thread ...
PHY-1002 : len = 721160, over cnt = 2048(5%), over = 3550, worst = 8
PHY-1002 : len = 750936, over cnt = 1179(3%), over = 1667, worst = 8
PHY-1002 : len = 771608, over cnt = 440(1%), over = 620, worst = 8
PHY-1002 : len = 779368, over cnt = 132(0%), over = 166, worst = 4
PHY-1002 : len = 783720, over cnt = 0(0%), over = 0, worst = 0
PHY-1001 : End global iterations;  0.921708s wall, 1.171875s user + 0.015625s system = 1.187500s CPU (128.8%)

PHY-1001 : Congestion index:
PHY-1001 : top1  = 53.27(S 64.83, N 72.65, E 68.64, W 60.17, I 0.00, O 0.00)
PHY-1001 : top5  = 47.27(S 55.89, N 62.86, E 57.07, W 52.13, I 0.00, O 0.00)
PHY-1001 : top10 = 44.13(S 51.06, N 57.98, E 51.55, W 47.43, I 0.00, O 0.00)
PHY-1001 : top15 = 42.00(S 48.07, N 54.63, E 48.11, W 44.51, I 0.00, O 0.00)
PHY-1001 : End Stage 2.10.2 | Refresh Congestion; Time: 1.112132s wall, 1.375000s user + 0.015625s system = 1.390625s CPU (125.0%); Memory(MB): used = 516, reserved = 506, peak = 516;

PHY-1001 : Stage 2.10.3 | GP Iteration
PHY-1001 : End Stage 2.10.3 | GP Iteration; Time: 0.127572s wall, 0.671875s user + 0.031250s system = 0.703125s CPU (551.2%); Memory(MB): used = 516, reserved = 506, peak = 516;

PHY-3001 : Multithread accelerating rate: 5.46
PHY-1001 : End Stage 2.10 | Global Placement Step 3; Time: 2.031367s wall, 2.765625s user + 0.093750s system = 2.859375s CPU (140.8%); Memory(MB): used = 516, reserved = 506, peak = 516;

PHY-1001 : Stage 2.11 | Final Legalization
PHY-3001 : Before Legalized: Len = 512379
PHY-3001 : After Legalized: Len = 536975, Over = 0
PHY-1001 : End Stage 2.11 | Final Legalization; Time: 0.012790s wall, 0.015625s user + 0.000000s system = 0.015625s CPU (122.2%); Memory(MB): used = 516, reserved = 506, peak = 516;

PHY-1001 : End Stage 2 | Global Placement; Time: 23.554357s wall, 35.812500s user + 1.671875s system = 37.484375s CPU (159.1%); Memory(MB): used = 516, reserved = 506, peak = 516;

PHY-1001 : Stage 3 | Detailed Placement
PHY-1001 : Stage 3.1 | SLICE Detailed Placement
PHY-1001 : Stage 3.1.1 | Spreading
PHY-3001 : Spreading special nets. 255 overflows in 2952 tiles.
PHY-3001 : End spreading;  0.030484s wall, 0.031250s user + 0.000000s system = 0.031250s CPU (102.5%)

PHY-1001 : End Stage 3.1.1 | Spreading; Time: 0.030521s wall, 0.031250s user + 0.000000s system = 0.031250s CPU (102.4%); Memory(MB): used = 517, reserved = 507, peak = 517;

PHY-3001 : Final: Len = 541961, Over = 0
PHY-1001 : End Stage 3.1 | SLICE Detailed Placement; Time: 0.833465s wall, 0.828125s user + 0.000000s system = 0.828125s CPU (99.4%); Memory(MB): used = 517, reserved = 507, peak = 517;

PHY-3001 : End Detailed Place; 
PHY-1001 : Stage 3.2 | Optimize Design
OPT-1001 : Start physical optimization ...
OPT-1001 : Total overflow 0.00 peak overflow 0.00
OPT-1001 : Stage 3.2.1 | Physical Optimization
OPT-1001 : Start high-fanout net optimization in optimize equivalent flow with high effort ...
OPT-1001 : Clean unloaded insts before merging registers
PHY-1001 : Populate physical database on model UDP_Example_Top.
PHY-1001 : Populate physical database on model UDP_Example_Top.
OPT-1001 : Total overflow 0.00 peak overflow 0.00
OPT-1001 : End optimize duplicated nets. Total 248 instances are merged and 4409 sinks are reconnected,  0.145803s wall, 0.156250s user + 0.000000s system = 0.156250s CPU (107.2%)

OPT-1001 : End high-fanout net optimization;  0.146282s wall, 0.156250s user + 0.000000s system = 0.156250s CPU (106.8%)

OPT-1001 : Update timing in Manhattan mode
RUN-1002 : start command "start_timer"
OPT-1001 : End timing update;  1.318711s wall, 1.296875s user + 0.015625s system = 1.312500s CPU (99.5%)

OPT-1001 : Current memory(MB): used = 518, reserved = 507, peak = 518.
OPT-1001 : End Stage 3.2.1 | Physical Optimization; Time: 1.544034s wall, 1.531250s user + 0.015625s system = 1.546875s CPU (100.2%); Memory(MB): used = 518, reserved = 507, peak = 518;

OPT-1001 : Stage 3.2.2 | Synthesize High-fanout Net
OPT-1001 : Start high-fanout net optimization in post-pack flow with high effort ...
OPT-1001 : Start: SWNS -4713 STNS -246680 NUM_FEPS 87
OPT-1001 : Total overflow 0.00 peak overflow 0.00
PHY-1001 : Populate physical database on model UDP_Example_Top.
OPT-1001 : 50 high-fanout net processed.
OPT-1001 : Total overflow 0.00 peak overflow 0.00
RUN-1001 : HFN opt statistic
RUN-1001 : ------------------------------------------------------
RUN-1001 :   DriverCell type  |  HFN count  |  Duplicated count  
RUN-1001 : ------------------------------------------------------
RUN-1001 :       LSLICE       |      0      |         0          
RUN-1001 :       MSLICE       |      0      |         0          
RUN-1001 :        OTHER       |     50      |        169         
RUN-1001 :        TOTAL       |     50      |        169         
RUN-1001 : ------------------------------------------------------
OPT-1001 : End high-fanout net optimization;  3.382575s wall, 3.531250s user + 0.015625s system = 3.546875s CPU (104.9%)

OPT-1001 : Current memory(MB): used = 518, reserved = 507, peak = 518.
OPT-1001 : End Stage 3.2.2 | Synthesize High-fanout Net; Time: 3.469874s wall, 3.593750s user + 0.031250s system = 3.625000s CPU (104.5%); Memory(MB): used = 518, reserved = 507, peak = 518;

OPT-1001 : Stage 3.2.3 | Optimize Bottleneck
OPT-1001 : Start bottleneck based optimization ...
OPT-0007 : Start: SWNS -4713 STNS -249304 NUM_FEPS 88
OPT-1001 : Start congestion update ...
RUN-1001 : Generating global routing grids ...
PHY-1001 : Generate routing nets ...
PHY-1001 : Reuse net number 2915/12610.
PHY-1001 : Global iterations in 12 thread ...
PHY-1002 : len = 700304, over cnt = 1861(5%), over = 2991, worst = 8
PHY-1002 : len = 721360, over cnt = 1112(3%), over = 1488, worst = 8
PHY-1002 : len = 741760, over cnt = 323(0%), over = 403, worst = 6
PHY-1002 : len = 746552, over cnt = 95(0%), over = 109, worst = 3
PHY-1002 : len = 748176, over cnt = 0(0%), over = 0, worst = 0
PHY-1001 : End global iterations;  0.809831s wall, 1.078125s user + 0.000000s system = 1.078125s CPU (133.1%)

PHY-1001 : Congestion index:
PHY-1001 : top1  = 50.40(S 59.98, N 70.60, E 66.10, W 57.59, I 0.00, O 0.00)
PHY-1001 : top5  = 45.75(S 52.73, N 60.67, E 56.51, W 49.75, I 0.00, O 0.00)
PHY-1001 : top10 = 42.74(S 48.82, N 56.32, E 51.08, W 45.42, I 0.00, O 0.00)
PHY-1001 : top15 = 40.90(S 46.12, N 53.30, E 47.57, W 42.48, I 0.00, O 0.00)
OPT-1001 : End congestion update;  1.021647s wall, 1.296875s user + 0.000000s system = 1.296875s CPU (126.9%)

PHY-3001 : Start incremental legalization ...
PHY-1001 : Populate physical database on model UDP_Example_Top.
PHY-7002 CRITICAL-WARNING: Instance t3_sdram/sdram location (12, 12) is not honored. Cell's initial location is not legal at the beginning of ECO placement, and will be moved during placement. Please verify user location constraints through the adc file.
PHY-3001 : Target density is 64%
PHY-3001 : Target density is 70%
PHY-3001 : Initial: Len = 538303, Over = 0
PHY-3001 : End spreading;  0.023985s wall, 0.015625s user + 0.000000s system = 0.015625s CPU (65.1%)

PHY-3001 : Final: Len = 538303, Over = 0
PHY-3001 : End incremental legalization;  0.136064s wall, 0.109375s user + 0.015625s system = 0.125000s CPU (91.9%)

OPT-0007 : Iter 1: improved SWNS -4713 STNS -249304 NUM_FEPS 88 with 27(99) cells processed with 5354 slack improved, crit_thod: 394 ratio: 1.00(27/27) rt: 0.4s
OPT-0007 : Iter 2: improved SWNS -4713 STNS -249304 NUM_FEPS 88 with 0(0) cells processed with 0 slack improved, crit_thod: 645 ratio: -1.00(0/0) rt: 0.1s
OPT-0007 : Iter 3: improved SWNS -4713 STNS -249304 NUM_FEPS 88 with 0(0) cells processed with 0 slack improved, crit_thod: 645 ratio: -1.00(0/0) rt: 0.1s
OPT-1001 : End bottleneck based optimization;  1.546801s wall, 1.781250s user + 0.015625s system = 1.796875s CPU (116.2%)

OPT-1001 : Update timing in Manhattan mode
OPT-1001 : End timing update;  0.839354s wall, 0.843750s user + 0.000000s system = 0.843750s CPU (100.5%)

OPT-1001 : Current memory(MB): used = 525, reserved = 514, peak = 525.
OPT-1001 : End Stage 3.2.3 | Optimize Bottleneck; Time: 2.488376s wall, 2.734375s user + 0.015625s system = 2.750000s CPU (110.5%); Memory(MB): used = 525, reserved = 514, peak = 525;

OPT-1001 : Stage 3.2.4 | Optimize Path
OPT-1001 : Start path based optimization ...
OPT-0007 : Start: SWNS -4713 STNS -243600 NUM_FEPS 80 with mode 0
OPT-1001 : Start congestion update ...
RUN-1001 : Generating global routing grids ...
PHY-1001 : Generate routing nets ...
PHY-1001 : Reuse net number 12491/12612.
PHY-1001 : Global iterations in 12 thread ...
PHY-1002 : len = 749272, over cnt = 57(0%), over = 68, worst = 3
PHY-1002 : len = 749720, over cnt = 29(0%), over = 31, worst = 2
PHY-1002 : len = 750288, over cnt = 11(0%), over = 11, worst = 1
PHY-1002 : len = 750384, over cnt = 3(0%), over = 3, worst = 1
PHY-1002 : len = 750424, over cnt = 0(0%), over = 0, worst = 0
PHY-1001 : End global iterations;  0.185045s wall, 0.187500s user + 0.000000s system = 0.187500s CPU (101.3%)

PHY-1001 : Congestion index:
PHY-1001 : top1  = 50.88(S 60.06, N 70.86, E 66.47, W 57.59, I 0.00, O 0.00)
PHY-1001 : top5  = 46.03(S 52.95, N 60.97, E 56.64, W 49.87, I 0.00, O 0.00)
PHY-1001 : top10 = 43.03(S 49.12, N 56.55, E 51.22, W 45.53, I 0.00, O 0.00)
PHY-1001 : top15 = 41.10(S 46.38, N 53.49, E 47.63, W 42.56, I 0.00, O 0.00)
OPT-1001 : End congestion update;  0.376916s wall, 0.375000s user + 0.000000s system = 0.375000s CPU (99.5%)

PHY-3001 : Start incremental legalization ...
PHY-1001 : Populate physical database on model UDP_Example_Top.
PHY-7002 CRITICAL-WARNING: Instance t3_sdram/sdram location (164, 288) is not honored. Cell's initial location is not legal at the beginning of ECO placement, and will be moved during placement. Please verify user location constraints through the adc file.
PHY-3001 : Target density is 64%
PHY-3001 : Target density is 70%
PHY-3001 : Initial: Len = 540287, Over = 0
PHY-3001 : End spreading;  0.021474s wall, 0.015625s user + 0.000000s system = 0.015625s CPU (72.8%)

PHY-3001 : Final: Len = 540287, Over = 0
PHY-3001 : End incremental legalization;  0.131440s wall, 0.140625s user + 0.000000s system = 0.140625s CPU (107.0%)

OPT-0007 : Iter 1: improved SWNS -4713 STNS -243600 NUM_FEPS 80 with 34(404) cells and 220(220) paths processed with 4593 slack improved, crit_thod: 645 ratio: 1.00(34/34) rt: 0.3s
OPT-0007 : Iter 2: improved SWNS -4713 STNS -243600 NUM_FEPS 80 with 0(0) cells and 0(0) paths processed with 0 slack improved, crit_thod: 783 ratio: -1.00(0/0) rt: 0.0s
OPT-1001 : End path based optimization;  0.735085s wall, 0.734375s user + 0.000000s system = 0.734375s CPU (99.9%)

OPT-1001 : Update timing in Manhattan mode
OPT-1001 : End timing update;  0.847306s wall, 0.843750s user + 0.000000s system = 0.843750s CPU (99.6%)

OPT-1001 : Current memory(MB): used = 525, reserved = 514, peak = 527.
OPT-1001 : End Stage 3.2.4 | Optimize Path; Time: 1.669787s wall, 1.656250s user + 0.000000s system = 1.656250s CPU (99.2%); Memory(MB): used = 525, reserved = 514, peak = 527;

OPT-1001 : Stage 3.2.5 | Aggressive Optimization
OPT-1001 : End Stage 3.2.5 | Aggressive Optimization; Time: 0.089136s wall, 0.093750s user + 0.000000s system = 0.093750s CPU (105.2%); Memory(MB): used = 525, reserved = 514, peak = 527;

OPT-1001 : Stage 3.2.6 | Optimize Duplicated Nets
OPT-1001 : Start: WNS -4713 TNS -243600 NUM_FEPS 80
OPT-1001 : Clean unloaded insts before merging registers
PHY-1001 : Populate physical database on model UDP_Example_Top.
PHY-1001 : Populate physical database on model UDP_Example_Top.
OPT-1001 : Total overflow 0.00 peak overflow 0.00
OPT-1001 : End optimize duplicated nets. Total 52 instances are merged and 2012 sinks are reconnected,  0.316686s wall, 0.312500s user + 0.000000s system = 0.312500s CPU (98.7%)

OPT-1001 : Update timing in Manhattan mode
RUN-1002 : start command "start_timer"
OPT-1001 : End timing update;  1.371427s wall, 1.312500s user + 0.000000s system = 1.312500s CPU (95.7%)

OPT-1001 : Current memory(MB): used = 525, reserved = 514, peak = 527.
OPT-1001 : End Stage 3.2.6 | Optimize Duplicated Nets; Time: 1.777552s wall, 1.718750s user + 0.000000s system = 1.718750s CPU (96.7%); Memory(MB): used = 525, reserved = 514, peak = 527;

OPT-1001 : Stage 3.2.7 | Swap Pins
OPT-1001 : Start pin optimization...
OPT-1001 : skip pin optimization...
OPT-1001 : Current memory(MB): used = 525, reserved = 514, peak = 527.
OPT-1001 : End Stage 3.2.7 | Swap Pins; Time: 0.087954s wall, 0.093750s user + 0.000000s system = 0.093750s CPU (106.6%); Memory(MB): used = 525, reserved = 514, peak = 527;

OPT-0007 : End flow postpack: SWNS -4713 STNS -243600 NUM_FEPS 80
RUN-1001 : Generating global routing grids ...
PHY-1001 : Generate routing nets ...
PHY-1001 : Reuse net number 12434/12561.
PHY-1001 : Global iterations in 12 thread ...
PHY-1002 : len = 737144, over cnt = 260(0%), over = 279, worst = 3
PHY-1002 : len = 739120, over cnt = 144(0%), over = 148, worst = 2
PHY-1002 : len = 740816, over cnt = 37(0%), over = 38, worst = 2
PHY-1002 : len = 741152, over cnt = 13(0%), over = 13, worst = 1
PHY-1002 : len = 741344, over cnt = 0(0%), over = 0, worst = 0
PHY-1001 : End global iterations;  0.212475s wall, 0.234375s user + 0.000000s system = 0.234375s CPU (110.3%)

PHY-1001 : Congestion index:
PHY-1001 : top1  = 50.54(S 60.13, N 70.52, E 65.75, W 57.50, I 0.00, O 0.00)
PHY-1001 : top5  = 45.48(S 52.30, N 60.39, E 56.07, W 49.06, I 0.00, O 0.00)
PHY-1001 : top10 = 42.44(S 48.30, N 55.74, E 50.52, W 44.79, I 0.00, O 0.00)
PHY-1001 : top15 = 40.49(S 45.65, N 52.66, E 47.02, W 41.99, I 0.00, O 0.00)
RUN-1001 : QoR Analysis:
OPT-0007 :   SWNS -4713 STNS -243600 NUM_FEPS 80
RUN-1001 :   No local congestion issue, and most congested 1% tile average routing util is 50.068966
RUN-1001 :   Top critical paths
RUN-1001 :       #1 path slack -4713ps with logic level 2 and starts from PAD
RUN-1001 :       #2 path slack -4713ps with logic level 2 and starts from PAD
RUN-1001 :       #3 path slack -4713ps with logic level 2 and starts from PAD
RUN-1001 :       #4 path slack -4713ps with logic level 2 and starts from PAD
RUN-1001 :       #5 path slack -4713ps with logic level 2 and starts from PAD
RUN-1001 :       #6 path slack -4713ps with logic level 2 and starts from PAD
RUN-1001 :       #7 path slack -4713ps with logic level 2 and starts from PAD
RUN-1001 :       #8 path slack -4713ps with logic level 2 and starts from PAD
RUN-1001 :       #9 path slack -4713ps with logic level 2 and starts from PAD
RUN-1001 :       #10 path slack -4713ps with logic level 2 and starts from PAD
RUN-1001 :   0 HFN exist on timing critical paths out of 13724 nets
RUN-1001 :   0 long nets exist on timing critical paths out of 13724 nets
OPT-1001 : End physical optimization;  11.631088s wall, 11.937500s user + 0.062500s system = 12.000000s CPU (103.2%)

PHY-1001 : End Stage 3.2 | Optimize Design; Time: 11.631162s wall, 11.937500s user + 0.062500s system = 12.000000s CPU (103.2%); Memory(MB): used = 525, reserved = 514, peak = 527;

PHY-1001 : End Stage 3 | Detailed Placement; Time: 12.472772s wall, 12.781250s user + 0.062500s system = 12.843750s CPU (103.0%); Memory(MB): used = 525, reserved = 514, peak = 527;

PHY-1001 : Stage 4 | Optimize Design
PHY-3001 : Start incremental legalization ...
PHY-1001 : Populate physical database on model UDP_Example_Top.
PHY-7002 CRITICAL-WARNING: Instance t3_sdram/sdram location (164, 288) is not honored. Cell's initial location is not legal at the beginning of ECO placement, and will be moved during placement. Please verify user location constraints through the adc file.
PHY-3001 : Target density is 63%
PHY-3001 : Target density is 70%
PHY-3001 : Initial: Len = 531837, Over = 0
PHY-1001 : Stage 4.1 | Spreading
PHY-3001 : End spreading;  0.022591s wall, 0.031250s user + 0.000000s system = 0.031250s CPU (138.3%)

PHY-1001 : End Stage 4.1 | Spreading; Time: 0.022668s wall, 0.031250s user + 0.000000s system = 0.031250s CPU (137.9%); Memory(MB): used = 527, reserved = 516, peak = 527;

PHY-3001 : Final: Len = 531837, Over = 0
PHY-3001 : End incremental legalization;  0.133313s wall, 0.125000s user + 0.000000s system = 0.125000s CPU (93.8%)

RUN-1002 : start command "report_qor -step place -file place.qor"
RUN-1001 : Generating global routing grids ...
-----------------------------------------------------------
| QoR metrics               |         value               |
-----------------------------------------------------------
| Timing                    |                             |
|     Setup WNS             |        -4713                |
|     Setup TNS             |      -243600                |
|     Num of violated S-EP  |           80                |
|     FMAX                  |    78.660MHz                |
|     SWNS path clock period |       8000ps                |
|     Hold WNS              |         -111                |
|     Hold TNS              |        -1700                |
|     Num of violated H-EP  |           50                |
-----------------------------------------------------------
| Routing Resource          |                             |
|     Wire length           |       529173                |
-----------------------------------------------------------
| Utilization               |                             |
|     #slices               |         6265                |
|     slices percentage     |       63.93%                |
|     #RAMs                 |           31                |
|     #DSPs                 |            1                |
|     #DRAMHARDCON          |            0                |
-----------------------------------------------------------
| Congestion                |                             |
|     Top 1% tile util      |           48                |
|     Top 1% tile avg util  |       50.07%                |
|     Over 100% util #tile  |            0                |
-----------------------------------------------------------
Report place stage QoR done.

RUN-1003 : finish command "report_qor -step place -file place.qor" in  1.154613s wall, 1.140625s user + 0.015625s system = 1.156250s CPU (100.1%)

RUN-1004 : used memory is 527 MB, reserved memory is 516 MB, peak memory is 527 MB
PHY-1001 : End Stage 4 | Optimize Design; Time: 1.293694s wall, 1.265625s user + 0.015625s system = 1.281250s CPU (99.0%); Memory(MB): used = 527, reserved = 516, peak = 527;

PHY-1001 : Stage 5 | DRC Check
PHY-1001 : Stage 5.1 | Force Route Constraint Check
PHY-1001 : Check Pass.
PHY-1001 : End Stage 5.1 | Force Route Constraint Check; Time: 0.000734s wall, 0.000000s user + 0.000000s system = 0.000000s CPU (n/a%); Memory(MB): used = 527, reserved = 516, peak = 527;

PHY-1001 : Stage 5.2 | Duplicated SelfDriven Check
PHY-1001 : Check pass.
PHY-1001 : End Stage 5.2 | Duplicated SelfDriven Check; Time: 0.015468s wall, 0.015625s user + 0.000000s system = 0.015625s CPU (101.0%); Memory(MB): used = 527, reserved = 516, peak = 527;

PHY-1001 : Stage 5.3 | Clock Rule Check
PHY-1001 : End Stage 5.3 | Clock Rule Check; Time: 0.000565s wall, 0.000000s user + 0.000000s system = 0.000000s CPU (n/a%); Memory(MB): used = 527, reserved = 516, peak = 527;

PHY-1001 : End Stage 5 | DRC Check; Time: 0.029792s wall, 0.031250s user + 0.000000s system = 0.031250s CPU (104.9%); Memory(MB): used = 527, reserved = 516, peak = 527;

OPT-1001 : QoR tracer report on placement steps:
    SWNS [   incr ]     STNS [    incr ]    FEPS [   incr ]    CRIT [   incr ]      CELL [     incr ]        WL [     incr ]    CONG [   incr ]    PDES [   incr ]   RT(s) [   incr ]   MEM(mb) [     incr ]
       0 [      0 ]        0 [       0 ]       0 [      0 ]       0 [      0 ]     17500 [        0 ]         0 [        0 ]    0.00 [   0.00 ]       0 [      0 ]       0 [      0 ]       369 [        0 ] : preplace:simplify_lut
       0 [      0 ]        0 [       0 ]       0 [      0 ]       0 [      0 ]     17500 [        0 ]         0 [        0 ]    0.00 [   0.00 ]       0 [      0 ]       0 [      0 ]       369 [        0 ] : preplace:sweep
       0 [      0 ]        0 [       0 ]       0 [      0 ]       0 [      0 ]     17500 [        0 ]         0 [        0 ]    0.00 [   0.00 ]       0 [      0 ]       0 [      0 ]       369 [        0 ] : preplace:hfn_opt
   -7643 [  -7643 ]  -475077 [ -475077 ]     549 [    549 ]     116 [    116 ]     17503 [        3 ]    336640 [   336640 ]    0.00 [   0.00 ]       0 [      0 ]       2 [      2 ]       437 [       68 ] : step1_gp
   -7643 [      0 ]  -475647 [    -570 ]     550 [      1 ]     100 [    -16 ]     17503 [        0 ]    351264 [    14624 ]    0.00 [   0.00 ]       0 [      0 ]       3 [      1 ]       437 [        0 ] : step1_legal
   -7593 [     50 ]  -792300 [ -316653 ]    1024 [    474 ]     724 [    624 ]     17503 [        0 ]    435520 [    84256 ]   76.48 [  76.48 ]       0 [      0 ]       5 [      2 ]       479 [       42 ] : step2_gp
   -4713 [   2880 ]  -249462 [  542838 ]      89 [   -935 ]    1126 [    402 ]     18075 [      572 ]    488743 [    53223 ]   64.48 [ -12.00 ]       0 [      0 ]      12 [      7 ]       497 [       18 ] : prepack:hfn_opt
   -4713 [      0 ]  -247646 [    1816 ]      88 [     -1 ]    1352 [    226 ]     18075 [        0 ]    490610 [     1867 ]   51.45 [ -13.03 ]       0 [      0 ]      14 [      2 ]       497 [        0 ] : prepack:bn_opt
   -4713 [      0 ]  -243862 [    3784 ]      81 [     -7 ]    1518 [    166 ]     18075 [        0 ]    556938 [    66328 ]   51.38 [  -0.07 ]       0 [      0 ]      16 [      2 ]       497 [        0 ] : prepack:path_opt
   -6093 [  -1380 ]  -247014 [   -3152 ]      82 [      1 ]    1415 [   -103 ]      6287 [   -11788 ]    533234 [   -23704 ]   51.38 [   0.00 ]       0 [      0 ]      20 [      4 ]       501 [        4 ] : pack
   -5493 [    600 ]  -252034 [   -5020 ]      90 [      8 ]     937 [   -478 ]      6287 [        0 ]    534283 [     1049 ]   52.69 [   1.31 ]       0 [      0 ]      24 [      4 ]       517 [       16 ] : post_pack_place
   -5493 [      0 ]  -252084 [     -50 ]      90 [      0 ]     916 [    -21 ]      6287 [        0 ]    539269 [     4986 ]   52.69 [   0.00 ]       0 [      0 ]      25 [      1 ]       517 [        0 ] : post_pack_spreading
   -4713 [    780 ]  -246680 [    5404 ]      87 [     -3 ]    1198 [    282 ]      6267 [      -20 ]    512511 [   -26758 ]   52.69 [   0.00 ]       0 [      0 ]      26 [      1 ]       518 [        1 ] : postpack:optimize_equivalent_quick
   -4713 [      0 ]  -249304 [   -2624 ]      88 [      1 ]    1204 [      6 ]      6436 [      169 ]    533917 [    21406 ]   52.69 [   0.00 ]       0 [      0 ]      30 [      4 ]       518 [        0 ] : postpack:hfn_opt
   -4713 [      0 ]  -243600 [    5704 ]      80 [     -8 ]    1271 [     67 ]      6436 [        0 ]    535629 [     1712 ]   49.97 [  -2.72 ]       0 [      0 ]      32 [      2 ]       525 [        7 ] : postpack:bn_opt
   -4713 [      0 ]  -243600 [       0 ]      80 [      0 ]    1323 [     52 ]      6436 [        0 ]    537613 [     1984 ]   50.45 [   0.48 ]       0 [      0 ]      34 [      2 ]       527 [        2 ] : postpack:path_opt
   -4713 [      0 ]  -243600 [       0 ]      80 [      0 ]    1323 [      0 ]      6436 [        0 ]    537613 [        0 ]   50.45 [   0.00 ]       0 [      0 ]      34 [      0 ]       527 [        0 ] : postpack:aggressive_opt
   -4713 [      0 ]  -243600 [       0 ]      80 [      0 ]    1375 [     52 ]      6405 [      -31 ]    529173 [    -8440 ]   50.45 [   0.00 ]       0 [      0 ]      36 [      2 ]       527 [        0 ] : postpack:optimize_equivalent
   -4713 [      0 ]  -243600 [       0 ]      80 [      0 ]    1375 [      0 ]      6405 [        0 ]    529173 [        0 ]   50.45 [   0.00 ]       0 [      0 ]      36 [      0 ]       527 [        0 ] : postpack:pin_opt

RUN-1003 : finish command "place" in  38.328428s wall, 50.843750s user + 1.765625s system = 52.609375s CPU (137.3%)

RUN-1004 : used memory is 527 MB, reserved memory is 516 MB, peak memory is 527 MB
RUN-1002 : start command "update_timing -mode manhattan"
RUN-1002 : start command "start_timer"
RUN-1003 : finish command "update_timing -mode manhattan" in  1.354053s wall, 1.343750s user + 0.015625s system = 1.359375s CPU (100.4%)

RUN-1004 : used memory is 527 MB, reserved memory is 516 MB, peak memory is 527 MB
RUN-1002 : start command "report_timing_summary -file UDP_EXAMPLE_place.timing"
RUN-1002 : start command "report_area -io_info -file UDP_EXAMPLE_phy.area"
RUN-1001 : standard
***Report Model: UDP_Example_Top Device: EG4S20BG256***

IO Statistics
#IO                        34   out of    188   18.09%
  #input                   21
  #output                  12
  #inout                    1
#virtual IO                 3
  #input                    0
  #output                   0
  #inout                    0

Utilization Statistics
#lut                    10782   out of  19600   55.01%
#reg                     8201   out of  19600   41.84%
#le                     11712
  #lut only              3511   out of  11712   29.98%
  #reg only               930   out of  11712    7.94%
  #lut&reg               7271   out of  11712   62.08%
#bram                      31   out of     64   48.44%
  #bram9k                  31
  #fifo9k                   0
#bram32k                    0   out of     16    0.00%
#dsp                        1   out of     29    3.45%
#pad                       34   out of    188   18.09%
  #ireg                    15
  #oreg                     8
  #treg                     0
#pll                        4   out of      4  100.00%
#gclk                       8   out of     16   50.00%

RUN-1002 : start command "flow_status -file place_flow.status"
Location         : C:\Users\Neko\Documents\FPGA\github_anlu\2025-Anlogic\video640 19fps\UDP_EG4_6.2\prj\UDP_EXAMPLE\UDP_EXAMPLE_Runs\phy_1
Running with     : Tang Dynasty v6.2.168116
                   Copyright (c) 2012-2025 Anlogic Inc.
Top Model        : UDP_Example_Top
Device           : EG4S20BG256
Speed            : NA

Timing Mode      : manhattan
Setup            : WNS -4713ps  TNS  -243600ps  NUM_FEPS    80
Hold             : WNS  -111ps  TNS    -1700ps  NUM_FEPS    50

Flow Statistics  :
RUN-1001 : Flow Statistics:
RUN-1001 : --------------------------------------------------------------------------------------------------
RUN-1001 :      command     |  #calls  |  wall time  |  cpu time(s)  |  used memory(mb)  |  peak memory(mb)  
RUN-1001 : --------------------------------------------------------------------------------------------------
RUN-1001 :       place      |    1     |  38s(100%)  |   51(100%)    |        527        |        527        
RUN-1001 :     import_db    |    3     |   0s(0%)    |     0(0%)     |        368        |        368        
RUN-1001 :   import_device  |    1     |   0s(0%)    |     0(0%)     |        86         |        86         
RUN-1001 :       pack       |    1     |   0s(0%)    |     0(0%)     |        369        |        369        
RUN-1001 : --------------------------------------------------------------------------------------------------
RUN-1001 :       total      |    6     |     38s     |      51       |        527        |        527        
RUN-1001 : --------------------------------------------------------------------------------------------------
RUN-1002 : start command "report_clock_utilization -file place_clock_utilization.txt"
RUN-1001 : Device not support command report_clock_utilization.
RUN-1002 : start command "export_db UDP_EXAMPLE_place.db"
RUN-1001 : Exported flow parameters
RUN-1001 : Exported /
RUN-1001 : Exported libs
RUN-1001 : Exported entities
RUN-1001 : Exported ports
RUN-1001 : Exported pins
RUN-1001 : Exported instances
RUN-1001 : Exported nets
RUN-1001 : Exported buses
RUN-1001 : Exported models
RUN-1001 : Exported phy database
RUN-1001 : Exported packer
RUN-1001 : Exported congestions
RUN-1001 : Exported violations
RUN-1001 : Exported ATMR Setting
RUN-1001 : Exported timing constraints
RUN-1001 : Exported IO constraints
RUN-1001 : Exported Inst constraints
RUN-1001 : Exported ChipWatcher
RUN-1002 : start command "commit_param -step route"
RUN-1001 : Print Global Property
RUN-1001 : --------------------------------------------------------
RUN-1001 :   Parameters   |  Settings  |  Default Values  |  Note  
RUN-1001 : --------------------------------------------------------
RUN-1001 :   enable_seed  |    off     |       off        |        
RUN-1001 :     message    |  standard  |     standard     |        
RUN-1001 :   qor_monitor  |     on     |        on        |        
RUN-1001 :   syn_ip_flow  |    off     |       off        |        
RUN-1001 :     thread     |    auto    |       auto       |        
RUN-1001 : --------------------------------------------------------
RUN-1001 : Print Route Property
RUN-1001 : -------------------------------------------------------
RUN-1001 :   Parameters  |  Settings  |  Default Values  |  Note  
RUN-1001 : -------------------------------------------------------
RUN-1001 :     effort    |   normal   |      normal      |        
RUN-1001 :    fix_hold   |     on     |        on        |        
RUN-1001 :     timing    |     on     |        on        |        
RUN-1001 : -------------------------------------------------------
RUN-1002 : start command "route"
RUN-1001 : Open license file D:/Anlogic/TD_6.2.1_Engineer_6.2.168.116/license/Anlogic.lic
PHY-1001 : Route runs in 12 thread(s)
RUN-1001 : There are total 6405 instances
RUN-1001 : 3132 mslices, 3133 lslices, 89 pads, 31 brams, 1 dsps
RUN-1001 : There are total 13724 nets
RUN-1001 : 6501 nets have 2 pins
RUN-1001 : 5739 nets have [3 - 5] pins
RUN-1001 : 731 nets have [6 - 10] pins
RUN-1001 : 343 nets have [11 - 20] pins
RUN-1001 : 395 nets have [21 - 99] pins
RUN-1001 : 15 nets have 100+ pins
RUN-1002 : start command "start_timer"
PHY-1001 : 3132 mslices, 3133 lslices, 89 pads, 31 brams, 1 dsps

PHY-1001 : Stage 1 | Global Routing
PHY-1001 : Start global routing, caller is route ...
RUN-1001 : Generating global routing grids ...
PHY-1001 : Generate routing nets ...
RUN-1001 : Generate nets statistics:
RUN-1001 : ----------------------------
RUN-1001 :        Type       |  Nets   
RUN-1001 : ----------------------------
RUN-1001 :   TotalRouteNets  |  13333  
RUN-1001 :   DontRouteNets   |   915   
RUN-1001 :     RouteNets     |  12418  
RUN-1001 :     RouteSinks    |  30237  
RUN-1001 : ----------------------------
PHY-1001 : Global iterations in 12 thread ...
PHY-1002 : len = 670840, over cnt = 1868(5%), over = 3353, worst = 10
PHY-1002 : len = 696176, over cnt = 1042(2%), over = 1541, worst = 10
PHY-1002 : len = 711240, over cnt = 427(1%), over = 648, worst = 8
PHY-1002 : len = 721536, over cnt = 5(0%), over = 5, worst = 1
PHY-1002 : len = 721704, over cnt = 0(0%), over = 0, worst = 0
PHY-1001 : End global iterations;  0.845929s wall, 1.250000s user + 0.000000s system = 1.250000s CPU (147.8%)

PHY-1001 : Congestion index:
PHY-1001 : top1  = 50.31(S 60.78, N 70.54, E 65.17, W 56.49, I 0.00, O 0.00)
PHY-1001 : top5  = 44.70(S 52.40, N 60.53, E 55.97, W 48.70, I 0.00, O 0.00)
PHY-1001 : top10 = 41.71(S 48.20, N 55.72, E 50.28, W 44.33, I 0.00, O 0.00)
PHY-1001 : top15 = 39.80(S 45.25, N 52.54, E 46.57, W 41.42, I 0.00, O 0.00)
PHY-1001 : End global routing;  1.051104s wall, 1.453125s user + 0.000000s system = 1.453125s CPU (138.2%)

PHY-1001 : End Stage 1 | Global Routing; Time: 1.051140s wall, 1.453125s user + 0.000000s system = 1.453125s CPU (138.2%); Memory(MB): used = 545, reserved = 644, peak = 545;

PHY-1001 : Stage 2 | Detail Routing
PHY-1001 : Stage 2.1 | Build Routing Design
PHY-1001 : Routing in high effort: false
PHY-1001 : Routing Mode: normal
PHY-1001 : Generate detailed routing grids ...
PHY-1001 : End build routing graph; 1.490592s wall, 1.453125s user + 0.031250s system = 1.484375s CPU (99.6%)

PHY-1001 : Generate nets ...
PHY-1001 : net clk_50_dup_1 will be routed on clock mesh
PHY-1001 : clock net temac_clk will be merged with clock u_clk_gen/u_pll_0/clk0_buf
PHY-1001 : net temac_clk90 will be routed on clock mesh
PHY-1001 : net udp_clk will be routed on clock mesh
PHY-1001 : clock net t3_sdram/u0_clk/clk0_out will be merged with clock t3_sdram/u0_clk/clk0_buf
PHY-1001 : net t3_sdram/u1_app_wrrd/clk will be routed on clock mesh
PHY-1001 : net t3_sdram/u2_ram/SDRAM_CLK will be routed on clock mesh
PHY-1001 : clock net cwc_jtck_syn_2 will be merged with clock cwc_jtck
PHY-1001 : clock net u_ov5640_dri/u_i2c_dr/dri_clk_syn_4 will be merged with clock u_ov5640_dri/u_i2c_dr/dri_clk
PHY-1001 : clock net t3_sdram/u1_app_wrrd/u_wr_fifo_sdr_data/clkw_syn_2 will be merged with clock t3_sdram/u1_app_wrrd/u_wr_fifo_sdr_data/clkw
PHY-1001 : net auto_created_cwc1/wrapper_cwc_top/U_cwc_ram/clka will be routed on clock mesh
PHY-1001 : clock net u4_trimac_block/rx_clk will be merged with clock u4_trimac_block/u1_rgmii_interface/rgmii_rxc
PHY-1001 : clock net u_ov5640_dri/u_i2c_dr/clk will be merged with clock u_pll_50/clk0_buf
PHY-1001 : clock net u_rx_pll/clk0_out will be merged with clock u_rx_pll/clk0_buf
RUN-1001 : Generate nets statistics:
RUN-1001 : ------------------------------
RUN-1001 :         Type        |  Nets   
RUN-1001 : ------------------------------
RUN-1001 :        Route        |  13333  
RUN-1001 :      DontRoute      |   391   
RUN-1001 :      RouteSinks     |  51091  
RUN-1001 :   RouteEntitySinks  |    0    
RUN-1001 :       Lut2Dff       |    0    
RUN-1001 :       Ram2Dff       |    0    
RUN-1001 :      Carry2Dff      |    0    
RUN-1001 : ------------------------------
RUN-1001 : DR clock net summary:
RUN-1001 : ---------------------------------------------------------------------------------
RUN-1001 :   Net Idx  |                       Net Name                       |  Clock Type  
RUN-1001 : ---------------------------------------------------------------------------------
RUN-1001 :      1     |   auto_created_cwc1/wrapper_cwc_top/U_cwc_ram/clka   |    Normal    
RUN-1001 :      2     |                     clk_50_dup_1                     |    Normal    
RUN-1001 :      3     |                    cwc_jtck_syn_2                    |    Normal    
RUN-1001 :      4     |               t3_sdram/u0_clk/clk0_out               |    Normal    
RUN-1001 :      5     |               t3_sdram/u1_app_wrrd/clk               |    Normal    
RUN-1001 :      6     |  t3_sdram/u1_app_wrrd/u_wr_fifo_sdr_data/clkw_syn_2  |    Normal    
RUN-1001 :      7     |              t3_sdram/u2_ram/SDRAM_CLK               |    Normal    
RUN-1001 :      8     |                      temac_clk                       |    Normal    
RUN-1001 :      9     |                     temac_clk90                      |    Normal    
RUN-1001 :     10     |                u4_trimac_block/rx_clk                |    Normal    
RUN-1001 :     11     |              u_ov5640_dri/u_i2c_dr/clk               |    Normal    
RUN-1001 :     12     |         u_ov5640_dri/u_i2c_dr/dri_clk_syn_4          |    Normal    
RUN-1001 :     13     |                  u_rx_pll/clk0_out                   |    Normal    
RUN-1001 :     14     |                       udp_clk                        |    Normal    
RUN-1001 : ---------------------------------------------------------------------------------
RUN-1001 : DR clock buffer summary:
RUN-1001 : ----------------
RUN-1001 :   Idx  |  Name  
RUN-1001 : ----------------
RUN-1001 : ----------------
PHY-1001 : End Stage 2.1 | Build Routing Design; Time: 1.749922s wall, 1.718750s user + 0.031250s system = 1.750000s CPU (100.0%); Memory(MB): used = 804, reserved = 793, peak = 804;

RUN-1001 : Top Percentage Crit. Net Stat.
RUN-1001 : -------------------------------------------------------
RUN-1001 :   Top %  |  Net Count  |  Avg. Fanout  |  Avg. Slack   
RUN-1001 : -------------------------------------------------------
RUN-1001 :     1    |     137     |   10.197080   |  235.204380   
RUN-1001 :     2    |     274     |   9.521898    |  578.901460   
RUN-1001 :     3    |     411     |   8.712895    |  747.566910   
RUN-1001 :     4    |     548     |   8.058394    |  867.981752   
RUN-1001 :     5    |     686     |   7.244898    |  960.241983   
RUN-1001 :     6    |     823     |   6.788578    |  1036.250304  
RUN-1001 :     7    |     960     |   6.372917    |  1100.811458  
RUN-1001 :     8    |    1097     |   5.938013    |  1157.814950  
RUN-1001 :     9    |    1235     |   5.587045    |  1210.825101  
RUN-1001 :    10    |    1372     |   5.755102    |  1260.881195  
RUN-1001 : -------------------------------------------------------
PHY-1001 : Stage 2.2 | Clock Nets Routing
PHY-1001 : Routed 0% nets.
PHY-1001 : len = 238320, over cnt = 0(0%), over = 0, worst = 0, crit = 0
PHY-1001 : End Stage 2.2 | Clock Nets Routing; Time: 5.232376s wall, 5.203125s user + 0.015625s system = 5.218750s CPU (99.7%); Memory(MB): used = 836, reserved = 824, peak = 836;

PHY-1001 : Stage 2.3 | Routing Initialization
PHY-1001 : Mark 1% net(place mode slack < 849ps) as critical nets.
PHY-1001 : Stage 2.3.1 | Normal Nets Routing
PHY-1001 : Routed 97% nets.
PHY-1001 : len = 1.28847e+06, over cnt = 2110(0%), over = 2118, worst = 2, crit = 0
PHY-1001 : End Stage 2.3.1 | Normal Nets Routing; Time: 19.010982s wall, 31.171875s user + 0.296875s system = 31.468750s CPU (165.5%); Memory(MB): used = 852, reserved = 841, peak = 852;

PHY-1001 : Stage 2.3.2 | Update Timing
RUN-1002 : start command "start_timer"
USR-1002 : Derived clock:  create_generated_clock -name {u_clk_gen/u_pll_0/pll_inst.clkc[0]} -source [get_ports {clk_50}] -master_clock {clk_in} -multiply_by 2.5000 -duty_cycle 50.0000 [get_pins {u_clk_gen/u_pll_0/pll_inst.clkc[0]}]
USR-1002 : Derived clock:  create_generated_clock -name {u_clk_gen/u_pll_0/pll_inst.clkc[1]} -source [get_ports {clk_50}] -master_clock {clk_in} -multiply_by 2.5000 -duty_cycle 50.0000 [get_pins {u_clk_gen/u_pll_0/pll_inst.clkc[1]}]
USR-1002 : Derived clock:  create_generated_clock -name {u_clk_gen/u_pll_0/pll_inst.clkc[4]} -source [get_ports {clk_50}] -master_clock {clk_in} -multiply_by 2.5000 -phase 90 -duty_cycle 50.0000 [get_pins {u_clk_gen/u_pll_0/pll_inst.clkc[4]}]
USR-1002 : Derived clock:  create_generated_clock -name {u_pll_50/pll_inst.clkc[0]} -source [get_ports {clk_50}] -master_clock {clk_in} -multiply_by 1.0000 -duty_cycle 50.0000 [get_pins {u_pll_50/pll_inst.clkc[0]}]
USR-1002 : Derived clock:  create_generated_clock -name {u_rx_pll/pll_inst.clkc[0]} -source [get_ports {phy1_rgmii_rx_clk}] -master_clock {phy1_rgmii_rx_clk} -multiply_by 1.0000 -duty_cycle 50.0000 [get_pins {u_rx_pll/pll_inst.clkc[0]}]
USR-1002 : Derived clock:  create_generated_clock -name {u_rx_pll/pll_inst.clkc[1]} -source [get_ports {phy1_rgmii_rx_clk}] -master_clock {phy1_rgmii_rx_clk} -multiply_by 1.0000 -duty_cycle 50.0000 [get_pins {u_rx_pll/pll_inst.clkc[1]}]
USR-1002 : Derived clock:  create_generated_clock -name {t3_sdram/u0_clk/pll_inst.clkc[0]} -source [get_pins {u_pll_50/pll_inst.clkc[0]}] -master_clock {u_pll_50/pll_inst.clkc[0]} -divide_by 4.0000 -duty_cycle 50.0000 [get_pins {t3_sdram/u0_clk/pll_inst.clkc[0]}]
USR-1002 : Derived clock:  create_generated_clock -name {t3_sdram/u0_clk/pll_inst.clkc[1]} -source [get_pins {u_pll_50/pll_inst.clkc[0]}] -master_clock {u_pll_50/pll_inst.clkc[0]} -multiply_by 2.5000 -duty_cycle 50.0000 [get_pins {t3_sdram/u0_clk/pll_inst.clkc[1]}]
USR-1002 : Derived clock:  create_generated_clock -name {t3_sdram/u0_clk/pll_inst.clkc[2]} -source [get_pins {u_pll_50/pll_inst.clkc[0]}] -master_clock {u_pll_50/pll_inst.clkc[0]} -multiply_by 2.5000 -phase 180 -duty_cycle 50.0000 [get_pins {t3_sdram/u0_clk/pll_inst.clkc[2]}]
8.000000
USR-8130 CRITICAL-WARNING: No clock match the pattern: u_clk_gen/u_pll_0/pll_inst.clkc\[3\].
USR-8124 CRITICAL-WARNING: Rename_clock: please specify object list.
USR-8159 CRITICAL-WARNING: Command rename_clock -name {pll_inst_25M} [get_clocks {u_clk_gen/u_pll_0/pll_inst.clkc[3]}] in C:/Users/Neko/Documents/FPGA/github_anlu/2025-Anlogic/video640 19fps/UDP_EG4_6.2/source_code/constraints/UDP.sdc(8) fails.
RUN-1003 : finish command "start_timer" in  1.631374s wall, 1.640625s user + 0.000000s system = 1.640625s CPU (100.6%)

RUN-1004 : used memory is 853 MB, reserved memory is 841 MB, peak memory is 853 MB
TMR-2502 : Net delay update with mode: Routed
PHY-1001 : 3911/13333(29%) critical/total net(s).
PHY-1001 : Setup: WNS(ns) = -6.699, TNS(ns) = -1741.523, FEP = 2024 | Hold: WNS(ns) = -1.540, TNS(ns) = -18.074, FEP = 93.
PHY-1001 : End Stage 2.3.2 | Update Timing; Time: 2.779513s wall, 2.750000s user + 0.015625s system = 2.765625s CPU (99.5%); Memory(MB): used = 858, reserved = 847, peak = 858;

PHY-1001 : End Stage 2.3 | Routing Initialization; Time: 21.828277s wall, 34.015625s user + 0.421875s system = 34.437500s CPU (157.8%); Memory(MB): used = 858, reserved = 847, peak = 858;

PHY-1001 : Stage 2.4 | Routing Optimization
PHY-1001 : Build lut bridge;  0.062725s wall, 0.062500s user + 0.000000s system = 0.062500s CPU (99.6%)

PHY-1001 : Stage 2.4.1 | Phase 1
PHY-1001 : Stage 2.4.1.1 | Setup TimeOptimization
PHY-1001 : Start to optimize setup violation with net base ...
PHY-1001 : Iter 1; Processed 399 pins with SWNS -6.699ns STNS -556.126ns FEP 759 took 10.6061 seconds.
PHY-1001 : len = 1.30497e+06, over cnt = 2407(0%), over = 2433, worst = 2, crit = 3
PHY-1001 : End Stage 2.4.1.1 | Setup TimeOptimization; Time: 10.704447s wall, 10.796875s user + 0.140625s system = 10.937500s CPU (102.2%); Memory(MB): used = 860, reserved = 848, peak = 860;

PHY-1001 : Stage 2.4.1.2 | Rip-up And ReRoute
PHY-1001 : Iter 1: len = 1.31364e+06, over cnt = 823(0%), over = 825, worst = 2, crit = 0, time(s) = 1.43
PHY-1001 : Iter 2: len = 1.31538e+06, over cnt = 424(0%), over = 424, worst = 1, crit = 0, time(s) = 0.46
PHY-1001 : Iter 3: len = 1.3154e+06, over cnt = 326(0%), over = 326, worst = 1, crit = 0, time(s) = 0.25
PHY-1001 : Iter 4: len = 1.31889e+06, over cnt = 72(0%), over = 72, worst = 1, crit = 0, time(s) = 0.19
PHY-1001 : Iter 5: len = 1.31919e+06, over cnt = 51(0%), over = 51, worst = 1, crit = 0, time(s) = 0.06
PHY-1001 : Iter 6: len = 1.31925e+06, over cnt = 48(0%), over = 48, worst = 1, crit = 0, time(s) = 0.05
PHY-1001 : Iter 7: len = 1.31925e+06, over cnt = 48(0%), over = 48, worst = 1, crit = 0, time(s) = 0.05
PHY-1001 : Iter 8: len = 1.32054e+06, over cnt = 7(0%), over = 7, worst = 1, crit = 0, time(s) = 0.04
PHY-1001 : Iter 9: len = 1.32067e+06, over cnt = 3(0%), over = 3, worst = 1, crit = 0, time(s) = 0.03
PHY-1001 : Iter 10: len = 1.3207e+06, over cnt = 1(0%), over = 1, worst = 1, crit = 0, time(s) = 0.02
PHY-1001 : Iter 11: len = 1.3207e+06, over cnt = 1(0%), over = 1, worst = 1, crit = 0, time(s) = 0.02
PHY-1001 : Iter 12: len = 1.32074e+06, over cnt = 0(0%), over = 0, worst = 0, crit = 0, time(s) = 0.02
PHY-1001 : End Stage 2.4.1.2 | Rip-up And ReRoute; Time: 2.654934s wall, 5.578125s user + 0.046875s system = 5.625000s CPU (211.9%); Memory(MB): used = 861, reserved = 848, peak = 861;

PHY-1001 : Stage 2.4.1.3 | Update Timing
RUN-1002 : start command "start_timer"
PHY-1001 : 3677/13333(27%) critical/total net(s).
PHY-1001 : Setup: WNS(ns) = -6.699, TNS(ns) = -1504.607, FEP = 1631 | Hold: WNS(ns) = -1.406, TNS(ns) = -17.536, FEP = 86.
PHY-1001 : End Stage 2.4.1.3 | Update Timing; Time: 1.844822s wall, 1.812500s user + 0.015625s system = 1.828125s CPU (99.1%); Memory(MB): used = 861, reserved = 849, peak = 861;

PHY-1001 : Stage 2.4.1.4 | Commit Data
PHY-1001 : Commit better result to database ...
PHY-1001 : 660 feed throughs used by 505 nets
PHY-1001 : End Stage 2.4.1.4 | Commit Data; Time: 0.610611s wall, 0.593750s user + 0.015625s system = 0.609375s CPU (99.8%); Memory(MB): used = 915, reserved = 903, peak = 915;

PHY-1001 : End Stage 2.4.1 | Phase 1; Time: 15.947208s wall, 18.906250s user + 0.218750s system = 19.125000s CPU (119.9%); Memory(MB): used = 915, reserved = 903, peak = 915;

PHY-1001 : Stage 2.4.2 | Phase 2
PHY-1001 : Stage 2.4.2.1 | Setup TimeOptimization
PHY-1001 : Start to optimize setup violation with net base ...
PHY-1001 : Iter 1; Processed 206 pins with SWNS -6.699ns STNS -686.446ns FEP 882 took 4.34716 seconds.
PHY-1001 : len = 1.32679e+06, over cnt = 172(0%), over = 172, worst = 1, crit = 0
PHY-1001 : End Stage 2.4.2.1 | Setup TimeOptimization; Time: 4.441099s wall, 4.609375s user + 0.000000s system = 4.609375s CPU (103.8%); Memory(MB): used = 917, reserved = 905, peak = 917;

PHY-1001 : Stage 2.4.2.2 | Rip-up And ReRoute
PHY-0007 : Congestion: {52.36, 47.34, 44.68, 42.95}; Timing: {-6.699ns, -686.446ns, 882}
PHY-1001 : Iter 1: len = 1.3257e+06, over cnt = 8(0%), over = 8, worst = 1, crit = 0, time(s) = 0.17
PHY-1001 : Iter 2: len = 1.32554e+06, over cnt = 3(0%), over = 3, worst = 1, crit = 0, time(s) = 0.03
PHY-1001 : Iter 3: len = 1.32554e+06, over cnt = 3(0%), over = 3, worst = 1, crit = 0, time(s) = 0.03
PHY-1001 : Iter 4: len = 1.32557e+06, over cnt = 2(0%), over = 2, worst = 1, crit = 0, time(s) = 0.04
PHY-1001 : Iter 5: len = 1.32557e+06, over cnt = 2(0%), over = 2, worst = 1, crit = 0, time(s) = 0.04
PHY-1001 : Iter 6: len = 1.32557e+06, over cnt = 2(0%), over = 2, worst = 1, crit = 0, time(s) = 0.04
PHY-1001 : Iter 7: len = 1.32562e+06, over cnt = 1(0%), over = 1, worst = 1, crit = 0, time(s) = 0.03
PHY-1001 : Iter 8: len = 1.32562e+06, over cnt = 0(0%), over = 0, worst = 0, crit = 0, time(s) = 0.02
PHY-1001 : End Stage 2.4.2.2 | Rip-up And ReRoute; Time: 0.432046s wall, 0.703125s user + 0.000000s system = 0.703125s CPU (162.7%); Memory(MB): used = 917, reserved = 905, peak = 917;

PHY-1001 : Stage 2.4.2.3 | Update Timing
RUN-1002 : start command "start_timer"
PHY-1001 : 3572/13333(26%) critical/total net(s).
PHY-1001 : Setup: WNS(ns) = -6.699, TNS(ns) = -1320.791, FEP = 1590 | Hold: WNS(ns) = -1.406, TNS(ns) = -17.536, FEP = 86.
PHY-1001 : End Stage 2.4.2.3 | Update Timing; Time: 1.730387s wall, 1.718750s user + 0.000000s system = 1.718750s CPU (99.3%); Memory(MB): used = 917, reserved = 906, peak = 917;

PHY-1001 : Stage 2.4.2.4 | Commit Data
PHY-1001 : Commit better result to database ...
PHY-1001 : 677 feed throughs used by 525 nets
PHY-1001 : End Stage 2.4.2.4 | Commit Data; Time: 0.641215s wall, 0.640625s user + 0.000000s system = 0.640625s CPU (99.9%); Memory(MB): used = 917, reserved = 906, peak = 917;

PHY-1001 : End Stage 2.4.2 | Phase 2; Time: 7.368712s wall, 7.796875s user + 0.125000s system = 7.921875s CPU (107.5%); Memory(MB): used = 917, reserved = 906, peak = 917;

PHY-1001 : End Stage 2.4 | Routing Optimization; Time: 24.565775s wall, 27.953125s user + 0.343750s system = 28.296875s CPU (115.2%); Memory(MB): used = 917, reserved = 906, peak = 917;

PHY-1003 : Routed, final wirelength = 1.32562e+06
RUN-1002 : start command "export_db UDP_EXAMPLE_pr.db"
RUN-1001 : Exported flow parameters
RUN-1001 : Exported /
RUN-1001 : Exported libs
RUN-1001 : Exported entities
RUN-1001 : Exported ports
RUN-1001 : Exported pins
RUN-1001 : Exported instances
RUN-1001 : Exported nets
RUN-1001 : Exported buses
RUN-1001 : Exported models
RUN-1001 : Exported phy database
RUN-1001 : Exported packer
RUN-1001 : Exported congestions
RUN-1001 : Exported violations
RUN-1001 : Exported ATMR Setting
RUN-1001 : Exported timing constraints
RUN-1001 : Exported IO constraints
RUN-1001 : Exported Inst constraints
RUN-1001 : Exported ChipWatcher
PHY-1001 : Current memory(MB): used = 953, reserved = 1060, peak = 953.
PHY-1001 : End export database. 0.362788s wall, 0.484375s user + 0.031250s system = 0.515625s CPU (142.1%)

PHY-1001 : End detail routing;  54.750780s wall, 70.375000s user + 0.843750s system = 71.218750s CPU (130.1%)

PHY-1001 : End Stage 2 | Detail Routing; Time: 54.750853s wall, 70.375000s user + 0.843750s system = 71.218750s CPU (130.1%); Memory(MB): used = 953, reserved = 1060, peak = 953;

PHY-1001 : Stage 3 | Hold Fix
RUN-1002 : start command "start_timer"
RUN-1001 : Too much hold violation, please check the src code.
PHY-1001 : End Stage 3 | Hold Fix; Time: 1.658204s wall, 1.656250s user + 0.000000s system = 1.656250s CPU (99.9%); Memory(MB): used = 953, reserved = 1060, peak = 953;

PHY-1001 : Stage 4 | Report Route Qor
RUN-1002 : start command "report_qor -step route -file route.qor"
RUN-1002 : start command "start_timer"
-----------------------------------------------------------
| QoR metrics               |         value               |
-----------------------------------------------------------
| Timing                    |                             |
|     Setup WNS             |        -6699                |
|     Setup TNS             |     -1320791                |
|     Num of violated S-EP  |         1590                |
|     Hold WNS              |        -1406                |
|     Hold TNS              |       -17536                |
|     Num of violated H-EP  |           86                |
-----------------------------------------------------------
| Routing Resource          |                             |
|     Wire length           |      1325624                |
-----------------------------------------------------------
| Utilization               |                             |
|     #slices               |         6265                |
|     slices percentage     |       63.93%                |
|     #RAMs                 |           31                |
|     #DSPs                 |            1                |
|     #DRAMHARDCON          |            0                |
-----------------------------------------------------------
Report route stage QoR done.

RUN-1003 : finish command "report_qor -step route -file route.qor" in  1.686562s wall, 1.687500s user + 0.000000s system = 1.687500s CPU (100.1%)

RUN-1004 : used memory is 953 MB, reserved memory is 1060 MB, peak memory is 953 MB
RUN-1002 : start command "update_timing -mode final"
RUN-1002 : start command "start_timer"
RUN-1003 : finish command "update_timing -mode final" in  1.648020s wall, 1.640625s user + 0.000000s system = 1.640625s CPU (99.6%)

RUN-1004 : used memory is 953 MB, reserved memory is 1060 MB, peak memory is 953 MB
RUN-1002 : start command "report_timing_summary -file final_timing.rpt"
OPT-1001 : QoR tracer report on route step:
    SWNS [   incr ]      STNS [     incr ]  S-FEPS [   incr ]    HWNS [   incr ]      HTNS [     incr ]    H-FEPS [     incr ]    CELL [   incr ]       WL [    incr ]   RT(s) [   incr ]   MEM(mb) [     incr ]
   -6699 [      0 ]  -1741523 [        0 ]    2024 [      0 ]   -1540 [      0 ]    -18074 [        0 ]        93 [        0 ]    6405 [      0 ]  1288472 [       0 ]      32 [      0 ]       858 [        0 ] : dr_initialization
   -6699 [      0 ]   -556126 [  1185397 ]     759 [  -1265 ]   -1540 [      0 ]    -18074 [        0 ]        93 [        0 ]    6405 [      0 ]  1304968 [   16496 ]      44 [     12 ]       860 [        2 ] : dr_timing_opt_phase1
   -6699 [      0 ]  -1504607 [  -948481 ]    1631 [    872 ]   -1406 [    134 ]    -17536 [      538 ]        86 [       -7 ]    6405 [      0 ]  1320736 [   15768 ]      49 [      5 ]       915 [       55 ] : dr_opt_phase1
   -6699 [      0 ]   -686446 [   818161 ]     882 [   -749 ]   -1406 [      0 ]    -17536 [        0 ]        86 [        0 ]    6405 [      0 ]  1326792 [    6056 ]      53 [      4 ]       917 [        2 ] : dr_timing_opt_phase2
   -6699 [      0 ]  -1320791 [  -634345 ]    1590 [    708 ]   -1406 [      0 ]    -17536 [        0 ]        86 [        0 ]    6405 [      0 ]  1325624 [   -1168 ]      56 [      3 ]       917 [        0 ] : dr_opt_phase2
   -6699 [      0 ]  -1320791 [        0 ]    1590 [      0 ]   -1406 [      0 ]    -17536 [        0 ]        86 [        0 ]    6405 [      0 ]  1325624 [       0 ]      56 [      0 ]       917 [        0 ] : multi_try_opt
   -6699 [      0 ]  -1320791 [        0 ]    1590 [      0 ]   -1406 [      0 ]    -17536 [        0 ]        86 [        0 ]    6405 [      0 ]  1325624 [       0 ]      58 [      2 ]       953 [       36 ] : fix_hold_opt

PHY-1001 : End Stage 4 | Report Route Qor; Time: 3.384095s wall, 3.390625s user + 0.000000s system = 3.390625s CPU (100.2%); Memory(MB): used = 953, reserved = 1060, peak = 953;

PHY-1001 : Stage 5 | Routing DRC
PHY-1001 : Start multi-drive drc check......
PHY-1001 : No multi-drive.
PHY-1001 : Stage 5.1 | Clock Net Status Check
PHY-1001 : 1 clock net(s) utilize local routing resource.
PHY-5079 CRITICAL-WARNING: Marked 1 clock net(s) utilize the local routing resources. Please check log message and the sinks of clock nets.
RUN-1001 : CTS Local Wire Summary
RUN-1001 : -------------------------------------------------------------------------------------------------------------------------------
RUN-1001 :               ClockName              |  DriverType  |  Clock/Fanout  |  LocalWireNum  |           NetName           |  Marked  
RUN-1001 : -------------------------------------------------------------------------------------------------------------------------------
RUN-1001 :   t3_sdram/u0_clk/pll_inst.clkc[2]   |  AL_PHY_PLL  |      0/1       |       1        |  t3_sdram/u2_ram/SDRAM_CLK  |   true   
RUN-1001 : -------------------------------------------------------------------------------------------------------------------------------
PHY-1001 : End Stage 5.1 | Clock Net Status Check; Time: 0.002685s wall, 0.000000s user + 0.000000s system = 0.000000s CPU (n/a%); Memory(MB): used = 953, reserved = 1060, peak = 953;

PHY-1001 : Stage 5.2 | Abnormal Timing Path check
PHY-5089 WARNING: Skip 13 abnormal timing path for routing due to clock skew is greater than 1000ps or hold slack is less than -1000ps, use load pr.db and report_abnormal_timing_target -file to get detail message. If need to fix these hold violation, place turn on hold fix high.
PHY-1001 : End Stage 5.2 | Abnormal Timing Path check; Time: 0.076689s wall, 0.078125s user + 0.000000s system = 0.078125s CPU (101.9%); Memory(MB): used = 953, reserved = 1060, peak = 953;

PHY-1001 : End Stage 5 | Routing DRC; Time: 0.132081s wall, 0.109375s user + 0.015625s system = 0.125000s CPU (94.6%); Memory(MB): used = 953, reserved = 1060, peak = 953;

RUN-1003 : finish command "route" in  62.415320s wall, 78.421875s user + 0.859375s system = 79.281250s CPU (127.0%)

RUN-1004 : used memory is 953 MB, reserved memory is 1060 MB, peak memory is 953 MB
RUN-1002 : start command "report_area -io_info -file UDP_EXAMPLE_phy.area"
RUN-1001 : standard
***Report Model: UDP_Example_Top Device: EG4S20BG256***

IO Statistics
#IO                        34   out of    188   18.09%
  #input                   21
  #output                  12
  #inout                    1
#virtual IO                 3
  #input                    0
  #output                   0
  #inout                    0

Utilization Statistics
#lut                    10782   out of  19600   55.01%
#reg                     8201   out of  19600   41.84%
#le                     11712
  #lut only              3511   out of  11712   29.98%
  #reg only               930   out of  11712    7.94%
  #lut&reg               7271   out of  11712   62.08%
#bram                      31   out of     64   48.44%
  #bram9k                  31
  #fifo9k                   0
#bram32k                    0   out of     16    0.00%
#dsp                        1   out of     29    3.45%
#pad                       34   out of    188   18.09%
  #ireg                    15
  #oreg                     8
  #treg                     0
#pll                        4   out of      4  100.00%
#gclk                       8   out of     16   50.00%


DataNet Average Fanout:

   Index     Fanout     Nets  
    #1          1       6404  
    #2          2       3981  
    #3          3       806   
    #4          4       952   
    #5        5-10      787   
    #6        11-50     610   
    #7       51-100      66   
    #8       101-500     6    
    #9        >500       1    
  Average     3.38            

RUN-1002 : start command "update_timing -mode final"
RUN-1002 : start command "start_timer"
RUN-1003 : finish command "update_timing -mode final" in  1.660290s wall, 1.671875s user + 0.000000s system = 1.671875s CPU (100.7%)

RUN-1004 : used memory is 953 MB, reserved memory is 1060 MB, peak memory is 953 MB
RUN-1002 : start command "report_timing_status -file UDP_EXAMPLE_phy.ts"
RUN-1002 : start command "report_timing_summary -file UDP_EXAMPLE_pr.timing"
RUN-1002 : start command "report_timing_exception -file UDP_EXAMPLE_exception.timing"
RUN-1002 : start command "flow_status -file route_flow.status"
Location         : C:\Users\Neko\Documents\FPGA\github_anlu\2025-Anlogic\video640 19fps\UDP_EG4_6.2\prj\UDP_EXAMPLE\UDP_EXAMPLE_Runs\phy_1
Running with     : Tang Dynasty v6.2.168116
                   Copyright (c) 2012-2025 Anlogic Inc.
Top Model        : UDP_Example_Top
Device           : EG4S20BG256
Speed            : NA

Timing Mode      : final
Setup            : WNS -6699ps  TNS -1320791ps  NUM_FEPS  1590
Hold             : WNS -1406ps  TNS   -17536ps  NUM_FEPS    86

Flow Statistics  :
RUN-1001 : Flow Statistics:
RUN-1001 : --------------------------------------------------------------------------------------------------
RUN-1001 :      command     |  #calls  |  wall time  |  cpu time(s)  |  used memory(mb)  |  peak memory(mb)  
RUN-1001 : --------------------------------------------------------------------------------------------------
RUN-1001 :       route      |    1     |  1m2s(62%)  |    78(60%)    |        953        |        953        
RUN-1001 :       place      |    1     |  38s(38%)   |    51(39%)    |        527        |        527        
RUN-1001 :     import_db    |    3     |   0s(0%)    |     0(0%)     |        368        |        368        
RUN-1001 :   import_device  |    1     |   0s(0%)    |     0(0%)     |        86         |        86         
RUN-1001 :       pack       |    1     |   0s(0%)    |     0(0%)     |        369        |        369        
RUN-1001 : --------------------------------------------------------------------------------------------------
RUN-1001 :       total      |    7     |    1m40s    |      129      |        953        |        953        
RUN-1001 : --------------------------------------------------------------------------------------------------
RUN-1002 : start command "report_clock_utilization -file route_clock_utilization.txt"
RUN-1001 : Device not support command report_clock_utilization.
RUN-1002 : start command "export_db UDP_EXAMPLE_pr.db"
RUN-1001 : Exported flow parameters
RUN-1001 : Exported /
RUN-1001 : Exported libs
RUN-1001 : Exported entities
RUN-1001 : Exported ports
RUN-1001 : Exported pins
RUN-1001 : Exported instances
RUN-1001 : Exported nets
RUN-1001 : Exported buses
RUN-1001 : Exported models
RUN-1001 : Exported phy database
RUN-1001 : Exported packer
RUN-1001 : Exported congestions
RUN-1001 : Exported violations
RUN-1001 : Exported ATMR Setting
RUN-1001 : Exported timing constraints
RUN-1001 : Exported IO constraints
RUN-1001 : Exported Inst constraints
RUN-1001 : Exported ChipWatcher
RUN-1002 : start command "commit_param -step bitgen"
RUN-1001 : Print Global Property
RUN-1001 : --------------------------------------------------------
RUN-1001 :   Parameters   |  Settings  |  Default Values  |  Note  
RUN-1001 : --------------------------------------------------------
RUN-1001 :   enable_seed  |    off     |       off        |        
RUN-1001 :     message    |  standard  |     standard     |        
RUN-1001 :   qor_monitor  |     on     |        on        |        
RUN-1001 :   syn_ip_flow  |    off     |       off        |        
RUN-1001 :     thread     |    auto    |       auto       |        
RUN-1001 : --------------------------------------------------------
RUN-1001 : Print Bitgen Property
RUN-1001 : -------------------------------------------------------------
RUN-1001 :      Parameters     |  Settings  |  Default Values  |  Note  
RUN-1001 : -------------------------------------------------------------
RUN-1001 :         bin         |    off     |       off        |        
RUN-1001 :       gen_mask      |    off     |       off        |        
RUN-1001 :      time_info      |     on     |        on        |        
RUN-1001 :   unused_io_status  |   pullup   |      pullup      |        
RUN-1001 :       version       |    0x00    |       0x00       |        
RUN-1001 : -------------------------------------------------------------
RUN-1002 : start command "bitgen -bit UDP_EXAMPLE.bit"
RUN-1002 : start command "export_bid UDP_EXAMPLE_inst.bid"
BIT-1003 : Start to generate bitstream. 
BIT-1002 : Init instances with 12 threads.
BIT-1002 : Init instances completely, inst num: 6400
BIT-1002 : Init pips with 12 threads.
BIT-1002 : Init pips completely, net num: 13328, pip num: 138478
BIT-1002 : Init feedthrough with 12 threads.
BIT-1002 : Init feedthrough completely, num: 677
BIT-1003 : Multithreading accelaration with 12 threads.
BIT-1003 : Generate bitstream completely, there are 400015 bits set as '1'.
BIT-1004 : PLL setting string = 1111
BIT-1004 : Generate bits file UDP_EXAMPLE.bit.
RUN-1003 : finish command "bitgen -bit UDP_EXAMPLE.bit" in  1.966248s wall, 17.968750s user + 0.609375s system = 18.578125s CPU (944.9%)

RUN-1004 : used memory is 957 MB, reserved memory is 1060 MB, peak memory is 957 MB
RUN-1002 : start command "setup_debugger ../../chip_debugger"
KIT-1004 : Update chipwatcher trigger condition
KIT-1004 : Generate chipwatcher configuration file: cw/compiled.cwc
KIT-1004 : Generate chipwatcher bit file: cw/compiled.bit
RUN-1002 : start command "export_bitgen_param -file .bitgen_param.f"
RUN-1002 : start command "export_flow_status -s opt_place -e bitgen"
RUN-1002 : start command "flow_status"

Location         : C:\Users\Neko\Documents\FPGA\github_anlu\2025-Anlogic\video640 19fps\UDP_EG4_6.2\prj\UDP_EXAMPLE\UDP_EXAMPLE_Runs\phy_1
Running with     : Tang Dynasty v6.2.168116
                   Copyright (c) 2012-2025 Anlogic Inc.
Top Model        : UDP_Example_Top
Device           : EG4S20BG256
Speed            : NA

Timing Mode      : final
Setup            : WNS -6699ps  TNS -1320791ps  NUM_FEPS  1590
Hold             : WNS -1406ps  TNS   -17536ps  NUM_FEPS    86

RUN-1001 : Flow Statistics:
RUN-1001 : --------------------------------------------------------------------------------------------------
RUN-1001 :      command     |  #calls  |  wall time  |  cpu time(s)  |  used memory(mb)  |  peak memory(mb)  
RUN-1001 : --------------------------------------------------------------------------------------------------
RUN-1001 :       route      |    1     |  1m2s(61%)  |    78(53%)    |        953        |        953        
RUN-1001 :       place      |    1     |  38s(37%)   |    51(34%)    |        527        |        527        
RUN-1001 :      bitgen      |    1     |   1s(0%)    |    17(11%)    |        957        |        957        
RUN-1001 :     import_db    |    3     |   0s(0%)    |     0(0%)     |        368        |        368        
RUN-1001 :   import_device  |    1     |   0s(0%)    |     0(0%)     |        86         |        86         
RUN-1001 :       pack       |    1     |   0s(0%)    |     0(0%)     |        369        |        369        
RUN-1001 : --------------------------------------------------------------------------------------------------
RUN-1001 :       total      |    8     |    1m41s    |      146      |        957        |        957        
RUN-1001 : --------------------------------------------------------------------------------------------------
