============================================================
   Tang Dynasty, V6.2.168116
   Copyright (c) 2012-2025 Anlogic Inc.
   Executable = D:/Anlogic/TD_6.2.1_Engineer_6.2.168.116/bin/td.exe
   Built at =   16:32:07 Jun 12 2025
   Run by =     Administrator
   Run Date =   Sun Nov  2 21:18:28 2025

   Run on =     WIN-61TPHHLRMOG
============================================================
RUN-1002 : start command "import_db D:/Anlu/double_fpga_udp/tx/sdram_switch/UDP_EG4_6.2/prj/UDP_EXAMPLE/UDP_EXAMPLE_Runs/phy_1/UDP_EXAMPLE_pr.db"
RUN-1001 : Importing database generated by Tang Dynasty, V6.2.175876.
RUN-1001 : Database version number 46207
RUN-1001 : Import flow parameters
RUN-1001 : Import netlist
PHY-1001 : Generate detailed routing grids ...
PHY-1001 : End build routing graph; 4.852962s wall, 4.984375s user + 0.390625s system = 5.375000s CPU (110.8%)

PHY-1001 : Processed IO instance sd_miso_syn_4 with INV attribute.
PHY-1001 : Build lut bridge;  0.203641s wall, 0.140625s user + 0.000000s system = 0.140625s CPU (69.1%)

PHY-1001 : Generate nets ...
PHY-1001 : net cam_pclk_dup_1 will be routed on clock mesh
PHY-1001 : net clk_50_dup_1 will be routed on clock mesh
PHY-1001 : net clk_50m_180deg will be routed on clock mesh
PHY-1001 : clock net temac_clk will be merged with clock u_clk_gen/u_pll_0/clk0_buf
PHY-1001 : net temac_clk90 will be routed on clock mesh
PHY-1001 : net udp_clk will be routed on clock mesh
PHY-1001 : clock net t3_sdram/u0_clk/clk0_out will be merged with clock t3_sdram/u0_clk/clk0_buf
PHY-1001 : net t3_sdram/u1_app_wrrd/clk will be routed on clock mesh
PHY-1001 : net t3_sdram/u1_app_wrrd/sd_clk will be routed on clock mesh
PHY-1001 : net t3_sdram/u2_ram/SDRAM_CLK will be routed on clock mesh
PHY-1001 : clock net cwc_jtck_syn_2 will be merged with clock cwc_jtck
PHY-1001 : clock net u_sd_ctrl_top/u_sd_init/div_clk_syn_4 will be merged with clock u_sd_ctrl_top/u_sd_init/div_clk
PHY-1001 : net auto_created_cwc1/wrapper_cwc_top/U_cwc_ram/clka will be routed on clock mesh
PHY-1001 : clock net u_sdram_write_sel/clk_cfg will be merged with clock u_pll_50/clk0_buf
PHY-1001 : clock net u4_trimac_block/rx_clk will be merged with clock u4_trimac_block/u1_rgmii_interface/rgmii_rxc
PHY-1001 : clock net u_rx_pll/clk0_out will be merged with clock u_rx_pll/clk0_buf
PHY-1001 : eco open net = 0
PHY-1001 : 183 feed throughs used by 158 nets
RUN-1001 : Import phy database
RUN-1001 : Import timing constraints
RUN-1001 : Import IO constraints
RUN-1001 : Import Inst constraints
RUN-1001 : Import ChipWatcher
RUN-1001 : Import design success TD_VERSION=6.2.175876 , DB_VERSION=46207
RUN-1003 : finish command "import_db D:/Anlu/double_fpga_udp/tx/sdram_switch/UDP_EG4_6.2/prj/UDP_EXAMPLE/UDP_EXAMPLE_Runs/phy_1/UDP_EXAMPLE_pr.db" in  9.822009s wall, 9.921875s user + 0.937500s system = 10.859375s CPU (110.6%)

RUN-1004 : used memory is 668 MB, reserved memory is 630 MB, peak memory is 730 MB
RUN-1002 : start command "commit_param -step design"
RUN-1001 : Print Global Property
RUN-1001 : --------------------------------------------------------
RUN-1001 :   Parameters   |  Settings  |  Default Values  |  Note  
RUN-1001 : --------------------------------------------------------
RUN-1001 :   enable_seed  |    off     |       off        |        
RUN-1001 :     message    |  standard  |     standard     |        
RUN-1001 :   qor_monitor  |     on     |        on        |        
RUN-1001 :   syn_ip_flow  |    off     |       off        |        
RUN-1001 :     thread     |    auto    |       auto       |        
RUN-1001 : --------------------------------------------------------
RUN-1001 : Print Design Property
RUN-1001 : ----------------------------------------------------------------
RUN-1001 :       Parameters       |  Settings  |  Default Values  |  Note  
RUN-1001 : ----------------------------------------------------------------
RUN-1001 :   default_reg_initial  |    auto    |       auto       |        
RUN-1001 :    hdl_warning_level   |   normal   |      normal      |        
RUN-1001 : ----------------------------------------------------------------
HDL-1007 : analyze verilog file al_ip/TEMAC_CORE/RTL/mac_core_aead6cd6dadd.v
HDL-1007 : analyze verilog file al_ip/TEMAC_CORE/RTL/TEMAC_CORE_aead6cd6dadd.v
HDL-5007 WARNING: column 1032 exceeds maximum value 1023 in al_ip/TEMAC_CORE/RTL/TEMAC_CORE_aead6cd6dadd.v(30)
HDL-1007 : back to file 'al_ip/TEMAC_CORE/RTL/TEMAC_CORE_aead6cd6dadd.v' in al_ip/TEMAC_CORE/RTL/TEMAC_CORE_aead6cd6dadd.v(86)
HDL-5007 WARNING: event expressions must result in a singular type in al_ip/TEMAC_CORE/RTL/TEMAC_CORE_aead6cd6dadd.v(3001)
HDL-1007 : undeclared symbol '**', assumed default net type '**' in al_ip/TEMAC_CORE/RTL/TEMAC_CORE_aead6cd6dadd.v(5050)
HDL-1007 : undeclared symbol '**', assumed default net type '**' in al_ip/TEMAC_CORE/RTL/TEMAC_CORE_aead6cd6dadd.v(5458)
HDL-5007 WARNING: column 1035 exceeds maximum value 1023 in al_ip/TEMAC_CORE/RTL/TEMAC_CORE_aead6cd6dadd.v(6001)
HDL-1007 : back to file 'al_ip/TEMAC_CORE/RTL/TEMAC_CORE_aead6cd6dadd.v' in al_ip/TEMAC_CORE/RTL/TEMAC_CORE_aead6cd6dadd.v(260)
HDL-1007 : analyze verilog file al_ip/TEMAC_CORE/TEMAC_CORE.v
HDL-1007 : analyze verilog file al_ip/clk_pll.v
HDL-1007 : undeclared symbol 'open', assumed default net type 'wire' in al_ip/clk_pll.v(85)
HDL-1007 : analyze verilog file al_ip/fifo_sdr_data_2.v
HDL-1007 : analyze verilog file al_ip/pll_50.v
HDL-1007 : undeclared symbol 'open', assumed default net type 'wire' in al_ip/pll_50.v(85)
HDL-1007 : analyze verilog file al_ip/pll_gen.v
HDL-1007 : undeclared symbol 'pll_gen_open0', assumed default net type 'wire' in al_ip/pll_gen.v(99)
HDL-1007 : undeclared symbol 'pll_gen_open8', assumed default net type 'wire' in al_ip/pll_gen.v(105)
HDL-1007 : undeclared symbol 'pll_gen_open7', assumed default net type 'wire' in al_ip/pll_gen.v(105)
HDL-1007 : undeclared symbol 'pll_gen_open6', assumed default net type 'wire' in al_ip/pll_gen.v(105)
HDL-1007 : undeclared symbol 'pll_gen_open5', assumed default net type 'wire' in al_ip/pll_gen.v(105)
HDL-1007 : undeclared symbol 'pll_gen_open4', assumed default net type 'wire' in al_ip/pll_gen.v(105)
HDL-1007 : undeclared symbol 'pll_gen_open3', assumed default net type 'wire' in al_ip/pll_gen.v(105)
HDL-1007 : undeclared symbol 'pll_gen_open2', assumed default net type 'wire' in al_ip/pll_gen.v(105)
HDL-1007 : undeclared symbol 'pll_gen_open1', assumed default net type 'wire' in al_ip/pll_gen.v(105)
HDL-1007 : analyze verilog file al_ip/rx_pll.v
HDL-1007 : undeclared symbol 'open', assumed default net type 'wire' in al_ip/rx_pll.v(78)
HDL-1007 : analyze verilog file ../../source_code/rtl/BUFGMUX.v
HDL-1007 : analyze verilog file ../../source_code/rtl/clk_gen_rst_gen.v
HDL-1007 : analyze verilog file ../../source_code/rtl/div_clk_gen.v
HDL-1007 : analyze verilog file ../../source_code/rtl/IDDR.v
HDL-1007 : analyze verilog file ../../source_code/rtl/ODDR.v
HDL-1007 : analyze verilog file ../../source_code/rtl/RAMB16_S9_S9.v
HDL-1007 : undeclared symbol 'open', assumed default net type 'wire' in ../../source_code/rtl/RAMB16_S9_S9.v(109)
HDL-1007 : analyze verilog file ../../source_code/rtl/rgmii_interface.v
HDL-1007 : analyze verilog file ../../source_code/rtl/rx_client_fifo.v
HDL-5370 WARNING: parameter 'WAIT_s' becomes localparam in 'rx_client_fifo' with formal parameter declaration list in ../../source_code/rtl/rx_client_fifo.v(49)
HDL-5370 WARNING: parameter 'QUEUE1_s' becomes localparam in 'rx_client_fifo' with formal parameter declaration list in ../../source_code/rtl/rx_client_fifo.v(50)
HDL-5370 WARNING: parameter 'QUEUE2_s' becomes localparam in 'rx_client_fifo' with formal parameter declaration list in ../../source_code/rtl/rx_client_fifo.v(51)
HDL-5370 WARNING: parameter 'QUEUE3_s' becomes localparam in 'rx_client_fifo' with formal parameter declaration list in ../../source_code/rtl/rx_client_fifo.v(52)
HDL-5370 WARNING: parameter 'QUEUE_SOF_s' becomes localparam in 'rx_client_fifo' with formal parameter declaration list in ../../source_code/rtl/rx_client_fifo.v(53)
HDL-5370 WARNING: parameter 'SOF_s' becomes localparam in 'rx_client_fifo' with formal parameter declaration list in ../../source_code/rtl/rx_client_fifo.v(54)
HDL-5370 WARNING: parameter 'DATA_s' becomes localparam in 'rx_client_fifo' with formal parameter declaration list in ../../source_code/rtl/rx_client_fifo.v(55)
HDL-5370 WARNING: parameter 'EOF_s' becomes localparam in 'rx_client_fifo' with formal parameter declaration list in ../../source_code/rtl/rx_client_fifo.v(56)
HDL-5370 WARNING: parameter 'IDLE_s' becomes localparam in 'rx_client_fifo' with formal parameter declaration list in ../../source_code/rtl/rx_client_fifo.v(62)
HDL-5370 WARNING: parameter 'FRAME_s' becomes localparam in 'rx_client_fifo' with formal parameter declaration list in ../../source_code/rtl/rx_client_fifo.v(63)
HDL-5370 Similar messages will be suppressed.
HDL-1007 : analyze verilog file ../../source_code/rtl/temac_block.v
HDL-1007 : analyze verilog file ../../source_code/rtl/temac_clk_gen.v
HDL-1007 : analyze verilog file ../../source_code/rtl/tx_client_fifo.v
HDL-5370 WARNING: parameter 'IDLE_s' becomes localparam in 'tx_client_fifo' with formal parameter declaration list in ../../source_code/rtl/tx_client_fifo.v(53)
HDL-5370 WARNING: parameter 'QUEUE1_s' becomes localparam in 'tx_client_fifo' with formal parameter declaration list in ../../source_code/rtl/tx_client_fifo.v(54)
HDL-5370 WARNING: parameter 'QUEUE2_s' becomes localparam in 'tx_client_fifo' with formal parameter declaration list in ../../source_code/rtl/tx_client_fifo.v(55)
HDL-5370 WARNING: parameter 'QUEUE3_s' becomes localparam in 'tx_client_fifo' with formal parameter declaration list in ../../source_code/rtl/tx_client_fifo.v(56)
HDL-5370 WARNING: parameter 'QUEUE_ACK_s' becomes localparam in 'tx_client_fifo' with formal parameter declaration list in ../../source_code/rtl/tx_client_fifo.v(57)
HDL-5370 WARNING: parameter 'WAIT_ACK_s' becomes localparam in 'tx_client_fifo' with formal parameter declaration list in ../../source_code/rtl/tx_client_fifo.v(58)
HDL-5370 WARNING: parameter 'FRAME_s' becomes localparam in 'tx_client_fifo' with formal parameter declaration list in ../../source_code/rtl/tx_client_fifo.v(59)
HDL-5370 WARNING: parameter 'DROP_s' becomes localparam in 'tx_client_fifo' with formal parameter declaration list in ../../source_code/rtl/tx_client_fifo.v(60)
HDL-5370 WARNING: parameter 'RETRANSMIT_s' becomes localparam in 'tx_client_fifo' with formal parameter declaration list in ../../source_code/rtl/tx_client_fifo.v(61)
HDL-5370 WARNING: parameter 'WAIT_s' becomes localparam in 'tx_client_fifo' with formal parameter declaration list in ../../source_code/rtl/tx_client_fifo.v(67)
HDL-5370 Similar messages will be suppressed.
HDL-1007 : analyze verilog file ../../source_code/rtl/tx_clk_en_gen.v
HDL-1007 : analyze verilog file ../../source_code/rtl/udp_data_tpg.v
HDL-1007 : analyze verilog file ../../source_code/rtl/UDP_Example_Top.v
HDL-1007 : undeclared symbol 'use_sd_data', assumed default net type 'wire' in ../../source_code/rtl/UDP_Example_Top.v(208)
HDL-1007 : undeclared symbol 'phy_reset', assumed default net type 'wire' in ../../source_code/rtl/UDP_Example_Top.v(335)
HDL-5333 WARNING: data object 'rst_n' is already declared in ../../source_code/rtl/UDP_Example_Top.v(382)
HDL-1007 : previous declaration of 'rst_n' is from here in ../../source_code/rtl/UDP_Example_Top.v(182)
HDL-5007 WARNING: second declaration of 'rst_n' is ignored in ../../source_code/rtl/UDP_Example_Top.v(382)
HDL-1007 : undeclared symbol 'tpg_data_done', assumed default net type 'wire' in ../../source_code/rtl/UDP_Example_Top.v(502)
HDL-1007 : undeclared symbol 'clk', assumed default net type 'wire' in ../../source_code/rtl/UDP_Example_Top.v(527)
HDL-1007 : undeclared symbol 'video_clk', assumed default net type 'wire' in ../../source_code/rtl/UDP_Example_Top.v(528)
HDL-1007 : undeclared symbol 'hdmi_5x_clk', assumed default net type 'wire' in ../../source_code/rtl/UDP_Example_Top.v(529)
HDL-1007 : undeclared symbol 'vga_out_hs', assumed default net type 'wire' in ../../source_code/rtl/UDP_Example_Top.v(533)
HDL-1007 : undeclared symbol 'vga_out_vs', assumed default net type 'wire' in ../../source_code/rtl/UDP_Example_Top.v(534)
HDL-1007 : undeclared symbol 'vga_out_de', assumed default net type 'wire' in ../../source_code/rtl/UDP_Example_Top.v(535)
HDL-1007 : undeclared symbol 'vga_data', assumed default net type 'wire' in ../../source_code/rtl/UDP_Example_Top.v(536)
HDL-1007 : undeclared symbol 'video_read_req', assumed default net type 'wire' in ../../source_code/rtl/UDP_Example_Top.v(545)
HDL-1007 : undeclared symbol 'video_read_req_ack', assumed default net type 'wire' in ../../source_code/rtl/UDP_Example_Top.v(546)
HDL-1007 : undeclared symbol 'hs', assumed default net type 'wire' in ../../source_code/rtl/UDP_Example_Top.v(568)
HDL-1007 : undeclared symbol 'vs', assumed default net type 'wire' in ../../source_code/rtl/UDP_Example_Top.v(569)
HDL-1007 : undeclared symbol 'de', assumed default net type 'wire' in ../../source_code/rtl/UDP_Example_Top.v(570)
HDL-1007 : undeclared symbol 'vout_data', assumed default net type 'wire' in ../../source_code/rtl/UDP_Example_Top.v(571)
HDL-1007 : undeclared symbol 'HDMI_CLK_P', assumed default net type 'wire' in ../../source_code/rtl/UDP_Example_Top.v(589)
HDL-1007 : undeclared symbol 'HDMI_D2_P', assumed default net type 'wire' in ../../source_code/rtl/UDP_Example_Top.v(590)
HDL-1007 : undeclared symbol 'HDMI_D1_P', assumed default net type 'wire' in ../../source_code/rtl/UDP_Example_Top.v(591)
HDL-1007 : undeclared symbol 'HDMI_D0_P', assumed default net type 'wire' in ../../source_code/rtl/UDP_Example_Top.v(592)
HDL-8007 ERROR: cannot index into non-array type wire for 'vout_data' in ../../source_code/rtl/UDP_Example_Top.v(536)
HDL-8007 ERROR: cannot index into non-array type wire for 'vout_data' in ../../source_code/rtl/UDP_Example_Top.v(536)
HDL-8007 ERROR: cannot index into non-array type wire for 'vout_data' in ../../source_code/rtl/UDP_Example_Top.v(536)
HDL-8007 ERROR: ignore module module due to previous errors in ../../source_code/rtl/UDP_Example_Top.v(30)
HDL-5007 WARNING: The file ../../source_code/rtl/UDP_Example_Top.v will not be compiled since it is not included by any other files. Set it as 'global include' if it should be compiled.
RUN-1002 : start command "commit_param -step design"
RUN-1001 : Print Global Property
RUN-1001 : --------------------------------------------------------
RUN-1001 :   Parameters   |  Settings  |  Default Values  |  Note  
RUN-1001 : --------------------------------------------------------
RUN-1001 :   enable_seed  |    off     |       off        |        
RUN-1001 :     message    |  standard  |     standard     |        
RUN-1001 :   qor_monitor  |     on     |        on        |        
RUN-1001 :   syn_ip_flow  |    off     |       off        |        
RUN-1001 :     thread     |    auto    |       auto       |        
RUN-1001 : --------------------------------------------------------
RUN-1001 : Print Design Property
RUN-1001 : ----------------------------------------------------------------
RUN-1001 :       Parameters       |  Settings  |  Default Values  |  Note  
RUN-1001 : ----------------------------------------------------------------
RUN-1001 :   default_reg_initial  |    auto    |       auto       |        
RUN-1001 :    hdl_warning_level   |   normal   |      normal      |        
RUN-1001 : ----------------------------------------------------------------
HDL-1007 : analyze verilog file al_ip/TEMAC_CORE/RTL/mac_core_aead6cd6dadd.v
HDL-1007 : analyze verilog file al_ip/TEMAC_CORE/RTL/TEMAC_CORE_aead6cd6dadd.v
HDL-5007 WARNING: column 1032 exceeds maximum value 1023 in al_ip/TEMAC_CORE/RTL/TEMAC_CORE_aead6cd6dadd.v(30)
HDL-1007 : back to file 'al_ip/TEMAC_CORE/RTL/TEMAC_CORE_aead6cd6dadd.v' in al_ip/TEMAC_CORE/RTL/TEMAC_CORE_aead6cd6dadd.v(86)
HDL-5007 WARNING: event expressions must result in a singular type in al_ip/TEMAC_CORE/RTL/TEMAC_CORE_aead6cd6dadd.v(3001)
HDL-1007 : undeclared symbol '**', assumed default net type '**' in al_ip/TEMAC_CORE/RTL/TEMAC_CORE_aead6cd6dadd.v(5050)
HDL-1007 : undeclared symbol '**', assumed default net type '**' in al_ip/TEMAC_CORE/RTL/TEMAC_CORE_aead6cd6dadd.v(5458)
HDL-5007 WARNING: column 1035 exceeds maximum value 1023 in al_ip/TEMAC_CORE/RTL/TEMAC_CORE_aead6cd6dadd.v(6001)
HDL-1007 : back to file 'al_ip/TEMAC_CORE/RTL/TEMAC_CORE_aead6cd6dadd.v' in al_ip/TEMAC_CORE/RTL/TEMAC_CORE_aead6cd6dadd.v(260)
HDL-1007 : analyze verilog file al_ip/TEMAC_CORE/TEMAC_CORE.v
HDL-1007 : analyze verilog file al_ip/clk_pll.v
HDL-1007 : undeclared symbol 'open', assumed default net type 'wire' in al_ip/clk_pll.v(85)
HDL-1007 : analyze verilog file al_ip/fifo_sdr_data_2.v
HDL-1007 : analyze verilog file al_ip/pll_50.v
HDL-1007 : undeclared symbol 'open', assumed default net type 'wire' in al_ip/pll_50.v(85)
HDL-1007 : analyze verilog file al_ip/pll_gen.v
HDL-1007 : undeclared symbol 'pll_gen_open0', assumed default net type 'wire' in al_ip/pll_gen.v(99)
HDL-1007 : undeclared symbol 'pll_gen_open8', assumed default net type 'wire' in al_ip/pll_gen.v(105)
HDL-1007 : undeclared symbol 'pll_gen_open7', assumed default net type 'wire' in al_ip/pll_gen.v(105)
HDL-1007 : undeclared symbol 'pll_gen_open6', assumed default net type 'wire' in al_ip/pll_gen.v(105)
HDL-1007 : undeclared symbol 'pll_gen_open5', assumed default net type 'wire' in al_ip/pll_gen.v(105)
HDL-1007 : undeclared symbol 'pll_gen_open4', assumed default net type 'wire' in al_ip/pll_gen.v(105)
HDL-1007 : undeclared symbol 'pll_gen_open3', assumed default net type 'wire' in al_ip/pll_gen.v(105)
HDL-1007 : undeclared symbol 'pll_gen_open2', assumed default net type 'wire' in al_ip/pll_gen.v(105)
HDL-1007 : undeclared symbol 'pll_gen_open1', assumed default net type 'wire' in al_ip/pll_gen.v(105)
HDL-1007 : analyze verilog file al_ip/rx_pll.v
HDL-1007 : undeclared symbol 'open', assumed default net type 'wire' in al_ip/rx_pll.v(78)
HDL-1007 : analyze verilog file ../../source_code/rtl/BUFGMUX.v
HDL-1007 : analyze verilog file ../../source_code/rtl/clk_gen_rst_gen.v
HDL-1007 : analyze verilog file ../../source_code/rtl/div_clk_gen.v
HDL-1007 : analyze verilog file ../../source_code/rtl/IDDR.v
HDL-1007 : analyze verilog file ../../source_code/rtl/ODDR.v
HDL-1007 : analyze verilog file ../../source_code/rtl/RAMB16_S9_S9.v
HDL-1007 : undeclared symbol 'open', assumed default net type 'wire' in ../../source_code/rtl/RAMB16_S9_S9.v(109)
HDL-1007 : analyze verilog file ../../source_code/rtl/rgmii_interface.v
HDL-1007 : analyze verilog file ../../source_code/rtl/rx_client_fifo.v
HDL-5370 WARNING: parameter 'WAIT_s' becomes localparam in 'rx_client_fifo' with formal parameter declaration list in ../../source_code/rtl/rx_client_fifo.v(49)
HDL-5370 WARNING: parameter 'QUEUE1_s' becomes localparam in 'rx_client_fifo' with formal parameter declaration list in ../../source_code/rtl/rx_client_fifo.v(50)
HDL-5370 WARNING: parameter 'QUEUE2_s' becomes localparam in 'rx_client_fifo' with formal parameter declaration list in ../../source_code/rtl/rx_client_fifo.v(51)
HDL-5370 WARNING: parameter 'QUEUE3_s' becomes localparam in 'rx_client_fifo' with formal parameter declaration list in ../../source_code/rtl/rx_client_fifo.v(52)
HDL-5370 WARNING: parameter 'QUEUE_SOF_s' becomes localparam in 'rx_client_fifo' with formal parameter declaration list in ../../source_code/rtl/rx_client_fifo.v(53)
HDL-5370 WARNING: parameter 'SOF_s' becomes localparam in 'rx_client_fifo' with formal parameter declaration list in ../../source_code/rtl/rx_client_fifo.v(54)
HDL-5370 WARNING: parameter 'DATA_s' becomes localparam in 'rx_client_fifo' with formal parameter declaration list in ../../source_code/rtl/rx_client_fifo.v(55)
HDL-5370 WARNING: parameter 'EOF_s' becomes localparam in 'rx_client_fifo' with formal parameter declaration list in ../../source_code/rtl/rx_client_fifo.v(56)
HDL-5370 WARNING: parameter 'IDLE_s' becomes localparam in 'rx_client_fifo' with formal parameter declaration list in ../../source_code/rtl/rx_client_fifo.v(62)
HDL-5370 WARNING: parameter 'FRAME_s' becomes localparam in 'rx_client_fifo' with formal parameter declaration list in ../../source_code/rtl/rx_client_fifo.v(63)
HDL-5370 Similar messages will be suppressed.
HDL-1007 : analyze verilog file ../../source_code/rtl/temac_block.v
HDL-1007 : analyze verilog file ../../source_code/rtl/temac_clk_gen.v
HDL-1007 : analyze verilog file ../../source_code/rtl/tx_client_fifo.v
HDL-5370 WARNING: parameter 'IDLE_s' becomes localparam in 'tx_client_fifo' with formal parameter declaration list in ../../source_code/rtl/tx_client_fifo.v(53)
HDL-5370 WARNING: parameter 'QUEUE1_s' becomes localparam in 'tx_client_fifo' with formal parameter declaration list in ../../source_code/rtl/tx_client_fifo.v(54)
HDL-5370 WARNING: parameter 'QUEUE2_s' becomes localparam in 'tx_client_fifo' with formal parameter declaration list in ../../source_code/rtl/tx_client_fifo.v(55)
HDL-5370 WARNING: parameter 'QUEUE3_s' becomes localparam in 'tx_client_fifo' with formal parameter declaration list in ../../source_code/rtl/tx_client_fifo.v(56)
HDL-5370 WARNING: parameter 'QUEUE_ACK_s' becomes localparam in 'tx_client_fifo' with formal parameter declaration list in ../../source_code/rtl/tx_client_fifo.v(57)
HDL-5370 WARNING: parameter 'WAIT_ACK_s' becomes localparam in 'tx_client_fifo' with formal parameter declaration list in ../../source_code/rtl/tx_client_fifo.v(58)
HDL-5370 WARNING: parameter 'FRAME_s' becomes localparam in 'tx_client_fifo' with formal parameter declaration list in ../../source_code/rtl/tx_client_fifo.v(59)
HDL-5370 WARNING: parameter 'DROP_s' becomes localparam in 'tx_client_fifo' with formal parameter declaration list in ../../source_code/rtl/tx_client_fifo.v(60)
HDL-5370 WARNING: parameter 'RETRANSMIT_s' becomes localparam in 'tx_client_fifo' with formal parameter declaration list in ../../source_code/rtl/tx_client_fifo.v(61)
HDL-5370 WARNING: parameter 'WAIT_s' becomes localparam in 'tx_client_fifo' with formal parameter declaration list in ../../source_code/rtl/tx_client_fifo.v(67)
HDL-5370 Similar messages will be suppressed.
HDL-1007 : analyze verilog file ../../source_code/rtl/tx_clk_en_gen.v
HDL-1007 : analyze verilog file ../../source_code/rtl/udp_data_tpg.v
HDL-1007 : analyze verilog file ../../source_code/rtl/UDP_Example_Top.v
HDL-1007 : undeclared symbol 'use_sd_data', assumed default net type 'wire' in ../../source_code/rtl/UDP_Example_Top.v(208)
HDL-1007 : undeclared symbol 'phy_reset', assumed default net type 'wire' in ../../source_code/rtl/UDP_Example_Top.v(335)
HDL-5333 WARNING: data object 'rst_n' is already declared in ../../source_code/rtl/UDP_Example_Top.v(382)
HDL-1007 : previous declaration of 'rst_n' is from here in ../../source_code/rtl/UDP_Example_Top.v(182)
HDL-5007 WARNING: second declaration of 'rst_n' is ignored in ../../source_code/rtl/UDP_Example_Top.v(382)
HDL-1007 : undeclared symbol 'tpg_data_done', assumed default net type 'wire' in ../../source_code/rtl/UDP_Example_Top.v(502)
HDL-1007 : undeclared symbol 'clk', assumed default net type 'wire' in ../../source_code/rtl/UDP_Example_Top.v(527)
HDL-1007 : undeclared symbol 'video_clk', assumed default net type 'wire' in ../../source_code/rtl/UDP_Example_Top.v(528)
HDL-1007 : undeclared symbol 'hdmi_5x_clk', assumed default net type 'wire' in ../../source_code/rtl/UDP_Example_Top.v(529)
HDL-1007 : undeclared symbol 'vga_out_hs', assumed default net type 'wire' in ../../source_code/rtl/UDP_Example_Top.v(533)
HDL-1007 : undeclared symbol 'vga_out_vs', assumed default net type 'wire' in ../../source_code/rtl/UDP_Example_Top.v(534)
HDL-1007 : undeclared symbol 'vga_out_de', assumed default net type 'wire' in ../../source_code/rtl/UDP_Example_Top.v(535)
HDL-1007 : undeclared symbol 'vga_data', assumed default net type 'wire' in ../../source_code/rtl/UDP_Example_Top.v(536)
HDL-1007 : undeclared symbol 'video_read_req', assumed default net type 'wire' in ../../source_code/rtl/UDP_Example_Top.v(545)
HDL-1007 : undeclared symbol 'video_read_req_ack', assumed default net type 'wire' in ../../source_code/rtl/UDP_Example_Top.v(546)
HDL-1007 : undeclared symbol 'hs', assumed default net type 'wire' in ../../source_code/rtl/UDP_Example_Top.v(568)
HDL-1007 : undeclared symbol 'vs', assumed default net type 'wire' in ../../source_code/rtl/UDP_Example_Top.v(569)
HDL-1007 : undeclared symbol 'de', assumed default net type 'wire' in ../../source_code/rtl/UDP_Example_Top.v(570)
HDL-1007 : undeclared symbol 'vout_data', assumed default net type 'wire' in ../../source_code/rtl/UDP_Example_Top.v(571)
HDL-1007 : undeclared symbol 'HDMI_CLK_P', assumed default net type 'wire' in ../../source_code/rtl/UDP_Example_Top.v(589)
HDL-1007 : undeclared symbol 'HDMI_D2_P', assumed default net type 'wire' in ../../source_code/rtl/UDP_Example_Top.v(590)
HDL-1007 : undeclared symbol 'HDMI_D1_P', assumed default net type 'wire' in ../../source_code/rtl/UDP_Example_Top.v(591)
HDL-1007 : undeclared symbol 'HDMI_D0_P', assumed default net type 'wire' in ../../source_code/rtl/UDP_Example_Top.v(592)
HDL-1007 : analyze verilog file ../../source_code/rtl/udp_ip_protocol_stack_merge.enc.v
HDL-1007 : back to file '../../source_code/rtl/udp_ip_protocol_stack_merge.enc.v' in ../../source_code/rtl/udp_ip_protocol_stack_merge.enc.v(56)
HDL-1007 : undeclared symbol '**', assumed default net type '**' in ../../source_code/rtl/udp_ip_protocol_stack_merge.enc.v(2638)
HDL-1007 : back to file '../../source_code/rtl/udp_ip_protocol_stack_merge.enc.v' in ../../source_code/rtl/udp_ip_protocol_stack_merge.enc.v(420)
HDL-1007 : analyze verilog file ../../source_code/rtl/udp_loopback.v
HDL-1007 : analyze verilog file ../../source_code/rtl/sdr/rtl/app_wrrd.v
HDL-1007 : analyze included file ../../source_code/rtl/sdr/rtl/../include/global_def.v in ../../source_code/rtl/sdr/rtl/app_wrrd.v(10)
HDL-1007 : back to file '../../source_code/rtl/sdr/rtl/app_wrrd.v' in ../../source_code/rtl/sdr/rtl/app_wrrd.v(10)
HDL-5372 WARNING: redeclaration of ANSI port 'full_flag' is not allowed in ../../source_code/rtl/sdr/rtl/app_wrrd.v(61)
HDL-1007 : undeclared symbol 'afull', assumed default net type 'wire' in ../../source_code/rtl/sdr/rtl/app_wrrd.v(74)
HDL-1007 : undeclared symbol 'aempty', assumed default net type 'wire' in ../../source_code/rtl/sdr/rtl/app_wrrd.v(75)
HDL-1007 : undeclared symbol 'wrusedw', assumed default net type 'wire' in ../../source_code/rtl/sdr/rtl/app_wrrd.v(76)
HDL-5333 WARNING: data object 'w_addr_cnt' is already declared in ../../source_code/rtl/sdr/rtl/app_wrrd.v(139)
HDL-1007 : previous declaration of 'w_addr_cnt' is from here in ../../source_code/rtl/sdr/rtl/app_wrrd.v(38)
HDL-5007 WARNING: second declaration of 'w_addr_cnt' is ignored in ../../source_code/rtl/sdr/rtl/app_wrrd.v(139)
HDL-1007 : analyze verilog file ../../source_code/rtl/sdr/rtl/sdram_top.v
HDL-1007 : analyze included file ../../source_code/rtl/sdr/rtl/../include/global_def.v in ../../source_code/rtl/sdr/rtl/sdram_top.v(10)
HDL-1007 : back to file '../../source_code/rtl/sdr/rtl/sdram_top.v' in ../../source_code/rtl/sdr/rtl/sdram_top.v(10)
HDL-1007 : undeclared symbol 'Rst_n', assumed default net type 'wire' in ../../source_code/rtl/sdr/rtl/sdram_top.v(70)
HDL-5372 WARNING: redeclaration of ANSI port 'wr_done' is not allowed in ../../source_code/rtl/sdr/rtl/sdram_top.v(73)
HDL-1007 : undeclared symbol 'SDR_CKE', assumed default net type 'wire' in ../../source_code/rtl/sdr/rtl/sdram_top.v(132)
HDL-1007 : analyze verilog file ../../source_code/rtl/sd/sd_ctrl_top.v
HDL-1007 : analyze verilog file ../../source_code/rtl/sd/sd_init.v
HDL-1007 : analyze verilog file ../../source_code/rtl/sd/sd_read.v
HDL-1007 : analyze verilog file ../../source_code/rtl/sd/sd_read_photo.v
HDL-1007 : analyze verilog file ../../source_code/rtl/sdr/rtl/enc_file/sdr_as_ram.enc.v
HDL-1007 : back to file '../../source_code/rtl/sdr/rtl/enc_file/sdr_as_ram.enc.v' in ../../source_code/rtl/sdr/rtl/enc_file/sdr_as_ram.enc.v(45)
HDL-1007 : analyze verilog file ../../source_code/rtl/sdr/rtl/enc_file/sdr_init_ref.enc.v
HDL-1007 : undeclared symbol '**', assumed default net type '**' in ../../source_code/rtl/sdr/rtl/enc_file/sdr_init_ref.enc.v(57)
HDL-1007 : back to file '../../source_code/rtl/sdr/rtl/enc_file/sdr_init_ref.enc.v' in ../../source_code/rtl/sdr/rtl/enc_file/sdr_init_ref.enc.v(148)
HDL-5007 WARNING: concatenation with an unsized literal will be treated as 32 bits in ../../source_code/rtl/sdr/rtl/enc_file/sdr_init_ref.enc.v(47)
HDL-1007 : analyze verilog file ../../source_code/rtl/sdr/rtl/enc_file/sdr_wrrd.enc.v
HDL-5007 WARNING: concatenation with an unsized literal will be treated as 32 bits in ../../source_code/rtl/sdr/rtl/enc_file/sdr_wrrd.enc.v(283)
HDL-1007 : back to file '../../source_code/rtl/sdr/rtl/enc_file/sdr_wrrd.enc.v' in ../../source_code/rtl/sdr/rtl/enc_file/sdr_wrrd.enc.v(19)
HDL-1007 : analyze verilog file ../../source_code/rtl/camera_data_gen.v
HDL-1007 : analyze verilog file ../../source_code/rtl/ov5640/ov5640_dri.v
HDL-1007 : analyze verilog file ../../source_code/rtl/ov5640/ov5640_delay.v
HDL-1007 : analyze verilog file ../../source_code/rtl/ov5640/i2c_ov5640_rgb565_cfg.v
HDL-1007 : analyze verilog file ../../source_code/rtl/ov5640/i2c_dri.v
HDL-1007 : analyze verilog file ../../source_code/rtl/ov5640/cmos_capture_data.v
HDL-1007 : analyze verilog file ../../source_code/rtl/sdram_write_static_sel.v
RUN-1002 : start command "commit_param -step design"
RUN-1001 : Print Global Property
RUN-1001 : --------------------------------------------------------
RUN-1001 :   Parameters   |  Settings  |  Default Values  |  Note  
RUN-1001 : --------------------------------------------------------
RUN-1001 :   enable_seed  |    off     |       off        |        
RUN-1001 :     message    |  standard  |     standard     |        
RUN-1001 :   qor_monitor  |     on     |        on        |        
RUN-1001 :   syn_ip_flow  |    off     |       off        |        
RUN-1001 :     thread     |    auto    |       auto       |        
RUN-1001 : --------------------------------------------------------
RUN-1001 : Print Design Property
RUN-1001 : ----------------------------------------------------------------
RUN-1001 :       Parameters       |  Settings  |  Default Values  |  Note  
RUN-1001 : ----------------------------------------------------------------
RUN-1001 :   default_reg_initial  |    auto    |       auto       |        
RUN-1001 :    hdl_warning_level   |   normal   |      normal      |        
RUN-1001 : ----------------------------------------------------------------
HDL-1007 : analyze verilog file al_ip/TEMAC_CORE/RTL/mac_core_aead6cd6dadd.v
HDL-1007 : analyze verilog file al_ip/TEMAC_CORE/RTL/TEMAC_CORE_aead6cd6dadd.v
HDL-5007 WARNING: column 1032 exceeds maximum value 1023 in al_ip/TEMAC_CORE/RTL/TEMAC_CORE_aead6cd6dadd.v(30)
HDL-1007 : back to file 'al_ip/TEMAC_CORE/RTL/TEMAC_CORE_aead6cd6dadd.v' in al_ip/TEMAC_CORE/RTL/TEMAC_CORE_aead6cd6dadd.v(86)
HDL-5007 WARNING: event expressions must result in a singular type in al_ip/TEMAC_CORE/RTL/TEMAC_CORE_aead6cd6dadd.v(3001)
HDL-1007 : undeclared symbol '**', assumed default net type '**' in al_ip/TEMAC_CORE/RTL/TEMAC_CORE_aead6cd6dadd.v(5050)
HDL-1007 : undeclared symbol '**', assumed default net type '**' in al_ip/TEMAC_CORE/RTL/TEMAC_CORE_aead6cd6dadd.v(5458)
HDL-5007 WARNING: column 1035 exceeds maximum value 1023 in al_ip/TEMAC_CORE/RTL/TEMAC_CORE_aead6cd6dadd.v(6001)
HDL-1007 : back to file 'al_ip/TEMAC_CORE/RTL/TEMAC_CORE_aead6cd6dadd.v' in al_ip/TEMAC_CORE/RTL/TEMAC_CORE_aead6cd6dadd.v(260)
HDL-1007 : analyze verilog file al_ip/TEMAC_CORE/TEMAC_CORE.v
HDL-1007 : analyze verilog file al_ip/clk_pll.v
HDL-1007 : undeclared symbol 'open', assumed default net type 'wire' in al_ip/clk_pll.v(85)
HDL-1007 : analyze verilog file al_ip/fifo_sdr_data_2.v
HDL-1007 : analyze verilog file al_ip/pll_50.v
HDL-1007 : undeclared symbol 'open', assumed default net type 'wire' in al_ip/pll_50.v(85)
HDL-1007 : analyze verilog file al_ip/pll_gen.v
HDL-1007 : undeclared symbol 'pll_gen_open0', assumed default net type 'wire' in al_ip/pll_gen.v(99)
HDL-1007 : undeclared symbol 'pll_gen_open8', assumed default net type 'wire' in al_ip/pll_gen.v(105)
HDL-1007 : undeclared symbol 'pll_gen_open7', assumed default net type 'wire' in al_ip/pll_gen.v(105)
HDL-1007 : undeclared symbol 'pll_gen_open6', assumed default net type 'wire' in al_ip/pll_gen.v(105)
HDL-1007 : undeclared symbol 'pll_gen_open5', assumed default net type 'wire' in al_ip/pll_gen.v(105)
HDL-1007 : undeclared symbol 'pll_gen_open4', assumed default net type 'wire' in al_ip/pll_gen.v(105)
HDL-1007 : undeclared symbol 'pll_gen_open3', assumed default net type 'wire' in al_ip/pll_gen.v(105)
HDL-1007 : undeclared symbol 'pll_gen_open2', assumed default net type 'wire' in al_ip/pll_gen.v(105)
HDL-1007 : undeclared symbol 'pll_gen_open1', assumed default net type 'wire' in al_ip/pll_gen.v(105)
HDL-1007 : analyze verilog file al_ip/rx_pll.v
HDL-1007 : undeclared symbol 'open', assumed default net type 'wire' in al_ip/rx_pll.v(78)
HDL-1007 : analyze verilog file ../../source_code/rtl/BUFGMUX.v
HDL-1007 : analyze verilog file ../../source_code/rtl/clk_gen_rst_gen.v
HDL-1007 : analyze verilog file ../../source_code/rtl/div_clk_gen.v
HDL-1007 : analyze verilog file ../../source_code/rtl/IDDR.v
HDL-1007 : analyze verilog file ../../source_code/rtl/ODDR.v
HDL-1007 : analyze verilog file ../../source_code/rtl/RAMB16_S9_S9.v
HDL-1007 : undeclared symbol 'open', assumed default net type 'wire' in ../../source_code/rtl/RAMB16_S9_S9.v(109)
HDL-1007 : analyze verilog file ../../source_code/rtl/rgmii_interface.v
HDL-1007 : analyze verilog file ../../source_code/rtl/rx_client_fifo.v
HDL-5370 WARNING: parameter 'WAIT_s' becomes localparam in 'rx_client_fifo' with formal parameter declaration list in ../../source_code/rtl/rx_client_fifo.v(49)
HDL-5370 WARNING: parameter 'QUEUE1_s' becomes localparam in 'rx_client_fifo' with formal parameter declaration list in ../../source_code/rtl/rx_client_fifo.v(50)
HDL-5370 WARNING: parameter 'QUEUE2_s' becomes localparam in 'rx_client_fifo' with formal parameter declaration list in ../../source_code/rtl/rx_client_fifo.v(51)
HDL-5370 WARNING: parameter 'QUEUE3_s' becomes localparam in 'rx_client_fifo' with formal parameter declaration list in ../../source_code/rtl/rx_client_fifo.v(52)
HDL-5370 WARNING: parameter 'QUEUE_SOF_s' becomes localparam in 'rx_client_fifo' with formal parameter declaration list in ../../source_code/rtl/rx_client_fifo.v(53)
HDL-5370 WARNING: parameter 'SOF_s' becomes localparam in 'rx_client_fifo' with formal parameter declaration list in ../../source_code/rtl/rx_client_fifo.v(54)
HDL-5370 WARNING: parameter 'DATA_s' becomes localparam in 'rx_client_fifo' with formal parameter declaration list in ../../source_code/rtl/rx_client_fifo.v(55)
HDL-5370 WARNING: parameter 'EOF_s' becomes localparam in 'rx_client_fifo' with formal parameter declaration list in ../../source_code/rtl/rx_client_fifo.v(56)
HDL-5370 WARNING: parameter 'IDLE_s' becomes localparam in 'rx_client_fifo' with formal parameter declaration list in ../../source_code/rtl/rx_client_fifo.v(62)
HDL-5370 WARNING: parameter 'FRAME_s' becomes localparam in 'rx_client_fifo' with formal parameter declaration list in ../../source_code/rtl/rx_client_fifo.v(63)
HDL-5370 Similar messages will be suppressed.
HDL-1007 : analyze verilog file ../../source_code/rtl/temac_block.v
HDL-1007 : analyze verilog file ../../source_code/rtl/temac_clk_gen.v
HDL-1007 : analyze verilog file ../../source_code/rtl/tx_client_fifo.v
HDL-5370 WARNING: parameter 'IDLE_s' becomes localparam in 'tx_client_fifo' with formal parameter declaration list in ../../source_code/rtl/tx_client_fifo.v(53)
HDL-5370 WARNING: parameter 'QUEUE1_s' becomes localparam in 'tx_client_fifo' with formal parameter declaration list in ../../source_code/rtl/tx_client_fifo.v(54)
HDL-5370 WARNING: parameter 'QUEUE2_s' becomes localparam in 'tx_client_fifo' with formal parameter declaration list in ../../source_code/rtl/tx_client_fifo.v(55)
HDL-5370 WARNING: parameter 'QUEUE3_s' becomes localparam in 'tx_client_fifo' with formal parameter declaration list in ../../source_code/rtl/tx_client_fifo.v(56)
HDL-5370 WARNING: parameter 'QUEUE_ACK_s' becomes localparam in 'tx_client_fifo' with formal parameter declaration list in ../../source_code/rtl/tx_client_fifo.v(57)
HDL-5370 WARNING: parameter 'WAIT_ACK_s' becomes localparam in 'tx_client_fifo' with formal parameter declaration list in ../../source_code/rtl/tx_client_fifo.v(58)
HDL-5370 WARNING: parameter 'FRAME_s' becomes localparam in 'tx_client_fifo' with formal parameter declaration list in ../../source_code/rtl/tx_client_fifo.v(59)
HDL-5370 WARNING: parameter 'DROP_s' becomes localparam in 'tx_client_fifo' with formal parameter declaration list in ../../source_code/rtl/tx_client_fifo.v(60)
HDL-5370 WARNING: parameter 'RETRANSMIT_s' becomes localparam in 'tx_client_fifo' with formal parameter declaration list in ../../source_code/rtl/tx_client_fifo.v(61)
HDL-5370 WARNING: parameter 'WAIT_s' becomes localparam in 'tx_client_fifo' with formal parameter declaration list in ../../source_code/rtl/tx_client_fifo.v(67)
HDL-5370 Similar messages will be suppressed.
HDL-1007 : analyze verilog file ../../source_code/rtl/tx_clk_en_gen.v
HDL-1007 : analyze verilog file ../../source_code/rtl/udp_data_tpg.v
HDL-1007 : analyze verilog file ../../source_code/rtl/UDP_Example_Top.v
HDL-8007 ERROR: syntax error near 'output' in ../../source_code/rtl/UDP_Example_Top.v(64)
HDL-8007 ERROR: Verilog 2000 keyword 'output' used in incorrect context in ../../source_code/rtl/UDP_Example_Top.v(64)
HDL-5007 WARNING: The file ../../source_code/rtl/UDP_Example_Top.v will not be compiled since it is not included by any other files. Set it as 'global include' if it should be compiled.
RUN-1002 : start command "commit_param -step design"
RUN-1001 : Print Global Property
RUN-1001 : --------------------------------------------------------
RUN-1001 :   Parameters   |  Settings  |  Default Values  |  Note  
RUN-1001 : --------------------------------------------------------
RUN-1001 :   enable_seed  |    off     |       off        |        
RUN-1001 :     message    |  standard  |     standard     |        
RUN-1001 :   qor_monitor  |     on     |        on        |        
RUN-1001 :   syn_ip_flow  |    off     |       off        |        
RUN-1001 :     thread     |    auto    |       auto       |        
RUN-1001 : --------------------------------------------------------
RUN-1001 : Print Design Property
RUN-1001 : ----------------------------------------------------------------
RUN-1001 :       Parameters       |  Settings  |  Default Values  |  Note  
RUN-1001 : ----------------------------------------------------------------
RUN-1001 :   default_reg_initial  |    auto    |       auto       |        
RUN-1001 :    hdl_warning_level   |   normal   |      normal      |        
RUN-1001 : ----------------------------------------------------------------
HDL-1007 : analyze verilog file al_ip/TEMAC_CORE/RTL/mac_core_aead6cd6dadd.v
HDL-1007 : analyze verilog file al_ip/TEMAC_CORE/RTL/TEMAC_CORE_aead6cd6dadd.v
HDL-5007 WARNING: column 1032 exceeds maximum value 1023 in al_ip/TEMAC_CORE/RTL/TEMAC_CORE_aead6cd6dadd.v(30)
HDL-1007 : back to file 'al_ip/TEMAC_CORE/RTL/TEMAC_CORE_aead6cd6dadd.v' in al_ip/TEMAC_CORE/RTL/TEMAC_CORE_aead6cd6dadd.v(86)
HDL-5007 WARNING: event expressions must result in a singular type in al_ip/TEMAC_CORE/RTL/TEMAC_CORE_aead6cd6dadd.v(3001)
HDL-1007 : undeclared symbol '**', assumed default net type '**' in al_ip/TEMAC_CORE/RTL/TEMAC_CORE_aead6cd6dadd.v(5050)
HDL-1007 : undeclared symbol '**', assumed default net type '**' in al_ip/TEMAC_CORE/RTL/TEMAC_CORE_aead6cd6dadd.v(5458)
HDL-5007 WARNING: column 1035 exceeds maximum value 1023 in al_ip/TEMAC_CORE/RTL/TEMAC_CORE_aead6cd6dadd.v(6001)
HDL-1007 : back to file 'al_ip/TEMAC_CORE/RTL/TEMAC_CORE_aead6cd6dadd.v' in al_ip/TEMAC_CORE/RTL/TEMAC_CORE_aead6cd6dadd.v(260)
HDL-1007 : analyze verilog file al_ip/TEMAC_CORE/TEMAC_CORE.v
HDL-1007 : analyze verilog file al_ip/clk_pll.v
HDL-1007 : undeclared symbol 'open', assumed default net type 'wire' in al_ip/clk_pll.v(85)
HDL-1007 : analyze verilog file al_ip/fifo_sdr_data_2.v
HDL-1007 : analyze verilog file al_ip/pll_50.v
HDL-1007 : undeclared symbol 'open', assumed default net type 'wire' in al_ip/pll_50.v(85)
HDL-1007 : analyze verilog file al_ip/pll_gen.v
HDL-1007 : undeclared symbol 'pll_gen_open0', assumed default net type 'wire' in al_ip/pll_gen.v(99)
HDL-1007 : undeclared symbol 'pll_gen_open8', assumed default net type 'wire' in al_ip/pll_gen.v(105)
HDL-1007 : undeclared symbol 'pll_gen_open7', assumed default net type 'wire' in al_ip/pll_gen.v(105)
HDL-1007 : undeclared symbol 'pll_gen_open6', assumed default net type 'wire' in al_ip/pll_gen.v(105)
HDL-1007 : undeclared symbol 'pll_gen_open5', assumed default net type 'wire' in al_ip/pll_gen.v(105)
HDL-1007 : undeclared symbol 'pll_gen_open4', assumed default net type 'wire' in al_ip/pll_gen.v(105)
HDL-1007 : undeclared symbol 'pll_gen_open3', assumed default net type 'wire' in al_ip/pll_gen.v(105)
HDL-1007 : undeclared symbol 'pll_gen_open2', assumed default net type 'wire' in al_ip/pll_gen.v(105)
HDL-1007 : undeclared symbol 'pll_gen_open1', assumed default net type 'wire' in al_ip/pll_gen.v(105)
HDL-1007 : analyze verilog file al_ip/rx_pll.v
HDL-1007 : undeclared symbol 'open', assumed default net type 'wire' in al_ip/rx_pll.v(78)
HDL-1007 : analyze verilog file ../../source_code/rtl/BUFGMUX.v
HDL-1007 : analyze verilog file ../../source_code/rtl/clk_gen_rst_gen.v
HDL-1007 : analyze verilog file ../../source_code/rtl/div_clk_gen.v
HDL-1007 : analyze verilog file ../../source_code/rtl/IDDR.v
HDL-1007 : analyze verilog file ../../source_code/rtl/ODDR.v
HDL-1007 : analyze verilog file ../../source_code/rtl/RAMB16_S9_S9.v
HDL-1007 : undeclared symbol 'open', assumed default net type 'wire' in ../../source_code/rtl/RAMB16_S9_S9.v(109)
HDL-1007 : analyze verilog file ../../source_code/rtl/rgmii_interface.v
HDL-1007 : analyze verilog file ../../source_code/rtl/rx_client_fifo.v
HDL-5370 WARNING: parameter 'WAIT_s' becomes localparam in 'rx_client_fifo' with formal parameter declaration list in ../../source_code/rtl/rx_client_fifo.v(49)
HDL-5370 WARNING: parameter 'QUEUE1_s' becomes localparam in 'rx_client_fifo' with formal parameter declaration list in ../../source_code/rtl/rx_client_fifo.v(50)
HDL-5370 WARNING: parameter 'QUEUE2_s' becomes localparam in 'rx_client_fifo' with formal parameter declaration list in ../../source_code/rtl/rx_client_fifo.v(51)
HDL-5370 WARNING: parameter 'QUEUE3_s' becomes localparam in 'rx_client_fifo' with formal parameter declaration list in ../../source_code/rtl/rx_client_fifo.v(52)
HDL-5370 WARNING: parameter 'QUEUE_SOF_s' becomes localparam in 'rx_client_fifo' with formal parameter declaration list in ../../source_code/rtl/rx_client_fifo.v(53)
HDL-5370 WARNING: parameter 'SOF_s' becomes localparam in 'rx_client_fifo' with formal parameter declaration list in ../../source_code/rtl/rx_client_fifo.v(54)
HDL-5370 WARNING: parameter 'DATA_s' becomes localparam in 'rx_client_fifo' with formal parameter declaration list in ../../source_code/rtl/rx_client_fifo.v(55)
HDL-5370 WARNING: parameter 'EOF_s' becomes localparam in 'rx_client_fifo' with formal parameter declaration list in ../../source_code/rtl/rx_client_fifo.v(56)
HDL-5370 WARNING: parameter 'IDLE_s' becomes localparam in 'rx_client_fifo' with formal parameter declaration list in ../../source_code/rtl/rx_client_fifo.v(62)
HDL-5370 WARNING: parameter 'FRAME_s' becomes localparam in 'rx_client_fifo' with formal parameter declaration list in ../../source_code/rtl/rx_client_fifo.v(63)
HDL-5370 Similar messages will be suppressed.
HDL-1007 : analyze verilog file ../../source_code/rtl/temac_block.v
HDL-1007 : analyze verilog file ../../source_code/rtl/temac_clk_gen.v
HDL-1007 : analyze verilog file ../../source_code/rtl/tx_client_fifo.v
HDL-5370 WARNING: parameter 'IDLE_s' becomes localparam in 'tx_client_fifo' with formal parameter declaration list in ../../source_code/rtl/tx_client_fifo.v(53)
HDL-5370 WARNING: parameter 'QUEUE1_s' becomes localparam in 'tx_client_fifo' with formal parameter declaration list in ../../source_code/rtl/tx_client_fifo.v(54)
HDL-5370 WARNING: parameter 'QUEUE2_s' becomes localparam in 'tx_client_fifo' with formal parameter declaration list in ../../source_code/rtl/tx_client_fifo.v(55)
HDL-5370 WARNING: parameter 'QUEUE3_s' becomes localparam in 'tx_client_fifo' with formal parameter declaration list in ../../source_code/rtl/tx_client_fifo.v(56)
HDL-5370 WARNING: parameter 'QUEUE_ACK_s' becomes localparam in 'tx_client_fifo' with formal parameter declaration list in ../../source_code/rtl/tx_client_fifo.v(57)
HDL-5370 WARNING: parameter 'WAIT_ACK_s' becomes localparam in 'tx_client_fifo' with formal parameter declaration list in ../../source_code/rtl/tx_client_fifo.v(58)
HDL-5370 WARNING: parameter 'FRAME_s' becomes localparam in 'tx_client_fifo' with formal parameter declaration list in ../../source_code/rtl/tx_client_fifo.v(59)
HDL-5370 WARNING: parameter 'DROP_s' becomes localparam in 'tx_client_fifo' with formal parameter declaration list in ../../source_code/rtl/tx_client_fifo.v(60)
HDL-5370 WARNING: parameter 'RETRANSMIT_s' becomes localparam in 'tx_client_fifo' with formal parameter declaration list in ../../source_code/rtl/tx_client_fifo.v(61)
HDL-5370 WARNING: parameter 'WAIT_s' becomes localparam in 'tx_client_fifo' with formal parameter declaration list in ../../source_code/rtl/tx_client_fifo.v(67)
HDL-5370 Similar messages will be suppressed.
HDL-1007 : analyze verilog file ../../source_code/rtl/tx_clk_en_gen.v
HDL-1007 : analyze verilog file ../../source_code/rtl/udp_data_tpg.v
HDL-1007 : analyze verilog file ../../source_code/rtl/UDP_Example_Top.v
HDL-8007 ERROR: syntax error near ')' in ../../source_code/rtl/UDP_Example_Top.v(74)
HDL-5007 WARNING: The file ../../source_code/rtl/UDP_Example_Top.v will not be compiled since it is not included by any other files. Set it as 'global include' if it should be compiled.
RUN-1002 : start command "commit_param -step design"
RUN-1001 : Print Global Property
RUN-1001 : --------------------------------------------------------
RUN-1001 :   Parameters   |  Settings  |  Default Values  |  Note  
RUN-1001 : --------------------------------------------------------
RUN-1001 :   enable_seed  |    off     |       off        |        
RUN-1001 :     message    |  standard  |     standard     |        
RUN-1001 :   qor_monitor  |     on     |        on        |        
RUN-1001 :   syn_ip_flow  |    off     |       off        |        
RUN-1001 :     thread     |    auto    |       auto       |        
RUN-1001 : --------------------------------------------------------
RUN-1001 : Print Design Property
RUN-1001 : ----------------------------------------------------------------
RUN-1001 :       Parameters       |  Settings  |  Default Values  |  Note  
RUN-1001 : ----------------------------------------------------------------
RUN-1001 :   default_reg_initial  |    auto    |       auto       |        
RUN-1001 :    hdl_warning_level   |   normal   |      normal      |        
RUN-1001 : ----------------------------------------------------------------
HDL-1007 : analyze verilog file al_ip/TEMAC_CORE/RTL/mac_core_aead6cd6dadd.v
HDL-1007 : analyze verilog file al_ip/TEMAC_CORE/RTL/TEMAC_CORE_aead6cd6dadd.v
HDL-5007 WARNING: column 1032 exceeds maximum value 1023 in al_ip/TEMAC_CORE/RTL/TEMAC_CORE_aead6cd6dadd.v(30)
HDL-1007 : back to file 'al_ip/TEMAC_CORE/RTL/TEMAC_CORE_aead6cd6dadd.v' in al_ip/TEMAC_CORE/RTL/TEMAC_CORE_aead6cd6dadd.v(86)
HDL-5007 WARNING: event expressions must result in a singular type in al_ip/TEMAC_CORE/RTL/TEMAC_CORE_aead6cd6dadd.v(3001)
HDL-1007 : undeclared symbol '**', assumed default net type '**' in al_ip/TEMAC_CORE/RTL/TEMAC_CORE_aead6cd6dadd.v(5050)
HDL-1007 : undeclared symbol '**', assumed default net type '**' in al_ip/TEMAC_CORE/RTL/TEMAC_CORE_aead6cd6dadd.v(5458)
HDL-5007 WARNING: column 1035 exceeds maximum value 1023 in al_ip/TEMAC_CORE/RTL/TEMAC_CORE_aead6cd6dadd.v(6001)
HDL-1007 : back to file 'al_ip/TEMAC_CORE/RTL/TEMAC_CORE_aead6cd6dadd.v' in al_ip/TEMAC_CORE/RTL/TEMAC_CORE_aead6cd6dadd.v(260)
HDL-1007 : analyze verilog file al_ip/TEMAC_CORE/TEMAC_CORE.v
HDL-1007 : analyze verilog file al_ip/clk_pll.v
HDL-1007 : undeclared symbol 'open', assumed default net type 'wire' in al_ip/clk_pll.v(85)
HDL-1007 : analyze verilog file al_ip/fifo_sdr_data_2.v
HDL-1007 : analyze verilog file al_ip/pll_50.v
HDL-1007 : undeclared symbol 'open', assumed default net type 'wire' in al_ip/pll_50.v(85)
HDL-1007 : analyze verilog file al_ip/pll_gen.v
HDL-1007 : undeclared symbol 'pll_gen_open0', assumed default net type 'wire' in al_ip/pll_gen.v(99)
HDL-1007 : undeclared symbol 'pll_gen_open8', assumed default net type 'wire' in al_ip/pll_gen.v(105)
HDL-1007 : undeclared symbol 'pll_gen_open7', assumed default net type 'wire' in al_ip/pll_gen.v(105)
HDL-1007 : undeclared symbol 'pll_gen_open6', assumed default net type 'wire' in al_ip/pll_gen.v(105)
HDL-1007 : undeclared symbol 'pll_gen_open5', assumed default net type 'wire' in al_ip/pll_gen.v(105)
HDL-1007 : undeclared symbol 'pll_gen_open4', assumed default net type 'wire' in al_ip/pll_gen.v(105)
HDL-1007 : undeclared symbol 'pll_gen_open3', assumed default net type 'wire' in al_ip/pll_gen.v(105)
HDL-1007 : undeclared symbol 'pll_gen_open2', assumed default net type 'wire' in al_ip/pll_gen.v(105)
HDL-1007 : undeclared symbol 'pll_gen_open1', assumed default net type 'wire' in al_ip/pll_gen.v(105)
HDL-1007 : analyze verilog file al_ip/rx_pll.v
HDL-1007 : undeclared symbol 'open', assumed default net type 'wire' in al_ip/rx_pll.v(78)
HDL-1007 : analyze verilog file ../../source_code/rtl/BUFGMUX.v
HDL-1007 : analyze verilog file ../../source_code/rtl/clk_gen_rst_gen.v
HDL-1007 : analyze verilog file ../../source_code/rtl/div_clk_gen.v
HDL-1007 : analyze verilog file ../../source_code/rtl/IDDR.v
HDL-1007 : analyze verilog file ../../source_code/rtl/ODDR.v
HDL-1007 : analyze verilog file ../../source_code/rtl/RAMB16_S9_S9.v
HDL-1007 : undeclared symbol 'open', assumed default net type 'wire' in ../../source_code/rtl/RAMB16_S9_S9.v(109)
HDL-1007 : analyze verilog file ../../source_code/rtl/rgmii_interface.v
HDL-1007 : analyze verilog file ../../source_code/rtl/rx_client_fifo.v
HDL-5370 WARNING: parameter 'WAIT_s' becomes localparam in 'rx_client_fifo' with formal parameter declaration list in ../../source_code/rtl/rx_client_fifo.v(49)
HDL-5370 WARNING: parameter 'QUEUE1_s' becomes localparam in 'rx_client_fifo' with formal parameter declaration list in ../../source_code/rtl/rx_client_fifo.v(50)
HDL-5370 WARNING: parameter 'QUEUE2_s' becomes localparam in 'rx_client_fifo' with formal parameter declaration list in ../../source_code/rtl/rx_client_fifo.v(51)
HDL-5370 WARNING: parameter 'QUEUE3_s' becomes localparam in 'rx_client_fifo' with formal parameter declaration list in ../../source_code/rtl/rx_client_fifo.v(52)
HDL-5370 WARNING: parameter 'QUEUE_SOF_s' becomes localparam in 'rx_client_fifo' with formal parameter declaration list in ../../source_code/rtl/rx_client_fifo.v(53)
HDL-5370 WARNING: parameter 'SOF_s' becomes localparam in 'rx_client_fifo' with formal parameter declaration list in ../../source_code/rtl/rx_client_fifo.v(54)
HDL-5370 WARNING: parameter 'DATA_s' becomes localparam in 'rx_client_fifo' with formal parameter declaration list in ../../source_code/rtl/rx_client_fifo.v(55)
HDL-5370 WARNING: parameter 'EOF_s' becomes localparam in 'rx_client_fifo' with formal parameter declaration list in ../../source_code/rtl/rx_client_fifo.v(56)
HDL-5370 WARNING: parameter 'IDLE_s' becomes localparam in 'rx_client_fifo' with formal parameter declaration list in ../../source_code/rtl/rx_client_fifo.v(62)
HDL-5370 WARNING: parameter 'FRAME_s' becomes localparam in 'rx_client_fifo' with formal parameter declaration list in ../../source_code/rtl/rx_client_fifo.v(63)
HDL-5370 Similar messages will be suppressed.
HDL-1007 : analyze verilog file ../../source_code/rtl/temac_block.v
HDL-1007 : analyze verilog file ../../source_code/rtl/temac_clk_gen.v
HDL-1007 : analyze verilog file ../../source_code/rtl/tx_client_fifo.v
HDL-5370 WARNING: parameter 'IDLE_s' becomes localparam in 'tx_client_fifo' with formal parameter declaration list in ../../source_code/rtl/tx_client_fifo.v(53)
HDL-5370 WARNING: parameter 'QUEUE1_s' becomes localparam in 'tx_client_fifo' with formal parameter declaration list in ../../source_code/rtl/tx_client_fifo.v(54)
HDL-5370 WARNING: parameter 'QUEUE2_s' becomes localparam in 'tx_client_fifo' with formal parameter declaration list in ../../source_code/rtl/tx_client_fifo.v(55)
HDL-5370 WARNING: parameter 'QUEUE3_s' becomes localparam in 'tx_client_fifo' with formal parameter declaration list in ../../source_code/rtl/tx_client_fifo.v(56)
HDL-5370 WARNING: parameter 'QUEUE_ACK_s' becomes localparam in 'tx_client_fifo' with formal parameter declaration list in ../../source_code/rtl/tx_client_fifo.v(57)
HDL-5370 WARNING: parameter 'WAIT_ACK_s' becomes localparam in 'tx_client_fifo' with formal parameter declaration list in ../../source_code/rtl/tx_client_fifo.v(58)
HDL-5370 WARNING: parameter 'FRAME_s' becomes localparam in 'tx_client_fifo' with formal parameter declaration list in ../../source_code/rtl/tx_client_fifo.v(59)
HDL-5370 WARNING: parameter 'DROP_s' becomes localparam in 'tx_client_fifo' with formal parameter declaration list in ../../source_code/rtl/tx_client_fifo.v(60)
HDL-5370 WARNING: parameter 'RETRANSMIT_s' becomes localparam in 'tx_client_fifo' with formal parameter declaration list in ../../source_code/rtl/tx_client_fifo.v(61)
HDL-5370 WARNING: parameter 'WAIT_s' becomes localparam in 'tx_client_fifo' with formal parameter declaration list in ../../source_code/rtl/tx_client_fifo.v(67)
HDL-5370 Similar messages will be suppressed.
HDL-1007 : analyze verilog file ../../source_code/rtl/tx_clk_en_gen.v
HDL-1007 : analyze verilog file ../../source_code/rtl/udp_data_tpg.v
HDL-1007 : analyze verilog file ../../source_code/rtl/UDP_Example_Top.v
HDL-1007 : undeclared symbol 'use_sd_data', assumed default net type 'wire' in ../../source_code/rtl/UDP_Example_Top.v(226)
HDL-1007 : undeclared symbol 'phy_reset', assumed default net type 'wire' in ../../source_code/rtl/UDP_Example_Top.v(353)
HDL-5333 WARNING: data object 'rst_n' is already declared in ../../source_code/rtl/UDP_Example_Top.v(400)
HDL-1007 : previous declaration of 'rst_n' is from here in ../../source_code/rtl/UDP_Example_Top.v(200)
HDL-5007 WARNING: second declaration of 'rst_n' is ignored in ../../source_code/rtl/UDP_Example_Top.v(400)
HDL-1007 : undeclared symbol 'tpg_data_done', assumed default net type 'wire' in ../../source_code/rtl/UDP_Example_Top.v(520)
HDL-1007 : undeclared symbol 'clk', assumed default net type 'wire' in ../../source_code/rtl/UDP_Example_Top.v(545)
HDL-1007 : undeclared symbol 'video_clk', assumed default net type 'wire' in ../../source_code/rtl/UDP_Example_Top.v(546)
HDL-1007 : undeclared symbol 'hdmi_5x_clk', assumed default net type 'wire' in ../../source_code/rtl/UDP_Example_Top.v(547)
HDL-1007 : undeclared symbol 'vga_out_de', assumed default net type 'wire' in ../../source_code/rtl/UDP_Example_Top.v(553)
HDL-1007 : undeclared symbol 'video_read_req', assumed default net type 'wire' in ../../source_code/rtl/UDP_Example_Top.v(563)
HDL-1007 : undeclared symbol 'video_read_req_ack', assumed default net type 'wire' in ../../source_code/rtl/UDP_Example_Top.v(564)
HDL-1007 : undeclared symbol 'hs', assumed default net type 'wire' in ../../source_code/rtl/UDP_Example_Top.v(586)
HDL-1007 : undeclared symbol 'vs', assumed default net type 'wire' in ../../source_code/rtl/UDP_Example_Top.v(587)
HDL-1007 : undeclared symbol 'de', assumed default net type 'wire' in ../../source_code/rtl/UDP_Example_Top.v(588)
HDL-1007 : undeclared symbol 'vout_data', assumed default net type 'wire' in ../../source_code/rtl/UDP_Example_Top.v(589)
HDL-1007 : analyze verilog file ../../source_code/rtl/udp_ip_protocol_stack_merge.enc.v
HDL-1007 : back to file '../../source_code/rtl/udp_ip_protocol_stack_merge.enc.v' in ../../source_code/rtl/udp_ip_protocol_stack_merge.enc.v(56)
HDL-1007 : undeclared symbol '**', assumed default net type '**' in ../../source_code/rtl/udp_ip_protocol_stack_merge.enc.v(2638)
HDL-1007 : back to file '../../source_code/rtl/udp_ip_protocol_stack_merge.enc.v' in ../../source_code/rtl/udp_ip_protocol_stack_merge.enc.v(420)
HDL-1007 : analyze verilog file ../../source_code/rtl/udp_loopback.v
HDL-1007 : analyze verilog file ../../source_code/rtl/sdr/rtl/app_wrrd.v
HDL-1007 : analyze included file ../../source_code/rtl/sdr/rtl/../include/global_def.v in ../../source_code/rtl/sdr/rtl/app_wrrd.v(10)
HDL-1007 : back to file '../../source_code/rtl/sdr/rtl/app_wrrd.v' in ../../source_code/rtl/sdr/rtl/app_wrrd.v(10)
HDL-5372 WARNING: redeclaration of ANSI port 'full_flag' is not allowed in ../../source_code/rtl/sdr/rtl/app_wrrd.v(61)
HDL-1007 : undeclared symbol 'afull', assumed default net type 'wire' in ../../source_code/rtl/sdr/rtl/app_wrrd.v(74)
HDL-1007 : undeclared symbol 'aempty', assumed default net type 'wire' in ../../source_code/rtl/sdr/rtl/app_wrrd.v(75)
HDL-1007 : undeclared symbol 'wrusedw', assumed default net type 'wire' in ../../source_code/rtl/sdr/rtl/app_wrrd.v(76)
HDL-5333 WARNING: data object 'w_addr_cnt' is already declared in ../../source_code/rtl/sdr/rtl/app_wrrd.v(139)
HDL-1007 : previous declaration of 'w_addr_cnt' is from here in ../../source_code/rtl/sdr/rtl/app_wrrd.v(38)
HDL-5007 WARNING: second declaration of 'w_addr_cnt' is ignored in ../../source_code/rtl/sdr/rtl/app_wrrd.v(139)
HDL-1007 : analyze verilog file ../../source_code/rtl/sdr/rtl/sdram_top.v
HDL-1007 : analyze included file ../../source_code/rtl/sdr/rtl/../include/global_def.v in ../../source_code/rtl/sdr/rtl/sdram_top.v(10)
HDL-1007 : back to file '../../source_code/rtl/sdr/rtl/sdram_top.v' in ../../source_code/rtl/sdr/rtl/sdram_top.v(10)
HDL-1007 : undeclared symbol 'Rst_n', assumed default net type 'wire' in ../../source_code/rtl/sdr/rtl/sdram_top.v(70)
HDL-5372 WARNING: redeclaration of ANSI port 'wr_done' is not allowed in ../../source_code/rtl/sdr/rtl/sdram_top.v(73)
HDL-1007 : undeclared symbol 'SDR_CKE', assumed default net type 'wire' in ../../source_code/rtl/sdr/rtl/sdram_top.v(132)
HDL-1007 : analyze verilog file ../../source_code/rtl/sd/sd_ctrl_top.v
HDL-1007 : analyze verilog file ../../source_code/rtl/sd/sd_init.v
HDL-1007 : analyze verilog file ../../source_code/rtl/sd/sd_read.v
HDL-1007 : analyze verilog file ../../source_code/rtl/sd/sd_read_photo.v
HDL-1007 : analyze verilog file ../../source_code/rtl/sdr/rtl/enc_file/sdr_as_ram.enc.v
HDL-1007 : back to file '../../source_code/rtl/sdr/rtl/enc_file/sdr_as_ram.enc.v' in ../../source_code/rtl/sdr/rtl/enc_file/sdr_as_ram.enc.v(45)
HDL-1007 : analyze verilog file ../../source_code/rtl/sdr/rtl/enc_file/sdr_init_ref.enc.v
HDL-1007 : undeclared symbol '**', assumed default net type '**' in ../../source_code/rtl/sdr/rtl/enc_file/sdr_init_ref.enc.v(57)
HDL-1007 : back to file '../../source_code/rtl/sdr/rtl/enc_file/sdr_init_ref.enc.v' in ../../source_code/rtl/sdr/rtl/enc_file/sdr_init_ref.enc.v(148)
HDL-5007 WARNING: concatenation with an unsized literal will be treated as 32 bits in ../../source_code/rtl/sdr/rtl/enc_file/sdr_init_ref.enc.v(47)
HDL-1007 : analyze verilog file ../../source_code/rtl/sdr/rtl/enc_file/sdr_wrrd.enc.v
HDL-5007 WARNING: concatenation with an unsized literal will be treated as 32 bits in ../../source_code/rtl/sdr/rtl/enc_file/sdr_wrrd.enc.v(283)
HDL-1007 : back to file '../../source_code/rtl/sdr/rtl/enc_file/sdr_wrrd.enc.v' in ../../source_code/rtl/sdr/rtl/enc_file/sdr_wrrd.enc.v(19)
HDL-1007 : analyze verilog file ../../source_code/rtl/camera_data_gen.v
HDL-1007 : analyze verilog file ../../source_code/rtl/ov5640/ov5640_dri.v
HDL-1007 : analyze verilog file ../../source_code/rtl/ov5640/ov5640_delay.v
HDL-1007 : analyze verilog file ../../source_code/rtl/ov5640/i2c_ov5640_rgb565_cfg.v
HDL-1007 : analyze verilog file ../../source_code/rtl/ov5640/i2c_dri.v
HDL-1007 : analyze verilog file ../../source_code/rtl/ov5640/cmos_capture_data.v
HDL-1007 : analyze verilog file ../../source_code/rtl/sdram_write_static_sel.v
PRJ-8403 ERROR: File(D:/Anlu/double_fpga_udp/tx/sdram_switch/UDP_EG4_6.2/source_code/rtl/BUFGMUX.v) is already in fileSet(design_1).
GUI-5001 WARNING: Failed to add the file: D:/Anlu/double_fpga_udp/tx/sdram_switch/UDP_EG4_6.2/source_code/rtl/BUFGMUX.v
PRJ-8403 ERROR: File(D:/Anlu/double_fpga_udp/tx/sdram_switch/UDP_EG4_6.2/source_code/rtl/camera_data_gen.v) is already in fileSet(design_1).
GUI-5001 WARNING: Failed to add the file: D:/Anlu/double_fpga_udp/tx/sdram_switch/UDP_EG4_6.2/source_code/rtl/camera_data_gen.v
PRJ-8403 ERROR: File(D:/Anlu/double_fpga_udp/tx/sdram_switch/UDP_EG4_6.2/source_code/rtl/clk_gen_rst_gen.v) is already in fileSet(design_1).
GUI-5001 WARNING: Failed to add the file: D:/Anlu/double_fpga_udp/tx/sdram_switch/UDP_EG4_6.2/source_code/rtl/clk_gen_rst_gen.v
PRJ-8403 ERROR: File(D:/Anlu/double_fpga_udp/tx/sdram_switch/UDP_EG4_6.2/source_code/rtl/div_clk_gen.v) is already in fileSet(design_1).
GUI-5001 WARNING: Failed to add the file: D:/Anlu/double_fpga_udp/tx/sdram_switch/UDP_EG4_6.2/source_code/rtl/div_clk_gen.v
PRJ-8403 ERROR: File(D:/Anlu/double_fpga_udp/tx/sdram_switch/UDP_EG4_6.2/source_code/rtl/IDDR.v) is already in fileSet(design_1).
GUI-5001 WARNING: Failed to add the file: D:/Anlu/double_fpga_udp/tx/sdram_switch/UDP_EG4_6.2/source_code/rtl/IDDR.v
PRJ-8403 ERROR: File(D:/Anlu/double_fpga_udp/tx/sdram_switch/UDP_EG4_6.2/source_code/rtl/ODDR.v) is already in fileSet(design_1).
GUI-5001 WARNING: Failed to add the file: D:/Anlu/double_fpga_udp/tx/sdram_switch/UDP_EG4_6.2/source_code/rtl/ODDR.v
PRJ-8403 ERROR: File(D:/Anlu/double_fpga_udp/tx/sdram_switch/UDP_EG4_6.2/source_code/rtl/RAMB16_S9_S9.v) is already in fileSet(design_1).
GUI-5001 WARNING: Failed to add the file: D:/Anlu/double_fpga_udp/tx/sdram_switch/UDP_EG4_6.2/source_code/rtl/RAMB16_S9_S9.v
PRJ-8403 ERROR: File(D:/Anlu/double_fpga_udp/tx/sdram_switch/UDP_EG4_6.2/source_code/rtl/rgmii_interface.v) is already in fileSet(design_1).
GUI-5001 WARNING: Failed to add the file: D:/Anlu/double_fpga_udp/tx/sdram_switch/UDP_EG4_6.2/source_code/rtl/rgmii_interface.v
PRJ-8403 ERROR: File(D:/Anlu/double_fpga_udp/tx/sdram_switch/UDP_EG4_6.2/source_code/rtl/rx_client_fifo.v) is already in fileSet(design_1).
GUI-5001 WARNING: Failed to add the file: D:/Anlu/double_fpga_udp/tx/sdram_switch/UDP_EG4_6.2/source_code/rtl/rx_client_fifo.v
PRJ-8403 ERROR: File(D:/Anlu/double_fpga_udp/tx/sdram_switch/UDP_EG4_6.2/source_code/rtl/sdram_write_static_sel.v) is already in fileSet(design_1).
GUI-5001 WARNING: Failed to add the file: D:/Anlu/double_fpga_udp/tx/sdram_switch/UDP_EG4_6.2/source_code/rtl/sdram_write_static_sel.v
PRJ-8403 ERROR: File(D:/Anlu/double_fpga_udp/tx/sdram_switch/UDP_EG4_6.2/source_code/rtl/temac_block.v) is already in fileSet(design_1).
GUI-5001 WARNING: Failed to add the file: D:/Anlu/double_fpga_udp/tx/sdram_switch/UDP_EG4_6.2/source_code/rtl/temac_block.v
PRJ-8403 ERROR: File(D:/Anlu/double_fpga_udp/tx/sdram_switch/UDP_EG4_6.2/source_code/rtl/temac_clk_gen.v) is already in fileSet(design_1).
GUI-5001 WARNING: Failed to add the file: D:/Anlu/double_fpga_udp/tx/sdram_switch/UDP_EG4_6.2/source_code/rtl/temac_clk_gen.v
PRJ-8403 ERROR: File(D:/Anlu/double_fpga_udp/tx/sdram_switch/UDP_EG4_6.2/source_code/rtl/tx_client_fifo.v) is already in fileSet(design_1).
GUI-5001 WARNING: Failed to add the file: D:/Anlu/double_fpga_udp/tx/sdram_switch/UDP_EG4_6.2/source_code/rtl/tx_client_fifo.v
PRJ-8403 ERROR: File(D:/Anlu/double_fpga_udp/tx/sdram_switch/UDP_EG4_6.2/source_code/rtl/tx_clk_en_gen.v) is already in fileSet(design_1).
GUI-5001 WARNING: Failed to add the file: D:/Anlu/double_fpga_udp/tx/sdram_switch/UDP_EG4_6.2/source_code/rtl/tx_clk_en_gen.v
PRJ-8403 ERROR: File(D:/Anlu/double_fpga_udp/tx/sdram_switch/UDP_EG4_6.2/source_code/rtl/udp_data_tpg.v) is already in fileSet(design_1).
GUI-5001 WARNING: Failed to add the file: D:/Anlu/double_fpga_udp/tx/sdram_switch/UDP_EG4_6.2/source_code/rtl/udp_data_tpg.v
PRJ-8403 ERROR: File(D:/Anlu/double_fpga_udp/tx/sdram_switch/UDP_EG4_6.2/source_code/rtl/UDP_Example_Top.v) is already in fileSet(design_1).
GUI-5001 WARNING: Failed to add the file: D:/Anlu/double_fpga_udp/tx/sdram_switch/UDP_EG4_6.2/source_code/rtl/UDP_Example_Top.v
PRJ-8403 ERROR: File(D:/Anlu/double_fpga_udp/tx/sdram_switch/UDP_EG4_6.2/source_code/rtl/udp_ip_protocol_stack_merge.enc.v) is already in fileSet(design_1).
GUI-5001 WARNING: Failed to add the file: D:/Anlu/double_fpga_udp/tx/sdram_switch/UDP_EG4_6.2/source_code/rtl/udp_ip_protocol_stack_merge.enc.v
PRJ-8403 ERROR: File(D:/Anlu/double_fpga_udp/tx/sdram_switch/UDP_EG4_6.2/source_code/rtl/udp_loopback.v) is already in fileSet(design_1).
GUI-5001 WARNING: Failed to add the file: D:/Anlu/double_fpga_udp/tx/sdram_switch/UDP_EG4_6.2/source_code/rtl/udp_loopback.v
RUN-1002 : start command "commit_param -step design"
RUN-1001 : Print Global Property
RUN-1001 : --------------------------------------------------------
RUN-1001 :   Parameters   |  Settings  |  Default Values  |  Note  
RUN-1001 : --------------------------------------------------------
RUN-1001 :   enable_seed  |    off     |       off        |        
RUN-1001 :     message    |  standard  |     standard     |        
RUN-1001 :   qor_monitor  |     on     |        on        |        
RUN-1001 :   syn_ip_flow  |    off     |       off        |        
RUN-1001 :     thread     |    auto    |       auto       |        
RUN-1001 : --------------------------------------------------------
RUN-1001 : Print Design Property
RUN-1001 : ----------------------------------------------------------------
RUN-1001 :       Parameters       |  Settings  |  Default Values  |  Note  
RUN-1001 : ----------------------------------------------------------------
RUN-1001 :   default_reg_initial  |    auto    |       auto       |        
RUN-1001 :    hdl_warning_level   |   normal   |      normal      |        
RUN-1001 : ----------------------------------------------------------------
HDL-1007 : analyze verilog file al_ip/TEMAC_CORE/RTL/mac_core_aead6cd6dadd.v
HDL-1007 : analyze verilog file al_ip/TEMAC_CORE/RTL/TEMAC_CORE_aead6cd6dadd.v
HDL-5007 WARNING: column 1032 exceeds maximum value 1023 in al_ip/TEMAC_CORE/RTL/TEMAC_CORE_aead6cd6dadd.v(30)
HDL-1007 : back to file 'al_ip/TEMAC_CORE/RTL/TEMAC_CORE_aead6cd6dadd.v' in al_ip/TEMAC_CORE/RTL/TEMAC_CORE_aead6cd6dadd.v(86)
HDL-5007 WARNING: event expressions must result in a singular type in al_ip/TEMAC_CORE/RTL/TEMAC_CORE_aead6cd6dadd.v(3001)
HDL-1007 : undeclared symbol '**', assumed default net type '**' in al_ip/TEMAC_CORE/RTL/TEMAC_CORE_aead6cd6dadd.v(5050)
HDL-1007 : undeclared symbol '**', assumed default net type '**' in al_ip/TEMAC_CORE/RTL/TEMAC_CORE_aead6cd6dadd.v(5458)
HDL-5007 WARNING: column 1035 exceeds maximum value 1023 in al_ip/TEMAC_CORE/RTL/TEMAC_CORE_aead6cd6dadd.v(6001)
HDL-1007 : back to file 'al_ip/TEMAC_CORE/RTL/TEMAC_CORE_aead6cd6dadd.v' in al_ip/TEMAC_CORE/RTL/TEMAC_CORE_aead6cd6dadd.v(260)
HDL-1007 : analyze verilog file al_ip/TEMAC_CORE/TEMAC_CORE.v
HDL-1007 : analyze verilog file al_ip/clk_pll.v
HDL-1007 : undeclared symbol 'open', assumed default net type 'wire' in al_ip/clk_pll.v(85)
HDL-1007 : analyze verilog file al_ip/fifo_sdr_data_2.v
HDL-1007 : analyze verilog file al_ip/pll_50.v
HDL-1007 : undeclared symbol 'open', assumed default net type 'wire' in al_ip/pll_50.v(85)
HDL-1007 : analyze verilog file al_ip/pll_gen.v
HDL-1007 : undeclared symbol 'pll_gen_open0', assumed default net type 'wire' in al_ip/pll_gen.v(99)
HDL-1007 : undeclared symbol 'pll_gen_open8', assumed default net type 'wire' in al_ip/pll_gen.v(105)
HDL-1007 : undeclared symbol 'pll_gen_open7', assumed default net type 'wire' in al_ip/pll_gen.v(105)
HDL-1007 : undeclared symbol 'pll_gen_open6', assumed default net type 'wire' in al_ip/pll_gen.v(105)
HDL-1007 : undeclared symbol 'pll_gen_open5', assumed default net type 'wire' in al_ip/pll_gen.v(105)
HDL-1007 : undeclared symbol 'pll_gen_open4', assumed default net type 'wire' in al_ip/pll_gen.v(105)
HDL-1007 : undeclared symbol 'pll_gen_open3', assumed default net type 'wire' in al_ip/pll_gen.v(105)
HDL-1007 : undeclared symbol 'pll_gen_open2', assumed default net type 'wire' in al_ip/pll_gen.v(105)
HDL-1007 : undeclared symbol 'pll_gen_open1', assumed default net type 'wire' in al_ip/pll_gen.v(105)
HDL-1007 : analyze verilog file al_ip/rx_pll.v
HDL-1007 : undeclared symbol 'open', assumed default net type 'wire' in al_ip/rx_pll.v(78)
HDL-1007 : analyze verilog file ../../source_code/rtl/BUFGMUX.v
HDL-1007 : analyze verilog file ../../source_code/rtl/clk_gen_rst_gen.v
HDL-1007 : analyze verilog file ../../source_code/rtl/div_clk_gen.v
HDL-1007 : analyze verilog file ../../source_code/rtl/IDDR.v
HDL-1007 : analyze verilog file ../../source_code/rtl/ODDR.v
HDL-1007 : analyze verilog file ../../source_code/rtl/RAMB16_S9_S9.v
HDL-1007 : undeclared symbol 'open', assumed default net type 'wire' in ../../source_code/rtl/RAMB16_S9_S9.v(109)
HDL-1007 : analyze verilog file ../../source_code/rtl/rgmii_interface.v
HDL-1007 : analyze verilog file ../../source_code/rtl/rx_client_fifo.v
HDL-5370 WARNING: parameter 'WAIT_s' becomes localparam in 'rx_client_fifo' with formal parameter declaration list in ../../source_code/rtl/rx_client_fifo.v(49)
HDL-5370 WARNING: parameter 'QUEUE1_s' becomes localparam in 'rx_client_fifo' with formal parameter declaration list in ../../source_code/rtl/rx_client_fifo.v(50)
HDL-5370 WARNING: parameter 'QUEUE2_s' becomes localparam in 'rx_client_fifo' with formal parameter declaration list in ../../source_code/rtl/rx_client_fifo.v(51)
HDL-5370 WARNING: parameter 'QUEUE3_s' becomes localparam in 'rx_client_fifo' with formal parameter declaration list in ../../source_code/rtl/rx_client_fifo.v(52)
HDL-5370 WARNING: parameter 'QUEUE_SOF_s' becomes localparam in 'rx_client_fifo' with formal parameter declaration list in ../../source_code/rtl/rx_client_fifo.v(53)
HDL-5370 WARNING: parameter 'SOF_s' becomes localparam in 'rx_client_fifo' with formal parameter declaration list in ../../source_code/rtl/rx_client_fifo.v(54)
HDL-5370 WARNING: parameter 'DATA_s' becomes localparam in 'rx_client_fifo' with formal parameter declaration list in ../../source_code/rtl/rx_client_fifo.v(55)
HDL-5370 WARNING: parameter 'EOF_s' becomes localparam in 'rx_client_fifo' with formal parameter declaration list in ../../source_code/rtl/rx_client_fifo.v(56)
HDL-5370 WARNING: parameter 'IDLE_s' becomes localparam in 'rx_client_fifo' with formal parameter declaration list in ../../source_code/rtl/rx_client_fifo.v(62)
HDL-5370 WARNING: parameter 'FRAME_s' becomes localparam in 'rx_client_fifo' with formal parameter declaration list in ../../source_code/rtl/rx_client_fifo.v(63)
HDL-5370 Similar messages will be suppressed.
HDL-1007 : analyze verilog file ../../source_code/rtl/temac_block.v
HDL-1007 : analyze verilog file ../../source_code/rtl/temac_clk_gen.v
HDL-1007 : analyze verilog file ../../source_code/rtl/tx_client_fifo.v
HDL-5370 WARNING: parameter 'IDLE_s' becomes localparam in 'tx_client_fifo' with formal parameter declaration list in ../../source_code/rtl/tx_client_fifo.v(53)
HDL-5370 WARNING: parameter 'QUEUE1_s' becomes localparam in 'tx_client_fifo' with formal parameter declaration list in ../../source_code/rtl/tx_client_fifo.v(54)
HDL-5370 WARNING: parameter 'QUEUE2_s' becomes localparam in 'tx_client_fifo' with formal parameter declaration list in ../../source_code/rtl/tx_client_fifo.v(55)
HDL-5370 WARNING: parameter 'QUEUE3_s' becomes localparam in 'tx_client_fifo' with formal parameter declaration list in ../../source_code/rtl/tx_client_fifo.v(56)
HDL-5370 WARNING: parameter 'QUEUE_ACK_s' becomes localparam in 'tx_client_fifo' with formal parameter declaration list in ../../source_code/rtl/tx_client_fifo.v(57)
HDL-5370 WARNING: parameter 'WAIT_ACK_s' becomes localparam in 'tx_client_fifo' with formal parameter declaration list in ../../source_code/rtl/tx_client_fifo.v(58)
HDL-5370 WARNING: parameter 'FRAME_s' becomes localparam in 'tx_client_fifo' with formal parameter declaration list in ../../source_code/rtl/tx_client_fifo.v(59)
HDL-5370 WARNING: parameter 'DROP_s' becomes localparam in 'tx_client_fifo' with formal parameter declaration list in ../../source_code/rtl/tx_client_fifo.v(60)
HDL-5370 WARNING: parameter 'RETRANSMIT_s' becomes localparam in 'tx_client_fifo' with formal parameter declaration list in ../../source_code/rtl/tx_client_fifo.v(61)
HDL-5370 WARNING: parameter 'WAIT_s' becomes localparam in 'tx_client_fifo' with formal parameter declaration list in ../../source_code/rtl/tx_client_fifo.v(67)
HDL-5370 Similar messages will be suppressed.
HDL-1007 : analyze verilog file ../../source_code/rtl/tx_clk_en_gen.v
HDL-1007 : analyze verilog file ../../source_code/rtl/udp_data_tpg.v
HDL-1007 : analyze verilog file ../../source_code/rtl/UDP_Example_Top.v
HDL-1007 : undeclared symbol 'use_sd_data', assumed default net type 'wire' in ../../source_code/rtl/UDP_Example_Top.v(226)
HDL-1007 : undeclared symbol 'phy_reset', assumed default net type 'wire' in ../../source_code/rtl/UDP_Example_Top.v(353)
HDL-5333 WARNING: data object 'rst_n' is already declared in ../../source_code/rtl/UDP_Example_Top.v(400)
HDL-1007 : previous declaration of 'rst_n' is from here in ../../source_code/rtl/UDP_Example_Top.v(200)
HDL-5007 WARNING: second declaration of 'rst_n' is ignored in ../../source_code/rtl/UDP_Example_Top.v(400)
HDL-1007 : undeclared symbol 'tpg_data_done', assumed default net type 'wire' in ../../source_code/rtl/UDP_Example_Top.v(520)
HDL-1007 : undeclared symbol 'clk', assumed default net type 'wire' in ../../source_code/rtl/UDP_Example_Top.v(545)
HDL-1007 : undeclared symbol 'video_clk', assumed default net type 'wire' in ../../source_code/rtl/UDP_Example_Top.v(546)
HDL-1007 : undeclared symbol 'hdmi_5x_clk', assumed default net type 'wire' in ../../source_code/rtl/UDP_Example_Top.v(547)
HDL-1007 : undeclared symbol 'vga_out_de', assumed default net type 'wire' in ../../source_code/rtl/UDP_Example_Top.v(553)
HDL-1007 : undeclared symbol 'video_read_req', assumed default net type 'wire' in ../../source_code/rtl/UDP_Example_Top.v(563)
HDL-1007 : undeclared symbol 'video_read_req_ack', assumed default net type 'wire' in ../../source_code/rtl/UDP_Example_Top.v(564)
HDL-1007 : undeclared symbol 'hs', assumed default net type 'wire' in ../../source_code/rtl/UDP_Example_Top.v(586)
HDL-1007 : undeclared symbol 'vs', assumed default net type 'wire' in ../../source_code/rtl/UDP_Example_Top.v(587)
HDL-1007 : undeclared symbol 'de', assumed default net type 'wire' in ../../source_code/rtl/UDP_Example_Top.v(588)
HDL-1007 : undeclared symbol 'vout_data', assumed default net type 'wire' in ../../source_code/rtl/UDP_Example_Top.v(589)
HDL-1007 : analyze verilog file ../../source_code/rtl/udp_ip_protocol_stack_merge.enc.v
HDL-1007 : back to file '../../source_code/rtl/udp_ip_protocol_stack_merge.enc.v' in ../../source_code/rtl/udp_ip_protocol_stack_merge.enc.v(56)
HDL-1007 : undeclared symbol '**', assumed default net type '**' in ../../source_code/rtl/udp_ip_protocol_stack_merge.enc.v(2638)
HDL-1007 : back to file '../../source_code/rtl/udp_ip_protocol_stack_merge.enc.v' in ../../source_code/rtl/udp_ip_protocol_stack_merge.enc.v(420)
HDL-1007 : analyze verilog file ../../source_code/rtl/udp_loopback.v
HDL-1007 : analyze verilog file ../../source_code/rtl/sdr/rtl/app_wrrd.v
HDL-1007 : analyze included file ../../source_code/rtl/sdr/rtl/../include/global_def.v in ../../source_code/rtl/sdr/rtl/app_wrrd.v(10)
HDL-1007 : back to file '../../source_code/rtl/sdr/rtl/app_wrrd.v' in ../../source_code/rtl/sdr/rtl/app_wrrd.v(10)
HDL-5372 WARNING: redeclaration of ANSI port 'full_flag' is not allowed in ../../source_code/rtl/sdr/rtl/app_wrrd.v(61)
HDL-1007 : undeclared symbol 'afull', assumed default net type 'wire' in ../../source_code/rtl/sdr/rtl/app_wrrd.v(74)
HDL-1007 : undeclared symbol 'aempty', assumed default net type 'wire' in ../../source_code/rtl/sdr/rtl/app_wrrd.v(75)
HDL-1007 : undeclared symbol 'wrusedw', assumed default net type 'wire' in ../../source_code/rtl/sdr/rtl/app_wrrd.v(76)
HDL-5333 WARNING: data object 'w_addr_cnt' is already declared in ../../source_code/rtl/sdr/rtl/app_wrrd.v(139)
HDL-1007 : previous declaration of 'w_addr_cnt' is from here in ../../source_code/rtl/sdr/rtl/app_wrrd.v(38)
HDL-5007 WARNING: second declaration of 'w_addr_cnt' is ignored in ../../source_code/rtl/sdr/rtl/app_wrrd.v(139)
HDL-1007 : analyze verilog file ../../source_code/rtl/sdr/rtl/sdram_top.v
HDL-1007 : analyze included file ../../source_code/rtl/sdr/rtl/../include/global_def.v in ../../source_code/rtl/sdr/rtl/sdram_top.v(10)
HDL-1007 : back to file '../../source_code/rtl/sdr/rtl/sdram_top.v' in ../../source_code/rtl/sdr/rtl/sdram_top.v(10)
HDL-1007 : undeclared symbol 'Rst_n', assumed default net type 'wire' in ../../source_code/rtl/sdr/rtl/sdram_top.v(70)
HDL-5372 WARNING: redeclaration of ANSI port 'wr_done' is not allowed in ../../source_code/rtl/sdr/rtl/sdram_top.v(73)
HDL-1007 : undeclared symbol 'SDR_CKE', assumed default net type 'wire' in ../../source_code/rtl/sdr/rtl/sdram_top.v(132)
HDL-1007 : analyze verilog file ../../source_code/rtl/sd/sd_ctrl_top.v
HDL-1007 : analyze verilog file ../../source_code/rtl/sd/sd_init.v
HDL-1007 : analyze verilog file ../../source_code/rtl/sd/sd_read.v
HDL-1007 : analyze verilog file ../../source_code/rtl/sd/sd_read_photo.v
HDL-1007 : analyze verilog file ../../source_code/rtl/sdr/rtl/enc_file/sdr_as_ram.enc.v
HDL-1007 : back to file '../../source_code/rtl/sdr/rtl/enc_file/sdr_as_ram.enc.v' in ../../source_code/rtl/sdr/rtl/enc_file/sdr_as_ram.enc.v(45)
HDL-1007 : analyze verilog file ../../source_code/rtl/sdr/rtl/enc_file/sdr_init_ref.enc.v
HDL-1007 : undeclared symbol '**', assumed default net type '**' in ../../source_code/rtl/sdr/rtl/enc_file/sdr_init_ref.enc.v(57)
HDL-1007 : back to file '../../source_code/rtl/sdr/rtl/enc_file/sdr_init_ref.enc.v' in ../../source_code/rtl/sdr/rtl/enc_file/sdr_init_ref.enc.v(148)
HDL-5007 WARNING: concatenation with an unsized literal will be treated as 32 bits in ../../source_code/rtl/sdr/rtl/enc_file/sdr_init_ref.enc.v(47)
HDL-1007 : analyze verilog file ../../source_code/rtl/sdr/rtl/enc_file/sdr_wrrd.enc.v
HDL-5007 WARNING: concatenation with an unsized literal will be treated as 32 bits in ../../source_code/rtl/sdr/rtl/enc_file/sdr_wrrd.enc.v(283)
HDL-1007 : back to file '../../source_code/rtl/sdr/rtl/enc_file/sdr_wrrd.enc.v' in ../../source_code/rtl/sdr/rtl/enc_file/sdr_wrrd.enc.v(19)
HDL-1007 : analyze verilog file ../../source_code/rtl/camera_data_gen.v
HDL-1007 : analyze verilog file ../../source_code/rtl/ov5640/ov5640_dri.v
HDL-1007 : analyze verilog file ../../source_code/rtl/ov5640/ov5640_delay.v
HDL-1007 : analyze verilog file ../../source_code/rtl/ov5640/i2c_ov5640_rgb565_cfg.v
HDL-1007 : analyze verilog file ../../source_code/rtl/ov5640/i2c_dri.v
HDL-1007 : analyze verilog file ../../source_code/rtl/ov5640/cmos_capture_data.v
HDL-1007 : analyze verilog file ../../source_code/rtl/sdram_write_static_sel.v
HDL-1007 : analyze verilog file ../../source_code/rtl/sdram_read_align.v
RUN-1002 : start command "commit_param -step design"
RUN-1001 : Print Global Property
RUN-1001 : --------------------------------------------------------
RUN-1001 :   Parameters   |  Settings  |  Default Values  |  Note  
RUN-1001 : --------------------------------------------------------
RUN-1001 :   enable_seed  |    off     |       off        |        
RUN-1001 :     message    |  standard  |     standard     |        
RUN-1001 :   qor_monitor  |     on     |        on        |        
RUN-1001 :   syn_ip_flow  |    off     |       off        |        
RUN-1001 :     thread     |    auto    |       auto       |        
RUN-1001 : --------------------------------------------------------
RUN-1001 : Print Design Property
RUN-1001 : ----------------------------------------------------------------
RUN-1001 :       Parameters       |  Settings  |  Default Values  |  Note  
RUN-1001 : ----------------------------------------------------------------
RUN-1001 :   default_reg_initial  |    auto    |       auto       |        
RUN-1001 :    hdl_warning_level   |   normal   |      normal      |        
RUN-1001 : ----------------------------------------------------------------
HDL-1007 : analyze verilog file al_ip/TEMAC_CORE/RTL/mac_core_aead6cd6dadd.v
HDL-1007 : analyze verilog file al_ip/TEMAC_CORE/RTL/TEMAC_CORE_aead6cd6dadd.v
HDL-5007 WARNING: column 1032 exceeds maximum value 1023 in al_ip/TEMAC_CORE/RTL/TEMAC_CORE_aead6cd6dadd.v(30)
HDL-1007 : back to file 'al_ip/TEMAC_CORE/RTL/TEMAC_CORE_aead6cd6dadd.v' in al_ip/TEMAC_CORE/RTL/TEMAC_CORE_aead6cd6dadd.v(86)
HDL-5007 WARNING: event expressions must result in a singular type in al_ip/TEMAC_CORE/RTL/TEMAC_CORE_aead6cd6dadd.v(3001)
HDL-1007 : undeclared symbol '**', assumed default net type '**' in al_ip/TEMAC_CORE/RTL/TEMAC_CORE_aead6cd6dadd.v(5050)
HDL-1007 : undeclared symbol '**', assumed default net type '**' in al_ip/TEMAC_CORE/RTL/TEMAC_CORE_aead6cd6dadd.v(5458)
HDL-5007 WARNING: column 1035 exceeds maximum value 1023 in al_ip/TEMAC_CORE/RTL/TEMAC_CORE_aead6cd6dadd.v(6001)
HDL-1007 : back to file 'al_ip/TEMAC_CORE/RTL/TEMAC_CORE_aead6cd6dadd.v' in al_ip/TEMAC_CORE/RTL/TEMAC_CORE_aead6cd6dadd.v(260)
HDL-1007 : analyze verilog file al_ip/TEMAC_CORE/TEMAC_CORE.v
HDL-1007 : analyze verilog file al_ip/clk_pll.v
HDL-1007 : undeclared symbol 'open', assumed default net type 'wire' in al_ip/clk_pll.v(85)
HDL-1007 : analyze verilog file al_ip/fifo_sdr_data_2.v
HDL-1007 : analyze verilog file al_ip/pll_50.v
HDL-1007 : undeclared symbol 'open', assumed default net type 'wire' in al_ip/pll_50.v(85)
HDL-1007 : analyze verilog file al_ip/pll_gen.v
HDL-1007 : undeclared symbol 'pll_gen_open0', assumed default net type 'wire' in al_ip/pll_gen.v(99)
HDL-1007 : undeclared symbol 'pll_gen_open8', assumed default net type 'wire' in al_ip/pll_gen.v(105)
HDL-1007 : undeclared symbol 'pll_gen_open7', assumed default net type 'wire' in al_ip/pll_gen.v(105)
HDL-1007 : undeclared symbol 'pll_gen_open6', assumed default net type 'wire' in al_ip/pll_gen.v(105)
HDL-1007 : undeclared symbol 'pll_gen_open5', assumed default net type 'wire' in al_ip/pll_gen.v(105)
HDL-1007 : undeclared symbol 'pll_gen_open4', assumed default net type 'wire' in al_ip/pll_gen.v(105)
HDL-1007 : undeclared symbol 'pll_gen_open3', assumed default net type 'wire' in al_ip/pll_gen.v(105)
HDL-1007 : undeclared symbol 'pll_gen_open2', assumed default net type 'wire' in al_ip/pll_gen.v(105)
HDL-1007 : undeclared symbol 'pll_gen_open1', assumed default net type 'wire' in al_ip/pll_gen.v(105)
HDL-1007 : analyze verilog file al_ip/rx_pll.v
HDL-1007 : undeclared symbol 'open', assumed default net type 'wire' in al_ip/rx_pll.v(78)
HDL-1007 : analyze verilog file ../../source_code/rtl/BUFGMUX.v
HDL-1007 : analyze verilog file ../../source_code/rtl/clk_gen_rst_gen.v
HDL-1007 : analyze verilog file ../../source_code/rtl/div_clk_gen.v
HDL-1007 : analyze verilog file ../../source_code/rtl/IDDR.v
HDL-1007 : analyze verilog file ../../source_code/rtl/ODDR.v
HDL-1007 : analyze verilog file ../../source_code/rtl/RAMB16_S9_S9.v
HDL-1007 : undeclared symbol 'open', assumed default net type 'wire' in ../../source_code/rtl/RAMB16_S9_S9.v(109)
HDL-1007 : analyze verilog file ../../source_code/rtl/rgmii_interface.v
HDL-1007 : analyze verilog file ../../source_code/rtl/rx_client_fifo.v
HDL-5370 WARNING: parameter 'WAIT_s' becomes localparam in 'rx_client_fifo' with formal parameter declaration list in ../../source_code/rtl/rx_client_fifo.v(49)
HDL-5370 WARNING: parameter 'QUEUE1_s' becomes localparam in 'rx_client_fifo' with formal parameter declaration list in ../../source_code/rtl/rx_client_fifo.v(50)
HDL-5370 WARNING: parameter 'QUEUE2_s' becomes localparam in 'rx_client_fifo' with formal parameter declaration list in ../../source_code/rtl/rx_client_fifo.v(51)
HDL-5370 WARNING: parameter 'QUEUE3_s' becomes localparam in 'rx_client_fifo' with formal parameter declaration list in ../../source_code/rtl/rx_client_fifo.v(52)
HDL-5370 WARNING: parameter 'QUEUE_SOF_s' becomes localparam in 'rx_client_fifo' with formal parameter declaration list in ../../source_code/rtl/rx_client_fifo.v(53)
HDL-5370 WARNING: parameter 'SOF_s' becomes localparam in 'rx_client_fifo' with formal parameter declaration list in ../../source_code/rtl/rx_client_fifo.v(54)
HDL-5370 WARNING: parameter 'DATA_s' becomes localparam in 'rx_client_fifo' with formal parameter declaration list in ../../source_code/rtl/rx_client_fifo.v(55)
HDL-5370 WARNING: parameter 'EOF_s' becomes localparam in 'rx_client_fifo' with formal parameter declaration list in ../../source_code/rtl/rx_client_fifo.v(56)
HDL-5370 WARNING: parameter 'IDLE_s' becomes localparam in 'rx_client_fifo' with formal parameter declaration list in ../../source_code/rtl/rx_client_fifo.v(62)
HDL-5370 WARNING: parameter 'FRAME_s' becomes localparam in 'rx_client_fifo' with formal parameter declaration list in ../../source_code/rtl/rx_client_fifo.v(63)
HDL-5370 Similar messages will be suppressed.
HDL-1007 : analyze verilog file ../../source_code/rtl/temac_block.v
HDL-1007 : analyze verilog file ../../source_code/rtl/temac_clk_gen.v
HDL-1007 : analyze verilog file ../../source_code/rtl/tx_client_fifo.v
HDL-5370 WARNING: parameter 'IDLE_s' becomes localparam in 'tx_client_fifo' with formal parameter declaration list in ../../source_code/rtl/tx_client_fifo.v(53)
HDL-5370 WARNING: parameter 'QUEUE1_s' becomes localparam in 'tx_client_fifo' with formal parameter declaration list in ../../source_code/rtl/tx_client_fifo.v(54)
HDL-5370 WARNING: parameter 'QUEUE2_s' becomes localparam in 'tx_client_fifo' with formal parameter declaration list in ../../source_code/rtl/tx_client_fifo.v(55)
HDL-5370 WARNING: parameter 'QUEUE3_s' becomes localparam in 'tx_client_fifo' with formal parameter declaration list in ../../source_code/rtl/tx_client_fifo.v(56)
HDL-5370 WARNING: parameter 'QUEUE_ACK_s' becomes localparam in 'tx_client_fifo' with formal parameter declaration list in ../../source_code/rtl/tx_client_fifo.v(57)
HDL-5370 WARNING: parameter 'WAIT_ACK_s' becomes localparam in 'tx_client_fifo' with formal parameter declaration list in ../../source_code/rtl/tx_client_fifo.v(58)
HDL-5370 WARNING: parameter 'FRAME_s' becomes localparam in 'tx_client_fifo' with formal parameter declaration list in ../../source_code/rtl/tx_client_fifo.v(59)
HDL-5370 WARNING: parameter 'DROP_s' becomes localparam in 'tx_client_fifo' with formal parameter declaration list in ../../source_code/rtl/tx_client_fifo.v(60)
HDL-5370 WARNING: parameter 'RETRANSMIT_s' becomes localparam in 'tx_client_fifo' with formal parameter declaration list in ../../source_code/rtl/tx_client_fifo.v(61)
HDL-5370 WARNING: parameter 'WAIT_s' becomes localparam in 'tx_client_fifo' with formal parameter declaration list in ../../source_code/rtl/tx_client_fifo.v(67)
HDL-5370 Similar messages will be suppressed.
HDL-1007 : analyze verilog file ../../source_code/rtl/tx_clk_en_gen.v
HDL-1007 : analyze verilog file ../../source_code/rtl/udp_data_tpg.v
HDL-1007 : analyze verilog file ../../source_code/rtl/UDP_Example_Top.v
HDL-1007 : undeclared symbol 'use_sd_data', assumed default net type 'wire' in ../../source_code/rtl/UDP_Example_Top.v(226)
HDL-1007 : undeclared symbol 'phy_reset', assumed default net type 'wire' in ../../source_code/rtl/UDP_Example_Top.v(353)
HDL-5333 WARNING: data object 'rst_n' is already declared in ../../source_code/rtl/UDP_Example_Top.v(400)
HDL-1007 : previous declaration of 'rst_n' is from here in ../../source_code/rtl/UDP_Example_Top.v(200)
HDL-5007 WARNING: second declaration of 'rst_n' is ignored in ../../source_code/rtl/UDP_Example_Top.v(400)
HDL-1007 : undeclared symbol 'tpg_data_done', assumed default net type 'wire' in ../../source_code/rtl/UDP_Example_Top.v(520)
HDL-1007 : undeclared symbol 'clk', assumed default net type 'wire' in ../../source_code/rtl/UDP_Example_Top.v(545)
HDL-1007 : undeclared symbol 'video_clk', assumed default net type 'wire' in ../../source_code/rtl/UDP_Example_Top.v(546)
HDL-1007 : undeclared symbol 'hdmi_5x_clk', assumed default net type 'wire' in ../../source_code/rtl/UDP_Example_Top.v(547)
HDL-1007 : undeclared symbol 'vga_out_de', assumed default net type 'wire' in ../../source_code/rtl/UDP_Example_Top.v(553)
HDL-1007 : undeclared symbol 'video_read_req', assumed default net type 'wire' in ../../source_code/rtl/UDP_Example_Top.v(563)
HDL-1007 : undeclared symbol 'video_read_req_ack', assumed default net type 'wire' in ../../source_code/rtl/UDP_Example_Top.v(564)
HDL-1007 : undeclared symbol 'hs', assumed default net type 'wire' in ../../source_code/rtl/UDP_Example_Top.v(586)
HDL-1007 : undeclared symbol 'vs', assumed default net type 'wire' in ../../source_code/rtl/UDP_Example_Top.v(587)
HDL-1007 : undeclared symbol 'de', assumed default net type 'wire' in ../../source_code/rtl/UDP_Example_Top.v(588)
HDL-1007 : undeclared symbol 'vout_data', assumed default net type 'wire' in ../../source_code/rtl/UDP_Example_Top.v(589)
HDL-1007 : analyze verilog file ../../source_code/rtl/udp_ip_protocol_stack_merge.enc.v
HDL-1007 : back to file '../../source_code/rtl/udp_ip_protocol_stack_merge.enc.v' in ../../source_code/rtl/udp_ip_protocol_stack_merge.enc.v(56)
HDL-1007 : undeclared symbol '**', assumed default net type '**' in ../../source_code/rtl/udp_ip_protocol_stack_merge.enc.v(2638)
HDL-1007 : back to file '../../source_code/rtl/udp_ip_protocol_stack_merge.enc.v' in ../../source_code/rtl/udp_ip_protocol_stack_merge.enc.v(420)
HDL-1007 : analyze verilog file ../../source_code/rtl/udp_loopback.v
HDL-1007 : analyze verilog file ../../source_code/rtl/sdr/rtl/app_wrrd.v
HDL-1007 : analyze included file ../../source_code/rtl/sdr/rtl/../include/global_def.v in ../../source_code/rtl/sdr/rtl/app_wrrd.v(10)
HDL-1007 : back to file '../../source_code/rtl/sdr/rtl/app_wrrd.v' in ../../source_code/rtl/sdr/rtl/app_wrrd.v(10)
HDL-5372 WARNING: redeclaration of ANSI port 'full_flag' is not allowed in ../../source_code/rtl/sdr/rtl/app_wrrd.v(61)
HDL-1007 : undeclared symbol 'afull', assumed default net type 'wire' in ../../source_code/rtl/sdr/rtl/app_wrrd.v(74)
HDL-1007 : undeclared symbol 'aempty', assumed default net type 'wire' in ../../source_code/rtl/sdr/rtl/app_wrrd.v(75)
HDL-1007 : undeclared symbol 'wrusedw', assumed default net type 'wire' in ../../source_code/rtl/sdr/rtl/app_wrrd.v(76)
HDL-5333 WARNING: data object 'w_addr_cnt' is already declared in ../../source_code/rtl/sdr/rtl/app_wrrd.v(139)
HDL-1007 : previous declaration of 'w_addr_cnt' is from here in ../../source_code/rtl/sdr/rtl/app_wrrd.v(38)
HDL-5007 WARNING: second declaration of 'w_addr_cnt' is ignored in ../../source_code/rtl/sdr/rtl/app_wrrd.v(139)
HDL-1007 : analyze verilog file ../../source_code/rtl/sdr/rtl/sdram_top.v
HDL-1007 : analyze included file ../../source_code/rtl/sdr/rtl/../include/global_def.v in ../../source_code/rtl/sdr/rtl/sdram_top.v(10)
HDL-1007 : back to file '../../source_code/rtl/sdr/rtl/sdram_top.v' in ../../source_code/rtl/sdr/rtl/sdram_top.v(10)
HDL-1007 : undeclared symbol 'Rst_n', assumed default net type 'wire' in ../../source_code/rtl/sdr/rtl/sdram_top.v(70)
HDL-5372 WARNING: redeclaration of ANSI port 'wr_done' is not allowed in ../../source_code/rtl/sdr/rtl/sdram_top.v(73)
HDL-1007 : undeclared symbol 'SDR_CKE', assumed default net type 'wire' in ../../source_code/rtl/sdr/rtl/sdram_top.v(132)
HDL-1007 : analyze verilog file ../../source_code/rtl/sd/sd_ctrl_top.v
HDL-1007 : analyze verilog file ../../source_code/rtl/sd/sd_init.v
HDL-1007 : analyze verilog file ../../source_code/rtl/sd/sd_read.v
HDL-1007 : analyze verilog file ../../source_code/rtl/sd/sd_read_photo.v
HDL-1007 : analyze verilog file ../../source_code/rtl/sdr/rtl/enc_file/sdr_as_ram.enc.v
HDL-1007 : back to file '../../source_code/rtl/sdr/rtl/enc_file/sdr_as_ram.enc.v' in ../../source_code/rtl/sdr/rtl/enc_file/sdr_as_ram.enc.v(45)
HDL-1007 : analyze verilog file ../../source_code/rtl/sdr/rtl/enc_file/sdr_init_ref.enc.v
HDL-1007 : undeclared symbol '**', assumed default net type '**' in ../../source_code/rtl/sdr/rtl/enc_file/sdr_init_ref.enc.v(57)
HDL-1007 : back to file '../../source_code/rtl/sdr/rtl/enc_file/sdr_init_ref.enc.v' in ../../source_code/rtl/sdr/rtl/enc_file/sdr_init_ref.enc.v(148)
HDL-5007 WARNING: concatenation with an unsized literal will be treated as 32 bits in ../../source_code/rtl/sdr/rtl/enc_file/sdr_init_ref.enc.v(47)
HDL-1007 : analyze verilog file ../../source_code/rtl/sdr/rtl/enc_file/sdr_wrrd.enc.v
HDL-5007 WARNING: concatenation with an unsized literal will be treated as 32 bits in ../../source_code/rtl/sdr/rtl/enc_file/sdr_wrrd.enc.v(283)
HDL-1007 : back to file '../../source_code/rtl/sdr/rtl/enc_file/sdr_wrrd.enc.v' in ../../source_code/rtl/sdr/rtl/enc_file/sdr_wrrd.enc.v(19)
HDL-1007 : analyze verilog file ../../source_code/rtl/camera_data_gen.v
HDL-1007 : analyze verilog file ../../source_code/rtl/ov5640/ov5640_dri.v
HDL-1007 : analyze verilog file ../../source_code/rtl/ov5640/ov5640_delay.v
HDL-1007 : analyze verilog file ../../source_code/rtl/ov5640/i2c_ov5640_rgb565_cfg.v
HDL-1007 : analyze verilog file ../../source_code/rtl/ov5640/i2c_dri.v
HDL-1007 : analyze verilog file ../../source_code/rtl/ov5640/cmos_capture_data.v
HDL-1007 : analyze verilog file ../../source_code/rtl/sdram_write_static_sel.v
HDL-1007 : analyze verilog file ../../source_code/rtl/sdram_read_align.v
HDL-1007 : analyze verilog file ../../source_code/rtl/display/color_bar.v
HDL-1007 : analyze included file ../../source_code/rtl/display/video_define.v in ../../source_code/rtl/display/color_bar.v(1)
HDL-1007 : back to file '../../source_code/rtl/display/color_bar.v' in ../../source_code/rtl/display/color_bar.v(1)
HDL-1007 : analyze verilog file ../../source_code/rtl/display/video_delay.v
HDL-1007 : analyze verilog file ../../source_code/rtl/display/video_timing_data.v
RUN-1002 : start command "commit_param -step design"
RUN-1001 : Print Global Property
RUN-1001 : --------------------------------------------------------
RUN-1001 :   Parameters   |  Settings  |  Default Values  |  Note  
RUN-1001 : --------------------------------------------------------
RUN-1001 :   enable_seed  |    off     |       off        |        
RUN-1001 :     message    |  standard  |     standard     |        
RUN-1001 :   qor_monitor  |     on     |        on        |        
RUN-1001 :   syn_ip_flow  |    off     |       off        |        
RUN-1001 :     thread     |    auto    |       auto       |        
RUN-1001 : --------------------------------------------------------
RUN-1001 : Print Design Property
RUN-1001 : ----------------------------------------------------------------
RUN-1001 :       Parameters       |  Settings  |  Default Values  |  Note  
RUN-1001 : ----------------------------------------------------------------
RUN-1001 :   default_reg_initial  |    auto    |       auto       |        
RUN-1001 :    hdl_warning_level   |   normal   |      normal      |        
RUN-1001 : ----------------------------------------------------------------
HDL-1007 : analyze verilog file ../../../../../../my_project_125/lab_ex_5_HX4S20_OV5640/al_ip/video_pll.v
HDL-1007 : undeclared symbol 'open', assumed default net type 'wire' in ../../../../../../my_project_125/lab_ex_5_HX4S20_OV5640/al_ip/video_pll.v(70)
HDL-1007 : analyze verilog file al_ip/TEMAC_CORE/RTL/mac_core_aead6cd6dadd.v
HDL-1007 : analyze verilog file al_ip/TEMAC_CORE/RTL/TEMAC_CORE_aead6cd6dadd.v
HDL-5007 WARNING: column 1032 exceeds maximum value 1023 in al_ip/TEMAC_CORE/RTL/TEMAC_CORE_aead6cd6dadd.v(30)
HDL-1007 : back to file 'al_ip/TEMAC_CORE/RTL/TEMAC_CORE_aead6cd6dadd.v' in al_ip/TEMAC_CORE/RTL/TEMAC_CORE_aead6cd6dadd.v(86)
HDL-5007 WARNING: event expressions must result in a singular type in al_ip/TEMAC_CORE/RTL/TEMAC_CORE_aead6cd6dadd.v(3001)
HDL-1007 : undeclared symbol '**', assumed default net type '**' in al_ip/TEMAC_CORE/RTL/TEMAC_CORE_aead6cd6dadd.v(5050)
HDL-1007 : undeclared symbol '**', assumed default net type '**' in al_ip/TEMAC_CORE/RTL/TEMAC_CORE_aead6cd6dadd.v(5458)
HDL-5007 WARNING: column 1035 exceeds maximum value 1023 in al_ip/TEMAC_CORE/RTL/TEMAC_CORE_aead6cd6dadd.v(6001)
HDL-1007 : back to file 'al_ip/TEMAC_CORE/RTL/TEMAC_CORE_aead6cd6dadd.v' in al_ip/TEMAC_CORE/RTL/TEMAC_CORE_aead6cd6dadd.v(260)
HDL-1007 : analyze verilog file al_ip/TEMAC_CORE/TEMAC_CORE.v
HDL-1007 : analyze verilog file al_ip/clk_pll.v
HDL-1007 : undeclared symbol 'open', assumed default net type 'wire' in al_ip/clk_pll.v(85)
HDL-1007 : analyze verilog file al_ip/fifo_sdr_data_2.v
HDL-1007 : analyze verilog file al_ip/pll_50.v
HDL-1007 : undeclared symbol 'open', assumed default net type 'wire' in al_ip/pll_50.v(85)
HDL-1007 : analyze verilog file al_ip/pll_gen.v
HDL-1007 : undeclared symbol 'pll_gen_open0', assumed default net type 'wire' in al_ip/pll_gen.v(99)
HDL-1007 : undeclared symbol 'pll_gen_open8', assumed default net type 'wire' in al_ip/pll_gen.v(105)
HDL-1007 : undeclared symbol 'pll_gen_open7', assumed default net type 'wire' in al_ip/pll_gen.v(105)
HDL-1007 : undeclared symbol 'pll_gen_open6', assumed default net type 'wire' in al_ip/pll_gen.v(105)
HDL-1007 : undeclared symbol 'pll_gen_open5', assumed default net type 'wire' in al_ip/pll_gen.v(105)
HDL-1007 : undeclared symbol 'pll_gen_open4', assumed default net type 'wire' in al_ip/pll_gen.v(105)
HDL-1007 : undeclared symbol 'pll_gen_open3', assumed default net type 'wire' in al_ip/pll_gen.v(105)
HDL-1007 : undeclared symbol 'pll_gen_open2', assumed default net type 'wire' in al_ip/pll_gen.v(105)
HDL-1007 : undeclared symbol 'pll_gen_open1', assumed default net type 'wire' in al_ip/pll_gen.v(105)
HDL-1007 : analyze verilog file al_ip/rx_pll.v
HDL-1007 : undeclared symbol 'open', assumed default net type 'wire' in al_ip/rx_pll.v(78)
HDL-1007 : analyze verilog file ../../source_code/rtl/BUFGMUX.v
HDL-1007 : analyze verilog file ../../source_code/rtl/clk_gen_rst_gen.v
HDL-1007 : analyze verilog file ../../source_code/rtl/div_clk_gen.v
HDL-1007 : analyze verilog file ../../source_code/rtl/IDDR.v
HDL-1007 : analyze verilog file ../../source_code/rtl/ODDR.v
HDL-1007 : analyze verilog file ../../source_code/rtl/RAMB16_S9_S9.v
HDL-1007 : undeclared symbol 'open', assumed default net type 'wire' in ../../source_code/rtl/RAMB16_S9_S9.v(109)
HDL-1007 : analyze verilog file ../../source_code/rtl/rgmii_interface.v
HDL-1007 : analyze verilog file ../../source_code/rtl/rx_client_fifo.v
HDL-5370 WARNING: parameter 'WAIT_s' becomes localparam in 'rx_client_fifo' with formal parameter declaration list in ../../source_code/rtl/rx_client_fifo.v(49)
HDL-5370 WARNING: parameter 'QUEUE1_s' becomes localparam in 'rx_client_fifo' with formal parameter declaration list in ../../source_code/rtl/rx_client_fifo.v(50)
HDL-5370 WARNING: parameter 'QUEUE2_s' becomes localparam in 'rx_client_fifo' with formal parameter declaration list in ../../source_code/rtl/rx_client_fifo.v(51)
HDL-5370 WARNING: parameter 'QUEUE3_s' becomes localparam in 'rx_client_fifo' with formal parameter declaration list in ../../source_code/rtl/rx_client_fifo.v(52)
HDL-5370 WARNING: parameter 'QUEUE_SOF_s' becomes localparam in 'rx_client_fifo' with formal parameter declaration list in ../../source_code/rtl/rx_client_fifo.v(53)
HDL-5370 WARNING: parameter 'SOF_s' becomes localparam in 'rx_client_fifo' with formal parameter declaration list in ../../source_code/rtl/rx_client_fifo.v(54)
HDL-5370 WARNING: parameter 'DATA_s' becomes localparam in 'rx_client_fifo' with formal parameter declaration list in ../../source_code/rtl/rx_client_fifo.v(55)
HDL-5370 WARNING: parameter 'EOF_s' becomes localparam in 'rx_client_fifo' with formal parameter declaration list in ../../source_code/rtl/rx_client_fifo.v(56)
HDL-5370 WARNING: parameter 'IDLE_s' becomes localparam in 'rx_client_fifo' with formal parameter declaration list in ../../source_code/rtl/rx_client_fifo.v(62)
HDL-5370 WARNING: parameter 'FRAME_s' becomes localparam in 'rx_client_fifo' with formal parameter declaration list in ../../source_code/rtl/rx_client_fifo.v(63)
HDL-5370 Similar messages will be suppressed.
HDL-1007 : analyze verilog file ../../source_code/rtl/temac_block.v
HDL-1007 : analyze verilog file ../../source_code/rtl/temac_clk_gen.v
HDL-1007 : analyze verilog file ../../source_code/rtl/tx_client_fifo.v
HDL-5370 WARNING: parameter 'IDLE_s' becomes localparam in 'tx_client_fifo' with formal parameter declaration list in ../../source_code/rtl/tx_client_fifo.v(53)
HDL-5370 WARNING: parameter 'QUEUE1_s' becomes localparam in 'tx_client_fifo' with formal parameter declaration list in ../../source_code/rtl/tx_client_fifo.v(54)
HDL-5370 WARNING: parameter 'QUEUE2_s' becomes localparam in 'tx_client_fifo' with formal parameter declaration list in ../../source_code/rtl/tx_client_fifo.v(55)
HDL-5370 WARNING: parameter 'QUEUE3_s' becomes localparam in 'tx_client_fifo' with formal parameter declaration list in ../../source_code/rtl/tx_client_fifo.v(56)
HDL-5370 WARNING: parameter 'QUEUE_ACK_s' becomes localparam in 'tx_client_fifo' with formal parameter declaration list in ../../source_code/rtl/tx_client_fifo.v(57)
HDL-5370 WARNING: parameter 'WAIT_ACK_s' becomes localparam in 'tx_client_fifo' with formal parameter declaration list in ../../source_code/rtl/tx_client_fifo.v(58)
HDL-5370 WARNING: parameter 'FRAME_s' becomes localparam in 'tx_client_fifo' with formal parameter declaration list in ../../source_code/rtl/tx_client_fifo.v(59)
HDL-5370 WARNING: parameter 'DROP_s' becomes localparam in 'tx_client_fifo' with formal parameter declaration list in ../../source_code/rtl/tx_client_fifo.v(60)
HDL-5370 WARNING: parameter 'RETRANSMIT_s' becomes localparam in 'tx_client_fifo' with formal parameter declaration list in ../../source_code/rtl/tx_client_fifo.v(61)
HDL-5370 WARNING: parameter 'WAIT_s' becomes localparam in 'tx_client_fifo' with formal parameter declaration list in ../../source_code/rtl/tx_client_fifo.v(67)
HDL-5370 Similar messages will be suppressed.
HDL-1007 : analyze verilog file ../../source_code/rtl/tx_clk_en_gen.v
HDL-1007 : analyze verilog file ../../source_code/rtl/udp_data_tpg.v
HDL-1007 : analyze verilog file ../../source_code/rtl/UDP_Example_Top.v
HDL-1007 : undeclared symbol 'use_sd_data', assumed default net type 'wire' in ../../source_code/rtl/UDP_Example_Top.v(226)
HDL-1007 : undeclared symbol 'phy_reset', assumed default net type 'wire' in ../../source_code/rtl/UDP_Example_Top.v(353)
HDL-5333 WARNING: data object 'rst_n' is already declared in ../../source_code/rtl/UDP_Example_Top.v(400)
HDL-1007 : previous declaration of 'rst_n' is from here in ../../source_code/rtl/UDP_Example_Top.v(200)
HDL-5007 WARNING: second declaration of 'rst_n' is ignored in ../../source_code/rtl/UDP_Example_Top.v(400)
HDL-1007 : undeclared symbol 'tpg_data_done', assumed default net type 'wire' in ../../source_code/rtl/UDP_Example_Top.v(520)
HDL-1007 : undeclared symbol 'clk', assumed default net type 'wire' in ../../source_code/rtl/UDP_Example_Top.v(545)
HDL-1007 : undeclared symbol 'video_clk', assumed default net type 'wire' in ../../source_code/rtl/UDP_Example_Top.v(546)
HDL-1007 : undeclared symbol 'hdmi_5x_clk', assumed default net type 'wire' in ../../source_code/rtl/UDP_Example_Top.v(547)
HDL-1007 : undeclared symbol 'vga_out_de', assumed default net type 'wire' in ../../source_code/rtl/UDP_Example_Top.v(553)
HDL-1007 : undeclared symbol 'video_read_req', assumed default net type 'wire' in ../../source_code/rtl/UDP_Example_Top.v(563)
HDL-1007 : undeclared symbol 'video_read_req_ack', assumed default net type 'wire' in ../../source_code/rtl/UDP_Example_Top.v(564)
HDL-1007 : undeclared symbol 'hs', assumed default net type 'wire' in ../../source_code/rtl/UDP_Example_Top.v(586)
HDL-1007 : undeclared symbol 'vs', assumed default net type 'wire' in ../../source_code/rtl/UDP_Example_Top.v(587)
HDL-1007 : undeclared symbol 'de', assumed default net type 'wire' in ../../source_code/rtl/UDP_Example_Top.v(588)
HDL-1007 : undeclared symbol 'vout_data', assumed default net type 'wire' in ../../source_code/rtl/UDP_Example_Top.v(589)
HDL-1007 : analyze verilog file ../../source_code/rtl/udp_ip_protocol_stack_merge.enc.v
HDL-1007 : back to file '../../source_code/rtl/udp_ip_protocol_stack_merge.enc.v' in ../../source_code/rtl/udp_ip_protocol_stack_merge.enc.v(56)
HDL-1007 : undeclared symbol '**', assumed default net type '**' in ../../source_code/rtl/udp_ip_protocol_stack_merge.enc.v(2638)
HDL-1007 : back to file '../../source_code/rtl/udp_ip_protocol_stack_merge.enc.v' in ../../source_code/rtl/udp_ip_protocol_stack_merge.enc.v(420)
HDL-1007 : analyze verilog file ../../source_code/rtl/udp_loopback.v
HDL-1007 : analyze verilog file ../../source_code/rtl/sdr/rtl/app_wrrd.v
HDL-1007 : analyze included file ../../source_code/rtl/sdr/rtl/../include/global_def.v in ../../source_code/rtl/sdr/rtl/app_wrrd.v(10)
HDL-1007 : back to file '../../source_code/rtl/sdr/rtl/app_wrrd.v' in ../../source_code/rtl/sdr/rtl/app_wrrd.v(10)
HDL-5372 WARNING: redeclaration of ANSI port 'full_flag' is not allowed in ../../source_code/rtl/sdr/rtl/app_wrrd.v(61)
HDL-1007 : undeclared symbol 'afull', assumed default net type 'wire' in ../../source_code/rtl/sdr/rtl/app_wrrd.v(74)
HDL-1007 : undeclared symbol 'aempty', assumed default net type 'wire' in ../../source_code/rtl/sdr/rtl/app_wrrd.v(75)
HDL-1007 : undeclared symbol 'wrusedw', assumed default net type 'wire' in ../../source_code/rtl/sdr/rtl/app_wrrd.v(76)
HDL-5333 WARNING: data object 'w_addr_cnt' is already declared in ../../source_code/rtl/sdr/rtl/app_wrrd.v(139)
HDL-1007 : previous declaration of 'w_addr_cnt' is from here in ../../source_code/rtl/sdr/rtl/app_wrrd.v(38)
HDL-5007 WARNING: second declaration of 'w_addr_cnt' is ignored in ../../source_code/rtl/sdr/rtl/app_wrrd.v(139)
HDL-1007 : analyze verilog file ../../source_code/rtl/sdr/rtl/sdram_top.v
HDL-1007 : analyze included file ../../source_code/rtl/sdr/rtl/../include/global_def.v in ../../source_code/rtl/sdr/rtl/sdram_top.v(10)
HDL-1007 : back to file '../../source_code/rtl/sdr/rtl/sdram_top.v' in ../../source_code/rtl/sdr/rtl/sdram_top.v(10)
HDL-1007 : undeclared symbol 'Rst_n', assumed default net type 'wire' in ../../source_code/rtl/sdr/rtl/sdram_top.v(70)
HDL-5372 WARNING: redeclaration of ANSI port 'wr_done' is not allowed in ../../source_code/rtl/sdr/rtl/sdram_top.v(73)
HDL-1007 : undeclared symbol 'SDR_CKE', assumed default net type 'wire' in ../../source_code/rtl/sdr/rtl/sdram_top.v(132)
HDL-1007 : analyze verilog file ../../source_code/rtl/sd/sd_ctrl_top.v
HDL-1007 : analyze verilog file ../../source_code/rtl/sd/sd_init.v
HDL-1007 : analyze verilog file ../../source_code/rtl/sd/sd_read.v
HDL-1007 : analyze verilog file ../../source_code/rtl/sd/sd_read_photo.v
HDL-1007 : analyze verilog file ../../source_code/rtl/sdr/rtl/enc_file/sdr_as_ram.enc.v
HDL-1007 : back to file '../../source_code/rtl/sdr/rtl/enc_file/sdr_as_ram.enc.v' in ../../source_code/rtl/sdr/rtl/enc_file/sdr_as_ram.enc.v(45)
HDL-1007 : analyze verilog file ../../source_code/rtl/sdr/rtl/enc_file/sdr_init_ref.enc.v
HDL-1007 : undeclared symbol '**', assumed default net type '**' in ../../source_code/rtl/sdr/rtl/enc_file/sdr_init_ref.enc.v(57)
HDL-1007 : back to file '../../source_code/rtl/sdr/rtl/enc_file/sdr_init_ref.enc.v' in ../../source_code/rtl/sdr/rtl/enc_file/sdr_init_ref.enc.v(148)
HDL-5007 WARNING: concatenation with an unsized literal will be treated as 32 bits in ../../source_code/rtl/sdr/rtl/enc_file/sdr_init_ref.enc.v(47)
HDL-1007 : analyze verilog file ../../source_code/rtl/sdr/rtl/enc_file/sdr_wrrd.enc.v
HDL-5007 WARNING: concatenation with an unsized literal will be treated as 32 bits in ../../source_code/rtl/sdr/rtl/enc_file/sdr_wrrd.enc.v(283)
HDL-1007 : back to file '../../source_code/rtl/sdr/rtl/enc_file/sdr_wrrd.enc.v' in ../../source_code/rtl/sdr/rtl/enc_file/sdr_wrrd.enc.v(19)
HDL-1007 : analyze verilog file ../../source_code/rtl/camera_data_gen.v
HDL-1007 : analyze verilog file ../../source_code/rtl/ov5640/ov5640_dri.v
HDL-1007 : analyze verilog file ../../source_code/rtl/ov5640/ov5640_delay.v
HDL-1007 : analyze verilog file ../../source_code/rtl/ov5640/i2c_ov5640_rgb565_cfg.v
HDL-1007 : analyze verilog file ../../source_code/rtl/ov5640/i2c_dri.v
HDL-1007 : analyze verilog file ../../source_code/rtl/ov5640/cmos_capture_data.v
HDL-1007 : analyze verilog file ../../source_code/rtl/sdram_write_static_sel.v
HDL-1007 : analyze verilog file ../../source_code/rtl/sdram_read_align.v
HDL-1007 : analyze verilog file ../../source_code/rtl/display/color_bar.v
HDL-1007 : analyze included file ../../source_code/rtl/display/video_define.v in ../../source_code/rtl/display/color_bar.v(1)
HDL-1007 : back to file '../../source_code/rtl/display/color_bar.v' in ../../source_code/rtl/display/color_bar.v(1)
HDL-1007 : analyze verilog file ../../source_code/rtl/display/video_delay.v
HDL-1007 : analyze verilog file ../../source_code/rtl/display/video_timing_data.v
RUN-1002 : start command "commit_param -step design"
RUN-1001 : Print Global Property
RUN-1001 : --------------------------------------------------------
RUN-1001 :   Parameters   |  Settings  |  Default Values  |  Note  
RUN-1001 : --------------------------------------------------------
RUN-1001 :   enable_seed  |    off     |       off        |        
RUN-1001 :     message    |  standard  |     standard     |        
RUN-1001 :   qor_monitor  |     on     |        on        |        
RUN-1001 :   syn_ip_flow  |    off     |       off        |        
RUN-1001 :     thread     |    auto    |       auto       |        
RUN-1001 : --------------------------------------------------------
RUN-1001 : Print Design Property
RUN-1001 : ----------------------------------------------------------------
RUN-1001 :       Parameters       |  Settings  |  Default Values  |  Note  
RUN-1001 : ----------------------------------------------------------------
RUN-1001 :   default_reg_initial  |    auto    |       auto       |        
RUN-1001 :    hdl_warning_level   |   normal   |      normal      |        
RUN-1001 : ----------------------------------------------------------------
HDL-1007 : analyze verilog file ../../../../../../my_project_125/lab_ex_5_HX4S20_OV5640/al_ip/video_pll.v
HDL-1007 : undeclared symbol 'open', assumed default net type 'wire' in ../../../../../../my_project_125/lab_ex_5_HX4S20_OV5640/al_ip/video_pll.v(70)
HDL-1007 : analyze verilog file al_ip/TEMAC_CORE/RTL/mac_core_aead6cd6dadd.v
HDL-1007 : analyze verilog file al_ip/TEMAC_CORE/RTL/TEMAC_CORE_aead6cd6dadd.v
HDL-5007 WARNING: column 1032 exceeds maximum value 1023 in al_ip/TEMAC_CORE/RTL/TEMAC_CORE_aead6cd6dadd.v(30)
HDL-1007 : back to file 'al_ip/TEMAC_CORE/RTL/TEMAC_CORE_aead6cd6dadd.v' in al_ip/TEMAC_CORE/RTL/TEMAC_CORE_aead6cd6dadd.v(86)
HDL-5007 WARNING: event expressions must result in a singular type in al_ip/TEMAC_CORE/RTL/TEMAC_CORE_aead6cd6dadd.v(3001)
HDL-1007 : undeclared symbol '**', assumed default net type '**' in al_ip/TEMAC_CORE/RTL/TEMAC_CORE_aead6cd6dadd.v(5050)
HDL-1007 : undeclared symbol '**', assumed default net type '**' in al_ip/TEMAC_CORE/RTL/TEMAC_CORE_aead6cd6dadd.v(5458)
HDL-5007 WARNING: column 1035 exceeds maximum value 1023 in al_ip/TEMAC_CORE/RTL/TEMAC_CORE_aead6cd6dadd.v(6001)
HDL-1007 : back to file 'al_ip/TEMAC_CORE/RTL/TEMAC_CORE_aead6cd6dadd.v' in al_ip/TEMAC_CORE/RTL/TEMAC_CORE_aead6cd6dadd.v(260)
HDL-1007 : analyze verilog file al_ip/TEMAC_CORE/TEMAC_CORE.v
HDL-1007 : analyze verilog file al_ip/clk_pll.v
HDL-1007 : undeclared symbol 'open', assumed default net type 'wire' in al_ip/clk_pll.v(85)
HDL-1007 : analyze verilog file al_ip/fifo_sdr_data_2.v
HDL-1007 : analyze verilog file al_ip/pll_50.v
HDL-1007 : undeclared symbol 'open', assumed default net type 'wire' in al_ip/pll_50.v(85)
HDL-1007 : analyze verilog file al_ip/pll_gen.v
HDL-1007 : undeclared symbol 'pll_gen_open0', assumed default net type 'wire' in al_ip/pll_gen.v(99)
HDL-1007 : undeclared symbol 'pll_gen_open8', assumed default net type 'wire' in al_ip/pll_gen.v(105)
HDL-1007 : undeclared symbol 'pll_gen_open7', assumed default net type 'wire' in al_ip/pll_gen.v(105)
HDL-1007 : undeclared symbol 'pll_gen_open6', assumed default net type 'wire' in al_ip/pll_gen.v(105)
HDL-1007 : undeclared symbol 'pll_gen_open5', assumed default net type 'wire' in al_ip/pll_gen.v(105)
HDL-1007 : undeclared symbol 'pll_gen_open4', assumed default net type 'wire' in al_ip/pll_gen.v(105)
HDL-1007 : undeclared symbol 'pll_gen_open3', assumed default net type 'wire' in al_ip/pll_gen.v(105)
HDL-1007 : undeclared symbol 'pll_gen_open2', assumed default net type 'wire' in al_ip/pll_gen.v(105)
HDL-1007 : undeclared symbol 'pll_gen_open1', assumed default net type 'wire' in al_ip/pll_gen.v(105)
HDL-1007 : analyze verilog file al_ip/rx_pll.v
HDL-1007 : undeclared symbol 'open', assumed default net type 'wire' in al_ip/rx_pll.v(78)
HDL-1007 : analyze verilog file ../../source_code/rtl/BUFGMUX.v
HDL-1007 : analyze verilog file ../../source_code/rtl/clk_gen_rst_gen.v
HDL-1007 : analyze verilog file ../../source_code/rtl/div_clk_gen.v
HDL-1007 : analyze verilog file ../../source_code/rtl/IDDR.v
HDL-1007 : analyze verilog file ../../source_code/rtl/ODDR.v
HDL-1007 : analyze verilog file ../../source_code/rtl/RAMB16_S9_S9.v
HDL-1007 : undeclared symbol 'open', assumed default net type 'wire' in ../../source_code/rtl/RAMB16_S9_S9.v(109)
HDL-1007 : analyze verilog file ../../source_code/rtl/rgmii_interface.v
HDL-1007 : analyze verilog file ../../source_code/rtl/rx_client_fifo.v
HDL-5370 WARNING: parameter 'WAIT_s' becomes localparam in 'rx_client_fifo' with formal parameter declaration list in ../../source_code/rtl/rx_client_fifo.v(49)
HDL-5370 WARNING: parameter 'QUEUE1_s' becomes localparam in 'rx_client_fifo' with formal parameter declaration list in ../../source_code/rtl/rx_client_fifo.v(50)
HDL-5370 WARNING: parameter 'QUEUE2_s' becomes localparam in 'rx_client_fifo' with formal parameter declaration list in ../../source_code/rtl/rx_client_fifo.v(51)
HDL-5370 WARNING: parameter 'QUEUE3_s' becomes localparam in 'rx_client_fifo' with formal parameter declaration list in ../../source_code/rtl/rx_client_fifo.v(52)
HDL-5370 WARNING: parameter 'QUEUE_SOF_s' becomes localparam in 'rx_client_fifo' with formal parameter declaration list in ../../source_code/rtl/rx_client_fifo.v(53)
HDL-5370 WARNING: parameter 'SOF_s' becomes localparam in 'rx_client_fifo' with formal parameter declaration list in ../../source_code/rtl/rx_client_fifo.v(54)
HDL-5370 WARNING: parameter 'DATA_s' becomes localparam in 'rx_client_fifo' with formal parameter declaration list in ../../source_code/rtl/rx_client_fifo.v(55)
HDL-5370 WARNING: parameter 'EOF_s' becomes localparam in 'rx_client_fifo' with formal parameter declaration list in ../../source_code/rtl/rx_client_fifo.v(56)
HDL-5370 WARNING: parameter 'IDLE_s' becomes localparam in 'rx_client_fifo' with formal parameter declaration list in ../../source_code/rtl/rx_client_fifo.v(62)
HDL-5370 WARNING: parameter 'FRAME_s' becomes localparam in 'rx_client_fifo' with formal parameter declaration list in ../../source_code/rtl/rx_client_fifo.v(63)
HDL-5370 Similar messages will be suppressed.
HDL-1007 : analyze verilog file ../../source_code/rtl/temac_block.v
HDL-1007 : analyze verilog file ../../source_code/rtl/temac_clk_gen.v
HDL-1007 : analyze verilog file ../../source_code/rtl/tx_client_fifo.v
HDL-5370 WARNING: parameter 'IDLE_s' becomes localparam in 'tx_client_fifo' with formal parameter declaration list in ../../source_code/rtl/tx_client_fifo.v(53)
HDL-5370 WARNING: parameter 'QUEUE1_s' becomes localparam in 'tx_client_fifo' with formal parameter declaration list in ../../source_code/rtl/tx_client_fifo.v(54)
HDL-5370 WARNING: parameter 'QUEUE2_s' becomes localparam in 'tx_client_fifo' with formal parameter declaration list in ../../source_code/rtl/tx_client_fifo.v(55)
HDL-5370 WARNING: parameter 'QUEUE3_s' becomes localparam in 'tx_client_fifo' with formal parameter declaration list in ../../source_code/rtl/tx_client_fifo.v(56)
HDL-5370 WARNING: parameter 'QUEUE_ACK_s' becomes localparam in 'tx_client_fifo' with formal parameter declaration list in ../../source_code/rtl/tx_client_fifo.v(57)
HDL-5370 WARNING: parameter 'WAIT_ACK_s' becomes localparam in 'tx_client_fifo' with formal parameter declaration list in ../../source_code/rtl/tx_client_fifo.v(58)
HDL-5370 WARNING: parameter 'FRAME_s' becomes localparam in 'tx_client_fifo' with formal parameter declaration list in ../../source_code/rtl/tx_client_fifo.v(59)
HDL-5370 WARNING: parameter 'DROP_s' becomes localparam in 'tx_client_fifo' with formal parameter declaration list in ../../source_code/rtl/tx_client_fifo.v(60)
HDL-5370 WARNING: parameter 'RETRANSMIT_s' becomes localparam in 'tx_client_fifo' with formal parameter declaration list in ../../source_code/rtl/tx_client_fifo.v(61)
HDL-5370 WARNING: parameter 'WAIT_s' becomes localparam in 'tx_client_fifo' with formal parameter declaration list in ../../source_code/rtl/tx_client_fifo.v(67)
HDL-5370 Similar messages will be suppressed.
HDL-1007 : analyze verilog file ../../source_code/rtl/tx_clk_en_gen.v
HDL-1007 : analyze verilog file ../../source_code/rtl/udp_data_tpg.v
HDL-1007 : analyze verilog file ../../source_code/rtl/UDP_Example_Top.v
HDL-8007 ERROR: syntax error near 'wire' in ../../source_code/rtl/UDP_Example_Top.v(86)
HDL-8007 ERROR: Verilog 2000 keyword 'wire' used in incorrect context in ../../source_code/rtl/UDP_Example_Top.v(86)
HDL-1007 : undeclared symbol 'use_sd_data', assumed default net type 'wire' in ../../source_code/rtl/UDP_Example_Top.v(227)
HDL-1007 : undeclared symbol 'phy_reset', assumed default net type 'wire' in ../../source_code/rtl/UDP_Example_Top.v(354)
HDL-5333 WARNING: data object 'rst_n' is already declared in ../../source_code/rtl/UDP_Example_Top.v(401)
HDL-1007 : previous declaration of 'rst_n' is from here in ../../source_code/rtl/UDP_Example_Top.v(201)
HDL-5007 WARNING: second declaration of 'rst_n' is ignored in ../../source_code/rtl/UDP_Example_Top.v(401)
HDL-1007 : undeclared symbol 'tpg_data_done', assumed default net type 'wire' in ../../source_code/rtl/UDP_Example_Top.v(521)
HDL-1007 : undeclared symbol 'clk', assumed default net type 'wire' in ../../source_code/rtl/UDP_Example_Top.v(546)
HDL-1007 : undeclared symbol 'video_clk', assumed default net type 'wire' in ../../source_code/rtl/UDP_Example_Top.v(547)
HDL-1007 : undeclared symbol 'hdmi_5x_clk', assumed default net type 'wire' in ../../source_code/rtl/UDP_Example_Top.v(548)
HDL-1007 : undeclared symbol 'vga_out_de', assumed default net type 'wire' in ../../source_code/rtl/UDP_Example_Top.v(554)
HDL-1007 : undeclared symbol 'video_read_req', assumed default net type 'wire' in ../../source_code/rtl/UDP_Example_Top.v(564)
HDL-1007 : undeclared symbol 'video_read_req_ack', assumed default net type 'wire' in ../../source_code/rtl/UDP_Example_Top.v(565)
HDL-1007 : undeclared symbol 'hs', assumed default net type 'wire' in ../../source_code/rtl/UDP_Example_Top.v(587)
HDL-1007 : undeclared symbol 'vs', assumed default net type 'wire' in ../../source_code/rtl/UDP_Example_Top.v(588)
HDL-1007 : undeclared symbol 'de', assumed default net type 'wire' in ../../source_code/rtl/UDP_Example_Top.v(589)
HDL-1007 : undeclared symbol 'vout_data', assumed default net type 'wire' in ../../source_code/rtl/UDP_Example_Top.v(590)
HDL-1007 : undeclared symbol 'app_rx_data_valid', assumed default net type 'wire' in ../../source_code/rtl/UDP_Example_Top.v(702)
HDL-8007 ERROR: ignore module module due to previous errors in ../../source_code/rtl/UDP_Example_Top.v(30)
HDL-5007 WARNING: The file ../../source_code/rtl/UDP_Example_Top.v will not be compiled since it is not included by any other files. Set it as 'global include' if it should be compiled.
RUN-1002 : start command "commit_param -step design"
RUN-1001 : Print Global Property
RUN-1001 : --------------------------------------------------------
RUN-1001 :   Parameters   |  Settings  |  Default Values  |  Note  
RUN-1001 : --------------------------------------------------------
RUN-1001 :   enable_seed  |    off     |       off        |        
RUN-1001 :     message    |  standard  |     standard     |        
RUN-1001 :   qor_monitor  |     on     |        on        |        
RUN-1001 :   syn_ip_flow  |    off     |       off        |        
RUN-1001 :     thread     |    auto    |       auto       |        
RUN-1001 : --------------------------------------------------------
RUN-1001 : Print Design Property
RUN-1001 : ----------------------------------------------------------------
RUN-1001 :       Parameters       |  Settings  |  Default Values  |  Note  
RUN-1001 : ----------------------------------------------------------------
RUN-1001 :   default_reg_initial  |    auto    |       auto       |        
RUN-1001 :    hdl_warning_level   |   normal   |      normal      |        
RUN-1001 : ----------------------------------------------------------------
HDL-1007 : analyze verilog file ../../../../../../my_project_125/lab_ex_5_HX4S20_OV5640/al_ip/video_pll.v
HDL-1007 : undeclared symbol 'open', assumed default net type 'wire' in ../../../../../../my_project_125/lab_ex_5_HX4S20_OV5640/al_ip/video_pll.v(70)
HDL-1007 : analyze verilog file al_ip/TEMAC_CORE/RTL/mac_core_aead6cd6dadd.v
HDL-1007 : analyze verilog file al_ip/TEMAC_CORE/RTL/TEMAC_CORE_aead6cd6dadd.v
HDL-5007 WARNING: column 1032 exceeds maximum value 1023 in al_ip/TEMAC_CORE/RTL/TEMAC_CORE_aead6cd6dadd.v(30)
HDL-1007 : back to file 'al_ip/TEMAC_CORE/RTL/TEMAC_CORE_aead6cd6dadd.v' in al_ip/TEMAC_CORE/RTL/TEMAC_CORE_aead6cd6dadd.v(86)
HDL-5007 WARNING: event expressions must result in a singular type in al_ip/TEMAC_CORE/RTL/TEMAC_CORE_aead6cd6dadd.v(3001)
HDL-1007 : undeclared symbol '**', assumed default net type '**' in al_ip/TEMAC_CORE/RTL/TEMAC_CORE_aead6cd6dadd.v(5050)
HDL-1007 : undeclared symbol '**', assumed default net type '**' in al_ip/TEMAC_CORE/RTL/TEMAC_CORE_aead6cd6dadd.v(5458)
HDL-5007 WARNING: column 1035 exceeds maximum value 1023 in al_ip/TEMAC_CORE/RTL/TEMAC_CORE_aead6cd6dadd.v(6001)
HDL-1007 : back to file 'al_ip/TEMAC_CORE/RTL/TEMAC_CORE_aead6cd6dadd.v' in al_ip/TEMAC_CORE/RTL/TEMAC_CORE_aead6cd6dadd.v(260)
HDL-1007 : analyze verilog file al_ip/TEMAC_CORE/TEMAC_CORE.v
HDL-1007 : analyze verilog file al_ip/clk_pll.v
HDL-1007 : undeclared symbol 'open', assumed default net type 'wire' in al_ip/clk_pll.v(85)
HDL-1007 : analyze verilog file al_ip/fifo_sdr_data_2.v
HDL-1007 : analyze verilog file al_ip/pll_50.v
HDL-1007 : undeclared symbol 'open', assumed default net type 'wire' in al_ip/pll_50.v(85)
HDL-1007 : analyze verilog file al_ip/pll_gen.v
HDL-1007 : undeclared symbol 'pll_gen_open0', assumed default net type 'wire' in al_ip/pll_gen.v(99)
HDL-1007 : undeclared symbol 'pll_gen_open8', assumed default net type 'wire' in al_ip/pll_gen.v(105)
HDL-1007 : undeclared symbol 'pll_gen_open7', assumed default net type 'wire' in al_ip/pll_gen.v(105)
HDL-1007 : undeclared symbol 'pll_gen_open6', assumed default net type 'wire' in al_ip/pll_gen.v(105)
HDL-1007 : undeclared symbol 'pll_gen_open5', assumed default net type 'wire' in al_ip/pll_gen.v(105)
HDL-1007 : undeclared symbol 'pll_gen_open4', assumed default net type 'wire' in al_ip/pll_gen.v(105)
HDL-1007 : undeclared symbol 'pll_gen_open3', assumed default net type 'wire' in al_ip/pll_gen.v(105)
HDL-1007 : undeclared symbol 'pll_gen_open2', assumed default net type 'wire' in al_ip/pll_gen.v(105)
HDL-1007 : undeclared symbol 'pll_gen_open1', assumed default net type 'wire' in al_ip/pll_gen.v(105)
HDL-1007 : analyze verilog file al_ip/rx_pll.v
HDL-1007 : undeclared symbol 'open', assumed default net type 'wire' in al_ip/rx_pll.v(78)
HDL-1007 : analyze verilog file ../../source_code/rtl/BUFGMUX.v
HDL-1007 : analyze verilog file ../../source_code/rtl/clk_gen_rst_gen.v
HDL-1007 : analyze verilog file ../../source_code/rtl/div_clk_gen.v
HDL-1007 : analyze verilog file ../../source_code/rtl/IDDR.v
HDL-1007 : analyze verilog file ../../source_code/rtl/ODDR.v
HDL-1007 : analyze verilog file ../../source_code/rtl/RAMB16_S9_S9.v
HDL-1007 : undeclared symbol 'open', assumed default net type 'wire' in ../../source_code/rtl/RAMB16_S9_S9.v(109)
HDL-1007 : analyze verilog file ../../source_code/rtl/rgmii_interface.v
HDL-1007 : analyze verilog file ../../source_code/rtl/rx_client_fifo.v
HDL-5370 WARNING: parameter 'WAIT_s' becomes localparam in 'rx_client_fifo' with formal parameter declaration list in ../../source_code/rtl/rx_client_fifo.v(49)
HDL-5370 WARNING: parameter 'QUEUE1_s' becomes localparam in 'rx_client_fifo' with formal parameter declaration list in ../../source_code/rtl/rx_client_fifo.v(50)
HDL-5370 WARNING: parameter 'QUEUE2_s' becomes localparam in 'rx_client_fifo' with formal parameter declaration list in ../../source_code/rtl/rx_client_fifo.v(51)
HDL-5370 WARNING: parameter 'QUEUE3_s' becomes localparam in 'rx_client_fifo' with formal parameter declaration list in ../../source_code/rtl/rx_client_fifo.v(52)
HDL-5370 WARNING: parameter 'QUEUE_SOF_s' becomes localparam in 'rx_client_fifo' with formal parameter declaration list in ../../source_code/rtl/rx_client_fifo.v(53)
HDL-5370 WARNING: parameter 'SOF_s' becomes localparam in 'rx_client_fifo' with formal parameter declaration list in ../../source_code/rtl/rx_client_fifo.v(54)
HDL-5370 WARNING: parameter 'DATA_s' becomes localparam in 'rx_client_fifo' with formal parameter declaration list in ../../source_code/rtl/rx_client_fifo.v(55)
HDL-5370 WARNING: parameter 'EOF_s' becomes localparam in 'rx_client_fifo' with formal parameter declaration list in ../../source_code/rtl/rx_client_fifo.v(56)
HDL-5370 WARNING: parameter 'IDLE_s' becomes localparam in 'rx_client_fifo' with formal parameter declaration list in ../../source_code/rtl/rx_client_fifo.v(62)
HDL-5370 WARNING: parameter 'FRAME_s' becomes localparam in 'rx_client_fifo' with formal parameter declaration list in ../../source_code/rtl/rx_client_fifo.v(63)
HDL-5370 Similar messages will be suppressed.
HDL-1007 : analyze verilog file ../../source_code/rtl/temac_block.v
HDL-1007 : analyze verilog file ../../source_code/rtl/temac_clk_gen.v
HDL-1007 : analyze verilog file ../../source_code/rtl/tx_client_fifo.v
HDL-5370 WARNING: parameter 'IDLE_s' becomes localparam in 'tx_client_fifo' with formal parameter declaration list in ../../source_code/rtl/tx_client_fifo.v(53)
HDL-5370 WARNING: parameter 'QUEUE1_s' becomes localparam in 'tx_client_fifo' with formal parameter declaration list in ../../source_code/rtl/tx_client_fifo.v(54)
HDL-5370 WARNING: parameter 'QUEUE2_s' becomes localparam in 'tx_client_fifo' with formal parameter declaration list in ../../source_code/rtl/tx_client_fifo.v(55)
HDL-5370 WARNING: parameter 'QUEUE3_s' becomes localparam in 'tx_client_fifo' with formal parameter declaration list in ../../source_code/rtl/tx_client_fifo.v(56)
HDL-5370 WARNING: parameter 'QUEUE_ACK_s' becomes localparam in 'tx_client_fifo' with formal parameter declaration list in ../../source_code/rtl/tx_client_fifo.v(57)
HDL-5370 WARNING: parameter 'WAIT_ACK_s' becomes localparam in 'tx_client_fifo' with formal parameter declaration list in ../../source_code/rtl/tx_client_fifo.v(58)
HDL-5370 WARNING: parameter 'FRAME_s' becomes localparam in 'tx_client_fifo' with formal parameter declaration list in ../../source_code/rtl/tx_client_fifo.v(59)
HDL-5370 WARNING: parameter 'DROP_s' becomes localparam in 'tx_client_fifo' with formal parameter declaration list in ../../source_code/rtl/tx_client_fifo.v(60)
HDL-5370 WARNING: parameter 'RETRANSMIT_s' becomes localparam in 'tx_client_fifo' with formal parameter declaration list in ../../source_code/rtl/tx_client_fifo.v(61)
HDL-5370 WARNING: parameter 'WAIT_s' becomes localparam in 'tx_client_fifo' with formal parameter declaration list in ../../source_code/rtl/tx_client_fifo.v(67)
HDL-5370 Similar messages will be suppressed.
HDL-1007 : analyze verilog file ../../source_code/rtl/tx_clk_en_gen.v
HDL-1007 : analyze verilog file ../../source_code/rtl/udp_data_tpg.v
HDL-1007 : analyze verilog file ../../source_code/rtl/UDP_Example_Top.v
HDL-1007 : undeclared symbol 'use_sd_data', assumed default net type 'wire' in ../../source_code/rtl/UDP_Example_Top.v(226)
HDL-1007 : undeclared symbol 'phy_reset', assumed default net type 'wire' in ../../source_code/rtl/UDP_Example_Top.v(353)
HDL-5333 WARNING: data object 'rst_n' is already declared in ../../source_code/rtl/UDP_Example_Top.v(400)
HDL-1007 : previous declaration of 'rst_n' is from here in ../../source_code/rtl/UDP_Example_Top.v(200)
HDL-5007 WARNING: second declaration of 'rst_n' is ignored in ../../source_code/rtl/UDP_Example_Top.v(400)
HDL-1007 : undeclared symbol 'tpg_data_done', assumed default net type 'wire' in ../../source_code/rtl/UDP_Example_Top.v(520)
HDL-1007 : undeclared symbol 'clk', assumed default net type 'wire' in ../../source_code/rtl/UDP_Example_Top.v(545)
HDL-1007 : undeclared symbol 'video_clk', assumed default net type 'wire' in ../../source_code/rtl/UDP_Example_Top.v(546)
HDL-1007 : undeclared symbol 'hdmi_5x_clk', assumed default net type 'wire' in ../../source_code/rtl/UDP_Example_Top.v(547)
HDL-1007 : undeclared symbol 'vga_out_de', assumed default net type 'wire' in ../../source_code/rtl/UDP_Example_Top.v(553)
HDL-1007 : undeclared symbol 'video_read_req', assumed default net type 'wire' in ../../source_code/rtl/UDP_Example_Top.v(563)
HDL-1007 : undeclared symbol 'video_read_req_ack', assumed default net type 'wire' in ../../source_code/rtl/UDP_Example_Top.v(564)
HDL-1007 : undeclared symbol 'hs', assumed default net type 'wire' in ../../source_code/rtl/UDP_Example_Top.v(586)
HDL-1007 : undeclared symbol 'vs', assumed default net type 'wire' in ../../source_code/rtl/UDP_Example_Top.v(587)
HDL-1007 : undeclared symbol 'de', assumed default net type 'wire' in ../../source_code/rtl/UDP_Example_Top.v(588)
HDL-1007 : undeclared symbol 'vout_data', assumed default net type 'wire' in ../../source_code/rtl/UDP_Example_Top.v(589)
HDL-1007 : analyze verilog file ../../source_code/rtl/udp_ip_protocol_stack_merge.enc.v
HDL-1007 : back to file '../../source_code/rtl/udp_ip_protocol_stack_merge.enc.v' in ../../source_code/rtl/udp_ip_protocol_stack_merge.enc.v(56)
HDL-1007 : undeclared symbol '**', assumed default net type '**' in ../../source_code/rtl/udp_ip_protocol_stack_merge.enc.v(2638)
HDL-1007 : back to file '../../source_code/rtl/udp_ip_protocol_stack_merge.enc.v' in ../../source_code/rtl/udp_ip_protocol_stack_merge.enc.v(420)
HDL-1007 : analyze verilog file ../../source_code/rtl/udp_loopback.v
HDL-1007 : analyze verilog file ../../source_code/rtl/sdr/rtl/app_wrrd.v
HDL-1007 : analyze included file ../../source_code/rtl/sdr/rtl/../include/global_def.v in ../../source_code/rtl/sdr/rtl/app_wrrd.v(10)
HDL-1007 : back to file '../../source_code/rtl/sdr/rtl/app_wrrd.v' in ../../source_code/rtl/sdr/rtl/app_wrrd.v(10)
HDL-5372 WARNING: redeclaration of ANSI port 'full_flag' is not allowed in ../../source_code/rtl/sdr/rtl/app_wrrd.v(61)
HDL-1007 : undeclared symbol 'afull', assumed default net type 'wire' in ../../source_code/rtl/sdr/rtl/app_wrrd.v(74)
HDL-1007 : undeclared symbol 'aempty', assumed default net type 'wire' in ../../source_code/rtl/sdr/rtl/app_wrrd.v(75)
HDL-1007 : undeclared symbol 'wrusedw', assumed default net type 'wire' in ../../source_code/rtl/sdr/rtl/app_wrrd.v(76)
HDL-5333 WARNING: data object 'w_addr_cnt' is already declared in ../../source_code/rtl/sdr/rtl/app_wrrd.v(139)
HDL-1007 : previous declaration of 'w_addr_cnt' is from here in ../../source_code/rtl/sdr/rtl/app_wrrd.v(38)
HDL-5007 WARNING: second declaration of 'w_addr_cnt' is ignored in ../../source_code/rtl/sdr/rtl/app_wrrd.v(139)
HDL-1007 : analyze verilog file ../../source_code/rtl/sdr/rtl/sdram_top.v
HDL-1007 : analyze included file ../../source_code/rtl/sdr/rtl/../include/global_def.v in ../../source_code/rtl/sdr/rtl/sdram_top.v(10)
HDL-1007 : back to file '../../source_code/rtl/sdr/rtl/sdram_top.v' in ../../source_code/rtl/sdr/rtl/sdram_top.v(10)
HDL-1007 : undeclared symbol 'Rst_n', assumed default net type 'wire' in ../../source_code/rtl/sdr/rtl/sdram_top.v(70)
HDL-5372 WARNING: redeclaration of ANSI port 'wr_done' is not allowed in ../../source_code/rtl/sdr/rtl/sdram_top.v(73)
HDL-1007 : undeclared symbol 'SDR_CKE', assumed default net type 'wire' in ../../source_code/rtl/sdr/rtl/sdram_top.v(132)
HDL-1007 : analyze verilog file ../../source_code/rtl/sd/sd_ctrl_top.v
HDL-1007 : analyze verilog file ../../source_code/rtl/sd/sd_init.v
HDL-1007 : analyze verilog file ../../source_code/rtl/sd/sd_read.v
HDL-1007 : analyze verilog file ../../source_code/rtl/sd/sd_read_photo.v
HDL-1007 : analyze verilog file ../../source_code/rtl/sdr/rtl/enc_file/sdr_as_ram.enc.v
HDL-1007 : back to file '../../source_code/rtl/sdr/rtl/enc_file/sdr_as_ram.enc.v' in ../../source_code/rtl/sdr/rtl/enc_file/sdr_as_ram.enc.v(45)
HDL-1007 : analyze verilog file ../../source_code/rtl/sdr/rtl/enc_file/sdr_init_ref.enc.v
HDL-1007 : undeclared symbol '**', assumed default net type '**' in ../../source_code/rtl/sdr/rtl/enc_file/sdr_init_ref.enc.v(57)
HDL-1007 : back to file '../../source_code/rtl/sdr/rtl/enc_file/sdr_init_ref.enc.v' in ../../source_code/rtl/sdr/rtl/enc_file/sdr_init_ref.enc.v(148)
HDL-5007 WARNING: concatenation with an unsized literal will be treated as 32 bits in ../../source_code/rtl/sdr/rtl/enc_file/sdr_init_ref.enc.v(47)
HDL-1007 : analyze verilog file ../../source_code/rtl/sdr/rtl/enc_file/sdr_wrrd.enc.v
HDL-5007 WARNING: concatenation with an unsized literal will be treated as 32 bits in ../../source_code/rtl/sdr/rtl/enc_file/sdr_wrrd.enc.v(283)
HDL-1007 : back to file '../../source_code/rtl/sdr/rtl/enc_file/sdr_wrrd.enc.v' in ../../source_code/rtl/sdr/rtl/enc_file/sdr_wrrd.enc.v(19)
HDL-1007 : analyze verilog file ../../source_code/rtl/camera_data_gen.v
HDL-1007 : analyze verilog file ../../source_code/rtl/ov5640/ov5640_dri.v
HDL-1007 : analyze verilog file ../../source_code/rtl/ov5640/ov5640_delay.v
HDL-1007 : analyze verilog file ../../source_code/rtl/ov5640/i2c_ov5640_rgb565_cfg.v
HDL-1007 : analyze verilog file ../../source_code/rtl/ov5640/i2c_dri.v
HDL-1007 : analyze verilog file ../../source_code/rtl/ov5640/cmos_capture_data.v
HDL-1007 : analyze verilog file ../../source_code/rtl/sdram_write_static_sel.v
HDL-1007 : analyze verilog file ../../source_code/rtl/sdram_read_align.v
HDL-1007 : analyze verilog file ../../source_code/rtl/display/color_bar.v
HDL-1007 : analyze included file ../../source_code/rtl/display/video_define.v in ../../source_code/rtl/display/color_bar.v(1)
HDL-1007 : back to file '../../source_code/rtl/display/color_bar.v' in ../../source_code/rtl/display/color_bar.v(1)
HDL-1007 : analyze verilog file ../../source_code/rtl/display/video_delay.v
HDL-1007 : analyze verilog file ../../source_code/rtl/display/video_timing_data.v
PRJ-1412 : reset_run syn_1 phy_1.
PRJ-1409 : launch_runs syn_1 phy_1  -jobs 6.
PRJ-5303 WARNING: Run syn_1 failed.
RUN-1002 : start command "save_best_bits"
RUN-1002 : start command "commit_param -step design"
RUN-1001 : Print Global Property
RUN-1001 : --------------------------------------------------------
RUN-1001 :   Parameters   |  Settings  |  Default Values  |  Note  
RUN-1001 : --------------------------------------------------------
RUN-1001 :   enable_seed  |    off     |       off        |        
RUN-1001 :     message    |  standard  |     standard     |        
RUN-1001 :   qor_monitor  |     on     |        on        |        
RUN-1001 :   syn_ip_flow  |    off     |       off        |        
RUN-1001 :     thread     |    auto    |       auto       |        
RUN-1001 : --------------------------------------------------------
RUN-1001 : Print Design Property
RUN-1001 : ----------------------------------------------------------------
RUN-1001 :       Parameters       |  Settings  |  Default Values  |  Note  
RUN-1001 : ----------------------------------------------------------------
RUN-1001 :   default_reg_initial  |    auto    |       auto       |        
RUN-1001 :    hdl_warning_level   |   normal   |      normal      |        
RUN-1001 : ----------------------------------------------------------------
HDL-1007 : analyze verilog file ../../../../../../my_project_125/lab_ex_5_HX4S20_OV5640/al_ip/video_pll.v
HDL-1007 : undeclared symbol 'open', assumed default net type 'wire' in ../../../../../../my_project_125/lab_ex_5_HX4S20_OV5640/al_ip/video_pll.v(70)
HDL-1007 : analyze verilog file al_ip/TEMAC_CORE/RTL/mac_core_aead6cd6dadd.v
HDL-1007 : analyze verilog file al_ip/TEMAC_CORE/RTL/TEMAC_CORE_aead6cd6dadd.v
HDL-5007 WARNING: column 1032 exceeds maximum value 1023 in al_ip/TEMAC_CORE/RTL/TEMAC_CORE_aead6cd6dadd.v(30)
HDL-1007 : back to file 'al_ip/TEMAC_CORE/RTL/TEMAC_CORE_aead6cd6dadd.v' in al_ip/TEMAC_CORE/RTL/TEMAC_CORE_aead6cd6dadd.v(86)
HDL-5007 WARNING: event expressions must result in a singular type in al_ip/TEMAC_CORE/RTL/TEMAC_CORE_aead6cd6dadd.v(3001)
HDL-1007 : undeclared symbol '**', assumed default net type '**' in al_ip/TEMAC_CORE/RTL/TEMAC_CORE_aead6cd6dadd.v(5050)
HDL-1007 : undeclared symbol '**', assumed default net type '**' in al_ip/TEMAC_CORE/RTL/TEMAC_CORE_aead6cd6dadd.v(5458)
HDL-5007 WARNING: column 1035 exceeds maximum value 1023 in al_ip/TEMAC_CORE/RTL/TEMAC_CORE_aead6cd6dadd.v(6001)
HDL-1007 : back to file 'al_ip/TEMAC_CORE/RTL/TEMAC_CORE_aead6cd6dadd.v' in al_ip/TEMAC_CORE/RTL/TEMAC_CORE_aead6cd6dadd.v(260)
HDL-1007 : analyze verilog file al_ip/TEMAC_CORE/TEMAC_CORE.v
HDL-1007 : analyze verilog file al_ip/clk_pll.v
HDL-1007 : undeclared symbol 'open', assumed default net type 'wire' in al_ip/clk_pll.v(85)
HDL-1007 : analyze verilog file al_ip/fifo_sdr_data_2.v
HDL-1007 : analyze verilog file al_ip/pll_50.v
HDL-1007 : undeclared symbol 'open', assumed default net type 'wire' in al_ip/pll_50.v(85)
HDL-1007 : analyze verilog file al_ip/pll_gen.v
HDL-1007 : undeclared symbol 'pll_gen_open0', assumed default net type 'wire' in al_ip/pll_gen.v(99)
HDL-1007 : undeclared symbol 'pll_gen_open8', assumed default net type 'wire' in al_ip/pll_gen.v(105)
HDL-1007 : undeclared symbol 'pll_gen_open7', assumed default net type 'wire' in al_ip/pll_gen.v(105)
HDL-1007 : undeclared symbol 'pll_gen_open6', assumed default net type 'wire' in al_ip/pll_gen.v(105)
HDL-1007 : undeclared symbol 'pll_gen_open5', assumed default net type 'wire' in al_ip/pll_gen.v(105)
HDL-1007 : undeclared symbol 'pll_gen_open4', assumed default net type 'wire' in al_ip/pll_gen.v(105)
HDL-1007 : undeclared symbol 'pll_gen_open3', assumed default net type 'wire' in al_ip/pll_gen.v(105)
HDL-1007 : undeclared symbol 'pll_gen_open2', assumed default net type 'wire' in al_ip/pll_gen.v(105)
HDL-1007 : undeclared symbol 'pll_gen_open1', assumed default net type 'wire' in al_ip/pll_gen.v(105)
HDL-1007 : analyze verilog file al_ip/rx_pll.v
HDL-1007 : undeclared symbol 'open', assumed default net type 'wire' in al_ip/rx_pll.v(78)
HDL-1007 : analyze verilog file ../../source_code/rtl/BUFGMUX.v
HDL-1007 : analyze verilog file ../../source_code/rtl/clk_gen_rst_gen.v
HDL-1007 : analyze verilog file ../../source_code/rtl/div_clk_gen.v
HDL-1007 : analyze verilog file ../../source_code/rtl/IDDR.v
HDL-1007 : analyze verilog file ../../source_code/rtl/ODDR.v
HDL-1007 : analyze verilog file ../../source_code/rtl/RAMB16_S9_S9.v
HDL-1007 : undeclared symbol 'open', assumed default net type 'wire' in ../../source_code/rtl/RAMB16_S9_S9.v(109)
HDL-1007 : analyze verilog file ../../source_code/rtl/rgmii_interface.v
HDL-1007 : analyze verilog file ../../source_code/rtl/rx_client_fifo.v
HDL-5370 WARNING: parameter 'WAIT_s' becomes localparam in 'rx_client_fifo' with formal parameter declaration list in ../../source_code/rtl/rx_client_fifo.v(49)
HDL-5370 WARNING: parameter 'QUEUE1_s' becomes localparam in 'rx_client_fifo' with formal parameter declaration list in ../../source_code/rtl/rx_client_fifo.v(50)
HDL-5370 WARNING: parameter 'QUEUE2_s' becomes localparam in 'rx_client_fifo' with formal parameter declaration list in ../../source_code/rtl/rx_client_fifo.v(51)
HDL-5370 WARNING: parameter 'QUEUE3_s' becomes localparam in 'rx_client_fifo' with formal parameter declaration list in ../../source_code/rtl/rx_client_fifo.v(52)
HDL-5370 WARNING: parameter 'QUEUE_SOF_s' becomes localparam in 'rx_client_fifo' with formal parameter declaration list in ../../source_code/rtl/rx_client_fifo.v(53)
HDL-5370 WARNING: parameter 'SOF_s' becomes localparam in 'rx_client_fifo' with formal parameter declaration list in ../../source_code/rtl/rx_client_fifo.v(54)
HDL-5370 WARNING: parameter 'DATA_s' becomes localparam in 'rx_client_fifo' with formal parameter declaration list in ../../source_code/rtl/rx_client_fifo.v(55)
HDL-5370 WARNING: parameter 'EOF_s' becomes localparam in 'rx_client_fifo' with formal parameter declaration list in ../../source_code/rtl/rx_client_fifo.v(56)
HDL-5370 WARNING: parameter 'IDLE_s' becomes localparam in 'rx_client_fifo' with formal parameter declaration list in ../../source_code/rtl/rx_client_fifo.v(62)
HDL-5370 WARNING: parameter 'FRAME_s' becomes localparam in 'rx_client_fifo' with formal parameter declaration list in ../../source_code/rtl/rx_client_fifo.v(63)
HDL-5370 Similar messages will be suppressed.
HDL-1007 : analyze verilog file ../../source_code/rtl/temac_block.v
HDL-1007 : analyze verilog file ../../source_code/rtl/temac_clk_gen.v
HDL-1007 : analyze verilog file ../../source_code/rtl/tx_client_fifo.v
HDL-5370 WARNING: parameter 'IDLE_s' becomes localparam in 'tx_client_fifo' with formal parameter declaration list in ../../source_code/rtl/tx_client_fifo.v(53)
HDL-5370 WARNING: parameter 'QUEUE1_s' becomes localparam in 'tx_client_fifo' with formal parameter declaration list in ../../source_code/rtl/tx_client_fifo.v(54)
HDL-5370 WARNING: parameter 'QUEUE2_s' becomes localparam in 'tx_client_fifo' with formal parameter declaration list in ../../source_code/rtl/tx_client_fifo.v(55)
HDL-5370 WARNING: parameter 'QUEUE3_s' becomes localparam in 'tx_client_fifo' with formal parameter declaration list in ../../source_code/rtl/tx_client_fifo.v(56)
HDL-5370 WARNING: parameter 'QUEUE_ACK_s' becomes localparam in 'tx_client_fifo' with formal parameter declaration list in ../../source_code/rtl/tx_client_fifo.v(57)
HDL-5370 WARNING: parameter 'WAIT_ACK_s' becomes localparam in 'tx_client_fifo' with formal parameter declaration list in ../../source_code/rtl/tx_client_fifo.v(58)
HDL-5370 WARNING: parameter 'FRAME_s' becomes localparam in 'tx_client_fifo' with formal parameter declaration list in ../../source_code/rtl/tx_client_fifo.v(59)
HDL-5370 WARNING: parameter 'DROP_s' becomes localparam in 'tx_client_fifo' with formal parameter declaration list in ../../source_code/rtl/tx_client_fifo.v(60)
HDL-5370 WARNING: parameter 'RETRANSMIT_s' becomes localparam in 'tx_client_fifo' with formal parameter declaration list in ../../source_code/rtl/tx_client_fifo.v(61)
HDL-5370 WARNING: parameter 'WAIT_s' becomes localparam in 'tx_client_fifo' with formal parameter declaration list in ../../source_code/rtl/tx_client_fifo.v(67)
HDL-5370 Similar messages will be suppressed.
HDL-1007 : analyze verilog file ../../source_code/rtl/tx_clk_en_gen.v
HDL-1007 : analyze verilog file ../../source_code/rtl/udp_data_tpg.v
HDL-1007 : analyze verilog file ../../source_code/rtl/UDP_Example_Top.v
HDL-1007 : undeclared symbol 'use_sd_data', assumed default net type 'wire' in ../../source_code/rtl/UDP_Example_Top.v(226)
HDL-1007 : undeclared symbol 'phy_reset', assumed default net type 'wire' in ../../source_code/rtl/UDP_Example_Top.v(353)
HDL-5333 WARNING: data object 'rst_n' is already declared in ../../source_code/rtl/UDP_Example_Top.v(400)
HDL-1007 : previous declaration of 'rst_n' is from here in ../../source_code/rtl/UDP_Example_Top.v(200)
HDL-5007 WARNING: second declaration of 'rst_n' is ignored in ../../source_code/rtl/UDP_Example_Top.v(400)
HDL-1007 : undeclared symbol 'tpg_data_done', assumed default net type 'wire' in ../../source_code/rtl/UDP_Example_Top.v(520)
HDL-1007 : undeclared symbol 'clk', assumed default net type 'wire' in ../../source_code/rtl/UDP_Example_Top.v(545)
HDL-1007 : undeclared symbol 'video_clk', assumed default net type 'wire' in ../../source_code/rtl/UDP_Example_Top.v(546)
HDL-1007 : undeclared symbol 'hdmi_5x_clk', assumed default net type 'wire' in ../../source_code/rtl/UDP_Example_Top.v(547)
HDL-1007 : undeclared symbol 'vga_out_de', assumed default net type 'wire' in ../../source_code/rtl/UDP_Example_Top.v(553)
HDL-1007 : undeclared symbol 'video_read_req', assumed default net type 'wire' in ../../source_code/rtl/UDP_Example_Top.v(563)
HDL-1007 : undeclared symbol 'video_read_req_ack', assumed default net type 'wire' in ../../source_code/rtl/UDP_Example_Top.v(564)
HDL-1007 : undeclared symbol 'hs', assumed default net type 'wire' in ../../source_code/rtl/UDP_Example_Top.v(586)
HDL-1007 : undeclared symbol 'vs', assumed default net type 'wire' in ../../source_code/rtl/UDP_Example_Top.v(587)
HDL-1007 : undeclared symbol 'de', assumed default net type 'wire' in ../../source_code/rtl/UDP_Example_Top.v(588)
HDL-1007 : undeclared symbol 'vout_data', assumed default net type 'wire' in ../../source_code/rtl/UDP_Example_Top.v(589)
HDL-1007 : analyze verilog file ../../source_code/rtl/udp_ip_protocol_stack_merge.enc.v
HDL-1007 : back to file '../../source_code/rtl/udp_ip_protocol_stack_merge.enc.v' in ../../source_code/rtl/udp_ip_protocol_stack_merge.enc.v(56)
HDL-1007 : undeclared symbol '**', assumed default net type '**' in ../../source_code/rtl/udp_ip_protocol_stack_merge.enc.v(2638)
HDL-1007 : back to file '../../source_code/rtl/udp_ip_protocol_stack_merge.enc.v' in ../../source_code/rtl/udp_ip_protocol_stack_merge.enc.v(420)
HDL-1007 : analyze verilog file ../../source_code/rtl/udp_loopback.v
HDL-1007 : analyze verilog file ../../source_code/rtl/sdr/rtl/app_wrrd.v
HDL-1007 : analyze included file ../../source_code/rtl/sdr/rtl/../include/global_def.v in ../../source_code/rtl/sdr/rtl/app_wrrd.v(10)
HDL-1007 : back to file '../../source_code/rtl/sdr/rtl/app_wrrd.v' in ../../source_code/rtl/sdr/rtl/app_wrrd.v(10)
HDL-5372 WARNING: redeclaration of ANSI port 'full_flag' is not allowed in ../../source_code/rtl/sdr/rtl/app_wrrd.v(61)
HDL-1007 : undeclared symbol 'afull', assumed default net type 'wire' in ../../source_code/rtl/sdr/rtl/app_wrrd.v(74)
HDL-1007 : undeclared symbol 'aempty', assumed default net type 'wire' in ../../source_code/rtl/sdr/rtl/app_wrrd.v(75)
HDL-1007 : undeclared symbol 'wrusedw', assumed default net type 'wire' in ../../source_code/rtl/sdr/rtl/app_wrrd.v(76)
HDL-5333 WARNING: data object 'w_addr_cnt' is already declared in ../../source_code/rtl/sdr/rtl/app_wrrd.v(139)
HDL-1007 : previous declaration of 'w_addr_cnt' is from here in ../../source_code/rtl/sdr/rtl/app_wrrd.v(38)
HDL-5007 WARNING: second declaration of 'w_addr_cnt' is ignored in ../../source_code/rtl/sdr/rtl/app_wrrd.v(139)
HDL-1007 : analyze verilog file ../../source_code/rtl/sdr/rtl/sdram_top.v
HDL-1007 : analyze included file ../../source_code/rtl/sdr/rtl/../include/global_def.v in ../../source_code/rtl/sdr/rtl/sdram_top.v(10)
HDL-1007 : back to file '../../source_code/rtl/sdr/rtl/sdram_top.v' in ../../source_code/rtl/sdr/rtl/sdram_top.v(10)
HDL-1007 : undeclared symbol 'Rst_n', assumed default net type 'wire' in ../../source_code/rtl/sdr/rtl/sdram_top.v(70)
HDL-5372 WARNING: redeclaration of ANSI port 'wr_done' is not allowed in ../../source_code/rtl/sdr/rtl/sdram_top.v(73)
HDL-1007 : undeclared symbol 'SDR_CKE', assumed default net type 'wire' in ../../source_code/rtl/sdr/rtl/sdram_top.v(132)
HDL-1007 : analyze verilog file ../../source_code/rtl/sd/sd_ctrl_top.v
HDL-1007 : analyze verilog file ../../source_code/rtl/sd/sd_init.v
HDL-1007 : analyze verilog file ../../source_code/rtl/sd/sd_read.v
HDL-1007 : analyze verilog file ../../source_code/rtl/sd/sd_read_photo.v
HDL-1007 : analyze verilog file ../../source_code/rtl/sdr/rtl/enc_file/sdr_as_ram.enc.v
HDL-1007 : back to file '../../source_code/rtl/sdr/rtl/enc_file/sdr_as_ram.enc.v' in ../../source_code/rtl/sdr/rtl/enc_file/sdr_as_ram.enc.v(45)
HDL-1007 : analyze verilog file ../../source_code/rtl/sdr/rtl/enc_file/sdr_init_ref.enc.v
HDL-1007 : undeclared symbol '**', assumed default net type '**' in ../../source_code/rtl/sdr/rtl/enc_file/sdr_init_ref.enc.v(57)
HDL-1007 : back to file '../../source_code/rtl/sdr/rtl/enc_file/sdr_init_ref.enc.v' in ../../source_code/rtl/sdr/rtl/enc_file/sdr_init_ref.enc.v(148)
HDL-5007 WARNING: concatenation with an unsized literal will be treated as 32 bits in ../../source_code/rtl/sdr/rtl/enc_file/sdr_init_ref.enc.v(47)
HDL-1007 : analyze verilog file ../../source_code/rtl/sdr/rtl/enc_file/sdr_wrrd.enc.v
HDL-5007 WARNING: concatenation with an unsized literal will be treated as 32 bits in ../../source_code/rtl/sdr/rtl/enc_file/sdr_wrrd.enc.v(283)
HDL-1007 : back to file '../../source_code/rtl/sdr/rtl/enc_file/sdr_wrrd.enc.v' in ../../source_code/rtl/sdr/rtl/enc_file/sdr_wrrd.enc.v(19)
HDL-1007 : analyze verilog file ../../source_code/rtl/camera_data_gen.v
HDL-1007 : analyze verilog file ../../source_code/rtl/ov5640/ov5640_dri.v
HDL-1007 : analyze verilog file ../../source_code/rtl/ov5640/ov5640_delay.v
HDL-1007 : analyze verilog file ../../source_code/rtl/ov5640/i2c_ov5640_rgb565_cfg.v
HDL-1007 : analyze verilog file ../../source_code/rtl/ov5640/i2c_dri.v
HDL-1007 : analyze verilog file ../../source_code/rtl/ov5640/cmos_capture_data.v
HDL-1007 : analyze verilog file ../../source_code/rtl/sdram_write_static_sel.v
HDL-1007 : analyze verilog file ../../source_code/rtl/sdram_read_align.v
HDL-1007 : analyze verilog file ../../source_code/rtl/display/color_bar.v
HDL-1007 : analyze included file ../../source_code/rtl/display/video_define.v in ../../source_code/rtl/display/color_bar.v(1)
HDL-1007 : back to file '../../source_code/rtl/display/color_bar.v' in ../../source_code/rtl/display/color_bar.v(1)
HDL-1007 : analyze verilog file ../../source_code/rtl/display/video_delay.v
HDL-1007 : analyze verilog file ../../source_code/rtl/display/video_timing_data.v
PRJ-1412 : reset_run syn_1 phy_1.
PRJ-1409 : launch_runs syn_1 phy_1  -jobs 6.
PRJ-5303 WARNING: Run syn_1 failed.
RUN-1002 : start command "save_best_bits"
RUN-1002 : start command "commit_param -step design"
RUN-1001 : Print Global Property
RUN-1001 : --------------------------------------------------------
RUN-1001 :   Parameters   |  Settings  |  Default Values  |  Note  
RUN-1001 : --------------------------------------------------------
RUN-1001 :   enable_seed  |    off     |       off        |        
RUN-1001 :     message    |  standard  |     standard     |        
RUN-1001 :   qor_monitor  |     on     |        on        |        
RUN-1001 :   syn_ip_flow  |    off     |       off        |        
RUN-1001 :     thread     |    auto    |       auto       |        
RUN-1001 : --------------------------------------------------------
RUN-1001 : Print Design Property
RUN-1001 : ----------------------------------------------------------------
RUN-1001 :       Parameters       |  Settings  |  Default Values  |  Note  
RUN-1001 : ----------------------------------------------------------------
RUN-1001 :   default_reg_initial  |    auto    |       auto       |        
RUN-1001 :    hdl_warning_level   |   normal   |      normal      |        
RUN-1001 : ----------------------------------------------------------------
HDL-1007 : analyze verilog file ../../../../../../my_project_125/lab_ex_5_HX4S20_OV5640/al_ip/video_pll.v
HDL-1007 : undeclared symbol 'open', assumed default net type 'wire' in ../../../../../../my_project_125/lab_ex_5_HX4S20_OV5640/al_ip/video_pll.v(70)
HDL-1007 : analyze verilog file al_ip/TEMAC_CORE/RTL/mac_core_aead6cd6dadd.v
HDL-1007 : analyze verilog file al_ip/TEMAC_CORE/RTL/TEMAC_CORE_aead6cd6dadd.v
HDL-5007 WARNING: column 1032 exceeds maximum value 1023 in al_ip/TEMAC_CORE/RTL/TEMAC_CORE_aead6cd6dadd.v(30)
HDL-1007 : back to file 'al_ip/TEMAC_CORE/RTL/TEMAC_CORE_aead6cd6dadd.v' in al_ip/TEMAC_CORE/RTL/TEMAC_CORE_aead6cd6dadd.v(86)
HDL-5007 WARNING: event expressions must result in a singular type in al_ip/TEMAC_CORE/RTL/TEMAC_CORE_aead6cd6dadd.v(3001)
HDL-1007 : undeclared symbol '**', assumed default net type '**' in al_ip/TEMAC_CORE/RTL/TEMAC_CORE_aead6cd6dadd.v(5050)
HDL-1007 : undeclared symbol '**', assumed default net type '**' in al_ip/TEMAC_CORE/RTL/TEMAC_CORE_aead6cd6dadd.v(5458)
HDL-5007 WARNING: column 1035 exceeds maximum value 1023 in al_ip/TEMAC_CORE/RTL/TEMAC_CORE_aead6cd6dadd.v(6001)
HDL-1007 : back to file 'al_ip/TEMAC_CORE/RTL/TEMAC_CORE_aead6cd6dadd.v' in al_ip/TEMAC_CORE/RTL/TEMAC_CORE_aead6cd6dadd.v(260)
HDL-1007 : analyze verilog file al_ip/TEMAC_CORE/TEMAC_CORE.v
HDL-1007 : analyze verilog file al_ip/clk_pll.v
HDL-1007 : undeclared symbol 'open', assumed default net type 'wire' in al_ip/clk_pll.v(85)
HDL-1007 : analyze verilog file al_ip/fifo_sdr_data_2.v
HDL-1007 : analyze verilog file al_ip/pll_50.v
HDL-1007 : undeclared symbol 'open', assumed default net type 'wire' in al_ip/pll_50.v(85)
HDL-1007 : analyze verilog file al_ip/pll_gen.v
HDL-1007 : undeclared symbol 'pll_gen_open0', assumed default net type 'wire' in al_ip/pll_gen.v(99)
HDL-1007 : undeclared symbol 'pll_gen_open8', assumed default net type 'wire' in al_ip/pll_gen.v(105)
HDL-1007 : undeclared symbol 'pll_gen_open7', assumed default net type 'wire' in al_ip/pll_gen.v(105)
HDL-1007 : undeclared symbol 'pll_gen_open6', assumed default net type 'wire' in al_ip/pll_gen.v(105)
HDL-1007 : undeclared symbol 'pll_gen_open5', assumed default net type 'wire' in al_ip/pll_gen.v(105)
HDL-1007 : undeclared symbol 'pll_gen_open4', assumed default net type 'wire' in al_ip/pll_gen.v(105)
HDL-1007 : undeclared symbol 'pll_gen_open3', assumed default net type 'wire' in al_ip/pll_gen.v(105)
HDL-1007 : undeclared symbol 'pll_gen_open2', assumed default net type 'wire' in al_ip/pll_gen.v(105)
HDL-1007 : undeclared symbol 'pll_gen_open1', assumed default net type 'wire' in al_ip/pll_gen.v(105)
HDL-1007 : analyze verilog file al_ip/rx_pll.v
HDL-1007 : undeclared symbol 'open', assumed default net type 'wire' in al_ip/rx_pll.v(78)
HDL-1007 : analyze verilog file ../../source_code/rtl/BUFGMUX.v
HDL-1007 : analyze verilog file ../../source_code/rtl/clk_gen_rst_gen.v
HDL-1007 : analyze verilog file ../../source_code/rtl/div_clk_gen.v
HDL-1007 : analyze verilog file ../../source_code/rtl/IDDR.v
HDL-1007 : analyze verilog file ../../source_code/rtl/ODDR.v
HDL-1007 : analyze verilog file ../../source_code/rtl/RAMB16_S9_S9.v
HDL-1007 : undeclared symbol 'open', assumed default net type 'wire' in ../../source_code/rtl/RAMB16_S9_S9.v(109)
HDL-1007 : analyze verilog file ../../source_code/rtl/rgmii_interface.v
HDL-1007 : analyze verilog file ../../source_code/rtl/rx_client_fifo.v
HDL-5370 WARNING: parameter 'WAIT_s' becomes localparam in 'rx_client_fifo' with formal parameter declaration list in ../../source_code/rtl/rx_client_fifo.v(49)
HDL-5370 WARNING: parameter 'QUEUE1_s' becomes localparam in 'rx_client_fifo' with formal parameter declaration list in ../../source_code/rtl/rx_client_fifo.v(50)
HDL-5370 WARNING: parameter 'QUEUE2_s' becomes localparam in 'rx_client_fifo' with formal parameter declaration list in ../../source_code/rtl/rx_client_fifo.v(51)
HDL-5370 WARNING: parameter 'QUEUE3_s' becomes localparam in 'rx_client_fifo' with formal parameter declaration list in ../../source_code/rtl/rx_client_fifo.v(52)
HDL-5370 WARNING: parameter 'QUEUE_SOF_s' becomes localparam in 'rx_client_fifo' with formal parameter declaration list in ../../source_code/rtl/rx_client_fifo.v(53)
HDL-5370 WARNING: parameter 'SOF_s' becomes localparam in 'rx_client_fifo' with formal parameter declaration list in ../../source_code/rtl/rx_client_fifo.v(54)
HDL-5370 WARNING: parameter 'DATA_s' becomes localparam in 'rx_client_fifo' with formal parameter declaration list in ../../source_code/rtl/rx_client_fifo.v(55)
HDL-5370 WARNING: parameter 'EOF_s' becomes localparam in 'rx_client_fifo' with formal parameter declaration list in ../../source_code/rtl/rx_client_fifo.v(56)
HDL-5370 WARNING: parameter 'IDLE_s' becomes localparam in 'rx_client_fifo' with formal parameter declaration list in ../../source_code/rtl/rx_client_fifo.v(62)
HDL-5370 WARNING: parameter 'FRAME_s' becomes localparam in 'rx_client_fifo' with formal parameter declaration list in ../../source_code/rtl/rx_client_fifo.v(63)
HDL-5370 Similar messages will be suppressed.
HDL-1007 : analyze verilog file ../../source_code/rtl/temac_block.v
HDL-1007 : analyze verilog file ../../source_code/rtl/temac_clk_gen.v
HDL-1007 : analyze verilog file ../../source_code/rtl/tx_client_fifo.v
HDL-5370 WARNING: parameter 'IDLE_s' becomes localparam in 'tx_client_fifo' with formal parameter declaration list in ../../source_code/rtl/tx_client_fifo.v(53)
HDL-5370 WARNING: parameter 'QUEUE1_s' becomes localparam in 'tx_client_fifo' with formal parameter declaration list in ../../source_code/rtl/tx_client_fifo.v(54)
HDL-5370 WARNING: parameter 'QUEUE2_s' becomes localparam in 'tx_client_fifo' with formal parameter declaration list in ../../source_code/rtl/tx_client_fifo.v(55)
HDL-5370 WARNING: parameter 'QUEUE3_s' becomes localparam in 'tx_client_fifo' with formal parameter declaration list in ../../source_code/rtl/tx_client_fifo.v(56)
HDL-5370 WARNING: parameter 'QUEUE_ACK_s' becomes localparam in 'tx_client_fifo' with formal parameter declaration list in ../../source_code/rtl/tx_client_fifo.v(57)
HDL-5370 WARNING: parameter 'WAIT_ACK_s' becomes localparam in 'tx_client_fifo' with formal parameter declaration list in ../../source_code/rtl/tx_client_fifo.v(58)
HDL-5370 WARNING: parameter 'FRAME_s' becomes localparam in 'tx_client_fifo' with formal parameter declaration list in ../../source_code/rtl/tx_client_fifo.v(59)
HDL-5370 WARNING: parameter 'DROP_s' becomes localparam in 'tx_client_fifo' with formal parameter declaration list in ../../source_code/rtl/tx_client_fifo.v(60)
HDL-5370 WARNING: parameter 'RETRANSMIT_s' becomes localparam in 'tx_client_fifo' with formal parameter declaration list in ../../source_code/rtl/tx_client_fifo.v(61)
HDL-5370 WARNING: parameter 'WAIT_s' becomes localparam in 'tx_client_fifo' with formal parameter declaration list in ../../source_code/rtl/tx_client_fifo.v(67)
HDL-5370 Similar messages will be suppressed.
HDL-1007 : analyze verilog file ../../source_code/rtl/tx_clk_en_gen.v
HDL-1007 : analyze verilog file ../../source_code/rtl/udp_data_tpg.v
HDL-1007 : analyze verilog file ../../source_code/rtl/UDP_Example_Top.v
HDL-1007 : undeclared symbol 'use_sd_data', assumed default net type 'wire' in ../../source_code/rtl/UDP_Example_Top.v(226)
HDL-1007 : undeclared symbol 'phy_reset', assumed default net type 'wire' in ../../source_code/rtl/UDP_Example_Top.v(353)
HDL-5333 WARNING: data object 'rst_n' is already declared in ../../source_code/rtl/UDP_Example_Top.v(400)
HDL-1007 : previous declaration of 'rst_n' is from here in ../../source_code/rtl/UDP_Example_Top.v(200)
HDL-5007 WARNING: second declaration of 'rst_n' is ignored in ../../source_code/rtl/UDP_Example_Top.v(400)
HDL-1007 : undeclared symbol 'tpg_data_done', assumed default net type 'wire' in ../../source_code/rtl/UDP_Example_Top.v(520)
HDL-1007 : undeclared symbol 'clk', assumed default net type 'wire' in ../../source_code/rtl/UDP_Example_Top.v(545)
HDL-1007 : undeclared symbol 'video_clk', assumed default net type 'wire' in ../../source_code/rtl/UDP_Example_Top.v(546)
HDL-1007 : undeclared symbol 'hdmi_5x_clk', assumed default net type 'wire' in ../../source_code/rtl/UDP_Example_Top.v(547)
HDL-1007 : undeclared symbol 'vga_out_de', assumed default net type 'wire' in ../../source_code/rtl/UDP_Example_Top.v(553)
HDL-1007 : undeclared symbol 'video_read_req', assumed default net type 'wire' in ../../source_code/rtl/UDP_Example_Top.v(563)
HDL-1007 : undeclared symbol 'video_read_req_ack', assumed default net type 'wire' in ../../source_code/rtl/UDP_Example_Top.v(564)
HDL-1007 : undeclared symbol 'hs', assumed default net type 'wire' in ../../source_code/rtl/UDP_Example_Top.v(586)
HDL-1007 : undeclared symbol 'vs', assumed default net type 'wire' in ../../source_code/rtl/UDP_Example_Top.v(587)
HDL-1007 : undeclared symbol 'de', assumed default net type 'wire' in ../../source_code/rtl/UDP_Example_Top.v(588)
HDL-1007 : undeclared symbol 'vout_data', assumed default net type 'wire' in ../../source_code/rtl/UDP_Example_Top.v(589)
HDL-1007 : analyze verilog file ../../source_code/rtl/udp_ip_protocol_stack_merge.enc.v
HDL-1007 : back to file '../../source_code/rtl/udp_ip_protocol_stack_merge.enc.v' in ../../source_code/rtl/udp_ip_protocol_stack_merge.enc.v(56)
HDL-1007 : undeclared symbol '**', assumed default net type '**' in ../../source_code/rtl/udp_ip_protocol_stack_merge.enc.v(2638)
HDL-1007 : back to file '../../source_code/rtl/udp_ip_protocol_stack_merge.enc.v' in ../../source_code/rtl/udp_ip_protocol_stack_merge.enc.v(420)
HDL-1007 : analyze verilog file ../../source_code/rtl/udp_loopback.v
HDL-1007 : analyze verilog file ../../source_code/rtl/sdr/rtl/app_wrrd.v
HDL-1007 : analyze included file ../../source_code/rtl/sdr/rtl/../include/global_def.v in ../../source_code/rtl/sdr/rtl/app_wrrd.v(10)
HDL-1007 : back to file '../../source_code/rtl/sdr/rtl/app_wrrd.v' in ../../source_code/rtl/sdr/rtl/app_wrrd.v(10)
HDL-5372 WARNING: redeclaration of ANSI port 'full_flag' is not allowed in ../../source_code/rtl/sdr/rtl/app_wrrd.v(61)
HDL-1007 : undeclared symbol 'afull', assumed default net type 'wire' in ../../source_code/rtl/sdr/rtl/app_wrrd.v(74)
HDL-1007 : undeclared symbol 'aempty', assumed default net type 'wire' in ../../source_code/rtl/sdr/rtl/app_wrrd.v(75)
HDL-1007 : undeclared symbol 'wrusedw', assumed default net type 'wire' in ../../source_code/rtl/sdr/rtl/app_wrrd.v(76)
HDL-5333 WARNING: data object 'w_addr_cnt' is already declared in ../../source_code/rtl/sdr/rtl/app_wrrd.v(139)
HDL-1007 : previous declaration of 'w_addr_cnt' is from here in ../../source_code/rtl/sdr/rtl/app_wrrd.v(38)
HDL-5007 WARNING: second declaration of 'w_addr_cnt' is ignored in ../../source_code/rtl/sdr/rtl/app_wrrd.v(139)
HDL-1007 : analyze verilog file ../../source_code/rtl/sdr/rtl/sdram_top.v
HDL-1007 : analyze included file ../../source_code/rtl/sdr/rtl/../include/global_def.v in ../../source_code/rtl/sdr/rtl/sdram_top.v(10)
HDL-1007 : back to file '../../source_code/rtl/sdr/rtl/sdram_top.v' in ../../source_code/rtl/sdr/rtl/sdram_top.v(10)
HDL-1007 : undeclared symbol 'Rst_n', assumed default net type 'wire' in ../../source_code/rtl/sdr/rtl/sdram_top.v(70)
HDL-5372 WARNING: redeclaration of ANSI port 'wr_done' is not allowed in ../../source_code/rtl/sdr/rtl/sdram_top.v(73)
HDL-1007 : undeclared symbol 'SDR_CKE', assumed default net type 'wire' in ../../source_code/rtl/sdr/rtl/sdram_top.v(132)
HDL-1007 : analyze verilog file ../../source_code/rtl/sd/sd_ctrl_top.v
HDL-1007 : analyze verilog file ../../source_code/rtl/sd/sd_init.v
HDL-1007 : analyze verilog file ../../source_code/rtl/sd/sd_read.v
HDL-1007 : analyze verilog file ../../source_code/rtl/sd/sd_read_photo.v
HDL-1007 : analyze verilog file ../../source_code/rtl/sdr/rtl/enc_file/sdr_as_ram.enc.v
HDL-1007 : back to file '../../source_code/rtl/sdr/rtl/enc_file/sdr_as_ram.enc.v' in ../../source_code/rtl/sdr/rtl/enc_file/sdr_as_ram.enc.v(45)
HDL-1007 : analyze verilog file ../../source_code/rtl/sdr/rtl/enc_file/sdr_init_ref.enc.v
HDL-1007 : undeclared symbol '**', assumed default net type '**' in ../../source_code/rtl/sdr/rtl/enc_file/sdr_init_ref.enc.v(57)
HDL-1007 : back to file '../../source_code/rtl/sdr/rtl/enc_file/sdr_init_ref.enc.v' in ../../source_code/rtl/sdr/rtl/enc_file/sdr_init_ref.enc.v(148)
HDL-5007 WARNING: concatenation with an unsized literal will be treated as 32 bits in ../../source_code/rtl/sdr/rtl/enc_file/sdr_init_ref.enc.v(47)
HDL-1007 : analyze verilog file ../../source_code/rtl/sdr/rtl/enc_file/sdr_wrrd.enc.v
HDL-5007 WARNING: concatenation with an unsized literal will be treated as 32 bits in ../../source_code/rtl/sdr/rtl/enc_file/sdr_wrrd.enc.v(283)
HDL-1007 : back to file '../../source_code/rtl/sdr/rtl/enc_file/sdr_wrrd.enc.v' in ../../source_code/rtl/sdr/rtl/enc_file/sdr_wrrd.enc.v(19)
HDL-1007 : analyze verilog file ../../source_code/rtl/camera_data_gen.v
HDL-1007 : analyze verilog file ../../source_code/rtl/ov5640/ov5640_dri.v
HDL-1007 : analyze verilog file ../../source_code/rtl/ov5640/ov5640_delay.v
HDL-1007 : analyze verilog file ../../source_code/rtl/ov5640/i2c_ov5640_rgb565_cfg.v
HDL-1007 : analyze verilog file ../../source_code/rtl/ov5640/i2c_dri.v
HDL-1007 : analyze verilog file ../../source_code/rtl/ov5640/cmos_capture_data.v
HDL-1007 : analyze verilog file ../../source_code/rtl/sdram_write_static_sel.v
HDL-1007 : analyze verilog file ../../source_code/rtl/sdram_read_align.v
HDL-1007 : analyze verilog file ../../source_code/rtl/display/color_bar.v
HDL-1007 : analyze included file ../../source_code/rtl/display/video_define.v in ../../source_code/rtl/display/color_bar.v(1)
HDL-1007 : back to file '../../source_code/rtl/display/color_bar.v' in ../../source_code/rtl/display/color_bar.v(1)
HDL-1007 : analyze verilog file ../../source_code/rtl/display/video_delay.v
HDL-1007 : analyze verilog file ../../source_code/rtl/display/video_timing_data.v
RUN-1002 : start command "commit_param -step design"
RUN-1001 : Print Global Property
RUN-1001 : --------------------------------------------------------
RUN-1001 :   Parameters   |  Settings  |  Default Values  |  Note  
RUN-1001 : --------------------------------------------------------
RUN-1001 :   enable_seed  |    off     |       off        |        
RUN-1001 :     message    |  standard  |     standard     |        
RUN-1001 :   qor_monitor  |     on     |        on        |        
RUN-1001 :   syn_ip_flow  |    off     |       off        |        
RUN-1001 :     thread     |    auto    |       auto       |        
RUN-1001 : --------------------------------------------------------
RUN-1001 : Print Design Property
RUN-1001 : ----------------------------------------------------------------
RUN-1001 :       Parameters       |  Settings  |  Default Values  |  Note  
RUN-1001 : ----------------------------------------------------------------
RUN-1001 :   default_reg_initial  |    auto    |       auto       |        
RUN-1001 :    hdl_warning_level   |   normal   |      normal      |        
RUN-1001 : ----------------------------------------------------------------
HDL-1007 : analyze verilog file ../../../../../../my_project_125/lab_ex_5_HX4S20_OV5640/al_ip/video_pll.v
HDL-1007 : undeclared symbol 'open', assumed default net type 'wire' in ../../../../../../my_project_125/lab_ex_5_HX4S20_OV5640/al_ip/video_pll.v(70)
HDL-1007 : analyze verilog file al_ip/TEMAC_CORE/RTL/mac_core_aead6cd6dadd.v
HDL-1007 : analyze verilog file al_ip/TEMAC_CORE/RTL/TEMAC_CORE_aead6cd6dadd.v
HDL-5007 WARNING: column 1032 exceeds maximum value 1023 in al_ip/TEMAC_CORE/RTL/TEMAC_CORE_aead6cd6dadd.v(30)
HDL-1007 : back to file 'al_ip/TEMAC_CORE/RTL/TEMAC_CORE_aead6cd6dadd.v' in al_ip/TEMAC_CORE/RTL/TEMAC_CORE_aead6cd6dadd.v(86)
HDL-5007 WARNING: event expressions must result in a singular type in al_ip/TEMAC_CORE/RTL/TEMAC_CORE_aead6cd6dadd.v(3001)
HDL-1007 : undeclared symbol '**', assumed default net type '**' in al_ip/TEMAC_CORE/RTL/TEMAC_CORE_aead6cd6dadd.v(5050)
HDL-1007 : undeclared symbol '**', assumed default net type '**' in al_ip/TEMAC_CORE/RTL/TEMAC_CORE_aead6cd6dadd.v(5458)
HDL-5007 WARNING: column 1035 exceeds maximum value 1023 in al_ip/TEMAC_CORE/RTL/TEMAC_CORE_aead6cd6dadd.v(6001)
HDL-1007 : back to file 'al_ip/TEMAC_CORE/RTL/TEMAC_CORE_aead6cd6dadd.v' in al_ip/TEMAC_CORE/RTL/TEMAC_CORE_aead6cd6dadd.v(260)
HDL-1007 : analyze verilog file al_ip/TEMAC_CORE/TEMAC_CORE.v
HDL-1007 : analyze verilog file al_ip/clk_pll.v
HDL-1007 : undeclared symbol 'open', assumed default net type 'wire' in al_ip/clk_pll.v(85)
HDL-1007 : analyze verilog file al_ip/fifo_sdr_data_2.v
HDL-1007 : analyze verilog file al_ip/pll_50.v
HDL-1007 : undeclared symbol 'open', assumed default net type 'wire' in al_ip/pll_50.v(85)
HDL-1007 : analyze verilog file al_ip/pll_gen.v
HDL-1007 : undeclared symbol 'pll_gen_open0', assumed default net type 'wire' in al_ip/pll_gen.v(99)
HDL-1007 : undeclared symbol 'pll_gen_open8', assumed default net type 'wire' in al_ip/pll_gen.v(105)
HDL-1007 : undeclared symbol 'pll_gen_open7', assumed default net type 'wire' in al_ip/pll_gen.v(105)
HDL-1007 : undeclared symbol 'pll_gen_open6', assumed default net type 'wire' in al_ip/pll_gen.v(105)
HDL-1007 : undeclared symbol 'pll_gen_open5', assumed default net type 'wire' in al_ip/pll_gen.v(105)
HDL-1007 : undeclared symbol 'pll_gen_open4', assumed default net type 'wire' in al_ip/pll_gen.v(105)
HDL-1007 : undeclared symbol 'pll_gen_open3', assumed default net type 'wire' in al_ip/pll_gen.v(105)
HDL-1007 : undeclared symbol 'pll_gen_open2', assumed default net type 'wire' in al_ip/pll_gen.v(105)
HDL-1007 : undeclared symbol 'pll_gen_open1', assumed default net type 'wire' in al_ip/pll_gen.v(105)
HDL-1007 : analyze verilog file al_ip/rx_pll.v
HDL-1007 : undeclared symbol 'open', assumed default net type 'wire' in al_ip/rx_pll.v(78)
HDL-1007 : analyze verilog file ../../source_code/rtl/BUFGMUX.v
HDL-1007 : analyze verilog file ../../source_code/rtl/clk_gen_rst_gen.v
HDL-1007 : analyze verilog file ../../source_code/rtl/div_clk_gen.v
HDL-1007 : analyze verilog file ../../source_code/rtl/IDDR.v
HDL-1007 : analyze verilog file ../../source_code/rtl/ODDR.v
HDL-1007 : analyze verilog file ../../source_code/rtl/RAMB16_S9_S9.v
HDL-1007 : undeclared symbol 'open', assumed default net type 'wire' in ../../source_code/rtl/RAMB16_S9_S9.v(109)
HDL-1007 : analyze verilog file ../../source_code/rtl/rgmii_interface.v
HDL-1007 : analyze verilog file ../../source_code/rtl/rx_client_fifo.v
HDL-5370 WARNING: parameter 'WAIT_s' becomes localparam in 'rx_client_fifo' with formal parameter declaration list in ../../source_code/rtl/rx_client_fifo.v(49)
HDL-5370 WARNING: parameter 'QUEUE1_s' becomes localparam in 'rx_client_fifo' with formal parameter declaration list in ../../source_code/rtl/rx_client_fifo.v(50)
HDL-5370 WARNING: parameter 'QUEUE2_s' becomes localparam in 'rx_client_fifo' with formal parameter declaration list in ../../source_code/rtl/rx_client_fifo.v(51)
HDL-5370 WARNING: parameter 'QUEUE3_s' becomes localparam in 'rx_client_fifo' with formal parameter declaration list in ../../source_code/rtl/rx_client_fifo.v(52)
HDL-5370 WARNING: parameter 'QUEUE_SOF_s' becomes localparam in 'rx_client_fifo' with formal parameter declaration list in ../../source_code/rtl/rx_client_fifo.v(53)
HDL-5370 WARNING: parameter 'SOF_s' becomes localparam in 'rx_client_fifo' with formal parameter declaration list in ../../source_code/rtl/rx_client_fifo.v(54)
HDL-5370 WARNING: parameter 'DATA_s' becomes localparam in 'rx_client_fifo' with formal parameter declaration list in ../../source_code/rtl/rx_client_fifo.v(55)
HDL-5370 WARNING: parameter 'EOF_s' becomes localparam in 'rx_client_fifo' with formal parameter declaration list in ../../source_code/rtl/rx_client_fifo.v(56)
HDL-5370 WARNING: parameter 'IDLE_s' becomes localparam in 'rx_client_fifo' with formal parameter declaration list in ../../source_code/rtl/rx_client_fifo.v(62)
HDL-5370 WARNING: parameter 'FRAME_s' becomes localparam in 'rx_client_fifo' with formal parameter declaration list in ../../source_code/rtl/rx_client_fifo.v(63)
HDL-5370 Similar messages will be suppressed.
HDL-1007 : analyze verilog file ../../source_code/rtl/temac_block.v
HDL-1007 : analyze verilog file ../../source_code/rtl/temac_clk_gen.v
HDL-1007 : analyze verilog file ../../source_code/rtl/tx_client_fifo.v
HDL-5370 WARNING: parameter 'IDLE_s' becomes localparam in 'tx_client_fifo' with formal parameter declaration list in ../../source_code/rtl/tx_client_fifo.v(53)
HDL-5370 WARNING: parameter 'QUEUE1_s' becomes localparam in 'tx_client_fifo' with formal parameter declaration list in ../../source_code/rtl/tx_client_fifo.v(54)
HDL-5370 WARNING: parameter 'QUEUE2_s' becomes localparam in 'tx_client_fifo' with formal parameter declaration list in ../../source_code/rtl/tx_client_fifo.v(55)
HDL-5370 WARNING: parameter 'QUEUE3_s' becomes localparam in 'tx_client_fifo' with formal parameter declaration list in ../../source_code/rtl/tx_client_fifo.v(56)
HDL-5370 WARNING: parameter 'QUEUE_ACK_s' becomes localparam in 'tx_client_fifo' with formal parameter declaration list in ../../source_code/rtl/tx_client_fifo.v(57)
HDL-5370 WARNING: parameter 'WAIT_ACK_s' becomes localparam in 'tx_client_fifo' with formal parameter declaration list in ../../source_code/rtl/tx_client_fifo.v(58)
HDL-5370 WARNING: parameter 'FRAME_s' becomes localparam in 'tx_client_fifo' with formal parameter declaration list in ../../source_code/rtl/tx_client_fifo.v(59)
HDL-5370 WARNING: parameter 'DROP_s' becomes localparam in 'tx_client_fifo' with formal parameter declaration list in ../../source_code/rtl/tx_client_fifo.v(60)
HDL-5370 WARNING: parameter 'RETRANSMIT_s' becomes localparam in 'tx_client_fifo' with formal parameter declaration list in ../../source_code/rtl/tx_client_fifo.v(61)
HDL-5370 WARNING: parameter 'WAIT_s' becomes localparam in 'tx_client_fifo' with formal parameter declaration list in ../../source_code/rtl/tx_client_fifo.v(67)
HDL-5370 Similar messages will be suppressed.
HDL-1007 : analyze verilog file ../../source_code/rtl/tx_clk_en_gen.v
HDL-1007 : analyze verilog file ../../source_code/rtl/udp_data_tpg.v
HDL-1007 : analyze verilog file ../../source_code/rtl/UDP_Example_Top.v
HDL-1007 : undeclared symbol 'use_sd_data', assumed default net type 'wire' in ../../source_code/rtl/UDP_Example_Top.v(226)
HDL-1007 : undeclared symbol 'phy_reset', assumed default net type 'wire' in ../../source_code/rtl/UDP_Example_Top.v(353)
HDL-5333 WARNING: data object 'rst_n' is already declared in ../../source_code/rtl/UDP_Example_Top.v(400)
HDL-1007 : previous declaration of 'rst_n' is from here in ../../source_code/rtl/UDP_Example_Top.v(200)
HDL-5007 WARNING: second declaration of 'rst_n' is ignored in ../../source_code/rtl/UDP_Example_Top.v(400)
HDL-1007 : undeclared symbol 'tpg_data_done', assumed default net type 'wire' in ../../source_code/rtl/UDP_Example_Top.v(520)
HDL-1007 : undeclared symbol 'clk', assumed default net type 'wire' in ../../source_code/rtl/UDP_Example_Top.v(545)
HDL-1007 : undeclared symbol 'video_clk', assumed default net type 'wire' in ../../source_code/rtl/UDP_Example_Top.v(546)
HDL-1007 : undeclared symbol 'hdmi_5x_clk', assumed default net type 'wire' in ../../source_code/rtl/UDP_Example_Top.v(547)
HDL-1007 : undeclared symbol 'vga_out_de', assumed default net type 'wire' in ../../source_code/rtl/UDP_Example_Top.v(553)
HDL-1007 : undeclared symbol 'video_read_req', assumed default net type 'wire' in ../../source_code/rtl/UDP_Example_Top.v(563)
HDL-1007 : undeclared symbol 'video_read_req_ack', assumed default net type 'wire' in ../../source_code/rtl/UDP_Example_Top.v(564)
HDL-1007 : undeclared symbol 'hs', assumed default net type 'wire' in ../../source_code/rtl/UDP_Example_Top.v(586)
HDL-1007 : undeclared symbol 'vs', assumed default net type 'wire' in ../../source_code/rtl/UDP_Example_Top.v(587)
HDL-1007 : undeclared symbol 'de', assumed default net type 'wire' in ../../source_code/rtl/UDP_Example_Top.v(588)
HDL-1007 : undeclared symbol 'vout_data', assumed default net type 'wire' in ../../source_code/rtl/UDP_Example_Top.v(589)
HDL-1007 : analyze verilog file ../../source_code/rtl/udp_ip_protocol_stack_merge.enc.v
HDL-1007 : back to file '../../source_code/rtl/udp_ip_protocol_stack_merge.enc.v' in ../../source_code/rtl/udp_ip_protocol_stack_merge.enc.v(56)
HDL-1007 : undeclared symbol '**', assumed default net type '**' in ../../source_code/rtl/udp_ip_protocol_stack_merge.enc.v(2638)
HDL-1007 : back to file '../../source_code/rtl/udp_ip_protocol_stack_merge.enc.v' in ../../source_code/rtl/udp_ip_protocol_stack_merge.enc.v(420)
HDL-1007 : analyze verilog file ../../source_code/rtl/udp_loopback.v
HDL-1007 : analyze verilog file ../../source_code/rtl/sdr/rtl/app_wrrd.v
HDL-1007 : analyze included file ../../source_code/rtl/sdr/rtl/../include/global_def.v in ../../source_code/rtl/sdr/rtl/app_wrrd.v(10)
HDL-1007 : back to file '../../source_code/rtl/sdr/rtl/app_wrrd.v' in ../../source_code/rtl/sdr/rtl/app_wrrd.v(10)
HDL-5372 WARNING: redeclaration of ANSI port 'full_flag' is not allowed in ../../source_code/rtl/sdr/rtl/app_wrrd.v(61)
HDL-1007 : undeclared symbol 'afull', assumed default net type 'wire' in ../../source_code/rtl/sdr/rtl/app_wrrd.v(74)
HDL-1007 : undeclared symbol 'aempty', assumed default net type 'wire' in ../../source_code/rtl/sdr/rtl/app_wrrd.v(75)
HDL-1007 : undeclared symbol 'wrusedw', assumed default net type 'wire' in ../../source_code/rtl/sdr/rtl/app_wrrd.v(76)
HDL-5333 WARNING: data object 'w_addr_cnt' is already declared in ../../source_code/rtl/sdr/rtl/app_wrrd.v(139)
HDL-1007 : previous declaration of 'w_addr_cnt' is from here in ../../source_code/rtl/sdr/rtl/app_wrrd.v(38)
HDL-5007 WARNING: second declaration of 'w_addr_cnt' is ignored in ../../source_code/rtl/sdr/rtl/app_wrrd.v(139)
HDL-1007 : analyze verilog file ../../source_code/rtl/sdr/rtl/sdram_top.v
HDL-1007 : analyze included file ../../source_code/rtl/sdr/rtl/../include/global_def.v in ../../source_code/rtl/sdr/rtl/sdram_top.v(10)
HDL-1007 : back to file '../../source_code/rtl/sdr/rtl/sdram_top.v' in ../../source_code/rtl/sdr/rtl/sdram_top.v(10)
HDL-1007 : undeclared symbol 'Rst_n', assumed default net type 'wire' in ../../source_code/rtl/sdr/rtl/sdram_top.v(70)
HDL-5372 WARNING: redeclaration of ANSI port 'wr_done' is not allowed in ../../source_code/rtl/sdr/rtl/sdram_top.v(73)
HDL-1007 : undeclared symbol 'SDR_CKE', assumed default net type 'wire' in ../../source_code/rtl/sdr/rtl/sdram_top.v(132)
HDL-1007 : analyze verilog file ../../source_code/rtl/sd/sd_ctrl_top.v
HDL-1007 : analyze verilog file ../../source_code/rtl/sd/sd_init.v
HDL-1007 : analyze verilog file ../../source_code/rtl/sd/sd_read.v
HDL-1007 : analyze verilog file ../../source_code/rtl/sd/sd_read_photo.v
HDL-1007 : analyze verilog file ../../source_code/rtl/sdr/rtl/enc_file/sdr_as_ram.enc.v
HDL-1007 : back to file '../../source_code/rtl/sdr/rtl/enc_file/sdr_as_ram.enc.v' in ../../source_code/rtl/sdr/rtl/enc_file/sdr_as_ram.enc.v(45)
HDL-1007 : analyze verilog file ../../source_code/rtl/sdr/rtl/enc_file/sdr_init_ref.enc.v
HDL-1007 : undeclared symbol '**', assumed default net type '**' in ../../source_code/rtl/sdr/rtl/enc_file/sdr_init_ref.enc.v(57)
HDL-1007 : back to file '../../source_code/rtl/sdr/rtl/enc_file/sdr_init_ref.enc.v' in ../../source_code/rtl/sdr/rtl/enc_file/sdr_init_ref.enc.v(148)
HDL-5007 WARNING: concatenation with an unsized literal will be treated as 32 bits in ../../source_code/rtl/sdr/rtl/enc_file/sdr_init_ref.enc.v(47)
HDL-1007 : analyze verilog file ../../source_code/rtl/sdr/rtl/enc_file/sdr_wrrd.enc.v
HDL-5007 WARNING: concatenation with an unsized literal will be treated as 32 bits in ../../source_code/rtl/sdr/rtl/enc_file/sdr_wrrd.enc.v(283)
HDL-1007 : back to file '../../source_code/rtl/sdr/rtl/enc_file/sdr_wrrd.enc.v' in ../../source_code/rtl/sdr/rtl/enc_file/sdr_wrrd.enc.v(19)
HDL-1007 : analyze verilog file ../../source_code/rtl/camera_data_gen.v
HDL-1007 : analyze verilog file ../../source_code/rtl/ov5640/ov5640_dri.v
HDL-1007 : analyze verilog file ../../source_code/rtl/ov5640/ov5640_delay.v
HDL-1007 : analyze verilog file ../../source_code/rtl/ov5640/i2c_ov5640_rgb565_cfg.v
HDL-1007 : analyze verilog file ../../source_code/rtl/ov5640/i2c_dri.v
HDL-1007 : analyze verilog file ../../source_code/rtl/ov5640/cmos_capture_data.v
HDL-1007 : analyze verilog file ../../source_code/rtl/sdram_write_static_sel.v
HDL-1007 : analyze verilog file ../../source_code/rtl/sdram_read_align.v
HDL-1007 : analyze verilog file ../../source_code/rtl/display/color_bar.v
HDL-1007 : analyze included file ../../source_code/rtl/display/video_define.v in ../../source_code/rtl/display/color_bar.v(1)
HDL-1007 : back to file '../../source_code/rtl/display/color_bar.v' in ../../source_code/rtl/display/color_bar.v(1)
HDL-1007 : analyze verilog file ../../source_code/rtl/display/video_delay.v
HDL-1007 : analyze verilog file ../../source_code/rtl/display/video_timing_data.v
HDL-1007 : analyze VHDL file ../../source_code/rtl/hdmi/hdmi_tx.vhd
HDL-1007 : analyze entity hdmi_tx in ../../source_code/rtl/hdmi/hdmi_tx.vhd(11)
HDL-1007 : analyze architecture behavioral in ../../source_code/rtl/hdmi/hdmi_tx.vhd(33)
RUN-1002 : start command "commit_param -step design"
RUN-1001 : Print Global Property
RUN-1001 : --------------------------------------------------------
RUN-1001 :   Parameters   |  Settings  |  Default Values  |  Note  
RUN-1001 : --------------------------------------------------------
RUN-1001 :   enable_seed  |    off     |       off        |        
RUN-1001 :     message    |  standard  |     standard     |        
RUN-1001 :   qor_monitor  |     on     |        on        |        
RUN-1001 :   syn_ip_flow  |    off     |       off        |        
RUN-1001 :     thread     |    auto    |       auto       |        
RUN-1001 : --------------------------------------------------------
RUN-1001 : Print Design Property
RUN-1001 : ----------------------------------------------------------------
RUN-1001 :       Parameters       |  Settings  |  Default Values  |  Note  
RUN-1001 : ----------------------------------------------------------------
RUN-1001 :   default_reg_initial  |    auto    |       auto       |        
RUN-1001 :    hdl_warning_level   |   normal   |      normal      |        
RUN-1001 : ----------------------------------------------------------------
HDL-1007 : analyze verilog file ../../../../../../my_project_125/lab_ex_5_HX4S20_OV5640/al_ip/video_pll.v
HDL-1007 : undeclared symbol 'open', assumed default net type 'wire' in ../../../../../../my_project_125/lab_ex_5_HX4S20_OV5640/al_ip/video_pll.v(70)
HDL-1007 : analyze verilog file al_ip/TEMAC_CORE/RTL/mac_core_aead6cd6dadd.v
HDL-1007 : analyze verilog file al_ip/TEMAC_CORE/RTL/TEMAC_CORE_aead6cd6dadd.v
HDL-5007 WARNING: column 1032 exceeds maximum value 1023 in al_ip/TEMAC_CORE/RTL/TEMAC_CORE_aead6cd6dadd.v(30)
HDL-1007 : back to file 'al_ip/TEMAC_CORE/RTL/TEMAC_CORE_aead6cd6dadd.v' in al_ip/TEMAC_CORE/RTL/TEMAC_CORE_aead6cd6dadd.v(86)
HDL-5007 WARNING: event expressions must result in a singular type in al_ip/TEMAC_CORE/RTL/TEMAC_CORE_aead6cd6dadd.v(3001)
HDL-1007 : undeclared symbol '**', assumed default net type '**' in al_ip/TEMAC_CORE/RTL/TEMAC_CORE_aead6cd6dadd.v(5050)
HDL-1007 : undeclared symbol '**', assumed default net type '**' in al_ip/TEMAC_CORE/RTL/TEMAC_CORE_aead6cd6dadd.v(5458)
HDL-5007 WARNING: column 1035 exceeds maximum value 1023 in al_ip/TEMAC_CORE/RTL/TEMAC_CORE_aead6cd6dadd.v(6001)
HDL-1007 : back to file 'al_ip/TEMAC_CORE/RTL/TEMAC_CORE_aead6cd6dadd.v' in al_ip/TEMAC_CORE/RTL/TEMAC_CORE_aead6cd6dadd.v(260)
HDL-1007 : analyze verilog file al_ip/TEMAC_CORE/TEMAC_CORE.v
HDL-1007 : analyze verilog file al_ip/clk_pll.v
HDL-1007 : undeclared symbol 'open', assumed default net type 'wire' in al_ip/clk_pll.v(85)
HDL-1007 : analyze verilog file al_ip/fifo_sdr_data_2.v
HDL-1007 : analyze verilog file al_ip/pll_50.v
HDL-1007 : undeclared symbol 'open', assumed default net type 'wire' in al_ip/pll_50.v(85)
HDL-1007 : analyze verilog file al_ip/pll_gen.v
HDL-1007 : undeclared symbol 'pll_gen_open0', assumed default net type 'wire' in al_ip/pll_gen.v(99)
HDL-1007 : undeclared symbol 'pll_gen_open8', assumed default net type 'wire' in al_ip/pll_gen.v(105)
HDL-1007 : undeclared symbol 'pll_gen_open7', assumed default net type 'wire' in al_ip/pll_gen.v(105)
HDL-1007 : undeclared symbol 'pll_gen_open6', assumed default net type 'wire' in al_ip/pll_gen.v(105)
HDL-1007 : undeclared symbol 'pll_gen_open5', assumed default net type 'wire' in al_ip/pll_gen.v(105)
HDL-1007 : undeclared symbol 'pll_gen_open4', assumed default net type 'wire' in al_ip/pll_gen.v(105)
HDL-1007 : undeclared symbol 'pll_gen_open3', assumed default net type 'wire' in al_ip/pll_gen.v(105)
HDL-1007 : undeclared symbol 'pll_gen_open2', assumed default net type 'wire' in al_ip/pll_gen.v(105)
HDL-1007 : undeclared symbol 'pll_gen_open1', assumed default net type 'wire' in al_ip/pll_gen.v(105)
HDL-1007 : analyze verilog file al_ip/rx_pll.v
HDL-1007 : undeclared symbol 'open', assumed default net type 'wire' in al_ip/rx_pll.v(78)
HDL-1007 : analyze verilog file ../../source_code/rtl/BUFGMUX.v
HDL-1007 : analyze verilog file ../../source_code/rtl/clk_gen_rst_gen.v
HDL-1007 : analyze verilog file ../../source_code/rtl/div_clk_gen.v
HDL-1007 : analyze verilog file ../../source_code/rtl/IDDR.v
HDL-1007 : analyze verilog file ../../source_code/rtl/ODDR.v
HDL-1007 : analyze verilog file ../../source_code/rtl/RAMB16_S9_S9.v
HDL-1007 : undeclared symbol 'open', assumed default net type 'wire' in ../../source_code/rtl/RAMB16_S9_S9.v(109)
HDL-1007 : analyze verilog file ../../source_code/rtl/rgmii_interface.v
HDL-1007 : analyze verilog file ../../source_code/rtl/rx_client_fifo.v
HDL-5370 WARNING: parameter 'WAIT_s' becomes localparam in 'rx_client_fifo' with formal parameter declaration list in ../../source_code/rtl/rx_client_fifo.v(49)
HDL-5370 WARNING: parameter 'QUEUE1_s' becomes localparam in 'rx_client_fifo' with formal parameter declaration list in ../../source_code/rtl/rx_client_fifo.v(50)
HDL-5370 WARNING: parameter 'QUEUE2_s' becomes localparam in 'rx_client_fifo' with formal parameter declaration list in ../../source_code/rtl/rx_client_fifo.v(51)
HDL-5370 WARNING: parameter 'QUEUE3_s' becomes localparam in 'rx_client_fifo' with formal parameter declaration list in ../../source_code/rtl/rx_client_fifo.v(52)
HDL-5370 WARNING: parameter 'QUEUE_SOF_s' becomes localparam in 'rx_client_fifo' with formal parameter declaration list in ../../source_code/rtl/rx_client_fifo.v(53)
HDL-5370 WARNING: parameter 'SOF_s' becomes localparam in 'rx_client_fifo' with formal parameter declaration list in ../../source_code/rtl/rx_client_fifo.v(54)
HDL-5370 WARNING: parameter 'DATA_s' becomes localparam in 'rx_client_fifo' with formal parameter declaration list in ../../source_code/rtl/rx_client_fifo.v(55)
HDL-5370 WARNING: parameter 'EOF_s' becomes localparam in 'rx_client_fifo' with formal parameter declaration list in ../../source_code/rtl/rx_client_fifo.v(56)
HDL-5370 WARNING: parameter 'IDLE_s' becomes localparam in 'rx_client_fifo' with formal parameter declaration list in ../../source_code/rtl/rx_client_fifo.v(62)
HDL-5370 WARNING: parameter 'FRAME_s' becomes localparam in 'rx_client_fifo' with formal parameter declaration list in ../../source_code/rtl/rx_client_fifo.v(63)
HDL-5370 Similar messages will be suppressed.
HDL-1007 : analyze verilog file ../../source_code/rtl/temac_block.v
HDL-1007 : analyze verilog file ../../source_code/rtl/temac_clk_gen.v
HDL-1007 : analyze verilog file ../../source_code/rtl/tx_client_fifo.v
HDL-5370 WARNING: parameter 'IDLE_s' becomes localparam in 'tx_client_fifo' with formal parameter declaration list in ../../source_code/rtl/tx_client_fifo.v(53)
HDL-5370 WARNING: parameter 'QUEUE1_s' becomes localparam in 'tx_client_fifo' with formal parameter declaration list in ../../source_code/rtl/tx_client_fifo.v(54)
HDL-5370 WARNING: parameter 'QUEUE2_s' becomes localparam in 'tx_client_fifo' with formal parameter declaration list in ../../source_code/rtl/tx_client_fifo.v(55)
HDL-5370 WARNING: parameter 'QUEUE3_s' becomes localparam in 'tx_client_fifo' with formal parameter declaration list in ../../source_code/rtl/tx_client_fifo.v(56)
HDL-5370 WARNING: parameter 'QUEUE_ACK_s' becomes localparam in 'tx_client_fifo' with formal parameter declaration list in ../../source_code/rtl/tx_client_fifo.v(57)
HDL-5370 WARNING: parameter 'WAIT_ACK_s' becomes localparam in 'tx_client_fifo' with formal parameter declaration list in ../../source_code/rtl/tx_client_fifo.v(58)
HDL-5370 WARNING: parameter 'FRAME_s' becomes localparam in 'tx_client_fifo' with formal parameter declaration list in ../../source_code/rtl/tx_client_fifo.v(59)
HDL-5370 WARNING: parameter 'DROP_s' becomes localparam in 'tx_client_fifo' with formal parameter declaration list in ../../source_code/rtl/tx_client_fifo.v(60)
HDL-5370 WARNING: parameter 'RETRANSMIT_s' becomes localparam in 'tx_client_fifo' with formal parameter declaration list in ../../source_code/rtl/tx_client_fifo.v(61)
HDL-5370 WARNING: parameter 'WAIT_s' becomes localparam in 'tx_client_fifo' with formal parameter declaration list in ../../source_code/rtl/tx_client_fifo.v(67)
HDL-5370 Similar messages will be suppressed.
HDL-1007 : analyze verilog file ../../source_code/rtl/tx_clk_en_gen.v
HDL-1007 : analyze verilog file ../../source_code/rtl/udp_data_tpg.v
HDL-1007 : analyze verilog file ../../source_code/rtl/UDP_Example_Top.v
HDL-1007 : undeclared symbol 'use_sd_data', assumed default net type 'wire' in ../../source_code/rtl/UDP_Example_Top.v(226)
HDL-1007 : undeclared symbol 'phy_reset', assumed default net type 'wire' in ../../source_code/rtl/UDP_Example_Top.v(353)
HDL-5333 WARNING: data object 'rst_n' is already declared in ../../source_code/rtl/UDP_Example_Top.v(400)
HDL-1007 : previous declaration of 'rst_n' is from here in ../../source_code/rtl/UDP_Example_Top.v(200)
HDL-5007 WARNING: second declaration of 'rst_n' is ignored in ../../source_code/rtl/UDP_Example_Top.v(400)
HDL-1007 : undeclared symbol 'tpg_data_done', assumed default net type 'wire' in ../../source_code/rtl/UDP_Example_Top.v(520)
HDL-1007 : undeclared symbol 'clk', assumed default net type 'wire' in ../../source_code/rtl/UDP_Example_Top.v(551)
HDL-1007 : undeclared symbol 'video_clk', assumed default net type 'wire' in ../../source_code/rtl/UDP_Example_Top.v(552)
HDL-1007 : undeclared symbol 'hdmi_5x_clk', assumed default net type 'wire' in ../../source_code/rtl/UDP_Example_Top.v(553)
HDL-1007 : undeclared symbol 'vga_out_de', assumed default net type 'wire' in ../../source_code/rtl/UDP_Example_Top.v(559)
HDL-1007 : undeclared symbol 'video_read_req', assumed default net type 'wire' in ../../source_code/rtl/UDP_Example_Top.v(569)
HDL-1007 : undeclared symbol 'video_read_req_ack', assumed default net type 'wire' in ../../source_code/rtl/UDP_Example_Top.v(570)
HDL-1007 : undeclared symbol 'video_read_en', assumed default net type 'wire' in ../../source_code/rtl/UDP_Example_Top.v(582)
HDL-1007 : undeclared symbol 'hs', assumed default net type 'wire' in ../../source_code/rtl/UDP_Example_Top.v(593)
HDL-1007 : undeclared symbol 'vs', assumed default net type 'wire' in ../../source_code/rtl/UDP_Example_Top.v(594)
HDL-1007 : undeclared symbol 'de', assumed default net type 'wire' in ../../source_code/rtl/UDP_Example_Top.v(595)
HDL-1007 : undeclared symbol 'vout_data', assumed default net type 'wire' in ../../source_code/rtl/UDP_Example_Top.v(596)
HDL-1007 : analyze verilog file ../../source_code/rtl/udp_ip_protocol_stack_merge.enc.v
HDL-1007 : back to file '../../source_code/rtl/udp_ip_protocol_stack_merge.enc.v' in ../../source_code/rtl/udp_ip_protocol_stack_merge.enc.v(56)
HDL-1007 : undeclared symbol '**', assumed default net type '**' in ../../source_code/rtl/udp_ip_protocol_stack_merge.enc.v(2638)
HDL-1007 : back to file '../../source_code/rtl/udp_ip_protocol_stack_merge.enc.v' in ../../source_code/rtl/udp_ip_protocol_stack_merge.enc.v(420)
HDL-1007 : analyze verilog file ../../source_code/rtl/udp_loopback.v
HDL-1007 : analyze verilog file ../../source_code/rtl/sdr/rtl/app_wrrd.v
HDL-1007 : analyze included file ../../source_code/rtl/sdr/rtl/../include/global_def.v in ../../source_code/rtl/sdr/rtl/app_wrrd.v(10)
HDL-1007 : back to file '../../source_code/rtl/sdr/rtl/app_wrrd.v' in ../../source_code/rtl/sdr/rtl/app_wrrd.v(10)
HDL-5372 WARNING: redeclaration of ANSI port 'full_flag' is not allowed in ../../source_code/rtl/sdr/rtl/app_wrrd.v(61)
HDL-1007 : undeclared symbol 'afull', assumed default net type 'wire' in ../../source_code/rtl/sdr/rtl/app_wrrd.v(74)
HDL-1007 : undeclared symbol 'aempty', assumed default net type 'wire' in ../../source_code/rtl/sdr/rtl/app_wrrd.v(75)
HDL-1007 : undeclared symbol 'wrusedw', assumed default net type 'wire' in ../../source_code/rtl/sdr/rtl/app_wrrd.v(76)
HDL-5333 WARNING: data object 'w_addr_cnt' is already declared in ../../source_code/rtl/sdr/rtl/app_wrrd.v(139)
HDL-1007 : previous declaration of 'w_addr_cnt' is from here in ../../source_code/rtl/sdr/rtl/app_wrrd.v(38)
HDL-5007 WARNING: second declaration of 'w_addr_cnt' is ignored in ../../source_code/rtl/sdr/rtl/app_wrrd.v(139)
HDL-1007 : analyze verilog file ../../source_code/rtl/sdr/rtl/sdram_top.v
HDL-1007 : analyze included file ../../source_code/rtl/sdr/rtl/../include/global_def.v in ../../source_code/rtl/sdr/rtl/sdram_top.v(10)
HDL-1007 : back to file '../../source_code/rtl/sdr/rtl/sdram_top.v' in ../../source_code/rtl/sdr/rtl/sdram_top.v(10)
HDL-1007 : undeclared symbol 'Rst_n', assumed default net type 'wire' in ../../source_code/rtl/sdr/rtl/sdram_top.v(70)
HDL-5372 WARNING: redeclaration of ANSI port 'wr_done' is not allowed in ../../source_code/rtl/sdr/rtl/sdram_top.v(73)
HDL-1007 : undeclared symbol 'SDR_CKE', assumed default net type 'wire' in ../../source_code/rtl/sdr/rtl/sdram_top.v(132)
HDL-1007 : analyze verilog file ../../source_code/rtl/sd/sd_ctrl_top.v
HDL-1007 : analyze verilog file ../../source_code/rtl/sd/sd_init.v
HDL-1007 : analyze verilog file ../../source_code/rtl/sd/sd_read.v
HDL-1007 : analyze verilog file ../../source_code/rtl/sd/sd_read_photo.v
HDL-1007 : analyze verilog file ../../source_code/rtl/sdr/rtl/enc_file/sdr_as_ram.enc.v
HDL-1007 : back to file '../../source_code/rtl/sdr/rtl/enc_file/sdr_as_ram.enc.v' in ../../source_code/rtl/sdr/rtl/enc_file/sdr_as_ram.enc.v(45)
HDL-1007 : analyze verilog file ../../source_code/rtl/sdr/rtl/enc_file/sdr_init_ref.enc.v
HDL-1007 : undeclared symbol '**', assumed default net type '**' in ../../source_code/rtl/sdr/rtl/enc_file/sdr_init_ref.enc.v(57)
HDL-1007 : back to file '../../source_code/rtl/sdr/rtl/enc_file/sdr_init_ref.enc.v' in ../../source_code/rtl/sdr/rtl/enc_file/sdr_init_ref.enc.v(148)
HDL-5007 WARNING: concatenation with an unsized literal will be treated as 32 bits in ../../source_code/rtl/sdr/rtl/enc_file/sdr_init_ref.enc.v(47)
HDL-1007 : analyze verilog file ../../source_code/rtl/sdr/rtl/enc_file/sdr_wrrd.enc.v
HDL-5007 WARNING: concatenation with an unsized literal will be treated as 32 bits in ../../source_code/rtl/sdr/rtl/enc_file/sdr_wrrd.enc.v(283)
HDL-1007 : back to file '../../source_code/rtl/sdr/rtl/enc_file/sdr_wrrd.enc.v' in ../../source_code/rtl/sdr/rtl/enc_file/sdr_wrrd.enc.v(19)
HDL-1007 : analyze verilog file ../../source_code/rtl/camera_data_gen.v
HDL-1007 : analyze verilog file ../../source_code/rtl/ov5640/ov5640_dri.v
HDL-1007 : analyze verilog file ../../source_code/rtl/ov5640/ov5640_delay.v
HDL-1007 : analyze verilog file ../../source_code/rtl/ov5640/i2c_ov5640_rgb565_cfg.v
HDL-1007 : analyze verilog file ../../source_code/rtl/ov5640/i2c_dri.v
HDL-1007 : analyze verilog file ../../source_code/rtl/ov5640/cmos_capture_data.v
HDL-1007 : analyze verilog file ../../source_code/rtl/sdram_write_static_sel.v
HDL-1007 : analyze verilog file ../../source_code/rtl/sdram_read_align.v
HDL-1007 : analyze verilog file ../../source_code/rtl/display/color_bar.v
HDL-1007 : analyze included file ../../source_code/rtl/display/video_define.v in ../../source_code/rtl/display/color_bar.v(1)
HDL-1007 : back to file '../../source_code/rtl/display/color_bar.v' in ../../source_code/rtl/display/color_bar.v(1)
HDL-1007 : analyze verilog file ../../source_code/rtl/display/video_delay.v
HDL-1007 : analyze verilog file ../../source_code/rtl/display/video_timing_data.v
HDL-1007 : analyze VHDL file ../../source_code/rtl/hdmi/hdmi_tx.vhd
HDL-1007 : analyze entity hdmi_tx in ../../source_code/rtl/hdmi/hdmi_tx.vhd(11)
HDL-1007 : analyze architecture behavioral in ../../source_code/rtl/hdmi/hdmi_tx.vhd(33)
PRJ-1412 : reset_run syn_1 phy_1.
PRJ-1409 : launch_runs syn_1 phy_1  -jobs 6.
PRJ-5303 WARNING: Run syn_1 failed.
RUN-1002 : start command "save_best_bits"
RUN-1002 : start command "commit_param -step design"
RUN-1001 : Print Global Property
RUN-1001 : --------------------------------------------------------
RUN-1001 :   Parameters   |  Settings  |  Default Values  |  Note  
RUN-1001 : --------------------------------------------------------
RUN-1001 :   enable_seed  |    off     |       off        |        
RUN-1001 :     message    |  standard  |     standard     |        
RUN-1001 :   qor_monitor  |     on     |        on        |        
RUN-1001 :   syn_ip_flow  |    off     |       off        |        
RUN-1001 :     thread     |    auto    |       auto       |        
RUN-1001 : --------------------------------------------------------
RUN-1001 : Print Design Property
RUN-1001 : ----------------------------------------------------------------
RUN-1001 :       Parameters       |  Settings  |  Default Values  |  Note  
RUN-1001 : ----------------------------------------------------------------
RUN-1001 :   default_reg_initial  |    auto    |       auto       |        
RUN-1001 :    hdl_warning_level   |   normal   |      normal      |        
RUN-1001 : ----------------------------------------------------------------
HDL-1007 : analyze verilog file ../../../../../../my_project_125/lab_ex_5_HX4S20_OV5640/al_ip/video_pll.v
HDL-1007 : undeclared symbol 'open', assumed default net type 'wire' in ../../../../../../my_project_125/lab_ex_5_HX4S20_OV5640/al_ip/video_pll.v(70)
HDL-1007 : analyze verilog file al_ip/TEMAC_CORE/RTL/mac_core_aead6cd6dadd.v
HDL-1007 : analyze verilog file al_ip/TEMAC_CORE/RTL/TEMAC_CORE_aead6cd6dadd.v
HDL-5007 WARNING: column 1032 exceeds maximum value 1023 in al_ip/TEMAC_CORE/RTL/TEMAC_CORE_aead6cd6dadd.v(30)
HDL-1007 : back to file 'al_ip/TEMAC_CORE/RTL/TEMAC_CORE_aead6cd6dadd.v' in al_ip/TEMAC_CORE/RTL/TEMAC_CORE_aead6cd6dadd.v(86)
HDL-5007 WARNING: event expressions must result in a singular type in al_ip/TEMAC_CORE/RTL/TEMAC_CORE_aead6cd6dadd.v(3001)
HDL-1007 : undeclared symbol '**', assumed default net type '**' in al_ip/TEMAC_CORE/RTL/TEMAC_CORE_aead6cd6dadd.v(5050)
HDL-1007 : undeclared symbol '**', assumed default net type '**' in al_ip/TEMAC_CORE/RTL/TEMAC_CORE_aead6cd6dadd.v(5458)
HDL-5007 WARNING: column 1035 exceeds maximum value 1023 in al_ip/TEMAC_CORE/RTL/TEMAC_CORE_aead6cd6dadd.v(6001)
HDL-1007 : back to file 'al_ip/TEMAC_CORE/RTL/TEMAC_CORE_aead6cd6dadd.v' in al_ip/TEMAC_CORE/RTL/TEMAC_CORE_aead6cd6dadd.v(260)
HDL-1007 : analyze verilog file al_ip/TEMAC_CORE/TEMAC_CORE.v
HDL-1007 : analyze verilog file al_ip/clk_pll.v
HDL-1007 : undeclared symbol 'open', assumed default net type 'wire' in al_ip/clk_pll.v(85)
HDL-1007 : analyze verilog file al_ip/fifo_sdr_data_2.v
HDL-1007 : analyze verilog file al_ip/pll_50.v
HDL-1007 : undeclared symbol 'open', assumed default net type 'wire' in al_ip/pll_50.v(85)
HDL-1007 : analyze verilog file al_ip/pll_gen.v
HDL-1007 : undeclared symbol 'pll_gen_open0', assumed default net type 'wire' in al_ip/pll_gen.v(99)
HDL-1007 : undeclared symbol 'pll_gen_open8', assumed default net type 'wire' in al_ip/pll_gen.v(105)
HDL-1007 : undeclared symbol 'pll_gen_open7', assumed default net type 'wire' in al_ip/pll_gen.v(105)
HDL-1007 : undeclared symbol 'pll_gen_open6', assumed default net type 'wire' in al_ip/pll_gen.v(105)
HDL-1007 : undeclared symbol 'pll_gen_open5', assumed default net type 'wire' in al_ip/pll_gen.v(105)
HDL-1007 : undeclared symbol 'pll_gen_open4', assumed default net type 'wire' in al_ip/pll_gen.v(105)
HDL-1007 : undeclared symbol 'pll_gen_open3', assumed default net type 'wire' in al_ip/pll_gen.v(105)
HDL-1007 : undeclared symbol 'pll_gen_open2', assumed default net type 'wire' in al_ip/pll_gen.v(105)
HDL-1007 : undeclared symbol 'pll_gen_open1', assumed default net type 'wire' in al_ip/pll_gen.v(105)
HDL-1007 : analyze verilog file al_ip/rx_pll.v
HDL-1007 : undeclared symbol 'open', assumed default net type 'wire' in al_ip/rx_pll.v(78)
HDL-1007 : analyze verilog file ../../source_code/rtl/BUFGMUX.v
HDL-1007 : analyze verilog file ../../source_code/rtl/clk_gen_rst_gen.v
HDL-1007 : analyze verilog file ../../source_code/rtl/div_clk_gen.v
HDL-1007 : analyze verilog file ../../source_code/rtl/IDDR.v
HDL-1007 : analyze verilog file ../../source_code/rtl/ODDR.v
HDL-1007 : analyze verilog file ../../source_code/rtl/RAMB16_S9_S9.v
HDL-1007 : undeclared symbol 'open', assumed default net type 'wire' in ../../source_code/rtl/RAMB16_S9_S9.v(109)
HDL-1007 : analyze verilog file ../../source_code/rtl/rgmii_interface.v
HDL-1007 : analyze verilog file ../../source_code/rtl/rx_client_fifo.v
HDL-5370 WARNING: parameter 'WAIT_s' becomes localparam in 'rx_client_fifo' with formal parameter declaration list in ../../source_code/rtl/rx_client_fifo.v(49)
HDL-5370 WARNING: parameter 'QUEUE1_s' becomes localparam in 'rx_client_fifo' with formal parameter declaration list in ../../source_code/rtl/rx_client_fifo.v(50)
HDL-5370 WARNING: parameter 'QUEUE2_s' becomes localparam in 'rx_client_fifo' with formal parameter declaration list in ../../source_code/rtl/rx_client_fifo.v(51)
HDL-5370 WARNING: parameter 'QUEUE3_s' becomes localparam in 'rx_client_fifo' with formal parameter declaration list in ../../source_code/rtl/rx_client_fifo.v(52)
HDL-5370 WARNING: parameter 'QUEUE_SOF_s' becomes localparam in 'rx_client_fifo' with formal parameter declaration list in ../../source_code/rtl/rx_client_fifo.v(53)
HDL-5370 WARNING: parameter 'SOF_s' becomes localparam in 'rx_client_fifo' with formal parameter declaration list in ../../source_code/rtl/rx_client_fifo.v(54)
HDL-5370 WARNING: parameter 'DATA_s' becomes localparam in 'rx_client_fifo' with formal parameter declaration list in ../../source_code/rtl/rx_client_fifo.v(55)
HDL-5370 WARNING: parameter 'EOF_s' becomes localparam in 'rx_client_fifo' with formal parameter declaration list in ../../source_code/rtl/rx_client_fifo.v(56)
HDL-5370 WARNING: parameter 'IDLE_s' becomes localparam in 'rx_client_fifo' with formal parameter declaration list in ../../source_code/rtl/rx_client_fifo.v(62)
HDL-5370 WARNING: parameter 'FRAME_s' becomes localparam in 'rx_client_fifo' with formal parameter declaration list in ../../source_code/rtl/rx_client_fifo.v(63)
HDL-5370 Similar messages will be suppressed.
HDL-1007 : analyze verilog file ../../source_code/rtl/temac_block.v
HDL-1007 : analyze verilog file ../../source_code/rtl/temac_clk_gen.v
HDL-1007 : analyze verilog file ../../source_code/rtl/tx_client_fifo.v
HDL-5370 WARNING: parameter 'IDLE_s' becomes localparam in 'tx_client_fifo' with formal parameter declaration list in ../../source_code/rtl/tx_client_fifo.v(53)
HDL-5370 WARNING: parameter 'QUEUE1_s' becomes localparam in 'tx_client_fifo' with formal parameter declaration list in ../../source_code/rtl/tx_client_fifo.v(54)
HDL-5370 WARNING: parameter 'QUEUE2_s' becomes localparam in 'tx_client_fifo' with formal parameter declaration list in ../../source_code/rtl/tx_client_fifo.v(55)
HDL-5370 WARNING: parameter 'QUEUE3_s' becomes localparam in 'tx_client_fifo' with formal parameter declaration list in ../../source_code/rtl/tx_client_fifo.v(56)
HDL-5370 WARNING: parameter 'QUEUE_ACK_s' becomes localparam in 'tx_client_fifo' with formal parameter declaration list in ../../source_code/rtl/tx_client_fifo.v(57)
HDL-5370 WARNING: parameter 'WAIT_ACK_s' becomes localparam in 'tx_client_fifo' with formal parameter declaration list in ../../source_code/rtl/tx_client_fifo.v(58)
HDL-5370 WARNING: parameter 'FRAME_s' becomes localparam in 'tx_client_fifo' with formal parameter declaration list in ../../source_code/rtl/tx_client_fifo.v(59)
HDL-5370 WARNING: parameter 'DROP_s' becomes localparam in 'tx_client_fifo' with formal parameter declaration list in ../../source_code/rtl/tx_client_fifo.v(60)
HDL-5370 WARNING: parameter 'RETRANSMIT_s' becomes localparam in 'tx_client_fifo' with formal parameter declaration list in ../../source_code/rtl/tx_client_fifo.v(61)
HDL-5370 WARNING: parameter 'WAIT_s' becomes localparam in 'tx_client_fifo' with formal parameter declaration list in ../../source_code/rtl/tx_client_fifo.v(67)
HDL-5370 Similar messages will be suppressed.
HDL-1007 : analyze verilog file ../../source_code/rtl/tx_clk_en_gen.v
HDL-1007 : analyze verilog file ../../source_code/rtl/udp_data_tpg.v
HDL-1007 : analyze verilog file ../../source_code/rtl/UDP_Example_Top.v
HDL-1007 : undeclared symbol 'use_sd_data', assumed default net type 'wire' in ../../source_code/rtl/UDP_Example_Top.v(226)
HDL-1007 : undeclared symbol 'phy_reset', assumed default net type 'wire' in ../../source_code/rtl/UDP_Example_Top.v(353)
HDL-5333 WARNING: data object 'rst_n' is already declared in ../../source_code/rtl/UDP_Example_Top.v(400)
HDL-1007 : previous declaration of 'rst_n' is from here in ../../source_code/rtl/UDP_Example_Top.v(200)
HDL-5007 WARNING: second declaration of 'rst_n' is ignored in ../../source_code/rtl/UDP_Example_Top.v(400)
HDL-1007 : undeclared symbol 'tpg_data_done', assumed default net type 'wire' in ../../source_code/rtl/UDP_Example_Top.v(520)
HDL-1007 : undeclared symbol 'clk', assumed default net type 'wire' in ../../source_code/rtl/UDP_Example_Top.v(551)
HDL-1007 : undeclared symbol 'video_clk', assumed default net type 'wire' in ../../source_code/rtl/UDP_Example_Top.v(552)
HDL-1007 : undeclared symbol 'hdmi_5x_clk', assumed default net type 'wire' in ../../source_code/rtl/UDP_Example_Top.v(553)
HDL-1007 : undeclared symbol 'vga_out_de', assumed default net type 'wire' in ../../source_code/rtl/UDP_Example_Top.v(559)
HDL-1007 : undeclared symbol 'video_read_req', assumed default net type 'wire' in ../../source_code/rtl/UDP_Example_Top.v(569)
HDL-1007 : undeclared symbol 'video_read_req_ack', assumed default net type 'wire' in ../../source_code/rtl/UDP_Example_Top.v(570)
HDL-1007 : undeclared symbol 'video_read_en', assumed default net type 'wire' in ../../source_code/rtl/UDP_Example_Top.v(582)
HDL-1007 : undeclared symbol 'hs', assumed default net type 'wire' in ../../source_code/rtl/UDP_Example_Top.v(593)
HDL-1007 : undeclared symbol 'vs', assumed default net type 'wire' in ../../source_code/rtl/UDP_Example_Top.v(594)
HDL-1007 : undeclared symbol 'de', assumed default net type 'wire' in ../../source_code/rtl/UDP_Example_Top.v(595)
HDL-1007 : undeclared symbol 'vout_data', assumed default net type 'wire' in ../../source_code/rtl/UDP_Example_Top.v(596)
HDL-1007 : analyze verilog file ../../source_code/rtl/udp_ip_protocol_stack_merge.enc.v
HDL-1007 : back to file '../../source_code/rtl/udp_ip_protocol_stack_merge.enc.v' in ../../source_code/rtl/udp_ip_protocol_stack_merge.enc.v(56)
HDL-1007 : undeclared symbol '**', assumed default net type '**' in ../../source_code/rtl/udp_ip_protocol_stack_merge.enc.v(2638)
HDL-1007 : back to file '../../source_code/rtl/udp_ip_protocol_stack_merge.enc.v' in ../../source_code/rtl/udp_ip_protocol_stack_merge.enc.v(420)
HDL-1007 : analyze verilog file ../../source_code/rtl/udp_loopback.v
HDL-1007 : analyze verilog file ../../source_code/rtl/sdr/rtl/app_wrrd.v
HDL-1007 : analyze included file ../../source_code/rtl/sdr/rtl/../include/global_def.v in ../../source_code/rtl/sdr/rtl/app_wrrd.v(10)
HDL-1007 : back to file '../../source_code/rtl/sdr/rtl/app_wrrd.v' in ../../source_code/rtl/sdr/rtl/app_wrrd.v(10)
HDL-5372 WARNING: redeclaration of ANSI port 'full_flag' is not allowed in ../../source_code/rtl/sdr/rtl/app_wrrd.v(61)
HDL-1007 : undeclared symbol 'afull', assumed default net type 'wire' in ../../source_code/rtl/sdr/rtl/app_wrrd.v(74)
HDL-1007 : undeclared symbol 'aempty', assumed default net type 'wire' in ../../source_code/rtl/sdr/rtl/app_wrrd.v(75)
HDL-1007 : undeclared symbol 'wrusedw', assumed default net type 'wire' in ../../source_code/rtl/sdr/rtl/app_wrrd.v(76)
HDL-5333 WARNING: data object 'w_addr_cnt' is already declared in ../../source_code/rtl/sdr/rtl/app_wrrd.v(139)
HDL-1007 : previous declaration of 'w_addr_cnt' is from here in ../../source_code/rtl/sdr/rtl/app_wrrd.v(38)
HDL-5007 WARNING: second declaration of 'w_addr_cnt' is ignored in ../../source_code/rtl/sdr/rtl/app_wrrd.v(139)
HDL-1007 : analyze verilog file ../../source_code/rtl/sdr/rtl/sdram_top.v
HDL-1007 : analyze included file ../../source_code/rtl/sdr/rtl/../include/global_def.v in ../../source_code/rtl/sdr/rtl/sdram_top.v(10)
HDL-1007 : back to file '../../source_code/rtl/sdr/rtl/sdram_top.v' in ../../source_code/rtl/sdr/rtl/sdram_top.v(10)
HDL-1007 : undeclared symbol 'Rst_n', assumed default net type 'wire' in ../../source_code/rtl/sdr/rtl/sdram_top.v(70)
HDL-5372 WARNING: redeclaration of ANSI port 'wr_done' is not allowed in ../../source_code/rtl/sdr/rtl/sdram_top.v(73)
HDL-1007 : undeclared symbol 'SDR_CKE', assumed default net type 'wire' in ../../source_code/rtl/sdr/rtl/sdram_top.v(132)
HDL-1007 : analyze verilog file ../../source_code/rtl/sd/sd_ctrl_top.v
HDL-1007 : analyze verilog file ../../source_code/rtl/sd/sd_init.v
HDL-1007 : analyze verilog file ../../source_code/rtl/sd/sd_read.v
HDL-1007 : analyze verilog file ../../source_code/rtl/sd/sd_read_photo.v
HDL-1007 : analyze verilog file ../../source_code/rtl/sdr/rtl/enc_file/sdr_as_ram.enc.v
HDL-1007 : back to file '../../source_code/rtl/sdr/rtl/enc_file/sdr_as_ram.enc.v' in ../../source_code/rtl/sdr/rtl/enc_file/sdr_as_ram.enc.v(45)
HDL-1007 : analyze verilog file ../../source_code/rtl/sdr/rtl/enc_file/sdr_init_ref.enc.v
HDL-1007 : undeclared symbol '**', assumed default net type '**' in ../../source_code/rtl/sdr/rtl/enc_file/sdr_init_ref.enc.v(57)
HDL-1007 : back to file '../../source_code/rtl/sdr/rtl/enc_file/sdr_init_ref.enc.v' in ../../source_code/rtl/sdr/rtl/enc_file/sdr_init_ref.enc.v(148)
HDL-5007 WARNING: concatenation with an unsized literal will be treated as 32 bits in ../../source_code/rtl/sdr/rtl/enc_file/sdr_init_ref.enc.v(47)
HDL-1007 : analyze verilog file ../../source_code/rtl/sdr/rtl/enc_file/sdr_wrrd.enc.v
HDL-5007 WARNING: concatenation with an unsized literal will be treated as 32 bits in ../../source_code/rtl/sdr/rtl/enc_file/sdr_wrrd.enc.v(283)
HDL-1007 : back to file '../../source_code/rtl/sdr/rtl/enc_file/sdr_wrrd.enc.v' in ../../source_code/rtl/sdr/rtl/enc_file/sdr_wrrd.enc.v(19)
HDL-1007 : analyze verilog file ../../source_code/rtl/camera_data_gen.v
HDL-1007 : analyze verilog file ../../source_code/rtl/ov5640/ov5640_dri.v
HDL-1007 : analyze verilog file ../../source_code/rtl/ov5640/ov5640_delay.v
HDL-1007 : analyze verilog file ../../source_code/rtl/ov5640/i2c_ov5640_rgb565_cfg.v
HDL-1007 : analyze verilog file ../../source_code/rtl/ov5640/i2c_dri.v
HDL-1007 : analyze verilog file ../../source_code/rtl/ov5640/cmos_capture_data.v
HDL-1007 : analyze verilog file ../../source_code/rtl/sdram_write_static_sel.v
HDL-1007 : analyze verilog file ../../source_code/rtl/sdram_read_align.v
HDL-1007 : analyze verilog file ../../source_code/rtl/display/color_bar.v
HDL-1007 : analyze included file ../../source_code/rtl/display/video_define.v in ../../source_code/rtl/display/color_bar.v(1)
HDL-1007 : back to file '../../source_code/rtl/display/color_bar.v' in ../../source_code/rtl/display/color_bar.v(1)
HDL-1007 : analyze verilog file ../../source_code/rtl/display/video_delay.v
HDL-1007 : analyze verilog file ../../source_code/rtl/display/video_timing_data.v
HDL-1007 : analyze VHDL file ../../source_code/rtl/hdmi/hdmi_tx.vhd
HDL-1007 : analyze entity hdmi_tx in ../../source_code/rtl/hdmi/hdmi_tx.vhd(11)
HDL-1007 : analyze architecture behavioral in ../../source_code/rtl/hdmi/hdmi_tx.vhd(33)
PRJ-1412 : reset_run syn_1 phy_1.
PRJ-1409 : launch_runs syn_1 phy_1  -jobs 6.
PRJ-5303 WARNING: Run syn_1 failed.
RUN-1002 : start command "save_best_bits"
RUN-1002 : start command "commit_param -step design"
RUN-1001 : Print Global Property
RUN-1001 : --------------------------------------------------------
RUN-1001 :   Parameters   |  Settings  |  Default Values  |  Note  
RUN-1001 : --------------------------------------------------------
RUN-1001 :   enable_seed  |    off     |       off        |        
RUN-1001 :     message    |  standard  |     standard     |        
RUN-1001 :   qor_monitor  |     on     |        on        |        
RUN-1001 :   syn_ip_flow  |    off     |       off        |        
RUN-1001 :     thread     |    auto    |       auto       |        
RUN-1001 : --------------------------------------------------------
RUN-1001 : Print Design Property
RUN-1001 : ----------------------------------------------------------------
RUN-1001 :       Parameters       |  Settings  |  Default Values  |  Note  
RUN-1001 : ----------------------------------------------------------------
RUN-1001 :   default_reg_initial  |    auto    |       auto       |        
RUN-1001 :    hdl_warning_level   |   normal   |      normal      |        
RUN-1001 : ----------------------------------------------------------------
HDL-1007 : analyze verilog file ../../../../../../my_project_125/lab_ex_5_HX4S20_OV5640/al_ip/video_pll.v
HDL-1007 : undeclared symbol 'open', assumed default net type 'wire' in ../../../../../../my_project_125/lab_ex_5_HX4S20_OV5640/al_ip/video_pll.v(70)
HDL-1007 : analyze verilog file al_ip/TEMAC_CORE/RTL/mac_core_aead6cd6dadd.v
HDL-1007 : analyze verilog file al_ip/TEMAC_CORE/RTL/TEMAC_CORE_aead6cd6dadd.v
HDL-5007 WARNING: column 1032 exceeds maximum value 1023 in al_ip/TEMAC_CORE/RTL/TEMAC_CORE_aead6cd6dadd.v(30)
HDL-1007 : back to file 'al_ip/TEMAC_CORE/RTL/TEMAC_CORE_aead6cd6dadd.v' in al_ip/TEMAC_CORE/RTL/TEMAC_CORE_aead6cd6dadd.v(86)
HDL-5007 WARNING: event expressions must result in a singular type in al_ip/TEMAC_CORE/RTL/TEMAC_CORE_aead6cd6dadd.v(3001)
HDL-1007 : undeclared symbol '**', assumed default net type '**' in al_ip/TEMAC_CORE/RTL/TEMAC_CORE_aead6cd6dadd.v(5050)
HDL-1007 : undeclared symbol '**', assumed default net type '**' in al_ip/TEMAC_CORE/RTL/TEMAC_CORE_aead6cd6dadd.v(5458)
HDL-5007 WARNING: column 1035 exceeds maximum value 1023 in al_ip/TEMAC_CORE/RTL/TEMAC_CORE_aead6cd6dadd.v(6001)
HDL-1007 : back to file 'al_ip/TEMAC_CORE/RTL/TEMAC_CORE_aead6cd6dadd.v' in al_ip/TEMAC_CORE/RTL/TEMAC_CORE_aead6cd6dadd.v(260)
HDL-1007 : analyze verilog file al_ip/TEMAC_CORE/TEMAC_CORE.v
HDL-1007 : analyze verilog file al_ip/clk_pll.v
HDL-1007 : undeclared symbol 'open', assumed default net type 'wire' in al_ip/clk_pll.v(85)
HDL-1007 : analyze verilog file al_ip/fifo_sdr_data_2.v
HDL-1007 : analyze verilog file al_ip/pll_50.v
HDL-1007 : undeclared symbol 'open', assumed default net type 'wire' in al_ip/pll_50.v(85)
HDL-1007 : analyze verilog file al_ip/pll_gen.v
HDL-1007 : undeclared symbol 'pll_gen_open0', assumed default net type 'wire' in al_ip/pll_gen.v(99)
HDL-1007 : undeclared symbol 'pll_gen_open8', assumed default net type 'wire' in al_ip/pll_gen.v(105)
HDL-1007 : undeclared symbol 'pll_gen_open7', assumed default net type 'wire' in al_ip/pll_gen.v(105)
HDL-1007 : undeclared symbol 'pll_gen_open6', assumed default net type 'wire' in al_ip/pll_gen.v(105)
HDL-1007 : undeclared symbol 'pll_gen_open5', assumed default net type 'wire' in al_ip/pll_gen.v(105)
HDL-1007 : undeclared symbol 'pll_gen_open4', assumed default net type 'wire' in al_ip/pll_gen.v(105)
HDL-1007 : undeclared symbol 'pll_gen_open3', assumed default net type 'wire' in al_ip/pll_gen.v(105)
HDL-1007 : undeclared symbol 'pll_gen_open2', assumed default net type 'wire' in al_ip/pll_gen.v(105)
HDL-1007 : undeclared symbol 'pll_gen_open1', assumed default net type 'wire' in al_ip/pll_gen.v(105)
HDL-1007 : analyze verilog file al_ip/rx_pll.v
HDL-1007 : undeclared symbol 'open', assumed default net type 'wire' in al_ip/rx_pll.v(78)
HDL-1007 : analyze verilog file ../../source_code/rtl/BUFGMUX.v
HDL-1007 : analyze verilog file ../../source_code/rtl/clk_gen_rst_gen.v
HDL-1007 : analyze verilog file ../../source_code/rtl/div_clk_gen.v
HDL-1007 : analyze verilog file ../../source_code/rtl/IDDR.v
HDL-1007 : analyze verilog file ../../source_code/rtl/ODDR.v
HDL-1007 : analyze verilog file ../../source_code/rtl/RAMB16_S9_S9.v
HDL-1007 : undeclared symbol 'open', assumed default net type 'wire' in ../../source_code/rtl/RAMB16_S9_S9.v(109)
HDL-1007 : analyze verilog file ../../source_code/rtl/rgmii_interface.v
HDL-1007 : analyze verilog file ../../source_code/rtl/rx_client_fifo.v
HDL-5370 WARNING: parameter 'WAIT_s' becomes localparam in 'rx_client_fifo' with formal parameter declaration list in ../../source_code/rtl/rx_client_fifo.v(49)
HDL-5370 WARNING: parameter 'QUEUE1_s' becomes localparam in 'rx_client_fifo' with formal parameter declaration list in ../../source_code/rtl/rx_client_fifo.v(50)
HDL-5370 WARNING: parameter 'QUEUE2_s' becomes localparam in 'rx_client_fifo' with formal parameter declaration list in ../../source_code/rtl/rx_client_fifo.v(51)
HDL-5370 WARNING: parameter 'QUEUE3_s' becomes localparam in 'rx_client_fifo' with formal parameter declaration list in ../../source_code/rtl/rx_client_fifo.v(52)
HDL-5370 WARNING: parameter 'QUEUE_SOF_s' becomes localparam in 'rx_client_fifo' with formal parameter declaration list in ../../source_code/rtl/rx_client_fifo.v(53)
HDL-5370 WARNING: parameter 'SOF_s' becomes localparam in 'rx_client_fifo' with formal parameter declaration list in ../../source_code/rtl/rx_client_fifo.v(54)
HDL-5370 WARNING: parameter 'DATA_s' becomes localparam in 'rx_client_fifo' with formal parameter declaration list in ../../source_code/rtl/rx_client_fifo.v(55)
HDL-5370 WARNING: parameter 'EOF_s' becomes localparam in 'rx_client_fifo' with formal parameter declaration list in ../../source_code/rtl/rx_client_fifo.v(56)
HDL-5370 WARNING: parameter 'IDLE_s' becomes localparam in 'rx_client_fifo' with formal parameter declaration list in ../../source_code/rtl/rx_client_fifo.v(62)
HDL-5370 WARNING: parameter 'FRAME_s' becomes localparam in 'rx_client_fifo' with formal parameter declaration list in ../../source_code/rtl/rx_client_fifo.v(63)
HDL-5370 Similar messages will be suppressed.
HDL-1007 : analyze verilog file ../../source_code/rtl/temac_block.v
HDL-1007 : analyze verilog file ../../source_code/rtl/temac_clk_gen.v
HDL-1007 : analyze verilog file ../../source_code/rtl/tx_client_fifo.v
HDL-5370 WARNING: parameter 'IDLE_s' becomes localparam in 'tx_client_fifo' with formal parameter declaration list in ../../source_code/rtl/tx_client_fifo.v(53)
HDL-5370 WARNING: parameter 'QUEUE1_s' becomes localparam in 'tx_client_fifo' with formal parameter declaration list in ../../source_code/rtl/tx_client_fifo.v(54)
HDL-5370 WARNING: parameter 'QUEUE2_s' becomes localparam in 'tx_client_fifo' with formal parameter declaration list in ../../source_code/rtl/tx_client_fifo.v(55)
HDL-5370 WARNING: parameter 'QUEUE3_s' becomes localparam in 'tx_client_fifo' with formal parameter declaration list in ../../source_code/rtl/tx_client_fifo.v(56)
HDL-5370 WARNING: parameter 'QUEUE_ACK_s' becomes localparam in 'tx_client_fifo' with formal parameter declaration list in ../../source_code/rtl/tx_client_fifo.v(57)
HDL-5370 WARNING: parameter 'WAIT_ACK_s' becomes localparam in 'tx_client_fifo' with formal parameter declaration list in ../../source_code/rtl/tx_client_fifo.v(58)
HDL-5370 WARNING: parameter 'FRAME_s' becomes localparam in 'tx_client_fifo' with formal parameter declaration list in ../../source_code/rtl/tx_client_fifo.v(59)
HDL-5370 WARNING: parameter 'DROP_s' becomes localparam in 'tx_client_fifo' with formal parameter declaration list in ../../source_code/rtl/tx_client_fifo.v(60)
HDL-5370 WARNING: parameter 'RETRANSMIT_s' becomes localparam in 'tx_client_fifo' with formal parameter declaration list in ../../source_code/rtl/tx_client_fifo.v(61)
HDL-5370 WARNING: parameter 'WAIT_s' becomes localparam in 'tx_client_fifo' with formal parameter declaration list in ../../source_code/rtl/tx_client_fifo.v(67)
HDL-5370 Similar messages will be suppressed.
HDL-1007 : analyze verilog file ../../source_code/rtl/tx_clk_en_gen.v
HDL-1007 : analyze verilog file ../../source_code/rtl/udp_data_tpg.v
HDL-1007 : analyze verilog file ../../source_code/rtl/UDP_Example_Top.v
HDL-1007 : undeclared symbol 'use_sd_data', assumed default net type 'wire' in ../../source_code/rtl/UDP_Example_Top.v(226)
HDL-1007 : undeclared symbol 'phy_reset', assumed default net type 'wire' in ../../source_code/rtl/UDP_Example_Top.v(353)
HDL-5333 WARNING: data object 'rst_n' is already declared in ../../source_code/rtl/UDP_Example_Top.v(400)
HDL-1007 : previous declaration of 'rst_n' is from here in ../../source_code/rtl/UDP_Example_Top.v(200)
HDL-5007 WARNING: second declaration of 'rst_n' is ignored in ../../source_code/rtl/UDP_Example_Top.v(400)
HDL-1007 : undeclared symbol 'tpg_data_done', assumed default net type 'wire' in ../../source_code/rtl/UDP_Example_Top.v(520)
HDL-1007 : undeclared symbol 'clk', assumed default net type 'wire' in ../../source_code/rtl/UDP_Example_Top.v(551)
HDL-1007 : undeclared symbol 'video_clk', assumed default net type 'wire' in ../../source_code/rtl/UDP_Example_Top.v(552)
HDL-1007 : undeclared symbol 'hdmi_5x_clk', assumed default net type 'wire' in ../../source_code/rtl/UDP_Example_Top.v(553)
HDL-1007 : undeclared symbol 'vga_out_de', assumed default net type 'wire' in ../../source_code/rtl/UDP_Example_Top.v(559)
HDL-1007 : undeclared symbol 'video_read_req', assumed default net type 'wire' in ../../source_code/rtl/UDP_Example_Top.v(569)
HDL-1007 : undeclared symbol 'video_read_req_ack', assumed default net type 'wire' in ../../source_code/rtl/UDP_Example_Top.v(570)
HDL-1007 : undeclared symbol 'video_read_en', assumed default net type 'wire' in ../../source_code/rtl/UDP_Example_Top.v(582)
HDL-1007 : undeclared symbol 'hs', assumed default net type 'wire' in ../../source_code/rtl/UDP_Example_Top.v(593)
HDL-1007 : undeclared symbol 'vs', assumed default net type 'wire' in ../../source_code/rtl/UDP_Example_Top.v(594)
HDL-1007 : undeclared symbol 'de', assumed default net type 'wire' in ../../source_code/rtl/UDP_Example_Top.v(595)
HDL-1007 : undeclared symbol 'vout_data', assumed default net type 'wire' in ../../source_code/rtl/UDP_Example_Top.v(596)
HDL-1007 : analyze verilog file ../../source_code/rtl/udp_ip_protocol_stack_merge.enc.v
HDL-1007 : back to file '../../source_code/rtl/udp_ip_protocol_stack_merge.enc.v' in ../../source_code/rtl/udp_ip_protocol_stack_merge.enc.v(56)
HDL-1007 : undeclared symbol '**', assumed default net type '**' in ../../source_code/rtl/udp_ip_protocol_stack_merge.enc.v(2638)
HDL-1007 : back to file '../../source_code/rtl/udp_ip_protocol_stack_merge.enc.v' in ../../source_code/rtl/udp_ip_protocol_stack_merge.enc.v(420)
HDL-1007 : analyze verilog file ../../source_code/rtl/udp_loopback.v
HDL-1007 : analyze verilog file ../../source_code/rtl/sdr/rtl/app_wrrd.v
HDL-1007 : analyze included file ../../source_code/rtl/sdr/rtl/../include/global_def.v in ../../source_code/rtl/sdr/rtl/app_wrrd.v(10)
HDL-1007 : back to file '../../source_code/rtl/sdr/rtl/app_wrrd.v' in ../../source_code/rtl/sdr/rtl/app_wrrd.v(10)
HDL-5372 WARNING: redeclaration of ANSI port 'full_flag' is not allowed in ../../source_code/rtl/sdr/rtl/app_wrrd.v(61)
HDL-1007 : undeclared symbol 'afull', assumed default net type 'wire' in ../../source_code/rtl/sdr/rtl/app_wrrd.v(74)
HDL-1007 : undeclared symbol 'aempty', assumed default net type 'wire' in ../../source_code/rtl/sdr/rtl/app_wrrd.v(75)
HDL-1007 : undeclared symbol 'wrusedw', assumed default net type 'wire' in ../../source_code/rtl/sdr/rtl/app_wrrd.v(76)
HDL-5333 WARNING: data object 'w_addr_cnt' is already declared in ../../source_code/rtl/sdr/rtl/app_wrrd.v(139)
HDL-1007 : previous declaration of 'w_addr_cnt' is from here in ../../source_code/rtl/sdr/rtl/app_wrrd.v(38)
HDL-5007 WARNING: second declaration of 'w_addr_cnt' is ignored in ../../source_code/rtl/sdr/rtl/app_wrrd.v(139)
HDL-1007 : analyze verilog file ../../source_code/rtl/sdr/rtl/sdram_top.v
HDL-1007 : analyze included file ../../source_code/rtl/sdr/rtl/../include/global_def.v in ../../source_code/rtl/sdr/rtl/sdram_top.v(10)
HDL-1007 : back to file '../../source_code/rtl/sdr/rtl/sdram_top.v' in ../../source_code/rtl/sdr/rtl/sdram_top.v(10)
HDL-1007 : undeclared symbol 'Rst_n', assumed default net type 'wire' in ../../source_code/rtl/sdr/rtl/sdram_top.v(70)
HDL-5372 WARNING: redeclaration of ANSI port 'wr_done' is not allowed in ../../source_code/rtl/sdr/rtl/sdram_top.v(73)
HDL-1007 : undeclared symbol 'SDR_CKE', assumed default net type 'wire' in ../../source_code/rtl/sdr/rtl/sdram_top.v(132)
HDL-1007 : analyze verilog file ../../source_code/rtl/sd/sd_ctrl_top.v
HDL-1007 : analyze verilog file ../../source_code/rtl/sd/sd_init.v
HDL-1007 : analyze verilog file ../../source_code/rtl/sd/sd_read.v
HDL-1007 : analyze verilog file ../../source_code/rtl/sd/sd_read_photo.v
HDL-1007 : analyze verilog file ../../source_code/rtl/sdr/rtl/enc_file/sdr_as_ram.enc.v
HDL-1007 : back to file '../../source_code/rtl/sdr/rtl/enc_file/sdr_as_ram.enc.v' in ../../source_code/rtl/sdr/rtl/enc_file/sdr_as_ram.enc.v(45)
HDL-1007 : analyze verilog file ../../source_code/rtl/sdr/rtl/enc_file/sdr_init_ref.enc.v
HDL-1007 : undeclared symbol '**', assumed default net type '**' in ../../source_code/rtl/sdr/rtl/enc_file/sdr_init_ref.enc.v(57)
HDL-1007 : back to file '../../source_code/rtl/sdr/rtl/enc_file/sdr_init_ref.enc.v' in ../../source_code/rtl/sdr/rtl/enc_file/sdr_init_ref.enc.v(148)
HDL-5007 WARNING: concatenation with an unsized literal will be treated as 32 bits in ../../source_code/rtl/sdr/rtl/enc_file/sdr_init_ref.enc.v(47)
HDL-1007 : analyze verilog file ../../source_code/rtl/sdr/rtl/enc_file/sdr_wrrd.enc.v
HDL-5007 WARNING: concatenation with an unsized literal will be treated as 32 bits in ../../source_code/rtl/sdr/rtl/enc_file/sdr_wrrd.enc.v(283)
HDL-1007 : back to file '../../source_code/rtl/sdr/rtl/enc_file/sdr_wrrd.enc.v' in ../../source_code/rtl/sdr/rtl/enc_file/sdr_wrrd.enc.v(19)
HDL-1007 : analyze verilog file ../../source_code/rtl/camera_data_gen.v
HDL-1007 : analyze verilog file ../../source_code/rtl/ov5640/ov5640_dri.v
HDL-1007 : analyze verilog file ../../source_code/rtl/ov5640/ov5640_delay.v
HDL-1007 : analyze verilog file ../../source_code/rtl/ov5640/i2c_ov5640_rgb565_cfg.v
HDL-1007 : analyze verilog file ../../source_code/rtl/ov5640/i2c_dri.v
HDL-1007 : analyze verilog file ../../source_code/rtl/ov5640/cmos_capture_data.v
HDL-1007 : analyze verilog file ../../source_code/rtl/sdram_write_static_sel.v
HDL-1007 : analyze verilog file ../../source_code/rtl/sdram_read_align.v
HDL-1007 : analyze verilog file ../../source_code/rtl/display/color_bar.v
HDL-1007 : analyze included file ../../source_code/rtl/display/video_define.v in ../../source_code/rtl/display/color_bar.v(1)
HDL-1007 : back to file '../../source_code/rtl/display/color_bar.v' in ../../source_code/rtl/display/color_bar.v(1)
HDL-1007 : analyze verilog file ../../source_code/rtl/display/video_delay.v
HDL-1007 : analyze verilog file ../../source_code/rtl/display/video_timing_data.v
HDL-1007 : analyze VHDL file ../../source_code/rtl/hdmi/hdmi_tx.vhd
HDL-1007 : analyze entity hdmi_tx in ../../source_code/rtl/hdmi/hdmi_tx.vhd(11)
HDL-1007 : analyze architecture behavioral in ../../source_code/rtl/hdmi/hdmi_tx.vhd(33)
HDL-1007 : analyze verilog file ../../source_code/rtl/uart/cmd_ctrl.v
HDL-8007 ERROR: syntax error near 'case' in ../../source_code/rtl/uart/cmd_ctrl.v(236)
HDL-8007 ERROR: Verilog 2000 keyword 'case' used in incorrect context in ../../source_code/rtl/uart/cmd_ctrl.v(236)
HDL-8007 ERROR: syntax error near '"D' in ../../source_code/rtl/uart/cmd_ctrl.v(241)
HDL-8007 ERROR: syntax error near '"R' in ../../source_code/rtl/uart/cmd_ctrl.v(245)
HDL-8007 ERROR: syntax error near '"?' in ../../source_code/rtl/uart/cmd_ctrl.v(251)
HDL-8007 ERROR: syntax error near '"H' in ../../source_code/rtl/uart/cmd_ctrl.v(255)
HDL-8007 ERROR: syntax error near 'default' in ../../source_code/rtl/uart/cmd_ctrl.v(259)
HDL-8007 ERROR: Verilog 2000 keyword 'default' used in incorrect context in ../../source_code/rtl/uart/cmd_ctrl.v(259)
HDL-8007 ERROR: syntax error near 'endcase' in ../../source_code/rtl/uart/cmd_ctrl.v(263)
HDL-8007 ERROR: Verilog 2000 keyword 'endcase' used in incorrect context in ../../source_code/rtl/uart/cmd_ctrl.v(263)
HDL-8007 Similar messages will be suppressed.
PRJ-8403 ERROR: File(D:/Anlu/double_fpga_udp/tx/sdram_switch/UDP_EG4_6.2/source_code/rtl/sd/sd_ctrl_top.v) is already in fileSet(design_1).
GUI-5001 WARNING: Failed to add the file: D:/Anlu/double_fpga_udp/tx/sdram_switch/UDP_EG4_6.2/source_code/rtl/sd/sd_ctrl_top.v
PRJ-1412 : reset_run syn_1 phy_1.
PRJ-1409 : launch_runs syn_1 phy_1  -jobs 6.
PRJ-5303 WARNING: Run syn_1 failed.
RUN-1002 : start command "save_best_bits"
RUN-1002 : start command "commit_param -step design"
RUN-1001 : Print Global Property
RUN-1001 : --------------------------------------------------------
RUN-1001 :   Parameters   |  Settings  |  Default Values  |  Note  
RUN-1001 : --------------------------------------------------------
RUN-1001 :   enable_seed  |    off     |       off        |        
RUN-1001 :     message    |  standard  |     standard     |        
RUN-1001 :   qor_monitor  |     on     |        on        |        
RUN-1001 :   syn_ip_flow  |    off     |       off        |        
RUN-1001 :     thread     |    auto    |       auto       |        
RUN-1001 : --------------------------------------------------------
RUN-1001 : Print Design Property
RUN-1001 : ----------------------------------------------------------------
RUN-1001 :       Parameters       |  Settings  |  Default Values  |  Note  
RUN-1001 : ----------------------------------------------------------------
RUN-1001 :   default_reg_initial  |    auto    |       auto       |        
RUN-1001 :    hdl_warning_level   |   normal   |      normal      |        
RUN-1001 : ----------------------------------------------------------------
HDL-1007 : analyze verilog file ../../../../../../my_project_125/lab_ex_5_HX4S20_OV5640/al_ip/video_pll.v
HDL-1007 : undeclared symbol 'open', assumed default net type 'wire' in ../../../../../../my_project_125/lab_ex_5_HX4S20_OV5640/al_ip/video_pll.v(70)
HDL-1007 : analyze verilog file al_ip/TEMAC_CORE/RTL/mac_core_aead6cd6dadd.v
HDL-1007 : analyze verilog file al_ip/TEMAC_CORE/RTL/TEMAC_CORE_aead6cd6dadd.v
HDL-5007 WARNING: column 1032 exceeds maximum value 1023 in al_ip/TEMAC_CORE/RTL/TEMAC_CORE_aead6cd6dadd.v(30)
HDL-1007 : back to file 'al_ip/TEMAC_CORE/RTL/TEMAC_CORE_aead6cd6dadd.v' in al_ip/TEMAC_CORE/RTL/TEMAC_CORE_aead6cd6dadd.v(86)
HDL-5007 WARNING: event expressions must result in a singular type in al_ip/TEMAC_CORE/RTL/TEMAC_CORE_aead6cd6dadd.v(3001)
HDL-1007 : undeclared symbol '**', assumed default net type '**' in al_ip/TEMAC_CORE/RTL/TEMAC_CORE_aead6cd6dadd.v(5050)
HDL-1007 : undeclared symbol '**', assumed default net type '**' in al_ip/TEMAC_CORE/RTL/TEMAC_CORE_aead6cd6dadd.v(5458)
HDL-5007 WARNING: column 1035 exceeds maximum value 1023 in al_ip/TEMAC_CORE/RTL/TEMAC_CORE_aead6cd6dadd.v(6001)
HDL-1007 : back to file 'al_ip/TEMAC_CORE/RTL/TEMAC_CORE_aead6cd6dadd.v' in al_ip/TEMAC_CORE/RTL/TEMAC_CORE_aead6cd6dadd.v(260)
HDL-1007 : analyze verilog file al_ip/TEMAC_CORE/TEMAC_CORE.v
HDL-1007 : analyze verilog file al_ip/clk_pll.v
HDL-1007 : undeclared symbol 'open', assumed default net type 'wire' in al_ip/clk_pll.v(85)
HDL-1007 : analyze verilog file al_ip/fifo_sdr_data_2.v
HDL-1007 : analyze verilog file al_ip/pll_50.v
HDL-1007 : undeclared symbol 'open', assumed default net type 'wire' in al_ip/pll_50.v(85)
HDL-1007 : analyze verilog file al_ip/pll_gen.v
HDL-1007 : undeclared symbol 'pll_gen_open0', assumed default net type 'wire' in al_ip/pll_gen.v(99)
HDL-1007 : undeclared symbol 'pll_gen_open8', assumed default net type 'wire' in al_ip/pll_gen.v(105)
HDL-1007 : undeclared symbol 'pll_gen_open7', assumed default net type 'wire' in al_ip/pll_gen.v(105)
HDL-1007 : undeclared symbol 'pll_gen_open6', assumed default net type 'wire' in al_ip/pll_gen.v(105)
HDL-1007 : undeclared symbol 'pll_gen_open5', assumed default net type 'wire' in al_ip/pll_gen.v(105)
HDL-1007 : undeclared symbol 'pll_gen_open4', assumed default net type 'wire' in al_ip/pll_gen.v(105)
HDL-1007 : undeclared symbol 'pll_gen_open3', assumed default net type 'wire' in al_ip/pll_gen.v(105)
HDL-1007 : undeclared symbol 'pll_gen_open2', assumed default net type 'wire' in al_ip/pll_gen.v(105)
HDL-1007 : undeclared symbol 'pll_gen_open1', assumed default net type 'wire' in al_ip/pll_gen.v(105)
HDL-1007 : analyze verilog file al_ip/rx_pll.v
HDL-1007 : undeclared symbol 'open', assumed default net type 'wire' in al_ip/rx_pll.v(78)
HDL-1007 : analyze verilog file ../../source_code/rtl/BUFGMUX.v
HDL-1007 : analyze verilog file ../../source_code/rtl/clk_gen_rst_gen.v
HDL-1007 : analyze verilog file ../../source_code/rtl/div_clk_gen.v
HDL-1007 : analyze verilog file ../../source_code/rtl/IDDR.v
HDL-1007 : analyze verilog file ../../source_code/rtl/ODDR.v
HDL-1007 : analyze verilog file ../../source_code/rtl/RAMB16_S9_S9.v
HDL-1007 : undeclared symbol 'open', assumed default net type 'wire' in ../../source_code/rtl/RAMB16_S9_S9.v(109)
HDL-1007 : analyze verilog file ../../source_code/rtl/rgmii_interface.v
HDL-1007 : analyze verilog file ../../source_code/rtl/rx_client_fifo.v
HDL-5370 WARNING: parameter 'WAIT_s' becomes localparam in 'rx_client_fifo' with formal parameter declaration list in ../../source_code/rtl/rx_client_fifo.v(49)
HDL-5370 WARNING: parameter 'QUEUE1_s' becomes localparam in 'rx_client_fifo' with formal parameter declaration list in ../../source_code/rtl/rx_client_fifo.v(50)
HDL-5370 WARNING: parameter 'QUEUE2_s' becomes localparam in 'rx_client_fifo' with formal parameter declaration list in ../../source_code/rtl/rx_client_fifo.v(51)
HDL-5370 WARNING: parameter 'QUEUE3_s' becomes localparam in 'rx_client_fifo' with formal parameter declaration list in ../../source_code/rtl/rx_client_fifo.v(52)
HDL-5370 WARNING: parameter 'QUEUE_SOF_s' becomes localparam in 'rx_client_fifo' with formal parameter declaration list in ../../source_code/rtl/rx_client_fifo.v(53)
HDL-5370 WARNING: parameter 'SOF_s' becomes localparam in 'rx_client_fifo' with formal parameter declaration list in ../../source_code/rtl/rx_client_fifo.v(54)
HDL-5370 WARNING: parameter 'DATA_s' becomes localparam in 'rx_client_fifo' with formal parameter declaration list in ../../source_code/rtl/rx_client_fifo.v(55)
HDL-5370 WARNING: parameter 'EOF_s' becomes localparam in 'rx_client_fifo' with formal parameter declaration list in ../../source_code/rtl/rx_client_fifo.v(56)
HDL-5370 WARNING: parameter 'IDLE_s' becomes localparam in 'rx_client_fifo' with formal parameter declaration list in ../../source_code/rtl/rx_client_fifo.v(62)
HDL-5370 WARNING: parameter 'FRAME_s' becomes localparam in 'rx_client_fifo' with formal parameter declaration list in ../../source_code/rtl/rx_client_fifo.v(63)
HDL-5370 Similar messages will be suppressed.
HDL-1007 : analyze verilog file ../../source_code/rtl/temac_block.v
HDL-1007 : analyze verilog file ../../source_code/rtl/temac_clk_gen.v
HDL-1007 : analyze verilog file ../../source_code/rtl/tx_client_fifo.v
HDL-5370 WARNING: parameter 'IDLE_s' becomes localparam in 'tx_client_fifo' with formal parameter declaration list in ../../source_code/rtl/tx_client_fifo.v(53)
HDL-5370 WARNING: parameter 'QUEUE1_s' becomes localparam in 'tx_client_fifo' with formal parameter declaration list in ../../source_code/rtl/tx_client_fifo.v(54)
HDL-5370 WARNING: parameter 'QUEUE2_s' becomes localparam in 'tx_client_fifo' with formal parameter declaration list in ../../source_code/rtl/tx_client_fifo.v(55)
HDL-5370 WARNING: parameter 'QUEUE3_s' becomes localparam in 'tx_client_fifo' with formal parameter declaration list in ../../source_code/rtl/tx_client_fifo.v(56)
HDL-5370 WARNING: parameter 'QUEUE_ACK_s' becomes localparam in 'tx_client_fifo' with formal parameter declaration list in ../../source_code/rtl/tx_client_fifo.v(57)
HDL-5370 WARNING: parameter 'WAIT_ACK_s' becomes localparam in 'tx_client_fifo' with formal parameter declaration list in ../../source_code/rtl/tx_client_fifo.v(58)
HDL-5370 WARNING: parameter 'FRAME_s' becomes localparam in 'tx_client_fifo' with formal parameter declaration list in ../../source_code/rtl/tx_client_fifo.v(59)
HDL-5370 WARNING: parameter 'DROP_s' becomes localparam in 'tx_client_fifo' with formal parameter declaration list in ../../source_code/rtl/tx_client_fifo.v(60)
HDL-5370 WARNING: parameter 'RETRANSMIT_s' becomes localparam in 'tx_client_fifo' with formal parameter declaration list in ../../source_code/rtl/tx_client_fifo.v(61)
HDL-5370 WARNING: parameter 'WAIT_s' becomes localparam in 'tx_client_fifo' with formal parameter declaration list in ../../source_code/rtl/tx_client_fifo.v(67)
HDL-5370 Similar messages will be suppressed.
HDL-1007 : analyze verilog file ../../source_code/rtl/tx_clk_en_gen.v
HDL-1007 : analyze verilog file ../../source_code/rtl/udp_data_tpg.v
HDL-1007 : analyze verilog file ../../source_code/rtl/UDP_Example_Top.v
HDL-1007 : undeclared symbol 'use_sd_data', assumed default net type 'wire' in ../../source_code/rtl/UDP_Example_Top.v(226)
HDL-1007 : undeclared symbol 'phy_reset', assumed default net type 'wire' in ../../source_code/rtl/UDP_Example_Top.v(353)
HDL-5333 WARNING: data object 'rst_n' is already declared in ../../source_code/rtl/UDP_Example_Top.v(400)
HDL-1007 : previous declaration of 'rst_n' is from here in ../../source_code/rtl/UDP_Example_Top.v(200)
HDL-5007 WARNING: second declaration of 'rst_n' is ignored in ../../source_code/rtl/UDP_Example_Top.v(400)
HDL-1007 : undeclared symbol 'tpg_data_done', assumed default net type 'wire' in ../../source_code/rtl/UDP_Example_Top.v(520)
HDL-1007 : undeclared symbol 'clk', assumed default net type 'wire' in ../../source_code/rtl/UDP_Example_Top.v(551)
HDL-1007 : undeclared symbol 'video_clk', assumed default net type 'wire' in ../../source_code/rtl/UDP_Example_Top.v(552)
HDL-1007 : undeclared symbol 'hdmi_5x_clk', assumed default net type 'wire' in ../../source_code/rtl/UDP_Example_Top.v(553)
HDL-1007 : undeclared symbol 'vga_out_de', assumed default net type 'wire' in ../../source_code/rtl/UDP_Example_Top.v(559)
HDL-1007 : undeclared symbol 'video_read_req', assumed default net type 'wire' in ../../source_code/rtl/UDP_Example_Top.v(569)
HDL-1007 : undeclared symbol 'video_read_req_ack', assumed default net type 'wire' in ../../source_code/rtl/UDP_Example_Top.v(570)
HDL-1007 : undeclared symbol 'video_read_en', assumed default net type 'wire' in ../../source_code/rtl/UDP_Example_Top.v(582)
HDL-1007 : undeclared symbol 'hs', assumed default net type 'wire' in ../../source_code/rtl/UDP_Example_Top.v(593)
HDL-1007 : undeclared symbol 'vs', assumed default net type 'wire' in ../../source_code/rtl/UDP_Example_Top.v(594)
HDL-1007 : undeclared symbol 'de', assumed default net type 'wire' in ../../source_code/rtl/UDP_Example_Top.v(595)
HDL-1007 : undeclared symbol 'vout_data', assumed default net type 'wire' in ../../source_code/rtl/UDP_Example_Top.v(596)
HDL-1007 : analyze verilog file ../../source_code/rtl/udp_ip_protocol_stack_merge.enc.v
HDL-1007 : back to file '../../source_code/rtl/udp_ip_protocol_stack_merge.enc.v' in ../../source_code/rtl/udp_ip_protocol_stack_merge.enc.v(56)
HDL-1007 : undeclared symbol '**', assumed default net type '**' in ../../source_code/rtl/udp_ip_protocol_stack_merge.enc.v(2638)
HDL-1007 : back to file '../../source_code/rtl/udp_ip_protocol_stack_merge.enc.v' in ../../source_code/rtl/udp_ip_protocol_stack_merge.enc.v(420)
HDL-1007 : analyze verilog file ../../source_code/rtl/udp_loopback.v
HDL-1007 : analyze verilog file ../../source_code/rtl/sdr/rtl/app_wrrd.v
HDL-1007 : analyze included file ../../source_code/rtl/sdr/rtl/../include/global_def.v in ../../source_code/rtl/sdr/rtl/app_wrrd.v(10)
HDL-1007 : back to file '../../source_code/rtl/sdr/rtl/app_wrrd.v' in ../../source_code/rtl/sdr/rtl/app_wrrd.v(10)
HDL-5372 WARNING: redeclaration of ANSI port 'full_flag' is not allowed in ../../source_code/rtl/sdr/rtl/app_wrrd.v(61)
HDL-1007 : undeclared symbol 'afull', assumed default net type 'wire' in ../../source_code/rtl/sdr/rtl/app_wrrd.v(74)
HDL-1007 : undeclared symbol 'aempty', assumed default net type 'wire' in ../../source_code/rtl/sdr/rtl/app_wrrd.v(75)
HDL-1007 : undeclared symbol 'wrusedw', assumed default net type 'wire' in ../../source_code/rtl/sdr/rtl/app_wrrd.v(76)
HDL-5333 WARNING: data object 'w_addr_cnt' is already declared in ../../source_code/rtl/sdr/rtl/app_wrrd.v(139)
HDL-1007 : previous declaration of 'w_addr_cnt' is from here in ../../source_code/rtl/sdr/rtl/app_wrrd.v(38)
HDL-5007 WARNING: second declaration of 'w_addr_cnt' is ignored in ../../source_code/rtl/sdr/rtl/app_wrrd.v(139)
HDL-1007 : analyze verilog file ../../source_code/rtl/sdr/rtl/sdram_top.v
HDL-1007 : analyze included file ../../source_code/rtl/sdr/rtl/../include/global_def.v in ../../source_code/rtl/sdr/rtl/sdram_top.v(10)
HDL-1007 : back to file '../../source_code/rtl/sdr/rtl/sdram_top.v' in ../../source_code/rtl/sdr/rtl/sdram_top.v(10)
HDL-1007 : undeclared symbol 'Rst_n', assumed default net type 'wire' in ../../source_code/rtl/sdr/rtl/sdram_top.v(70)
HDL-5372 WARNING: redeclaration of ANSI port 'wr_done' is not allowed in ../../source_code/rtl/sdr/rtl/sdram_top.v(73)
HDL-1007 : undeclared symbol 'SDR_CKE', assumed default net type 'wire' in ../../source_code/rtl/sdr/rtl/sdram_top.v(132)
HDL-1007 : analyze verilog file ../../source_code/rtl/sd/sd_ctrl_top.v
HDL-1007 : analyze verilog file ../../source_code/rtl/sd/sd_init.v
HDL-1007 : analyze verilog file ../../source_code/rtl/sd/sd_read.v
HDL-1007 : analyze verilog file ../../source_code/rtl/sd/sd_read_photo.v
HDL-1007 : analyze verilog file ../../source_code/rtl/sdr/rtl/enc_file/sdr_as_ram.enc.v
HDL-1007 : back to file '../../source_code/rtl/sdr/rtl/enc_file/sdr_as_ram.enc.v' in ../../source_code/rtl/sdr/rtl/enc_file/sdr_as_ram.enc.v(45)
HDL-1007 : analyze verilog file ../../source_code/rtl/sdr/rtl/enc_file/sdr_init_ref.enc.v
HDL-1007 : undeclared symbol '**', assumed default net type '**' in ../../source_code/rtl/sdr/rtl/enc_file/sdr_init_ref.enc.v(57)
HDL-1007 : back to file '../../source_code/rtl/sdr/rtl/enc_file/sdr_init_ref.enc.v' in ../../source_code/rtl/sdr/rtl/enc_file/sdr_init_ref.enc.v(148)
HDL-5007 WARNING: concatenation with an unsized literal will be treated as 32 bits in ../../source_code/rtl/sdr/rtl/enc_file/sdr_init_ref.enc.v(47)
HDL-1007 : analyze verilog file ../../source_code/rtl/sdr/rtl/enc_file/sdr_wrrd.enc.v
HDL-5007 WARNING: concatenation with an unsized literal will be treated as 32 bits in ../../source_code/rtl/sdr/rtl/enc_file/sdr_wrrd.enc.v(283)
HDL-1007 : back to file '../../source_code/rtl/sdr/rtl/enc_file/sdr_wrrd.enc.v' in ../../source_code/rtl/sdr/rtl/enc_file/sdr_wrrd.enc.v(19)
HDL-1007 : analyze verilog file ../../source_code/rtl/camera_data_gen.v
HDL-1007 : analyze verilog file ../../source_code/rtl/ov5640/ov5640_dri.v
HDL-1007 : analyze verilog file ../../source_code/rtl/ov5640/ov5640_delay.v
HDL-1007 : analyze verilog file ../../source_code/rtl/ov5640/i2c_ov5640_rgb565_cfg.v
HDL-1007 : analyze verilog file ../../source_code/rtl/ov5640/i2c_dri.v
HDL-1007 : analyze verilog file ../../source_code/rtl/ov5640/cmos_capture_data.v
HDL-1007 : analyze verilog file ../../source_code/rtl/sdram_write_static_sel.v
HDL-1007 : analyze verilog file ../../source_code/rtl/sdram_read_align.v
HDL-1007 : analyze verilog file ../../source_code/rtl/display/color_bar.v
HDL-1007 : analyze included file ../../source_code/rtl/display/video_define.v in ../../source_code/rtl/display/color_bar.v(1)
HDL-1007 : back to file '../../source_code/rtl/display/color_bar.v' in ../../source_code/rtl/display/color_bar.v(1)
HDL-1007 : analyze verilog file ../../source_code/rtl/display/video_delay.v
HDL-1007 : analyze verilog file ../../source_code/rtl/display/video_timing_data.v
HDL-1007 : analyze VHDL file ../../source_code/rtl/hdmi/hdmi_tx.vhd
HDL-1007 : analyze entity hdmi_tx in ../../source_code/rtl/hdmi/hdmi_tx.vhd(11)
HDL-1007 : analyze architecture behavioral in ../../source_code/rtl/hdmi/hdmi_tx.vhd(33)
HDL-1007 : analyze verilog file ../../source_code/rtl/uart/cmd_ctrl.v
HDL-8007 ERROR: syntax error near 'case' in ../../source_code/rtl/uart/cmd_ctrl.v(236)
HDL-8007 ERROR: Verilog 2000 keyword 'case' used in incorrect context in ../../source_code/rtl/uart/cmd_ctrl.v(236)
HDL-8007 ERROR: syntax error near '"D' in ../../source_code/rtl/uart/cmd_ctrl.v(241)
HDL-8007 ERROR: syntax error near '"R' in ../../source_code/rtl/uart/cmd_ctrl.v(245)
HDL-8007 ERROR: syntax error near '"?' in ../../source_code/rtl/uart/cmd_ctrl.v(251)
HDL-8007 ERROR: syntax error near '"H' in ../../source_code/rtl/uart/cmd_ctrl.v(255)
HDL-8007 ERROR: syntax error near 'default' in ../../source_code/rtl/uart/cmd_ctrl.v(259)
HDL-8007 ERROR: Verilog 2000 keyword 'default' used in incorrect context in ../../source_code/rtl/uart/cmd_ctrl.v(259)
HDL-8007 ERROR: syntax error near 'endcase' in ../../source_code/rtl/uart/cmd_ctrl.v(263)
HDL-8007 ERROR: Verilog 2000 keyword 'endcase' used in incorrect context in ../../source_code/rtl/uart/cmd_ctrl.v(263)
HDL-8007 Similar messages will be suppressed.
PRJ-1412 : reset_run syn_1 phy_1.
PRJ-1409 : launch_runs syn_1 phy_1  -jobs 6.
PRJ-5303 WARNING: Run syn_1 failed.
RUN-1002 : start command "save_best_bits"
PRJ-8403 ERROR: File(D:/Anlu/double_fpga_udp/tx/sdram_switch/UDP_EG4_6.2/source_code/rtl/uart/cmd_ctrl.v) is already in fileSet(design_1).
GUI-5001 WARNING: Failed to add the file: D:/Anlu/double_fpga_udp/tx/sdram_switch/UDP_EG4_6.2/source_code/rtl/uart/cmd_ctrl.v
PRJ-8403 ERROR: File(D:/Anlu/double_fpga_udp/tx/sdram_switch/UDP_EG4_6.2/source_code/rtl/sd/sd_card_ctrl.v) is already in fileSet(design_1).
GUI-5001 WARNING: Failed to add the file: D:/Anlu/double_fpga_udp/tx/sdram_switch/UDP_EG4_6.2/source_code/rtl/sd/sd_card_ctrl.v
PRJ-8403 ERROR: File(D:/Anlu/double_fpga_udp/tx/sdram_switch/UDP_EG4_6.2/source_code/rtl/sd/sd_ctrl_top.v) is already in fileSet(design_1).
GUI-5001 WARNING: Failed to add the file: D:/Anlu/double_fpga_udp/tx/sdram_switch/UDP_EG4_6.2/source_code/rtl/sd/sd_ctrl_top.v
PRJ-8403 ERROR: File(D:/Anlu/double_fpga_udp/tx/sdram_switch/UDP_EG4_6.2/source_code/rtl/sd/sd_init.v) is already in fileSet(design_1).
GUI-5001 WARNING: Failed to add the file: D:/Anlu/double_fpga_udp/tx/sdram_switch/UDP_EG4_6.2/source_code/rtl/sd/sd_init.v
PRJ-8403 ERROR: File(D:/Anlu/double_fpga_udp/tx/sdram_switch/UDP_EG4_6.2/source_code/rtl/sd/sd_read.v) is already in fileSet(design_1).
GUI-5001 WARNING: Failed to add the file: D:/Anlu/double_fpga_udp/tx/sdram_switch/UDP_EG4_6.2/source_code/rtl/sd/sd_read.v
PRJ-8403 ERROR: File(D:/Anlu/double_fpga_udp/tx/sdram_switch/UDP_EG4_6.2/source_code/rtl/sd/sd_read_photo.v) is already in fileSet(design_1).
GUI-5001 WARNING: Failed to add the file: D:/Anlu/double_fpga_udp/tx/sdram_switch/UDP_EG4_6.2/source_code/rtl/sd/sd_read_photo.v
RUN-1002 : start command "commit_param -step design"
RUN-1001 : Print Global Property
RUN-1001 : --------------------------------------------------------
RUN-1001 :   Parameters   |  Settings  |  Default Values  |  Note  
RUN-1001 : --------------------------------------------------------
RUN-1001 :   enable_seed  |    off     |       off        |        
RUN-1001 :     message    |  standard  |     standard     |        
RUN-1001 :   qor_monitor  |     on     |        on        |        
RUN-1001 :   syn_ip_flow  |    off     |       off        |        
RUN-1001 :     thread     |    auto    |       auto       |        
RUN-1001 : --------------------------------------------------------
RUN-1001 : Print Design Property
RUN-1001 : ----------------------------------------------------------------
RUN-1001 :       Parameters       |  Settings  |  Default Values  |  Note  
RUN-1001 : ----------------------------------------------------------------
RUN-1001 :   default_reg_initial  |    auto    |       auto       |        
RUN-1001 :    hdl_warning_level   |   normal   |      normal      |        
RUN-1001 : ----------------------------------------------------------------
HDL-1007 : analyze verilog file ../../../../../../my_project_125/lab_ex_5_HX4S20_OV5640/al_ip/video_pll.v
HDL-1007 : undeclared symbol 'open', assumed default net type 'wire' in ../../../../../../my_project_125/lab_ex_5_HX4S20_OV5640/al_ip/video_pll.v(70)
HDL-1007 : analyze verilog file al_ip/TEMAC_CORE/RTL/mac_core_aead6cd6dadd.v
HDL-1007 : analyze verilog file al_ip/TEMAC_CORE/RTL/TEMAC_CORE_aead6cd6dadd.v
HDL-5007 WARNING: column 1032 exceeds maximum value 1023 in al_ip/TEMAC_CORE/RTL/TEMAC_CORE_aead6cd6dadd.v(30)
HDL-1007 : back to file 'al_ip/TEMAC_CORE/RTL/TEMAC_CORE_aead6cd6dadd.v' in al_ip/TEMAC_CORE/RTL/TEMAC_CORE_aead6cd6dadd.v(86)
HDL-5007 WARNING: event expressions must result in a singular type in al_ip/TEMAC_CORE/RTL/TEMAC_CORE_aead6cd6dadd.v(3001)
HDL-1007 : undeclared symbol '**', assumed default net type '**' in al_ip/TEMAC_CORE/RTL/TEMAC_CORE_aead6cd6dadd.v(5050)
HDL-1007 : undeclared symbol '**', assumed default net type '**' in al_ip/TEMAC_CORE/RTL/TEMAC_CORE_aead6cd6dadd.v(5458)
HDL-5007 WARNING: column 1035 exceeds maximum value 1023 in al_ip/TEMAC_CORE/RTL/TEMAC_CORE_aead6cd6dadd.v(6001)
HDL-1007 : back to file 'al_ip/TEMAC_CORE/RTL/TEMAC_CORE_aead6cd6dadd.v' in al_ip/TEMAC_CORE/RTL/TEMAC_CORE_aead6cd6dadd.v(260)
HDL-1007 : analyze verilog file al_ip/TEMAC_CORE/TEMAC_CORE.v
HDL-1007 : analyze verilog file al_ip/clk_pll.v
HDL-1007 : undeclared symbol 'open', assumed default net type 'wire' in al_ip/clk_pll.v(85)
HDL-1007 : analyze verilog file al_ip/fifo_sdr_data_2.v
HDL-1007 : analyze verilog file al_ip/pll_50.v
HDL-1007 : undeclared symbol 'open', assumed default net type 'wire' in al_ip/pll_50.v(85)
HDL-1007 : analyze verilog file al_ip/pll_gen.v
HDL-1007 : undeclared symbol 'pll_gen_open0', assumed default net type 'wire' in al_ip/pll_gen.v(99)
HDL-1007 : undeclared symbol 'pll_gen_open8', assumed default net type 'wire' in al_ip/pll_gen.v(105)
HDL-1007 : undeclared symbol 'pll_gen_open7', assumed default net type 'wire' in al_ip/pll_gen.v(105)
HDL-1007 : undeclared symbol 'pll_gen_open6', assumed default net type 'wire' in al_ip/pll_gen.v(105)
HDL-1007 : undeclared symbol 'pll_gen_open5', assumed default net type 'wire' in al_ip/pll_gen.v(105)
HDL-1007 : undeclared symbol 'pll_gen_open4', assumed default net type 'wire' in al_ip/pll_gen.v(105)
HDL-1007 : undeclared symbol 'pll_gen_open3', assumed default net type 'wire' in al_ip/pll_gen.v(105)
HDL-1007 : undeclared symbol 'pll_gen_open2', assumed default net type 'wire' in al_ip/pll_gen.v(105)
HDL-1007 : undeclared symbol 'pll_gen_open1', assumed default net type 'wire' in al_ip/pll_gen.v(105)
HDL-1007 : analyze verilog file al_ip/rx_pll.v
HDL-1007 : undeclared symbol 'open', assumed default net type 'wire' in al_ip/rx_pll.v(78)
HDL-1007 : analyze verilog file ../../source_code/rtl/BUFGMUX.v
HDL-1007 : analyze verilog file ../../source_code/rtl/clk_gen_rst_gen.v
HDL-1007 : analyze verilog file ../../source_code/rtl/div_clk_gen.v
HDL-1007 : analyze verilog file ../../source_code/rtl/IDDR.v
HDL-1007 : analyze verilog file ../../source_code/rtl/ODDR.v
HDL-1007 : analyze verilog file ../../source_code/rtl/RAMB16_S9_S9.v
HDL-1007 : undeclared symbol 'open', assumed default net type 'wire' in ../../source_code/rtl/RAMB16_S9_S9.v(109)
HDL-1007 : analyze verilog file ../../source_code/rtl/rgmii_interface.v
HDL-1007 : analyze verilog file ../../source_code/rtl/rx_client_fifo.v
HDL-5370 WARNING: parameter 'WAIT_s' becomes localparam in 'rx_client_fifo' with formal parameter declaration list in ../../source_code/rtl/rx_client_fifo.v(49)
HDL-5370 WARNING: parameter 'QUEUE1_s' becomes localparam in 'rx_client_fifo' with formal parameter declaration list in ../../source_code/rtl/rx_client_fifo.v(50)
HDL-5370 WARNING: parameter 'QUEUE2_s' becomes localparam in 'rx_client_fifo' with formal parameter declaration list in ../../source_code/rtl/rx_client_fifo.v(51)
HDL-5370 WARNING: parameter 'QUEUE3_s' becomes localparam in 'rx_client_fifo' with formal parameter declaration list in ../../source_code/rtl/rx_client_fifo.v(52)
HDL-5370 WARNING: parameter 'QUEUE_SOF_s' becomes localparam in 'rx_client_fifo' with formal parameter declaration list in ../../source_code/rtl/rx_client_fifo.v(53)
HDL-5370 WARNING: parameter 'SOF_s' becomes localparam in 'rx_client_fifo' with formal parameter declaration list in ../../source_code/rtl/rx_client_fifo.v(54)
HDL-5370 WARNING: parameter 'DATA_s' becomes localparam in 'rx_client_fifo' with formal parameter declaration list in ../../source_code/rtl/rx_client_fifo.v(55)
HDL-5370 WARNING: parameter 'EOF_s' becomes localparam in 'rx_client_fifo' with formal parameter declaration list in ../../source_code/rtl/rx_client_fifo.v(56)
HDL-5370 WARNING: parameter 'IDLE_s' becomes localparam in 'rx_client_fifo' with formal parameter declaration list in ../../source_code/rtl/rx_client_fifo.v(62)
HDL-5370 WARNING: parameter 'FRAME_s' becomes localparam in 'rx_client_fifo' with formal parameter declaration list in ../../source_code/rtl/rx_client_fifo.v(63)
HDL-5370 Similar messages will be suppressed.
HDL-1007 : analyze verilog file ../../source_code/rtl/temac_block.v
HDL-1007 : analyze verilog file ../../source_code/rtl/temac_clk_gen.v
HDL-1007 : analyze verilog file ../../source_code/rtl/tx_client_fifo.v
HDL-5370 WARNING: parameter 'IDLE_s' becomes localparam in 'tx_client_fifo' with formal parameter declaration list in ../../source_code/rtl/tx_client_fifo.v(53)
HDL-5370 WARNING: parameter 'QUEUE1_s' becomes localparam in 'tx_client_fifo' with formal parameter declaration list in ../../source_code/rtl/tx_client_fifo.v(54)
HDL-5370 WARNING: parameter 'QUEUE2_s' becomes localparam in 'tx_client_fifo' with formal parameter declaration list in ../../source_code/rtl/tx_client_fifo.v(55)
HDL-5370 WARNING: parameter 'QUEUE3_s' becomes localparam in 'tx_client_fifo' with formal parameter declaration list in ../../source_code/rtl/tx_client_fifo.v(56)
HDL-5370 WARNING: parameter 'QUEUE_ACK_s' becomes localparam in 'tx_client_fifo' with formal parameter declaration list in ../../source_code/rtl/tx_client_fifo.v(57)
HDL-5370 WARNING: parameter 'WAIT_ACK_s' becomes localparam in 'tx_client_fifo' with formal parameter declaration list in ../../source_code/rtl/tx_client_fifo.v(58)
HDL-5370 WARNING: parameter 'FRAME_s' becomes localparam in 'tx_client_fifo' with formal parameter declaration list in ../../source_code/rtl/tx_client_fifo.v(59)
HDL-5370 WARNING: parameter 'DROP_s' becomes localparam in 'tx_client_fifo' with formal parameter declaration list in ../../source_code/rtl/tx_client_fifo.v(60)
HDL-5370 WARNING: parameter 'RETRANSMIT_s' becomes localparam in 'tx_client_fifo' with formal parameter declaration list in ../../source_code/rtl/tx_client_fifo.v(61)
HDL-5370 WARNING: parameter 'WAIT_s' becomes localparam in 'tx_client_fifo' with formal parameter declaration list in ../../source_code/rtl/tx_client_fifo.v(67)
HDL-5370 Similar messages will be suppressed.
HDL-1007 : analyze verilog file ../../source_code/rtl/tx_clk_en_gen.v
HDL-1007 : analyze verilog file ../../source_code/rtl/udp_data_tpg.v
HDL-1007 : analyze verilog file ../../source_code/rtl/UDP_Example_Top.v
HDL-1007 : undeclared symbol 'use_sd_data', assumed default net type 'wire' in ../../source_code/rtl/UDP_Example_Top.v(226)
HDL-1007 : undeclared symbol 'phy_reset', assumed default net type 'wire' in ../../source_code/rtl/UDP_Example_Top.v(353)
HDL-5333 WARNING: data object 'rst_n' is already declared in ../../source_code/rtl/UDP_Example_Top.v(400)
HDL-1007 : previous declaration of 'rst_n' is from here in ../../source_code/rtl/UDP_Example_Top.v(200)
HDL-5007 WARNING: second declaration of 'rst_n' is ignored in ../../source_code/rtl/UDP_Example_Top.v(400)
HDL-1007 : undeclared symbol 'tpg_data_done', assumed default net type 'wire' in ../../source_code/rtl/UDP_Example_Top.v(520)
HDL-1007 : undeclared symbol 'clk', assumed default net type 'wire' in ../../source_code/rtl/UDP_Example_Top.v(551)
HDL-1007 : undeclared symbol 'video_clk', assumed default net type 'wire' in ../../source_code/rtl/UDP_Example_Top.v(552)
HDL-1007 : undeclared symbol 'hdmi_5x_clk', assumed default net type 'wire' in ../../source_code/rtl/UDP_Example_Top.v(553)
HDL-1007 : undeclared symbol 'vga_out_de', assumed default net type 'wire' in ../../source_code/rtl/UDP_Example_Top.v(559)
HDL-1007 : undeclared symbol 'video_read_req', assumed default net type 'wire' in ../../source_code/rtl/UDP_Example_Top.v(569)
HDL-1007 : undeclared symbol 'video_read_req_ack', assumed default net type 'wire' in ../../source_code/rtl/UDP_Example_Top.v(570)
HDL-1007 : undeclared symbol 'video_read_en', assumed default net type 'wire' in ../../source_code/rtl/UDP_Example_Top.v(582)
HDL-1007 : undeclared symbol 'hs', assumed default net type 'wire' in ../../source_code/rtl/UDP_Example_Top.v(593)
HDL-1007 : undeclared symbol 'vs', assumed default net type 'wire' in ../../source_code/rtl/UDP_Example_Top.v(594)
HDL-1007 : undeclared symbol 'de', assumed default net type 'wire' in ../../source_code/rtl/UDP_Example_Top.v(595)
HDL-1007 : undeclared symbol 'vout_data', assumed default net type 'wire' in ../../source_code/rtl/UDP_Example_Top.v(596)
HDL-1007 : analyze verilog file ../../source_code/rtl/udp_ip_protocol_stack_merge.enc.v
HDL-1007 : back to file '../../source_code/rtl/udp_ip_protocol_stack_merge.enc.v' in ../../source_code/rtl/udp_ip_protocol_stack_merge.enc.v(56)
HDL-1007 : undeclared symbol '**', assumed default net type '**' in ../../source_code/rtl/udp_ip_protocol_stack_merge.enc.v(2638)
HDL-1007 : back to file '../../source_code/rtl/udp_ip_protocol_stack_merge.enc.v' in ../../source_code/rtl/udp_ip_protocol_stack_merge.enc.v(420)
HDL-1007 : analyze verilog file ../../source_code/rtl/udp_loopback.v
HDL-1007 : analyze verilog file ../../source_code/rtl/sdr/rtl/app_wrrd.v
HDL-1007 : analyze included file ../../source_code/rtl/sdr/rtl/../include/global_def.v in ../../source_code/rtl/sdr/rtl/app_wrrd.v(10)
HDL-1007 : back to file '../../source_code/rtl/sdr/rtl/app_wrrd.v' in ../../source_code/rtl/sdr/rtl/app_wrrd.v(10)
HDL-5372 WARNING: redeclaration of ANSI port 'full_flag' is not allowed in ../../source_code/rtl/sdr/rtl/app_wrrd.v(61)
HDL-1007 : undeclared symbol 'afull', assumed default net type 'wire' in ../../source_code/rtl/sdr/rtl/app_wrrd.v(74)
HDL-1007 : undeclared symbol 'aempty', assumed default net type 'wire' in ../../source_code/rtl/sdr/rtl/app_wrrd.v(75)
HDL-1007 : undeclared symbol 'wrusedw', assumed default net type 'wire' in ../../source_code/rtl/sdr/rtl/app_wrrd.v(76)
HDL-5333 WARNING: data object 'w_addr_cnt' is already declared in ../../source_code/rtl/sdr/rtl/app_wrrd.v(139)
HDL-1007 : previous declaration of 'w_addr_cnt' is from here in ../../source_code/rtl/sdr/rtl/app_wrrd.v(38)
HDL-5007 WARNING: second declaration of 'w_addr_cnt' is ignored in ../../source_code/rtl/sdr/rtl/app_wrrd.v(139)
HDL-1007 : analyze verilog file ../../source_code/rtl/sdr/rtl/sdram_top.v
HDL-1007 : analyze included file ../../source_code/rtl/sdr/rtl/../include/global_def.v in ../../source_code/rtl/sdr/rtl/sdram_top.v(10)
HDL-1007 : back to file '../../source_code/rtl/sdr/rtl/sdram_top.v' in ../../source_code/rtl/sdr/rtl/sdram_top.v(10)
HDL-1007 : undeclared symbol 'Rst_n', assumed default net type 'wire' in ../../source_code/rtl/sdr/rtl/sdram_top.v(70)
HDL-5372 WARNING: redeclaration of ANSI port 'wr_done' is not allowed in ../../source_code/rtl/sdr/rtl/sdram_top.v(73)
HDL-1007 : undeclared symbol 'SDR_CKE', assumed default net type 'wire' in ../../source_code/rtl/sdr/rtl/sdram_top.v(132)
HDL-1007 : analyze verilog file ../../source_code/rtl/sd/sd_ctrl_top.v
HDL-1007 : analyze verilog file ../../source_code/rtl/sd/sd_init.v
HDL-1007 : analyze verilog file ../../source_code/rtl/sd/sd_read.v
HDL-1007 : analyze verilog file ../../source_code/rtl/sd/sd_read_photo.v
HDL-1007 : analyze verilog file ../../source_code/rtl/sdr/rtl/enc_file/sdr_as_ram.enc.v
HDL-1007 : back to file '../../source_code/rtl/sdr/rtl/enc_file/sdr_as_ram.enc.v' in ../../source_code/rtl/sdr/rtl/enc_file/sdr_as_ram.enc.v(45)
HDL-1007 : analyze verilog file ../../source_code/rtl/sdr/rtl/enc_file/sdr_init_ref.enc.v
HDL-1007 : undeclared symbol '**', assumed default net type '**' in ../../source_code/rtl/sdr/rtl/enc_file/sdr_init_ref.enc.v(57)
HDL-1007 : back to file '../../source_code/rtl/sdr/rtl/enc_file/sdr_init_ref.enc.v' in ../../source_code/rtl/sdr/rtl/enc_file/sdr_init_ref.enc.v(148)
HDL-5007 WARNING: concatenation with an unsized literal will be treated as 32 bits in ../../source_code/rtl/sdr/rtl/enc_file/sdr_init_ref.enc.v(47)
HDL-1007 : analyze verilog file ../../source_code/rtl/sdr/rtl/enc_file/sdr_wrrd.enc.v
HDL-5007 WARNING: concatenation with an unsized literal will be treated as 32 bits in ../../source_code/rtl/sdr/rtl/enc_file/sdr_wrrd.enc.v(283)
HDL-1007 : back to file '../../source_code/rtl/sdr/rtl/enc_file/sdr_wrrd.enc.v' in ../../source_code/rtl/sdr/rtl/enc_file/sdr_wrrd.enc.v(19)
HDL-1007 : analyze verilog file ../../source_code/rtl/camera_data_gen.v
HDL-1007 : analyze verilog file ../../source_code/rtl/ov5640/ov5640_dri.v
HDL-1007 : analyze verilog file ../../source_code/rtl/ov5640/ov5640_delay.v
HDL-1007 : analyze verilog file ../../source_code/rtl/ov5640/i2c_ov5640_rgb565_cfg.v
HDL-1007 : analyze verilog file ../../source_code/rtl/ov5640/i2c_dri.v
HDL-1007 : analyze verilog file ../../source_code/rtl/ov5640/cmos_capture_data.v
HDL-1007 : analyze verilog file ../../source_code/rtl/sdram_write_static_sel.v
HDL-1007 : analyze verilog file ../../source_code/rtl/sdram_read_align.v
HDL-1007 : analyze verilog file ../../source_code/rtl/display/color_bar.v
HDL-1007 : analyze included file ../../source_code/rtl/display/video_define.v in ../../source_code/rtl/display/color_bar.v(1)
HDL-1007 : back to file '../../source_code/rtl/display/color_bar.v' in ../../source_code/rtl/display/color_bar.v(1)
HDL-1007 : analyze verilog file ../../source_code/rtl/display/video_delay.v
HDL-1007 : analyze verilog file ../../source_code/rtl/display/video_timing_data.v
HDL-1007 : analyze VHDL file ../../source_code/rtl/hdmi/hdmi_tx.vhd
HDL-1007 : analyze entity hdmi_tx in ../../source_code/rtl/hdmi/hdmi_tx.vhd(11)
HDL-1007 : analyze architecture behavioral in ../../source_code/rtl/hdmi/hdmi_tx.vhd(33)
HDL-1007 : analyze verilog file ../../source_code/rtl/uart/cmd_ctrl.v
HDL-1007 : analyze verilog file ../../source_code/rtl/uart/uart_rx.v
HDL-1007 : analyze verilog file ../../source_code/rtl/uart/uart_test.v
HDL-1007 : analyze verilog file ../../source_code/rtl/uart/uart_tx.v
HDL-1007 : analyze verilog file ../../source_code/rtl/sd/sd_card_ctrl.v
HDL-8007 ERROR: 'sd_reset_rd_flag' is not a port in ../../source_code/rtl/UDP_Example_Top.v(235)
RUN-1002 : start command "commit_param -step design"
RUN-1001 : Print Global Property
RUN-1001 : --------------------------------------------------------
RUN-1001 :   Parameters   |  Settings  |  Default Values  |  Note  
RUN-1001 : --------------------------------------------------------
RUN-1001 :   enable_seed  |    off     |       off        |        
RUN-1001 :     message    |  standard  |     standard     |        
RUN-1001 :   qor_monitor  |     on     |        on        |        
RUN-1001 :   syn_ip_flow  |    off     |       off        |        
RUN-1001 :     thread     |    auto    |       auto       |        
RUN-1001 : --------------------------------------------------------
RUN-1001 : Print Design Property
RUN-1001 : ----------------------------------------------------------------
RUN-1001 :       Parameters       |  Settings  |  Default Values  |  Note  
RUN-1001 : ----------------------------------------------------------------
RUN-1001 :   default_reg_initial  |    auto    |       auto       |        
RUN-1001 :    hdl_warning_level   |   normal   |      normal      |        
RUN-1001 : ----------------------------------------------------------------
HDL-1007 : analyze verilog file ../../../../../../my_project_125/lab_ex_5_HX4S20_OV5640/al_ip/video_pll.v
HDL-1007 : undeclared symbol 'open', assumed default net type 'wire' in ../../../../../../my_project_125/lab_ex_5_HX4S20_OV5640/al_ip/video_pll.v(70)
HDL-1007 : analyze verilog file al_ip/TEMAC_CORE/RTL/mac_core_aead6cd6dadd.v
HDL-1007 : analyze verilog file al_ip/TEMAC_CORE/RTL/TEMAC_CORE_aead6cd6dadd.v
HDL-5007 WARNING: column 1032 exceeds maximum value 1023 in al_ip/TEMAC_CORE/RTL/TEMAC_CORE_aead6cd6dadd.v(30)
HDL-1007 : back to file 'al_ip/TEMAC_CORE/RTL/TEMAC_CORE_aead6cd6dadd.v' in al_ip/TEMAC_CORE/RTL/TEMAC_CORE_aead6cd6dadd.v(86)
HDL-5007 WARNING: event expressions must result in a singular type in al_ip/TEMAC_CORE/RTL/TEMAC_CORE_aead6cd6dadd.v(3001)
HDL-1007 : undeclared symbol '**', assumed default net type '**' in al_ip/TEMAC_CORE/RTL/TEMAC_CORE_aead6cd6dadd.v(5050)
HDL-1007 : undeclared symbol '**', assumed default net type '**' in al_ip/TEMAC_CORE/RTL/TEMAC_CORE_aead6cd6dadd.v(5458)
HDL-5007 WARNING: column 1035 exceeds maximum value 1023 in al_ip/TEMAC_CORE/RTL/TEMAC_CORE_aead6cd6dadd.v(6001)
HDL-1007 : back to file 'al_ip/TEMAC_CORE/RTL/TEMAC_CORE_aead6cd6dadd.v' in al_ip/TEMAC_CORE/RTL/TEMAC_CORE_aead6cd6dadd.v(260)
HDL-1007 : analyze verilog file al_ip/TEMAC_CORE/TEMAC_CORE.v
HDL-1007 : analyze verilog file al_ip/clk_pll.v
HDL-1007 : undeclared symbol 'open', assumed default net type 'wire' in al_ip/clk_pll.v(85)
HDL-1007 : analyze verilog file al_ip/fifo_sdr_data_2.v
HDL-1007 : analyze verilog file al_ip/pll_50.v
HDL-1007 : undeclared symbol 'open', assumed default net type 'wire' in al_ip/pll_50.v(85)
HDL-1007 : analyze verilog file al_ip/pll_gen.v
HDL-1007 : undeclared symbol 'pll_gen_open0', assumed default net type 'wire' in al_ip/pll_gen.v(99)
HDL-1007 : undeclared symbol 'pll_gen_open8', assumed default net type 'wire' in al_ip/pll_gen.v(105)
HDL-1007 : undeclared symbol 'pll_gen_open7', assumed default net type 'wire' in al_ip/pll_gen.v(105)
HDL-1007 : undeclared symbol 'pll_gen_open6', assumed default net type 'wire' in al_ip/pll_gen.v(105)
HDL-1007 : undeclared symbol 'pll_gen_open5', assumed default net type 'wire' in al_ip/pll_gen.v(105)
HDL-1007 : undeclared symbol 'pll_gen_open4', assumed default net type 'wire' in al_ip/pll_gen.v(105)
HDL-1007 : undeclared symbol 'pll_gen_open3', assumed default net type 'wire' in al_ip/pll_gen.v(105)
HDL-1007 : undeclared symbol 'pll_gen_open2', assumed default net type 'wire' in al_ip/pll_gen.v(105)
HDL-1007 : undeclared symbol 'pll_gen_open1', assumed default net type 'wire' in al_ip/pll_gen.v(105)
HDL-1007 : analyze verilog file al_ip/rx_pll.v
HDL-1007 : undeclared symbol 'open', assumed default net type 'wire' in al_ip/rx_pll.v(78)
HDL-1007 : analyze verilog file ../../source_code/rtl/BUFGMUX.v
HDL-1007 : analyze verilog file ../../source_code/rtl/clk_gen_rst_gen.v
HDL-1007 : analyze verilog file ../../source_code/rtl/div_clk_gen.v
HDL-1007 : analyze verilog file ../../source_code/rtl/IDDR.v
HDL-1007 : analyze verilog file ../../source_code/rtl/ODDR.v
HDL-1007 : analyze verilog file ../../source_code/rtl/RAMB16_S9_S9.v
HDL-1007 : undeclared symbol 'open', assumed default net type 'wire' in ../../source_code/rtl/RAMB16_S9_S9.v(109)
HDL-1007 : analyze verilog file ../../source_code/rtl/rgmii_interface.v
HDL-1007 : analyze verilog file ../../source_code/rtl/rx_client_fifo.v
HDL-5370 WARNING: parameter 'WAIT_s' becomes localparam in 'rx_client_fifo' with formal parameter declaration list in ../../source_code/rtl/rx_client_fifo.v(49)
HDL-5370 WARNING: parameter 'QUEUE1_s' becomes localparam in 'rx_client_fifo' with formal parameter declaration list in ../../source_code/rtl/rx_client_fifo.v(50)
HDL-5370 WARNING: parameter 'QUEUE2_s' becomes localparam in 'rx_client_fifo' with formal parameter declaration list in ../../source_code/rtl/rx_client_fifo.v(51)
HDL-5370 WARNING: parameter 'QUEUE3_s' becomes localparam in 'rx_client_fifo' with formal parameter declaration list in ../../source_code/rtl/rx_client_fifo.v(52)
HDL-5370 WARNING: parameter 'QUEUE_SOF_s' becomes localparam in 'rx_client_fifo' with formal parameter declaration list in ../../source_code/rtl/rx_client_fifo.v(53)
HDL-5370 WARNING: parameter 'SOF_s' becomes localparam in 'rx_client_fifo' with formal parameter declaration list in ../../source_code/rtl/rx_client_fifo.v(54)
HDL-5370 WARNING: parameter 'DATA_s' becomes localparam in 'rx_client_fifo' with formal parameter declaration list in ../../source_code/rtl/rx_client_fifo.v(55)
HDL-5370 WARNING: parameter 'EOF_s' becomes localparam in 'rx_client_fifo' with formal parameter declaration list in ../../source_code/rtl/rx_client_fifo.v(56)
HDL-5370 WARNING: parameter 'IDLE_s' becomes localparam in 'rx_client_fifo' with formal parameter declaration list in ../../source_code/rtl/rx_client_fifo.v(62)
HDL-5370 WARNING: parameter 'FRAME_s' becomes localparam in 'rx_client_fifo' with formal parameter declaration list in ../../source_code/rtl/rx_client_fifo.v(63)
HDL-5370 Similar messages will be suppressed.
HDL-1007 : analyze verilog file ../../source_code/rtl/temac_block.v
HDL-1007 : analyze verilog file ../../source_code/rtl/temac_clk_gen.v
HDL-1007 : analyze verilog file ../../source_code/rtl/tx_client_fifo.v
HDL-5370 WARNING: parameter 'IDLE_s' becomes localparam in 'tx_client_fifo' with formal parameter declaration list in ../../source_code/rtl/tx_client_fifo.v(53)
HDL-5370 WARNING: parameter 'QUEUE1_s' becomes localparam in 'tx_client_fifo' with formal parameter declaration list in ../../source_code/rtl/tx_client_fifo.v(54)
HDL-5370 WARNING: parameter 'QUEUE2_s' becomes localparam in 'tx_client_fifo' with formal parameter declaration list in ../../source_code/rtl/tx_client_fifo.v(55)
HDL-5370 WARNING: parameter 'QUEUE3_s' becomes localparam in 'tx_client_fifo' with formal parameter declaration list in ../../source_code/rtl/tx_client_fifo.v(56)
HDL-5370 WARNING: parameter 'QUEUE_ACK_s' becomes localparam in 'tx_client_fifo' with formal parameter declaration list in ../../source_code/rtl/tx_client_fifo.v(57)
HDL-5370 WARNING: parameter 'WAIT_ACK_s' becomes localparam in 'tx_client_fifo' with formal parameter declaration list in ../../source_code/rtl/tx_client_fifo.v(58)
HDL-5370 WARNING: parameter 'FRAME_s' becomes localparam in 'tx_client_fifo' with formal parameter declaration list in ../../source_code/rtl/tx_client_fifo.v(59)
HDL-5370 WARNING: parameter 'DROP_s' becomes localparam in 'tx_client_fifo' with formal parameter declaration list in ../../source_code/rtl/tx_client_fifo.v(60)
HDL-5370 WARNING: parameter 'RETRANSMIT_s' becomes localparam in 'tx_client_fifo' with formal parameter declaration list in ../../source_code/rtl/tx_client_fifo.v(61)
HDL-5370 WARNING: parameter 'WAIT_s' becomes localparam in 'tx_client_fifo' with formal parameter declaration list in ../../source_code/rtl/tx_client_fifo.v(67)
HDL-5370 Similar messages will be suppressed.
HDL-1007 : analyze verilog file ../../source_code/rtl/tx_clk_en_gen.v
HDL-1007 : analyze verilog file ../../source_code/rtl/udp_data_tpg.v
HDL-1007 : analyze verilog file ../../source_code/rtl/UDP_Example_Top.v
HDL-1007 : undeclared symbol 'use_sd_data', assumed default net type 'wire' in ../../source_code/rtl/UDP_Example_Top.v(226)
HDL-1007 : undeclared symbol 'phy_reset', assumed default net type 'wire' in ../../source_code/rtl/UDP_Example_Top.v(353)
HDL-5333 WARNING: data object 'rst_n' is already declared in ../../source_code/rtl/UDP_Example_Top.v(400)
HDL-1007 : previous declaration of 'rst_n' is from here in ../../source_code/rtl/UDP_Example_Top.v(200)
HDL-5007 WARNING: second declaration of 'rst_n' is ignored in ../../source_code/rtl/UDP_Example_Top.v(400)
HDL-1007 : undeclared symbol 'tpg_data_done', assumed default net type 'wire' in ../../source_code/rtl/UDP_Example_Top.v(520)
HDL-1007 : undeclared symbol 'clk', assumed default net type 'wire' in ../../source_code/rtl/UDP_Example_Top.v(551)
HDL-1007 : undeclared symbol 'video_clk', assumed default net type 'wire' in ../../source_code/rtl/UDP_Example_Top.v(552)
HDL-1007 : undeclared symbol 'hdmi_5x_clk', assumed default net type 'wire' in ../../source_code/rtl/UDP_Example_Top.v(553)
HDL-1007 : undeclared symbol 'vga_out_de', assumed default net type 'wire' in ../../source_code/rtl/UDP_Example_Top.v(559)
HDL-1007 : undeclared symbol 'video_read_req', assumed default net type 'wire' in ../../source_code/rtl/UDP_Example_Top.v(569)
HDL-1007 : undeclared symbol 'video_read_req_ack', assumed default net type 'wire' in ../../source_code/rtl/UDP_Example_Top.v(570)
HDL-1007 : undeclared symbol 'video_read_en', assumed default net type 'wire' in ../../source_code/rtl/UDP_Example_Top.v(582)
HDL-1007 : undeclared symbol 'hs', assumed default net type 'wire' in ../../source_code/rtl/UDP_Example_Top.v(593)
HDL-1007 : undeclared symbol 'vs', assumed default net type 'wire' in ../../source_code/rtl/UDP_Example_Top.v(594)
HDL-1007 : undeclared symbol 'de', assumed default net type 'wire' in ../../source_code/rtl/UDP_Example_Top.v(595)
HDL-1007 : undeclared symbol 'vout_data', assumed default net type 'wire' in ../../source_code/rtl/UDP_Example_Top.v(596)
HDL-1007 : analyze verilog file ../../source_code/rtl/udp_ip_protocol_stack_merge.enc.v
HDL-1007 : back to file '../../source_code/rtl/udp_ip_protocol_stack_merge.enc.v' in ../../source_code/rtl/udp_ip_protocol_stack_merge.enc.v(56)
HDL-1007 : undeclared symbol '**', assumed default net type '**' in ../../source_code/rtl/udp_ip_protocol_stack_merge.enc.v(2638)
HDL-1007 : back to file '../../source_code/rtl/udp_ip_protocol_stack_merge.enc.v' in ../../source_code/rtl/udp_ip_protocol_stack_merge.enc.v(420)
HDL-1007 : analyze verilog file ../../source_code/rtl/udp_loopback.v
HDL-1007 : analyze verilog file ../../source_code/rtl/sdr/rtl/app_wrrd.v
HDL-1007 : analyze included file ../../source_code/rtl/sdr/rtl/../include/global_def.v in ../../source_code/rtl/sdr/rtl/app_wrrd.v(10)
HDL-1007 : back to file '../../source_code/rtl/sdr/rtl/app_wrrd.v' in ../../source_code/rtl/sdr/rtl/app_wrrd.v(10)
HDL-5372 WARNING: redeclaration of ANSI port 'full_flag' is not allowed in ../../source_code/rtl/sdr/rtl/app_wrrd.v(61)
HDL-1007 : undeclared symbol 'afull', assumed default net type 'wire' in ../../source_code/rtl/sdr/rtl/app_wrrd.v(74)
HDL-1007 : undeclared symbol 'aempty', assumed default net type 'wire' in ../../source_code/rtl/sdr/rtl/app_wrrd.v(75)
HDL-1007 : undeclared symbol 'wrusedw', assumed default net type 'wire' in ../../source_code/rtl/sdr/rtl/app_wrrd.v(76)
HDL-5333 WARNING: data object 'w_addr_cnt' is already declared in ../../source_code/rtl/sdr/rtl/app_wrrd.v(139)
HDL-1007 : previous declaration of 'w_addr_cnt' is from here in ../../source_code/rtl/sdr/rtl/app_wrrd.v(38)
HDL-5007 WARNING: second declaration of 'w_addr_cnt' is ignored in ../../source_code/rtl/sdr/rtl/app_wrrd.v(139)
HDL-1007 : analyze verilog file ../../source_code/rtl/sdr/rtl/sdram_top.v
HDL-1007 : analyze included file ../../source_code/rtl/sdr/rtl/../include/global_def.v in ../../source_code/rtl/sdr/rtl/sdram_top.v(10)
HDL-1007 : back to file '../../source_code/rtl/sdr/rtl/sdram_top.v' in ../../source_code/rtl/sdr/rtl/sdram_top.v(10)
HDL-1007 : undeclared symbol 'Rst_n', assumed default net type 'wire' in ../../source_code/rtl/sdr/rtl/sdram_top.v(70)
HDL-5372 WARNING: redeclaration of ANSI port 'wr_done' is not allowed in ../../source_code/rtl/sdr/rtl/sdram_top.v(73)
HDL-1007 : undeclared symbol 'SDR_CKE', assumed default net type 'wire' in ../../source_code/rtl/sdr/rtl/sdram_top.v(132)
HDL-1007 : analyze verilog file ../../source_code/rtl/sd/sd_ctrl_top.v
HDL-1007 : analyze verilog file ../../source_code/rtl/sd/sd_init.v
HDL-1007 : analyze verilog file ../../source_code/rtl/sd/sd_read.v
HDL-1007 : analyze verilog file ../../source_code/rtl/sd/sd_read_photo.v
HDL-1007 : analyze verilog file ../../source_code/rtl/sdr/rtl/enc_file/sdr_as_ram.enc.v
HDL-1007 : back to file '../../source_code/rtl/sdr/rtl/enc_file/sdr_as_ram.enc.v' in ../../source_code/rtl/sdr/rtl/enc_file/sdr_as_ram.enc.v(45)
HDL-1007 : analyze verilog file ../../source_code/rtl/sdr/rtl/enc_file/sdr_init_ref.enc.v
HDL-1007 : undeclared symbol '**', assumed default net type '**' in ../../source_code/rtl/sdr/rtl/enc_file/sdr_init_ref.enc.v(57)
HDL-1007 : back to file '../../source_code/rtl/sdr/rtl/enc_file/sdr_init_ref.enc.v' in ../../source_code/rtl/sdr/rtl/enc_file/sdr_init_ref.enc.v(148)
HDL-5007 WARNING: concatenation with an unsized literal will be treated as 32 bits in ../../source_code/rtl/sdr/rtl/enc_file/sdr_init_ref.enc.v(47)
HDL-1007 : analyze verilog file ../../source_code/rtl/sdr/rtl/enc_file/sdr_wrrd.enc.v
HDL-5007 WARNING: concatenation with an unsized literal will be treated as 32 bits in ../../source_code/rtl/sdr/rtl/enc_file/sdr_wrrd.enc.v(283)
HDL-1007 : back to file '../../source_code/rtl/sdr/rtl/enc_file/sdr_wrrd.enc.v' in ../../source_code/rtl/sdr/rtl/enc_file/sdr_wrrd.enc.v(19)
HDL-1007 : analyze verilog file ../../source_code/rtl/camera_data_gen.v
HDL-1007 : analyze verilog file ../../source_code/rtl/ov5640/ov5640_dri.v
HDL-1007 : analyze verilog file ../../source_code/rtl/ov5640/ov5640_delay.v
HDL-1007 : analyze verilog file ../../source_code/rtl/ov5640/i2c_ov5640_rgb565_cfg.v
HDL-1007 : analyze verilog file ../../source_code/rtl/ov5640/i2c_dri.v
HDL-1007 : analyze verilog file ../../source_code/rtl/ov5640/cmos_capture_data.v
HDL-1007 : analyze verilog file ../../source_code/rtl/sdram_write_static_sel.v
HDL-1007 : analyze verilog file ../../source_code/rtl/sdram_read_align.v
HDL-1007 : analyze verilog file ../../source_code/rtl/display/color_bar.v
HDL-1007 : analyze included file ../../source_code/rtl/display/video_define.v in ../../source_code/rtl/display/color_bar.v(1)
HDL-1007 : back to file '../../source_code/rtl/display/color_bar.v' in ../../source_code/rtl/display/color_bar.v(1)
HDL-1007 : analyze verilog file ../../source_code/rtl/display/video_delay.v
HDL-1007 : analyze verilog file ../../source_code/rtl/display/video_timing_data.v
HDL-1007 : analyze VHDL file ../../source_code/rtl/hdmi/hdmi_tx.vhd
HDL-1007 : analyze entity hdmi_tx in ../../source_code/rtl/hdmi/hdmi_tx.vhd(11)
HDL-1007 : analyze architecture behavioral in ../../source_code/rtl/hdmi/hdmi_tx.vhd(33)
HDL-1007 : analyze verilog file ../../source_code/rtl/uart/cmd_ctrl.v
HDL-1007 : analyze verilog file ../../source_code/rtl/uart/uart_rx.v
HDL-1007 : analyze verilog file ../../source_code/rtl/uart/uart_test.v
HDL-1007 : analyze verilog file ../../source_code/rtl/uart/uart_tx.v
HDL-1007 : analyze verilog file ../../source_code/rtl/sd/sd_card_ctrl.v
HDL-1007 : analyze VHDL file ../../source_code/rtl/hdmi/enc_file/DVITransmitter.enc.vhd
HDL-1007 : analyze entity dvitransmitter in ../../source_code/rtl/hdmi/enc_file/DVITransmitter.enc.vhd(13)
HDL-1007 : analyze architecture ** in ../../source_code/rtl/hdmi/enc_file/DVITransmitter.enc.vhd(2)
HDL-1007 : analyze VHDL file ../../source_code/rtl/hdmi/enc_file/SerializerN_1_lvds.enc.vhd
HDL-1007 : analyze entity ** in ../../source_code/rtl/hdmi/enc_file/SerializerN_1_lvds.enc.vhd(12)
HDL-1007 : analyze architecture ** in ../../source_code/rtl/hdmi/enc_file/SerializerN_1_lvds.enc.vhd(25)
HDL-1007 : analyze VHDL file ../../source_code/rtl/hdmi/enc_file/SerializerN_1_lvds_dat.enc.vhd
HDL-1007 : analyze entity ** in ../../source_code/rtl/hdmi/enc_file/SerializerN_1_lvds_dat.enc.vhd(14)
HDL-1007 : analyze architecture ** in ../../source_code/rtl/hdmi/enc_file/SerializerN_1_lvds_dat.enc.vhd(28)
HDL-1007 : analyze VHDL file ../../source_code/rtl/hdmi/enc_file/TMDSEncoder.enc.vhd
HDL-1007 : analyze entity ** in ../../source_code/rtl/hdmi/enc_file/TMDSEncoder.enc.vhd(13)
HDL-1007 : analyze architecture ** in ../../source_code/rtl/hdmi/enc_file/TMDSEncoder.enc.vhd(24)
HDL-8007 ERROR: 'sd_reset_rd_flag' is not a port in ../../source_code/rtl/UDP_Example_Top.v(235)
RUN-1002 : start command "commit_param -step design"
RUN-1001 : Print Global Property
RUN-1001 : --------------------------------------------------------
RUN-1001 :   Parameters   |  Settings  |  Default Values  |  Note  
RUN-1001 : --------------------------------------------------------
RUN-1001 :   enable_seed  |    off     |       off        |        
RUN-1001 :     message    |  standard  |     standard     |        
RUN-1001 :   qor_monitor  |     on     |        on        |        
RUN-1001 :   syn_ip_flow  |    off     |       off        |        
RUN-1001 :     thread     |    auto    |       auto       |        
RUN-1001 : --------------------------------------------------------
RUN-1001 : Print Design Property
RUN-1001 : ----------------------------------------------------------------
RUN-1001 :       Parameters       |  Settings  |  Default Values  |  Note  
RUN-1001 : ----------------------------------------------------------------
RUN-1001 :   default_reg_initial  |    auto    |       auto       |        
RUN-1001 :    hdl_warning_level   |   normal   |      normal      |        
RUN-1001 : ----------------------------------------------------------------
HDL-1007 : analyze verilog file ../../../../../../my_project_125/lab_ex_5_HX4S20_OV5640/al_ip/video_pll.v
HDL-1007 : undeclared symbol 'open', assumed default net type 'wire' in ../../../../../../my_project_125/lab_ex_5_HX4S20_OV5640/al_ip/video_pll.v(70)
HDL-1007 : analyze verilog file al_ip/TEMAC_CORE/RTL/mac_core_aead6cd6dadd.v
HDL-1007 : analyze verilog file al_ip/TEMAC_CORE/RTL/TEMAC_CORE_aead6cd6dadd.v
HDL-5007 WARNING: column 1032 exceeds maximum value 1023 in al_ip/TEMAC_CORE/RTL/TEMAC_CORE_aead6cd6dadd.v(30)
HDL-1007 : back to file 'al_ip/TEMAC_CORE/RTL/TEMAC_CORE_aead6cd6dadd.v' in al_ip/TEMAC_CORE/RTL/TEMAC_CORE_aead6cd6dadd.v(86)
HDL-5007 WARNING: event expressions must result in a singular type in al_ip/TEMAC_CORE/RTL/TEMAC_CORE_aead6cd6dadd.v(3001)
HDL-1007 : undeclared symbol '**', assumed default net type '**' in al_ip/TEMAC_CORE/RTL/TEMAC_CORE_aead6cd6dadd.v(5050)
HDL-1007 : undeclared symbol '**', assumed default net type '**' in al_ip/TEMAC_CORE/RTL/TEMAC_CORE_aead6cd6dadd.v(5458)
HDL-5007 WARNING: column 1035 exceeds maximum value 1023 in al_ip/TEMAC_CORE/RTL/TEMAC_CORE_aead6cd6dadd.v(6001)
HDL-1007 : back to file 'al_ip/TEMAC_CORE/RTL/TEMAC_CORE_aead6cd6dadd.v' in al_ip/TEMAC_CORE/RTL/TEMAC_CORE_aead6cd6dadd.v(260)
HDL-1007 : analyze verilog file al_ip/TEMAC_CORE/TEMAC_CORE.v
HDL-1007 : analyze verilog file al_ip/clk_pll.v
HDL-1007 : undeclared symbol 'open', assumed default net type 'wire' in al_ip/clk_pll.v(85)
HDL-1007 : analyze verilog file al_ip/fifo_sdr_data_2.v
HDL-1007 : analyze verilog file al_ip/pll_50.v
HDL-1007 : undeclared symbol 'open', assumed default net type 'wire' in al_ip/pll_50.v(85)
HDL-1007 : analyze verilog file al_ip/pll_gen.v
HDL-1007 : undeclared symbol 'pll_gen_open0', assumed default net type 'wire' in al_ip/pll_gen.v(99)
HDL-1007 : undeclared symbol 'pll_gen_open8', assumed default net type 'wire' in al_ip/pll_gen.v(105)
HDL-1007 : undeclared symbol 'pll_gen_open7', assumed default net type 'wire' in al_ip/pll_gen.v(105)
HDL-1007 : undeclared symbol 'pll_gen_open6', assumed default net type 'wire' in al_ip/pll_gen.v(105)
HDL-1007 : undeclared symbol 'pll_gen_open5', assumed default net type 'wire' in al_ip/pll_gen.v(105)
HDL-1007 : undeclared symbol 'pll_gen_open4', assumed default net type 'wire' in al_ip/pll_gen.v(105)
HDL-1007 : undeclared symbol 'pll_gen_open3', assumed default net type 'wire' in al_ip/pll_gen.v(105)
HDL-1007 : undeclared symbol 'pll_gen_open2', assumed default net type 'wire' in al_ip/pll_gen.v(105)
HDL-1007 : undeclared symbol 'pll_gen_open1', assumed default net type 'wire' in al_ip/pll_gen.v(105)
HDL-1007 : analyze verilog file al_ip/rx_pll.v
HDL-1007 : undeclared symbol 'open', assumed default net type 'wire' in al_ip/rx_pll.v(78)
HDL-1007 : analyze verilog file ../../source_code/rtl/BUFGMUX.v
HDL-1007 : analyze verilog file ../../source_code/rtl/clk_gen_rst_gen.v
HDL-1007 : analyze verilog file ../../source_code/rtl/div_clk_gen.v
HDL-1007 : analyze verilog file ../../source_code/rtl/IDDR.v
HDL-1007 : analyze verilog file ../../source_code/rtl/ODDR.v
HDL-1007 : analyze verilog file ../../source_code/rtl/RAMB16_S9_S9.v
HDL-1007 : undeclared symbol 'open', assumed default net type 'wire' in ../../source_code/rtl/RAMB16_S9_S9.v(109)
HDL-1007 : analyze verilog file ../../source_code/rtl/rgmii_interface.v
HDL-1007 : analyze verilog file ../../source_code/rtl/rx_client_fifo.v
HDL-5370 WARNING: parameter 'WAIT_s' becomes localparam in 'rx_client_fifo' with formal parameter declaration list in ../../source_code/rtl/rx_client_fifo.v(49)
HDL-5370 WARNING: parameter 'QUEUE1_s' becomes localparam in 'rx_client_fifo' with formal parameter declaration list in ../../source_code/rtl/rx_client_fifo.v(50)
HDL-5370 WARNING: parameter 'QUEUE2_s' becomes localparam in 'rx_client_fifo' with formal parameter declaration list in ../../source_code/rtl/rx_client_fifo.v(51)
HDL-5370 WARNING: parameter 'QUEUE3_s' becomes localparam in 'rx_client_fifo' with formal parameter declaration list in ../../source_code/rtl/rx_client_fifo.v(52)
HDL-5370 WARNING: parameter 'QUEUE_SOF_s' becomes localparam in 'rx_client_fifo' with formal parameter declaration list in ../../source_code/rtl/rx_client_fifo.v(53)
HDL-5370 WARNING: parameter 'SOF_s' becomes localparam in 'rx_client_fifo' with formal parameter declaration list in ../../source_code/rtl/rx_client_fifo.v(54)
HDL-5370 WARNING: parameter 'DATA_s' becomes localparam in 'rx_client_fifo' with formal parameter declaration list in ../../source_code/rtl/rx_client_fifo.v(55)
HDL-5370 WARNING: parameter 'EOF_s' becomes localparam in 'rx_client_fifo' with formal parameter declaration list in ../../source_code/rtl/rx_client_fifo.v(56)
HDL-5370 WARNING: parameter 'IDLE_s' becomes localparam in 'rx_client_fifo' with formal parameter declaration list in ../../source_code/rtl/rx_client_fifo.v(62)
HDL-5370 WARNING: parameter 'FRAME_s' becomes localparam in 'rx_client_fifo' with formal parameter declaration list in ../../source_code/rtl/rx_client_fifo.v(63)
HDL-5370 Similar messages will be suppressed.
HDL-1007 : analyze verilog file ../../source_code/rtl/temac_block.v
HDL-1007 : analyze verilog file ../../source_code/rtl/temac_clk_gen.v
HDL-1007 : analyze verilog file ../../source_code/rtl/tx_client_fifo.v
HDL-5370 WARNING: parameter 'IDLE_s' becomes localparam in 'tx_client_fifo' with formal parameter declaration list in ../../source_code/rtl/tx_client_fifo.v(53)
HDL-5370 WARNING: parameter 'QUEUE1_s' becomes localparam in 'tx_client_fifo' with formal parameter declaration list in ../../source_code/rtl/tx_client_fifo.v(54)
HDL-5370 WARNING: parameter 'QUEUE2_s' becomes localparam in 'tx_client_fifo' with formal parameter declaration list in ../../source_code/rtl/tx_client_fifo.v(55)
HDL-5370 WARNING: parameter 'QUEUE3_s' becomes localparam in 'tx_client_fifo' with formal parameter declaration list in ../../source_code/rtl/tx_client_fifo.v(56)
HDL-5370 WARNING: parameter 'QUEUE_ACK_s' becomes localparam in 'tx_client_fifo' with formal parameter declaration list in ../../source_code/rtl/tx_client_fifo.v(57)
HDL-5370 WARNING: parameter 'WAIT_ACK_s' becomes localparam in 'tx_client_fifo' with formal parameter declaration list in ../../source_code/rtl/tx_client_fifo.v(58)
HDL-5370 WARNING: parameter 'FRAME_s' becomes localparam in 'tx_client_fifo' with formal parameter declaration list in ../../source_code/rtl/tx_client_fifo.v(59)
HDL-5370 WARNING: parameter 'DROP_s' becomes localparam in 'tx_client_fifo' with formal parameter declaration list in ../../source_code/rtl/tx_client_fifo.v(60)
HDL-5370 WARNING: parameter 'RETRANSMIT_s' becomes localparam in 'tx_client_fifo' with formal parameter declaration list in ../../source_code/rtl/tx_client_fifo.v(61)
HDL-5370 WARNING: parameter 'WAIT_s' becomes localparam in 'tx_client_fifo' with formal parameter declaration list in ../../source_code/rtl/tx_client_fifo.v(67)
HDL-5370 Similar messages will be suppressed.
HDL-1007 : analyze verilog file ../../source_code/rtl/tx_clk_en_gen.v
HDL-1007 : analyze verilog file ../../source_code/rtl/udp_data_tpg.v
HDL-1007 : analyze verilog file ../../source_code/rtl/UDP_Example_Top.v
HDL-1007 : undeclared symbol 'use_sd_data', assumed default net type 'wire' in ../../source_code/rtl/UDP_Example_Top.v(225)
HDL-1007 : undeclared symbol 'phy_reset', assumed default net type 'wire' in ../../source_code/rtl/UDP_Example_Top.v(352)
HDL-5333 WARNING: data object 'rst_n' is already declared in ../../source_code/rtl/UDP_Example_Top.v(399)
HDL-1007 : previous declaration of 'rst_n' is from here in ../../source_code/rtl/UDP_Example_Top.v(200)
HDL-5007 WARNING: second declaration of 'rst_n' is ignored in ../../source_code/rtl/UDP_Example_Top.v(399)
HDL-1007 : undeclared symbol 'tpg_data_done', assumed default net type 'wire' in ../../source_code/rtl/UDP_Example_Top.v(519)
HDL-1007 : undeclared symbol 'clk', assumed default net type 'wire' in ../../source_code/rtl/UDP_Example_Top.v(550)
HDL-1007 : undeclared symbol 'video_clk', assumed default net type 'wire' in ../../source_code/rtl/UDP_Example_Top.v(551)
HDL-1007 : undeclared symbol 'hdmi_5x_clk', assumed default net type 'wire' in ../../source_code/rtl/UDP_Example_Top.v(552)
HDL-1007 : undeclared symbol 'vga_out_de', assumed default net type 'wire' in ../../source_code/rtl/UDP_Example_Top.v(558)
HDL-1007 : undeclared symbol 'video_read_req', assumed default net type 'wire' in ../../source_code/rtl/UDP_Example_Top.v(568)
HDL-1007 : undeclared symbol 'video_read_req_ack', assumed default net type 'wire' in ../../source_code/rtl/UDP_Example_Top.v(569)
HDL-1007 : undeclared symbol 'video_read_en', assumed default net type 'wire' in ../../source_code/rtl/UDP_Example_Top.v(581)
HDL-1007 : undeclared symbol 'hs', assumed default net type 'wire' in ../../source_code/rtl/UDP_Example_Top.v(592)
HDL-1007 : undeclared symbol 'vs', assumed default net type 'wire' in ../../source_code/rtl/UDP_Example_Top.v(593)
HDL-1007 : undeclared symbol 'de', assumed default net type 'wire' in ../../source_code/rtl/UDP_Example_Top.v(594)
HDL-1007 : undeclared symbol 'vout_data', assumed default net type 'wire' in ../../source_code/rtl/UDP_Example_Top.v(595)
HDL-1007 : analyze verilog file ../../source_code/rtl/udp_ip_protocol_stack_merge.enc.v
HDL-1007 : back to file '../../source_code/rtl/udp_ip_protocol_stack_merge.enc.v' in ../../source_code/rtl/udp_ip_protocol_stack_merge.enc.v(56)
HDL-1007 : undeclared symbol '**', assumed default net type '**' in ../../source_code/rtl/udp_ip_protocol_stack_merge.enc.v(2638)
HDL-1007 : back to file '../../source_code/rtl/udp_ip_protocol_stack_merge.enc.v' in ../../source_code/rtl/udp_ip_protocol_stack_merge.enc.v(420)
HDL-1007 : analyze verilog file ../../source_code/rtl/udp_loopback.v
HDL-1007 : analyze verilog file ../../source_code/rtl/sdr/rtl/app_wrrd.v
HDL-1007 : analyze included file ../../source_code/rtl/sdr/rtl/../include/global_def.v in ../../source_code/rtl/sdr/rtl/app_wrrd.v(10)
HDL-1007 : back to file '../../source_code/rtl/sdr/rtl/app_wrrd.v' in ../../source_code/rtl/sdr/rtl/app_wrrd.v(10)
HDL-5372 WARNING: redeclaration of ANSI port 'full_flag' is not allowed in ../../source_code/rtl/sdr/rtl/app_wrrd.v(61)
HDL-1007 : undeclared symbol 'afull', assumed default net type 'wire' in ../../source_code/rtl/sdr/rtl/app_wrrd.v(74)
HDL-1007 : undeclared symbol 'aempty', assumed default net type 'wire' in ../../source_code/rtl/sdr/rtl/app_wrrd.v(75)
HDL-1007 : undeclared symbol 'wrusedw', assumed default net type 'wire' in ../../source_code/rtl/sdr/rtl/app_wrrd.v(76)
HDL-5333 WARNING: data object 'w_addr_cnt' is already declared in ../../source_code/rtl/sdr/rtl/app_wrrd.v(139)
HDL-1007 : previous declaration of 'w_addr_cnt' is from here in ../../source_code/rtl/sdr/rtl/app_wrrd.v(38)
HDL-5007 WARNING: second declaration of 'w_addr_cnt' is ignored in ../../source_code/rtl/sdr/rtl/app_wrrd.v(139)
HDL-1007 : analyze verilog file ../../source_code/rtl/sdr/rtl/sdram_top.v
HDL-1007 : analyze included file ../../source_code/rtl/sdr/rtl/../include/global_def.v in ../../source_code/rtl/sdr/rtl/sdram_top.v(10)
HDL-1007 : back to file '../../source_code/rtl/sdr/rtl/sdram_top.v' in ../../source_code/rtl/sdr/rtl/sdram_top.v(10)
HDL-1007 : undeclared symbol 'Rst_n', assumed default net type 'wire' in ../../source_code/rtl/sdr/rtl/sdram_top.v(70)
HDL-5372 WARNING: redeclaration of ANSI port 'wr_done' is not allowed in ../../source_code/rtl/sdr/rtl/sdram_top.v(73)
HDL-1007 : undeclared symbol 'SDR_CKE', assumed default net type 'wire' in ../../source_code/rtl/sdr/rtl/sdram_top.v(132)
HDL-1007 : analyze verilog file ../../source_code/rtl/sd/sd_ctrl_top.v
HDL-1007 : analyze verilog file ../../source_code/rtl/sd/sd_init.v
HDL-1007 : analyze verilog file ../../source_code/rtl/sd/sd_read.v
HDL-1007 : analyze verilog file ../../source_code/rtl/sd/sd_read_photo.v
HDL-1007 : analyze verilog file ../../source_code/rtl/sdr/rtl/enc_file/sdr_as_ram.enc.v
HDL-1007 : back to file '../../source_code/rtl/sdr/rtl/enc_file/sdr_as_ram.enc.v' in ../../source_code/rtl/sdr/rtl/enc_file/sdr_as_ram.enc.v(45)
HDL-1007 : analyze verilog file ../../source_code/rtl/sdr/rtl/enc_file/sdr_init_ref.enc.v
HDL-1007 : undeclared symbol '**', assumed default net type '**' in ../../source_code/rtl/sdr/rtl/enc_file/sdr_init_ref.enc.v(57)
HDL-1007 : back to file '../../source_code/rtl/sdr/rtl/enc_file/sdr_init_ref.enc.v' in ../../source_code/rtl/sdr/rtl/enc_file/sdr_init_ref.enc.v(148)
HDL-5007 WARNING: concatenation with an unsized literal will be treated as 32 bits in ../../source_code/rtl/sdr/rtl/enc_file/sdr_init_ref.enc.v(47)
HDL-1007 : analyze verilog file ../../source_code/rtl/sdr/rtl/enc_file/sdr_wrrd.enc.v
HDL-5007 WARNING: concatenation with an unsized literal will be treated as 32 bits in ../../source_code/rtl/sdr/rtl/enc_file/sdr_wrrd.enc.v(283)
HDL-1007 : back to file '../../source_code/rtl/sdr/rtl/enc_file/sdr_wrrd.enc.v' in ../../source_code/rtl/sdr/rtl/enc_file/sdr_wrrd.enc.v(19)
HDL-1007 : analyze verilog file ../../source_code/rtl/camera_data_gen.v
HDL-1007 : analyze verilog file ../../source_code/rtl/ov5640/ov5640_dri.v
HDL-1007 : analyze verilog file ../../source_code/rtl/ov5640/ov5640_delay.v
HDL-1007 : analyze verilog file ../../source_code/rtl/ov5640/i2c_ov5640_rgb565_cfg.v
HDL-1007 : analyze verilog file ../../source_code/rtl/ov5640/i2c_dri.v
HDL-1007 : analyze verilog file ../../source_code/rtl/ov5640/cmos_capture_data.v
HDL-1007 : analyze verilog file ../../source_code/rtl/sdram_write_static_sel.v
HDL-1007 : analyze verilog file ../../source_code/rtl/sdram_read_align.v
HDL-1007 : analyze verilog file ../../source_code/rtl/display/color_bar.v
HDL-1007 : analyze included file ../../source_code/rtl/display/video_define.v in ../../source_code/rtl/display/color_bar.v(1)
HDL-1007 : back to file '../../source_code/rtl/display/color_bar.v' in ../../source_code/rtl/display/color_bar.v(1)
HDL-1007 : analyze verilog file ../../source_code/rtl/display/video_delay.v
HDL-1007 : analyze verilog file ../../source_code/rtl/display/video_timing_data.v
HDL-1007 : analyze VHDL file ../../source_code/rtl/hdmi/hdmi_tx.vhd
HDL-1007 : analyze entity hdmi_tx in ../../source_code/rtl/hdmi/hdmi_tx.vhd(11)
HDL-1007 : analyze architecture behavioral in ../../source_code/rtl/hdmi/hdmi_tx.vhd(33)
HDL-1007 : analyze verilog file ../../source_code/rtl/uart/cmd_ctrl.v
HDL-1007 : analyze verilog file ../../source_code/rtl/uart/uart_rx.v
HDL-1007 : analyze verilog file ../../source_code/rtl/uart/uart_test.v
HDL-1007 : analyze verilog file ../../source_code/rtl/uart/uart_tx.v
HDL-1007 : analyze verilog file ../../source_code/rtl/sd/sd_card_ctrl.v
HDL-1007 : analyze VHDL file ../../source_code/rtl/hdmi/enc_file/DVITransmitter.enc.vhd
HDL-1007 : analyze entity dvitransmitter in ../../source_code/rtl/hdmi/enc_file/DVITransmitter.enc.vhd(13)
HDL-1007 : analyze architecture ** in ../../source_code/rtl/hdmi/enc_file/DVITransmitter.enc.vhd(2)
HDL-1007 : analyze VHDL file ../../source_code/rtl/hdmi/enc_file/SerializerN_1_lvds.enc.vhd
HDL-1007 : analyze entity ** in ../../source_code/rtl/hdmi/enc_file/SerializerN_1_lvds.enc.vhd(12)
HDL-1007 : analyze architecture ** in ../../source_code/rtl/hdmi/enc_file/SerializerN_1_lvds.enc.vhd(25)
HDL-1007 : analyze VHDL file ../../source_code/rtl/hdmi/enc_file/SerializerN_1_lvds_dat.enc.vhd
HDL-1007 : analyze entity ** in ../../source_code/rtl/hdmi/enc_file/SerializerN_1_lvds_dat.enc.vhd(14)
HDL-1007 : analyze architecture ** in ../../source_code/rtl/hdmi/enc_file/SerializerN_1_lvds_dat.enc.vhd(28)
HDL-1007 : analyze VHDL file ../../source_code/rtl/hdmi/enc_file/TMDSEncoder.enc.vhd
HDL-1007 : analyze entity ** in ../../source_code/rtl/hdmi/enc_file/TMDSEncoder.enc.vhd(13)
HDL-1007 : analyze architecture ** in ../../source_code/rtl/hdmi/enc_file/TMDSEncoder.enc.vhd(24)
PRJ-1412 : reset_run syn_1 phy_1.
PRJ-1409 : launch_runs syn_1 phy_1  -jobs 6.
PRJ-5303 WARNING: Run syn_1 failed.
RUN-1002 : start command "save_best_bits"
RUN-1002 : start command "commit_param -step design"
RUN-1001 : Print Global Property
RUN-1001 : --------------------------------------------------------
RUN-1001 :   Parameters   |  Settings  |  Default Values  |  Note  
RUN-1001 : --------------------------------------------------------
RUN-1001 :   enable_seed  |    off     |       off        |        
RUN-1001 :     message    |  standard  |     standard     |        
RUN-1001 :   qor_monitor  |     on     |        on        |        
RUN-1001 :   syn_ip_flow  |    off     |       off        |        
RUN-1001 :     thread     |    auto    |       auto       |        
RUN-1001 : --------------------------------------------------------
RUN-1001 : Print Design Property
RUN-1001 : ----------------------------------------------------------------
RUN-1001 :       Parameters       |  Settings  |  Default Values  |  Note  
RUN-1001 : ----------------------------------------------------------------
RUN-1001 :   default_reg_initial  |    auto    |       auto       |        
RUN-1001 :    hdl_warning_level   |   normal   |      normal      |        
RUN-1001 : ----------------------------------------------------------------
HDL-1007 : analyze verilog file ../../../../../../my_project_125/lab_ex_5_HX4S20_OV5640/al_ip/video_pll.v
HDL-1007 : undeclared symbol 'open', assumed default net type 'wire' in ../../../../../../my_project_125/lab_ex_5_HX4S20_OV5640/al_ip/video_pll.v(70)
HDL-1007 : analyze verilog file al_ip/TEMAC_CORE/RTL/mac_core_aead6cd6dadd.v
HDL-1007 : analyze verilog file al_ip/TEMAC_CORE/RTL/TEMAC_CORE_aead6cd6dadd.v
HDL-5007 WARNING: column 1032 exceeds maximum value 1023 in al_ip/TEMAC_CORE/RTL/TEMAC_CORE_aead6cd6dadd.v(30)
HDL-1007 : back to file 'al_ip/TEMAC_CORE/RTL/TEMAC_CORE_aead6cd6dadd.v' in al_ip/TEMAC_CORE/RTL/TEMAC_CORE_aead6cd6dadd.v(86)
HDL-5007 WARNING: event expressions must result in a singular type in al_ip/TEMAC_CORE/RTL/TEMAC_CORE_aead6cd6dadd.v(3001)
HDL-1007 : undeclared symbol '**', assumed default net type '**' in al_ip/TEMAC_CORE/RTL/TEMAC_CORE_aead6cd6dadd.v(5050)
HDL-1007 : undeclared symbol '**', assumed default net type '**' in al_ip/TEMAC_CORE/RTL/TEMAC_CORE_aead6cd6dadd.v(5458)
HDL-5007 WARNING: column 1035 exceeds maximum value 1023 in al_ip/TEMAC_CORE/RTL/TEMAC_CORE_aead6cd6dadd.v(6001)
HDL-1007 : back to file 'al_ip/TEMAC_CORE/RTL/TEMAC_CORE_aead6cd6dadd.v' in al_ip/TEMAC_CORE/RTL/TEMAC_CORE_aead6cd6dadd.v(260)
HDL-1007 : analyze verilog file al_ip/TEMAC_CORE/TEMAC_CORE.v
HDL-1007 : analyze verilog file al_ip/clk_pll.v
HDL-1007 : undeclared symbol 'open', assumed default net type 'wire' in al_ip/clk_pll.v(85)
HDL-1007 : analyze verilog file al_ip/fifo_sdr_data_2.v
HDL-1007 : analyze verilog file al_ip/pll_50.v
HDL-1007 : undeclared symbol 'open', assumed default net type 'wire' in al_ip/pll_50.v(85)
HDL-1007 : analyze verilog file al_ip/pll_gen.v
HDL-1007 : undeclared symbol 'pll_gen_open0', assumed default net type 'wire' in al_ip/pll_gen.v(99)
HDL-1007 : undeclared symbol 'pll_gen_open8', assumed default net type 'wire' in al_ip/pll_gen.v(105)
HDL-1007 : undeclared symbol 'pll_gen_open7', assumed default net type 'wire' in al_ip/pll_gen.v(105)
HDL-1007 : undeclared symbol 'pll_gen_open6', assumed default net type 'wire' in al_ip/pll_gen.v(105)
HDL-1007 : undeclared symbol 'pll_gen_open5', assumed default net type 'wire' in al_ip/pll_gen.v(105)
HDL-1007 : undeclared symbol 'pll_gen_open4', assumed default net type 'wire' in al_ip/pll_gen.v(105)
HDL-1007 : undeclared symbol 'pll_gen_open3', assumed default net type 'wire' in al_ip/pll_gen.v(105)
HDL-1007 : undeclared symbol 'pll_gen_open2', assumed default net type 'wire' in al_ip/pll_gen.v(105)
HDL-1007 : undeclared symbol 'pll_gen_open1', assumed default net type 'wire' in al_ip/pll_gen.v(105)
HDL-1007 : analyze verilog file al_ip/rx_pll.v
HDL-1007 : undeclared symbol 'open', assumed default net type 'wire' in al_ip/rx_pll.v(78)
HDL-1007 : analyze verilog file ../../source_code/rtl/BUFGMUX.v
HDL-1007 : analyze verilog file ../../source_code/rtl/clk_gen_rst_gen.v
HDL-1007 : analyze verilog file ../../source_code/rtl/div_clk_gen.v
HDL-1007 : analyze verilog file ../../source_code/rtl/IDDR.v
HDL-1007 : analyze verilog file ../../source_code/rtl/ODDR.v
HDL-1007 : analyze verilog file ../../source_code/rtl/RAMB16_S9_S9.v
HDL-1007 : undeclared symbol 'open', assumed default net type 'wire' in ../../source_code/rtl/RAMB16_S9_S9.v(109)
HDL-1007 : analyze verilog file ../../source_code/rtl/rgmii_interface.v
HDL-1007 : analyze verilog file ../../source_code/rtl/rx_client_fifo.v
HDL-5370 WARNING: parameter 'WAIT_s' becomes localparam in 'rx_client_fifo' with formal parameter declaration list in ../../source_code/rtl/rx_client_fifo.v(49)
HDL-5370 WARNING: parameter 'QUEUE1_s' becomes localparam in 'rx_client_fifo' with formal parameter declaration list in ../../source_code/rtl/rx_client_fifo.v(50)
HDL-5370 WARNING: parameter 'QUEUE2_s' becomes localparam in 'rx_client_fifo' with formal parameter declaration list in ../../source_code/rtl/rx_client_fifo.v(51)
HDL-5370 WARNING: parameter 'QUEUE3_s' becomes localparam in 'rx_client_fifo' with formal parameter declaration list in ../../source_code/rtl/rx_client_fifo.v(52)
HDL-5370 WARNING: parameter 'QUEUE_SOF_s' becomes localparam in 'rx_client_fifo' with formal parameter declaration list in ../../source_code/rtl/rx_client_fifo.v(53)
HDL-5370 WARNING: parameter 'SOF_s' becomes localparam in 'rx_client_fifo' with formal parameter declaration list in ../../source_code/rtl/rx_client_fifo.v(54)
HDL-5370 WARNING: parameter 'DATA_s' becomes localparam in 'rx_client_fifo' with formal parameter declaration list in ../../source_code/rtl/rx_client_fifo.v(55)
HDL-5370 WARNING: parameter 'EOF_s' becomes localparam in 'rx_client_fifo' with formal parameter declaration list in ../../source_code/rtl/rx_client_fifo.v(56)
HDL-5370 WARNING: parameter 'IDLE_s' becomes localparam in 'rx_client_fifo' with formal parameter declaration list in ../../source_code/rtl/rx_client_fifo.v(62)
HDL-5370 WARNING: parameter 'FRAME_s' becomes localparam in 'rx_client_fifo' with formal parameter declaration list in ../../source_code/rtl/rx_client_fifo.v(63)
HDL-5370 Similar messages will be suppressed.
HDL-1007 : analyze verilog file ../../source_code/rtl/temac_block.v
HDL-1007 : analyze verilog file ../../source_code/rtl/temac_clk_gen.v
HDL-1007 : analyze verilog file ../../source_code/rtl/tx_client_fifo.v
HDL-5370 WARNING: parameter 'IDLE_s' becomes localparam in 'tx_client_fifo' with formal parameter declaration list in ../../source_code/rtl/tx_client_fifo.v(53)
HDL-5370 WARNING: parameter 'QUEUE1_s' becomes localparam in 'tx_client_fifo' with formal parameter declaration list in ../../source_code/rtl/tx_client_fifo.v(54)
HDL-5370 WARNING: parameter 'QUEUE2_s' becomes localparam in 'tx_client_fifo' with formal parameter declaration list in ../../source_code/rtl/tx_client_fifo.v(55)
HDL-5370 WARNING: parameter 'QUEUE3_s' becomes localparam in 'tx_client_fifo' with formal parameter declaration list in ../../source_code/rtl/tx_client_fifo.v(56)
HDL-5370 WARNING: parameter 'QUEUE_ACK_s' becomes localparam in 'tx_client_fifo' with formal parameter declaration list in ../../source_code/rtl/tx_client_fifo.v(57)
HDL-5370 WARNING: parameter 'WAIT_ACK_s' becomes localparam in 'tx_client_fifo' with formal parameter declaration list in ../../source_code/rtl/tx_client_fifo.v(58)
HDL-5370 WARNING: parameter 'FRAME_s' becomes localparam in 'tx_client_fifo' with formal parameter declaration list in ../../source_code/rtl/tx_client_fifo.v(59)
HDL-5370 WARNING: parameter 'DROP_s' becomes localparam in 'tx_client_fifo' with formal parameter declaration list in ../../source_code/rtl/tx_client_fifo.v(60)
HDL-5370 WARNING: parameter 'RETRANSMIT_s' becomes localparam in 'tx_client_fifo' with formal parameter declaration list in ../../source_code/rtl/tx_client_fifo.v(61)
HDL-5370 WARNING: parameter 'WAIT_s' becomes localparam in 'tx_client_fifo' with formal parameter declaration list in ../../source_code/rtl/tx_client_fifo.v(67)
HDL-5370 Similar messages will be suppressed.
HDL-1007 : analyze verilog file ../../source_code/rtl/tx_clk_en_gen.v
HDL-1007 : analyze verilog file ../../source_code/rtl/udp_data_tpg.v
HDL-1007 : analyze verilog file ../../source_code/rtl/UDP_Example_Top.v
HDL-1007 : undeclared symbol 'use_sd_data', assumed default net type 'wire' in ../../source_code/rtl/UDP_Example_Top.v(225)
HDL-1007 : undeclared symbol 'phy_reset', assumed default net type 'wire' in ../../source_code/rtl/UDP_Example_Top.v(351)
HDL-5333 WARNING: data object 'rst_n' is already declared in ../../source_code/rtl/UDP_Example_Top.v(398)
HDL-1007 : previous declaration of 'rst_n' is from here in ../../source_code/rtl/UDP_Example_Top.v(200)
HDL-5007 WARNING: second declaration of 'rst_n' is ignored in ../../source_code/rtl/UDP_Example_Top.v(398)
HDL-1007 : undeclared symbol 'tpg_data_done', assumed default net type 'wire' in ../../source_code/rtl/UDP_Example_Top.v(518)
HDL-1007 : undeclared symbol 'clk', assumed default net type 'wire' in ../../source_code/rtl/UDP_Example_Top.v(549)
HDL-1007 : undeclared symbol 'video_clk', assumed default net type 'wire' in ../../source_code/rtl/UDP_Example_Top.v(550)
HDL-1007 : undeclared symbol 'hdmi_5x_clk', assumed default net type 'wire' in ../../source_code/rtl/UDP_Example_Top.v(551)
HDL-1007 : undeclared symbol 'vga_out_de', assumed default net type 'wire' in ../../source_code/rtl/UDP_Example_Top.v(557)
HDL-1007 : undeclared symbol 'video_read_req', assumed default net type 'wire' in ../../source_code/rtl/UDP_Example_Top.v(567)
HDL-1007 : undeclared symbol 'video_read_req_ack', assumed default net type 'wire' in ../../source_code/rtl/UDP_Example_Top.v(568)
HDL-1007 : undeclared symbol 'video_read_en', assumed default net type 'wire' in ../../source_code/rtl/UDP_Example_Top.v(580)
HDL-1007 : undeclared symbol 'hs', assumed default net type 'wire' in ../../source_code/rtl/UDP_Example_Top.v(591)
HDL-1007 : undeclared symbol 'vs', assumed default net type 'wire' in ../../source_code/rtl/UDP_Example_Top.v(592)
HDL-1007 : undeclared symbol 'de', assumed default net type 'wire' in ../../source_code/rtl/UDP_Example_Top.v(593)
HDL-1007 : undeclared symbol 'vout_data', assumed default net type 'wire' in ../../source_code/rtl/UDP_Example_Top.v(594)
HDL-1007 : analyze verilog file ../../source_code/rtl/udp_ip_protocol_stack_merge.enc.v
HDL-1007 : back to file '../../source_code/rtl/udp_ip_protocol_stack_merge.enc.v' in ../../source_code/rtl/udp_ip_protocol_stack_merge.enc.v(56)
HDL-1007 : undeclared symbol '**', assumed default net type '**' in ../../source_code/rtl/udp_ip_protocol_stack_merge.enc.v(2638)
HDL-1007 : back to file '../../source_code/rtl/udp_ip_protocol_stack_merge.enc.v' in ../../source_code/rtl/udp_ip_protocol_stack_merge.enc.v(420)
HDL-1007 : analyze verilog file ../../source_code/rtl/udp_loopback.v
HDL-1007 : analyze verilog file ../../source_code/rtl/sdr/rtl/app_wrrd.v
HDL-1007 : analyze included file ../../source_code/rtl/sdr/rtl/../include/global_def.v in ../../source_code/rtl/sdr/rtl/app_wrrd.v(10)
HDL-1007 : back to file '../../source_code/rtl/sdr/rtl/app_wrrd.v' in ../../source_code/rtl/sdr/rtl/app_wrrd.v(10)
HDL-5372 WARNING: redeclaration of ANSI port 'full_flag' is not allowed in ../../source_code/rtl/sdr/rtl/app_wrrd.v(61)
HDL-1007 : undeclared symbol 'afull', assumed default net type 'wire' in ../../source_code/rtl/sdr/rtl/app_wrrd.v(74)
HDL-1007 : undeclared symbol 'aempty', assumed default net type 'wire' in ../../source_code/rtl/sdr/rtl/app_wrrd.v(75)
HDL-1007 : undeclared symbol 'wrusedw', assumed default net type 'wire' in ../../source_code/rtl/sdr/rtl/app_wrrd.v(76)
HDL-5333 WARNING: data object 'w_addr_cnt' is already declared in ../../source_code/rtl/sdr/rtl/app_wrrd.v(139)
HDL-1007 : previous declaration of 'w_addr_cnt' is from here in ../../source_code/rtl/sdr/rtl/app_wrrd.v(38)
HDL-5007 WARNING: second declaration of 'w_addr_cnt' is ignored in ../../source_code/rtl/sdr/rtl/app_wrrd.v(139)
HDL-1007 : analyze verilog file ../../source_code/rtl/sdr/rtl/sdram_top.v
HDL-1007 : analyze included file ../../source_code/rtl/sdr/rtl/../include/global_def.v in ../../source_code/rtl/sdr/rtl/sdram_top.v(10)
HDL-1007 : back to file '../../source_code/rtl/sdr/rtl/sdram_top.v' in ../../source_code/rtl/sdr/rtl/sdram_top.v(10)
HDL-1007 : undeclared symbol 'Rst_n', assumed default net type 'wire' in ../../source_code/rtl/sdr/rtl/sdram_top.v(70)
HDL-5372 WARNING: redeclaration of ANSI port 'wr_done' is not allowed in ../../source_code/rtl/sdr/rtl/sdram_top.v(73)
HDL-1007 : undeclared symbol 'SDR_CKE', assumed default net type 'wire' in ../../source_code/rtl/sdr/rtl/sdram_top.v(132)
HDL-1007 : analyze verilog file ../../source_code/rtl/sd/sd_ctrl_top.v
HDL-1007 : analyze verilog file ../../source_code/rtl/sd/sd_init.v
HDL-1007 : analyze verilog file ../../source_code/rtl/sd/sd_read.v
HDL-1007 : analyze verilog file ../../source_code/rtl/sd/sd_read_photo.v
HDL-1007 : analyze verilog file ../../source_code/rtl/sdr/rtl/enc_file/sdr_as_ram.enc.v
HDL-1007 : back to file '../../source_code/rtl/sdr/rtl/enc_file/sdr_as_ram.enc.v' in ../../source_code/rtl/sdr/rtl/enc_file/sdr_as_ram.enc.v(45)
HDL-1007 : analyze verilog file ../../source_code/rtl/sdr/rtl/enc_file/sdr_init_ref.enc.v
HDL-1007 : undeclared symbol '**', assumed default net type '**' in ../../source_code/rtl/sdr/rtl/enc_file/sdr_init_ref.enc.v(57)
HDL-1007 : back to file '../../source_code/rtl/sdr/rtl/enc_file/sdr_init_ref.enc.v' in ../../source_code/rtl/sdr/rtl/enc_file/sdr_init_ref.enc.v(148)
HDL-5007 WARNING: concatenation with an unsized literal will be treated as 32 bits in ../../source_code/rtl/sdr/rtl/enc_file/sdr_init_ref.enc.v(47)
HDL-1007 : analyze verilog file ../../source_code/rtl/sdr/rtl/enc_file/sdr_wrrd.enc.v
HDL-5007 WARNING: concatenation with an unsized literal will be treated as 32 bits in ../../source_code/rtl/sdr/rtl/enc_file/sdr_wrrd.enc.v(283)
HDL-1007 : back to file '../../source_code/rtl/sdr/rtl/enc_file/sdr_wrrd.enc.v' in ../../source_code/rtl/sdr/rtl/enc_file/sdr_wrrd.enc.v(19)
HDL-1007 : analyze verilog file ../../source_code/rtl/camera_data_gen.v
HDL-1007 : analyze verilog file ../../source_code/rtl/ov5640/ov5640_dri.v
HDL-1007 : analyze verilog file ../../source_code/rtl/ov5640/ov5640_delay.v
HDL-1007 : analyze verilog file ../../source_code/rtl/ov5640/i2c_ov5640_rgb565_cfg.v
HDL-1007 : analyze verilog file ../../source_code/rtl/ov5640/i2c_dri.v
HDL-1007 : analyze verilog file ../../source_code/rtl/ov5640/cmos_capture_data.v
HDL-1007 : analyze verilog file ../../source_code/rtl/sdram_write_static_sel.v
HDL-1007 : analyze verilog file ../../source_code/rtl/sdram_read_align.v
HDL-1007 : analyze verilog file ../../source_code/rtl/display/color_bar.v
HDL-1007 : analyze included file ../../source_code/rtl/display/video_define.v in ../../source_code/rtl/display/color_bar.v(1)
HDL-1007 : back to file '../../source_code/rtl/display/color_bar.v' in ../../source_code/rtl/display/color_bar.v(1)
HDL-1007 : analyze verilog file ../../source_code/rtl/display/video_delay.v
HDL-1007 : analyze verilog file ../../source_code/rtl/display/video_timing_data.v
HDL-1007 : analyze VHDL file ../../source_code/rtl/hdmi/hdmi_tx.vhd
HDL-1007 : analyze entity hdmi_tx in ../../source_code/rtl/hdmi/hdmi_tx.vhd(11)
HDL-1007 : analyze architecture behavioral in ../../source_code/rtl/hdmi/hdmi_tx.vhd(33)
HDL-1007 : analyze verilog file ../../source_code/rtl/uart/cmd_ctrl.v
HDL-1007 : analyze verilog file ../../source_code/rtl/uart/uart_rx.v
HDL-1007 : analyze verilog file ../../source_code/rtl/uart/uart_test.v
HDL-1007 : analyze verilog file ../../source_code/rtl/uart/uart_tx.v
HDL-1007 : analyze verilog file ../../source_code/rtl/sd/sd_card_ctrl.v
HDL-1007 : analyze VHDL file ../../source_code/rtl/hdmi/enc_file/DVITransmitter.enc.vhd
HDL-1007 : analyze entity dvitransmitter in ../../source_code/rtl/hdmi/enc_file/DVITransmitter.enc.vhd(13)
HDL-1007 : analyze architecture ** in ../../source_code/rtl/hdmi/enc_file/DVITransmitter.enc.vhd(2)
HDL-1007 : analyze VHDL file ../../source_code/rtl/hdmi/enc_file/SerializerN_1_lvds.enc.vhd
HDL-1007 : analyze entity ** in ../../source_code/rtl/hdmi/enc_file/SerializerN_1_lvds.enc.vhd(12)
HDL-1007 : analyze architecture ** in ../../source_code/rtl/hdmi/enc_file/SerializerN_1_lvds.enc.vhd(25)
HDL-1007 : analyze VHDL file ../../source_code/rtl/hdmi/enc_file/SerializerN_1_lvds_dat.enc.vhd
HDL-1007 : analyze entity ** in ../../source_code/rtl/hdmi/enc_file/SerializerN_1_lvds_dat.enc.vhd(14)
HDL-1007 : analyze architecture ** in ../../source_code/rtl/hdmi/enc_file/SerializerN_1_lvds_dat.enc.vhd(28)
HDL-1007 : analyze VHDL file ../../source_code/rtl/hdmi/enc_file/TMDSEncoder.enc.vhd
HDL-1007 : analyze entity ** in ../../source_code/rtl/hdmi/enc_file/TMDSEncoder.enc.vhd(13)
HDL-1007 : analyze architecture ** in ../../source_code/rtl/hdmi/enc_file/TMDSEncoder.enc.vhd(24)
PRJ-1412 : reset_run syn_1 phy_1.
PRJ-1409 : launch_runs syn_1 phy_1  -jobs 6.
PRJ-5303 WARNING: Run syn_1 failed.
RUN-1002 : start command "save_best_bits"
PRJ-1412 : reset_run syn_1 phy_1.
PRJ-1409 : launch_runs syn_1 phy_1  -jobs 6.
PRJ-5303 WARNING: Run syn_1 failed.
RUN-1002 : start command "save_best_bits"
RUN-1002 : start command "import_db D:/Anlu/double_fpga_udp/tx/sdram_switch/UDP_EG4_6.2/prj/UDP_EXAMPLE/UDP_EXAMPLE_Runs/syn_1/UDP_EXAMPLE_rtl.db"
RUN-1001 : Importing database generated by Tang Dynasty, V6.2.168116.
RUN-1001 : Database version number 46207
RUN-1001 : Import flow parameters
RUN-1001 : Import netlist
RUN-1001 : Import timing constraints
RUN-1001 : Import IO constraints
RUN-1001 : Import Inst constraints
RUN-1001 : Import ChipWatcher
RUN-1001 : Import design success TD_VERSION=6.2.168116 , DB_VERSION=46207
RUN-1003 : finish command "import_db D:/Anlu/double_fpga_udp/tx/sdram_switch/UDP_EG4_6.2/prj/UDP_EXAMPLE/UDP_EXAMPLE_Runs/syn_1/UDP_EXAMPLE_rtl.db" in  1.467018s wall, 0.734375s user + 1.000000s system = 1.734375s CPU (118.2%)

RUN-1004 : used memory is 350 MB, reserved memory is 435 MB, peak memory is 811 MB
RUN-1002 : start command "commit_param -step design"
RUN-1001 : Print Global Property
RUN-1001 : --------------------------------------------------------
RUN-1001 :   Parameters   |  Settings  |  Default Values  |  Note  
RUN-1001 : --------------------------------------------------------
RUN-1001 :   enable_seed  |    off     |       off        |        
RUN-1001 :     message    |  standard  |     standard     |        
RUN-1001 :   qor_monitor  |     on     |        on        |        
RUN-1001 :   syn_ip_flow  |    off     |       off        |        
RUN-1001 :     thread     |    auto    |       auto       |        
RUN-1001 : --------------------------------------------------------
RUN-1001 : Print Design Property
RUN-1001 : ----------------------------------------------------------------
RUN-1001 :       Parameters       |  Settings  |  Default Values  |  Note  
RUN-1001 : ----------------------------------------------------------------
RUN-1001 :   default_reg_initial  |    auto    |       auto       |        
RUN-1001 :    hdl_warning_level   |   normal   |      normal      |        
RUN-1001 : ----------------------------------------------------------------
HDL-1007 : analyze verilog file al_ip/TEMAC_CORE/RTL/mac_core_aead6cd6dadd.v
HDL-1007 : analyze verilog file al_ip/TEMAC_CORE/RTL/TEMAC_CORE_aead6cd6dadd.v
HDL-5007 WARNING: column 1032 exceeds maximum value 1023 in al_ip/TEMAC_CORE/RTL/TEMAC_CORE_aead6cd6dadd.v(30)
HDL-1007 : back to file 'al_ip/TEMAC_CORE/RTL/TEMAC_CORE_aead6cd6dadd.v' in al_ip/TEMAC_CORE/RTL/TEMAC_CORE_aead6cd6dadd.v(86)
HDL-5007 WARNING: event expressions must result in a singular type in al_ip/TEMAC_CORE/RTL/TEMAC_CORE_aead6cd6dadd.v(3001)
HDL-1007 : undeclared symbol '**', assumed default net type '**' in al_ip/TEMAC_CORE/RTL/TEMAC_CORE_aead6cd6dadd.v(5050)
HDL-1007 : undeclared symbol '**', assumed default net type '**' in al_ip/TEMAC_CORE/RTL/TEMAC_CORE_aead6cd6dadd.v(5458)
HDL-5007 WARNING: column 1035 exceeds maximum value 1023 in al_ip/TEMAC_CORE/RTL/TEMAC_CORE_aead6cd6dadd.v(6001)
HDL-1007 : back to file 'al_ip/TEMAC_CORE/RTL/TEMAC_CORE_aead6cd6dadd.v' in al_ip/TEMAC_CORE/RTL/TEMAC_CORE_aead6cd6dadd.v(260)
HDL-1007 : analyze verilog file al_ip/TEMAC_CORE/TEMAC_CORE.v
HDL-1007 : analyze verilog file al_ip/clk_pll.v
HDL-1007 : undeclared symbol 'open', assumed default net type 'wire' in al_ip/clk_pll.v(85)
HDL-1007 : analyze verilog file al_ip/fifo_sdr_data_2.v
HDL-1007 : analyze verilog file al_ip/pll_50.v
HDL-1007 : undeclared symbol 'open', assumed default net type 'wire' in al_ip/pll_50.v(85)
HDL-1007 : analyze verilog file al_ip/pll_gen.v
HDL-1007 : undeclared symbol 'pll_gen_open0', assumed default net type 'wire' in al_ip/pll_gen.v(99)
HDL-1007 : undeclared symbol 'pll_gen_open8', assumed default net type 'wire' in al_ip/pll_gen.v(105)
HDL-1007 : undeclared symbol 'pll_gen_open7', assumed default net type 'wire' in al_ip/pll_gen.v(105)
HDL-1007 : undeclared symbol 'pll_gen_open6', assumed default net type 'wire' in al_ip/pll_gen.v(105)
HDL-1007 : undeclared symbol 'pll_gen_open5', assumed default net type 'wire' in al_ip/pll_gen.v(105)
HDL-1007 : undeclared symbol 'pll_gen_open4', assumed default net type 'wire' in al_ip/pll_gen.v(105)
HDL-1007 : undeclared symbol 'pll_gen_open3', assumed default net type 'wire' in al_ip/pll_gen.v(105)
HDL-1007 : undeclared symbol 'pll_gen_open2', assumed default net type 'wire' in al_ip/pll_gen.v(105)
HDL-1007 : undeclared symbol 'pll_gen_open1', assumed default net type 'wire' in al_ip/pll_gen.v(105)
HDL-1007 : analyze verilog file al_ip/rx_pll.v
HDL-1007 : undeclared symbol 'open', assumed default net type 'wire' in al_ip/rx_pll.v(78)
HDL-1007 : analyze verilog file ../../source_code/rtl/BUFGMUX.v
HDL-1007 : analyze verilog file ../../source_code/rtl/clk_gen_rst_gen.v
HDL-1007 : analyze verilog file ../../source_code/rtl/div_clk_gen.v
HDL-1007 : analyze verilog file ../../source_code/rtl/IDDR.v
HDL-1007 : analyze verilog file ../../source_code/rtl/ODDR.v
HDL-1007 : analyze verilog file ../../source_code/rtl/RAMB16_S9_S9.v
HDL-1007 : undeclared symbol 'open', assumed default net type 'wire' in ../../source_code/rtl/RAMB16_S9_S9.v(109)
HDL-1007 : analyze verilog file ../../source_code/rtl/rgmii_interface.v
HDL-1007 : analyze verilog file ../../source_code/rtl/rx_client_fifo.v
HDL-5370 WARNING: parameter 'WAIT_s' becomes localparam in 'rx_client_fifo' with formal parameter declaration list in ../../source_code/rtl/rx_client_fifo.v(49)
HDL-5370 WARNING: parameter 'QUEUE1_s' becomes localparam in 'rx_client_fifo' with formal parameter declaration list in ../../source_code/rtl/rx_client_fifo.v(50)
HDL-5370 WARNING: parameter 'QUEUE2_s' becomes localparam in 'rx_client_fifo' with formal parameter declaration list in ../../source_code/rtl/rx_client_fifo.v(51)
HDL-5370 WARNING: parameter 'QUEUE3_s' becomes localparam in 'rx_client_fifo' with formal parameter declaration list in ../../source_code/rtl/rx_client_fifo.v(52)
HDL-5370 WARNING: parameter 'QUEUE_SOF_s' becomes localparam in 'rx_client_fifo' with formal parameter declaration list in ../../source_code/rtl/rx_client_fifo.v(53)
HDL-5370 WARNING: parameter 'SOF_s' becomes localparam in 'rx_client_fifo' with formal parameter declaration list in ../../source_code/rtl/rx_client_fifo.v(54)
HDL-5370 WARNING: parameter 'DATA_s' becomes localparam in 'rx_client_fifo' with formal parameter declaration list in ../../source_code/rtl/rx_client_fifo.v(55)
HDL-5370 WARNING: parameter 'EOF_s' becomes localparam in 'rx_client_fifo' with formal parameter declaration list in ../../source_code/rtl/rx_client_fifo.v(56)
HDL-5370 WARNING: parameter 'IDLE_s' becomes localparam in 'rx_client_fifo' with formal parameter declaration list in ../../source_code/rtl/rx_client_fifo.v(62)
HDL-5370 WARNING: parameter 'FRAME_s' becomes localparam in 'rx_client_fifo' with formal parameter declaration list in ../../source_code/rtl/rx_client_fifo.v(63)
HDL-5370 Similar messages will be suppressed.
HDL-1007 : analyze verilog file ../../source_code/rtl/temac_block.v
HDL-1007 : analyze verilog file ../../source_code/rtl/temac_clk_gen.v
HDL-1007 : analyze verilog file ../../source_code/rtl/tx_client_fifo.v
HDL-5370 WARNING: parameter 'IDLE_s' becomes localparam in 'tx_client_fifo' with formal parameter declaration list in ../../source_code/rtl/tx_client_fifo.v(53)
HDL-5370 WARNING: parameter 'QUEUE1_s' becomes localparam in 'tx_client_fifo' with formal parameter declaration list in ../../source_code/rtl/tx_client_fifo.v(54)
HDL-5370 WARNING: parameter 'QUEUE2_s' becomes localparam in 'tx_client_fifo' with formal parameter declaration list in ../../source_code/rtl/tx_client_fifo.v(55)
HDL-5370 WARNING: parameter 'QUEUE3_s' becomes localparam in 'tx_client_fifo' with formal parameter declaration list in ../../source_code/rtl/tx_client_fifo.v(56)
HDL-5370 WARNING: parameter 'QUEUE_ACK_s' becomes localparam in 'tx_client_fifo' with formal parameter declaration list in ../../source_code/rtl/tx_client_fifo.v(57)
HDL-5370 WARNING: parameter 'WAIT_ACK_s' becomes localparam in 'tx_client_fifo' with formal parameter declaration list in ../../source_code/rtl/tx_client_fifo.v(58)
HDL-5370 WARNING: parameter 'FRAME_s' becomes localparam in 'tx_client_fifo' with formal parameter declaration list in ../../source_code/rtl/tx_client_fifo.v(59)
HDL-5370 WARNING: parameter 'DROP_s' becomes localparam in 'tx_client_fifo' with formal parameter declaration list in ../../source_code/rtl/tx_client_fifo.v(60)
HDL-5370 WARNING: parameter 'RETRANSMIT_s' becomes localparam in 'tx_client_fifo' with formal parameter declaration list in ../../source_code/rtl/tx_client_fifo.v(61)
HDL-5370 WARNING: parameter 'WAIT_s' becomes localparam in 'tx_client_fifo' with formal parameter declaration list in ../../source_code/rtl/tx_client_fifo.v(67)
HDL-5370 Similar messages will be suppressed.
HDL-1007 : analyze verilog file ../../source_code/rtl/tx_clk_en_gen.v
HDL-1007 : analyze verilog file ../../source_code/rtl/udp_data_tpg.v
HDL-1007 : analyze verilog file ../../source_code/rtl/UDP_Example_Top.v
HDL-1007 : undeclared symbol 'use_sd_data', assumed default net type 'wire' in ../../source_code/rtl/UDP_Example_Top.v(225)
HDL-1007 : undeclared symbol 'phy_reset', assumed default net type 'wire' in ../../source_code/rtl/UDP_Example_Top.v(351)
HDL-5333 WARNING: data object 'rst_n' is already declared in ../../source_code/rtl/UDP_Example_Top.v(398)
HDL-1007 : previous declaration of 'rst_n' is from here in ../../source_code/rtl/UDP_Example_Top.v(200)
HDL-5007 WARNING: second declaration of 'rst_n' is ignored in ../../source_code/rtl/UDP_Example_Top.v(398)
HDL-1007 : undeclared symbol 'tpg_data_done', assumed default net type 'wire' in ../../source_code/rtl/UDP_Example_Top.v(518)
HDL-1007 : undeclared symbol 'clk', assumed default net type 'wire' in ../../source_code/rtl/UDP_Example_Top.v(549)
HDL-1007 : undeclared symbol 'video_clk', assumed default net type 'wire' in ../../source_code/rtl/UDP_Example_Top.v(550)
HDL-1007 : undeclared symbol 'hdmi_5x_clk', assumed default net type 'wire' in ../../source_code/rtl/UDP_Example_Top.v(551)
HDL-1007 : undeclared symbol 'vga_out_de', assumed default net type 'wire' in ../../source_code/rtl/UDP_Example_Top.v(557)
HDL-1007 : undeclared symbol 'video_read_req', assumed default net type 'wire' in ../../source_code/rtl/UDP_Example_Top.v(567)
HDL-1007 : undeclared symbol 'video_read_req_ack', assumed default net type 'wire' in ../../source_code/rtl/UDP_Example_Top.v(568)
HDL-1007 : undeclared symbol 'video_read_en', assumed default net type 'wire' in ../../source_code/rtl/UDP_Example_Top.v(580)
HDL-1007 : undeclared symbol 'hs', assumed default net type 'wire' in ../../source_code/rtl/UDP_Example_Top.v(591)
HDL-1007 : undeclared symbol 'vs', assumed default net type 'wire' in ../../source_code/rtl/UDP_Example_Top.v(592)
HDL-1007 : undeclared symbol 'de', assumed default net type 'wire' in ../../source_code/rtl/UDP_Example_Top.v(593)
HDL-1007 : undeclared symbol 'vout_data', assumed default net type 'wire' in ../../source_code/rtl/UDP_Example_Top.v(594)
HDL-1007 : analyze verilog file ../../source_code/rtl/udp_ip_protocol_stack_merge.enc.v
HDL-1007 : back to file '../../source_code/rtl/udp_ip_protocol_stack_merge.enc.v' in ../../source_code/rtl/udp_ip_protocol_stack_merge.enc.v(56)
HDL-1007 : undeclared symbol '**', assumed default net type '**' in ../../source_code/rtl/udp_ip_protocol_stack_merge.enc.v(2638)
HDL-1007 : back to file '../../source_code/rtl/udp_ip_protocol_stack_merge.enc.v' in ../../source_code/rtl/udp_ip_protocol_stack_merge.enc.v(420)
HDL-1007 : analyze verilog file ../../source_code/rtl/udp_loopback.v
HDL-1007 : analyze verilog file ../../source_code/rtl/sdr/rtl/app_wrrd.v
HDL-1007 : analyze included file ../../source_code/rtl/sdr/rtl/../include/global_def.v in ../../source_code/rtl/sdr/rtl/app_wrrd.v(10)
HDL-1007 : back to file '../../source_code/rtl/sdr/rtl/app_wrrd.v' in ../../source_code/rtl/sdr/rtl/app_wrrd.v(10)
HDL-5372 WARNING: redeclaration of ANSI port 'full_flag' is not allowed in ../../source_code/rtl/sdr/rtl/app_wrrd.v(61)
HDL-1007 : undeclared symbol 'afull', assumed default net type 'wire' in ../../source_code/rtl/sdr/rtl/app_wrrd.v(74)
HDL-1007 : undeclared symbol 'aempty', assumed default net type 'wire' in ../../source_code/rtl/sdr/rtl/app_wrrd.v(75)
HDL-1007 : undeclared symbol 'wrusedw', assumed default net type 'wire' in ../../source_code/rtl/sdr/rtl/app_wrrd.v(76)
HDL-5333 WARNING: data object 'w_addr_cnt' is already declared in ../../source_code/rtl/sdr/rtl/app_wrrd.v(139)
HDL-1007 : previous declaration of 'w_addr_cnt' is from here in ../../source_code/rtl/sdr/rtl/app_wrrd.v(38)
HDL-5007 WARNING: second declaration of 'w_addr_cnt' is ignored in ../../source_code/rtl/sdr/rtl/app_wrrd.v(139)
HDL-1007 : analyze verilog file ../../source_code/rtl/sdr/rtl/sdram_top.v
HDL-1007 : analyze included file ../../source_code/rtl/sdr/rtl/../include/global_def.v in ../../source_code/rtl/sdr/rtl/sdram_top.v(10)
HDL-1007 : back to file '../../source_code/rtl/sdr/rtl/sdram_top.v' in ../../source_code/rtl/sdr/rtl/sdram_top.v(10)
HDL-1007 : undeclared symbol 'Rst_n', assumed default net type 'wire' in ../../source_code/rtl/sdr/rtl/sdram_top.v(70)
HDL-5372 WARNING: redeclaration of ANSI port 'wr_done' is not allowed in ../../source_code/rtl/sdr/rtl/sdram_top.v(73)
HDL-1007 : undeclared symbol 'SDR_CKE', assumed default net type 'wire' in ../../source_code/rtl/sdr/rtl/sdram_top.v(132)
HDL-1007 : analyze verilog file ../../source_code/rtl/sd/sd_ctrl_top.v
HDL-1007 : analyze verilog file ../../source_code/rtl/sd/sd_init.v
HDL-1007 : analyze verilog file ../../source_code/rtl/sd/sd_read.v
HDL-1007 : analyze verilog file ../../source_code/rtl/sd/sd_read_photo.v
HDL-1007 : analyze verilog file ../../source_code/rtl/sdr/rtl/enc_file/sdr_as_ram.enc.v
HDL-1007 : back to file '../../source_code/rtl/sdr/rtl/enc_file/sdr_as_ram.enc.v' in ../../source_code/rtl/sdr/rtl/enc_file/sdr_as_ram.enc.v(45)
HDL-1007 : analyze verilog file ../../source_code/rtl/sdr/rtl/enc_file/sdr_init_ref.enc.v
HDL-1007 : undeclared symbol '**', assumed default net type '**' in ../../source_code/rtl/sdr/rtl/enc_file/sdr_init_ref.enc.v(57)
HDL-1007 : back to file '../../source_code/rtl/sdr/rtl/enc_file/sdr_init_ref.enc.v' in ../../source_code/rtl/sdr/rtl/enc_file/sdr_init_ref.enc.v(148)
HDL-5007 WARNING: concatenation with an unsized literal will be treated as 32 bits in ../../source_code/rtl/sdr/rtl/enc_file/sdr_init_ref.enc.v(47)
HDL-1007 : analyze verilog file ../../source_code/rtl/sdr/rtl/enc_file/sdr_wrrd.enc.v
HDL-5007 WARNING: concatenation with an unsized literal will be treated as 32 bits in ../../source_code/rtl/sdr/rtl/enc_file/sdr_wrrd.enc.v(283)
HDL-1007 : back to file '../../source_code/rtl/sdr/rtl/enc_file/sdr_wrrd.enc.v' in ../../source_code/rtl/sdr/rtl/enc_file/sdr_wrrd.enc.v(19)
HDL-1007 : analyze verilog file ../../source_code/rtl/camera_data_gen.v
HDL-1007 : analyze verilog file ../../source_code/rtl/ov5640/ov5640_dri.v
HDL-1007 : analyze verilog file ../../source_code/rtl/ov5640/ov5640_delay.v
HDL-1007 : analyze verilog file ../../source_code/rtl/ov5640/i2c_ov5640_rgb565_cfg.v
HDL-1007 : analyze verilog file ../../source_code/rtl/ov5640/i2c_dri.v
HDL-1007 : analyze verilog file ../../source_code/rtl/ov5640/cmos_capture_data.v
HDL-1007 : analyze verilog file ../../source_code/rtl/sdram_write_static_sel.v
HDL-1007 : analyze verilog file ../../source_code/rtl/sdram_read_align.v
HDL-1007 : analyze verilog file ../../source_code/rtl/display/color_bar.v
HDL-1007 : analyze included file ../../source_code/rtl/display/video_define.v in ../../source_code/rtl/display/color_bar.v(1)
HDL-1007 : back to file '../../source_code/rtl/display/color_bar.v' in ../../source_code/rtl/display/color_bar.v(1)
HDL-1007 : analyze verilog file ../../source_code/rtl/display/video_delay.v
HDL-1007 : analyze verilog file ../../source_code/rtl/display/video_timing_data.v
HDL-1007 : analyze VHDL file ../../source_code/rtl/hdmi/hdmi_tx.vhd
HDL-1007 : analyze entity hdmi_tx in ../../source_code/rtl/hdmi/hdmi_tx.vhd(11)
HDL-1007 : analyze architecture behavioral in ../../source_code/rtl/hdmi/hdmi_tx.vhd(33)
HDL-1007 : analyze verilog file ../../source_code/rtl/uart/cmd_ctrl.v
HDL-1007 : analyze verilog file ../../source_code/rtl/uart/uart_rx.v
HDL-1007 : analyze verilog file ../../source_code/rtl/uart/uart_test.v
HDL-1007 : analyze verilog file ../../source_code/rtl/uart/uart_tx.v
HDL-1007 : analyze verilog file ../../source_code/rtl/sd/sd_card_ctrl.v
HDL-1007 : analyze VHDL file ../../source_code/rtl/hdmi/enc_file/DVITransmitter.enc.vhd
HDL-1007 : analyze entity dvitransmitter in ../../source_code/rtl/hdmi/enc_file/DVITransmitter.enc.vhd(13)
HDL-1007 : analyze architecture ** in ../../source_code/rtl/hdmi/enc_file/DVITransmitter.enc.vhd(2)
HDL-1007 : analyze VHDL file ../../source_code/rtl/hdmi/enc_file/SerializerN_1_lvds.enc.vhd
HDL-1007 : analyze entity ** in ../../source_code/rtl/hdmi/enc_file/SerializerN_1_lvds.enc.vhd(12)
HDL-1007 : analyze architecture ** in ../../source_code/rtl/hdmi/enc_file/SerializerN_1_lvds.enc.vhd(25)
HDL-1007 : analyze VHDL file ../../source_code/rtl/hdmi/enc_file/SerializerN_1_lvds_dat.enc.vhd
HDL-1007 : analyze entity ** in ../../source_code/rtl/hdmi/enc_file/SerializerN_1_lvds_dat.enc.vhd(14)
HDL-1007 : analyze architecture ** in ../../source_code/rtl/hdmi/enc_file/SerializerN_1_lvds_dat.enc.vhd(28)
HDL-1007 : analyze VHDL file ../../source_code/rtl/hdmi/enc_file/TMDSEncoder.enc.vhd
HDL-1007 : analyze entity ** in ../../source_code/rtl/hdmi/enc_file/TMDSEncoder.enc.vhd(13)
HDL-1007 : analyze architecture ** in ../../source_code/rtl/hdmi/enc_file/TMDSEncoder.enc.vhd(24)
RUN-1002 : start command "commit_param -step design"
RUN-1001 : Print Global Property
RUN-1001 : --------------------------------------------------------
RUN-1001 :   Parameters   |  Settings  |  Default Values  |  Note  
RUN-1001 : --------------------------------------------------------
RUN-1001 :   enable_seed  |    off     |       off        |        
RUN-1001 :     message    |  standard  |     standard     |        
RUN-1001 :   qor_monitor  |     on     |        on        |        
RUN-1001 :   syn_ip_flow  |    off     |       off        |        
RUN-1001 :     thread     |    auto    |       auto       |        
RUN-1001 : --------------------------------------------------------
RUN-1001 : Print Design Property
RUN-1001 : ----------------------------------------------------------------
RUN-1001 :       Parameters       |  Settings  |  Default Values  |  Note  
RUN-1001 : ----------------------------------------------------------------
RUN-1001 :   default_reg_initial  |    auto    |       auto       |        
RUN-1001 :    hdl_warning_level   |   normal   |      normal      |        
RUN-1001 : ----------------------------------------------------------------
HDL-1007 : analyze verilog file al_ip/TEMAC_CORE/RTL/mac_core_aead6cd6dadd.v
HDL-1007 : analyze verilog file al_ip/TEMAC_CORE/RTL/TEMAC_CORE_aead6cd6dadd.v
HDL-5007 WARNING: column 1032 exceeds maximum value 1023 in al_ip/TEMAC_CORE/RTL/TEMAC_CORE_aead6cd6dadd.v(30)
HDL-1007 : back to file 'al_ip/TEMAC_CORE/RTL/TEMAC_CORE_aead6cd6dadd.v' in al_ip/TEMAC_CORE/RTL/TEMAC_CORE_aead6cd6dadd.v(86)
HDL-5007 WARNING: event expressions must result in a singular type in al_ip/TEMAC_CORE/RTL/TEMAC_CORE_aead6cd6dadd.v(3001)
HDL-1007 : undeclared symbol '**', assumed default net type '**' in al_ip/TEMAC_CORE/RTL/TEMAC_CORE_aead6cd6dadd.v(5050)
HDL-1007 : undeclared symbol '**', assumed default net type '**' in al_ip/TEMAC_CORE/RTL/TEMAC_CORE_aead6cd6dadd.v(5458)
HDL-5007 WARNING: column 1035 exceeds maximum value 1023 in al_ip/TEMAC_CORE/RTL/TEMAC_CORE_aead6cd6dadd.v(6001)
HDL-1007 : back to file 'al_ip/TEMAC_CORE/RTL/TEMAC_CORE_aead6cd6dadd.v' in al_ip/TEMAC_CORE/RTL/TEMAC_CORE_aead6cd6dadd.v(260)
HDL-1007 : analyze verilog file al_ip/TEMAC_CORE/TEMAC_CORE.v
HDL-1007 : analyze verilog file al_ip/clk_pll.v
HDL-1007 : undeclared symbol 'open', assumed default net type 'wire' in al_ip/clk_pll.v(85)
HDL-1007 : analyze verilog file al_ip/fifo_sdr_data_2.v
HDL-1007 : analyze verilog file al_ip/pll_50.v
HDL-1007 : undeclared symbol 'open', assumed default net type 'wire' in al_ip/pll_50.v(85)
HDL-1007 : analyze verilog file al_ip/pll_gen.v
HDL-1007 : undeclared symbol 'pll_gen_open0', assumed default net type 'wire' in al_ip/pll_gen.v(99)
HDL-1007 : undeclared symbol 'pll_gen_open8', assumed default net type 'wire' in al_ip/pll_gen.v(105)
HDL-1007 : undeclared symbol 'pll_gen_open7', assumed default net type 'wire' in al_ip/pll_gen.v(105)
HDL-1007 : undeclared symbol 'pll_gen_open6', assumed default net type 'wire' in al_ip/pll_gen.v(105)
HDL-1007 : undeclared symbol 'pll_gen_open5', assumed default net type 'wire' in al_ip/pll_gen.v(105)
HDL-1007 : undeclared symbol 'pll_gen_open4', assumed default net type 'wire' in al_ip/pll_gen.v(105)
HDL-1007 : undeclared symbol 'pll_gen_open3', assumed default net type 'wire' in al_ip/pll_gen.v(105)
HDL-1007 : undeclared symbol 'pll_gen_open2', assumed default net type 'wire' in al_ip/pll_gen.v(105)
HDL-1007 : undeclared symbol 'pll_gen_open1', assumed default net type 'wire' in al_ip/pll_gen.v(105)
HDL-1007 : analyze verilog file al_ip/rx_pll.v
HDL-1007 : undeclared symbol 'open', assumed default net type 'wire' in al_ip/rx_pll.v(78)
HDL-1007 : analyze verilog file al_ip/video_pll.v
HDL-1007 : undeclared symbol 'video_pll_open0', assumed default net type 'wire' in al_ip/video_pll.v(70)
HDL-1007 : undeclared symbol 'video_pll_open1', assumed default net type 'wire' in al_ip/video_pll.v(76)
HDL-1007 : undeclared symbol 'video_pll_open9', assumed default net type 'wire' in al_ip/video_pll.v(82)
HDL-1007 : undeclared symbol 'video_pll_open8', assumed default net type 'wire' in al_ip/video_pll.v(82)
HDL-1007 : undeclared symbol 'video_pll_open7', assumed default net type 'wire' in al_ip/video_pll.v(82)
HDL-1007 : undeclared symbol 'video_pll_open6', assumed default net type 'wire' in al_ip/video_pll.v(82)
HDL-1007 : undeclared symbol 'video_pll_open5', assumed default net type 'wire' in al_ip/video_pll.v(82)
HDL-1007 : undeclared symbol 'video_pll_open4', assumed default net type 'wire' in al_ip/video_pll.v(82)
HDL-1007 : undeclared symbol 'video_pll_open3', assumed default net type 'wire' in al_ip/video_pll.v(82)
HDL-1007 : undeclared symbol 'video_pll_open2', assumed default net type 'wire' in al_ip/video_pll.v(82)
HDL-1007 : undeclared symbol 'video_pll_open12', assumed default net type 'wire' in al_ip/video_pll.v(84)
HDL-1007 : undeclared symbol 'video_pll_open11', assumed default net type 'wire' in al_ip/video_pll.v(84)
HDL-1007 : undeclared symbol 'video_pll_open10', assumed default net type 'wire' in al_ip/video_pll.v(84)
HDL-1007 : analyze verilog file ../../source_code/rtl/BUFGMUX.v
HDL-1007 : analyze verilog file ../../source_code/rtl/clk_gen_rst_gen.v
HDL-1007 : analyze verilog file ../../source_code/rtl/div_clk_gen.v
HDL-1007 : analyze verilog file ../../source_code/rtl/IDDR.v
HDL-1007 : analyze verilog file ../../source_code/rtl/ODDR.v
HDL-1007 : analyze verilog file ../../source_code/rtl/RAMB16_S9_S9.v
HDL-1007 : undeclared symbol 'open', assumed default net type 'wire' in ../../source_code/rtl/RAMB16_S9_S9.v(109)
HDL-1007 : analyze verilog file ../../source_code/rtl/rgmii_interface.v
HDL-1007 : analyze verilog file ../../source_code/rtl/rx_client_fifo.v
HDL-5370 WARNING: parameter 'WAIT_s' becomes localparam in 'rx_client_fifo' with formal parameter declaration list in ../../source_code/rtl/rx_client_fifo.v(49)
HDL-5370 WARNING: parameter 'QUEUE1_s' becomes localparam in 'rx_client_fifo' with formal parameter declaration list in ../../source_code/rtl/rx_client_fifo.v(50)
HDL-5370 WARNING: parameter 'QUEUE2_s' becomes localparam in 'rx_client_fifo' with formal parameter declaration list in ../../source_code/rtl/rx_client_fifo.v(51)
HDL-5370 WARNING: parameter 'QUEUE3_s' becomes localparam in 'rx_client_fifo' with formal parameter declaration list in ../../source_code/rtl/rx_client_fifo.v(52)
HDL-5370 WARNING: parameter 'QUEUE_SOF_s' becomes localparam in 'rx_client_fifo' with formal parameter declaration list in ../../source_code/rtl/rx_client_fifo.v(53)
HDL-5370 WARNING: parameter 'SOF_s' becomes localparam in 'rx_client_fifo' with formal parameter declaration list in ../../source_code/rtl/rx_client_fifo.v(54)
HDL-5370 WARNING: parameter 'DATA_s' becomes localparam in 'rx_client_fifo' with formal parameter declaration list in ../../source_code/rtl/rx_client_fifo.v(55)
HDL-5370 WARNING: parameter 'EOF_s' becomes localparam in 'rx_client_fifo' with formal parameter declaration list in ../../source_code/rtl/rx_client_fifo.v(56)
HDL-5370 WARNING: parameter 'IDLE_s' becomes localparam in 'rx_client_fifo' with formal parameter declaration list in ../../source_code/rtl/rx_client_fifo.v(62)
HDL-5370 WARNING: parameter 'FRAME_s' becomes localparam in 'rx_client_fifo' with formal parameter declaration list in ../../source_code/rtl/rx_client_fifo.v(63)
HDL-5370 Similar messages will be suppressed.
HDL-1007 : analyze verilog file ../../source_code/rtl/temac_block.v
HDL-1007 : analyze verilog file ../../source_code/rtl/temac_clk_gen.v
HDL-1007 : analyze verilog file ../../source_code/rtl/tx_client_fifo.v
HDL-5370 WARNING: parameter 'IDLE_s' becomes localparam in 'tx_client_fifo' with formal parameter declaration list in ../../source_code/rtl/tx_client_fifo.v(53)
HDL-5370 WARNING: parameter 'QUEUE1_s' becomes localparam in 'tx_client_fifo' with formal parameter declaration list in ../../source_code/rtl/tx_client_fifo.v(54)
HDL-5370 WARNING: parameter 'QUEUE2_s' becomes localparam in 'tx_client_fifo' with formal parameter declaration list in ../../source_code/rtl/tx_client_fifo.v(55)
HDL-5370 WARNING: parameter 'QUEUE3_s' becomes localparam in 'tx_client_fifo' with formal parameter declaration list in ../../source_code/rtl/tx_client_fifo.v(56)
HDL-5370 WARNING: parameter 'QUEUE_ACK_s' becomes localparam in 'tx_client_fifo' with formal parameter declaration list in ../../source_code/rtl/tx_client_fifo.v(57)
HDL-5370 WARNING: parameter 'WAIT_ACK_s' becomes localparam in 'tx_client_fifo' with formal parameter declaration list in ../../source_code/rtl/tx_client_fifo.v(58)
HDL-5370 WARNING: parameter 'FRAME_s' becomes localparam in 'tx_client_fifo' with formal parameter declaration list in ../../source_code/rtl/tx_client_fifo.v(59)
HDL-5370 WARNING: parameter 'DROP_s' becomes localparam in 'tx_client_fifo' with formal parameter declaration list in ../../source_code/rtl/tx_client_fifo.v(60)
HDL-5370 WARNING: parameter 'RETRANSMIT_s' becomes localparam in 'tx_client_fifo' with formal parameter declaration list in ../../source_code/rtl/tx_client_fifo.v(61)
HDL-5370 WARNING: parameter 'WAIT_s' becomes localparam in 'tx_client_fifo' with formal parameter declaration list in ../../source_code/rtl/tx_client_fifo.v(67)
HDL-5370 Similar messages will be suppressed.
HDL-1007 : analyze verilog file ../../source_code/rtl/tx_clk_en_gen.v
HDL-1007 : analyze verilog file ../../source_code/rtl/udp_data_tpg.v
HDL-1007 : analyze verilog file ../../source_code/rtl/UDP_Example_Top.v
HDL-1007 : undeclared symbol 'use_sd_data', assumed default net type 'wire' in ../../source_code/rtl/UDP_Example_Top.v(225)
HDL-1007 : undeclared symbol 'phy_reset', assumed default net type 'wire' in ../../source_code/rtl/UDP_Example_Top.v(351)
HDL-5333 WARNING: data object 'rst_n' is already declared in ../../source_code/rtl/UDP_Example_Top.v(398)
HDL-1007 : previous declaration of 'rst_n' is from here in ../../source_code/rtl/UDP_Example_Top.v(200)
HDL-5007 WARNING: second declaration of 'rst_n' is ignored in ../../source_code/rtl/UDP_Example_Top.v(398)
HDL-1007 : undeclared symbol 'tpg_data_done', assumed default net type 'wire' in ../../source_code/rtl/UDP_Example_Top.v(518)
HDL-1007 : undeclared symbol 'clk', assumed default net type 'wire' in ../../source_code/rtl/UDP_Example_Top.v(549)
HDL-1007 : undeclared symbol 'video_clk', assumed default net type 'wire' in ../../source_code/rtl/UDP_Example_Top.v(550)
HDL-1007 : undeclared symbol 'hdmi_5x_clk', assumed default net type 'wire' in ../../source_code/rtl/UDP_Example_Top.v(551)
HDL-1007 : undeclared symbol 'vga_out_de', assumed default net type 'wire' in ../../source_code/rtl/UDP_Example_Top.v(557)
HDL-1007 : undeclared symbol 'video_read_req', assumed default net type 'wire' in ../../source_code/rtl/UDP_Example_Top.v(567)
HDL-1007 : undeclared symbol 'video_read_req_ack', assumed default net type 'wire' in ../../source_code/rtl/UDP_Example_Top.v(568)
HDL-1007 : undeclared symbol 'video_read_en', assumed default net type 'wire' in ../../source_code/rtl/UDP_Example_Top.v(580)
HDL-1007 : undeclared symbol 'hs', assumed default net type 'wire' in ../../source_code/rtl/UDP_Example_Top.v(591)
HDL-1007 : undeclared symbol 'vs', assumed default net type 'wire' in ../../source_code/rtl/UDP_Example_Top.v(592)
HDL-1007 : undeclared symbol 'de', assumed default net type 'wire' in ../../source_code/rtl/UDP_Example_Top.v(593)
HDL-1007 : undeclared symbol 'vout_data', assumed default net type 'wire' in ../../source_code/rtl/UDP_Example_Top.v(594)
HDL-1007 : analyze verilog file ../../source_code/rtl/udp_ip_protocol_stack_merge.enc.v
HDL-1007 : back to file '../../source_code/rtl/udp_ip_protocol_stack_merge.enc.v' in ../../source_code/rtl/udp_ip_protocol_stack_merge.enc.v(56)
HDL-1007 : undeclared symbol '**', assumed default net type '**' in ../../source_code/rtl/udp_ip_protocol_stack_merge.enc.v(2638)
HDL-1007 : back to file '../../source_code/rtl/udp_ip_protocol_stack_merge.enc.v' in ../../source_code/rtl/udp_ip_protocol_stack_merge.enc.v(420)
HDL-1007 : analyze verilog file ../../source_code/rtl/udp_loopback.v
HDL-1007 : analyze verilog file ../../source_code/rtl/sdr/rtl/app_wrrd.v
HDL-1007 : analyze included file ../../source_code/rtl/sdr/rtl/../include/global_def.v in ../../source_code/rtl/sdr/rtl/app_wrrd.v(10)
HDL-1007 : back to file '../../source_code/rtl/sdr/rtl/app_wrrd.v' in ../../source_code/rtl/sdr/rtl/app_wrrd.v(10)
HDL-5372 WARNING: redeclaration of ANSI port 'full_flag' is not allowed in ../../source_code/rtl/sdr/rtl/app_wrrd.v(61)
HDL-1007 : undeclared symbol 'afull', assumed default net type 'wire' in ../../source_code/rtl/sdr/rtl/app_wrrd.v(74)
HDL-1007 : undeclared symbol 'aempty', assumed default net type 'wire' in ../../source_code/rtl/sdr/rtl/app_wrrd.v(75)
HDL-1007 : undeclared symbol 'wrusedw', assumed default net type 'wire' in ../../source_code/rtl/sdr/rtl/app_wrrd.v(76)
HDL-5333 WARNING: data object 'w_addr_cnt' is already declared in ../../source_code/rtl/sdr/rtl/app_wrrd.v(139)
HDL-1007 : previous declaration of 'w_addr_cnt' is from here in ../../source_code/rtl/sdr/rtl/app_wrrd.v(38)
HDL-5007 WARNING: second declaration of 'w_addr_cnt' is ignored in ../../source_code/rtl/sdr/rtl/app_wrrd.v(139)
HDL-1007 : analyze verilog file ../../source_code/rtl/sdr/rtl/sdram_top.v
HDL-1007 : analyze included file ../../source_code/rtl/sdr/rtl/../include/global_def.v in ../../source_code/rtl/sdr/rtl/sdram_top.v(10)
HDL-1007 : back to file '../../source_code/rtl/sdr/rtl/sdram_top.v' in ../../source_code/rtl/sdr/rtl/sdram_top.v(10)
HDL-1007 : undeclared symbol 'Rst_n', assumed default net type 'wire' in ../../source_code/rtl/sdr/rtl/sdram_top.v(70)
HDL-5372 WARNING: redeclaration of ANSI port 'wr_done' is not allowed in ../../source_code/rtl/sdr/rtl/sdram_top.v(73)
HDL-1007 : undeclared symbol 'SDR_CKE', assumed default net type 'wire' in ../../source_code/rtl/sdr/rtl/sdram_top.v(132)
HDL-1007 : analyze verilog file ../../source_code/rtl/sd/sd_ctrl_top.v
HDL-1007 : analyze verilog file ../../source_code/rtl/sd/sd_init.v
HDL-1007 : analyze verilog file ../../source_code/rtl/sd/sd_read.v
HDL-1007 : analyze verilog file ../../source_code/rtl/sd/sd_read_photo.v
HDL-1007 : analyze verilog file ../../source_code/rtl/sdr/rtl/enc_file/sdr_as_ram.enc.v
HDL-1007 : back to file '../../source_code/rtl/sdr/rtl/enc_file/sdr_as_ram.enc.v' in ../../source_code/rtl/sdr/rtl/enc_file/sdr_as_ram.enc.v(45)
HDL-1007 : analyze verilog file ../../source_code/rtl/sdr/rtl/enc_file/sdr_init_ref.enc.v
HDL-1007 : undeclared symbol '**', assumed default net type '**' in ../../source_code/rtl/sdr/rtl/enc_file/sdr_init_ref.enc.v(57)
HDL-1007 : back to file '../../source_code/rtl/sdr/rtl/enc_file/sdr_init_ref.enc.v' in ../../source_code/rtl/sdr/rtl/enc_file/sdr_init_ref.enc.v(148)
HDL-5007 WARNING: concatenation with an unsized literal will be treated as 32 bits in ../../source_code/rtl/sdr/rtl/enc_file/sdr_init_ref.enc.v(47)
HDL-1007 : analyze verilog file ../../source_code/rtl/sdr/rtl/enc_file/sdr_wrrd.enc.v
HDL-5007 WARNING: concatenation with an unsized literal will be treated as 32 bits in ../../source_code/rtl/sdr/rtl/enc_file/sdr_wrrd.enc.v(283)
HDL-1007 : back to file '../../source_code/rtl/sdr/rtl/enc_file/sdr_wrrd.enc.v' in ../../source_code/rtl/sdr/rtl/enc_file/sdr_wrrd.enc.v(19)
HDL-1007 : analyze verilog file ../../source_code/rtl/camera_data_gen.v
HDL-1007 : analyze verilog file ../../source_code/rtl/ov5640/ov5640_dri.v
HDL-1007 : analyze verilog file ../../source_code/rtl/ov5640/ov5640_delay.v
HDL-1007 : analyze verilog file ../../source_code/rtl/ov5640/i2c_ov5640_rgb565_cfg.v
HDL-1007 : analyze verilog file ../../source_code/rtl/ov5640/i2c_dri.v
HDL-1007 : analyze verilog file ../../source_code/rtl/ov5640/cmos_capture_data.v
HDL-1007 : analyze verilog file ../../source_code/rtl/sdram_write_static_sel.v
HDL-1007 : analyze verilog file ../../source_code/rtl/sdram_read_align.v
HDL-1007 : analyze verilog file ../../source_code/rtl/display/color_bar.v
HDL-1007 : analyze included file ../../source_code/rtl/display/video_define.v in ../../source_code/rtl/display/color_bar.v(1)
HDL-1007 : back to file '../../source_code/rtl/display/color_bar.v' in ../../source_code/rtl/display/color_bar.v(1)
HDL-1007 : analyze verilog file ../../source_code/rtl/display/video_delay.v
HDL-1007 : analyze verilog file ../../source_code/rtl/display/video_timing_data.v
HDL-1007 : analyze VHDL file ../../source_code/rtl/hdmi/hdmi_tx.vhd
HDL-1007 : analyze entity hdmi_tx in ../../source_code/rtl/hdmi/hdmi_tx.vhd(11)
HDL-1007 : analyze architecture behavioral in ../../source_code/rtl/hdmi/hdmi_tx.vhd(33)
HDL-1007 : analyze verilog file ../../source_code/rtl/uart/cmd_ctrl.v
HDL-1007 : analyze verilog file ../../source_code/rtl/uart/uart_rx.v
HDL-1007 : analyze verilog file ../../source_code/rtl/uart/uart_test.v
HDL-1007 : analyze verilog file ../../source_code/rtl/uart/uart_tx.v
HDL-1007 : analyze verilog file ../../source_code/rtl/sd/sd_card_ctrl.v
HDL-1007 : analyze VHDL file ../../source_code/rtl/hdmi/enc_file/DVITransmitter.enc.vhd
HDL-1007 : analyze entity dvitransmitter in ../../source_code/rtl/hdmi/enc_file/DVITransmitter.enc.vhd(13)
HDL-1007 : analyze architecture ** in ../../source_code/rtl/hdmi/enc_file/DVITransmitter.enc.vhd(2)
HDL-1007 : analyze VHDL file ../../source_code/rtl/hdmi/enc_file/SerializerN_1_lvds.enc.vhd
HDL-1007 : analyze entity ** in ../../source_code/rtl/hdmi/enc_file/SerializerN_1_lvds.enc.vhd(12)
HDL-1007 : analyze architecture ** in ../../source_code/rtl/hdmi/enc_file/SerializerN_1_lvds.enc.vhd(25)
HDL-1007 : analyze VHDL file ../../source_code/rtl/hdmi/enc_file/SerializerN_1_lvds_dat.enc.vhd
HDL-1007 : analyze entity ** in ../../source_code/rtl/hdmi/enc_file/SerializerN_1_lvds_dat.enc.vhd(14)
HDL-1007 : analyze architecture ** in ../../source_code/rtl/hdmi/enc_file/SerializerN_1_lvds_dat.enc.vhd(28)
HDL-1007 : analyze VHDL file ../../source_code/rtl/hdmi/enc_file/TMDSEncoder.enc.vhd
HDL-1007 : analyze entity ** in ../../source_code/rtl/hdmi/enc_file/TMDSEncoder.enc.vhd(13)
HDL-1007 : analyze architecture ** in ../../source_code/rtl/hdmi/enc_file/TMDSEncoder.enc.vhd(24)
PRJ-1412 : reset_run syn_1 phy_1.
PRJ-1409 : launch_runs syn_1 phy_1  -jobs 6.
RUN-1002 : start command "commit_param -step design"
RUN-1001 : Print Global Property
RUN-1001 : --------------------------------------------------------
RUN-1001 :   Parameters   |  Settings  |  Default Values  |  Note  
RUN-1001 : --------------------------------------------------------
RUN-1001 :   enable_seed  |    off     |       off        |        
RUN-1001 :     message    |  standard  |     standard     |        
RUN-1001 :   qor_monitor  |     on     |        on        |        
RUN-1001 :   syn_ip_flow  |    off     |       off        |        
RUN-1001 :     thread     |    auto    |       auto       |        
RUN-1001 : --------------------------------------------------------
RUN-1001 : Print Design Property
RUN-1001 : ----------------------------------------------------------------
RUN-1001 :       Parameters       |  Settings  |  Default Values  |  Note  
RUN-1001 : ----------------------------------------------------------------
RUN-1001 :   default_reg_initial  |    auto    |       auto       |        
RUN-1001 :    hdl_warning_level   |   normal   |      normal      |        
RUN-1001 : ----------------------------------------------------------------
HDL-1007 : analyze verilog file al_ip/TEMAC_CORE/RTL/mac_core_aead6cd6dadd.v
HDL-1007 : analyze verilog file al_ip/TEMAC_CORE/RTL/TEMAC_CORE_aead6cd6dadd.v
HDL-5007 WARNING: column 1032 exceeds maximum value 1023 in al_ip/TEMAC_CORE/RTL/TEMAC_CORE_aead6cd6dadd.v(30)
HDL-1007 : back to file 'al_ip/TEMAC_CORE/RTL/TEMAC_CORE_aead6cd6dadd.v' in al_ip/TEMAC_CORE/RTL/TEMAC_CORE_aead6cd6dadd.v(86)
HDL-5007 WARNING: event expressions must result in a singular type in al_ip/TEMAC_CORE/RTL/TEMAC_CORE_aead6cd6dadd.v(3001)
HDL-1007 : undeclared symbol '**', assumed default net type '**' in al_ip/TEMAC_CORE/RTL/TEMAC_CORE_aead6cd6dadd.v(5050)
HDL-1007 : undeclared symbol '**', assumed default net type '**' in al_ip/TEMAC_CORE/RTL/TEMAC_CORE_aead6cd6dadd.v(5458)
HDL-5007 WARNING: column 1035 exceeds maximum value 1023 in al_ip/TEMAC_CORE/RTL/TEMAC_CORE_aead6cd6dadd.v(6001)
HDL-1007 : back to file 'al_ip/TEMAC_CORE/RTL/TEMAC_CORE_aead6cd6dadd.v' in al_ip/TEMAC_CORE/RTL/TEMAC_CORE_aead6cd6dadd.v(260)
HDL-1007 : analyze verilog file al_ip/TEMAC_CORE/TEMAC_CORE.v
HDL-1007 : analyze verilog file al_ip/clk_pll.v
HDL-1007 : undeclared symbol 'open', assumed default net type 'wire' in al_ip/clk_pll.v(85)
HDL-1007 : analyze verilog file al_ip/fifo_sdr_data_2.v
HDL-1007 : analyze verilog file al_ip/pll_50.v
HDL-1007 : undeclared symbol 'open', assumed default net type 'wire' in al_ip/pll_50.v(85)
HDL-1007 : analyze verilog file al_ip/pll_gen.v
HDL-1007 : undeclared symbol 'pll_gen_open0', assumed default net type 'wire' in al_ip/pll_gen.v(99)
HDL-1007 : undeclared symbol 'pll_gen_open8', assumed default net type 'wire' in al_ip/pll_gen.v(105)
HDL-1007 : undeclared symbol 'pll_gen_open7', assumed default net type 'wire' in al_ip/pll_gen.v(105)
HDL-1007 : undeclared symbol 'pll_gen_open6', assumed default net type 'wire' in al_ip/pll_gen.v(105)
HDL-1007 : undeclared symbol 'pll_gen_open5', assumed default net type 'wire' in al_ip/pll_gen.v(105)
HDL-1007 : undeclared symbol 'pll_gen_open4', assumed default net type 'wire' in al_ip/pll_gen.v(105)
HDL-1007 : undeclared symbol 'pll_gen_open3', assumed default net type 'wire' in al_ip/pll_gen.v(105)
HDL-1007 : undeclared symbol 'pll_gen_open2', assumed default net type 'wire' in al_ip/pll_gen.v(105)
HDL-1007 : undeclared symbol 'pll_gen_open1', assumed default net type 'wire' in al_ip/pll_gen.v(105)
HDL-1007 : analyze verilog file al_ip/rx_pll.v
HDL-1007 : undeclared symbol 'open', assumed default net type 'wire' in al_ip/rx_pll.v(78)
HDL-1007 : analyze verilog file al_ip/video_pll.v
HDL-1007 : undeclared symbol 'video_pll_open0', assumed default net type 'wire' in al_ip/video_pll.v(70)
HDL-1007 : undeclared symbol 'video_pll_open1', assumed default net type 'wire' in al_ip/video_pll.v(76)
HDL-1007 : undeclared symbol 'video_pll_open9', assumed default net type 'wire' in al_ip/video_pll.v(82)
HDL-1007 : undeclared symbol 'video_pll_open8', assumed default net type 'wire' in al_ip/video_pll.v(82)
HDL-1007 : undeclared symbol 'video_pll_open7', assumed default net type 'wire' in al_ip/video_pll.v(82)
HDL-1007 : undeclared symbol 'video_pll_open6', assumed default net type 'wire' in al_ip/video_pll.v(82)
HDL-1007 : undeclared symbol 'video_pll_open5', assumed default net type 'wire' in al_ip/video_pll.v(82)
HDL-1007 : undeclared symbol 'video_pll_open4', assumed default net type 'wire' in al_ip/video_pll.v(82)
HDL-1007 : undeclared symbol 'video_pll_open3', assumed default net type 'wire' in al_ip/video_pll.v(82)
HDL-1007 : undeclared symbol 'video_pll_open2', assumed default net type 'wire' in al_ip/video_pll.v(82)
HDL-1007 : undeclared symbol 'video_pll_open12', assumed default net type 'wire' in al_ip/video_pll.v(84)
HDL-1007 : undeclared symbol 'video_pll_open11', assumed default net type 'wire' in al_ip/video_pll.v(84)
HDL-1007 : undeclared symbol 'video_pll_open10', assumed default net type 'wire' in al_ip/video_pll.v(84)
HDL-1007 : analyze verilog file ../../source_code/rtl/BUFGMUX.v
HDL-1007 : analyze verilog file ../../source_code/rtl/clk_gen_rst_gen.v
HDL-1007 : analyze verilog file ../../source_code/rtl/div_clk_gen.v
HDL-1007 : analyze verilog file ../../source_code/rtl/IDDR.v
HDL-1007 : analyze verilog file ../../source_code/rtl/ODDR.v
HDL-1007 : analyze verilog file ../../source_code/rtl/RAMB16_S9_S9.v
HDL-1007 : undeclared symbol 'open', assumed default net type 'wire' in ../../source_code/rtl/RAMB16_S9_S9.v(109)
HDL-1007 : analyze verilog file ../../source_code/rtl/rgmii_interface.v
HDL-1007 : analyze verilog file ../../source_code/rtl/rx_client_fifo.v
HDL-5370 WARNING: parameter 'WAIT_s' becomes localparam in 'rx_client_fifo' with formal parameter declaration list in ../../source_code/rtl/rx_client_fifo.v(49)
HDL-5370 WARNING: parameter 'QUEUE1_s' becomes localparam in 'rx_client_fifo' with formal parameter declaration list in ../../source_code/rtl/rx_client_fifo.v(50)
HDL-5370 WARNING: parameter 'QUEUE2_s' becomes localparam in 'rx_client_fifo' with formal parameter declaration list in ../../source_code/rtl/rx_client_fifo.v(51)
HDL-5370 WARNING: parameter 'QUEUE3_s' becomes localparam in 'rx_client_fifo' with formal parameter declaration list in ../../source_code/rtl/rx_client_fifo.v(52)
HDL-5370 WARNING: parameter 'QUEUE_SOF_s' becomes localparam in 'rx_client_fifo' with formal parameter declaration list in ../../source_code/rtl/rx_client_fifo.v(53)
HDL-5370 WARNING: parameter 'SOF_s' becomes localparam in 'rx_client_fifo' with formal parameter declaration list in ../../source_code/rtl/rx_client_fifo.v(54)
HDL-5370 WARNING: parameter 'DATA_s' becomes localparam in 'rx_client_fifo' with formal parameter declaration list in ../../source_code/rtl/rx_client_fifo.v(55)
HDL-5370 WARNING: parameter 'EOF_s' becomes localparam in 'rx_client_fifo' with formal parameter declaration list in ../../source_code/rtl/rx_client_fifo.v(56)
HDL-5370 WARNING: parameter 'IDLE_s' becomes localparam in 'rx_client_fifo' with formal parameter declaration list in ../../source_code/rtl/rx_client_fifo.v(62)
HDL-5370 WARNING: parameter 'FRAME_s' becomes localparam in 'rx_client_fifo' with formal parameter declaration list in ../../source_code/rtl/rx_client_fifo.v(63)
HDL-5370 Similar messages will be suppressed.
HDL-1007 : analyze verilog file ../../source_code/rtl/temac_block.v
HDL-1007 : analyze verilog file ../../source_code/rtl/temac_clk_gen.v
HDL-1007 : analyze verilog file ../../source_code/rtl/tx_client_fifo.v
HDL-5370 WARNING: parameter 'IDLE_s' becomes localparam in 'tx_client_fifo' with formal parameter declaration list in ../../source_code/rtl/tx_client_fifo.v(53)
HDL-5370 WARNING: parameter 'QUEUE1_s' becomes localparam in 'tx_client_fifo' with formal parameter declaration list in ../../source_code/rtl/tx_client_fifo.v(54)
HDL-5370 WARNING: parameter 'QUEUE2_s' becomes localparam in 'tx_client_fifo' with formal parameter declaration list in ../../source_code/rtl/tx_client_fifo.v(55)
HDL-5370 WARNING: parameter 'QUEUE3_s' becomes localparam in 'tx_client_fifo' with formal parameter declaration list in ../../source_code/rtl/tx_client_fifo.v(56)
HDL-5370 WARNING: parameter 'QUEUE_ACK_s' becomes localparam in 'tx_client_fifo' with formal parameter declaration list in ../../source_code/rtl/tx_client_fifo.v(57)
HDL-5370 WARNING: parameter 'WAIT_ACK_s' becomes localparam in 'tx_client_fifo' with formal parameter declaration list in ../../source_code/rtl/tx_client_fifo.v(58)
HDL-5370 WARNING: parameter 'FRAME_s' becomes localparam in 'tx_client_fifo' with formal parameter declaration list in ../../source_code/rtl/tx_client_fifo.v(59)
HDL-5370 WARNING: parameter 'DROP_s' becomes localparam in 'tx_client_fifo' with formal parameter declaration list in ../../source_code/rtl/tx_client_fifo.v(60)
HDL-5370 WARNING: parameter 'RETRANSMIT_s' becomes localparam in 'tx_client_fifo' with formal parameter declaration list in ../../source_code/rtl/tx_client_fifo.v(61)
HDL-5370 WARNING: parameter 'WAIT_s' becomes localparam in 'tx_client_fifo' with formal parameter declaration list in ../../source_code/rtl/tx_client_fifo.v(67)
HDL-5370 Similar messages will be suppressed.
HDL-1007 : analyze verilog file ../../source_code/rtl/tx_clk_en_gen.v
HDL-1007 : analyze verilog file ../../source_code/rtl/udp_data_tpg.v
HDL-1007 : analyze verilog file ../../source_code/rtl/UDP_Example_Top.v
HDL-1007 : undeclared symbol 'use_sd_data', assumed default net type 'wire' in ../../source_code/rtl/UDP_Example_Top.v(225)
HDL-1007 : undeclared symbol 'phy_reset', assumed default net type 'wire' in ../../source_code/rtl/UDP_Example_Top.v(351)
HDL-5333 WARNING: data object 'rst_n' is already declared in ../../source_code/rtl/UDP_Example_Top.v(398)
HDL-1007 : previous declaration of 'rst_n' is from here in ../../source_code/rtl/UDP_Example_Top.v(200)
HDL-5007 WARNING: second declaration of 'rst_n' is ignored in ../../source_code/rtl/UDP_Example_Top.v(398)
HDL-1007 : undeclared symbol 'tpg_data_done', assumed default net type 'wire' in ../../source_code/rtl/UDP_Example_Top.v(518)
HDL-1007 : undeclared symbol 'clk', assumed default net type 'wire' in ../../source_code/rtl/UDP_Example_Top.v(549)
HDL-1007 : undeclared symbol 'video_clk', assumed default net type 'wire' in ../../source_code/rtl/UDP_Example_Top.v(550)
HDL-1007 : undeclared symbol 'hdmi_5x_clk', assumed default net type 'wire' in ../../source_code/rtl/UDP_Example_Top.v(551)
HDL-1007 : undeclared symbol 'vga_out_de', assumed default net type 'wire' in ../../source_code/rtl/UDP_Example_Top.v(557)
HDL-1007 : undeclared symbol 'video_read_req', assumed default net type 'wire' in ../../source_code/rtl/UDP_Example_Top.v(567)
HDL-1007 : undeclared symbol 'video_read_req_ack', assumed default net type 'wire' in ../../source_code/rtl/UDP_Example_Top.v(568)
HDL-1007 : undeclared symbol 'video_read_en', assumed default net type 'wire' in ../../source_code/rtl/UDP_Example_Top.v(580)
HDL-1007 : undeclared symbol 'hs', assumed default net type 'wire' in ../../source_code/rtl/UDP_Example_Top.v(591)
HDL-1007 : undeclared symbol 'vs', assumed default net type 'wire' in ../../source_code/rtl/UDP_Example_Top.v(592)
HDL-1007 : undeclared symbol 'de', assumed default net type 'wire' in ../../source_code/rtl/UDP_Example_Top.v(593)
HDL-1007 : undeclared symbol 'vout_data', assumed default net type 'wire' in ../../source_code/rtl/UDP_Example_Top.v(594)
HDL-1007 : analyze verilog file ../../source_code/rtl/udp_ip_protocol_stack_merge.enc.v
HDL-1007 : back to file '../../source_code/rtl/udp_ip_protocol_stack_merge.enc.v' in ../../source_code/rtl/udp_ip_protocol_stack_merge.enc.v(56)
HDL-1007 : undeclared symbol '**', assumed default net type '**' in ../../source_code/rtl/udp_ip_protocol_stack_merge.enc.v(2638)
HDL-1007 : back to file '../../source_code/rtl/udp_ip_protocol_stack_merge.enc.v' in ../../source_code/rtl/udp_ip_protocol_stack_merge.enc.v(420)
HDL-1007 : analyze verilog file ../../source_code/rtl/udp_loopback.v
HDL-1007 : analyze verilog file ../../source_code/rtl/sdr/rtl/app_wrrd.v
HDL-1007 : analyze included file ../../source_code/rtl/sdr/rtl/../include/global_def.v in ../../source_code/rtl/sdr/rtl/app_wrrd.v(10)
HDL-1007 : back to file '../../source_code/rtl/sdr/rtl/app_wrrd.v' in ../../source_code/rtl/sdr/rtl/app_wrrd.v(10)
HDL-5372 WARNING: redeclaration of ANSI port 'full_flag' is not allowed in ../../source_code/rtl/sdr/rtl/app_wrrd.v(61)
HDL-1007 : undeclared symbol 'afull', assumed default net type 'wire' in ../../source_code/rtl/sdr/rtl/app_wrrd.v(74)
HDL-1007 : undeclared symbol 'aempty', assumed default net type 'wire' in ../../source_code/rtl/sdr/rtl/app_wrrd.v(75)
HDL-1007 : undeclared symbol 'wrusedw', assumed default net type 'wire' in ../../source_code/rtl/sdr/rtl/app_wrrd.v(76)
HDL-5333 WARNING: data object 'w_addr_cnt' is already declared in ../../source_code/rtl/sdr/rtl/app_wrrd.v(139)
HDL-1007 : previous declaration of 'w_addr_cnt' is from here in ../../source_code/rtl/sdr/rtl/app_wrrd.v(38)
HDL-5007 WARNING: second declaration of 'w_addr_cnt' is ignored in ../../source_code/rtl/sdr/rtl/app_wrrd.v(139)
HDL-1007 : analyze verilog file ../../source_code/rtl/sdr/rtl/sdram_top.v
HDL-1007 : analyze included file ../../source_code/rtl/sdr/rtl/../include/global_def.v in ../../source_code/rtl/sdr/rtl/sdram_top.v(10)
HDL-1007 : back to file '../../source_code/rtl/sdr/rtl/sdram_top.v' in ../../source_code/rtl/sdr/rtl/sdram_top.v(10)
HDL-1007 : undeclared symbol 'Rst_n', assumed default net type 'wire' in ../../source_code/rtl/sdr/rtl/sdram_top.v(70)
HDL-5372 WARNING: redeclaration of ANSI port 'wr_done' is not allowed in ../../source_code/rtl/sdr/rtl/sdram_top.v(73)
HDL-1007 : undeclared symbol 'SDR_CKE', assumed default net type 'wire' in ../../source_code/rtl/sdr/rtl/sdram_top.v(132)
HDL-1007 : analyze verilog file ../../source_code/rtl/sd/sd_ctrl_top.v
HDL-1007 : analyze verilog file ../../source_code/rtl/sd/sd_init.v
HDL-1007 : analyze verilog file ../../source_code/rtl/sd/sd_read.v
HDL-1007 : analyze verilog file ../../source_code/rtl/sd/sd_read_photo.v
HDL-1007 : analyze verilog file ../../source_code/rtl/sdr/rtl/enc_file/sdr_as_ram.enc.v
HDL-1007 : back to file '../../source_code/rtl/sdr/rtl/enc_file/sdr_as_ram.enc.v' in ../../source_code/rtl/sdr/rtl/enc_file/sdr_as_ram.enc.v(45)
HDL-1007 : analyze verilog file ../../source_code/rtl/sdr/rtl/enc_file/sdr_init_ref.enc.v
HDL-1007 : undeclared symbol '**', assumed default net type '**' in ../../source_code/rtl/sdr/rtl/enc_file/sdr_init_ref.enc.v(57)
HDL-1007 : back to file '../../source_code/rtl/sdr/rtl/enc_file/sdr_init_ref.enc.v' in ../../source_code/rtl/sdr/rtl/enc_file/sdr_init_ref.enc.v(148)
HDL-5007 WARNING: concatenation with an unsized literal will be treated as 32 bits in ../../source_code/rtl/sdr/rtl/enc_file/sdr_init_ref.enc.v(47)
HDL-1007 : analyze verilog file ../../source_code/rtl/sdr/rtl/enc_file/sdr_wrrd.enc.v
HDL-5007 WARNING: concatenation with an unsized literal will be treated as 32 bits in ../../source_code/rtl/sdr/rtl/enc_file/sdr_wrrd.enc.v(283)
HDL-1007 : back to file '../../source_code/rtl/sdr/rtl/enc_file/sdr_wrrd.enc.v' in ../../source_code/rtl/sdr/rtl/enc_file/sdr_wrrd.enc.v(19)
HDL-1007 : analyze verilog file ../../source_code/rtl/camera_data_gen.v
HDL-1007 : analyze verilog file ../../source_code/rtl/ov5640/ov5640_dri.v
HDL-1007 : analyze verilog file ../../source_code/rtl/ov5640/ov5640_delay.v
HDL-1007 : analyze verilog file ../../source_code/rtl/ov5640/i2c_ov5640_rgb565_cfg.v
HDL-1007 : analyze verilog file ../../source_code/rtl/ov5640/i2c_dri.v
HDL-1007 : analyze verilog file ../../source_code/rtl/ov5640/cmos_capture_data.v
HDL-1007 : analyze verilog file ../../source_code/rtl/sdram_write_static_sel.v
HDL-1007 : analyze verilog file ../../source_code/rtl/sdram_read_align.v
HDL-1007 : analyze verilog file ../../source_code/rtl/display/color_bar.v
HDL-1007 : analyze included file ../../source_code/rtl/display/video_define.v in ../../source_code/rtl/display/color_bar.v(1)
HDL-1007 : back to file '../../source_code/rtl/display/color_bar.v' in ../../source_code/rtl/display/color_bar.v(1)
HDL-1007 : analyze verilog file ../../source_code/rtl/display/video_delay.v
HDL-1007 : analyze verilog file ../../source_code/rtl/display/video_timing_data.v
HDL-1007 : analyze VHDL file ../../source_code/rtl/hdmi/hdmi_tx.vhd
HDL-1007 : analyze entity hdmi_tx in ../../source_code/rtl/hdmi/hdmi_tx.vhd(11)
HDL-1007 : analyze architecture behavioral in ../../source_code/rtl/hdmi/hdmi_tx.vhd(33)
HDL-1007 : analyze verilog file ../../source_code/rtl/uart/cmd_ctrl.v
HDL-1007 : analyze verilog file ../../source_code/rtl/uart/uart_rx.v
HDL-1007 : analyze verilog file ../../source_code/rtl/uart/uart_test.v
HDL-1007 : analyze verilog file ../../source_code/rtl/uart/uart_tx.v
HDL-1007 : analyze verilog file ../../source_code/rtl/sd/sd_card_ctrl.v
HDL-1007 : analyze VHDL file ../../source_code/rtl/hdmi/enc_file/DVITransmitter.enc.vhd
HDL-1007 : analyze entity dvitransmitter in ../../source_code/rtl/hdmi/enc_file/DVITransmitter.enc.vhd(13)
HDL-1007 : analyze architecture ** in ../../source_code/rtl/hdmi/enc_file/DVITransmitter.enc.vhd(2)
HDL-1007 : analyze VHDL file ../../source_code/rtl/hdmi/enc_file/SerializerN_1_lvds.enc.vhd
HDL-1007 : analyze entity ** in ../../source_code/rtl/hdmi/enc_file/SerializerN_1_lvds.enc.vhd(12)
HDL-1007 : analyze architecture ** in ../../source_code/rtl/hdmi/enc_file/SerializerN_1_lvds.enc.vhd(25)
HDL-1007 : analyze VHDL file ../../source_code/rtl/hdmi/enc_file/SerializerN_1_lvds_dat.enc.vhd
HDL-1007 : analyze entity ** in ../../source_code/rtl/hdmi/enc_file/SerializerN_1_lvds_dat.enc.vhd(14)
HDL-1007 : analyze architecture ** in ../../source_code/rtl/hdmi/enc_file/SerializerN_1_lvds_dat.enc.vhd(28)
HDL-1007 : analyze VHDL file ../../source_code/rtl/hdmi/enc_file/TMDSEncoder.enc.vhd
HDL-1007 : analyze entity ** in ../../source_code/rtl/hdmi/enc_file/TMDSEncoder.enc.vhd(13)
HDL-1007 : analyze architecture ** in ../../source_code/rtl/hdmi/enc_file/TMDSEncoder.enc.vhd(24)
PRJ-1416 : stop_run syn_1.
PRJ-1416 : stop_run phy_1.
PRJ-1410 : Run syn_1 success.
RUN-1002 : start command "save_best_bits"
RUN-1002 : start command "import_db D:/Anlu/double_fpga_udp/tx/sdram_switch/UDP_EG4_6.2/prj/UDP_EXAMPLE/UDP_EXAMPLE_Runs/syn_1/UDP_EXAMPLE_rtl.db"
RUN-1001 : Importing database generated by Tang Dynasty, V6.2.168116.
RUN-1001 : Database version number 46207
RUN-1001 : Import flow parameters
RUN-1001 : Import netlist
RUN-1001 : Import timing constraints
RUN-1001 : Import IO constraints
RUN-1001 : Import Inst constraints
RUN-1001 : Import ChipWatcher
RUN-1001 : Import design success TD_VERSION=6.2.168116 , DB_VERSION=46207
PRJ-1412 : reset_run syn_1 phy_1.
PRJ-1409 : launch_runs syn_1 phy_1  -jobs 6.
PRJ-5303 WARNING: Run syn_1 failed.
RUN-1002 : start command "save_best_bits"
RUN-1002 : start command "import_db D:/Anlu/double_fpga_udp/tx/sdram_switch/UDP_EG4_6.2/prj/UDP_EXAMPLE/UDP_EXAMPLE_Runs/syn_1/UDP_EXAMPLE_rtl.db"
RUN-1001 : Importing database generated by Tang Dynasty, V6.2.168116.
RUN-1001 : Database version number 46207
RUN-1001 : Import flow parameters
RUN-1001 : Import netlist
RUN-1001 : Import timing constraints
RUN-1001 : Import IO constraints
RUN-1001 : Import Inst constraints
RUN-1001 : Import ChipWatcher
RUN-1001 : Import design success TD_VERSION=6.2.168116 , DB_VERSION=46207
RUN-1002 : start command "commit_param -step design"
RUN-1001 : Print Global Property
RUN-1001 : --------------------------------------------------------
RUN-1001 :   Parameters   |  Settings  |  Default Values  |  Note  
RUN-1001 : --------------------------------------------------------
RUN-1001 :   enable_seed  |    off     |       off        |        
RUN-1001 :     message    |  standard  |     standard     |        
RUN-1001 :   qor_monitor  |     on     |        on        |        
RUN-1001 :   syn_ip_flow  |    off     |       off        |        
RUN-1001 :     thread     |    auto    |       auto       |        
RUN-1001 : --------------------------------------------------------
RUN-1001 : Print Design Property
RUN-1001 : ----------------------------------------------------------------
RUN-1001 :       Parameters       |  Settings  |  Default Values  |  Note  
RUN-1001 : ----------------------------------------------------------------
RUN-1001 :   default_reg_initial  |    auto    |       auto       |        
RUN-1001 :    hdl_warning_level   |   normal   |      normal      |        
RUN-1001 : ----------------------------------------------------------------
HDL-1007 : analyze verilog file al_ip/TEMAC_CORE/RTL/mac_core_aead6cd6dadd.v
HDL-1007 : analyze verilog file al_ip/TEMAC_CORE/RTL/TEMAC_CORE_aead6cd6dadd.v
HDL-5007 WARNING: column 1032 exceeds maximum value 1023 in al_ip/TEMAC_CORE/RTL/TEMAC_CORE_aead6cd6dadd.v(30)
HDL-1007 : back to file 'al_ip/TEMAC_CORE/RTL/TEMAC_CORE_aead6cd6dadd.v' in al_ip/TEMAC_CORE/RTL/TEMAC_CORE_aead6cd6dadd.v(86)
HDL-5007 WARNING: event expressions must result in a singular type in al_ip/TEMAC_CORE/RTL/TEMAC_CORE_aead6cd6dadd.v(3001)
HDL-1007 : undeclared symbol '**', assumed default net type '**' in al_ip/TEMAC_CORE/RTL/TEMAC_CORE_aead6cd6dadd.v(5050)
HDL-1007 : undeclared symbol '**', assumed default net type '**' in al_ip/TEMAC_CORE/RTL/TEMAC_CORE_aead6cd6dadd.v(5458)
HDL-5007 WARNING: column 1035 exceeds maximum value 1023 in al_ip/TEMAC_CORE/RTL/TEMAC_CORE_aead6cd6dadd.v(6001)
HDL-1007 : back to file 'al_ip/TEMAC_CORE/RTL/TEMAC_CORE_aead6cd6dadd.v' in al_ip/TEMAC_CORE/RTL/TEMAC_CORE_aead6cd6dadd.v(260)
HDL-1007 : analyze verilog file al_ip/TEMAC_CORE/TEMAC_CORE.v
HDL-1007 : analyze verilog file al_ip/clk_pll.v
HDL-1007 : undeclared symbol 'open', assumed default net type 'wire' in al_ip/clk_pll.v(85)
HDL-1007 : analyze verilog file al_ip/fifo_sdr_data_2.v
HDL-1007 : analyze verilog file al_ip/pll_50.v
HDL-1007 : undeclared symbol 'open', assumed default net type 'wire' in al_ip/pll_50.v(85)
HDL-1007 : analyze verilog file al_ip/pll_gen.v
HDL-1007 : undeclared symbol 'pll_gen_open0', assumed default net type 'wire' in al_ip/pll_gen.v(99)
HDL-1007 : undeclared symbol 'pll_gen_open8', assumed default net type 'wire' in al_ip/pll_gen.v(105)
HDL-1007 : undeclared symbol 'pll_gen_open7', assumed default net type 'wire' in al_ip/pll_gen.v(105)
HDL-1007 : undeclared symbol 'pll_gen_open6', assumed default net type 'wire' in al_ip/pll_gen.v(105)
HDL-1007 : undeclared symbol 'pll_gen_open5', assumed default net type 'wire' in al_ip/pll_gen.v(105)
HDL-1007 : undeclared symbol 'pll_gen_open4', assumed default net type 'wire' in al_ip/pll_gen.v(105)
HDL-1007 : undeclared symbol 'pll_gen_open3', assumed default net type 'wire' in al_ip/pll_gen.v(105)
HDL-1007 : undeclared symbol 'pll_gen_open2', assumed default net type 'wire' in al_ip/pll_gen.v(105)
HDL-1007 : undeclared symbol 'pll_gen_open1', assumed default net type 'wire' in al_ip/pll_gen.v(105)
HDL-1007 : analyze verilog file al_ip/rx_pll.v
HDL-1007 : undeclared symbol 'open', assumed default net type 'wire' in al_ip/rx_pll.v(78)
HDL-1007 : analyze verilog file al_ip/video_pll.v
HDL-1007 : undeclared symbol 'video_pll_open0', assumed default net type 'wire' in al_ip/video_pll.v(70)
HDL-1007 : undeclared symbol 'video_pll_open1', assumed default net type 'wire' in al_ip/video_pll.v(76)
HDL-1007 : undeclared symbol 'video_pll_open9', assumed default net type 'wire' in al_ip/video_pll.v(82)
HDL-1007 : undeclared symbol 'video_pll_open8', assumed default net type 'wire' in al_ip/video_pll.v(82)
HDL-1007 : undeclared symbol 'video_pll_open7', assumed default net type 'wire' in al_ip/video_pll.v(82)
HDL-1007 : undeclared symbol 'video_pll_open6', assumed default net type 'wire' in al_ip/video_pll.v(82)
HDL-1007 : undeclared symbol 'video_pll_open5', assumed default net type 'wire' in al_ip/video_pll.v(82)
HDL-1007 : undeclared symbol 'video_pll_open4', assumed default net type 'wire' in al_ip/video_pll.v(82)
HDL-1007 : undeclared symbol 'video_pll_open3', assumed default net type 'wire' in al_ip/video_pll.v(82)
HDL-1007 : undeclared symbol 'video_pll_open2', assumed default net type 'wire' in al_ip/video_pll.v(82)
HDL-1007 : undeclared symbol 'video_pll_open12', assumed default net type 'wire' in al_ip/video_pll.v(84)
HDL-1007 : undeclared symbol 'video_pll_open11', assumed default net type 'wire' in al_ip/video_pll.v(84)
HDL-1007 : undeclared symbol 'video_pll_open10', assumed default net type 'wire' in al_ip/video_pll.v(84)
HDL-1007 : analyze verilog file ../../source_code/rtl/BUFGMUX.v
HDL-1007 : analyze verilog file ../../source_code/rtl/clk_gen_rst_gen.v
HDL-1007 : analyze verilog file ../../source_code/rtl/div_clk_gen.v
HDL-1007 : analyze verilog file ../../source_code/rtl/IDDR.v
HDL-1007 : analyze verilog file ../../source_code/rtl/ODDR.v
HDL-1007 : analyze verilog file ../../source_code/rtl/RAMB16_S9_S9.v
HDL-1007 : undeclared symbol 'open', assumed default net type 'wire' in ../../source_code/rtl/RAMB16_S9_S9.v(109)
HDL-1007 : analyze verilog file ../../source_code/rtl/rgmii_interface.v
HDL-1007 : analyze verilog file ../../source_code/rtl/rx_client_fifo.v
HDL-5370 WARNING: parameter 'WAIT_s' becomes localparam in 'rx_client_fifo' with formal parameter declaration list in ../../source_code/rtl/rx_client_fifo.v(49)
HDL-5370 WARNING: parameter 'QUEUE1_s' becomes localparam in 'rx_client_fifo' with formal parameter declaration list in ../../source_code/rtl/rx_client_fifo.v(50)
HDL-5370 WARNING: parameter 'QUEUE2_s' becomes localparam in 'rx_client_fifo' with formal parameter declaration list in ../../source_code/rtl/rx_client_fifo.v(51)
HDL-5370 WARNING: parameter 'QUEUE3_s' becomes localparam in 'rx_client_fifo' with formal parameter declaration list in ../../source_code/rtl/rx_client_fifo.v(52)
HDL-5370 WARNING: parameter 'QUEUE_SOF_s' becomes localparam in 'rx_client_fifo' with formal parameter declaration list in ../../source_code/rtl/rx_client_fifo.v(53)
HDL-5370 WARNING: parameter 'SOF_s' becomes localparam in 'rx_client_fifo' with formal parameter declaration list in ../../source_code/rtl/rx_client_fifo.v(54)
HDL-5370 WARNING: parameter 'DATA_s' becomes localparam in 'rx_client_fifo' with formal parameter declaration list in ../../source_code/rtl/rx_client_fifo.v(55)
HDL-5370 WARNING: parameter 'EOF_s' becomes localparam in 'rx_client_fifo' with formal parameter declaration list in ../../source_code/rtl/rx_client_fifo.v(56)
HDL-5370 WARNING: parameter 'IDLE_s' becomes localparam in 'rx_client_fifo' with formal parameter declaration list in ../../source_code/rtl/rx_client_fifo.v(62)
HDL-5370 WARNING: parameter 'FRAME_s' becomes localparam in 'rx_client_fifo' with formal parameter declaration list in ../../source_code/rtl/rx_client_fifo.v(63)
HDL-5370 Similar messages will be suppressed.
HDL-1007 : analyze verilog file ../../source_code/rtl/temac_block.v
HDL-1007 : analyze verilog file ../../source_code/rtl/temac_clk_gen.v
HDL-1007 : analyze verilog file ../../source_code/rtl/tx_client_fifo.v
HDL-5370 WARNING: parameter 'IDLE_s' becomes localparam in 'tx_client_fifo' with formal parameter declaration list in ../../source_code/rtl/tx_client_fifo.v(53)
HDL-5370 WARNING: parameter 'QUEUE1_s' becomes localparam in 'tx_client_fifo' with formal parameter declaration list in ../../source_code/rtl/tx_client_fifo.v(54)
HDL-5370 WARNING: parameter 'QUEUE2_s' becomes localparam in 'tx_client_fifo' with formal parameter declaration list in ../../source_code/rtl/tx_client_fifo.v(55)
HDL-5370 WARNING: parameter 'QUEUE3_s' becomes localparam in 'tx_client_fifo' with formal parameter declaration list in ../../source_code/rtl/tx_client_fifo.v(56)
HDL-5370 WARNING: parameter 'QUEUE_ACK_s' becomes localparam in 'tx_client_fifo' with formal parameter declaration list in ../../source_code/rtl/tx_client_fifo.v(57)
HDL-5370 WARNING: parameter 'WAIT_ACK_s' becomes localparam in 'tx_client_fifo' with formal parameter declaration list in ../../source_code/rtl/tx_client_fifo.v(58)
HDL-5370 WARNING: parameter 'FRAME_s' becomes localparam in 'tx_client_fifo' with formal parameter declaration list in ../../source_code/rtl/tx_client_fifo.v(59)
HDL-5370 WARNING: parameter 'DROP_s' becomes localparam in 'tx_client_fifo' with formal parameter declaration list in ../../source_code/rtl/tx_client_fifo.v(60)
HDL-5370 WARNING: parameter 'RETRANSMIT_s' becomes localparam in 'tx_client_fifo' with formal parameter declaration list in ../../source_code/rtl/tx_client_fifo.v(61)
HDL-5370 WARNING: parameter 'WAIT_s' becomes localparam in 'tx_client_fifo' with formal parameter declaration list in ../../source_code/rtl/tx_client_fifo.v(67)
HDL-5370 Similar messages will be suppressed.
HDL-1007 : analyze verilog file ../../source_code/rtl/tx_clk_en_gen.v
HDL-1007 : analyze verilog file ../../source_code/rtl/udp_data_tpg.v
HDL-1007 : analyze verilog file ../../source_code/rtl/UDP_Example_Top.v
HDL-1007 : undeclared symbol 'use_sd_data', assumed default net type 'wire' in ../../source_code/rtl/UDP_Example_Top.v(225)
HDL-1007 : undeclared symbol 'phy_reset', assumed default net type 'wire' in ../../source_code/rtl/UDP_Example_Top.v(351)
HDL-5333 WARNING: data object 'rst_n' is already declared in ../../source_code/rtl/UDP_Example_Top.v(398)
HDL-1007 : previous declaration of 'rst_n' is from here in ../../source_code/rtl/UDP_Example_Top.v(200)
HDL-5007 WARNING: second declaration of 'rst_n' is ignored in ../../source_code/rtl/UDP_Example_Top.v(398)
HDL-1007 : undeclared symbol 'tpg_data_done', assumed default net type 'wire' in ../../source_code/rtl/UDP_Example_Top.v(518)
HDL-1007 : undeclared symbol 'video_clk', assumed default net type 'wire' in ../../source_code/rtl/UDP_Example_Top.v(550)
HDL-1007 : undeclared symbol 'hdmi_5x_clk', assumed default net type 'wire' in ../../source_code/rtl/UDP_Example_Top.v(551)
HDL-1007 : undeclared symbol 'vga_out_de', assumed default net type 'wire' in ../../source_code/rtl/UDP_Example_Top.v(557)
HDL-1007 : undeclared symbol 'video_read_req', assumed default net type 'wire' in ../../source_code/rtl/UDP_Example_Top.v(567)
HDL-1007 : undeclared symbol 'video_read_req_ack', assumed default net type 'wire' in ../../source_code/rtl/UDP_Example_Top.v(568)
HDL-1007 : undeclared symbol 'video_read_en', assumed default net type 'wire' in ../../source_code/rtl/UDP_Example_Top.v(580)
HDL-1007 : undeclared symbol 'hs', assumed default net type 'wire' in ../../source_code/rtl/UDP_Example_Top.v(591)
HDL-1007 : undeclared symbol 'vs', assumed default net type 'wire' in ../../source_code/rtl/UDP_Example_Top.v(592)
HDL-1007 : undeclared symbol 'de', assumed default net type 'wire' in ../../source_code/rtl/UDP_Example_Top.v(593)
HDL-1007 : undeclared symbol 'vout_data', assumed default net type 'wire' in ../../source_code/rtl/UDP_Example_Top.v(594)
HDL-1007 : analyze verilog file ../../source_code/rtl/udp_ip_protocol_stack_merge.enc.v
HDL-1007 : back to file '../../source_code/rtl/udp_ip_protocol_stack_merge.enc.v' in ../../source_code/rtl/udp_ip_protocol_stack_merge.enc.v(56)
HDL-1007 : undeclared symbol '**', assumed default net type '**' in ../../source_code/rtl/udp_ip_protocol_stack_merge.enc.v(2638)
HDL-1007 : back to file '../../source_code/rtl/udp_ip_protocol_stack_merge.enc.v' in ../../source_code/rtl/udp_ip_protocol_stack_merge.enc.v(420)
HDL-1007 : analyze verilog file ../../source_code/rtl/udp_loopback.v
HDL-1007 : analyze verilog file ../../source_code/rtl/sdr/rtl/app_wrrd.v
HDL-1007 : analyze included file ../../source_code/rtl/sdr/rtl/../include/global_def.v in ../../source_code/rtl/sdr/rtl/app_wrrd.v(10)
HDL-1007 : back to file '../../source_code/rtl/sdr/rtl/app_wrrd.v' in ../../source_code/rtl/sdr/rtl/app_wrrd.v(10)
HDL-5372 WARNING: redeclaration of ANSI port 'full_flag' is not allowed in ../../source_code/rtl/sdr/rtl/app_wrrd.v(61)
HDL-1007 : undeclared symbol 'afull', assumed default net type 'wire' in ../../source_code/rtl/sdr/rtl/app_wrrd.v(74)
HDL-1007 : undeclared symbol 'aempty', assumed default net type 'wire' in ../../source_code/rtl/sdr/rtl/app_wrrd.v(75)
HDL-1007 : undeclared symbol 'wrusedw', assumed default net type 'wire' in ../../source_code/rtl/sdr/rtl/app_wrrd.v(76)
HDL-5333 WARNING: data object 'w_addr_cnt' is already declared in ../../source_code/rtl/sdr/rtl/app_wrrd.v(139)
HDL-1007 : previous declaration of 'w_addr_cnt' is from here in ../../source_code/rtl/sdr/rtl/app_wrrd.v(38)
HDL-5007 WARNING: second declaration of 'w_addr_cnt' is ignored in ../../source_code/rtl/sdr/rtl/app_wrrd.v(139)
HDL-1007 : analyze verilog file ../../source_code/rtl/sdr/rtl/sdram_top.v
HDL-1007 : analyze included file ../../source_code/rtl/sdr/rtl/../include/global_def.v in ../../source_code/rtl/sdr/rtl/sdram_top.v(10)
HDL-1007 : back to file '../../source_code/rtl/sdr/rtl/sdram_top.v' in ../../source_code/rtl/sdr/rtl/sdram_top.v(10)
HDL-1007 : undeclared symbol 'Rst_n', assumed default net type 'wire' in ../../source_code/rtl/sdr/rtl/sdram_top.v(70)
HDL-5372 WARNING: redeclaration of ANSI port 'wr_done' is not allowed in ../../source_code/rtl/sdr/rtl/sdram_top.v(73)
HDL-1007 : undeclared symbol 'SDR_CKE', assumed default net type 'wire' in ../../source_code/rtl/sdr/rtl/sdram_top.v(132)
HDL-1007 : analyze verilog file ../../source_code/rtl/sd/sd_ctrl_top.v
HDL-1007 : analyze verilog file ../../source_code/rtl/sd/sd_init.v
HDL-1007 : analyze verilog file ../../source_code/rtl/sd/sd_read.v
HDL-1007 : analyze verilog file ../../source_code/rtl/sd/sd_read_photo.v
HDL-1007 : analyze verilog file ../../source_code/rtl/sdr/rtl/enc_file/sdr_as_ram.enc.v
HDL-1007 : back to file '../../source_code/rtl/sdr/rtl/enc_file/sdr_as_ram.enc.v' in ../../source_code/rtl/sdr/rtl/enc_file/sdr_as_ram.enc.v(45)
HDL-1007 : analyze verilog file ../../source_code/rtl/sdr/rtl/enc_file/sdr_init_ref.enc.v
HDL-1007 : undeclared symbol '**', assumed default net type '**' in ../../source_code/rtl/sdr/rtl/enc_file/sdr_init_ref.enc.v(57)
HDL-1007 : back to file '../../source_code/rtl/sdr/rtl/enc_file/sdr_init_ref.enc.v' in ../../source_code/rtl/sdr/rtl/enc_file/sdr_init_ref.enc.v(148)
HDL-5007 WARNING: concatenation with an unsized literal will be treated as 32 bits in ../../source_code/rtl/sdr/rtl/enc_file/sdr_init_ref.enc.v(47)
HDL-1007 : analyze verilog file ../../source_code/rtl/sdr/rtl/enc_file/sdr_wrrd.enc.v
HDL-5007 WARNING: concatenation with an unsized literal will be treated as 32 bits in ../../source_code/rtl/sdr/rtl/enc_file/sdr_wrrd.enc.v(283)
HDL-1007 : back to file '../../source_code/rtl/sdr/rtl/enc_file/sdr_wrrd.enc.v' in ../../source_code/rtl/sdr/rtl/enc_file/sdr_wrrd.enc.v(19)
HDL-1007 : analyze verilog file ../../source_code/rtl/camera_data_gen.v
HDL-1007 : analyze verilog file ../../source_code/rtl/ov5640/ov5640_dri.v
HDL-1007 : analyze verilog file ../../source_code/rtl/ov5640/ov5640_delay.v
HDL-1007 : analyze verilog file ../../source_code/rtl/ov5640/i2c_ov5640_rgb565_cfg.v
HDL-1007 : analyze verilog file ../../source_code/rtl/ov5640/i2c_dri.v
HDL-1007 : analyze verilog file ../../source_code/rtl/ov5640/cmos_capture_data.v
HDL-1007 : analyze verilog file ../../source_code/rtl/sdram_write_static_sel.v
HDL-1007 : analyze verilog file ../../source_code/rtl/sdram_read_align.v
HDL-1007 : analyze verilog file ../../source_code/rtl/display/color_bar.v
HDL-1007 : analyze included file ../../source_code/rtl/display/video_define.v in ../../source_code/rtl/display/color_bar.v(1)
HDL-1007 : back to file '../../source_code/rtl/display/color_bar.v' in ../../source_code/rtl/display/color_bar.v(1)
HDL-1007 : analyze verilog file ../../source_code/rtl/display/video_delay.v
HDL-1007 : analyze verilog file ../../source_code/rtl/display/video_timing_data.v
HDL-1007 : analyze VHDL file ../../source_code/rtl/hdmi/hdmi_tx.vhd
HDL-1007 : analyze entity hdmi_tx in ../../source_code/rtl/hdmi/hdmi_tx.vhd(11)
HDL-1007 : analyze architecture behavioral in ../../source_code/rtl/hdmi/hdmi_tx.vhd(33)
HDL-1007 : analyze verilog file ../../source_code/rtl/uart/cmd_ctrl.v
HDL-1007 : analyze verilog file ../../source_code/rtl/uart/uart_rx.v
HDL-1007 : analyze verilog file ../../source_code/rtl/uart/uart_test.v
HDL-1007 : analyze verilog file ../../source_code/rtl/uart/uart_tx.v
HDL-1007 : analyze verilog file ../../source_code/rtl/sd/sd_card_ctrl.v
HDL-1007 : analyze VHDL file ../../source_code/rtl/hdmi/enc_file/DVITransmitter.enc.vhd
HDL-1007 : analyze entity dvitransmitter in ../../source_code/rtl/hdmi/enc_file/DVITransmitter.enc.vhd(13)
HDL-1007 : analyze architecture ** in ../../source_code/rtl/hdmi/enc_file/DVITransmitter.enc.vhd(2)
HDL-1007 : analyze VHDL file ../../source_code/rtl/hdmi/enc_file/SerializerN_1_lvds.enc.vhd
HDL-1007 : analyze entity ** in ../../source_code/rtl/hdmi/enc_file/SerializerN_1_lvds.enc.vhd(12)
HDL-1007 : analyze architecture ** in ../../source_code/rtl/hdmi/enc_file/SerializerN_1_lvds.enc.vhd(25)
HDL-1007 : analyze VHDL file ../../source_code/rtl/hdmi/enc_file/SerializerN_1_lvds_dat.enc.vhd
HDL-1007 : analyze entity ** in ../../source_code/rtl/hdmi/enc_file/SerializerN_1_lvds_dat.enc.vhd(14)
HDL-1007 : analyze architecture ** in ../../source_code/rtl/hdmi/enc_file/SerializerN_1_lvds_dat.enc.vhd(28)
HDL-1007 : analyze VHDL file ../../source_code/rtl/hdmi/enc_file/TMDSEncoder.enc.vhd
HDL-1007 : analyze entity ** in ../../source_code/rtl/hdmi/enc_file/TMDSEncoder.enc.vhd(13)
HDL-1007 : analyze architecture ** in ../../source_code/rtl/hdmi/enc_file/TMDSEncoder.enc.vhd(24)
PRJ-1412 : reset_run syn_1 phy_1.
PRJ-1409 : launch_runs syn_1 phy_1  -jobs 6.
PRJ-1410 : Run syn_1 success.
RUN-1002 : start command "save_best_bits"
PRJ-5303 WARNING: Run phy_1 failed.
RUN-1002 : start command "import_db D:/Anlu/double_fpga_udp/tx/sdram_switch/UDP_EG4_6.2/prj/UDP_EXAMPLE/UDP_EXAMPLE_Runs/syn_1/UDP_EXAMPLE_gate.db"
RUN-1001 : Importing database generated by Tang Dynasty, V6.2.168116.
RUN-1001 : Database version number 46207
RUN-1001 : Import flow parameters
RUN-1001 : Import netlist
RUN-1001 : Import timing constraints
RUN-1001 : Import IO constraints
RUN-1001 : Import Inst constraints
RUN-1001 : Import ChipWatcher
RUN-1001 : Import design success TD_VERSION=6.2.168116 , DB_VERSION=46207
RUN-1002 : start command "commit_param -step design"
RUN-1001 : Print Global Property
RUN-1001 : --------------------------------------------------------
RUN-1001 :   Parameters   |  Settings  |  Default Values  |  Note  
RUN-1001 : --------------------------------------------------------
RUN-1001 :   enable_seed  |    off     |       off        |        
RUN-1001 :     message    |  standard  |     standard     |        
RUN-1001 :   qor_monitor  |     on     |        on        |        
RUN-1001 :   syn_ip_flow  |    off     |       off        |        
RUN-1001 :     thread     |    auto    |       auto       |        
RUN-1001 : --------------------------------------------------------
RUN-1001 : Print Design Property
RUN-1001 : ----------------------------------------------------------------
RUN-1001 :       Parameters       |  Settings  |  Default Values  |  Note  
RUN-1001 : ----------------------------------------------------------------
RUN-1001 :   default_reg_initial  |    auto    |       auto       |        
RUN-1001 :    hdl_warning_level   |   normal   |      normal      |        
RUN-1001 : ----------------------------------------------------------------
HDL-1007 : analyze verilog file al_ip/TEMAC_CORE/RTL/mac_core_aead6cd6dadd.v
HDL-1007 : analyze verilog file al_ip/TEMAC_CORE/RTL/TEMAC_CORE_aead6cd6dadd.v
HDL-5007 WARNING: column 1032 exceeds maximum value 1023 in al_ip/TEMAC_CORE/RTL/TEMAC_CORE_aead6cd6dadd.v(30)
HDL-1007 : back to file 'al_ip/TEMAC_CORE/RTL/TEMAC_CORE_aead6cd6dadd.v' in al_ip/TEMAC_CORE/RTL/TEMAC_CORE_aead6cd6dadd.v(86)
HDL-5007 WARNING: event expressions must result in a singular type in al_ip/TEMAC_CORE/RTL/TEMAC_CORE_aead6cd6dadd.v(3001)
HDL-1007 : undeclared symbol '**', assumed default net type '**' in al_ip/TEMAC_CORE/RTL/TEMAC_CORE_aead6cd6dadd.v(5050)
HDL-1007 : undeclared symbol '**', assumed default net type '**' in al_ip/TEMAC_CORE/RTL/TEMAC_CORE_aead6cd6dadd.v(5458)
HDL-5007 WARNING: column 1035 exceeds maximum value 1023 in al_ip/TEMAC_CORE/RTL/TEMAC_CORE_aead6cd6dadd.v(6001)
HDL-1007 : back to file 'al_ip/TEMAC_CORE/RTL/TEMAC_CORE_aead6cd6dadd.v' in al_ip/TEMAC_CORE/RTL/TEMAC_CORE_aead6cd6dadd.v(260)
HDL-1007 : analyze verilog file al_ip/TEMAC_CORE/TEMAC_CORE.v
HDL-1007 : analyze verilog file al_ip/clk_pll.v
HDL-1007 : undeclared symbol 'open', assumed default net type 'wire' in al_ip/clk_pll.v(85)
HDL-1007 : analyze verilog file al_ip/fifo_sdr_data_2.v
HDL-1007 : analyze verilog file al_ip/pll_50.v
HDL-1007 : undeclared symbol 'open', assumed default net type 'wire' in al_ip/pll_50.v(85)
HDL-1007 : analyze verilog file al_ip/pll_gen.v
HDL-1007 : undeclared symbol 'pll_gen_open0', assumed default net type 'wire' in al_ip/pll_gen.v(99)
HDL-1007 : undeclared symbol 'pll_gen_open8', assumed default net type 'wire' in al_ip/pll_gen.v(105)
HDL-1007 : undeclared symbol 'pll_gen_open7', assumed default net type 'wire' in al_ip/pll_gen.v(105)
HDL-1007 : undeclared symbol 'pll_gen_open6', assumed default net type 'wire' in al_ip/pll_gen.v(105)
HDL-1007 : undeclared symbol 'pll_gen_open5', assumed default net type 'wire' in al_ip/pll_gen.v(105)
HDL-1007 : undeclared symbol 'pll_gen_open4', assumed default net type 'wire' in al_ip/pll_gen.v(105)
HDL-1007 : undeclared symbol 'pll_gen_open3', assumed default net type 'wire' in al_ip/pll_gen.v(105)
HDL-1007 : undeclared symbol 'pll_gen_open2', assumed default net type 'wire' in al_ip/pll_gen.v(105)
HDL-1007 : undeclared symbol 'pll_gen_open1', assumed default net type 'wire' in al_ip/pll_gen.v(105)
HDL-1007 : analyze verilog file al_ip/rx_pll.v
HDL-1007 : undeclared symbol 'open', assumed default net type 'wire' in al_ip/rx_pll.v(78)
HDL-1007 : analyze verilog file al_ip/video_pll.v
HDL-1007 : undeclared symbol 'video_pll_open0', assumed default net type 'wire' in al_ip/video_pll.v(70)
HDL-1007 : undeclared symbol 'video_pll_open1', assumed default net type 'wire' in al_ip/video_pll.v(76)
HDL-1007 : undeclared symbol 'video_pll_open9', assumed default net type 'wire' in al_ip/video_pll.v(82)
HDL-1007 : undeclared symbol 'video_pll_open8', assumed default net type 'wire' in al_ip/video_pll.v(82)
HDL-1007 : undeclared symbol 'video_pll_open7', assumed default net type 'wire' in al_ip/video_pll.v(82)
HDL-1007 : undeclared symbol 'video_pll_open6', assumed default net type 'wire' in al_ip/video_pll.v(82)
HDL-1007 : undeclared symbol 'video_pll_open5', assumed default net type 'wire' in al_ip/video_pll.v(82)
HDL-1007 : undeclared symbol 'video_pll_open4', assumed default net type 'wire' in al_ip/video_pll.v(82)
HDL-1007 : undeclared symbol 'video_pll_open3', assumed default net type 'wire' in al_ip/video_pll.v(82)
HDL-1007 : undeclared symbol 'video_pll_open2', assumed default net type 'wire' in al_ip/video_pll.v(82)
HDL-1007 : undeclared symbol 'video_pll_open12', assumed default net type 'wire' in al_ip/video_pll.v(84)
HDL-1007 : undeclared symbol 'video_pll_open11', assumed default net type 'wire' in al_ip/video_pll.v(84)
HDL-1007 : undeclared symbol 'video_pll_open10', assumed default net type 'wire' in al_ip/video_pll.v(84)
HDL-1007 : analyze verilog file ../../source_code/rtl/BUFGMUX.v
HDL-1007 : analyze verilog file ../../source_code/rtl/clk_gen_rst_gen.v
HDL-1007 : analyze verilog file ../../source_code/rtl/div_clk_gen.v
HDL-1007 : analyze verilog file ../../source_code/rtl/IDDR.v
HDL-1007 : analyze verilog file ../../source_code/rtl/ODDR.v
HDL-1007 : analyze verilog file ../../source_code/rtl/RAMB16_S9_S9.v
HDL-1007 : undeclared symbol 'open', assumed default net type 'wire' in ../../source_code/rtl/RAMB16_S9_S9.v(109)
HDL-1007 : analyze verilog file ../../source_code/rtl/rgmii_interface.v
HDL-1007 : analyze verilog file ../../source_code/rtl/rx_client_fifo.v
HDL-5370 WARNING: parameter 'WAIT_s' becomes localparam in 'rx_client_fifo' with formal parameter declaration list in ../../source_code/rtl/rx_client_fifo.v(49)
HDL-5370 WARNING: parameter 'QUEUE1_s' becomes localparam in 'rx_client_fifo' with formal parameter declaration list in ../../source_code/rtl/rx_client_fifo.v(50)
HDL-5370 WARNING: parameter 'QUEUE2_s' becomes localparam in 'rx_client_fifo' with formal parameter declaration list in ../../source_code/rtl/rx_client_fifo.v(51)
HDL-5370 WARNING: parameter 'QUEUE3_s' becomes localparam in 'rx_client_fifo' with formal parameter declaration list in ../../source_code/rtl/rx_client_fifo.v(52)
HDL-5370 WARNING: parameter 'QUEUE_SOF_s' becomes localparam in 'rx_client_fifo' with formal parameter declaration list in ../../source_code/rtl/rx_client_fifo.v(53)
HDL-5370 WARNING: parameter 'SOF_s' becomes localparam in 'rx_client_fifo' with formal parameter declaration list in ../../source_code/rtl/rx_client_fifo.v(54)
HDL-5370 WARNING: parameter 'DATA_s' becomes localparam in 'rx_client_fifo' with formal parameter declaration list in ../../source_code/rtl/rx_client_fifo.v(55)
HDL-5370 WARNING: parameter 'EOF_s' becomes localparam in 'rx_client_fifo' with formal parameter declaration list in ../../source_code/rtl/rx_client_fifo.v(56)
HDL-5370 WARNING: parameter 'IDLE_s' becomes localparam in 'rx_client_fifo' with formal parameter declaration list in ../../source_code/rtl/rx_client_fifo.v(62)
HDL-5370 WARNING: parameter 'FRAME_s' becomes localparam in 'rx_client_fifo' with formal parameter declaration list in ../../source_code/rtl/rx_client_fifo.v(63)
HDL-5370 Similar messages will be suppressed.
HDL-1007 : analyze verilog file ../../source_code/rtl/temac_block.v
HDL-1007 : analyze verilog file ../../source_code/rtl/temac_clk_gen.v
HDL-1007 : analyze verilog file ../../source_code/rtl/tx_client_fifo.v
HDL-5370 WARNING: parameter 'IDLE_s' becomes localparam in 'tx_client_fifo' with formal parameter declaration list in ../../source_code/rtl/tx_client_fifo.v(53)
HDL-5370 WARNING: parameter 'QUEUE1_s' becomes localparam in 'tx_client_fifo' with formal parameter declaration list in ../../source_code/rtl/tx_client_fifo.v(54)
HDL-5370 WARNING: parameter 'QUEUE2_s' becomes localparam in 'tx_client_fifo' with formal parameter declaration list in ../../source_code/rtl/tx_client_fifo.v(55)
HDL-5370 WARNING: parameter 'QUEUE3_s' becomes localparam in 'tx_client_fifo' with formal parameter declaration list in ../../source_code/rtl/tx_client_fifo.v(56)
HDL-5370 WARNING: parameter 'QUEUE_ACK_s' becomes localparam in 'tx_client_fifo' with formal parameter declaration list in ../../source_code/rtl/tx_client_fifo.v(57)
HDL-5370 WARNING: parameter 'WAIT_ACK_s' becomes localparam in 'tx_client_fifo' with formal parameter declaration list in ../../source_code/rtl/tx_client_fifo.v(58)
HDL-5370 WARNING: parameter 'FRAME_s' becomes localparam in 'tx_client_fifo' with formal parameter declaration list in ../../source_code/rtl/tx_client_fifo.v(59)
HDL-5370 WARNING: parameter 'DROP_s' becomes localparam in 'tx_client_fifo' with formal parameter declaration list in ../../source_code/rtl/tx_client_fifo.v(60)
HDL-5370 WARNING: parameter 'RETRANSMIT_s' becomes localparam in 'tx_client_fifo' with formal parameter declaration list in ../../source_code/rtl/tx_client_fifo.v(61)
HDL-5370 WARNING: parameter 'WAIT_s' becomes localparam in 'tx_client_fifo' with formal parameter declaration list in ../../source_code/rtl/tx_client_fifo.v(67)
HDL-5370 Similar messages will be suppressed.
HDL-1007 : analyze verilog file ../../source_code/rtl/tx_clk_en_gen.v
HDL-1007 : analyze verilog file ../../source_code/rtl/udp_data_tpg.v
HDL-1007 : analyze verilog file ../../source_code/rtl/UDP_Example_Top.v
HDL-1007 : undeclared symbol 'use_sd_data', assumed default net type 'wire' in ../../source_code/rtl/UDP_Example_Top.v(225)
HDL-1007 : undeclared symbol 'phy_reset', assumed default net type 'wire' in ../../source_code/rtl/UDP_Example_Top.v(351)
HDL-5333 WARNING: data object 'rst_n' is already declared in ../../source_code/rtl/UDP_Example_Top.v(398)
HDL-1007 : previous declaration of 'rst_n' is from here in ../../source_code/rtl/UDP_Example_Top.v(200)
HDL-5007 WARNING: second declaration of 'rst_n' is ignored in ../../source_code/rtl/UDP_Example_Top.v(398)
HDL-1007 : undeclared symbol 'tpg_data_done', assumed default net type 'wire' in ../../source_code/rtl/UDP_Example_Top.v(518)
HDL-1007 : undeclared symbol 'video_clk', assumed default net type 'wire' in ../../source_code/rtl/UDP_Example_Top.v(550)
HDL-1007 : undeclared symbol 'hdmi_5x_clk', assumed default net type 'wire' in ../../source_code/rtl/UDP_Example_Top.v(551)
HDL-1007 : undeclared symbol 'vga_out_de', assumed default net type 'wire' in ../../source_code/rtl/UDP_Example_Top.v(557)
HDL-1007 : undeclared symbol 'video_read_req', assumed default net type 'wire' in ../../source_code/rtl/UDP_Example_Top.v(567)
HDL-1007 : undeclared symbol 'video_read_req_ack', assumed default net type 'wire' in ../../source_code/rtl/UDP_Example_Top.v(568)
HDL-1007 : undeclared symbol 'video_read_en', assumed default net type 'wire' in ../../source_code/rtl/UDP_Example_Top.v(580)
HDL-1007 : undeclared symbol 'hs', assumed default net type 'wire' in ../../source_code/rtl/UDP_Example_Top.v(591)
HDL-1007 : undeclared symbol 'vs', assumed default net type 'wire' in ../../source_code/rtl/UDP_Example_Top.v(592)
HDL-1007 : undeclared symbol 'de', assumed default net type 'wire' in ../../source_code/rtl/UDP_Example_Top.v(593)
HDL-1007 : undeclared symbol 'vout_data', assumed default net type 'wire' in ../../source_code/rtl/UDP_Example_Top.v(594)
HDL-1007 : analyze verilog file ../../source_code/rtl/udp_ip_protocol_stack_merge.enc.v
HDL-1007 : back to file '../../source_code/rtl/udp_ip_protocol_stack_merge.enc.v' in ../../source_code/rtl/udp_ip_protocol_stack_merge.enc.v(56)
HDL-1007 : undeclared symbol '**', assumed default net type '**' in ../../source_code/rtl/udp_ip_protocol_stack_merge.enc.v(2638)
HDL-1007 : back to file '../../source_code/rtl/udp_ip_protocol_stack_merge.enc.v' in ../../source_code/rtl/udp_ip_protocol_stack_merge.enc.v(420)
HDL-1007 : analyze verilog file ../../source_code/rtl/udp_loopback.v
HDL-1007 : analyze verilog file ../../source_code/rtl/sdr/rtl/app_wrrd.v
HDL-1007 : analyze included file ../../source_code/rtl/sdr/rtl/../include/global_def.v in ../../source_code/rtl/sdr/rtl/app_wrrd.v(10)
HDL-1007 : back to file '../../source_code/rtl/sdr/rtl/app_wrrd.v' in ../../source_code/rtl/sdr/rtl/app_wrrd.v(10)
HDL-5372 WARNING: redeclaration of ANSI port 'full_flag' is not allowed in ../../source_code/rtl/sdr/rtl/app_wrrd.v(61)
HDL-1007 : undeclared symbol 'afull', assumed default net type 'wire' in ../../source_code/rtl/sdr/rtl/app_wrrd.v(74)
HDL-1007 : undeclared symbol 'aempty', assumed default net type 'wire' in ../../source_code/rtl/sdr/rtl/app_wrrd.v(75)
HDL-1007 : undeclared symbol 'wrusedw', assumed default net type 'wire' in ../../source_code/rtl/sdr/rtl/app_wrrd.v(76)
HDL-5333 WARNING: data object 'w_addr_cnt' is already declared in ../../source_code/rtl/sdr/rtl/app_wrrd.v(139)
HDL-1007 : previous declaration of 'w_addr_cnt' is from here in ../../source_code/rtl/sdr/rtl/app_wrrd.v(38)
HDL-5007 WARNING: second declaration of 'w_addr_cnt' is ignored in ../../source_code/rtl/sdr/rtl/app_wrrd.v(139)
HDL-1007 : analyze verilog file ../../source_code/rtl/sdr/rtl/sdram_top.v
HDL-1007 : analyze included file ../../source_code/rtl/sdr/rtl/../include/global_def.v in ../../source_code/rtl/sdr/rtl/sdram_top.v(10)
HDL-1007 : back to file '../../source_code/rtl/sdr/rtl/sdram_top.v' in ../../source_code/rtl/sdr/rtl/sdram_top.v(10)
HDL-1007 : undeclared symbol 'Rst_n', assumed default net type 'wire' in ../../source_code/rtl/sdr/rtl/sdram_top.v(70)
HDL-5372 WARNING: redeclaration of ANSI port 'wr_done' is not allowed in ../../source_code/rtl/sdr/rtl/sdram_top.v(73)
HDL-1007 : undeclared symbol 'SDR_CKE', assumed default net type 'wire' in ../../source_code/rtl/sdr/rtl/sdram_top.v(132)
HDL-1007 : analyze verilog file ../../source_code/rtl/sd/sd_ctrl_top.v
HDL-1007 : analyze verilog file ../../source_code/rtl/sd/sd_init.v
HDL-1007 : analyze verilog file ../../source_code/rtl/sd/sd_read.v
HDL-1007 : analyze verilog file ../../source_code/rtl/sd/sd_read_photo.v
HDL-1007 : analyze verilog file ../../source_code/rtl/sdr/rtl/enc_file/sdr_as_ram.enc.v
HDL-1007 : back to file '../../source_code/rtl/sdr/rtl/enc_file/sdr_as_ram.enc.v' in ../../source_code/rtl/sdr/rtl/enc_file/sdr_as_ram.enc.v(45)
HDL-1007 : analyze verilog file ../../source_code/rtl/sdr/rtl/enc_file/sdr_init_ref.enc.v
HDL-1007 : undeclared symbol '**', assumed default net type '**' in ../../source_code/rtl/sdr/rtl/enc_file/sdr_init_ref.enc.v(57)
HDL-1007 : back to file '../../source_code/rtl/sdr/rtl/enc_file/sdr_init_ref.enc.v' in ../../source_code/rtl/sdr/rtl/enc_file/sdr_init_ref.enc.v(148)
HDL-5007 WARNING: concatenation with an unsized literal will be treated as 32 bits in ../../source_code/rtl/sdr/rtl/enc_file/sdr_init_ref.enc.v(47)
HDL-1007 : analyze verilog file ../../source_code/rtl/sdr/rtl/enc_file/sdr_wrrd.enc.v
HDL-5007 WARNING: concatenation with an unsized literal will be treated as 32 bits in ../../source_code/rtl/sdr/rtl/enc_file/sdr_wrrd.enc.v(283)
HDL-1007 : back to file '../../source_code/rtl/sdr/rtl/enc_file/sdr_wrrd.enc.v' in ../../source_code/rtl/sdr/rtl/enc_file/sdr_wrrd.enc.v(19)
HDL-1007 : analyze verilog file ../../source_code/rtl/camera_data_gen.v
HDL-1007 : analyze verilog file ../../source_code/rtl/ov5640/ov5640_dri.v
HDL-1007 : analyze verilog file ../../source_code/rtl/ov5640/ov5640_delay.v
HDL-1007 : analyze verilog file ../../source_code/rtl/ov5640/i2c_ov5640_rgb565_cfg.v
HDL-1007 : analyze verilog file ../../source_code/rtl/ov5640/i2c_dri.v
HDL-1007 : analyze verilog file ../../source_code/rtl/ov5640/cmos_capture_data.v
HDL-1007 : analyze verilog file ../../source_code/rtl/sdram_write_static_sel.v
HDL-1007 : analyze verilog file ../../source_code/rtl/sdram_read_align.v
HDL-1007 : analyze verilog file ../../source_code/rtl/display/color_bar.v
HDL-1007 : analyze included file ../../source_code/rtl/display/video_define.v in ../../source_code/rtl/display/color_bar.v(1)
HDL-1007 : back to file '../../source_code/rtl/display/color_bar.v' in ../../source_code/rtl/display/color_bar.v(1)
HDL-1007 : analyze verilog file ../../source_code/rtl/display/video_delay.v
HDL-1007 : analyze verilog file ../../source_code/rtl/display/video_timing_data.v
HDL-1007 : analyze VHDL file ../../source_code/rtl/hdmi/hdmi_tx.vhd
HDL-1007 : analyze entity hdmi_tx in ../../source_code/rtl/hdmi/hdmi_tx.vhd(11)
HDL-1007 : analyze architecture behavioral in ../../source_code/rtl/hdmi/hdmi_tx.vhd(33)
HDL-1007 : analyze verilog file ../../source_code/rtl/uart/cmd_ctrl.v
HDL-1007 : analyze verilog file ../../source_code/rtl/uart/uart_rx.v
HDL-1007 : analyze verilog file ../../source_code/rtl/uart/uart_test.v
HDL-1007 : analyze verilog file ../../source_code/rtl/uart/uart_tx.v
HDL-1007 : analyze verilog file ../../source_code/rtl/sd/sd_card_ctrl.v
HDL-1007 : analyze VHDL file ../../source_code/rtl/hdmi/enc_file/DVITransmitter.enc.vhd
HDL-1007 : analyze entity dvitransmitter in ../../source_code/rtl/hdmi/enc_file/DVITransmitter.enc.vhd(13)
HDL-1007 : analyze architecture ** in ../../source_code/rtl/hdmi/enc_file/DVITransmitter.enc.vhd(2)
HDL-1007 : analyze VHDL file ../../source_code/rtl/hdmi/enc_file/SerializerN_1_lvds.enc.vhd
HDL-1007 : analyze entity ** in ../../source_code/rtl/hdmi/enc_file/SerializerN_1_lvds.enc.vhd(12)
HDL-1007 : analyze architecture ** in ../../source_code/rtl/hdmi/enc_file/SerializerN_1_lvds.enc.vhd(25)
HDL-1007 : analyze VHDL file ../../source_code/rtl/hdmi/enc_file/SerializerN_1_lvds_dat.enc.vhd
HDL-1007 : analyze entity ** in ../../source_code/rtl/hdmi/enc_file/SerializerN_1_lvds_dat.enc.vhd(14)
HDL-1007 : analyze architecture ** in ../../source_code/rtl/hdmi/enc_file/SerializerN_1_lvds_dat.enc.vhd(28)
HDL-1007 : analyze VHDL file ../../source_code/rtl/hdmi/enc_file/TMDSEncoder.enc.vhd
HDL-1007 : analyze entity ** in ../../source_code/rtl/hdmi/enc_file/TMDSEncoder.enc.vhd(13)
HDL-1007 : analyze architecture ** in ../../source_code/rtl/hdmi/enc_file/TMDSEncoder.enc.vhd(24)
RUN-1002 : start command "commit_param -step design"
RUN-1001 : Print Global Property
RUN-1001 : --------------------------------------------------------
RUN-1001 :   Parameters   |  Settings  |  Default Values  |  Note  
RUN-1001 : --------------------------------------------------------
RUN-1001 :   enable_seed  |    off     |       off        |        
RUN-1001 :     message    |  standard  |     standard     |        
RUN-1001 :   qor_monitor  |     on     |        on        |        
RUN-1001 :   syn_ip_flow  |    off     |       off        |        
RUN-1001 :     thread     |    auto    |       auto       |        
RUN-1001 : --------------------------------------------------------
RUN-1001 : Print Design Property
RUN-1001 : ----------------------------------------------------------------
RUN-1001 :       Parameters       |  Settings  |  Default Values  |  Note  
RUN-1001 : ----------------------------------------------------------------
RUN-1001 :   default_reg_initial  |    auto    |       auto       |        
RUN-1001 :    hdl_warning_level   |   normal   |      normal      |        
RUN-1001 : ----------------------------------------------------------------
HDL-1007 : analyze verilog file al_ip/TEMAC_CORE/RTL/mac_core_aead6cd6dadd.v
HDL-1007 : analyze verilog file al_ip/TEMAC_CORE/RTL/TEMAC_CORE_aead6cd6dadd.v
HDL-5007 WARNING: column 1032 exceeds maximum value 1023 in al_ip/TEMAC_CORE/RTL/TEMAC_CORE_aead6cd6dadd.v(30)
HDL-1007 : back to file 'al_ip/TEMAC_CORE/RTL/TEMAC_CORE_aead6cd6dadd.v' in al_ip/TEMAC_CORE/RTL/TEMAC_CORE_aead6cd6dadd.v(86)
HDL-5007 WARNING: event expressions must result in a singular type in al_ip/TEMAC_CORE/RTL/TEMAC_CORE_aead6cd6dadd.v(3001)
HDL-1007 : undeclared symbol '**', assumed default net type '**' in al_ip/TEMAC_CORE/RTL/TEMAC_CORE_aead6cd6dadd.v(5050)
HDL-1007 : undeclared symbol '**', assumed default net type '**' in al_ip/TEMAC_CORE/RTL/TEMAC_CORE_aead6cd6dadd.v(5458)
HDL-5007 WARNING: column 1035 exceeds maximum value 1023 in al_ip/TEMAC_CORE/RTL/TEMAC_CORE_aead6cd6dadd.v(6001)
HDL-1007 : back to file 'al_ip/TEMAC_CORE/RTL/TEMAC_CORE_aead6cd6dadd.v' in al_ip/TEMAC_CORE/RTL/TEMAC_CORE_aead6cd6dadd.v(260)
HDL-1007 : analyze verilog file al_ip/TEMAC_CORE/TEMAC_CORE.v
HDL-1007 : analyze verilog file al_ip/clk_pll.v
HDL-1007 : undeclared symbol 'clk_pll_open0', assumed default net type 'wire' in al_ip/clk_pll.v(92)
HDL-1007 : undeclared symbol 'clk_pll_open8', assumed default net type 'wire' in al_ip/clk_pll.v(98)
HDL-1007 : undeclared symbol 'clk_pll_open7', assumed default net type 'wire' in al_ip/clk_pll.v(98)
HDL-1007 : undeclared symbol 'clk_pll_open6', assumed default net type 'wire' in al_ip/clk_pll.v(98)
HDL-1007 : undeclared symbol 'clk_pll_open5', assumed default net type 'wire' in al_ip/clk_pll.v(98)
HDL-1007 : undeclared symbol 'clk_pll_open4', assumed default net type 'wire' in al_ip/clk_pll.v(98)
HDL-1007 : undeclared symbol 'clk_pll_open3', assumed default net type 'wire' in al_ip/clk_pll.v(98)
HDL-1007 : undeclared symbol 'clk_pll_open2', assumed default net type 'wire' in al_ip/clk_pll.v(98)
HDL-1007 : undeclared symbol 'clk_pll_open1', assumed default net type 'wire' in al_ip/clk_pll.v(98)
HDL-1007 : undeclared symbol 'clk_pll_open9', assumed default net type 'wire' in al_ip/clk_pll.v(100)
HDL-1007 : analyze verilog file al_ip/fifo_sdr_data_2.v
HDL-1007 : analyze verilog file al_ip/pll_50.v
HDL-1007 : undeclared symbol 'open', assumed default net type 'wire' in al_ip/pll_50.v(85)
HDL-1007 : analyze verilog file al_ip/pll_gen.v
HDL-1007 : undeclared symbol 'pll_gen_open0', assumed default net type 'wire' in al_ip/pll_gen.v(99)
HDL-1007 : undeclared symbol 'pll_gen_open8', assumed default net type 'wire' in al_ip/pll_gen.v(105)
HDL-1007 : undeclared symbol 'pll_gen_open7', assumed default net type 'wire' in al_ip/pll_gen.v(105)
HDL-1007 : undeclared symbol 'pll_gen_open6', assumed default net type 'wire' in al_ip/pll_gen.v(105)
HDL-1007 : undeclared symbol 'pll_gen_open5', assumed default net type 'wire' in al_ip/pll_gen.v(105)
HDL-1007 : undeclared symbol 'pll_gen_open4', assumed default net type 'wire' in al_ip/pll_gen.v(105)
HDL-1007 : undeclared symbol 'pll_gen_open3', assumed default net type 'wire' in al_ip/pll_gen.v(105)
HDL-1007 : undeclared symbol 'pll_gen_open2', assumed default net type 'wire' in al_ip/pll_gen.v(105)
HDL-1007 : undeclared symbol 'pll_gen_open1', assumed default net type 'wire' in al_ip/pll_gen.v(105)
HDL-1007 : analyze verilog file al_ip/rx_pll.v
HDL-1007 : undeclared symbol 'open', assumed default net type 'wire' in al_ip/rx_pll.v(78)
HDL-1007 : analyze verilog file al_ip/video_pll.v
HDL-1007 : undeclared symbol 'video_pll_open0', assumed default net type 'wire' in al_ip/video_pll.v(70)
HDL-1007 : undeclared symbol 'video_pll_open1', assumed default net type 'wire' in al_ip/video_pll.v(76)
HDL-1007 : undeclared symbol 'video_pll_open9', assumed default net type 'wire' in al_ip/video_pll.v(82)
HDL-1007 : undeclared symbol 'video_pll_open8', assumed default net type 'wire' in al_ip/video_pll.v(82)
HDL-1007 : undeclared symbol 'video_pll_open7', assumed default net type 'wire' in al_ip/video_pll.v(82)
HDL-1007 : undeclared symbol 'video_pll_open6', assumed default net type 'wire' in al_ip/video_pll.v(82)
HDL-1007 : undeclared symbol 'video_pll_open5', assumed default net type 'wire' in al_ip/video_pll.v(82)
HDL-1007 : undeclared symbol 'video_pll_open4', assumed default net type 'wire' in al_ip/video_pll.v(82)
HDL-1007 : undeclared symbol 'video_pll_open3', assumed default net type 'wire' in al_ip/video_pll.v(82)
HDL-1007 : undeclared symbol 'video_pll_open2', assumed default net type 'wire' in al_ip/video_pll.v(82)
HDL-1007 : undeclared symbol 'video_pll_open12', assumed default net type 'wire' in al_ip/video_pll.v(84)
HDL-1007 : undeclared symbol 'video_pll_open11', assumed default net type 'wire' in al_ip/video_pll.v(84)
HDL-1007 : undeclared symbol 'video_pll_open10', assumed default net type 'wire' in al_ip/video_pll.v(84)
HDL-1007 : analyze verilog file ../../source_code/rtl/BUFGMUX.v
HDL-1007 : analyze verilog file ../../source_code/rtl/clk_gen_rst_gen.v
HDL-1007 : analyze verilog file ../../source_code/rtl/div_clk_gen.v
HDL-1007 : analyze verilog file ../../source_code/rtl/IDDR.v
HDL-1007 : analyze verilog file ../../source_code/rtl/ODDR.v
HDL-1007 : analyze verilog file ../../source_code/rtl/RAMB16_S9_S9.v
HDL-1007 : undeclared symbol 'open', assumed default net type 'wire' in ../../source_code/rtl/RAMB16_S9_S9.v(109)
HDL-1007 : analyze verilog file ../../source_code/rtl/rgmii_interface.v
HDL-1007 : analyze verilog file ../../source_code/rtl/rx_client_fifo.v
HDL-5370 WARNING: parameter 'WAIT_s' becomes localparam in 'rx_client_fifo' with formal parameter declaration list in ../../source_code/rtl/rx_client_fifo.v(49)
HDL-5370 WARNING: parameter 'QUEUE1_s' becomes localparam in 'rx_client_fifo' with formal parameter declaration list in ../../source_code/rtl/rx_client_fifo.v(50)
HDL-5370 WARNING: parameter 'QUEUE2_s' becomes localparam in 'rx_client_fifo' with formal parameter declaration list in ../../source_code/rtl/rx_client_fifo.v(51)
HDL-5370 WARNING: parameter 'QUEUE3_s' becomes localparam in 'rx_client_fifo' with formal parameter declaration list in ../../source_code/rtl/rx_client_fifo.v(52)
HDL-5370 WARNING: parameter 'QUEUE_SOF_s' becomes localparam in 'rx_client_fifo' with formal parameter declaration list in ../../source_code/rtl/rx_client_fifo.v(53)
HDL-5370 WARNING: parameter 'SOF_s' becomes localparam in 'rx_client_fifo' with formal parameter declaration list in ../../source_code/rtl/rx_client_fifo.v(54)
HDL-5370 WARNING: parameter 'DATA_s' becomes localparam in 'rx_client_fifo' with formal parameter declaration list in ../../source_code/rtl/rx_client_fifo.v(55)
HDL-5370 WARNING: parameter 'EOF_s' becomes localparam in 'rx_client_fifo' with formal parameter declaration list in ../../source_code/rtl/rx_client_fifo.v(56)
HDL-5370 WARNING: parameter 'IDLE_s' becomes localparam in 'rx_client_fifo' with formal parameter declaration list in ../../source_code/rtl/rx_client_fifo.v(62)
HDL-5370 WARNING: parameter 'FRAME_s' becomes localparam in 'rx_client_fifo' with formal parameter declaration list in ../../source_code/rtl/rx_client_fifo.v(63)
HDL-5370 Similar messages will be suppressed.
HDL-1007 : analyze verilog file ../../source_code/rtl/temac_block.v
HDL-1007 : analyze verilog file ../../source_code/rtl/temac_clk_gen.v
HDL-1007 : analyze verilog file ../../source_code/rtl/tx_client_fifo.v
HDL-5370 WARNING: parameter 'IDLE_s' becomes localparam in 'tx_client_fifo' with formal parameter declaration list in ../../source_code/rtl/tx_client_fifo.v(53)
HDL-5370 WARNING: parameter 'QUEUE1_s' becomes localparam in 'tx_client_fifo' with formal parameter declaration list in ../../source_code/rtl/tx_client_fifo.v(54)
HDL-5370 WARNING: parameter 'QUEUE2_s' becomes localparam in 'tx_client_fifo' with formal parameter declaration list in ../../source_code/rtl/tx_client_fifo.v(55)
HDL-5370 WARNING: parameter 'QUEUE3_s' becomes localparam in 'tx_client_fifo' with formal parameter declaration list in ../../source_code/rtl/tx_client_fifo.v(56)
HDL-5370 WARNING: parameter 'QUEUE_ACK_s' becomes localparam in 'tx_client_fifo' with formal parameter declaration list in ../../source_code/rtl/tx_client_fifo.v(57)
HDL-5370 WARNING: parameter 'WAIT_ACK_s' becomes localparam in 'tx_client_fifo' with formal parameter declaration list in ../../source_code/rtl/tx_client_fifo.v(58)
HDL-5370 WARNING: parameter 'FRAME_s' becomes localparam in 'tx_client_fifo' with formal parameter declaration list in ../../source_code/rtl/tx_client_fifo.v(59)
HDL-5370 WARNING: parameter 'DROP_s' becomes localparam in 'tx_client_fifo' with formal parameter declaration list in ../../source_code/rtl/tx_client_fifo.v(60)
HDL-5370 WARNING: parameter 'RETRANSMIT_s' becomes localparam in 'tx_client_fifo' with formal parameter declaration list in ../../source_code/rtl/tx_client_fifo.v(61)
HDL-5370 WARNING: parameter 'WAIT_s' becomes localparam in 'tx_client_fifo' with formal parameter declaration list in ../../source_code/rtl/tx_client_fifo.v(67)
HDL-5370 Similar messages will be suppressed.
HDL-1007 : analyze verilog file ../../source_code/rtl/tx_clk_en_gen.v
HDL-1007 : analyze verilog file ../../source_code/rtl/udp_data_tpg.v
HDL-1007 : analyze verilog file ../../source_code/rtl/UDP_Example_Top.v
HDL-1007 : undeclared symbol 'use_sd_data', assumed default net type 'wire' in ../../source_code/rtl/UDP_Example_Top.v(225)
HDL-1007 : undeclared symbol 'phy_reset', assumed default net type 'wire' in ../../source_code/rtl/UDP_Example_Top.v(351)
HDL-5333 WARNING: data object 'rst_n' is already declared in ../../source_code/rtl/UDP_Example_Top.v(398)
HDL-1007 : previous declaration of 'rst_n' is from here in ../../source_code/rtl/UDP_Example_Top.v(200)
HDL-5007 WARNING: second declaration of 'rst_n' is ignored in ../../source_code/rtl/UDP_Example_Top.v(398)
HDL-1007 : undeclared symbol 'tpg_data_done', assumed default net type 'wire' in ../../source_code/rtl/UDP_Example_Top.v(518)
HDL-1007 : undeclared symbol 'video_clk', assumed default net type 'wire' in ../../source_code/rtl/UDP_Example_Top.v(550)
HDL-1007 : undeclared symbol 'hdmi_5x_clk', assumed default net type 'wire' in ../../source_code/rtl/UDP_Example_Top.v(551)
HDL-1007 : undeclared symbol 'vga_out_de', assumed default net type 'wire' in ../../source_code/rtl/UDP_Example_Top.v(557)
HDL-1007 : undeclared symbol 'video_read_req', assumed default net type 'wire' in ../../source_code/rtl/UDP_Example_Top.v(567)
HDL-1007 : undeclared symbol 'video_read_req_ack', assumed default net type 'wire' in ../../source_code/rtl/UDP_Example_Top.v(568)
HDL-1007 : undeclared symbol 'video_read_en', assumed default net type 'wire' in ../../source_code/rtl/UDP_Example_Top.v(580)
HDL-1007 : undeclared symbol 'hs', assumed default net type 'wire' in ../../source_code/rtl/UDP_Example_Top.v(591)
HDL-1007 : undeclared symbol 'vs', assumed default net type 'wire' in ../../source_code/rtl/UDP_Example_Top.v(592)
HDL-1007 : undeclared symbol 'de', assumed default net type 'wire' in ../../source_code/rtl/UDP_Example_Top.v(593)
HDL-1007 : undeclared symbol 'vout_data', assumed default net type 'wire' in ../../source_code/rtl/UDP_Example_Top.v(594)
HDL-1007 : analyze verilog file ../../source_code/rtl/udp_ip_protocol_stack_merge.enc.v
HDL-1007 : back to file '../../source_code/rtl/udp_ip_protocol_stack_merge.enc.v' in ../../source_code/rtl/udp_ip_protocol_stack_merge.enc.v(56)
HDL-1007 : undeclared symbol '**', assumed default net type '**' in ../../source_code/rtl/udp_ip_protocol_stack_merge.enc.v(2638)
HDL-1007 : back to file '../../source_code/rtl/udp_ip_protocol_stack_merge.enc.v' in ../../source_code/rtl/udp_ip_protocol_stack_merge.enc.v(420)
HDL-1007 : analyze verilog file ../../source_code/rtl/udp_loopback.v
HDL-1007 : analyze verilog file ../../source_code/rtl/sdr/rtl/app_wrrd.v
HDL-1007 : analyze included file ../../source_code/rtl/sdr/rtl/../include/global_def.v in ../../source_code/rtl/sdr/rtl/app_wrrd.v(10)
HDL-1007 : back to file '../../source_code/rtl/sdr/rtl/app_wrrd.v' in ../../source_code/rtl/sdr/rtl/app_wrrd.v(10)
HDL-5372 WARNING: redeclaration of ANSI port 'full_flag' is not allowed in ../../source_code/rtl/sdr/rtl/app_wrrd.v(61)
HDL-1007 : undeclared symbol 'afull', assumed default net type 'wire' in ../../source_code/rtl/sdr/rtl/app_wrrd.v(74)
HDL-1007 : undeclared symbol 'aempty', assumed default net type 'wire' in ../../source_code/rtl/sdr/rtl/app_wrrd.v(75)
HDL-1007 : undeclared symbol 'wrusedw', assumed default net type 'wire' in ../../source_code/rtl/sdr/rtl/app_wrrd.v(76)
HDL-5333 WARNING: data object 'w_addr_cnt' is already declared in ../../source_code/rtl/sdr/rtl/app_wrrd.v(139)
HDL-1007 : previous declaration of 'w_addr_cnt' is from here in ../../source_code/rtl/sdr/rtl/app_wrrd.v(38)
HDL-5007 WARNING: second declaration of 'w_addr_cnt' is ignored in ../../source_code/rtl/sdr/rtl/app_wrrd.v(139)
HDL-1007 : analyze verilog file ../../source_code/rtl/sdr/rtl/sdram_top.v
HDL-1007 : analyze included file ../../source_code/rtl/sdr/rtl/../include/global_def.v in ../../source_code/rtl/sdr/rtl/sdram_top.v(10)
HDL-1007 : back to file '../../source_code/rtl/sdr/rtl/sdram_top.v' in ../../source_code/rtl/sdr/rtl/sdram_top.v(10)
HDL-1007 : undeclared symbol 'Rst_n', assumed default net type 'wire' in ../../source_code/rtl/sdr/rtl/sdram_top.v(70)
HDL-5372 WARNING: redeclaration of ANSI port 'wr_done' is not allowed in ../../source_code/rtl/sdr/rtl/sdram_top.v(73)
HDL-1007 : undeclared symbol 'SDR_CKE', assumed default net type 'wire' in ../../source_code/rtl/sdr/rtl/sdram_top.v(132)
HDL-1007 : analyze verilog file ../../source_code/rtl/sd/sd_ctrl_top.v
HDL-1007 : analyze verilog file ../../source_code/rtl/sd/sd_init.v
HDL-1007 : analyze verilog file ../../source_code/rtl/sd/sd_read.v
HDL-1007 : analyze verilog file ../../source_code/rtl/sd/sd_read_photo.v
HDL-1007 : analyze verilog file ../../source_code/rtl/sdr/rtl/enc_file/sdr_as_ram.enc.v
HDL-1007 : back to file '../../source_code/rtl/sdr/rtl/enc_file/sdr_as_ram.enc.v' in ../../source_code/rtl/sdr/rtl/enc_file/sdr_as_ram.enc.v(45)
HDL-1007 : analyze verilog file ../../source_code/rtl/sdr/rtl/enc_file/sdr_init_ref.enc.v
HDL-1007 : undeclared symbol '**', assumed default net type '**' in ../../source_code/rtl/sdr/rtl/enc_file/sdr_init_ref.enc.v(57)
HDL-1007 : back to file '../../source_code/rtl/sdr/rtl/enc_file/sdr_init_ref.enc.v' in ../../source_code/rtl/sdr/rtl/enc_file/sdr_init_ref.enc.v(148)
HDL-5007 WARNING: concatenation with an unsized literal will be treated as 32 bits in ../../source_code/rtl/sdr/rtl/enc_file/sdr_init_ref.enc.v(47)
HDL-1007 : analyze verilog file ../../source_code/rtl/sdr/rtl/enc_file/sdr_wrrd.enc.v
HDL-5007 WARNING: concatenation with an unsized literal will be treated as 32 bits in ../../source_code/rtl/sdr/rtl/enc_file/sdr_wrrd.enc.v(283)
HDL-1007 : back to file '../../source_code/rtl/sdr/rtl/enc_file/sdr_wrrd.enc.v' in ../../source_code/rtl/sdr/rtl/enc_file/sdr_wrrd.enc.v(19)
HDL-1007 : analyze verilog file ../../source_code/rtl/camera_data_gen.v
HDL-1007 : analyze verilog file ../../source_code/rtl/ov5640/ov5640_dri.v
HDL-1007 : analyze verilog file ../../source_code/rtl/ov5640/ov5640_delay.v
HDL-1007 : analyze verilog file ../../source_code/rtl/ov5640/i2c_ov5640_rgb565_cfg.v
HDL-1007 : analyze verilog file ../../source_code/rtl/ov5640/i2c_dri.v
HDL-1007 : analyze verilog file ../../source_code/rtl/ov5640/cmos_capture_data.v
HDL-1007 : analyze verilog file ../../source_code/rtl/sdram_write_static_sel.v
HDL-1007 : analyze verilog file ../../source_code/rtl/sdram_read_align.v
HDL-1007 : analyze verilog file ../../source_code/rtl/display/color_bar.v
HDL-1007 : analyze included file ../../source_code/rtl/display/video_define.v in ../../source_code/rtl/display/color_bar.v(1)
HDL-1007 : back to file '../../source_code/rtl/display/color_bar.v' in ../../source_code/rtl/display/color_bar.v(1)
HDL-1007 : analyze verilog file ../../source_code/rtl/display/video_delay.v
HDL-1007 : analyze verilog file ../../source_code/rtl/display/video_timing_data.v
HDL-1007 : analyze VHDL file ../../source_code/rtl/hdmi/hdmi_tx.vhd
HDL-1007 : analyze entity hdmi_tx in ../../source_code/rtl/hdmi/hdmi_tx.vhd(11)
HDL-1007 : analyze architecture behavioral in ../../source_code/rtl/hdmi/hdmi_tx.vhd(33)
HDL-1007 : analyze verilog file ../../source_code/rtl/uart/cmd_ctrl.v
HDL-1007 : analyze verilog file ../../source_code/rtl/uart/uart_rx.v
HDL-1007 : analyze verilog file ../../source_code/rtl/uart/uart_test.v
HDL-1007 : analyze verilog file ../../source_code/rtl/uart/uart_tx.v
HDL-1007 : analyze verilog file ../../source_code/rtl/sd/sd_card_ctrl.v
HDL-1007 : analyze VHDL file ../../source_code/rtl/hdmi/enc_file/DVITransmitter.enc.vhd
HDL-1007 : analyze entity dvitransmitter in ../../source_code/rtl/hdmi/enc_file/DVITransmitter.enc.vhd(13)
HDL-1007 : analyze architecture ** in ../../source_code/rtl/hdmi/enc_file/DVITransmitter.enc.vhd(2)
HDL-1007 : analyze VHDL file ../../source_code/rtl/hdmi/enc_file/SerializerN_1_lvds.enc.vhd
HDL-1007 : analyze entity ** in ../../source_code/rtl/hdmi/enc_file/SerializerN_1_lvds.enc.vhd(12)
HDL-1007 : analyze architecture ** in ../../source_code/rtl/hdmi/enc_file/SerializerN_1_lvds.enc.vhd(25)
HDL-1007 : analyze VHDL file ../../source_code/rtl/hdmi/enc_file/SerializerN_1_lvds_dat.enc.vhd
HDL-1007 : analyze entity ** in ../../source_code/rtl/hdmi/enc_file/SerializerN_1_lvds_dat.enc.vhd(14)
HDL-1007 : analyze architecture ** in ../../source_code/rtl/hdmi/enc_file/SerializerN_1_lvds_dat.enc.vhd(28)
HDL-1007 : analyze VHDL file ../../source_code/rtl/hdmi/enc_file/TMDSEncoder.enc.vhd
HDL-1007 : analyze entity ** in ../../source_code/rtl/hdmi/enc_file/TMDSEncoder.enc.vhd(13)
HDL-1007 : analyze architecture ** in ../../source_code/rtl/hdmi/enc_file/TMDSEncoder.enc.vhd(24)
RUN-1002 : start command "commit_param -step design"
RUN-1001 : Print Global Property
RUN-1001 : --------------------------------------------------------
RUN-1001 :   Parameters   |  Settings  |  Default Values  |  Note  
RUN-1001 : --------------------------------------------------------
RUN-1001 :   enable_seed  |    off     |       off        |        
RUN-1001 :     message    |  standard  |     standard     |        
RUN-1001 :   qor_monitor  |     on     |        on        |        
RUN-1001 :   syn_ip_flow  |    off     |       off        |        
RUN-1001 :     thread     |    auto    |       auto       |        
RUN-1001 : --------------------------------------------------------
RUN-1001 : Print Design Property
RUN-1001 : ----------------------------------------------------------------
RUN-1001 :       Parameters       |  Settings  |  Default Values  |  Note  
RUN-1001 : ----------------------------------------------------------------
RUN-1001 :   default_reg_initial  |    auto    |       auto       |        
RUN-1001 :    hdl_warning_level   |   normal   |      normal      |        
RUN-1001 : ----------------------------------------------------------------
HDL-1007 : analyze verilog file al_ip/TEMAC_CORE/RTL/mac_core_aead6cd6dadd.v
HDL-1007 : analyze verilog file al_ip/TEMAC_CORE/RTL/TEMAC_CORE_aead6cd6dadd.v
HDL-5007 WARNING: column 1032 exceeds maximum value 1023 in al_ip/TEMAC_CORE/RTL/TEMAC_CORE_aead6cd6dadd.v(30)
HDL-1007 : back to file 'al_ip/TEMAC_CORE/RTL/TEMAC_CORE_aead6cd6dadd.v' in al_ip/TEMAC_CORE/RTL/TEMAC_CORE_aead6cd6dadd.v(86)
HDL-5007 WARNING: event expressions must result in a singular type in al_ip/TEMAC_CORE/RTL/TEMAC_CORE_aead6cd6dadd.v(3001)
HDL-1007 : undeclared symbol '**', assumed default net type '**' in al_ip/TEMAC_CORE/RTL/TEMAC_CORE_aead6cd6dadd.v(5050)
HDL-1007 : undeclared symbol '**', assumed default net type '**' in al_ip/TEMAC_CORE/RTL/TEMAC_CORE_aead6cd6dadd.v(5458)
HDL-5007 WARNING: column 1035 exceeds maximum value 1023 in al_ip/TEMAC_CORE/RTL/TEMAC_CORE_aead6cd6dadd.v(6001)
HDL-1007 : back to file 'al_ip/TEMAC_CORE/RTL/TEMAC_CORE_aead6cd6dadd.v' in al_ip/TEMAC_CORE/RTL/TEMAC_CORE_aead6cd6dadd.v(260)
HDL-1007 : analyze verilog file al_ip/TEMAC_CORE/TEMAC_CORE.v
HDL-1007 : analyze verilog file al_ip/clk_pll.v
HDL-1007 : undeclared symbol 'clk_pll_open0', assumed default net type 'wire' in al_ip/clk_pll.v(92)
HDL-1007 : undeclared symbol 'clk_pll_open8', assumed default net type 'wire' in al_ip/clk_pll.v(98)
HDL-1007 : undeclared symbol 'clk_pll_open7', assumed default net type 'wire' in al_ip/clk_pll.v(98)
HDL-1007 : undeclared symbol 'clk_pll_open6', assumed default net type 'wire' in al_ip/clk_pll.v(98)
HDL-1007 : undeclared symbol 'clk_pll_open5', assumed default net type 'wire' in al_ip/clk_pll.v(98)
HDL-1007 : undeclared symbol 'clk_pll_open4', assumed default net type 'wire' in al_ip/clk_pll.v(98)
HDL-1007 : undeclared symbol 'clk_pll_open3', assumed default net type 'wire' in al_ip/clk_pll.v(98)
HDL-1007 : undeclared symbol 'clk_pll_open2', assumed default net type 'wire' in al_ip/clk_pll.v(98)
HDL-1007 : undeclared symbol 'clk_pll_open1', assumed default net type 'wire' in al_ip/clk_pll.v(98)
HDL-1007 : undeclared symbol 'clk_pll_open9', assumed default net type 'wire' in al_ip/clk_pll.v(100)
HDL-1007 : analyze verilog file al_ip/fifo_sdr_data_2.v
HDL-1007 : analyze verilog file al_ip/pll_gen.v
HDL-1007 : undeclared symbol 'pll_gen_open0', assumed default net type 'wire' in al_ip/pll_gen.v(99)
HDL-1007 : undeclared symbol 'pll_gen_open8', assumed default net type 'wire' in al_ip/pll_gen.v(105)
HDL-1007 : undeclared symbol 'pll_gen_open7', assumed default net type 'wire' in al_ip/pll_gen.v(105)
HDL-1007 : undeclared symbol 'pll_gen_open6', assumed default net type 'wire' in al_ip/pll_gen.v(105)
HDL-1007 : undeclared symbol 'pll_gen_open5', assumed default net type 'wire' in al_ip/pll_gen.v(105)
HDL-1007 : undeclared symbol 'pll_gen_open4', assumed default net type 'wire' in al_ip/pll_gen.v(105)
HDL-1007 : undeclared symbol 'pll_gen_open3', assumed default net type 'wire' in al_ip/pll_gen.v(105)
HDL-1007 : undeclared symbol 'pll_gen_open2', assumed default net type 'wire' in al_ip/pll_gen.v(105)
HDL-1007 : undeclared symbol 'pll_gen_open1', assumed default net type 'wire' in al_ip/pll_gen.v(105)
HDL-1007 : analyze verilog file al_ip/rx_pll.v
HDL-1007 : undeclared symbol 'open', assumed default net type 'wire' in al_ip/rx_pll.v(78)
HDL-1007 : analyze verilog file al_ip/video_pll.v
HDL-1007 : undeclared symbol 'video_pll_open0', assumed default net type 'wire' in al_ip/video_pll.v(70)
HDL-1007 : undeclared symbol 'video_pll_open1', assumed default net type 'wire' in al_ip/video_pll.v(76)
HDL-1007 : undeclared symbol 'video_pll_open9', assumed default net type 'wire' in al_ip/video_pll.v(82)
HDL-1007 : undeclared symbol 'video_pll_open8', assumed default net type 'wire' in al_ip/video_pll.v(82)
HDL-1007 : undeclared symbol 'video_pll_open7', assumed default net type 'wire' in al_ip/video_pll.v(82)
HDL-1007 : undeclared symbol 'video_pll_open6', assumed default net type 'wire' in al_ip/video_pll.v(82)
HDL-1007 : undeclared symbol 'video_pll_open5', assumed default net type 'wire' in al_ip/video_pll.v(82)
HDL-1007 : undeclared symbol 'video_pll_open4', assumed default net type 'wire' in al_ip/video_pll.v(82)
HDL-1007 : undeclared symbol 'video_pll_open3', assumed default net type 'wire' in al_ip/video_pll.v(82)
HDL-1007 : undeclared symbol 'video_pll_open2', assumed default net type 'wire' in al_ip/video_pll.v(82)
HDL-1007 : undeclared symbol 'video_pll_open12', assumed default net type 'wire' in al_ip/video_pll.v(84)
HDL-1007 : undeclared symbol 'video_pll_open11', assumed default net type 'wire' in al_ip/video_pll.v(84)
HDL-1007 : undeclared symbol 'video_pll_open10', assumed default net type 'wire' in al_ip/video_pll.v(84)
HDL-1007 : analyze verilog file ../../source_code/rtl/BUFGMUX.v
HDL-1007 : analyze verilog file ../../source_code/rtl/clk_gen_rst_gen.v
HDL-1007 : analyze verilog file ../../source_code/rtl/div_clk_gen.v
HDL-1007 : analyze verilog file ../../source_code/rtl/IDDR.v
HDL-1007 : analyze verilog file ../../source_code/rtl/ODDR.v
HDL-1007 : analyze verilog file ../../source_code/rtl/RAMB16_S9_S9.v
HDL-1007 : undeclared symbol 'open', assumed default net type 'wire' in ../../source_code/rtl/RAMB16_S9_S9.v(109)
HDL-1007 : analyze verilog file ../../source_code/rtl/rgmii_interface.v
HDL-1007 : analyze verilog file ../../source_code/rtl/rx_client_fifo.v
HDL-5370 WARNING: parameter 'WAIT_s' becomes localparam in 'rx_client_fifo' with formal parameter declaration list in ../../source_code/rtl/rx_client_fifo.v(49)
HDL-5370 WARNING: parameter 'QUEUE1_s' becomes localparam in 'rx_client_fifo' with formal parameter declaration list in ../../source_code/rtl/rx_client_fifo.v(50)
HDL-5370 WARNING: parameter 'QUEUE2_s' becomes localparam in 'rx_client_fifo' with formal parameter declaration list in ../../source_code/rtl/rx_client_fifo.v(51)
HDL-5370 WARNING: parameter 'QUEUE3_s' becomes localparam in 'rx_client_fifo' with formal parameter declaration list in ../../source_code/rtl/rx_client_fifo.v(52)
HDL-5370 WARNING: parameter 'QUEUE_SOF_s' becomes localparam in 'rx_client_fifo' with formal parameter declaration list in ../../source_code/rtl/rx_client_fifo.v(53)
HDL-5370 WARNING: parameter 'SOF_s' becomes localparam in 'rx_client_fifo' with formal parameter declaration list in ../../source_code/rtl/rx_client_fifo.v(54)
HDL-5370 WARNING: parameter 'DATA_s' becomes localparam in 'rx_client_fifo' with formal parameter declaration list in ../../source_code/rtl/rx_client_fifo.v(55)
HDL-5370 WARNING: parameter 'EOF_s' becomes localparam in 'rx_client_fifo' with formal parameter declaration list in ../../source_code/rtl/rx_client_fifo.v(56)
HDL-5370 WARNING: parameter 'IDLE_s' becomes localparam in 'rx_client_fifo' with formal parameter declaration list in ../../source_code/rtl/rx_client_fifo.v(62)
HDL-5370 WARNING: parameter 'FRAME_s' becomes localparam in 'rx_client_fifo' with formal parameter declaration list in ../../source_code/rtl/rx_client_fifo.v(63)
HDL-5370 Similar messages will be suppressed.
HDL-1007 : analyze verilog file ../../source_code/rtl/temac_block.v
HDL-1007 : analyze verilog file ../../source_code/rtl/temac_clk_gen.v
HDL-1007 : analyze verilog file ../../source_code/rtl/tx_client_fifo.v
HDL-5370 WARNING: parameter 'IDLE_s' becomes localparam in 'tx_client_fifo' with formal parameter declaration list in ../../source_code/rtl/tx_client_fifo.v(53)
HDL-5370 WARNING: parameter 'QUEUE1_s' becomes localparam in 'tx_client_fifo' with formal parameter declaration list in ../../source_code/rtl/tx_client_fifo.v(54)
HDL-5370 WARNING: parameter 'QUEUE2_s' becomes localparam in 'tx_client_fifo' with formal parameter declaration list in ../../source_code/rtl/tx_client_fifo.v(55)
HDL-5370 WARNING: parameter 'QUEUE3_s' becomes localparam in 'tx_client_fifo' with formal parameter declaration list in ../../source_code/rtl/tx_client_fifo.v(56)
HDL-5370 WARNING: parameter 'QUEUE_ACK_s' becomes localparam in 'tx_client_fifo' with formal parameter declaration list in ../../source_code/rtl/tx_client_fifo.v(57)
HDL-5370 WARNING: parameter 'WAIT_ACK_s' becomes localparam in 'tx_client_fifo' with formal parameter declaration list in ../../source_code/rtl/tx_client_fifo.v(58)
HDL-5370 WARNING: parameter 'FRAME_s' becomes localparam in 'tx_client_fifo' with formal parameter declaration list in ../../source_code/rtl/tx_client_fifo.v(59)
HDL-5370 WARNING: parameter 'DROP_s' becomes localparam in 'tx_client_fifo' with formal parameter declaration list in ../../source_code/rtl/tx_client_fifo.v(60)
HDL-5370 WARNING: parameter 'RETRANSMIT_s' becomes localparam in 'tx_client_fifo' with formal parameter declaration list in ../../source_code/rtl/tx_client_fifo.v(61)
HDL-5370 WARNING: parameter 'WAIT_s' becomes localparam in 'tx_client_fifo' with formal parameter declaration list in ../../source_code/rtl/tx_client_fifo.v(67)
HDL-5370 Similar messages will be suppressed.
HDL-1007 : analyze verilog file ../../source_code/rtl/tx_clk_en_gen.v
HDL-1007 : analyze verilog file ../../source_code/rtl/udp_data_tpg.v
HDL-1007 : analyze verilog file ../../source_code/rtl/UDP_Example_Top.v
HDL-1007 : undeclared symbol 'use_sd_data', assumed default net type 'wire' in ../../source_code/rtl/UDP_Example_Top.v(225)
HDL-1007 : undeclared symbol 'phy_reset', assumed default net type 'wire' in ../../source_code/rtl/UDP_Example_Top.v(351)
HDL-5333 WARNING: data object 'rst_n' is already declared in ../../source_code/rtl/UDP_Example_Top.v(398)
HDL-1007 : previous declaration of 'rst_n' is from here in ../../source_code/rtl/UDP_Example_Top.v(200)
HDL-5007 WARNING: second declaration of 'rst_n' is ignored in ../../source_code/rtl/UDP_Example_Top.v(398)
HDL-1007 : undeclared symbol 'tpg_data_done', assumed default net type 'wire' in ../../source_code/rtl/UDP_Example_Top.v(518)
HDL-1007 : undeclared symbol 'video_clk', assumed default net type 'wire' in ../../source_code/rtl/UDP_Example_Top.v(550)
HDL-1007 : undeclared symbol 'hdmi_5x_clk', assumed default net type 'wire' in ../../source_code/rtl/UDP_Example_Top.v(551)
HDL-1007 : undeclared symbol 'vga_out_de', assumed default net type 'wire' in ../../source_code/rtl/UDP_Example_Top.v(557)
HDL-1007 : undeclared symbol 'video_read_req', assumed default net type 'wire' in ../../source_code/rtl/UDP_Example_Top.v(567)
HDL-1007 : undeclared symbol 'video_read_req_ack', assumed default net type 'wire' in ../../source_code/rtl/UDP_Example_Top.v(568)
HDL-1007 : undeclared symbol 'video_read_en', assumed default net type 'wire' in ../../source_code/rtl/UDP_Example_Top.v(580)
HDL-1007 : undeclared symbol 'hs', assumed default net type 'wire' in ../../source_code/rtl/UDP_Example_Top.v(591)
HDL-1007 : undeclared symbol 'vs', assumed default net type 'wire' in ../../source_code/rtl/UDP_Example_Top.v(592)
HDL-1007 : undeclared symbol 'de', assumed default net type 'wire' in ../../source_code/rtl/UDP_Example_Top.v(593)
HDL-1007 : undeclared symbol 'vout_data', assumed default net type 'wire' in ../../source_code/rtl/UDP_Example_Top.v(594)
HDL-1007 : analyze verilog file ../../source_code/rtl/udp_ip_protocol_stack_merge.enc.v
HDL-1007 : back to file '../../source_code/rtl/udp_ip_protocol_stack_merge.enc.v' in ../../source_code/rtl/udp_ip_protocol_stack_merge.enc.v(56)
HDL-1007 : undeclared symbol '**', assumed default net type '**' in ../../source_code/rtl/udp_ip_protocol_stack_merge.enc.v(2638)
HDL-1007 : back to file '../../source_code/rtl/udp_ip_protocol_stack_merge.enc.v' in ../../source_code/rtl/udp_ip_protocol_stack_merge.enc.v(420)
HDL-1007 : analyze verilog file ../../source_code/rtl/udp_loopback.v
HDL-1007 : analyze verilog file ../../source_code/rtl/sdr/rtl/app_wrrd.v
HDL-1007 : analyze included file ../../source_code/rtl/sdr/rtl/../include/global_def.v in ../../source_code/rtl/sdr/rtl/app_wrrd.v(10)
HDL-1007 : back to file '../../source_code/rtl/sdr/rtl/app_wrrd.v' in ../../source_code/rtl/sdr/rtl/app_wrrd.v(10)
HDL-5372 WARNING: redeclaration of ANSI port 'full_flag' is not allowed in ../../source_code/rtl/sdr/rtl/app_wrrd.v(61)
HDL-1007 : undeclared symbol 'afull', assumed default net type 'wire' in ../../source_code/rtl/sdr/rtl/app_wrrd.v(74)
HDL-1007 : undeclared symbol 'aempty', assumed default net type 'wire' in ../../source_code/rtl/sdr/rtl/app_wrrd.v(75)
HDL-1007 : undeclared symbol 'wrusedw', assumed default net type 'wire' in ../../source_code/rtl/sdr/rtl/app_wrrd.v(76)
HDL-5333 WARNING: data object 'w_addr_cnt' is already declared in ../../source_code/rtl/sdr/rtl/app_wrrd.v(139)
HDL-1007 : previous declaration of 'w_addr_cnt' is from here in ../../source_code/rtl/sdr/rtl/app_wrrd.v(38)
HDL-5007 WARNING: second declaration of 'w_addr_cnt' is ignored in ../../source_code/rtl/sdr/rtl/app_wrrd.v(139)
HDL-1007 : analyze verilog file ../../source_code/rtl/sdr/rtl/sdram_top.v
HDL-1007 : analyze included file ../../source_code/rtl/sdr/rtl/../include/global_def.v in ../../source_code/rtl/sdr/rtl/sdram_top.v(10)
HDL-1007 : back to file '../../source_code/rtl/sdr/rtl/sdram_top.v' in ../../source_code/rtl/sdr/rtl/sdram_top.v(10)
HDL-1007 : undeclared symbol 'Rst_n', assumed default net type 'wire' in ../../source_code/rtl/sdr/rtl/sdram_top.v(70)
HDL-5372 WARNING: redeclaration of ANSI port 'wr_done' is not allowed in ../../source_code/rtl/sdr/rtl/sdram_top.v(73)
HDL-1007 : undeclared symbol 'SDR_CKE', assumed default net type 'wire' in ../../source_code/rtl/sdr/rtl/sdram_top.v(132)
HDL-1007 : analyze verilog file ../../source_code/rtl/sd/sd_ctrl_top.v
HDL-1007 : analyze verilog file ../../source_code/rtl/sd/sd_init.v
HDL-1007 : analyze verilog file ../../source_code/rtl/sd/sd_read.v
HDL-1007 : analyze verilog file ../../source_code/rtl/sd/sd_read_photo.v
HDL-1007 : analyze verilog file ../../source_code/rtl/sdr/rtl/enc_file/sdr_as_ram.enc.v
HDL-1007 : back to file '../../source_code/rtl/sdr/rtl/enc_file/sdr_as_ram.enc.v' in ../../source_code/rtl/sdr/rtl/enc_file/sdr_as_ram.enc.v(45)
HDL-1007 : analyze verilog file ../../source_code/rtl/sdr/rtl/enc_file/sdr_init_ref.enc.v
HDL-1007 : undeclared symbol '**', assumed default net type '**' in ../../source_code/rtl/sdr/rtl/enc_file/sdr_init_ref.enc.v(57)
HDL-1007 : back to file '../../source_code/rtl/sdr/rtl/enc_file/sdr_init_ref.enc.v' in ../../source_code/rtl/sdr/rtl/enc_file/sdr_init_ref.enc.v(148)
HDL-5007 WARNING: concatenation with an unsized literal will be treated as 32 bits in ../../source_code/rtl/sdr/rtl/enc_file/sdr_init_ref.enc.v(47)
HDL-1007 : analyze verilog file ../../source_code/rtl/sdr/rtl/enc_file/sdr_wrrd.enc.v
HDL-5007 WARNING: concatenation with an unsized literal will be treated as 32 bits in ../../source_code/rtl/sdr/rtl/enc_file/sdr_wrrd.enc.v(283)
HDL-1007 : back to file '../../source_code/rtl/sdr/rtl/enc_file/sdr_wrrd.enc.v' in ../../source_code/rtl/sdr/rtl/enc_file/sdr_wrrd.enc.v(19)
HDL-1007 : analyze verilog file ../../source_code/rtl/camera_data_gen.v
HDL-1007 : analyze verilog file ../../source_code/rtl/ov5640/ov5640_dri.v
HDL-1007 : analyze verilog file ../../source_code/rtl/ov5640/ov5640_delay.v
HDL-1007 : analyze verilog file ../../source_code/rtl/ov5640/i2c_ov5640_rgb565_cfg.v
HDL-1007 : analyze verilog file ../../source_code/rtl/ov5640/i2c_dri.v
HDL-1007 : analyze verilog file ../../source_code/rtl/ov5640/cmos_capture_data.v
HDL-1007 : analyze verilog file ../../source_code/rtl/sdram_write_static_sel.v
HDL-1007 : analyze verilog file ../../source_code/rtl/sdram_read_align.v
HDL-1007 : analyze verilog file ../../source_code/rtl/display/color_bar.v
HDL-1007 : analyze included file ../../source_code/rtl/display/video_define.v in ../../source_code/rtl/display/color_bar.v(1)
HDL-1007 : back to file '../../source_code/rtl/display/color_bar.v' in ../../source_code/rtl/display/color_bar.v(1)
HDL-1007 : analyze verilog file ../../source_code/rtl/display/video_delay.v
HDL-1007 : analyze verilog file ../../source_code/rtl/display/video_timing_data.v
HDL-1007 : analyze VHDL file ../../source_code/rtl/hdmi/hdmi_tx.vhd
HDL-1007 : analyze entity hdmi_tx in ../../source_code/rtl/hdmi/hdmi_tx.vhd(11)
HDL-1007 : analyze architecture behavioral in ../../source_code/rtl/hdmi/hdmi_tx.vhd(33)
HDL-1007 : analyze verilog file ../../source_code/rtl/uart/cmd_ctrl.v
HDL-1007 : analyze verilog file ../../source_code/rtl/uart/uart_rx.v
HDL-1007 : analyze verilog file ../../source_code/rtl/uart/uart_test.v
HDL-1007 : analyze verilog file ../../source_code/rtl/uart/uart_tx.v
HDL-1007 : analyze verilog file ../../source_code/rtl/sd/sd_card_ctrl.v
HDL-1007 : analyze VHDL file ../../source_code/rtl/hdmi/enc_file/DVITransmitter.enc.vhd
HDL-1007 : analyze entity dvitransmitter in ../../source_code/rtl/hdmi/enc_file/DVITransmitter.enc.vhd(13)
HDL-1007 : analyze architecture ** in ../../source_code/rtl/hdmi/enc_file/DVITransmitter.enc.vhd(2)
HDL-1007 : analyze VHDL file ../../source_code/rtl/hdmi/enc_file/SerializerN_1_lvds.enc.vhd
HDL-1007 : analyze entity ** in ../../source_code/rtl/hdmi/enc_file/SerializerN_1_lvds.enc.vhd(12)
HDL-1007 : analyze architecture ** in ../../source_code/rtl/hdmi/enc_file/SerializerN_1_lvds.enc.vhd(25)
HDL-1007 : analyze VHDL file ../../source_code/rtl/hdmi/enc_file/SerializerN_1_lvds_dat.enc.vhd
HDL-1007 : analyze entity ** in ../../source_code/rtl/hdmi/enc_file/SerializerN_1_lvds_dat.enc.vhd(14)
HDL-1007 : analyze architecture ** in ../../source_code/rtl/hdmi/enc_file/SerializerN_1_lvds_dat.enc.vhd(28)
HDL-1007 : analyze VHDL file ../../source_code/rtl/hdmi/enc_file/TMDSEncoder.enc.vhd
HDL-1007 : analyze entity ** in ../../source_code/rtl/hdmi/enc_file/TMDSEncoder.enc.vhd(13)
HDL-1007 : analyze architecture ** in ../../source_code/rtl/hdmi/enc_file/TMDSEncoder.enc.vhd(24)
RUN-1002 : start command "commit_param -step design"
RUN-1001 : Print Global Property
RUN-1001 : --------------------------------------------------------
RUN-1001 :   Parameters   |  Settings  |  Default Values  |  Note  
RUN-1001 : --------------------------------------------------------
RUN-1001 :   enable_seed  |    off     |       off        |        
RUN-1001 :     message    |  standard  |     standard     |        
RUN-1001 :   qor_monitor  |     on     |        on        |        
RUN-1001 :   syn_ip_flow  |    off     |       off        |        
RUN-1001 :     thread     |    auto    |       auto       |        
RUN-1001 : --------------------------------------------------------
RUN-1001 : Print Design Property
RUN-1001 : ----------------------------------------------------------------
RUN-1001 :       Parameters       |  Settings  |  Default Values  |  Note  
RUN-1001 : ----------------------------------------------------------------
RUN-1001 :   default_reg_initial  |    auto    |       auto       |        
RUN-1001 :    hdl_warning_level   |   normal   |      normal      |        
RUN-1001 : ----------------------------------------------------------------
HDL-1007 : analyze verilog file al_ip/TEMAC_CORE/RTL/mac_core_aead6cd6dadd.v
HDL-1007 : analyze verilog file al_ip/TEMAC_CORE/RTL/TEMAC_CORE_aead6cd6dadd.v
HDL-5007 WARNING: column 1032 exceeds maximum value 1023 in al_ip/TEMAC_CORE/RTL/TEMAC_CORE_aead6cd6dadd.v(30)
HDL-1007 : back to file 'al_ip/TEMAC_CORE/RTL/TEMAC_CORE_aead6cd6dadd.v' in al_ip/TEMAC_CORE/RTL/TEMAC_CORE_aead6cd6dadd.v(86)
HDL-5007 WARNING: event expressions must result in a singular type in al_ip/TEMAC_CORE/RTL/TEMAC_CORE_aead6cd6dadd.v(3001)
HDL-1007 : undeclared symbol '**', assumed default net type '**' in al_ip/TEMAC_CORE/RTL/TEMAC_CORE_aead6cd6dadd.v(5050)
HDL-1007 : undeclared symbol '**', assumed default net type '**' in al_ip/TEMAC_CORE/RTL/TEMAC_CORE_aead6cd6dadd.v(5458)
HDL-5007 WARNING: column 1035 exceeds maximum value 1023 in al_ip/TEMAC_CORE/RTL/TEMAC_CORE_aead6cd6dadd.v(6001)
HDL-1007 : back to file 'al_ip/TEMAC_CORE/RTL/TEMAC_CORE_aead6cd6dadd.v' in al_ip/TEMAC_CORE/RTL/TEMAC_CORE_aead6cd6dadd.v(260)
HDL-1007 : analyze verilog file al_ip/TEMAC_CORE/TEMAC_CORE.v
HDL-1007 : analyze verilog file al_ip/clk_pll.v
HDL-1007 : undeclared symbol 'clk_pll_open0', assumed default net type 'wire' in al_ip/clk_pll.v(92)
HDL-1007 : undeclared symbol 'clk_pll_open8', assumed default net type 'wire' in al_ip/clk_pll.v(98)
HDL-1007 : undeclared symbol 'clk_pll_open7', assumed default net type 'wire' in al_ip/clk_pll.v(98)
HDL-1007 : undeclared symbol 'clk_pll_open6', assumed default net type 'wire' in al_ip/clk_pll.v(98)
HDL-1007 : undeclared symbol 'clk_pll_open5', assumed default net type 'wire' in al_ip/clk_pll.v(98)
HDL-1007 : undeclared symbol 'clk_pll_open4', assumed default net type 'wire' in al_ip/clk_pll.v(98)
HDL-1007 : undeclared symbol 'clk_pll_open3', assumed default net type 'wire' in al_ip/clk_pll.v(98)
HDL-1007 : undeclared symbol 'clk_pll_open2', assumed default net type 'wire' in al_ip/clk_pll.v(98)
HDL-1007 : undeclared symbol 'clk_pll_open1', assumed default net type 'wire' in al_ip/clk_pll.v(98)
HDL-1007 : undeclared symbol 'clk_pll_open9', assumed default net type 'wire' in al_ip/clk_pll.v(100)
HDL-1007 : analyze verilog file al_ip/fifo_sdr_data_2.v
HDL-1007 : analyze verilog file al_ip/pll_gen.v
HDL-1007 : undeclared symbol 'pll_gen_open0', assumed default net type 'wire' in al_ip/pll_gen.v(99)
HDL-1007 : undeclared symbol 'pll_gen_open8', assumed default net type 'wire' in al_ip/pll_gen.v(105)
HDL-1007 : undeclared symbol 'pll_gen_open7', assumed default net type 'wire' in al_ip/pll_gen.v(105)
HDL-1007 : undeclared symbol 'pll_gen_open6', assumed default net type 'wire' in al_ip/pll_gen.v(105)
HDL-1007 : undeclared symbol 'pll_gen_open5', assumed default net type 'wire' in al_ip/pll_gen.v(105)
HDL-1007 : undeclared symbol 'pll_gen_open4', assumed default net type 'wire' in al_ip/pll_gen.v(105)
HDL-1007 : undeclared symbol 'pll_gen_open3', assumed default net type 'wire' in al_ip/pll_gen.v(105)
HDL-1007 : undeclared symbol 'pll_gen_open2', assumed default net type 'wire' in al_ip/pll_gen.v(105)
HDL-1007 : undeclared symbol 'pll_gen_open1', assumed default net type 'wire' in al_ip/pll_gen.v(105)
HDL-1007 : analyze verilog file al_ip/rx_pll.v
HDL-1007 : undeclared symbol 'open', assumed default net type 'wire' in al_ip/rx_pll.v(78)
HDL-1007 : analyze verilog file ../../source_code/rtl/BUFGMUX.v
HDL-1007 : analyze verilog file ../../source_code/rtl/clk_gen_rst_gen.v
HDL-1007 : analyze verilog file ../../source_code/rtl/div_clk_gen.v
HDL-1007 : analyze verilog file ../../source_code/rtl/IDDR.v
HDL-1007 : analyze verilog file ../../source_code/rtl/ODDR.v
HDL-1007 : analyze verilog file ../../source_code/rtl/RAMB16_S9_S9.v
HDL-1007 : undeclared symbol 'open', assumed default net type 'wire' in ../../source_code/rtl/RAMB16_S9_S9.v(109)
HDL-1007 : analyze verilog file ../../source_code/rtl/rgmii_interface.v
HDL-1007 : analyze verilog file ../../source_code/rtl/rx_client_fifo.v
HDL-5370 WARNING: parameter 'WAIT_s' becomes localparam in 'rx_client_fifo' with formal parameter declaration list in ../../source_code/rtl/rx_client_fifo.v(49)
HDL-5370 WARNING: parameter 'QUEUE1_s' becomes localparam in 'rx_client_fifo' with formal parameter declaration list in ../../source_code/rtl/rx_client_fifo.v(50)
HDL-5370 WARNING: parameter 'QUEUE2_s' becomes localparam in 'rx_client_fifo' with formal parameter declaration list in ../../source_code/rtl/rx_client_fifo.v(51)
HDL-5370 WARNING: parameter 'QUEUE3_s' becomes localparam in 'rx_client_fifo' with formal parameter declaration list in ../../source_code/rtl/rx_client_fifo.v(52)
HDL-5370 WARNING: parameter 'QUEUE_SOF_s' becomes localparam in 'rx_client_fifo' with formal parameter declaration list in ../../source_code/rtl/rx_client_fifo.v(53)
HDL-5370 WARNING: parameter 'SOF_s' becomes localparam in 'rx_client_fifo' with formal parameter declaration list in ../../source_code/rtl/rx_client_fifo.v(54)
HDL-5370 WARNING: parameter 'DATA_s' becomes localparam in 'rx_client_fifo' with formal parameter declaration list in ../../source_code/rtl/rx_client_fifo.v(55)
HDL-5370 WARNING: parameter 'EOF_s' becomes localparam in 'rx_client_fifo' with formal parameter declaration list in ../../source_code/rtl/rx_client_fifo.v(56)
HDL-5370 WARNING: parameter 'IDLE_s' becomes localparam in 'rx_client_fifo' with formal parameter declaration list in ../../source_code/rtl/rx_client_fifo.v(62)
HDL-5370 WARNING: parameter 'FRAME_s' becomes localparam in 'rx_client_fifo' with formal parameter declaration list in ../../source_code/rtl/rx_client_fifo.v(63)
HDL-5370 Similar messages will be suppressed.
HDL-1007 : analyze verilog file ../../source_code/rtl/temac_block.v
HDL-1007 : analyze verilog file ../../source_code/rtl/temac_clk_gen.v
HDL-1007 : analyze verilog file ../../source_code/rtl/tx_client_fifo.v
HDL-5370 WARNING: parameter 'IDLE_s' becomes localparam in 'tx_client_fifo' with formal parameter declaration list in ../../source_code/rtl/tx_client_fifo.v(53)
HDL-5370 WARNING: parameter 'QUEUE1_s' becomes localparam in 'tx_client_fifo' with formal parameter declaration list in ../../source_code/rtl/tx_client_fifo.v(54)
HDL-5370 WARNING: parameter 'QUEUE2_s' becomes localparam in 'tx_client_fifo' with formal parameter declaration list in ../../source_code/rtl/tx_client_fifo.v(55)
HDL-5370 WARNING: parameter 'QUEUE3_s' becomes localparam in 'tx_client_fifo' with formal parameter declaration list in ../../source_code/rtl/tx_client_fifo.v(56)
HDL-5370 WARNING: parameter 'QUEUE_ACK_s' becomes localparam in 'tx_client_fifo' with formal parameter declaration list in ../../source_code/rtl/tx_client_fifo.v(57)
HDL-5370 WARNING: parameter 'WAIT_ACK_s' becomes localparam in 'tx_client_fifo' with formal parameter declaration list in ../../source_code/rtl/tx_client_fifo.v(58)
HDL-5370 WARNING: parameter 'FRAME_s' becomes localparam in 'tx_client_fifo' with formal parameter declaration list in ../../source_code/rtl/tx_client_fifo.v(59)
HDL-5370 WARNING: parameter 'DROP_s' becomes localparam in 'tx_client_fifo' with formal parameter declaration list in ../../source_code/rtl/tx_client_fifo.v(60)
HDL-5370 WARNING: parameter 'RETRANSMIT_s' becomes localparam in 'tx_client_fifo' with formal parameter declaration list in ../../source_code/rtl/tx_client_fifo.v(61)
HDL-5370 WARNING: parameter 'WAIT_s' becomes localparam in 'tx_client_fifo' with formal parameter declaration list in ../../source_code/rtl/tx_client_fifo.v(67)
HDL-5370 Similar messages will be suppressed.
HDL-1007 : analyze verilog file ../../source_code/rtl/tx_clk_en_gen.v
HDL-1007 : analyze verilog file ../../source_code/rtl/udp_data_tpg.v
HDL-1007 : analyze verilog file ../../source_code/rtl/UDP_Example_Top.v
HDL-1007 : undeclared symbol 'use_sd_data', assumed default net type 'wire' in ../../source_code/rtl/UDP_Example_Top.v(225)
HDL-1007 : undeclared symbol 'phy_reset', assumed default net type 'wire' in ../../source_code/rtl/UDP_Example_Top.v(351)
HDL-5333 WARNING: data object 'rst_n' is already declared in ../../source_code/rtl/UDP_Example_Top.v(398)
HDL-1007 : previous declaration of 'rst_n' is from here in ../../source_code/rtl/UDP_Example_Top.v(200)
HDL-5007 WARNING: second declaration of 'rst_n' is ignored in ../../source_code/rtl/UDP_Example_Top.v(398)
HDL-1007 : undeclared symbol 'tpg_data_done', assumed default net type 'wire' in ../../source_code/rtl/UDP_Example_Top.v(518)
HDL-1007 : undeclared symbol 'video_clk', assumed default net type 'wire' in ../../source_code/rtl/UDP_Example_Top.v(550)
HDL-1007 : undeclared symbol 'hdmi_5x_clk', assumed default net type 'wire' in ../../source_code/rtl/UDP_Example_Top.v(551)
HDL-1007 : undeclared symbol 'vga_out_de', assumed default net type 'wire' in ../../source_code/rtl/UDP_Example_Top.v(557)
HDL-1007 : undeclared symbol 'video_read_req', assumed default net type 'wire' in ../../source_code/rtl/UDP_Example_Top.v(567)
HDL-1007 : undeclared symbol 'video_read_req_ack', assumed default net type 'wire' in ../../source_code/rtl/UDP_Example_Top.v(568)
HDL-1007 : undeclared symbol 'video_read_en', assumed default net type 'wire' in ../../source_code/rtl/UDP_Example_Top.v(580)
HDL-1007 : undeclared symbol 'hs', assumed default net type 'wire' in ../../source_code/rtl/UDP_Example_Top.v(591)
HDL-1007 : undeclared symbol 'vs', assumed default net type 'wire' in ../../source_code/rtl/UDP_Example_Top.v(592)
HDL-1007 : undeclared symbol 'de', assumed default net type 'wire' in ../../source_code/rtl/UDP_Example_Top.v(593)
HDL-1007 : undeclared symbol 'vout_data', assumed default net type 'wire' in ../../source_code/rtl/UDP_Example_Top.v(594)
HDL-1007 : analyze verilog file ../../source_code/rtl/udp_ip_protocol_stack_merge.enc.v
HDL-1007 : back to file '../../source_code/rtl/udp_ip_protocol_stack_merge.enc.v' in ../../source_code/rtl/udp_ip_protocol_stack_merge.enc.v(56)
HDL-1007 : undeclared symbol '**', assumed default net type '**' in ../../source_code/rtl/udp_ip_protocol_stack_merge.enc.v(2638)
HDL-1007 : back to file '../../source_code/rtl/udp_ip_protocol_stack_merge.enc.v' in ../../source_code/rtl/udp_ip_protocol_stack_merge.enc.v(420)
HDL-1007 : analyze verilog file ../../source_code/rtl/udp_loopback.v
HDL-1007 : analyze verilog file ../../source_code/rtl/sdr/rtl/app_wrrd.v
HDL-1007 : analyze included file ../../source_code/rtl/sdr/rtl/../include/global_def.v in ../../source_code/rtl/sdr/rtl/app_wrrd.v(10)
HDL-1007 : back to file '../../source_code/rtl/sdr/rtl/app_wrrd.v' in ../../source_code/rtl/sdr/rtl/app_wrrd.v(10)
HDL-5372 WARNING: redeclaration of ANSI port 'full_flag' is not allowed in ../../source_code/rtl/sdr/rtl/app_wrrd.v(61)
HDL-1007 : undeclared symbol 'afull', assumed default net type 'wire' in ../../source_code/rtl/sdr/rtl/app_wrrd.v(74)
HDL-1007 : undeclared symbol 'aempty', assumed default net type 'wire' in ../../source_code/rtl/sdr/rtl/app_wrrd.v(75)
HDL-1007 : undeclared symbol 'wrusedw', assumed default net type 'wire' in ../../source_code/rtl/sdr/rtl/app_wrrd.v(76)
HDL-5333 WARNING: data object 'w_addr_cnt' is already declared in ../../source_code/rtl/sdr/rtl/app_wrrd.v(139)
HDL-1007 : previous declaration of 'w_addr_cnt' is from here in ../../source_code/rtl/sdr/rtl/app_wrrd.v(38)
HDL-5007 WARNING: second declaration of 'w_addr_cnt' is ignored in ../../source_code/rtl/sdr/rtl/app_wrrd.v(139)
HDL-1007 : analyze verilog file ../../source_code/rtl/sdr/rtl/sdram_top.v
HDL-1007 : analyze included file ../../source_code/rtl/sdr/rtl/../include/global_def.v in ../../source_code/rtl/sdr/rtl/sdram_top.v(10)
HDL-1007 : back to file '../../source_code/rtl/sdr/rtl/sdram_top.v' in ../../source_code/rtl/sdr/rtl/sdram_top.v(10)
HDL-1007 : undeclared symbol 'Rst_n', assumed default net type 'wire' in ../../source_code/rtl/sdr/rtl/sdram_top.v(70)
HDL-5372 WARNING: redeclaration of ANSI port 'wr_done' is not allowed in ../../source_code/rtl/sdr/rtl/sdram_top.v(73)
HDL-1007 : undeclared symbol 'SDR_CKE', assumed default net type 'wire' in ../../source_code/rtl/sdr/rtl/sdram_top.v(132)
HDL-1007 : analyze verilog file ../../source_code/rtl/sd/sd_ctrl_top.v
HDL-1007 : analyze verilog file ../../source_code/rtl/sd/sd_init.v
HDL-1007 : analyze verilog file ../../source_code/rtl/sd/sd_read.v
HDL-1007 : analyze verilog file ../../source_code/rtl/sd/sd_read_photo.v
HDL-1007 : analyze verilog file ../../source_code/rtl/sdr/rtl/enc_file/sdr_as_ram.enc.v
HDL-1007 : back to file '../../source_code/rtl/sdr/rtl/enc_file/sdr_as_ram.enc.v' in ../../source_code/rtl/sdr/rtl/enc_file/sdr_as_ram.enc.v(45)
HDL-1007 : analyze verilog file ../../source_code/rtl/sdr/rtl/enc_file/sdr_init_ref.enc.v
HDL-1007 : undeclared symbol '**', assumed default net type '**' in ../../source_code/rtl/sdr/rtl/enc_file/sdr_init_ref.enc.v(57)
HDL-1007 : back to file '../../source_code/rtl/sdr/rtl/enc_file/sdr_init_ref.enc.v' in ../../source_code/rtl/sdr/rtl/enc_file/sdr_init_ref.enc.v(148)
HDL-5007 WARNING: concatenation with an unsized literal will be treated as 32 bits in ../../source_code/rtl/sdr/rtl/enc_file/sdr_init_ref.enc.v(47)
HDL-1007 : analyze verilog file ../../source_code/rtl/sdr/rtl/enc_file/sdr_wrrd.enc.v
HDL-5007 WARNING: concatenation with an unsized literal will be treated as 32 bits in ../../source_code/rtl/sdr/rtl/enc_file/sdr_wrrd.enc.v(283)
HDL-1007 : back to file '../../source_code/rtl/sdr/rtl/enc_file/sdr_wrrd.enc.v' in ../../source_code/rtl/sdr/rtl/enc_file/sdr_wrrd.enc.v(19)
HDL-1007 : analyze verilog file ../../source_code/rtl/camera_data_gen.v
HDL-1007 : analyze verilog file ../../source_code/rtl/ov5640/ov5640_dri.v
HDL-1007 : analyze verilog file ../../source_code/rtl/ov5640/ov5640_delay.v
HDL-1007 : analyze verilog file ../../source_code/rtl/ov5640/i2c_ov5640_rgb565_cfg.v
HDL-1007 : analyze verilog file ../../source_code/rtl/ov5640/i2c_dri.v
HDL-1007 : analyze verilog file ../../source_code/rtl/ov5640/cmos_capture_data.v
HDL-1007 : analyze verilog file ../../source_code/rtl/sdram_write_static_sel.v
HDL-1007 : analyze verilog file ../../source_code/rtl/sdram_read_align.v
HDL-1007 : analyze verilog file ../../source_code/rtl/display/color_bar.v
HDL-1007 : analyze included file ../../source_code/rtl/display/video_define.v in ../../source_code/rtl/display/color_bar.v(1)
HDL-1007 : back to file '../../source_code/rtl/display/color_bar.v' in ../../source_code/rtl/display/color_bar.v(1)
HDL-1007 : analyze verilog file ../../source_code/rtl/display/video_delay.v
HDL-1007 : analyze verilog file ../../source_code/rtl/display/video_timing_data.v
HDL-1007 : analyze VHDL file ../../source_code/rtl/hdmi/hdmi_tx.vhd
HDL-1007 : analyze entity hdmi_tx in ../../source_code/rtl/hdmi/hdmi_tx.vhd(11)
HDL-1007 : analyze architecture behavioral in ../../source_code/rtl/hdmi/hdmi_tx.vhd(33)
HDL-1007 : analyze verilog file ../../source_code/rtl/uart/cmd_ctrl.v
HDL-1007 : analyze verilog file ../../source_code/rtl/uart/uart_rx.v
HDL-1007 : analyze verilog file ../../source_code/rtl/uart/uart_test.v
HDL-1007 : analyze verilog file ../../source_code/rtl/uart/uart_tx.v
HDL-1007 : analyze verilog file ../../source_code/rtl/sd/sd_card_ctrl.v
HDL-1007 : analyze VHDL file ../../source_code/rtl/hdmi/enc_file/DVITransmitter.enc.vhd
HDL-1007 : analyze entity dvitransmitter in ../../source_code/rtl/hdmi/enc_file/DVITransmitter.enc.vhd(13)
HDL-1007 : analyze architecture ** in ../../source_code/rtl/hdmi/enc_file/DVITransmitter.enc.vhd(2)
HDL-1007 : analyze VHDL file ../../source_code/rtl/hdmi/enc_file/SerializerN_1_lvds.enc.vhd
HDL-1007 : analyze entity ** in ../../source_code/rtl/hdmi/enc_file/SerializerN_1_lvds.enc.vhd(12)
HDL-1007 : analyze architecture ** in ../../source_code/rtl/hdmi/enc_file/SerializerN_1_lvds.enc.vhd(25)
HDL-1007 : analyze VHDL file ../../source_code/rtl/hdmi/enc_file/SerializerN_1_lvds_dat.enc.vhd
HDL-1007 : analyze entity ** in ../../source_code/rtl/hdmi/enc_file/SerializerN_1_lvds_dat.enc.vhd(14)
HDL-1007 : analyze architecture ** in ../../source_code/rtl/hdmi/enc_file/SerializerN_1_lvds_dat.enc.vhd(28)
HDL-1007 : analyze VHDL file ../../source_code/rtl/hdmi/enc_file/TMDSEncoder.enc.vhd
HDL-1007 : analyze entity ** in ../../source_code/rtl/hdmi/enc_file/TMDSEncoder.enc.vhd(13)
HDL-1007 : analyze architecture ** in ../../source_code/rtl/hdmi/enc_file/TMDSEncoder.enc.vhd(24)
RUN-1002 : start command "commit_param -step design"
RUN-1001 : Print Global Property
RUN-1001 : --------------------------------------------------------
RUN-1001 :   Parameters   |  Settings  |  Default Values  |  Note  
RUN-1001 : --------------------------------------------------------
RUN-1001 :   enable_seed  |    off     |       off        |        
RUN-1001 :     message    |  standard  |     standard     |        
RUN-1001 :   qor_monitor  |     on     |        on        |        
RUN-1001 :   syn_ip_flow  |    off     |       off        |        
RUN-1001 :     thread     |    auto    |       auto       |        
RUN-1001 : --------------------------------------------------------
RUN-1001 : Print Design Property
RUN-1001 : ----------------------------------------------------------------
RUN-1001 :       Parameters       |  Settings  |  Default Values  |  Note  
RUN-1001 : ----------------------------------------------------------------
RUN-1001 :   default_reg_initial  |    auto    |       auto       |        
RUN-1001 :    hdl_warning_level   |   normal   |      normal      |        
RUN-1001 : ----------------------------------------------------------------
HDL-1007 : analyze verilog file al_ip/TEMAC_CORE/RTL/mac_core_aead6cd6dadd.v
HDL-1007 : analyze verilog file al_ip/TEMAC_CORE/RTL/TEMAC_CORE_aead6cd6dadd.v
HDL-5007 WARNING: column 1032 exceeds maximum value 1023 in al_ip/TEMAC_CORE/RTL/TEMAC_CORE_aead6cd6dadd.v(30)
HDL-1007 : back to file 'al_ip/TEMAC_CORE/RTL/TEMAC_CORE_aead6cd6dadd.v' in al_ip/TEMAC_CORE/RTL/TEMAC_CORE_aead6cd6dadd.v(86)
HDL-5007 WARNING: event expressions must result in a singular type in al_ip/TEMAC_CORE/RTL/TEMAC_CORE_aead6cd6dadd.v(3001)
HDL-1007 : undeclared symbol '**', assumed default net type '**' in al_ip/TEMAC_CORE/RTL/TEMAC_CORE_aead6cd6dadd.v(5050)
HDL-1007 : undeclared symbol '**', assumed default net type '**' in al_ip/TEMAC_CORE/RTL/TEMAC_CORE_aead6cd6dadd.v(5458)
HDL-5007 WARNING: column 1035 exceeds maximum value 1023 in al_ip/TEMAC_CORE/RTL/TEMAC_CORE_aead6cd6dadd.v(6001)
HDL-1007 : back to file 'al_ip/TEMAC_CORE/RTL/TEMAC_CORE_aead6cd6dadd.v' in al_ip/TEMAC_CORE/RTL/TEMAC_CORE_aead6cd6dadd.v(260)
HDL-1007 : analyze verilog file al_ip/TEMAC_CORE/TEMAC_CORE.v
HDL-1007 : analyze verilog file al_ip/clk_pll.v
HDL-1007 : undeclared symbol 'clk_pll_open0', assumed default net type 'wire' in al_ip/clk_pll.v(92)
HDL-1007 : undeclared symbol 'clk_pll_open8', assumed default net type 'wire' in al_ip/clk_pll.v(98)
HDL-1007 : undeclared symbol 'clk_pll_open7', assumed default net type 'wire' in al_ip/clk_pll.v(98)
HDL-1007 : undeclared symbol 'clk_pll_open6', assumed default net type 'wire' in al_ip/clk_pll.v(98)
HDL-1007 : undeclared symbol 'clk_pll_open5', assumed default net type 'wire' in al_ip/clk_pll.v(98)
HDL-1007 : undeclared symbol 'clk_pll_open4', assumed default net type 'wire' in al_ip/clk_pll.v(98)
HDL-1007 : undeclared symbol 'clk_pll_open3', assumed default net type 'wire' in al_ip/clk_pll.v(98)
HDL-1007 : undeclared symbol 'clk_pll_open2', assumed default net type 'wire' in al_ip/clk_pll.v(98)
HDL-1007 : undeclared symbol 'clk_pll_open1', assumed default net type 'wire' in al_ip/clk_pll.v(98)
HDL-1007 : undeclared symbol 'clk_pll_open9', assumed default net type 'wire' in al_ip/clk_pll.v(100)
HDL-1007 : analyze verilog file al_ip/fifo_sdr_data_2.v
HDL-1007 : analyze verilog file al_ip/pll_gen.v
HDL-1007 : undeclared symbol 'pll_gen_open0', assumed default net type 'wire' in al_ip/pll_gen.v(99)
HDL-1007 : undeclared symbol 'pll_gen_open8', assumed default net type 'wire' in al_ip/pll_gen.v(105)
HDL-1007 : undeclared symbol 'pll_gen_open7', assumed default net type 'wire' in al_ip/pll_gen.v(105)
HDL-1007 : undeclared symbol 'pll_gen_open6', assumed default net type 'wire' in al_ip/pll_gen.v(105)
HDL-1007 : undeclared symbol 'pll_gen_open5', assumed default net type 'wire' in al_ip/pll_gen.v(105)
HDL-1007 : undeclared symbol 'pll_gen_open4', assumed default net type 'wire' in al_ip/pll_gen.v(105)
HDL-1007 : undeclared symbol 'pll_gen_open3', assumed default net type 'wire' in al_ip/pll_gen.v(105)
HDL-1007 : undeclared symbol 'pll_gen_open2', assumed default net type 'wire' in al_ip/pll_gen.v(105)
HDL-1007 : undeclared symbol 'pll_gen_open1', assumed default net type 'wire' in al_ip/pll_gen.v(105)
HDL-1007 : analyze verilog file al_ip/rx_pll.v
HDL-1007 : undeclared symbol 'open', assumed default net type 'wire' in al_ip/rx_pll.v(78)
HDL-1007 : analyze verilog file ../../source_code/rtl/BUFGMUX.v
HDL-1007 : analyze verilog file ../../source_code/rtl/clk_gen_rst_gen.v
HDL-1007 : analyze verilog file ../../source_code/rtl/div_clk_gen.v
HDL-1007 : analyze verilog file ../../source_code/rtl/IDDR.v
HDL-1007 : analyze verilog file ../../source_code/rtl/ODDR.v
HDL-1007 : analyze verilog file ../../source_code/rtl/RAMB16_S9_S9.v
HDL-1007 : undeclared symbol 'open', assumed default net type 'wire' in ../../source_code/rtl/RAMB16_S9_S9.v(109)
HDL-1007 : analyze verilog file ../../source_code/rtl/rgmii_interface.v
HDL-1007 : analyze verilog file ../../source_code/rtl/rx_client_fifo.v
HDL-5370 WARNING: parameter 'WAIT_s' becomes localparam in 'rx_client_fifo' with formal parameter declaration list in ../../source_code/rtl/rx_client_fifo.v(49)
HDL-5370 WARNING: parameter 'QUEUE1_s' becomes localparam in 'rx_client_fifo' with formal parameter declaration list in ../../source_code/rtl/rx_client_fifo.v(50)
HDL-5370 WARNING: parameter 'QUEUE2_s' becomes localparam in 'rx_client_fifo' with formal parameter declaration list in ../../source_code/rtl/rx_client_fifo.v(51)
HDL-5370 WARNING: parameter 'QUEUE3_s' becomes localparam in 'rx_client_fifo' with formal parameter declaration list in ../../source_code/rtl/rx_client_fifo.v(52)
HDL-5370 WARNING: parameter 'QUEUE_SOF_s' becomes localparam in 'rx_client_fifo' with formal parameter declaration list in ../../source_code/rtl/rx_client_fifo.v(53)
HDL-5370 WARNING: parameter 'SOF_s' becomes localparam in 'rx_client_fifo' with formal parameter declaration list in ../../source_code/rtl/rx_client_fifo.v(54)
HDL-5370 WARNING: parameter 'DATA_s' becomes localparam in 'rx_client_fifo' with formal parameter declaration list in ../../source_code/rtl/rx_client_fifo.v(55)
HDL-5370 WARNING: parameter 'EOF_s' becomes localparam in 'rx_client_fifo' with formal parameter declaration list in ../../source_code/rtl/rx_client_fifo.v(56)
HDL-5370 WARNING: parameter 'IDLE_s' becomes localparam in 'rx_client_fifo' with formal parameter declaration list in ../../source_code/rtl/rx_client_fifo.v(62)
HDL-5370 WARNING: parameter 'FRAME_s' becomes localparam in 'rx_client_fifo' with formal parameter declaration list in ../../source_code/rtl/rx_client_fifo.v(63)
HDL-5370 Similar messages will be suppressed.
HDL-1007 : analyze verilog file ../../source_code/rtl/temac_block.v
HDL-1007 : analyze verilog file ../../source_code/rtl/temac_clk_gen.v
HDL-1007 : analyze verilog file ../../source_code/rtl/tx_client_fifo.v
HDL-5370 WARNING: parameter 'IDLE_s' becomes localparam in 'tx_client_fifo' with formal parameter declaration list in ../../source_code/rtl/tx_client_fifo.v(53)
HDL-5370 WARNING: parameter 'QUEUE1_s' becomes localparam in 'tx_client_fifo' with formal parameter declaration list in ../../source_code/rtl/tx_client_fifo.v(54)
HDL-5370 WARNING: parameter 'QUEUE2_s' becomes localparam in 'tx_client_fifo' with formal parameter declaration list in ../../source_code/rtl/tx_client_fifo.v(55)
HDL-5370 WARNING: parameter 'QUEUE3_s' becomes localparam in 'tx_client_fifo' with formal parameter declaration list in ../../source_code/rtl/tx_client_fifo.v(56)
HDL-5370 WARNING: parameter 'QUEUE_ACK_s' becomes localparam in 'tx_client_fifo' with formal parameter declaration list in ../../source_code/rtl/tx_client_fifo.v(57)
HDL-5370 WARNING: parameter 'WAIT_ACK_s' becomes localparam in 'tx_client_fifo' with formal parameter declaration list in ../../source_code/rtl/tx_client_fifo.v(58)
HDL-5370 WARNING: parameter 'FRAME_s' becomes localparam in 'tx_client_fifo' with formal parameter declaration list in ../../source_code/rtl/tx_client_fifo.v(59)
HDL-5370 WARNING: parameter 'DROP_s' becomes localparam in 'tx_client_fifo' with formal parameter declaration list in ../../source_code/rtl/tx_client_fifo.v(60)
HDL-5370 WARNING: parameter 'RETRANSMIT_s' becomes localparam in 'tx_client_fifo' with formal parameter declaration list in ../../source_code/rtl/tx_client_fifo.v(61)
HDL-5370 WARNING: parameter 'WAIT_s' becomes localparam in 'tx_client_fifo' with formal parameter declaration list in ../../source_code/rtl/tx_client_fifo.v(67)
HDL-5370 Similar messages will be suppressed.
HDL-1007 : analyze verilog file ../../source_code/rtl/tx_clk_en_gen.v
HDL-1007 : analyze verilog file ../../source_code/rtl/udp_data_tpg.v
HDL-1007 : analyze verilog file ../../source_code/rtl/UDP_Example_Top.v
HDL-1007 : undeclared symbol 'use_sd_data', assumed default net type 'wire' in ../../source_code/rtl/UDP_Example_Top.v(216)
HDL-1007 : undeclared symbol 'phy_reset', assumed default net type 'wire' in ../../source_code/rtl/UDP_Example_Top.v(342)
HDL-5333 WARNING: data object 'rst_n' is already declared in ../../source_code/rtl/UDP_Example_Top.v(389)
HDL-1007 : previous declaration of 'rst_n' is from here in ../../source_code/rtl/UDP_Example_Top.v(191)
HDL-5007 WARNING: second declaration of 'rst_n' is ignored in ../../source_code/rtl/UDP_Example_Top.v(389)
HDL-1007 : undeclared symbol 'tpg_data_done', assumed default net type 'wire' in ../../source_code/rtl/UDP_Example_Top.v(509)
HDL-1007 : undeclared symbol 'video_clk', assumed default net type 'wire' in ../../source_code/rtl/UDP_Example_Top.v(541)
HDL-1007 : undeclared symbol 'hdmi_5x_clk', assumed default net type 'wire' in ../../source_code/rtl/UDP_Example_Top.v(542)
HDL-1007 : undeclared symbol 'vga_out_de', assumed default net type 'wire' in ../../source_code/rtl/UDP_Example_Top.v(548)
HDL-1007 : undeclared symbol 'video_read_req', assumed default net type 'wire' in ../../source_code/rtl/UDP_Example_Top.v(558)
HDL-1007 : undeclared symbol 'video_read_req_ack', assumed default net type 'wire' in ../../source_code/rtl/UDP_Example_Top.v(559)
HDL-1007 : undeclared symbol 'video_read_en', assumed default net type 'wire' in ../../source_code/rtl/UDP_Example_Top.v(571)
HDL-1007 : undeclared symbol 'hs', assumed default net type 'wire' in ../../source_code/rtl/UDP_Example_Top.v(582)
HDL-1007 : undeclared symbol 'vs', assumed default net type 'wire' in ../../source_code/rtl/UDP_Example_Top.v(583)
HDL-1007 : undeclared symbol 'de', assumed default net type 'wire' in ../../source_code/rtl/UDP_Example_Top.v(584)
HDL-1007 : undeclared symbol 'vout_data', assumed default net type 'wire' in ../../source_code/rtl/UDP_Example_Top.v(585)
HDL-1007 : analyze verilog file ../../source_code/rtl/udp_ip_protocol_stack_merge.enc.v
HDL-1007 : back to file '../../source_code/rtl/udp_ip_protocol_stack_merge.enc.v' in ../../source_code/rtl/udp_ip_protocol_stack_merge.enc.v(56)
HDL-1007 : undeclared symbol '**', assumed default net type '**' in ../../source_code/rtl/udp_ip_protocol_stack_merge.enc.v(2638)
HDL-1007 : back to file '../../source_code/rtl/udp_ip_protocol_stack_merge.enc.v' in ../../source_code/rtl/udp_ip_protocol_stack_merge.enc.v(420)
HDL-1007 : analyze verilog file ../../source_code/rtl/udp_loopback.v
HDL-1007 : analyze verilog file ../../source_code/rtl/sdr/rtl/app_wrrd.v
HDL-1007 : analyze included file ../../source_code/rtl/sdr/rtl/../include/global_def.v in ../../source_code/rtl/sdr/rtl/app_wrrd.v(10)
HDL-1007 : back to file '../../source_code/rtl/sdr/rtl/app_wrrd.v' in ../../source_code/rtl/sdr/rtl/app_wrrd.v(10)
HDL-5372 WARNING: redeclaration of ANSI port 'full_flag' is not allowed in ../../source_code/rtl/sdr/rtl/app_wrrd.v(61)
HDL-1007 : undeclared symbol 'afull', assumed default net type 'wire' in ../../source_code/rtl/sdr/rtl/app_wrrd.v(74)
HDL-1007 : undeclared symbol 'aempty', assumed default net type 'wire' in ../../source_code/rtl/sdr/rtl/app_wrrd.v(75)
HDL-1007 : undeclared symbol 'wrusedw', assumed default net type 'wire' in ../../source_code/rtl/sdr/rtl/app_wrrd.v(76)
HDL-5333 WARNING: data object 'w_addr_cnt' is already declared in ../../source_code/rtl/sdr/rtl/app_wrrd.v(139)
HDL-1007 : previous declaration of 'w_addr_cnt' is from here in ../../source_code/rtl/sdr/rtl/app_wrrd.v(38)
HDL-5007 WARNING: second declaration of 'w_addr_cnt' is ignored in ../../source_code/rtl/sdr/rtl/app_wrrd.v(139)
HDL-1007 : analyze verilog file ../../source_code/rtl/sdr/rtl/sdram_top.v
HDL-1007 : analyze included file ../../source_code/rtl/sdr/rtl/../include/global_def.v in ../../source_code/rtl/sdr/rtl/sdram_top.v(10)
HDL-1007 : back to file '../../source_code/rtl/sdr/rtl/sdram_top.v' in ../../source_code/rtl/sdr/rtl/sdram_top.v(10)
HDL-1007 : undeclared symbol 'Rst_n', assumed default net type 'wire' in ../../source_code/rtl/sdr/rtl/sdram_top.v(70)
HDL-5372 WARNING: redeclaration of ANSI port 'wr_done' is not allowed in ../../source_code/rtl/sdr/rtl/sdram_top.v(73)
HDL-1007 : undeclared symbol 'SDR_CKE', assumed default net type 'wire' in ../../source_code/rtl/sdr/rtl/sdram_top.v(132)
HDL-1007 : analyze verilog file ../../source_code/rtl/sd/sd_ctrl_top.v
HDL-1007 : analyze verilog file ../../source_code/rtl/sd/sd_init.v
HDL-1007 : analyze verilog file ../../source_code/rtl/sd/sd_read.v
HDL-1007 : analyze verilog file ../../source_code/rtl/sd/sd_read_photo.v
HDL-1007 : analyze verilog file ../../source_code/rtl/sdr/rtl/enc_file/sdr_as_ram.enc.v
HDL-1007 : back to file '../../source_code/rtl/sdr/rtl/enc_file/sdr_as_ram.enc.v' in ../../source_code/rtl/sdr/rtl/enc_file/sdr_as_ram.enc.v(45)
HDL-1007 : analyze verilog file ../../source_code/rtl/sdr/rtl/enc_file/sdr_init_ref.enc.v
HDL-1007 : undeclared symbol '**', assumed default net type '**' in ../../source_code/rtl/sdr/rtl/enc_file/sdr_init_ref.enc.v(57)
HDL-1007 : back to file '../../source_code/rtl/sdr/rtl/enc_file/sdr_init_ref.enc.v' in ../../source_code/rtl/sdr/rtl/enc_file/sdr_init_ref.enc.v(148)
HDL-5007 WARNING: concatenation with an unsized literal will be treated as 32 bits in ../../source_code/rtl/sdr/rtl/enc_file/sdr_init_ref.enc.v(47)
HDL-1007 : analyze verilog file ../../source_code/rtl/sdr/rtl/enc_file/sdr_wrrd.enc.v
HDL-5007 WARNING: concatenation with an unsized literal will be treated as 32 bits in ../../source_code/rtl/sdr/rtl/enc_file/sdr_wrrd.enc.v(283)
HDL-1007 : back to file '../../source_code/rtl/sdr/rtl/enc_file/sdr_wrrd.enc.v' in ../../source_code/rtl/sdr/rtl/enc_file/sdr_wrrd.enc.v(19)
HDL-1007 : analyze verilog file ../../source_code/rtl/camera_data_gen.v
HDL-1007 : analyze verilog file ../../source_code/rtl/ov5640/ov5640_dri.v
HDL-1007 : analyze verilog file ../../source_code/rtl/ov5640/ov5640_delay.v
HDL-1007 : analyze verilog file ../../source_code/rtl/ov5640/i2c_ov5640_rgb565_cfg.v
HDL-1007 : analyze verilog file ../../source_code/rtl/ov5640/i2c_dri.v
HDL-1007 : analyze verilog file ../../source_code/rtl/ov5640/cmos_capture_data.v
HDL-1007 : analyze verilog file ../../source_code/rtl/sdram_write_static_sel.v
HDL-1007 : analyze verilog file ../../source_code/rtl/sdram_read_align.v
HDL-1007 : analyze verilog file ../../source_code/rtl/display/color_bar.v
HDL-1007 : analyze included file ../../source_code/rtl/display/video_define.v in ../../source_code/rtl/display/color_bar.v(1)
HDL-1007 : back to file '../../source_code/rtl/display/color_bar.v' in ../../source_code/rtl/display/color_bar.v(1)
HDL-1007 : analyze verilog file ../../source_code/rtl/display/video_delay.v
HDL-1007 : analyze verilog file ../../source_code/rtl/display/video_timing_data.v
HDL-1007 : analyze VHDL file ../../source_code/rtl/hdmi/hdmi_tx.vhd
HDL-1007 : analyze entity hdmi_tx in ../../source_code/rtl/hdmi/hdmi_tx.vhd(11)
HDL-1007 : analyze architecture behavioral in ../../source_code/rtl/hdmi/hdmi_tx.vhd(33)
HDL-1007 : analyze verilog file ../../source_code/rtl/uart/cmd_ctrl.v
HDL-1007 : analyze verilog file ../../source_code/rtl/uart/uart_rx.v
HDL-1007 : analyze verilog file ../../source_code/rtl/uart/uart_test.v
HDL-1007 : analyze verilog file ../../source_code/rtl/uart/uart_tx.v
HDL-1007 : analyze verilog file ../../source_code/rtl/sd/sd_card_ctrl.v
HDL-1007 : analyze VHDL file ../../source_code/rtl/hdmi/enc_file/DVITransmitter.enc.vhd
HDL-1007 : analyze entity dvitransmitter in ../../source_code/rtl/hdmi/enc_file/DVITransmitter.enc.vhd(13)
HDL-1007 : analyze architecture ** in ../../source_code/rtl/hdmi/enc_file/DVITransmitter.enc.vhd(2)
HDL-1007 : analyze VHDL file ../../source_code/rtl/hdmi/enc_file/SerializerN_1_lvds.enc.vhd
HDL-1007 : analyze entity ** in ../../source_code/rtl/hdmi/enc_file/SerializerN_1_lvds.enc.vhd(12)
HDL-1007 : analyze architecture ** in ../../source_code/rtl/hdmi/enc_file/SerializerN_1_lvds.enc.vhd(25)
HDL-1007 : analyze VHDL file ../../source_code/rtl/hdmi/enc_file/SerializerN_1_lvds_dat.enc.vhd
HDL-1007 : analyze entity ** in ../../source_code/rtl/hdmi/enc_file/SerializerN_1_lvds_dat.enc.vhd(14)
HDL-1007 : analyze architecture ** in ../../source_code/rtl/hdmi/enc_file/SerializerN_1_lvds_dat.enc.vhd(28)
HDL-1007 : analyze VHDL file ../../source_code/rtl/hdmi/enc_file/TMDSEncoder.enc.vhd
HDL-1007 : analyze entity ** in ../../source_code/rtl/hdmi/enc_file/TMDSEncoder.enc.vhd(13)
HDL-1007 : analyze architecture ** in ../../source_code/rtl/hdmi/enc_file/TMDSEncoder.enc.vhd(24)
RUN-1002 : start command "commit_param -step design"
RUN-1001 : Print Global Property
RUN-1001 : --------------------------------------------------------
RUN-1001 :   Parameters   |  Settings  |  Default Values  |  Note  
RUN-1001 : --------------------------------------------------------
RUN-1001 :   enable_seed  |    off     |       off        |        
RUN-1001 :     message    |  standard  |     standard     |        
RUN-1001 :   qor_monitor  |     on     |        on        |        
RUN-1001 :   syn_ip_flow  |    off     |       off        |        
RUN-1001 :     thread     |    auto    |       auto       |        
RUN-1001 : --------------------------------------------------------
RUN-1001 : Print Design Property
RUN-1001 : ----------------------------------------------------------------
RUN-1001 :       Parameters       |  Settings  |  Default Values  |  Note  
RUN-1001 : ----------------------------------------------------------------
RUN-1001 :   default_reg_initial  |    auto    |       auto       |        
RUN-1001 :    hdl_warning_level   |   normal   |      normal      |        
RUN-1001 : ----------------------------------------------------------------
HDL-1007 : analyze verilog file al_ip/TEMAC_CORE/RTL/mac_core_aead6cd6dadd.v
HDL-1007 : analyze verilog file al_ip/TEMAC_CORE/RTL/TEMAC_CORE_aead6cd6dadd.v
HDL-5007 WARNING: column 1032 exceeds maximum value 1023 in al_ip/TEMAC_CORE/RTL/TEMAC_CORE_aead6cd6dadd.v(30)
HDL-1007 : back to file 'al_ip/TEMAC_CORE/RTL/TEMAC_CORE_aead6cd6dadd.v' in al_ip/TEMAC_CORE/RTL/TEMAC_CORE_aead6cd6dadd.v(86)
HDL-5007 WARNING: event expressions must result in a singular type in al_ip/TEMAC_CORE/RTL/TEMAC_CORE_aead6cd6dadd.v(3001)
HDL-1007 : undeclared symbol '**', assumed default net type '**' in al_ip/TEMAC_CORE/RTL/TEMAC_CORE_aead6cd6dadd.v(5050)
HDL-1007 : undeclared symbol '**', assumed default net type '**' in al_ip/TEMAC_CORE/RTL/TEMAC_CORE_aead6cd6dadd.v(5458)
HDL-5007 WARNING: column 1035 exceeds maximum value 1023 in al_ip/TEMAC_CORE/RTL/TEMAC_CORE_aead6cd6dadd.v(6001)
HDL-1007 : back to file 'al_ip/TEMAC_CORE/RTL/TEMAC_CORE_aead6cd6dadd.v' in al_ip/TEMAC_CORE/RTL/TEMAC_CORE_aead6cd6dadd.v(260)
HDL-1007 : analyze verilog file al_ip/TEMAC_CORE/TEMAC_CORE.v
HDL-1007 : analyze verilog file al_ip/clk_pll.v
HDL-1007 : undeclared symbol 'clk_pll_open0', assumed default net type 'wire' in al_ip/clk_pll.v(92)
HDL-1007 : undeclared symbol 'clk_pll_open8', assumed default net type 'wire' in al_ip/clk_pll.v(98)
HDL-1007 : undeclared symbol 'clk_pll_open7', assumed default net type 'wire' in al_ip/clk_pll.v(98)
HDL-1007 : undeclared symbol 'clk_pll_open6', assumed default net type 'wire' in al_ip/clk_pll.v(98)
HDL-1007 : undeclared symbol 'clk_pll_open5', assumed default net type 'wire' in al_ip/clk_pll.v(98)
HDL-1007 : undeclared symbol 'clk_pll_open4', assumed default net type 'wire' in al_ip/clk_pll.v(98)
HDL-1007 : undeclared symbol 'clk_pll_open3', assumed default net type 'wire' in al_ip/clk_pll.v(98)
HDL-1007 : undeclared symbol 'clk_pll_open2', assumed default net type 'wire' in al_ip/clk_pll.v(98)
HDL-1007 : undeclared symbol 'clk_pll_open1', assumed default net type 'wire' in al_ip/clk_pll.v(98)
HDL-1007 : undeclared symbol 'clk_pll_open9', assumed default net type 'wire' in al_ip/clk_pll.v(100)
HDL-1007 : analyze verilog file al_ip/fifo_sdr_data_2.v
HDL-1007 : analyze verilog file al_ip/pll_gen.v
HDL-1007 : undeclared symbol 'pll_gen_open0', assumed default net type 'wire' in al_ip/pll_gen.v(99)
HDL-1007 : undeclared symbol 'pll_gen_open8', assumed default net type 'wire' in al_ip/pll_gen.v(105)
HDL-1007 : undeclared symbol 'pll_gen_open7', assumed default net type 'wire' in al_ip/pll_gen.v(105)
HDL-1007 : undeclared symbol 'pll_gen_open6', assumed default net type 'wire' in al_ip/pll_gen.v(105)
HDL-1007 : undeclared symbol 'pll_gen_open5', assumed default net type 'wire' in al_ip/pll_gen.v(105)
HDL-1007 : undeclared symbol 'pll_gen_open4', assumed default net type 'wire' in al_ip/pll_gen.v(105)
HDL-1007 : undeclared symbol 'pll_gen_open3', assumed default net type 'wire' in al_ip/pll_gen.v(105)
HDL-1007 : undeclared symbol 'pll_gen_open2', assumed default net type 'wire' in al_ip/pll_gen.v(105)
HDL-1007 : undeclared symbol 'pll_gen_open1', assumed default net type 'wire' in al_ip/pll_gen.v(105)
HDL-1007 : analyze verilog file al_ip/rx_pll.v
HDL-1007 : undeclared symbol 'open', assumed default net type 'wire' in al_ip/rx_pll.v(78)
HDL-1007 : analyze verilog file ../../source_code/rtl/BUFGMUX.v
HDL-1007 : analyze verilog file ../../source_code/rtl/clk_gen_rst_gen.v
HDL-1007 : analyze verilog file ../../source_code/rtl/div_clk_gen.v
HDL-1007 : analyze verilog file ../../source_code/rtl/IDDR.v
HDL-1007 : analyze verilog file ../../source_code/rtl/ODDR.v
HDL-1007 : analyze verilog file ../../source_code/rtl/RAMB16_S9_S9.v
HDL-1007 : undeclared symbol 'open', assumed default net type 'wire' in ../../source_code/rtl/RAMB16_S9_S9.v(109)
HDL-1007 : analyze verilog file ../../source_code/rtl/rgmii_interface.v
HDL-1007 : analyze verilog file ../../source_code/rtl/rx_client_fifo.v
HDL-5370 WARNING: parameter 'WAIT_s' becomes localparam in 'rx_client_fifo' with formal parameter declaration list in ../../source_code/rtl/rx_client_fifo.v(49)
HDL-5370 WARNING: parameter 'QUEUE1_s' becomes localparam in 'rx_client_fifo' with formal parameter declaration list in ../../source_code/rtl/rx_client_fifo.v(50)
HDL-5370 WARNING: parameter 'QUEUE2_s' becomes localparam in 'rx_client_fifo' with formal parameter declaration list in ../../source_code/rtl/rx_client_fifo.v(51)
HDL-5370 WARNING: parameter 'QUEUE3_s' becomes localparam in 'rx_client_fifo' with formal parameter declaration list in ../../source_code/rtl/rx_client_fifo.v(52)
HDL-5370 WARNING: parameter 'QUEUE_SOF_s' becomes localparam in 'rx_client_fifo' with formal parameter declaration list in ../../source_code/rtl/rx_client_fifo.v(53)
HDL-5370 WARNING: parameter 'SOF_s' becomes localparam in 'rx_client_fifo' with formal parameter declaration list in ../../source_code/rtl/rx_client_fifo.v(54)
HDL-5370 WARNING: parameter 'DATA_s' becomes localparam in 'rx_client_fifo' with formal parameter declaration list in ../../source_code/rtl/rx_client_fifo.v(55)
HDL-5370 WARNING: parameter 'EOF_s' becomes localparam in 'rx_client_fifo' with formal parameter declaration list in ../../source_code/rtl/rx_client_fifo.v(56)
HDL-5370 WARNING: parameter 'IDLE_s' becomes localparam in 'rx_client_fifo' with formal parameter declaration list in ../../source_code/rtl/rx_client_fifo.v(62)
HDL-5370 WARNING: parameter 'FRAME_s' becomes localparam in 'rx_client_fifo' with formal parameter declaration list in ../../source_code/rtl/rx_client_fifo.v(63)
HDL-5370 Similar messages will be suppressed.
HDL-1007 : analyze verilog file ../../source_code/rtl/temac_block.v
HDL-1007 : analyze verilog file ../../source_code/rtl/temac_clk_gen.v
HDL-1007 : analyze verilog file ../../source_code/rtl/tx_client_fifo.v
HDL-5370 WARNING: parameter 'IDLE_s' becomes localparam in 'tx_client_fifo' with formal parameter declaration list in ../../source_code/rtl/tx_client_fifo.v(53)
HDL-5370 WARNING: parameter 'QUEUE1_s' becomes localparam in 'tx_client_fifo' with formal parameter declaration list in ../../source_code/rtl/tx_client_fifo.v(54)
HDL-5370 WARNING: parameter 'QUEUE2_s' becomes localparam in 'tx_client_fifo' with formal parameter declaration list in ../../source_code/rtl/tx_client_fifo.v(55)
HDL-5370 WARNING: parameter 'QUEUE3_s' becomes localparam in 'tx_client_fifo' with formal parameter declaration list in ../../source_code/rtl/tx_client_fifo.v(56)
HDL-5370 WARNING: parameter 'QUEUE_ACK_s' becomes localparam in 'tx_client_fifo' with formal parameter declaration list in ../../source_code/rtl/tx_client_fifo.v(57)
HDL-5370 WARNING: parameter 'WAIT_ACK_s' becomes localparam in 'tx_client_fifo' with formal parameter declaration list in ../../source_code/rtl/tx_client_fifo.v(58)
HDL-5370 WARNING: parameter 'FRAME_s' becomes localparam in 'tx_client_fifo' with formal parameter declaration list in ../../source_code/rtl/tx_client_fifo.v(59)
HDL-5370 WARNING: parameter 'DROP_s' becomes localparam in 'tx_client_fifo' with formal parameter declaration list in ../../source_code/rtl/tx_client_fifo.v(60)
HDL-5370 WARNING: parameter 'RETRANSMIT_s' becomes localparam in 'tx_client_fifo' with formal parameter declaration list in ../../source_code/rtl/tx_client_fifo.v(61)
HDL-5370 WARNING: parameter 'WAIT_s' becomes localparam in 'tx_client_fifo' with formal parameter declaration list in ../../source_code/rtl/tx_client_fifo.v(67)
HDL-5370 Similar messages will be suppressed.
HDL-1007 : analyze verilog file ../../source_code/rtl/tx_clk_en_gen.v
HDL-1007 : analyze verilog file ../../source_code/rtl/udp_data_tpg.v
HDL-1007 : analyze verilog file ../../source_code/rtl/UDP_Example_Top.v
HDL-1007 : undeclared symbol 'use_sd_data', assumed default net type 'wire' in ../../source_code/rtl/UDP_Example_Top.v(225)
HDL-1007 : undeclared symbol 'phy_reset', assumed default net type 'wire' in ../../source_code/rtl/UDP_Example_Top.v(351)
HDL-5333 WARNING: data object 'rst_n' is already declared in ../../source_code/rtl/UDP_Example_Top.v(398)
HDL-1007 : previous declaration of 'rst_n' is from here in ../../source_code/rtl/UDP_Example_Top.v(200)
HDL-5007 WARNING: second declaration of 'rst_n' is ignored in ../../source_code/rtl/UDP_Example_Top.v(398)
HDL-1007 : undeclared symbol 'tpg_data_done', assumed default net type 'wire' in ../../source_code/rtl/UDP_Example_Top.v(518)
HDL-1007 : undeclared symbol 'vga_out_de', assumed default net type 'wire' in ../../source_code/rtl/UDP_Example_Top.v(557)
HDL-1007 : undeclared symbol 'video_clk', assumed default net type 'wire' in ../../source_code/rtl/UDP_Example_Top.v(565)
HDL-1007 : undeclared symbol 'video_read_req', assumed default net type 'wire' in ../../source_code/rtl/UDP_Example_Top.v(567)
HDL-1007 : undeclared symbol 'video_read_req_ack', assumed default net type 'wire' in ../../source_code/rtl/UDP_Example_Top.v(568)
HDL-1007 : undeclared symbol 'video_read_en', assumed default net type 'wire' in ../../source_code/rtl/UDP_Example_Top.v(580)
HDL-1007 : undeclared symbol 'hs', assumed default net type 'wire' in ../../source_code/rtl/UDP_Example_Top.v(591)
HDL-1007 : undeclared symbol 'vs', assumed default net type 'wire' in ../../source_code/rtl/UDP_Example_Top.v(592)
HDL-1007 : undeclared symbol 'de', assumed default net type 'wire' in ../../source_code/rtl/UDP_Example_Top.v(593)
HDL-1007 : undeclared symbol 'vout_data', assumed default net type 'wire' in ../../source_code/rtl/UDP_Example_Top.v(594)
HDL-1007 : undeclared symbol 'hdmi_5x_clk', assumed default net type 'wire' in ../../source_code/rtl/UDP_Example_Top.v(601)
HDL-1007 : analyze verilog file ../../source_code/rtl/udp_ip_protocol_stack_merge.enc.v
HDL-1007 : back to file '../../source_code/rtl/udp_ip_protocol_stack_merge.enc.v' in ../../source_code/rtl/udp_ip_protocol_stack_merge.enc.v(56)
HDL-1007 : undeclared symbol '**', assumed default net type '**' in ../../source_code/rtl/udp_ip_protocol_stack_merge.enc.v(2638)
HDL-1007 : back to file '../../source_code/rtl/udp_ip_protocol_stack_merge.enc.v' in ../../source_code/rtl/udp_ip_protocol_stack_merge.enc.v(420)
HDL-1007 : analyze verilog file ../../source_code/rtl/udp_loopback.v
HDL-1007 : analyze verilog file ../../source_code/rtl/sdr/rtl/app_wrrd.v
HDL-1007 : analyze included file ../../source_code/rtl/sdr/rtl/../include/global_def.v in ../../source_code/rtl/sdr/rtl/app_wrrd.v(10)
HDL-1007 : back to file '../../source_code/rtl/sdr/rtl/app_wrrd.v' in ../../source_code/rtl/sdr/rtl/app_wrrd.v(10)
HDL-5372 WARNING: redeclaration of ANSI port 'full_flag' is not allowed in ../../source_code/rtl/sdr/rtl/app_wrrd.v(61)
HDL-1007 : undeclared symbol 'afull', assumed default net type 'wire' in ../../source_code/rtl/sdr/rtl/app_wrrd.v(74)
HDL-1007 : undeclared symbol 'aempty', assumed default net type 'wire' in ../../source_code/rtl/sdr/rtl/app_wrrd.v(75)
HDL-1007 : undeclared symbol 'wrusedw', assumed default net type 'wire' in ../../source_code/rtl/sdr/rtl/app_wrrd.v(76)
HDL-5333 WARNING: data object 'w_addr_cnt' is already declared in ../../source_code/rtl/sdr/rtl/app_wrrd.v(139)
HDL-1007 : previous declaration of 'w_addr_cnt' is from here in ../../source_code/rtl/sdr/rtl/app_wrrd.v(38)
HDL-5007 WARNING: second declaration of 'w_addr_cnt' is ignored in ../../source_code/rtl/sdr/rtl/app_wrrd.v(139)
HDL-1007 : analyze verilog file ../../source_code/rtl/sdr/rtl/sdram_top.v
HDL-1007 : analyze included file ../../source_code/rtl/sdr/rtl/../include/global_def.v in ../../source_code/rtl/sdr/rtl/sdram_top.v(10)
HDL-1007 : back to file '../../source_code/rtl/sdr/rtl/sdram_top.v' in ../../source_code/rtl/sdr/rtl/sdram_top.v(10)
HDL-1007 : undeclared symbol 'Rst_n', assumed default net type 'wire' in ../../source_code/rtl/sdr/rtl/sdram_top.v(70)
HDL-5372 WARNING: redeclaration of ANSI port 'wr_done' is not allowed in ../../source_code/rtl/sdr/rtl/sdram_top.v(73)
HDL-1007 : undeclared symbol 'SDR_CKE', assumed default net type 'wire' in ../../source_code/rtl/sdr/rtl/sdram_top.v(132)
HDL-1007 : analyze verilog file ../../source_code/rtl/sd/sd_ctrl_top.v
HDL-1007 : analyze verilog file ../../source_code/rtl/sd/sd_init.v
HDL-1007 : analyze verilog file ../../source_code/rtl/sd/sd_read.v
HDL-1007 : analyze verilog file ../../source_code/rtl/sd/sd_read_photo.v
HDL-1007 : analyze verilog file ../../source_code/rtl/sdr/rtl/enc_file/sdr_as_ram.enc.v
HDL-1007 : back to file '../../source_code/rtl/sdr/rtl/enc_file/sdr_as_ram.enc.v' in ../../source_code/rtl/sdr/rtl/enc_file/sdr_as_ram.enc.v(45)
HDL-1007 : analyze verilog file ../../source_code/rtl/sdr/rtl/enc_file/sdr_init_ref.enc.v
HDL-1007 : undeclared symbol '**', assumed default net type '**' in ../../source_code/rtl/sdr/rtl/enc_file/sdr_init_ref.enc.v(57)
HDL-1007 : back to file '../../source_code/rtl/sdr/rtl/enc_file/sdr_init_ref.enc.v' in ../../source_code/rtl/sdr/rtl/enc_file/sdr_init_ref.enc.v(148)
HDL-5007 WARNING: concatenation with an unsized literal will be treated as 32 bits in ../../source_code/rtl/sdr/rtl/enc_file/sdr_init_ref.enc.v(47)
HDL-1007 : analyze verilog file ../../source_code/rtl/sdr/rtl/enc_file/sdr_wrrd.enc.v
HDL-5007 WARNING: concatenation with an unsized literal will be treated as 32 bits in ../../source_code/rtl/sdr/rtl/enc_file/sdr_wrrd.enc.v(283)
HDL-1007 : back to file '../../source_code/rtl/sdr/rtl/enc_file/sdr_wrrd.enc.v' in ../../source_code/rtl/sdr/rtl/enc_file/sdr_wrrd.enc.v(19)
HDL-1007 : analyze verilog file ../../source_code/rtl/camera_data_gen.v
HDL-1007 : analyze verilog file ../../source_code/rtl/ov5640/ov5640_dri.v
HDL-1007 : analyze verilog file ../../source_code/rtl/ov5640/ov5640_delay.v
HDL-1007 : analyze verilog file ../../source_code/rtl/ov5640/i2c_ov5640_rgb565_cfg.v
HDL-1007 : analyze verilog file ../../source_code/rtl/ov5640/i2c_dri.v
HDL-1007 : analyze verilog file ../../source_code/rtl/ov5640/cmos_capture_data.v
HDL-1007 : analyze verilog file ../../source_code/rtl/sdram_write_static_sel.v
HDL-1007 : analyze verilog file ../../source_code/rtl/sdram_read_align.v
HDL-1007 : analyze verilog file ../../source_code/rtl/display/color_bar.v
HDL-1007 : analyze included file ../../source_code/rtl/display/video_define.v in ../../source_code/rtl/display/color_bar.v(1)
HDL-1007 : back to file '../../source_code/rtl/display/color_bar.v' in ../../source_code/rtl/display/color_bar.v(1)
HDL-1007 : analyze verilog file ../../source_code/rtl/display/video_delay.v
HDL-1007 : analyze verilog file ../../source_code/rtl/display/video_timing_data.v
HDL-1007 : analyze VHDL file ../../source_code/rtl/hdmi/hdmi_tx.vhd
HDL-1007 : analyze entity hdmi_tx in ../../source_code/rtl/hdmi/hdmi_tx.vhd(11)
HDL-1007 : analyze architecture behavioral in ../../source_code/rtl/hdmi/hdmi_tx.vhd(33)
HDL-1007 : analyze verilog file ../../source_code/rtl/uart/cmd_ctrl.v
HDL-1007 : analyze verilog file ../../source_code/rtl/uart/uart_rx.v
HDL-1007 : analyze verilog file ../../source_code/rtl/uart/uart_test.v
HDL-1007 : analyze verilog file ../../source_code/rtl/uart/uart_tx.v
HDL-1007 : analyze verilog file ../../source_code/rtl/sd/sd_card_ctrl.v
HDL-1007 : analyze VHDL file ../../source_code/rtl/hdmi/enc_file/DVITransmitter.enc.vhd
HDL-1007 : analyze entity dvitransmitter in ../../source_code/rtl/hdmi/enc_file/DVITransmitter.enc.vhd(13)
HDL-1007 : analyze architecture ** in ../../source_code/rtl/hdmi/enc_file/DVITransmitter.enc.vhd(2)
HDL-1007 : analyze VHDL file ../../source_code/rtl/hdmi/enc_file/SerializerN_1_lvds.enc.vhd
HDL-1007 : analyze entity ** in ../../source_code/rtl/hdmi/enc_file/SerializerN_1_lvds.enc.vhd(12)
HDL-1007 : analyze architecture ** in ../../source_code/rtl/hdmi/enc_file/SerializerN_1_lvds.enc.vhd(25)
HDL-1007 : analyze VHDL file ../../source_code/rtl/hdmi/enc_file/SerializerN_1_lvds_dat.enc.vhd
HDL-1007 : analyze entity ** in ../../source_code/rtl/hdmi/enc_file/SerializerN_1_lvds_dat.enc.vhd(14)
HDL-1007 : analyze architecture ** in ../../source_code/rtl/hdmi/enc_file/SerializerN_1_lvds_dat.enc.vhd(28)
HDL-1007 : analyze VHDL file ../../source_code/rtl/hdmi/enc_file/TMDSEncoder.enc.vhd
HDL-1007 : analyze entity ** in ../../source_code/rtl/hdmi/enc_file/TMDSEncoder.enc.vhd(13)
HDL-1007 : analyze architecture ** in ../../source_code/rtl/hdmi/enc_file/TMDSEncoder.enc.vhd(24)
