============================================================
   Tang Dynasty, V6.2.168116
   Copyright (c) 2012-2025 Anlogic Inc.
   Executable = D:/Anlogic/TD_6.2.1_Engineer_6.2.168.116/bin/td.exe
   Built at =   16:32:07 Jun 12 2025
   Run by =     Administrator
   Run Date =   Mon Nov  3 17:29:26 2025

   Run on =     WIN-61TPHHLRMOG
============================================================
RUN-1002 : start command "commit_param -step design"
RUN-1001 : Print Global Property
RUN-1001 : --------------------------------------------------------
RUN-1001 :   Parameters   |  Settings  |  Default Values  |  Note  
RUN-1001 : --------------------------------------------------------
RUN-1001 :   enable_seed  |    off     |       off        |        
RUN-1001 :     message    |  standard  |     standard     |        
RUN-1001 :   qor_monitor  |     on     |        on        |        
RUN-1001 :   syn_ip_flow  |    off     |       off        |        
RUN-1001 :     thread     |    auto    |       auto       |        
RUN-1001 : --------------------------------------------------------
RUN-1001 : Print Design Property
RUN-1001 : ----------------------------------------------------------------
RUN-1001 :       Parameters       |  Settings  |  Default Values  |  Note  
RUN-1001 : ----------------------------------------------------------------
RUN-1001 :   default_reg_initial  |    auto    |       auto       |        
RUN-1001 :    hdl_warning_level   |   normal   |      normal      |        
RUN-1001 : ----------------------------------------------------------------
HDL-1007 : analyze verilog file al_ip/TEMAC_CORE/RTL/mac_core_aead6cd6dadd.v
HDL-1007 : analyze verilog file al_ip/TEMAC_CORE/RTL/TEMAC_CORE_aead6cd6dadd.v
HDL-5007 WARNING: column 1032 exceeds maximum value 1023 in al_ip/TEMAC_CORE/RTL/TEMAC_CORE_aead6cd6dadd.v(30)
HDL-1007 : back to file 'al_ip/TEMAC_CORE/RTL/TEMAC_CORE_aead6cd6dadd.v' in al_ip/TEMAC_CORE/RTL/TEMAC_CORE_aead6cd6dadd.v(86)
HDL-5007 WARNING: event expressions must result in a singular type in al_ip/TEMAC_CORE/RTL/TEMAC_CORE_aead6cd6dadd.v(3001)
HDL-1007 : undeclared symbol '**', assumed default net type '**' in al_ip/TEMAC_CORE/RTL/TEMAC_CORE_aead6cd6dadd.v(5050)
HDL-1007 : undeclared symbol '**', assumed default net type '**' in al_ip/TEMAC_CORE/RTL/TEMAC_CORE_aead6cd6dadd.v(5458)
HDL-5007 WARNING: column 1035 exceeds maximum value 1023 in al_ip/TEMAC_CORE/RTL/TEMAC_CORE_aead6cd6dadd.v(6001)
HDL-1007 : back to file 'al_ip/TEMAC_CORE/RTL/TEMAC_CORE_aead6cd6dadd.v' in al_ip/TEMAC_CORE/RTL/TEMAC_CORE_aead6cd6dadd.v(260)
HDL-1007 : analyze verilog file al_ip/TEMAC_CORE/TEMAC_CORE.v
HDL-1007 : analyze verilog file al_ip/clk_pll.v
HDL-1007 : undeclared symbol 'clk_pll_open0', assumed default net type 'wire' in al_ip/clk_pll.v(92)
HDL-1007 : undeclared symbol 'clk_pll_open8', assumed default net type 'wire' in al_ip/clk_pll.v(98)
HDL-1007 : undeclared symbol 'clk_pll_open7', assumed default net type 'wire' in al_ip/clk_pll.v(98)
HDL-1007 : undeclared symbol 'clk_pll_open6', assumed default net type 'wire' in al_ip/clk_pll.v(98)
HDL-1007 : undeclared symbol 'clk_pll_open5', assumed default net type 'wire' in al_ip/clk_pll.v(98)
HDL-1007 : undeclared symbol 'clk_pll_open4', assumed default net type 'wire' in al_ip/clk_pll.v(98)
HDL-1007 : undeclared symbol 'clk_pll_open3', assumed default net type 'wire' in al_ip/clk_pll.v(98)
HDL-1007 : undeclared symbol 'clk_pll_open2', assumed default net type 'wire' in al_ip/clk_pll.v(98)
HDL-1007 : undeclared symbol 'clk_pll_open1', assumed default net type 'wire' in al_ip/clk_pll.v(98)
HDL-1007 : undeclared symbol 'clk_pll_open9', assumed default net type 'wire' in al_ip/clk_pll.v(100)
HDL-1007 : analyze verilog file al_ip/fifo_sdr_data_2.v
HDL-1007 : analyze verilog file al_ip/pll_50.v
HDL-1007 : undeclared symbol 'open', assumed default net type 'wire' in al_ip/pll_50.v(85)
HDL-1007 : analyze verilog file al_ip/pll_gen.v
HDL-1007 : undeclared symbol 'pll_gen_open0', assumed default net type 'wire' in al_ip/pll_gen.v(99)
HDL-1007 : undeclared symbol 'pll_gen_open8', assumed default net type 'wire' in al_ip/pll_gen.v(105)
HDL-1007 : undeclared symbol 'pll_gen_open7', assumed default net type 'wire' in al_ip/pll_gen.v(105)
HDL-1007 : undeclared symbol 'pll_gen_open6', assumed default net type 'wire' in al_ip/pll_gen.v(105)
HDL-1007 : undeclared symbol 'pll_gen_open5', assumed default net type 'wire' in al_ip/pll_gen.v(105)
HDL-1007 : undeclared symbol 'pll_gen_open4', assumed default net type 'wire' in al_ip/pll_gen.v(105)
HDL-1007 : undeclared symbol 'pll_gen_open3', assumed default net type 'wire' in al_ip/pll_gen.v(105)
HDL-1007 : undeclared symbol 'pll_gen_open2', assumed default net type 'wire' in al_ip/pll_gen.v(105)
HDL-1007 : undeclared symbol 'pll_gen_open1', assumed default net type 'wire' in al_ip/pll_gen.v(105)
HDL-1007 : analyze verilog file al_ip/rx_pll.v
HDL-1007 : undeclared symbol 'open', assumed default net type 'wire' in al_ip/rx_pll.v(78)
HDL-1007 : analyze verilog file ../../source_code/rtl/BUFGMUX.v
HDL-1007 : analyze verilog file ../../source_code/rtl/clk_gen_rst_gen.v
HDL-1007 : analyze verilog file ../../source_code/rtl/div_clk_gen.v
HDL-1007 : analyze verilog file ../../source_code/rtl/IDDR.v
HDL-1007 : analyze verilog file ../../source_code/rtl/ODDR.v
HDL-1007 : analyze verilog file ../../source_code/rtl/RAMB16_S9_S9.v
HDL-1007 : undeclared symbol 'open', assumed default net type 'wire' in ../../source_code/rtl/RAMB16_S9_S9.v(109)
HDL-1007 : analyze verilog file ../../source_code/rtl/rgmii_interface.v
HDL-1007 : analyze verilog file ../../source_code/rtl/rx_client_fifo.v
HDL-5370 WARNING: parameter 'WAIT_s' becomes localparam in 'rx_client_fifo' with formal parameter declaration list in ../../source_code/rtl/rx_client_fifo.v(49)
HDL-5370 WARNING: parameter 'QUEUE1_s' becomes localparam in 'rx_client_fifo' with formal parameter declaration list in ../../source_code/rtl/rx_client_fifo.v(50)
HDL-5370 WARNING: parameter 'QUEUE2_s' becomes localparam in 'rx_client_fifo' with formal parameter declaration list in ../../source_code/rtl/rx_client_fifo.v(51)
HDL-5370 WARNING: parameter 'QUEUE3_s' becomes localparam in 'rx_client_fifo' with formal parameter declaration list in ../../source_code/rtl/rx_client_fifo.v(52)
HDL-5370 WARNING: parameter 'QUEUE_SOF_s' becomes localparam in 'rx_client_fifo' with formal parameter declaration list in ../../source_code/rtl/rx_client_fifo.v(53)
HDL-5370 WARNING: parameter 'SOF_s' becomes localparam in 'rx_client_fifo' with formal parameter declaration list in ../../source_code/rtl/rx_client_fifo.v(54)
HDL-5370 WARNING: parameter 'DATA_s' becomes localparam in 'rx_client_fifo' with formal parameter declaration list in ../../source_code/rtl/rx_client_fifo.v(55)
HDL-5370 WARNING: parameter 'EOF_s' becomes localparam in 'rx_client_fifo' with formal parameter declaration list in ../../source_code/rtl/rx_client_fifo.v(56)
HDL-5370 WARNING: parameter 'IDLE_s' becomes localparam in 'rx_client_fifo' with formal parameter declaration list in ../../source_code/rtl/rx_client_fifo.v(62)
HDL-5370 WARNING: parameter 'FRAME_s' becomes localparam in 'rx_client_fifo' with formal parameter declaration list in ../../source_code/rtl/rx_client_fifo.v(63)
HDL-5370 Similar messages will be suppressed.
HDL-1007 : analyze verilog file ../../source_code/rtl/temac_block.v
HDL-1007 : analyze verilog file ../../source_code/rtl/temac_clk_gen.v
HDL-1007 : analyze verilog file ../../source_code/rtl/tx_client_fifo.v
HDL-5370 WARNING: parameter 'IDLE_s' becomes localparam in 'tx_client_fifo' with formal parameter declaration list in ../../source_code/rtl/tx_client_fifo.v(53)
HDL-5370 WARNING: parameter 'QUEUE1_s' becomes localparam in 'tx_client_fifo' with formal parameter declaration list in ../../source_code/rtl/tx_client_fifo.v(54)
HDL-5370 WARNING: parameter 'QUEUE2_s' becomes localparam in 'tx_client_fifo' with formal parameter declaration list in ../../source_code/rtl/tx_client_fifo.v(55)
HDL-5370 WARNING: parameter 'QUEUE3_s' becomes localparam in 'tx_client_fifo' with formal parameter declaration list in ../../source_code/rtl/tx_client_fifo.v(56)
HDL-5370 WARNING: parameter 'QUEUE_ACK_s' becomes localparam in 'tx_client_fifo' with formal parameter declaration list in ../../source_code/rtl/tx_client_fifo.v(57)
HDL-5370 WARNING: parameter 'WAIT_ACK_s' becomes localparam in 'tx_client_fifo' with formal parameter declaration list in ../../source_code/rtl/tx_client_fifo.v(58)
HDL-5370 WARNING: parameter 'FRAME_s' becomes localparam in 'tx_client_fifo' with formal parameter declaration list in ../../source_code/rtl/tx_client_fifo.v(59)
HDL-5370 WARNING: parameter 'DROP_s' becomes localparam in 'tx_client_fifo' with formal parameter declaration list in ../../source_code/rtl/tx_client_fifo.v(60)
HDL-5370 WARNING: parameter 'RETRANSMIT_s' becomes localparam in 'tx_client_fifo' with formal parameter declaration list in ../../source_code/rtl/tx_client_fifo.v(61)
HDL-5370 WARNING: parameter 'WAIT_s' becomes localparam in 'tx_client_fifo' with formal parameter declaration list in ../../source_code/rtl/tx_client_fifo.v(67)
HDL-5370 Similar messages will be suppressed.
HDL-1007 : analyze verilog file ../../source_code/rtl/tx_clk_en_gen.v
HDL-1007 : analyze verilog file ../../source_code/rtl/udp_data_tpg.v
HDL-1007 : analyze verilog file ../../source_code/rtl/UDP_Example_Top.v
HDL-1007 : undeclared symbol 'use_sd_data', assumed default net type 'wire' in ../../source_code/rtl/UDP_Example_Top.v(271)
HDL-1007 : undeclared symbol 'phy_reset', assumed default net type 'wire' in ../../source_code/rtl/UDP_Example_Top.v(397)
HDL-5333 WARNING: data object 'rst_n' is already declared in ../../source_code/rtl/UDP_Example_Top.v(444)
HDL-1007 : previous declaration of 'rst_n' is from here in ../../source_code/rtl/UDP_Example_Top.v(246)
HDL-5007 WARNING: second declaration of 'rst_n' is ignored in ../../source_code/rtl/UDP_Example_Top.v(444)
HDL-1007 : undeclared symbol 'tpg_data_done', assumed default net type 'wire' in ../../source_code/rtl/UDP_Example_Top.v(550)
HDL-1007 : undeclared symbol 'vga_out_de', assumed default net type 'wire' in ../../source_code/rtl/UDP_Example_Top.v(583)
HDL-1007 : undeclared symbol 'video_read_req', assumed default net type 'wire' in ../../source_code/rtl/UDP_Example_Top.v(593)
HDL-1007 : undeclared symbol 'video_read_req_ack', assumed default net type 'wire' in ../../source_code/rtl/UDP_Example_Top.v(594)
HDL-1007 : undeclared symbol 'hs', assumed default net type 'wire' in ../../source_code/rtl/UDP_Example_Top.v(616)
HDL-1007 : undeclared symbol 'vs', assumed default net type 'wire' in ../../source_code/rtl/UDP_Example_Top.v(617)
HDL-1007 : undeclared symbol 'de', assumed default net type 'wire' in ../../source_code/rtl/UDP_Example_Top.v(618)
HDL-1007 : undeclared symbol 'vout_data', assumed default net type 'wire' in ../../source_code/rtl/UDP_Example_Top.v(619)
HDL-1007 : analyze verilog file ../../source_code/rtl/udp_ip_protocol_stack_merge.enc.v
HDL-1007 : back to file '../../source_code/rtl/udp_ip_protocol_stack_merge.enc.v' in ../../source_code/rtl/udp_ip_protocol_stack_merge.enc.v(56)
HDL-1007 : undeclared symbol '**', assumed default net type '**' in ../../source_code/rtl/udp_ip_protocol_stack_merge.enc.v(2638)
HDL-1007 : back to file '../../source_code/rtl/udp_ip_protocol_stack_merge.enc.v' in ../../source_code/rtl/udp_ip_protocol_stack_merge.enc.v(420)
HDL-1007 : analyze verilog file ../../source_code/rtl/udp_loopback.v
HDL-1007 : analyze verilog file ../../source_code/rtl/sdr/rtl/app_wrrd.v
HDL-1007 : analyze included file ../../source_code/rtl/sdr/rtl/../include/global_def.v in ../../source_code/rtl/sdr/rtl/app_wrrd.v(10)
HDL-1007 : back to file '../../source_code/rtl/sdr/rtl/app_wrrd.v' in ../../source_code/rtl/sdr/rtl/app_wrrd.v(10)
HDL-5372 WARNING: redeclaration of ANSI port 'full_flag' is not allowed in ../../source_code/rtl/sdr/rtl/app_wrrd.v(61)
HDL-1007 : undeclared symbol 'afull', assumed default net type 'wire' in ../../source_code/rtl/sdr/rtl/app_wrrd.v(74)
HDL-1007 : undeclared symbol 'aempty', assumed default net type 'wire' in ../../source_code/rtl/sdr/rtl/app_wrrd.v(75)
HDL-1007 : undeclared symbol 'wrusedw', assumed default net type 'wire' in ../../source_code/rtl/sdr/rtl/app_wrrd.v(76)
HDL-5333 WARNING: data object 'w_addr_cnt' is already declared in ../../source_code/rtl/sdr/rtl/app_wrrd.v(139)
HDL-1007 : previous declaration of 'w_addr_cnt' is from here in ../../source_code/rtl/sdr/rtl/app_wrrd.v(38)
HDL-5007 WARNING: second declaration of 'w_addr_cnt' is ignored in ../../source_code/rtl/sdr/rtl/app_wrrd.v(139)
HDL-1007 : analyze verilog file ../../source_code/rtl/sdr/rtl/sdram_top.v
HDL-1007 : analyze included file ../../source_code/rtl/sdr/rtl/../include/global_def.v in ../../source_code/rtl/sdr/rtl/sdram_top.v(10)
HDL-1007 : back to file '../../source_code/rtl/sdr/rtl/sdram_top.v' in ../../source_code/rtl/sdr/rtl/sdram_top.v(10)
HDL-1007 : undeclared symbol 'Rst_n', assumed default net type 'wire' in ../../source_code/rtl/sdr/rtl/sdram_top.v(70)
HDL-5372 WARNING: redeclaration of ANSI port 'wr_done' is not allowed in ../../source_code/rtl/sdr/rtl/sdram_top.v(73)
HDL-1007 : undeclared symbol 'SDR_CKE', assumed default net type 'wire' in ../../source_code/rtl/sdr/rtl/sdram_top.v(132)
HDL-1007 : analyze verilog file ../../source_code/rtl/sd/sd_ctrl_top.v
HDL-1007 : analyze verilog file ../../source_code/rtl/sd/sd_init.v
HDL-1007 : analyze verilog file ../../source_code/rtl/sd/sd_read.v
HDL-1007 : analyze verilog file ../../source_code/rtl/sd/sd_read_photo.v
HDL-1007 : analyze verilog file ../../source_code/rtl/sdr/rtl/enc_file/sdr_as_ram.enc.v
HDL-1007 : back to file '../../source_code/rtl/sdr/rtl/enc_file/sdr_as_ram.enc.v' in ../../source_code/rtl/sdr/rtl/enc_file/sdr_as_ram.enc.v(45)
HDL-1007 : analyze verilog file ../../source_code/rtl/sdr/rtl/enc_file/sdr_init_ref.enc.v
HDL-1007 : undeclared symbol '**', assumed default net type '**' in ../../source_code/rtl/sdr/rtl/enc_file/sdr_init_ref.enc.v(57)
HDL-1007 : back to file '../../source_code/rtl/sdr/rtl/enc_file/sdr_init_ref.enc.v' in ../../source_code/rtl/sdr/rtl/enc_file/sdr_init_ref.enc.v(148)
HDL-5007 WARNING: concatenation with an unsized literal will be treated as 32 bits in ../../source_code/rtl/sdr/rtl/enc_file/sdr_init_ref.enc.v(47)
HDL-1007 : analyze verilog file ../../source_code/rtl/sdr/rtl/enc_file/sdr_wrrd.enc.v
HDL-5007 WARNING: concatenation with an unsized literal will be treated as 32 bits in ../../source_code/rtl/sdr/rtl/enc_file/sdr_wrrd.enc.v(283)
HDL-1007 : back to file '../../source_code/rtl/sdr/rtl/enc_file/sdr_wrrd.enc.v' in ../../source_code/rtl/sdr/rtl/enc_file/sdr_wrrd.enc.v(19)
HDL-1007 : analyze verilog file ../../source_code/rtl/camera_data_gen.v
HDL-1007 : analyze verilog file ../../source_code/rtl/ov5640/ov5640_dri.v
HDL-1007 : analyze verilog file ../../source_code/rtl/ov5640/ov5640_delay.v
HDL-1007 : analyze verilog file ../../source_code/rtl/ov5640/i2c_ov5640_rgb565_cfg.v
HDL-1007 : analyze verilog file ../../source_code/rtl/ov5640/i2c_dri.v
HDL-1007 : analyze verilog file ../../source_code/rtl/ov5640/cmos_capture_data.v
HDL-1007 : analyze verilog file ../../source_code/rtl/sdram_write_static_sel.v
HDL-1007 : analyze verilog file ../../source_code/rtl/uart/cmd_ctrl.v
HDL-1007 : analyze verilog file ../../source_code/rtl/uart/uart_rx.v
HDL-1007 : analyze verilog file ../../source_code/rtl/uart/uart_test.v
HDL-1007 : analyze verilog file ../../source_code/rtl/uart/uart_tx.v
HDL-1007 : analyze verilog file ../../source_code/rtl/display/color_bar.v
HDL-1007 : analyze included file ../../source_code/rtl/display/video_define.v in ../../source_code/rtl/display/color_bar.v(1)
HDL-1007 : back to file '../../source_code/rtl/display/color_bar.v' in ../../source_code/rtl/display/color_bar.v(1)
HDL-1007 : analyze verilog file ../../source_code/rtl/display/video_delay.v
HDL-1007 : analyze verilog file ../../source_code/rtl/display/video_timing_data.v
HDL-1007 : analyze verilog file ../../source_code/rtl/sdram_read_align.v
HDL-1007 : analyze VHDL file ../../source_code/rtl/hdmi/hdmi_tx.vhd
HDL-1007 : analyze entity hdmi_tx in ../../source_code/rtl/hdmi/hdmi_tx.vhd(11)
HDL-1007 : analyze architecture behavioral in ../../source_code/rtl/hdmi/hdmi_tx.vhd(33)
HDL-1007 : analyze verilog file ../../source_code/rtl/sd/sd_card_ctrl.v
HDL-1007 : analyze VHDL file ../../source_code/rtl/hdmi/enc_file/DVITransmitter.enc.vhd
HDL-1007 : analyze entity dvitransmitter in ../../source_code/rtl/hdmi/enc_file/DVITransmitter.enc.vhd(13)
HDL-1007 : analyze architecture ** in ../../source_code/rtl/hdmi/enc_file/DVITransmitter.enc.vhd(2)
HDL-1007 : analyze VHDL file ../../source_code/rtl/hdmi/enc_file/SerializerN_1_lvds.enc.vhd
HDL-1007 : analyze entity ** in ../../source_code/rtl/hdmi/enc_file/SerializerN_1_lvds.enc.vhd(12)
HDL-1007 : analyze architecture ** in ../../source_code/rtl/hdmi/enc_file/SerializerN_1_lvds.enc.vhd(25)
HDL-1007 : analyze VHDL file ../../source_code/rtl/hdmi/enc_file/SerializerN_1_lvds_dat.enc.vhd
HDL-1007 : analyze entity ** in ../../source_code/rtl/hdmi/enc_file/SerializerN_1_lvds_dat.enc.vhd(14)
HDL-1007 : analyze architecture ** in ../../source_code/rtl/hdmi/enc_file/SerializerN_1_lvds_dat.enc.vhd(28)
HDL-1007 : analyze VHDL file ../../source_code/rtl/hdmi/enc_file/TMDSEncoder.enc.vhd
HDL-1007 : analyze entity ** in ../../source_code/rtl/hdmi/enc_file/TMDSEncoder.enc.vhd(13)
HDL-1007 : analyze architecture ** in ../../source_code/rtl/hdmi/enc_file/TMDSEncoder.enc.vhd(24)
RUN-1002 : start command "commit_param -step design"
RUN-1001 : Print Global Property
RUN-1001 : --------------------------------------------------------
RUN-1001 :   Parameters   |  Settings  |  Default Values  |  Note  
RUN-1001 : --------------------------------------------------------
RUN-1001 :   enable_seed  |    off     |       off        |        
RUN-1001 :     message    |  standard  |     standard     |        
RUN-1001 :   qor_monitor  |     on     |        on        |        
RUN-1001 :   syn_ip_flow  |    off     |       off        |        
RUN-1001 :     thread     |    auto    |       auto       |        
RUN-1001 : --------------------------------------------------------
RUN-1001 : Print Design Property
RUN-1001 : ----------------------------------------------------------------
RUN-1001 :       Parameters       |  Settings  |  Default Values  |  Note  
RUN-1001 : ----------------------------------------------------------------
RUN-1001 :   default_reg_initial  |    auto    |       auto       |        
RUN-1001 :    hdl_warning_level   |   normal   |      normal      |        
RUN-1001 : ----------------------------------------------------------------
HDL-1007 : analyze verilog file al_ip/TEMAC_CORE/RTL/mac_core_aead6cd6dadd.v
HDL-1007 : analyze verilog file al_ip/TEMAC_CORE/RTL/TEMAC_CORE_aead6cd6dadd.v
HDL-5007 WARNING: column 1032 exceeds maximum value 1023 in al_ip/TEMAC_CORE/RTL/TEMAC_CORE_aead6cd6dadd.v(30)
HDL-1007 : back to file 'al_ip/TEMAC_CORE/RTL/TEMAC_CORE_aead6cd6dadd.v' in al_ip/TEMAC_CORE/RTL/TEMAC_CORE_aead6cd6dadd.v(86)
HDL-5007 WARNING: event expressions must result in a singular type in al_ip/TEMAC_CORE/RTL/TEMAC_CORE_aead6cd6dadd.v(3001)
HDL-1007 : undeclared symbol '**', assumed default net type '**' in al_ip/TEMAC_CORE/RTL/TEMAC_CORE_aead6cd6dadd.v(5050)
HDL-1007 : undeclared symbol '**', assumed default net type '**' in al_ip/TEMAC_CORE/RTL/TEMAC_CORE_aead6cd6dadd.v(5458)
HDL-5007 WARNING: column 1035 exceeds maximum value 1023 in al_ip/TEMAC_CORE/RTL/TEMAC_CORE_aead6cd6dadd.v(6001)
HDL-1007 : back to file 'al_ip/TEMAC_CORE/RTL/TEMAC_CORE_aead6cd6dadd.v' in al_ip/TEMAC_CORE/RTL/TEMAC_CORE_aead6cd6dadd.v(260)
HDL-1007 : analyze verilog file al_ip/TEMAC_CORE/TEMAC_CORE.v
HDL-1007 : analyze verilog file al_ip/clk_pll.v
HDL-1007 : undeclared symbol 'clk_pll_open0', assumed default net type 'wire' in al_ip/clk_pll.v(92)
HDL-1007 : undeclared symbol 'clk_pll_open8', assumed default net type 'wire' in al_ip/clk_pll.v(98)
HDL-1007 : undeclared symbol 'clk_pll_open7', assumed default net type 'wire' in al_ip/clk_pll.v(98)
HDL-1007 : undeclared symbol 'clk_pll_open6', assumed default net type 'wire' in al_ip/clk_pll.v(98)
HDL-1007 : undeclared symbol 'clk_pll_open5', assumed default net type 'wire' in al_ip/clk_pll.v(98)
HDL-1007 : undeclared symbol 'clk_pll_open4', assumed default net type 'wire' in al_ip/clk_pll.v(98)
HDL-1007 : undeclared symbol 'clk_pll_open3', assumed default net type 'wire' in al_ip/clk_pll.v(98)
HDL-1007 : undeclared symbol 'clk_pll_open2', assumed default net type 'wire' in al_ip/clk_pll.v(98)
HDL-1007 : undeclared symbol 'clk_pll_open1', assumed default net type 'wire' in al_ip/clk_pll.v(98)
HDL-1007 : undeclared symbol 'clk_pll_open9', assumed default net type 'wire' in al_ip/clk_pll.v(100)
HDL-1007 : analyze verilog file al_ip/fifo_sdr_data_2.v
HDL-1007 : analyze verilog file al_ip/pll_50.v
HDL-1007 : undeclared symbol 'open', assumed default net type 'wire' in al_ip/pll_50.v(85)
HDL-1007 : analyze verilog file al_ip/pll_gen.v
HDL-1007 : undeclared symbol 'pll_gen_open0', assumed default net type 'wire' in al_ip/pll_gen.v(99)
HDL-1007 : undeclared symbol 'pll_gen_open8', assumed default net type 'wire' in al_ip/pll_gen.v(105)
HDL-1007 : undeclared symbol 'pll_gen_open7', assumed default net type 'wire' in al_ip/pll_gen.v(105)
HDL-1007 : undeclared symbol 'pll_gen_open6', assumed default net type 'wire' in al_ip/pll_gen.v(105)
HDL-1007 : undeclared symbol 'pll_gen_open5', assumed default net type 'wire' in al_ip/pll_gen.v(105)
HDL-1007 : undeclared symbol 'pll_gen_open4', assumed default net type 'wire' in al_ip/pll_gen.v(105)
HDL-1007 : undeclared symbol 'pll_gen_open3', assumed default net type 'wire' in al_ip/pll_gen.v(105)
HDL-1007 : undeclared symbol 'pll_gen_open2', assumed default net type 'wire' in al_ip/pll_gen.v(105)
HDL-1007 : undeclared symbol 'pll_gen_open1', assumed default net type 'wire' in al_ip/pll_gen.v(105)
HDL-1007 : analyze verilog file al_ip/rx_pll.v
HDL-1007 : undeclared symbol 'open', assumed default net type 'wire' in al_ip/rx_pll.v(78)
HDL-1007 : analyze verilog file ../../source_code/rtl/BUFGMUX.v
HDL-1007 : analyze verilog file ../../source_code/rtl/clk_gen_rst_gen.v
HDL-1007 : analyze verilog file ../../source_code/rtl/div_clk_gen.v
HDL-1007 : analyze verilog file ../../source_code/rtl/IDDR.v
HDL-1007 : analyze verilog file ../../source_code/rtl/ODDR.v
HDL-1007 : analyze verilog file ../../source_code/rtl/RAMB16_S9_S9.v
HDL-1007 : undeclared symbol 'open', assumed default net type 'wire' in ../../source_code/rtl/RAMB16_S9_S9.v(109)
HDL-1007 : analyze verilog file ../../source_code/rtl/rgmii_interface.v
HDL-1007 : analyze verilog file ../../source_code/rtl/rx_client_fifo.v
HDL-5370 WARNING: parameter 'WAIT_s' becomes localparam in 'rx_client_fifo' with formal parameter declaration list in ../../source_code/rtl/rx_client_fifo.v(49)
HDL-5370 WARNING: parameter 'QUEUE1_s' becomes localparam in 'rx_client_fifo' with formal parameter declaration list in ../../source_code/rtl/rx_client_fifo.v(50)
HDL-5370 WARNING: parameter 'QUEUE2_s' becomes localparam in 'rx_client_fifo' with formal parameter declaration list in ../../source_code/rtl/rx_client_fifo.v(51)
HDL-5370 WARNING: parameter 'QUEUE3_s' becomes localparam in 'rx_client_fifo' with formal parameter declaration list in ../../source_code/rtl/rx_client_fifo.v(52)
HDL-5370 WARNING: parameter 'QUEUE_SOF_s' becomes localparam in 'rx_client_fifo' with formal parameter declaration list in ../../source_code/rtl/rx_client_fifo.v(53)
HDL-5370 WARNING: parameter 'SOF_s' becomes localparam in 'rx_client_fifo' with formal parameter declaration list in ../../source_code/rtl/rx_client_fifo.v(54)
HDL-5370 WARNING: parameter 'DATA_s' becomes localparam in 'rx_client_fifo' with formal parameter declaration list in ../../source_code/rtl/rx_client_fifo.v(55)
HDL-5370 WARNING: parameter 'EOF_s' becomes localparam in 'rx_client_fifo' with formal parameter declaration list in ../../source_code/rtl/rx_client_fifo.v(56)
HDL-5370 WARNING: parameter 'IDLE_s' becomes localparam in 'rx_client_fifo' with formal parameter declaration list in ../../source_code/rtl/rx_client_fifo.v(62)
HDL-5370 WARNING: parameter 'FRAME_s' becomes localparam in 'rx_client_fifo' with formal parameter declaration list in ../../source_code/rtl/rx_client_fifo.v(63)
HDL-5370 Similar messages will be suppressed.
HDL-1007 : analyze verilog file ../../source_code/rtl/temac_block.v
HDL-1007 : analyze verilog file ../../source_code/rtl/temac_clk_gen.v
HDL-1007 : analyze verilog file ../../source_code/rtl/tx_client_fifo.v
HDL-5370 WARNING: parameter 'IDLE_s' becomes localparam in 'tx_client_fifo' with formal parameter declaration list in ../../source_code/rtl/tx_client_fifo.v(53)
HDL-5370 WARNING: parameter 'QUEUE1_s' becomes localparam in 'tx_client_fifo' with formal parameter declaration list in ../../source_code/rtl/tx_client_fifo.v(54)
HDL-5370 WARNING: parameter 'QUEUE2_s' becomes localparam in 'tx_client_fifo' with formal parameter declaration list in ../../source_code/rtl/tx_client_fifo.v(55)
HDL-5370 WARNING: parameter 'QUEUE3_s' becomes localparam in 'tx_client_fifo' with formal parameter declaration list in ../../source_code/rtl/tx_client_fifo.v(56)
HDL-5370 WARNING: parameter 'QUEUE_ACK_s' becomes localparam in 'tx_client_fifo' with formal parameter declaration list in ../../source_code/rtl/tx_client_fifo.v(57)
HDL-5370 WARNING: parameter 'WAIT_ACK_s' becomes localparam in 'tx_client_fifo' with formal parameter declaration list in ../../source_code/rtl/tx_client_fifo.v(58)
HDL-5370 WARNING: parameter 'FRAME_s' becomes localparam in 'tx_client_fifo' with formal parameter declaration list in ../../source_code/rtl/tx_client_fifo.v(59)
HDL-5370 WARNING: parameter 'DROP_s' becomes localparam in 'tx_client_fifo' with formal parameter declaration list in ../../source_code/rtl/tx_client_fifo.v(60)
HDL-5370 WARNING: parameter 'RETRANSMIT_s' becomes localparam in 'tx_client_fifo' with formal parameter declaration list in ../../source_code/rtl/tx_client_fifo.v(61)
HDL-5370 WARNING: parameter 'WAIT_s' becomes localparam in 'tx_client_fifo' with formal parameter declaration list in ../../source_code/rtl/tx_client_fifo.v(67)
HDL-5370 Similar messages will be suppressed.
HDL-1007 : analyze verilog file ../../source_code/rtl/tx_clk_en_gen.v
HDL-1007 : analyze verilog file ../../source_code/rtl/udp_data_tpg.v
HDL-1007 : analyze verilog file ../../source_code/rtl/UDP_Example_Top.v
HDL-1007 : undeclared symbol 'use_sd_data', assumed default net type 'wire' in ../../source_code/rtl/UDP_Example_Top.v(271)
HDL-1007 : undeclared symbol 'phy_reset', assumed default net type 'wire' in ../../source_code/rtl/UDP_Example_Top.v(397)
HDL-5333 WARNING: data object 'rst_n' is already declared in ../../source_code/rtl/UDP_Example_Top.v(444)
HDL-1007 : previous declaration of 'rst_n' is from here in ../../source_code/rtl/UDP_Example_Top.v(246)
HDL-5007 WARNING: second declaration of 'rst_n' is ignored in ../../source_code/rtl/UDP_Example_Top.v(444)
HDL-1007 : undeclared symbol 'tpg_data_done', assumed default net type 'wire' in ../../source_code/rtl/UDP_Example_Top.v(550)
HDL-1007 : undeclared symbol 'vga_out_de', assumed default net type 'wire' in ../../source_code/rtl/UDP_Example_Top.v(583)
HDL-1007 : undeclared symbol 'rgb888_data', assumed default net type 'wire' in ../../source_code/rtl/UDP_Example_Top.v(585)
HDL-1007 : undeclared symbol 'video_read_req', assumed default net type 'wire' in ../../source_code/rtl/UDP_Example_Top.v(594)
HDL-1007 : undeclared symbol 'video_read_req_ack', assumed default net type 'wire' in ../../source_code/rtl/UDP_Example_Top.v(595)
HDL-1007 : undeclared symbol 'hs', assumed default net type 'wire' in ../../source_code/rtl/UDP_Example_Top.v(617)
HDL-1007 : undeclared symbol 'vs', assumed default net type 'wire' in ../../source_code/rtl/UDP_Example_Top.v(618)
HDL-1007 : undeclared symbol 'de', assumed default net type 'wire' in ../../source_code/rtl/UDP_Example_Top.v(619)
HDL-1007 : undeclared symbol 'vout_data', assumed default net type 'wire' in ../../source_code/rtl/UDP_Example_Top.v(620)
HDL-1007 : analyze verilog file ../../source_code/rtl/udp_ip_protocol_stack_merge.enc.v
HDL-1007 : back to file '../../source_code/rtl/udp_ip_protocol_stack_merge.enc.v' in ../../source_code/rtl/udp_ip_protocol_stack_merge.enc.v(56)
HDL-1007 : undeclared symbol '**', assumed default net type '**' in ../../source_code/rtl/udp_ip_protocol_stack_merge.enc.v(2638)
HDL-1007 : back to file '../../source_code/rtl/udp_ip_protocol_stack_merge.enc.v' in ../../source_code/rtl/udp_ip_protocol_stack_merge.enc.v(420)
HDL-1007 : analyze verilog file ../../source_code/rtl/udp_loopback.v
HDL-1007 : analyze verilog file ../../source_code/rtl/sdr/rtl/app_wrrd.v
HDL-1007 : analyze included file ../../source_code/rtl/sdr/rtl/../include/global_def.v in ../../source_code/rtl/sdr/rtl/app_wrrd.v(10)
HDL-1007 : back to file '../../source_code/rtl/sdr/rtl/app_wrrd.v' in ../../source_code/rtl/sdr/rtl/app_wrrd.v(10)
HDL-5372 WARNING: redeclaration of ANSI port 'full_flag' is not allowed in ../../source_code/rtl/sdr/rtl/app_wrrd.v(61)
HDL-1007 : undeclared symbol 'afull', assumed default net type 'wire' in ../../source_code/rtl/sdr/rtl/app_wrrd.v(74)
HDL-1007 : undeclared symbol 'aempty', assumed default net type 'wire' in ../../source_code/rtl/sdr/rtl/app_wrrd.v(75)
HDL-1007 : undeclared symbol 'wrusedw', assumed default net type 'wire' in ../../source_code/rtl/sdr/rtl/app_wrrd.v(76)
HDL-5333 WARNING: data object 'w_addr_cnt' is already declared in ../../source_code/rtl/sdr/rtl/app_wrrd.v(139)
HDL-1007 : previous declaration of 'w_addr_cnt' is from here in ../../source_code/rtl/sdr/rtl/app_wrrd.v(38)
HDL-5007 WARNING: second declaration of 'w_addr_cnt' is ignored in ../../source_code/rtl/sdr/rtl/app_wrrd.v(139)
HDL-1007 : analyze verilog file ../../source_code/rtl/sdr/rtl/sdram_top.v
HDL-1007 : analyze included file ../../source_code/rtl/sdr/rtl/../include/global_def.v in ../../source_code/rtl/sdr/rtl/sdram_top.v(10)
HDL-1007 : back to file '../../source_code/rtl/sdr/rtl/sdram_top.v' in ../../source_code/rtl/sdr/rtl/sdram_top.v(10)
HDL-1007 : undeclared symbol 'Rst_n', assumed default net type 'wire' in ../../source_code/rtl/sdr/rtl/sdram_top.v(70)
HDL-5372 WARNING: redeclaration of ANSI port 'wr_done' is not allowed in ../../source_code/rtl/sdr/rtl/sdram_top.v(73)
HDL-1007 : undeclared symbol 'SDR_CKE', assumed default net type 'wire' in ../../source_code/rtl/sdr/rtl/sdram_top.v(132)
HDL-1007 : analyze verilog file ../../source_code/rtl/sd/sd_ctrl_top.v
HDL-1007 : analyze verilog file ../../source_code/rtl/sd/sd_init.v
HDL-1007 : analyze verilog file ../../source_code/rtl/sd/sd_read.v
HDL-1007 : analyze verilog file ../../source_code/rtl/sd/sd_read_photo.v
HDL-1007 : analyze verilog file ../../source_code/rtl/sdr/rtl/enc_file/sdr_as_ram.enc.v
HDL-1007 : back to file '../../source_code/rtl/sdr/rtl/enc_file/sdr_as_ram.enc.v' in ../../source_code/rtl/sdr/rtl/enc_file/sdr_as_ram.enc.v(45)
HDL-1007 : analyze verilog file ../../source_code/rtl/sdr/rtl/enc_file/sdr_init_ref.enc.v
HDL-1007 : undeclared symbol '**', assumed default net type '**' in ../../source_code/rtl/sdr/rtl/enc_file/sdr_init_ref.enc.v(57)
HDL-1007 : back to file '../../source_code/rtl/sdr/rtl/enc_file/sdr_init_ref.enc.v' in ../../source_code/rtl/sdr/rtl/enc_file/sdr_init_ref.enc.v(148)
HDL-5007 WARNING: concatenation with an unsized literal will be treated as 32 bits in ../../source_code/rtl/sdr/rtl/enc_file/sdr_init_ref.enc.v(47)
HDL-1007 : analyze verilog file ../../source_code/rtl/sdr/rtl/enc_file/sdr_wrrd.enc.v
HDL-5007 WARNING: concatenation with an unsized literal will be treated as 32 bits in ../../source_code/rtl/sdr/rtl/enc_file/sdr_wrrd.enc.v(283)
HDL-1007 : back to file '../../source_code/rtl/sdr/rtl/enc_file/sdr_wrrd.enc.v' in ../../source_code/rtl/sdr/rtl/enc_file/sdr_wrrd.enc.v(19)
HDL-1007 : analyze verilog file ../../source_code/rtl/camera_data_gen.v
HDL-1007 : analyze verilog file ../../source_code/rtl/ov5640/ov5640_dri.v
HDL-1007 : analyze verilog file ../../source_code/rtl/ov5640/ov5640_delay.v
HDL-1007 : analyze verilog file ../../source_code/rtl/ov5640/i2c_ov5640_rgb565_cfg.v
HDL-1007 : analyze verilog file ../../source_code/rtl/ov5640/i2c_dri.v
HDL-1007 : analyze verilog file ../../source_code/rtl/ov5640/cmos_capture_data.v
HDL-1007 : analyze verilog file ../../source_code/rtl/sdram_write_static_sel.v
HDL-1007 : analyze verilog file ../../source_code/rtl/uart/cmd_ctrl.v
HDL-1007 : analyze verilog file ../../source_code/rtl/uart/uart_rx.v
HDL-1007 : analyze verilog file ../../source_code/rtl/uart/uart_test.v
HDL-1007 : analyze verilog file ../../source_code/rtl/uart/uart_tx.v
HDL-1007 : analyze verilog file ../../source_code/rtl/display/color_bar.v
HDL-1007 : analyze included file ../../source_code/rtl/display/video_define.v in ../../source_code/rtl/display/color_bar.v(1)
HDL-1007 : back to file '../../source_code/rtl/display/color_bar.v' in ../../source_code/rtl/display/color_bar.v(1)
HDL-1007 : analyze verilog file ../../source_code/rtl/display/video_delay.v
HDL-1007 : analyze verilog file ../../source_code/rtl/display/video_timing_data.v
HDL-1007 : analyze verilog file ../../source_code/rtl/sdram_read_align.v
HDL-1007 : analyze VHDL file ../../source_code/rtl/hdmi/hdmi_tx.vhd
HDL-1007 : analyze entity hdmi_tx in ../../source_code/rtl/hdmi/hdmi_tx.vhd(11)
HDL-1007 : analyze architecture behavioral in ../../source_code/rtl/hdmi/hdmi_tx.vhd(33)
HDL-1007 : analyze verilog file ../../source_code/rtl/sd/sd_card_ctrl.v
HDL-1007 : analyze VHDL file ../../source_code/rtl/hdmi/enc_file/DVITransmitter.enc.vhd
HDL-1007 : analyze entity dvitransmitter in ../../source_code/rtl/hdmi/enc_file/DVITransmitter.enc.vhd(13)
HDL-1007 : analyze architecture ** in ../../source_code/rtl/hdmi/enc_file/DVITransmitter.enc.vhd(2)
HDL-1007 : analyze VHDL file ../../source_code/rtl/hdmi/enc_file/SerializerN_1_lvds.enc.vhd
HDL-1007 : analyze entity ** in ../../source_code/rtl/hdmi/enc_file/SerializerN_1_lvds.enc.vhd(12)
HDL-1007 : analyze architecture ** in ../../source_code/rtl/hdmi/enc_file/SerializerN_1_lvds.enc.vhd(25)
HDL-1007 : analyze VHDL file ../../source_code/rtl/hdmi/enc_file/SerializerN_1_lvds_dat.enc.vhd
HDL-1007 : analyze entity ** in ../../source_code/rtl/hdmi/enc_file/SerializerN_1_lvds_dat.enc.vhd(14)
HDL-1007 : analyze architecture ** in ../../source_code/rtl/hdmi/enc_file/SerializerN_1_lvds_dat.enc.vhd(28)
HDL-1007 : analyze VHDL file ../../source_code/rtl/hdmi/enc_file/TMDSEncoder.enc.vhd
HDL-1007 : analyze entity ** in ../../source_code/rtl/hdmi/enc_file/TMDSEncoder.enc.vhd(13)
HDL-1007 : analyze architecture ** in ../../source_code/rtl/hdmi/enc_file/TMDSEncoder.enc.vhd(24)
PRJ-1412 : reset_run syn_1 phy_1.
PRJ-1409 : launch_runs syn_1 phy_1  -jobs 6.
RUN-1002 : start command "commit_param -step design"
RUN-1001 : Print Global Property
RUN-1001 : --------------------------------------------------------
RUN-1001 :   Parameters   |  Settings  |  Default Values  |  Note  
RUN-1001 : --------------------------------------------------------
RUN-1001 :   enable_seed  |    off     |       off        |        
RUN-1001 :     message    |  standard  |     standard     |        
RUN-1001 :   qor_monitor  |     on     |        on        |        
RUN-1001 :   syn_ip_flow  |    off     |       off        |        
RUN-1001 :     thread     |    auto    |       auto       |        
RUN-1001 : --------------------------------------------------------
RUN-1001 : Print Design Property
RUN-1001 : ----------------------------------------------------------------
RUN-1001 :       Parameters       |  Settings  |  Default Values  |  Note  
RUN-1001 : ----------------------------------------------------------------
RUN-1001 :   default_reg_initial  |    auto    |       auto       |        
RUN-1001 :    hdl_warning_level   |   normal   |      normal      |        
RUN-1001 : ----------------------------------------------------------------
HDL-1007 : analyze verilog file al_ip/TEMAC_CORE/RTL/mac_core_aead6cd6dadd.v
HDL-1007 : analyze verilog file al_ip/TEMAC_CORE/RTL/TEMAC_CORE_aead6cd6dadd.v
HDL-5007 WARNING: column 1032 exceeds maximum value 1023 in al_ip/TEMAC_CORE/RTL/TEMAC_CORE_aead6cd6dadd.v(30)
HDL-1007 : back to file 'al_ip/TEMAC_CORE/RTL/TEMAC_CORE_aead6cd6dadd.v' in al_ip/TEMAC_CORE/RTL/TEMAC_CORE_aead6cd6dadd.v(86)
HDL-5007 WARNING: event expressions must result in a singular type in al_ip/TEMAC_CORE/RTL/TEMAC_CORE_aead6cd6dadd.v(3001)
HDL-1007 : undeclared symbol '**', assumed default net type '**' in al_ip/TEMAC_CORE/RTL/TEMAC_CORE_aead6cd6dadd.v(5050)
HDL-1007 : undeclared symbol '**', assumed default net type '**' in al_ip/TEMAC_CORE/RTL/TEMAC_CORE_aead6cd6dadd.v(5458)
HDL-5007 WARNING: column 1035 exceeds maximum value 1023 in al_ip/TEMAC_CORE/RTL/TEMAC_CORE_aead6cd6dadd.v(6001)
HDL-1007 : back to file 'al_ip/TEMAC_CORE/RTL/TEMAC_CORE_aead6cd6dadd.v' in al_ip/TEMAC_CORE/RTL/TEMAC_CORE_aead6cd6dadd.v(260)
HDL-1007 : analyze verilog file al_ip/TEMAC_CORE/TEMAC_CORE.v
HDL-1007 : analyze verilog file al_ip/clk_pll.v
HDL-1007 : undeclared symbol 'clk_pll_open0', assumed default net type 'wire' in al_ip/clk_pll.v(92)
HDL-1007 : undeclared symbol 'clk_pll_open8', assumed default net type 'wire' in al_ip/clk_pll.v(98)
HDL-1007 : undeclared symbol 'clk_pll_open7', assumed default net type 'wire' in al_ip/clk_pll.v(98)
HDL-1007 : undeclared symbol 'clk_pll_open6', assumed default net type 'wire' in al_ip/clk_pll.v(98)
HDL-1007 : undeclared symbol 'clk_pll_open5', assumed default net type 'wire' in al_ip/clk_pll.v(98)
HDL-1007 : undeclared symbol 'clk_pll_open4', assumed default net type 'wire' in al_ip/clk_pll.v(98)
HDL-1007 : undeclared symbol 'clk_pll_open3', assumed default net type 'wire' in al_ip/clk_pll.v(98)
HDL-1007 : undeclared symbol 'clk_pll_open2', assumed default net type 'wire' in al_ip/clk_pll.v(98)
HDL-1007 : undeclared symbol 'clk_pll_open1', assumed default net type 'wire' in al_ip/clk_pll.v(98)
HDL-1007 : undeclared symbol 'clk_pll_open9', assumed default net type 'wire' in al_ip/clk_pll.v(100)
HDL-1007 : analyze verilog file al_ip/fifo_sdr_data_2.v
HDL-1007 : analyze verilog file al_ip/pll_50.v
HDL-1007 : undeclared symbol 'open', assumed default net type 'wire' in al_ip/pll_50.v(85)
HDL-1007 : analyze verilog file al_ip/pll_gen.v
HDL-1007 : undeclared symbol 'pll_gen_open0', assumed default net type 'wire' in al_ip/pll_gen.v(99)
HDL-1007 : undeclared symbol 'pll_gen_open8', assumed default net type 'wire' in al_ip/pll_gen.v(105)
HDL-1007 : undeclared symbol 'pll_gen_open7', assumed default net type 'wire' in al_ip/pll_gen.v(105)
HDL-1007 : undeclared symbol 'pll_gen_open6', assumed default net type 'wire' in al_ip/pll_gen.v(105)
HDL-1007 : undeclared symbol 'pll_gen_open5', assumed default net type 'wire' in al_ip/pll_gen.v(105)
HDL-1007 : undeclared symbol 'pll_gen_open4', assumed default net type 'wire' in al_ip/pll_gen.v(105)
HDL-1007 : undeclared symbol 'pll_gen_open3', assumed default net type 'wire' in al_ip/pll_gen.v(105)
HDL-1007 : undeclared symbol 'pll_gen_open2', assumed default net type 'wire' in al_ip/pll_gen.v(105)
HDL-1007 : undeclared symbol 'pll_gen_open1', assumed default net type 'wire' in al_ip/pll_gen.v(105)
HDL-1007 : analyze verilog file al_ip/rx_pll.v
HDL-1007 : undeclared symbol 'open', assumed default net type 'wire' in al_ip/rx_pll.v(78)
HDL-1007 : analyze verilog file ../../source_code/rtl/BUFGMUX.v
HDL-1007 : analyze verilog file ../../source_code/rtl/clk_gen_rst_gen.v
HDL-1007 : analyze verilog file ../../source_code/rtl/div_clk_gen.v
HDL-1007 : analyze verilog file ../../source_code/rtl/IDDR.v
HDL-1007 : analyze verilog file ../../source_code/rtl/ODDR.v
HDL-1007 : analyze verilog file ../../source_code/rtl/RAMB16_S9_S9.v
HDL-1007 : undeclared symbol 'open', assumed default net type 'wire' in ../../source_code/rtl/RAMB16_S9_S9.v(109)
HDL-1007 : analyze verilog file ../../source_code/rtl/rgmii_interface.v
HDL-1007 : analyze verilog file ../../source_code/rtl/rx_client_fifo.v
HDL-5370 WARNING: parameter 'WAIT_s' becomes localparam in 'rx_client_fifo' with formal parameter declaration list in ../../source_code/rtl/rx_client_fifo.v(49)
HDL-5370 WARNING: parameter 'QUEUE1_s' becomes localparam in 'rx_client_fifo' with formal parameter declaration list in ../../source_code/rtl/rx_client_fifo.v(50)
HDL-5370 WARNING: parameter 'QUEUE2_s' becomes localparam in 'rx_client_fifo' with formal parameter declaration list in ../../source_code/rtl/rx_client_fifo.v(51)
HDL-5370 WARNING: parameter 'QUEUE3_s' becomes localparam in 'rx_client_fifo' with formal parameter declaration list in ../../source_code/rtl/rx_client_fifo.v(52)
HDL-5370 WARNING: parameter 'QUEUE_SOF_s' becomes localparam in 'rx_client_fifo' with formal parameter declaration list in ../../source_code/rtl/rx_client_fifo.v(53)
HDL-5370 WARNING: parameter 'SOF_s' becomes localparam in 'rx_client_fifo' with formal parameter declaration list in ../../source_code/rtl/rx_client_fifo.v(54)
HDL-5370 WARNING: parameter 'DATA_s' becomes localparam in 'rx_client_fifo' with formal parameter declaration list in ../../source_code/rtl/rx_client_fifo.v(55)
HDL-5370 WARNING: parameter 'EOF_s' becomes localparam in 'rx_client_fifo' with formal parameter declaration list in ../../source_code/rtl/rx_client_fifo.v(56)
HDL-5370 WARNING: parameter 'IDLE_s' becomes localparam in 'rx_client_fifo' with formal parameter declaration list in ../../source_code/rtl/rx_client_fifo.v(62)
HDL-5370 WARNING: parameter 'FRAME_s' becomes localparam in 'rx_client_fifo' with formal parameter declaration list in ../../source_code/rtl/rx_client_fifo.v(63)
HDL-5370 Similar messages will be suppressed.
HDL-1007 : analyze verilog file ../../source_code/rtl/temac_block.v
HDL-1007 : analyze verilog file ../../source_code/rtl/temac_clk_gen.v
HDL-1007 : analyze verilog file ../../source_code/rtl/tx_client_fifo.v
HDL-5370 WARNING: parameter 'IDLE_s' becomes localparam in 'tx_client_fifo' with formal parameter declaration list in ../../source_code/rtl/tx_client_fifo.v(53)
HDL-5370 WARNING: parameter 'QUEUE1_s' becomes localparam in 'tx_client_fifo' with formal parameter declaration list in ../../source_code/rtl/tx_client_fifo.v(54)
HDL-5370 WARNING: parameter 'QUEUE2_s' becomes localparam in 'tx_client_fifo' with formal parameter declaration list in ../../source_code/rtl/tx_client_fifo.v(55)
HDL-5370 WARNING: parameter 'QUEUE3_s' becomes localparam in 'tx_client_fifo' with formal parameter declaration list in ../../source_code/rtl/tx_client_fifo.v(56)
HDL-5370 WARNING: parameter 'QUEUE_ACK_s' becomes localparam in 'tx_client_fifo' with formal parameter declaration list in ../../source_code/rtl/tx_client_fifo.v(57)
HDL-5370 WARNING: parameter 'WAIT_ACK_s' becomes localparam in 'tx_client_fifo' with formal parameter declaration list in ../../source_code/rtl/tx_client_fifo.v(58)
HDL-5370 WARNING: parameter 'FRAME_s' becomes localparam in 'tx_client_fifo' with formal parameter declaration list in ../../source_code/rtl/tx_client_fifo.v(59)
HDL-5370 WARNING: parameter 'DROP_s' becomes localparam in 'tx_client_fifo' with formal parameter declaration list in ../../source_code/rtl/tx_client_fifo.v(60)
HDL-5370 WARNING: parameter 'RETRANSMIT_s' becomes localparam in 'tx_client_fifo' with formal parameter declaration list in ../../source_code/rtl/tx_client_fifo.v(61)
HDL-5370 WARNING: parameter 'WAIT_s' becomes localparam in 'tx_client_fifo' with formal parameter declaration list in ../../source_code/rtl/tx_client_fifo.v(67)
HDL-5370 Similar messages will be suppressed.
HDL-1007 : analyze verilog file ../../source_code/rtl/tx_clk_en_gen.v
HDL-1007 : analyze verilog file ../../source_code/rtl/udp_data_tpg.v
HDL-1007 : analyze verilog file ../../source_code/rtl/UDP_Example_Top.v
HDL-1007 : undeclared symbol 'use_sd_data', assumed default net type 'wire' in ../../source_code/rtl/UDP_Example_Top.v(271)
HDL-1007 : undeclared symbol 'phy_reset', assumed default net type 'wire' in ../../source_code/rtl/UDP_Example_Top.v(397)
HDL-5333 WARNING: data object 'rst_n' is already declared in ../../source_code/rtl/UDP_Example_Top.v(444)
HDL-1007 : previous declaration of 'rst_n' is from here in ../../source_code/rtl/UDP_Example_Top.v(246)
HDL-5007 WARNING: second declaration of 'rst_n' is ignored in ../../source_code/rtl/UDP_Example_Top.v(444)
HDL-1007 : undeclared symbol 'tpg_data_done', assumed default net type 'wire' in ../../source_code/rtl/UDP_Example_Top.v(550)
HDL-1007 : undeclared symbol 'vga_out_de', assumed default net type 'wire' in ../../source_code/rtl/UDP_Example_Top.v(583)
HDL-1007 : undeclared symbol 'rgb888_data', assumed default net type 'wire' in ../../source_code/rtl/UDP_Example_Top.v(585)
HDL-1007 : undeclared symbol 'video_read_req', assumed default net type 'wire' in ../../source_code/rtl/UDP_Example_Top.v(594)
HDL-1007 : undeclared symbol 'video_read_req_ack', assumed default net type 'wire' in ../../source_code/rtl/UDP_Example_Top.v(595)
HDL-1007 : undeclared symbol 'hs', assumed default net type 'wire' in ../../source_code/rtl/UDP_Example_Top.v(617)
HDL-1007 : undeclared symbol 'vs', assumed default net type 'wire' in ../../source_code/rtl/UDP_Example_Top.v(618)
HDL-1007 : undeclared symbol 'de', assumed default net type 'wire' in ../../source_code/rtl/UDP_Example_Top.v(619)
HDL-1007 : undeclared symbol 'vout_data', assumed default net type 'wire' in ../../source_code/rtl/UDP_Example_Top.v(620)
HDL-8007 ERROR: cannot index into non-array type wire for 'vout_data' in ../../source_code/rtl/UDP_Example_Top.v(584)
HDL-8007 ERROR: cannot index into non-array type wire for 'vout_data' in ../../source_code/rtl/UDP_Example_Top.v(584)
HDL-8007 ERROR: cannot index into non-array type wire for 'vout_data' in ../../source_code/rtl/UDP_Example_Top.v(584)
HDL-8007 ERROR: ignore module module due to previous errors in ../../source_code/rtl/UDP_Example_Top.v(30)
HDL-1007 : analyze VHDL file ../../source_code/rtl/hdmi/hdmi_tx.vhd
HDL-1007 : analyze entity hdmi_tx in ../../source_code/rtl/hdmi/hdmi_tx.vhd(11)
HDL-1007 : analyze architecture behavioral in ../../source_code/rtl/hdmi/hdmi_tx.vhd(33)
HDL-1007 : analyze verilog file ../../source_code/rtl/sd/sd_card_ctrl.v
HDL-1007 : analyze VHDL file ../../source_code/rtl/hdmi/enc_file/DVITransmitter.enc.vhd
HDL-1007 : analyze entity dvitransmitter in ../../source_code/rtl/hdmi/enc_file/DVITransmitter.enc.vhd(13)
HDL-1007 : analyze architecture ** in ../../source_code/rtl/hdmi/enc_file/DVITransmitter.enc.vhd(2)
HDL-1007 : analyze VHDL file ../../source_code/rtl/hdmi/enc_file/SerializerN_1_lvds.enc.vhd
HDL-1007 : analyze entity ** in ../../source_code/rtl/hdmi/enc_file/SerializerN_1_lvds.enc.vhd(12)
HDL-1007 : analyze architecture ** in ../../source_code/rtl/hdmi/enc_file/SerializerN_1_lvds.enc.vhd(25)
HDL-1007 : analyze VHDL file ../../source_code/rtl/hdmi/enc_file/SerializerN_1_lvds_dat.enc.vhd
HDL-1007 : analyze entity ** in ../../source_code/rtl/hdmi/enc_file/SerializerN_1_lvds_dat.enc.vhd(14)
HDL-1007 : analyze architecture ** in ../../source_code/rtl/hdmi/enc_file/SerializerN_1_lvds_dat.enc.vhd(28)
HDL-1007 : analyze VHDL file ../../source_code/rtl/hdmi/enc_file/TMDSEncoder.enc.vhd
HDL-1007 : analyze entity ** in ../../source_code/rtl/hdmi/enc_file/TMDSEncoder.enc.vhd(13)
HDL-1007 : analyze architecture ** in ../../source_code/rtl/hdmi/enc_file/TMDSEncoder.enc.vhd(24)
HDL-5007 WARNING: The file ../../source_code/rtl/UDP_Example_Top.v will not be compiled since it is not included by any other files. Set it as 'global include' if it should be compiled.
PRJ-1416 : stop_run syn_1.
PRJ-1416 : stop_run phy_1.
PRJ-1410 : Run syn_1 success.
RUN-1002 : start command "save_best_bits"
RUN-1002 : start command "import_db D:/Anlu/double_fpga_udp/tx/sdram_switch/UDP_EG4_6.2/prj/UDP_EXAMPLE/UDP_EXAMPLE_Runs/syn_1/UDP_EXAMPLE_elaborate.db"
RUN-1001 : Importing database generated by Tang Dynasty, V6.2.168116.
RUN-1001 : Database version number 46207
RUN-1001 : Import flow parameters
RUN-1001 : Import netlist
RUN-1001 : Import timing constraints
RUN-1001 : Import IO constraints
RUN-1001 : Import Inst constraints
RUN-1001 : Import ChipWatcher
RUN-1001 : Import design success TD_VERSION=6.2.168116 , DB_VERSION=46207
RUN-1002 : start command "commit_param -step design"
RUN-1001 : Print Global Property
RUN-1001 : --------------------------------------------------------
RUN-1001 :   Parameters   |  Settings  |  Default Values  |  Note  
RUN-1001 : --------------------------------------------------------
RUN-1001 :   enable_seed  |    off     |       off        |        
RUN-1001 :     message    |  standard  |     standard     |        
RUN-1001 :   qor_monitor  |     on     |        on        |        
RUN-1001 :   syn_ip_flow  |    off     |       off        |        
RUN-1001 :     thread     |    auto    |       auto       |        
RUN-1001 : --------------------------------------------------------
RUN-1001 : Print Design Property
RUN-1001 : ----------------------------------------------------------------
RUN-1001 :       Parameters       |  Settings  |  Default Values  |  Note  
RUN-1001 : ----------------------------------------------------------------
RUN-1001 :   default_reg_initial  |    auto    |       auto       |        
RUN-1001 :    hdl_warning_level   |   normal   |      normal      |        
RUN-1001 : ----------------------------------------------------------------
HDL-1007 : analyze verilog file al_ip/TEMAC_CORE/RTL/mac_core_aead6cd6dadd.v
HDL-1007 : analyze verilog file al_ip/TEMAC_CORE/RTL/TEMAC_CORE_aead6cd6dadd.v
HDL-5007 WARNING: column 1032 exceeds maximum value 1023 in al_ip/TEMAC_CORE/RTL/TEMAC_CORE_aead6cd6dadd.v(30)
HDL-1007 : back to file 'al_ip/TEMAC_CORE/RTL/TEMAC_CORE_aead6cd6dadd.v' in al_ip/TEMAC_CORE/RTL/TEMAC_CORE_aead6cd6dadd.v(86)
HDL-5007 WARNING: event expressions must result in a singular type in al_ip/TEMAC_CORE/RTL/TEMAC_CORE_aead6cd6dadd.v(3001)
HDL-1007 : undeclared symbol '**', assumed default net type '**' in al_ip/TEMAC_CORE/RTL/TEMAC_CORE_aead6cd6dadd.v(5050)
HDL-1007 : undeclared symbol '**', assumed default net type '**' in al_ip/TEMAC_CORE/RTL/TEMAC_CORE_aead6cd6dadd.v(5458)
HDL-5007 WARNING: column 1035 exceeds maximum value 1023 in al_ip/TEMAC_CORE/RTL/TEMAC_CORE_aead6cd6dadd.v(6001)
HDL-1007 : back to file 'al_ip/TEMAC_CORE/RTL/TEMAC_CORE_aead6cd6dadd.v' in al_ip/TEMAC_CORE/RTL/TEMAC_CORE_aead6cd6dadd.v(260)
HDL-1007 : analyze verilog file al_ip/TEMAC_CORE/TEMAC_CORE.v
HDL-1007 : analyze verilog file al_ip/clk_pll.v
HDL-1007 : undeclared symbol 'clk_pll_open0', assumed default net type 'wire' in al_ip/clk_pll.v(92)
HDL-1007 : undeclared symbol 'clk_pll_open8', assumed default net type 'wire' in al_ip/clk_pll.v(98)
HDL-1007 : undeclared symbol 'clk_pll_open7', assumed default net type 'wire' in al_ip/clk_pll.v(98)
HDL-1007 : undeclared symbol 'clk_pll_open6', assumed default net type 'wire' in al_ip/clk_pll.v(98)
HDL-1007 : undeclared symbol 'clk_pll_open5', assumed default net type 'wire' in al_ip/clk_pll.v(98)
HDL-1007 : undeclared symbol 'clk_pll_open4', assumed default net type 'wire' in al_ip/clk_pll.v(98)
HDL-1007 : undeclared symbol 'clk_pll_open3', assumed default net type 'wire' in al_ip/clk_pll.v(98)
HDL-1007 : undeclared symbol 'clk_pll_open2', assumed default net type 'wire' in al_ip/clk_pll.v(98)
HDL-1007 : undeclared symbol 'clk_pll_open1', assumed default net type 'wire' in al_ip/clk_pll.v(98)
HDL-1007 : undeclared symbol 'clk_pll_open9', assumed default net type 'wire' in al_ip/clk_pll.v(100)
HDL-1007 : analyze verilog file al_ip/fifo_sdr_data_2.v
HDL-1007 : analyze verilog file al_ip/pll_50.v
HDL-1007 : undeclared symbol 'open', assumed default net type 'wire' in al_ip/pll_50.v(85)
HDL-1007 : analyze verilog file al_ip/pll_gen.v
HDL-1007 : undeclared symbol 'pll_gen_open0', assumed default net type 'wire' in al_ip/pll_gen.v(99)
HDL-1007 : undeclared symbol 'pll_gen_open8', assumed default net type 'wire' in al_ip/pll_gen.v(105)
HDL-1007 : undeclared symbol 'pll_gen_open7', assumed default net type 'wire' in al_ip/pll_gen.v(105)
HDL-1007 : undeclared symbol 'pll_gen_open6', assumed default net type 'wire' in al_ip/pll_gen.v(105)
HDL-1007 : undeclared symbol 'pll_gen_open5', assumed default net type 'wire' in al_ip/pll_gen.v(105)
HDL-1007 : undeclared symbol 'pll_gen_open4', assumed default net type 'wire' in al_ip/pll_gen.v(105)
HDL-1007 : undeclared symbol 'pll_gen_open3', assumed default net type 'wire' in al_ip/pll_gen.v(105)
HDL-1007 : undeclared symbol 'pll_gen_open2', assumed default net type 'wire' in al_ip/pll_gen.v(105)
HDL-1007 : undeclared symbol 'pll_gen_open1', assumed default net type 'wire' in al_ip/pll_gen.v(105)
HDL-1007 : analyze verilog file al_ip/rx_pll.v
HDL-1007 : undeclared symbol 'open', assumed default net type 'wire' in al_ip/rx_pll.v(78)
HDL-1007 : analyze verilog file ../../source_code/rtl/BUFGMUX.v
HDL-1007 : analyze verilog file ../../source_code/rtl/clk_gen_rst_gen.v
HDL-1007 : analyze verilog file ../../source_code/rtl/div_clk_gen.v
HDL-1007 : analyze verilog file ../../source_code/rtl/IDDR.v
HDL-1007 : analyze verilog file ../../source_code/rtl/ODDR.v
HDL-1007 : analyze verilog file ../../source_code/rtl/RAMB16_S9_S9.v
HDL-1007 : undeclared symbol 'open', assumed default net type 'wire' in ../../source_code/rtl/RAMB16_S9_S9.v(109)
HDL-1007 : analyze verilog file ../../source_code/rtl/rgmii_interface.v
HDL-1007 : analyze verilog file ../../source_code/rtl/rx_client_fifo.v
HDL-5370 WARNING: parameter 'WAIT_s' becomes localparam in 'rx_client_fifo' with formal parameter declaration list in ../../source_code/rtl/rx_client_fifo.v(49)
HDL-5370 WARNING: parameter 'QUEUE1_s' becomes localparam in 'rx_client_fifo' with formal parameter declaration list in ../../source_code/rtl/rx_client_fifo.v(50)
HDL-5370 WARNING: parameter 'QUEUE2_s' becomes localparam in 'rx_client_fifo' with formal parameter declaration list in ../../source_code/rtl/rx_client_fifo.v(51)
HDL-5370 WARNING: parameter 'QUEUE3_s' becomes localparam in 'rx_client_fifo' with formal parameter declaration list in ../../source_code/rtl/rx_client_fifo.v(52)
HDL-5370 WARNING: parameter 'QUEUE_SOF_s' becomes localparam in 'rx_client_fifo' with formal parameter declaration list in ../../source_code/rtl/rx_client_fifo.v(53)
HDL-5370 WARNING: parameter 'SOF_s' becomes localparam in 'rx_client_fifo' with formal parameter declaration list in ../../source_code/rtl/rx_client_fifo.v(54)
HDL-5370 WARNING: parameter 'DATA_s' becomes localparam in 'rx_client_fifo' with formal parameter declaration list in ../../source_code/rtl/rx_client_fifo.v(55)
HDL-5370 WARNING: parameter 'EOF_s' becomes localparam in 'rx_client_fifo' with formal parameter declaration list in ../../source_code/rtl/rx_client_fifo.v(56)
HDL-5370 WARNING: parameter 'IDLE_s' becomes localparam in 'rx_client_fifo' with formal parameter declaration list in ../../source_code/rtl/rx_client_fifo.v(62)
HDL-5370 WARNING: parameter 'FRAME_s' becomes localparam in 'rx_client_fifo' with formal parameter declaration list in ../../source_code/rtl/rx_client_fifo.v(63)
HDL-5370 Similar messages will be suppressed.
HDL-1007 : analyze verilog file ../../source_code/rtl/temac_block.v
HDL-1007 : analyze verilog file ../../source_code/rtl/temac_clk_gen.v
HDL-1007 : analyze verilog file ../../source_code/rtl/tx_client_fifo.v
HDL-5370 WARNING: parameter 'IDLE_s' becomes localparam in 'tx_client_fifo' with formal parameter declaration list in ../../source_code/rtl/tx_client_fifo.v(53)
HDL-5370 WARNING: parameter 'QUEUE1_s' becomes localparam in 'tx_client_fifo' with formal parameter declaration list in ../../source_code/rtl/tx_client_fifo.v(54)
HDL-5370 WARNING: parameter 'QUEUE2_s' becomes localparam in 'tx_client_fifo' with formal parameter declaration list in ../../source_code/rtl/tx_client_fifo.v(55)
HDL-5370 WARNING: parameter 'QUEUE3_s' becomes localparam in 'tx_client_fifo' with formal parameter declaration list in ../../source_code/rtl/tx_client_fifo.v(56)
HDL-5370 WARNING: parameter 'QUEUE_ACK_s' becomes localparam in 'tx_client_fifo' with formal parameter declaration list in ../../source_code/rtl/tx_client_fifo.v(57)
HDL-5370 WARNING: parameter 'WAIT_ACK_s' becomes localparam in 'tx_client_fifo' with formal parameter declaration list in ../../source_code/rtl/tx_client_fifo.v(58)
HDL-5370 WARNING: parameter 'FRAME_s' becomes localparam in 'tx_client_fifo' with formal parameter declaration list in ../../source_code/rtl/tx_client_fifo.v(59)
HDL-5370 WARNING: parameter 'DROP_s' becomes localparam in 'tx_client_fifo' with formal parameter declaration list in ../../source_code/rtl/tx_client_fifo.v(60)
HDL-5370 WARNING: parameter 'RETRANSMIT_s' becomes localparam in 'tx_client_fifo' with formal parameter declaration list in ../../source_code/rtl/tx_client_fifo.v(61)
HDL-5370 WARNING: parameter 'WAIT_s' becomes localparam in 'tx_client_fifo' with formal parameter declaration list in ../../source_code/rtl/tx_client_fifo.v(67)
HDL-5370 Similar messages will be suppressed.
HDL-1007 : analyze verilog file ../../source_code/rtl/tx_clk_en_gen.v
HDL-1007 : analyze verilog file ../../source_code/rtl/udp_data_tpg.v
HDL-1007 : analyze verilog file ../../source_code/rtl/UDP_Example_Top.v
HDL-1007 : undeclared symbol 'use_sd_data', assumed default net type 'wire' in ../../source_code/rtl/UDP_Example_Top.v(271)
HDL-1007 : undeclared symbol 'phy_reset', assumed default net type 'wire' in ../../source_code/rtl/UDP_Example_Top.v(397)
HDL-5333 WARNING: data object 'rst_n' is already declared in ../../source_code/rtl/UDP_Example_Top.v(444)
HDL-1007 : previous declaration of 'rst_n' is from here in ../../source_code/rtl/UDP_Example_Top.v(246)
HDL-5007 WARNING: second declaration of 'rst_n' is ignored in ../../source_code/rtl/UDP_Example_Top.v(444)
HDL-1007 : undeclared symbol 'tpg_data_done', assumed default net type 'wire' in ../../source_code/rtl/UDP_Example_Top.v(550)
HDL-1007 : undeclared symbol 'vga_out_de', assumed default net type 'wire' in ../../source_code/rtl/UDP_Example_Top.v(583)
HDL-1007 : undeclared symbol 'rgb888_data', assumed default net type 'wire' in ../../source_code/rtl/UDP_Example_Top.v(585)
HDL-1007 : undeclared symbol 'video_read_req', assumed default net type 'wire' in ../../source_code/rtl/UDP_Example_Top.v(595)
HDL-1007 : undeclared symbol 'video_read_req_ack', assumed default net type 'wire' in ../../source_code/rtl/UDP_Example_Top.v(596)
HDL-1007 : undeclared symbol 'hs', assumed default net type 'wire' in ../../source_code/rtl/UDP_Example_Top.v(618)
HDL-1007 : undeclared symbol 'vs', assumed default net type 'wire' in ../../source_code/rtl/UDP_Example_Top.v(619)
HDL-1007 : undeclared symbol 'de', assumed default net type 'wire' in ../../source_code/rtl/UDP_Example_Top.v(620)
HDL-8007 ERROR: part-select of memory 'vout_data' is not allowed in ../../source_code/rtl/UDP_Example_Top.v(584)
HDL-8007 ERROR: part-select of memory 'vout_data' is not allowed in ../../source_code/rtl/UDP_Example_Top.v(584)
HDL-8007 ERROR: part-select of memory 'vout_data' is not allowed in ../../source_code/rtl/UDP_Example_Top.v(584)
HDL-8007 ERROR: illegal concatenation of unpacked value in ../../source_code/rtl/UDP_Example_Top.v(584)
HDL-8007 ERROR: illegal concatenation of unpacked value in ../../source_code/rtl/UDP_Example_Top.v(584)
HDL-8007 ERROR: illegal concatenation of unpacked value in ../../source_code/rtl/UDP_Example_Top.v(584)
HDL-8007 ERROR: cannot access memory 'vout_data' directly in ../../source_code/rtl/UDP_Example_Top.v(621)
HDL-8007 ERROR: cannot access memory 'vout_data' directly in ../../source_code/rtl/UDP_Example_Top.v(636)
HDL-8007 ERROR: ignore module module due to previous errors in ../../source_code/rtl/UDP_Example_Top.v(30)
HDL-1007 : analyze VHDL file ../../source_code/rtl/hdmi/hdmi_tx.vhd
HDL-1007 : analyze entity hdmi_tx in ../../source_code/rtl/hdmi/hdmi_tx.vhd(11)
HDL-1007 : analyze architecture behavioral in ../../source_code/rtl/hdmi/hdmi_tx.vhd(33)
HDL-1007 : analyze verilog file ../../source_code/rtl/sd/sd_card_ctrl.v
HDL-1007 : analyze VHDL file ../../source_code/rtl/hdmi/enc_file/DVITransmitter.enc.vhd
HDL-1007 : analyze entity dvitransmitter in ../../source_code/rtl/hdmi/enc_file/DVITransmitter.enc.vhd(13)
HDL-1007 : analyze architecture ** in ../../source_code/rtl/hdmi/enc_file/DVITransmitter.enc.vhd(2)
HDL-1007 : analyze VHDL file ../../source_code/rtl/hdmi/enc_file/SerializerN_1_lvds.enc.vhd
HDL-1007 : analyze entity ** in ../../source_code/rtl/hdmi/enc_file/SerializerN_1_lvds.enc.vhd(12)
HDL-1007 : analyze architecture ** in ../../source_code/rtl/hdmi/enc_file/SerializerN_1_lvds.enc.vhd(25)
HDL-1007 : analyze VHDL file ../../source_code/rtl/hdmi/enc_file/SerializerN_1_lvds_dat.enc.vhd
HDL-1007 : analyze entity ** in ../../source_code/rtl/hdmi/enc_file/SerializerN_1_lvds_dat.enc.vhd(14)
HDL-1007 : analyze architecture ** in ../../source_code/rtl/hdmi/enc_file/SerializerN_1_lvds_dat.enc.vhd(28)
HDL-1007 : analyze VHDL file ../../source_code/rtl/hdmi/enc_file/TMDSEncoder.enc.vhd
HDL-1007 : analyze entity ** in ../../source_code/rtl/hdmi/enc_file/TMDSEncoder.enc.vhd(13)
HDL-1007 : analyze architecture ** in ../../source_code/rtl/hdmi/enc_file/TMDSEncoder.enc.vhd(24)
HDL-5007 WARNING: The file ../../source_code/rtl/UDP_Example_Top.v will not be compiled since it is not included by any other files. Set it as 'global include' if it should be compiled.
RUN-1002 : start command "commit_param -step design"
RUN-1001 : Print Global Property
RUN-1001 : --------------------------------------------------------
RUN-1001 :   Parameters   |  Settings  |  Default Values  |  Note  
RUN-1001 : --------------------------------------------------------
RUN-1001 :   enable_seed  |    off     |       off        |        
RUN-1001 :     message    |  standard  |     standard     |        
RUN-1001 :   qor_monitor  |     on     |        on        |        
RUN-1001 :   syn_ip_flow  |    off     |       off        |        
RUN-1001 :     thread     |    auto    |       auto       |        
RUN-1001 : --------------------------------------------------------
RUN-1001 : Print Design Property
RUN-1001 : ----------------------------------------------------------------
RUN-1001 :       Parameters       |  Settings  |  Default Values  |  Note  
RUN-1001 : ----------------------------------------------------------------
RUN-1001 :   default_reg_initial  |    auto    |       auto       |        
RUN-1001 :    hdl_warning_level   |   normal   |      normal      |        
RUN-1001 : ----------------------------------------------------------------
HDL-1007 : analyze verilog file al_ip/TEMAC_CORE/RTL/mac_core_aead6cd6dadd.v
HDL-1007 : analyze verilog file al_ip/TEMAC_CORE/RTL/TEMAC_CORE_aead6cd6dadd.v
HDL-5007 WARNING: column 1032 exceeds maximum value 1023 in al_ip/TEMAC_CORE/RTL/TEMAC_CORE_aead6cd6dadd.v(30)
HDL-1007 : back to file 'al_ip/TEMAC_CORE/RTL/TEMAC_CORE_aead6cd6dadd.v' in al_ip/TEMAC_CORE/RTL/TEMAC_CORE_aead6cd6dadd.v(86)
HDL-5007 WARNING: event expressions must result in a singular type in al_ip/TEMAC_CORE/RTL/TEMAC_CORE_aead6cd6dadd.v(3001)
HDL-1007 : undeclared symbol '**', assumed default net type '**' in al_ip/TEMAC_CORE/RTL/TEMAC_CORE_aead6cd6dadd.v(5050)
HDL-1007 : undeclared symbol '**', assumed default net type '**' in al_ip/TEMAC_CORE/RTL/TEMAC_CORE_aead6cd6dadd.v(5458)
HDL-5007 WARNING: column 1035 exceeds maximum value 1023 in al_ip/TEMAC_CORE/RTL/TEMAC_CORE_aead6cd6dadd.v(6001)
HDL-1007 : back to file 'al_ip/TEMAC_CORE/RTL/TEMAC_CORE_aead6cd6dadd.v' in al_ip/TEMAC_CORE/RTL/TEMAC_CORE_aead6cd6dadd.v(260)
HDL-1007 : analyze verilog file al_ip/TEMAC_CORE/TEMAC_CORE.v
HDL-1007 : analyze verilog file al_ip/clk_pll.v
HDL-1007 : undeclared symbol 'clk_pll_open0', assumed default net type 'wire' in al_ip/clk_pll.v(92)
HDL-1007 : undeclared symbol 'clk_pll_open8', assumed default net type 'wire' in al_ip/clk_pll.v(98)
HDL-1007 : undeclared symbol 'clk_pll_open7', assumed default net type 'wire' in al_ip/clk_pll.v(98)
HDL-1007 : undeclared symbol 'clk_pll_open6', assumed default net type 'wire' in al_ip/clk_pll.v(98)
HDL-1007 : undeclared symbol 'clk_pll_open5', assumed default net type 'wire' in al_ip/clk_pll.v(98)
HDL-1007 : undeclared symbol 'clk_pll_open4', assumed default net type 'wire' in al_ip/clk_pll.v(98)
HDL-1007 : undeclared symbol 'clk_pll_open3', assumed default net type 'wire' in al_ip/clk_pll.v(98)
HDL-1007 : undeclared symbol 'clk_pll_open2', assumed default net type 'wire' in al_ip/clk_pll.v(98)
HDL-1007 : undeclared symbol 'clk_pll_open1', assumed default net type 'wire' in al_ip/clk_pll.v(98)
HDL-1007 : undeclared symbol 'clk_pll_open9', assumed default net type 'wire' in al_ip/clk_pll.v(100)
HDL-1007 : analyze verilog file al_ip/fifo_sdr_data_2.v
HDL-1007 : analyze verilog file al_ip/pll_50.v
HDL-1007 : undeclared symbol 'open', assumed default net type 'wire' in al_ip/pll_50.v(85)
HDL-1007 : analyze verilog file al_ip/pll_gen.v
HDL-1007 : undeclared symbol 'pll_gen_open0', assumed default net type 'wire' in al_ip/pll_gen.v(99)
HDL-1007 : undeclared symbol 'pll_gen_open8', assumed default net type 'wire' in al_ip/pll_gen.v(105)
HDL-1007 : undeclared symbol 'pll_gen_open7', assumed default net type 'wire' in al_ip/pll_gen.v(105)
HDL-1007 : undeclared symbol 'pll_gen_open6', assumed default net type 'wire' in al_ip/pll_gen.v(105)
HDL-1007 : undeclared symbol 'pll_gen_open5', assumed default net type 'wire' in al_ip/pll_gen.v(105)
HDL-1007 : undeclared symbol 'pll_gen_open4', assumed default net type 'wire' in al_ip/pll_gen.v(105)
HDL-1007 : undeclared symbol 'pll_gen_open3', assumed default net type 'wire' in al_ip/pll_gen.v(105)
HDL-1007 : undeclared symbol 'pll_gen_open2', assumed default net type 'wire' in al_ip/pll_gen.v(105)
HDL-1007 : undeclared symbol 'pll_gen_open1', assumed default net type 'wire' in al_ip/pll_gen.v(105)
HDL-1007 : analyze verilog file al_ip/rx_pll.v
HDL-1007 : undeclared symbol 'open', assumed default net type 'wire' in al_ip/rx_pll.v(78)
HDL-1007 : analyze verilog file ../../source_code/rtl/BUFGMUX.v
HDL-1007 : analyze verilog file ../../source_code/rtl/clk_gen_rst_gen.v
HDL-1007 : analyze verilog file ../../source_code/rtl/div_clk_gen.v
HDL-1007 : analyze verilog file ../../source_code/rtl/IDDR.v
HDL-1007 : analyze verilog file ../../source_code/rtl/ODDR.v
HDL-1007 : analyze verilog file ../../source_code/rtl/RAMB16_S9_S9.v
HDL-1007 : undeclared symbol 'open', assumed default net type 'wire' in ../../source_code/rtl/RAMB16_S9_S9.v(109)
HDL-1007 : analyze verilog file ../../source_code/rtl/rgmii_interface.v
HDL-1007 : analyze verilog file ../../source_code/rtl/rx_client_fifo.v
HDL-5370 WARNING: parameter 'WAIT_s' becomes localparam in 'rx_client_fifo' with formal parameter declaration list in ../../source_code/rtl/rx_client_fifo.v(49)
HDL-5370 WARNING: parameter 'QUEUE1_s' becomes localparam in 'rx_client_fifo' with formal parameter declaration list in ../../source_code/rtl/rx_client_fifo.v(50)
HDL-5370 WARNING: parameter 'QUEUE2_s' becomes localparam in 'rx_client_fifo' with formal parameter declaration list in ../../source_code/rtl/rx_client_fifo.v(51)
HDL-5370 WARNING: parameter 'QUEUE3_s' becomes localparam in 'rx_client_fifo' with formal parameter declaration list in ../../source_code/rtl/rx_client_fifo.v(52)
HDL-5370 WARNING: parameter 'QUEUE_SOF_s' becomes localparam in 'rx_client_fifo' with formal parameter declaration list in ../../source_code/rtl/rx_client_fifo.v(53)
HDL-5370 WARNING: parameter 'SOF_s' becomes localparam in 'rx_client_fifo' with formal parameter declaration list in ../../source_code/rtl/rx_client_fifo.v(54)
HDL-5370 WARNING: parameter 'DATA_s' becomes localparam in 'rx_client_fifo' with formal parameter declaration list in ../../source_code/rtl/rx_client_fifo.v(55)
HDL-5370 WARNING: parameter 'EOF_s' becomes localparam in 'rx_client_fifo' with formal parameter declaration list in ../../source_code/rtl/rx_client_fifo.v(56)
HDL-5370 WARNING: parameter 'IDLE_s' becomes localparam in 'rx_client_fifo' with formal parameter declaration list in ../../source_code/rtl/rx_client_fifo.v(62)
HDL-5370 WARNING: parameter 'FRAME_s' becomes localparam in 'rx_client_fifo' with formal parameter declaration list in ../../source_code/rtl/rx_client_fifo.v(63)
HDL-5370 Similar messages will be suppressed.
HDL-1007 : analyze verilog file ../../source_code/rtl/temac_block.v
HDL-1007 : analyze verilog file ../../source_code/rtl/temac_clk_gen.v
HDL-1007 : analyze verilog file ../../source_code/rtl/tx_client_fifo.v
HDL-5370 WARNING: parameter 'IDLE_s' becomes localparam in 'tx_client_fifo' with formal parameter declaration list in ../../source_code/rtl/tx_client_fifo.v(53)
HDL-5370 WARNING: parameter 'QUEUE1_s' becomes localparam in 'tx_client_fifo' with formal parameter declaration list in ../../source_code/rtl/tx_client_fifo.v(54)
HDL-5370 WARNING: parameter 'QUEUE2_s' becomes localparam in 'tx_client_fifo' with formal parameter declaration list in ../../source_code/rtl/tx_client_fifo.v(55)
HDL-5370 WARNING: parameter 'QUEUE3_s' becomes localparam in 'tx_client_fifo' with formal parameter declaration list in ../../source_code/rtl/tx_client_fifo.v(56)
HDL-5370 WARNING: parameter 'QUEUE_ACK_s' becomes localparam in 'tx_client_fifo' with formal parameter declaration list in ../../source_code/rtl/tx_client_fifo.v(57)
HDL-5370 WARNING: parameter 'WAIT_ACK_s' becomes localparam in 'tx_client_fifo' with formal parameter declaration list in ../../source_code/rtl/tx_client_fifo.v(58)
HDL-5370 WARNING: parameter 'FRAME_s' becomes localparam in 'tx_client_fifo' with formal parameter declaration list in ../../source_code/rtl/tx_client_fifo.v(59)
HDL-5370 WARNING: parameter 'DROP_s' becomes localparam in 'tx_client_fifo' with formal parameter declaration list in ../../source_code/rtl/tx_client_fifo.v(60)
HDL-5370 WARNING: parameter 'RETRANSMIT_s' becomes localparam in 'tx_client_fifo' with formal parameter declaration list in ../../source_code/rtl/tx_client_fifo.v(61)
HDL-5370 WARNING: parameter 'WAIT_s' becomes localparam in 'tx_client_fifo' with formal parameter declaration list in ../../source_code/rtl/tx_client_fifo.v(67)
HDL-5370 Similar messages will be suppressed.
HDL-1007 : analyze verilog file ../../source_code/rtl/tx_clk_en_gen.v
HDL-1007 : analyze verilog file ../../source_code/rtl/udp_data_tpg.v
HDL-1007 : analyze verilog file ../../source_code/rtl/UDP_Example_Top.v
HDL-1007 : undeclared symbol 'use_sd_data', assumed default net type 'wire' in ../../source_code/rtl/UDP_Example_Top.v(271)
HDL-1007 : undeclared symbol 'phy_reset', assumed default net type 'wire' in ../../source_code/rtl/UDP_Example_Top.v(397)
HDL-5333 WARNING: data object 'rst_n' is already declared in ../../source_code/rtl/UDP_Example_Top.v(444)
HDL-1007 : previous declaration of 'rst_n' is from here in ../../source_code/rtl/UDP_Example_Top.v(246)
HDL-5007 WARNING: second declaration of 'rst_n' is ignored in ../../source_code/rtl/UDP_Example_Top.v(444)
HDL-1007 : undeclared symbol 'tpg_data_done', assumed default net type 'wire' in ../../source_code/rtl/UDP_Example_Top.v(550)
HDL-1007 : undeclared symbol 'vga_out_de', assumed default net type 'wire' in ../../source_code/rtl/UDP_Example_Top.v(583)
HDL-1007 : undeclared symbol 'rgb888_data', assumed default net type 'wire' in ../../source_code/rtl/UDP_Example_Top.v(585)
HDL-7225 CRITICAL-WARNING: 'rgb888_data' is already implicitly declared on line 585 in ../../source_code/rtl/UDP_Example_Top.v(591)
HDL-1007 : undeclared symbol 'video_read_req', assumed default net type 'wire' in ../../source_code/rtl/UDP_Example_Top.v(596)
HDL-1007 : undeclared symbol 'video_read_req_ack', assumed default net type 'wire' in ../../source_code/rtl/UDP_Example_Top.v(597)
HDL-1007 : undeclared symbol 'hs', assumed default net type 'wire' in ../../source_code/rtl/UDP_Example_Top.v(619)
HDL-1007 : undeclared symbol 'vs', assumed default net type 'wire' in ../../source_code/rtl/UDP_Example_Top.v(620)
HDL-1007 : undeclared symbol 'de', assumed default net type 'wire' in ../../source_code/rtl/UDP_Example_Top.v(621)
HDL-1007 : analyze verilog file ../../source_code/rtl/udp_ip_protocol_stack_merge.enc.v
HDL-1007 : back to file '../../source_code/rtl/udp_ip_protocol_stack_merge.enc.v' in ../../source_code/rtl/udp_ip_protocol_stack_merge.enc.v(56)
HDL-1007 : undeclared symbol '**', assumed default net type '**' in ../../source_code/rtl/udp_ip_protocol_stack_merge.enc.v(2638)
HDL-1007 : back to file '../../source_code/rtl/udp_ip_protocol_stack_merge.enc.v' in ../../source_code/rtl/udp_ip_protocol_stack_merge.enc.v(420)
HDL-1007 : analyze verilog file ../../source_code/rtl/udp_loopback.v
HDL-1007 : analyze verilog file ../../source_code/rtl/sdr/rtl/app_wrrd.v
HDL-1007 : analyze included file ../../source_code/rtl/sdr/rtl/../include/global_def.v in ../../source_code/rtl/sdr/rtl/app_wrrd.v(10)
HDL-1007 : back to file '../../source_code/rtl/sdr/rtl/app_wrrd.v' in ../../source_code/rtl/sdr/rtl/app_wrrd.v(10)
HDL-5372 WARNING: redeclaration of ANSI port 'full_flag' is not allowed in ../../source_code/rtl/sdr/rtl/app_wrrd.v(61)
HDL-1007 : undeclared symbol 'afull', assumed default net type 'wire' in ../../source_code/rtl/sdr/rtl/app_wrrd.v(74)
HDL-1007 : undeclared symbol 'aempty', assumed default net type 'wire' in ../../source_code/rtl/sdr/rtl/app_wrrd.v(75)
HDL-1007 : undeclared symbol 'wrusedw', assumed default net type 'wire' in ../../source_code/rtl/sdr/rtl/app_wrrd.v(76)
HDL-5333 WARNING: data object 'w_addr_cnt' is already declared in ../../source_code/rtl/sdr/rtl/app_wrrd.v(139)
HDL-1007 : previous declaration of 'w_addr_cnt' is from here in ../../source_code/rtl/sdr/rtl/app_wrrd.v(38)
HDL-5007 WARNING: second declaration of 'w_addr_cnt' is ignored in ../../source_code/rtl/sdr/rtl/app_wrrd.v(139)
HDL-1007 : analyze verilog file ../../source_code/rtl/sdr/rtl/sdram_top.v
HDL-1007 : analyze included file ../../source_code/rtl/sdr/rtl/../include/global_def.v in ../../source_code/rtl/sdr/rtl/sdram_top.v(10)
HDL-1007 : back to file '../../source_code/rtl/sdr/rtl/sdram_top.v' in ../../source_code/rtl/sdr/rtl/sdram_top.v(10)
HDL-1007 : undeclared symbol 'Rst_n', assumed default net type 'wire' in ../../source_code/rtl/sdr/rtl/sdram_top.v(70)
HDL-5372 WARNING: redeclaration of ANSI port 'wr_done' is not allowed in ../../source_code/rtl/sdr/rtl/sdram_top.v(73)
HDL-1007 : undeclared symbol 'SDR_CKE', assumed default net type 'wire' in ../../source_code/rtl/sdr/rtl/sdram_top.v(132)
HDL-1007 : analyze verilog file ../../source_code/rtl/sd/sd_ctrl_top.v
HDL-1007 : analyze verilog file ../../source_code/rtl/sd/sd_init.v
HDL-1007 : analyze verilog file ../../source_code/rtl/sd/sd_read.v
HDL-1007 : analyze verilog file ../../source_code/rtl/sd/sd_read_photo.v
HDL-1007 : analyze verilog file ../../source_code/rtl/sdr/rtl/enc_file/sdr_as_ram.enc.v
HDL-1007 : back to file '../../source_code/rtl/sdr/rtl/enc_file/sdr_as_ram.enc.v' in ../../source_code/rtl/sdr/rtl/enc_file/sdr_as_ram.enc.v(45)
HDL-1007 : analyze verilog file ../../source_code/rtl/sdr/rtl/enc_file/sdr_init_ref.enc.v
HDL-1007 : undeclared symbol '**', assumed default net type '**' in ../../source_code/rtl/sdr/rtl/enc_file/sdr_init_ref.enc.v(57)
HDL-1007 : back to file '../../source_code/rtl/sdr/rtl/enc_file/sdr_init_ref.enc.v' in ../../source_code/rtl/sdr/rtl/enc_file/sdr_init_ref.enc.v(148)
HDL-5007 WARNING: concatenation with an unsized literal will be treated as 32 bits in ../../source_code/rtl/sdr/rtl/enc_file/sdr_init_ref.enc.v(47)
HDL-1007 : analyze verilog file ../../source_code/rtl/sdr/rtl/enc_file/sdr_wrrd.enc.v
HDL-5007 WARNING: concatenation with an unsized literal will be treated as 32 bits in ../../source_code/rtl/sdr/rtl/enc_file/sdr_wrrd.enc.v(283)
HDL-1007 : back to file '../../source_code/rtl/sdr/rtl/enc_file/sdr_wrrd.enc.v' in ../../source_code/rtl/sdr/rtl/enc_file/sdr_wrrd.enc.v(19)
HDL-1007 : analyze verilog file ../../source_code/rtl/camera_data_gen.v
HDL-1007 : analyze verilog file ../../source_code/rtl/ov5640/ov5640_dri.v
HDL-1007 : analyze verilog file ../../source_code/rtl/ov5640/ov5640_delay.v
HDL-1007 : analyze verilog file ../../source_code/rtl/ov5640/i2c_ov5640_rgb565_cfg.v
HDL-1007 : analyze verilog file ../../source_code/rtl/ov5640/i2c_dri.v
HDL-1007 : analyze verilog file ../../source_code/rtl/ov5640/cmos_capture_data.v
HDL-1007 : analyze verilog file ../../source_code/rtl/sdram_write_static_sel.v
HDL-1007 : analyze verilog file ../../source_code/rtl/uart/cmd_ctrl.v
HDL-1007 : analyze verilog file ../../source_code/rtl/uart/uart_rx.v
HDL-1007 : analyze verilog file ../../source_code/rtl/uart/uart_test.v
HDL-1007 : analyze verilog file ../../source_code/rtl/uart/uart_tx.v
HDL-1007 : analyze verilog file ../../source_code/rtl/display/color_bar.v
HDL-1007 : analyze included file ../../source_code/rtl/display/video_define.v in ../../source_code/rtl/display/color_bar.v(1)
HDL-1007 : back to file '../../source_code/rtl/display/color_bar.v' in ../../source_code/rtl/display/color_bar.v(1)
HDL-1007 : analyze verilog file ../../source_code/rtl/display/video_delay.v
HDL-1007 : analyze verilog file ../../source_code/rtl/display/video_timing_data.v
HDL-1007 : analyze verilog file ../../source_code/rtl/sdram_read_align.v
HDL-1007 : analyze VHDL file ../../source_code/rtl/hdmi/hdmi_tx.vhd
HDL-1007 : analyze entity hdmi_tx in ../../source_code/rtl/hdmi/hdmi_tx.vhd(11)
HDL-1007 : analyze architecture behavioral in ../../source_code/rtl/hdmi/hdmi_tx.vhd(33)
HDL-1007 : analyze verilog file ../../source_code/rtl/sd/sd_card_ctrl.v
HDL-1007 : analyze VHDL file ../../source_code/rtl/hdmi/enc_file/DVITransmitter.enc.vhd
HDL-1007 : analyze entity dvitransmitter in ../../source_code/rtl/hdmi/enc_file/DVITransmitter.enc.vhd(13)
HDL-1007 : analyze architecture ** in ../../source_code/rtl/hdmi/enc_file/DVITransmitter.enc.vhd(2)
HDL-1007 : analyze VHDL file ../../source_code/rtl/hdmi/enc_file/SerializerN_1_lvds.enc.vhd
HDL-1007 : analyze entity ** in ../../source_code/rtl/hdmi/enc_file/SerializerN_1_lvds.enc.vhd(12)
HDL-1007 : analyze architecture ** in ../../source_code/rtl/hdmi/enc_file/SerializerN_1_lvds.enc.vhd(25)
HDL-1007 : analyze VHDL file ../../source_code/rtl/hdmi/enc_file/SerializerN_1_lvds_dat.enc.vhd
HDL-1007 : analyze entity ** in ../../source_code/rtl/hdmi/enc_file/SerializerN_1_lvds_dat.enc.vhd(14)
HDL-1007 : analyze architecture ** in ../../source_code/rtl/hdmi/enc_file/SerializerN_1_lvds_dat.enc.vhd(28)
HDL-1007 : analyze VHDL file ../../source_code/rtl/hdmi/enc_file/TMDSEncoder.enc.vhd
HDL-1007 : analyze entity ** in ../../source_code/rtl/hdmi/enc_file/TMDSEncoder.enc.vhd(13)
HDL-1007 : analyze architecture ** in ../../source_code/rtl/hdmi/enc_file/TMDSEncoder.enc.vhd(24)
PRJ-1412 : reset_run syn_1 phy_1.
PRJ-1409 : launch_runs syn_1 phy_1  -jobs 6.
PRJ-1410 : Run syn_1 success.
RUN-1002 : start command "commit_param -step design"
RUN-1001 : Print Global Property
RUN-1001 : --------------------------------------------------------
RUN-1001 :   Parameters   |  Settings  |  Default Values  |  Note  
RUN-1001 : --------------------------------------------------------
RUN-1001 :   enable_seed  |    off     |       off        |        
RUN-1001 :     message    |  standard  |     standard     |        
RUN-1001 :   qor_monitor  |     on     |        on        |        
RUN-1001 :   syn_ip_flow  |    off     |       off        |        
RUN-1001 :     thread     |    auto    |       auto       |        
RUN-1001 : --------------------------------------------------------
RUN-1001 : Print Design Property
RUN-1001 : ----------------------------------------------------------------
RUN-1001 :       Parameters       |  Settings  |  Default Values  |  Note  
RUN-1001 : ----------------------------------------------------------------
RUN-1001 :   default_reg_initial  |    auto    |       auto       |        
RUN-1001 :    hdl_warning_level   |   normal   |      normal      |        
RUN-1001 : ----------------------------------------------------------------
HDL-1007 : analyze verilog file al_ip/TEMAC_CORE/RTL/mac_core_aead6cd6dadd.v
HDL-1007 : analyze verilog file al_ip/TEMAC_CORE/RTL/TEMAC_CORE_aead6cd6dadd.v
HDL-5007 WARNING: column 1032 exceeds maximum value 1023 in al_ip/TEMAC_CORE/RTL/TEMAC_CORE_aead6cd6dadd.v(30)
HDL-1007 : back to file 'al_ip/TEMAC_CORE/RTL/TEMAC_CORE_aead6cd6dadd.v' in al_ip/TEMAC_CORE/RTL/TEMAC_CORE_aead6cd6dadd.v(86)
HDL-5007 WARNING: event expressions must result in a singular type in al_ip/TEMAC_CORE/RTL/TEMAC_CORE_aead6cd6dadd.v(3001)
HDL-1007 : undeclared symbol '**', assumed default net type '**' in al_ip/TEMAC_CORE/RTL/TEMAC_CORE_aead6cd6dadd.v(5050)
HDL-1007 : undeclared symbol '**', assumed default net type '**' in al_ip/TEMAC_CORE/RTL/TEMAC_CORE_aead6cd6dadd.v(5458)
HDL-5007 WARNING: column 1035 exceeds maximum value 1023 in al_ip/TEMAC_CORE/RTL/TEMAC_CORE_aead6cd6dadd.v(6001)
HDL-1007 : back to file 'al_ip/TEMAC_CORE/RTL/TEMAC_CORE_aead6cd6dadd.v' in al_ip/TEMAC_CORE/RTL/TEMAC_CORE_aead6cd6dadd.v(260)
HDL-1007 : analyze verilog file al_ip/TEMAC_CORE/TEMAC_CORE.v
HDL-1007 : analyze verilog file al_ip/clk_pll.v
HDL-1007 : undeclared symbol 'clk_pll_open0', assumed default net type 'wire' in al_ip/clk_pll.v(92)
HDL-1007 : undeclared symbol 'clk_pll_open8', assumed default net type 'wire' in al_ip/clk_pll.v(98)
HDL-1007 : undeclared symbol 'clk_pll_open7', assumed default net type 'wire' in al_ip/clk_pll.v(98)
HDL-1007 : undeclared symbol 'clk_pll_open6', assumed default net type 'wire' in al_ip/clk_pll.v(98)
HDL-1007 : undeclared symbol 'clk_pll_open5', assumed default net type 'wire' in al_ip/clk_pll.v(98)
HDL-1007 : undeclared symbol 'clk_pll_open4', assumed default net type 'wire' in al_ip/clk_pll.v(98)
HDL-1007 : undeclared symbol 'clk_pll_open3', assumed default net type 'wire' in al_ip/clk_pll.v(98)
HDL-1007 : undeclared symbol 'clk_pll_open2', assumed default net type 'wire' in al_ip/clk_pll.v(98)
HDL-1007 : undeclared symbol 'clk_pll_open1', assumed default net type 'wire' in al_ip/clk_pll.v(98)
HDL-1007 : undeclared symbol 'clk_pll_open9', assumed default net type 'wire' in al_ip/clk_pll.v(100)
HDL-1007 : analyze verilog file al_ip/fifo_sdr_data_2.v
HDL-1007 : analyze verilog file al_ip/pll_50.v
HDL-1007 : undeclared symbol 'open', assumed default net type 'wire' in al_ip/pll_50.v(85)
HDL-1007 : analyze verilog file al_ip/pll_gen.v
HDL-1007 : undeclared symbol 'pll_gen_open0', assumed default net type 'wire' in al_ip/pll_gen.v(99)
HDL-1007 : undeclared symbol 'pll_gen_open8', assumed default net type 'wire' in al_ip/pll_gen.v(105)
HDL-1007 : undeclared symbol 'pll_gen_open7', assumed default net type 'wire' in al_ip/pll_gen.v(105)
HDL-1007 : undeclared symbol 'pll_gen_open6', assumed default net type 'wire' in al_ip/pll_gen.v(105)
HDL-1007 : undeclared symbol 'pll_gen_open5', assumed default net type 'wire' in al_ip/pll_gen.v(105)
HDL-1007 : undeclared symbol 'pll_gen_open4', assumed default net type 'wire' in al_ip/pll_gen.v(105)
HDL-1007 : undeclared symbol 'pll_gen_open3', assumed default net type 'wire' in al_ip/pll_gen.v(105)
HDL-1007 : undeclared symbol 'pll_gen_open2', assumed default net type 'wire' in al_ip/pll_gen.v(105)
HDL-1007 : undeclared symbol 'pll_gen_open1', assumed default net type 'wire' in al_ip/pll_gen.v(105)
HDL-1007 : analyze verilog file al_ip/rx_pll.v
HDL-1007 : undeclared symbol 'open', assumed default net type 'wire' in al_ip/rx_pll.v(78)
HDL-1007 : analyze verilog file ../../source_code/rtl/BUFGMUX.v
HDL-1007 : analyze verilog file ../../source_code/rtl/clk_gen_rst_gen.v
HDL-1007 : analyze verilog file ../../source_code/rtl/div_clk_gen.v
HDL-1007 : analyze verilog file ../../source_code/rtl/IDDR.v
HDL-1007 : analyze verilog file ../../source_code/rtl/ODDR.v
HDL-1007 : analyze verilog file ../../source_code/rtl/RAMB16_S9_S9.v
HDL-1007 : undeclared symbol 'open', assumed default net type 'wire' in ../../source_code/rtl/RAMB16_S9_S9.v(109)
HDL-1007 : analyze verilog file ../../source_code/rtl/rgmii_interface.v
HDL-1007 : analyze verilog file ../../source_code/rtl/rx_client_fifo.v
HDL-5370 WARNING: parameter 'WAIT_s' becomes localparam in 'rx_client_fifo' with formal parameter declaration list in ../../source_code/rtl/rx_client_fifo.v(49)
HDL-5370 WARNING: parameter 'QUEUE1_s' becomes localparam in 'rx_client_fifo' with formal parameter declaration list in ../../source_code/rtl/rx_client_fifo.v(50)
HDL-5370 WARNING: parameter 'QUEUE2_s' becomes localparam in 'rx_client_fifo' with formal parameter declaration list in ../../source_code/rtl/rx_client_fifo.v(51)
HDL-5370 WARNING: parameter 'QUEUE3_s' becomes localparam in 'rx_client_fifo' with formal parameter declaration list in ../../source_code/rtl/rx_client_fifo.v(52)
HDL-5370 WARNING: parameter 'QUEUE_SOF_s' becomes localparam in 'rx_client_fifo' with formal parameter declaration list in ../../source_code/rtl/rx_client_fifo.v(53)
HDL-5370 WARNING: parameter 'SOF_s' becomes localparam in 'rx_client_fifo' with formal parameter declaration list in ../../source_code/rtl/rx_client_fifo.v(54)
HDL-5370 WARNING: parameter 'DATA_s' becomes localparam in 'rx_client_fifo' with formal parameter declaration list in ../../source_code/rtl/rx_client_fifo.v(55)
HDL-5370 WARNING: parameter 'EOF_s' becomes localparam in 'rx_client_fifo' with formal parameter declaration list in ../../source_code/rtl/rx_client_fifo.v(56)
HDL-5370 WARNING: parameter 'IDLE_s' becomes localparam in 'rx_client_fifo' with formal parameter declaration list in ../../source_code/rtl/rx_client_fifo.v(62)
HDL-5370 WARNING: parameter 'FRAME_s' becomes localparam in 'rx_client_fifo' with formal parameter declaration list in ../../source_code/rtl/rx_client_fifo.v(63)
HDL-5370 Similar messages will be suppressed.
HDL-1007 : analyze verilog file ../../source_code/rtl/temac_block.v
HDL-1007 : analyze verilog file ../../source_code/rtl/temac_clk_gen.v
HDL-1007 : analyze verilog file ../../source_code/rtl/tx_client_fifo.v
HDL-5370 WARNING: parameter 'IDLE_s' becomes localparam in 'tx_client_fifo' with formal parameter declaration list in ../../source_code/rtl/tx_client_fifo.v(53)
HDL-5370 WARNING: parameter 'QUEUE1_s' becomes localparam in 'tx_client_fifo' with formal parameter declaration list in ../../source_code/rtl/tx_client_fifo.v(54)
HDL-5370 WARNING: parameter 'QUEUE2_s' becomes localparam in 'tx_client_fifo' with formal parameter declaration list in ../../source_code/rtl/tx_client_fifo.v(55)
HDL-5370 WARNING: parameter 'QUEUE3_s' becomes localparam in 'tx_client_fifo' with formal parameter declaration list in ../../source_code/rtl/tx_client_fifo.v(56)
HDL-5370 WARNING: parameter 'QUEUE_ACK_s' becomes localparam in 'tx_client_fifo' with formal parameter declaration list in ../../source_code/rtl/tx_client_fifo.v(57)
HDL-5370 WARNING: parameter 'WAIT_ACK_s' becomes localparam in 'tx_client_fifo' with formal parameter declaration list in ../../source_code/rtl/tx_client_fifo.v(58)
HDL-5370 WARNING: parameter 'FRAME_s' becomes localparam in 'tx_client_fifo' with formal parameter declaration list in ../../source_code/rtl/tx_client_fifo.v(59)
HDL-5370 WARNING: parameter 'DROP_s' becomes localparam in 'tx_client_fifo' with formal parameter declaration list in ../../source_code/rtl/tx_client_fifo.v(60)
HDL-5370 WARNING: parameter 'RETRANSMIT_s' becomes localparam in 'tx_client_fifo' with formal parameter declaration list in ../../source_code/rtl/tx_client_fifo.v(61)
HDL-5370 WARNING: parameter 'WAIT_s' becomes localparam in 'tx_client_fifo' with formal parameter declaration list in ../../source_code/rtl/tx_client_fifo.v(67)
HDL-5370 Similar messages will be suppressed.
HDL-1007 : analyze verilog file ../../source_code/rtl/tx_clk_en_gen.v
HDL-1007 : analyze verilog file ../../source_code/rtl/udp_data_tpg.v
HDL-1007 : analyze verilog file ../../source_code/rtl/UDP_Example_Top.v
HDL-1007 : undeclared symbol 'use_sd_data', assumed default net type 'wire' in ../../source_code/rtl/UDP_Example_Top.v(271)
HDL-1007 : undeclared symbol 'phy_reset', assumed default net type 'wire' in ../../source_code/rtl/UDP_Example_Top.v(397)
HDL-5333 WARNING: data object 'rst_n' is already declared in ../../source_code/rtl/UDP_Example_Top.v(444)
HDL-1007 : previous declaration of 'rst_n' is from here in ../../source_code/rtl/UDP_Example_Top.v(246)
HDL-5007 WARNING: second declaration of 'rst_n' is ignored in ../../source_code/rtl/UDP_Example_Top.v(444)
HDL-1007 : undeclared symbol 'tpg_data_done', assumed default net type 'wire' in ../../source_code/rtl/UDP_Example_Top.v(550)
HDL-1007 : undeclared symbol 'vga_out_de', assumed default net type 'wire' in ../../source_code/rtl/UDP_Example_Top.v(583)
HDL-1007 : undeclared symbol 'rgb888_data', assumed default net type 'wire' in ../../source_code/rtl/UDP_Example_Top.v(585)
HDL-1007 : undeclared symbol 'video_read_req', assumed default net type 'wire' in ../../source_code/rtl/UDP_Example_Top.v(595)
HDL-1007 : undeclared symbol 'video_read_req_ack', assumed default net type 'wire' in ../../source_code/rtl/UDP_Example_Top.v(596)
HDL-1007 : undeclared symbol 'hs', assumed default net type 'wire' in ../../source_code/rtl/UDP_Example_Top.v(618)
HDL-1007 : undeclared symbol 'vs', assumed default net type 'wire' in ../../source_code/rtl/UDP_Example_Top.v(619)
HDL-1007 : undeclared symbol 'de', assumed default net type 'wire' in ../../source_code/rtl/UDP_Example_Top.v(620)
HDL-1007 : analyze verilog file ../../source_code/rtl/udp_ip_protocol_stack_merge.enc.v
HDL-1007 : back to file '../../source_code/rtl/udp_ip_protocol_stack_merge.enc.v' in ../../source_code/rtl/udp_ip_protocol_stack_merge.enc.v(56)
HDL-1007 : undeclared symbol '**', assumed default net type '**' in ../../source_code/rtl/udp_ip_protocol_stack_merge.enc.v(2638)
HDL-1007 : back to file '../../source_code/rtl/udp_ip_protocol_stack_merge.enc.v' in ../../source_code/rtl/udp_ip_protocol_stack_merge.enc.v(420)
HDL-1007 : analyze verilog file ../../source_code/rtl/udp_loopback.v
HDL-1007 : analyze verilog file ../../source_code/rtl/sdr/rtl/app_wrrd.v
HDL-1007 : analyze included file ../../source_code/rtl/sdr/rtl/../include/global_def.v in ../../source_code/rtl/sdr/rtl/app_wrrd.v(10)
HDL-1007 : back to file '../../source_code/rtl/sdr/rtl/app_wrrd.v' in ../../source_code/rtl/sdr/rtl/app_wrrd.v(10)
HDL-5372 WARNING: redeclaration of ANSI port 'full_flag' is not allowed in ../../source_code/rtl/sdr/rtl/app_wrrd.v(61)
HDL-1007 : undeclared symbol 'afull', assumed default net type 'wire' in ../../source_code/rtl/sdr/rtl/app_wrrd.v(74)
HDL-1007 : undeclared symbol 'aempty', assumed default net type 'wire' in ../../source_code/rtl/sdr/rtl/app_wrrd.v(75)
HDL-1007 : undeclared symbol 'wrusedw', assumed default net type 'wire' in ../../source_code/rtl/sdr/rtl/app_wrrd.v(76)
HDL-5333 WARNING: data object 'w_addr_cnt' is already declared in ../../source_code/rtl/sdr/rtl/app_wrrd.v(139)
HDL-1007 : previous declaration of 'w_addr_cnt' is from here in ../../source_code/rtl/sdr/rtl/app_wrrd.v(38)
HDL-5007 WARNING: second declaration of 'w_addr_cnt' is ignored in ../../source_code/rtl/sdr/rtl/app_wrrd.v(139)
HDL-1007 : analyze verilog file ../../source_code/rtl/sdr/rtl/sdram_top.v
HDL-1007 : analyze included file ../../source_code/rtl/sdr/rtl/../include/global_def.v in ../../source_code/rtl/sdr/rtl/sdram_top.v(10)
HDL-1007 : back to file '../../source_code/rtl/sdr/rtl/sdram_top.v' in ../../source_code/rtl/sdr/rtl/sdram_top.v(10)
HDL-1007 : undeclared symbol 'Rst_n', assumed default net type 'wire' in ../../source_code/rtl/sdr/rtl/sdram_top.v(70)
HDL-5372 WARNING: redeclaration of ANSI port 'wr_done' is not allowed in ../../source_code/rtl/sdr/rtl/sdram_top.v(73)
HDL-1007 : undeclared symbol 'SDR_CKE', assumed default net type 'wire' in ../../source_code/rtl/sdr/rtl/sdram_top.v(132)
HDL-1007 : analyze verilog file ../../source_code/rtl/sd/sd_ctrl_top.v
HDL-1007 : analyze verilog file ../../source_code/rtl/sd/sd_init.v
HDL-1007 : analyze verilog file ../../source_code/rtl/sd/sd_read.v
HDL-1007 : analyze verilog file ../../source_code/rtl/sd/sd_read_photo.v
HDL-1007 : analyze verilog file ../../source_code/rtl/sdr/rtl/enc_file/sdr_as_ram.enc.v
HDL-1007 : back to file '../../source_code/rtl/sdr/rtl/enc_file/sdr_as_ram.enc.v' in ../../source_code/rtl/sdr/rtl/enc_file/sdr_as_ram.enc.v(45)
HDL-1007 : analyze verilog file ../../source_code/rtl/sdr/rtl/enc_file/sdr_init_ref.enc.v
HDL-1007 : undeclared symbol '**', assumed default net type '**' in ../../source_code/rtl/sdr/rtl/enc_file/sdr_init_ref.enc.v(57)
HDL-1007 : back to file '../../source_code/rtl/sdr/rtl/enc_file/sdr_init_ref.enc.v' in ../../source_code/rtl/sdr/rtl/enc_file/sdr_init_ref.enc.v(148)
HDL-5007 WARNING: concatenation with an unsized literal will be treated as 32 bits in ../../source_code/rtl/sdr/rtl/enc_file/sdr_init_ref.enc.v(47)
HDL-1007 : analyze verilog file ../../source_code/rtl/sdr/rtl/enc_file/sdr_wrrd.enc.v
HDL-5007 WARNING: concatenation with an unsized literal will be treated as 32 bits in ../../source_code/rtl/sdr/rtl/enc_file/sdr_wrrd.enc.v(283)
HDL-1007 : back to file '../../source_code/rtl/sdr/rtl/enc_file/sdr_wrrd.enc.v' in ../../source_code/rtl/sdr/rtl/enc_file/sdr_wrrd.enc.v(19)
HDL-1007 : analyze verilog file ../../source_code/rtl/camera_data_gen.v
HDL-1007 : analyze verilog file ../../source_code/rtl/ov5640/ov5640_dri.v
HDL-1007 : analyze verilog file ../../source_code/rtl/ov5640/ov5640_delay.v
HDL-1007 : analyze verilog file ../../source_code/rtl/ov5640/i2c_ov5640_rgb565_cfg.v
HDL-1007 : analyze verilog file ../../source_code/rtl/ov5640/i2c_dri.v
HDL-1007 : analyze verilog file ../../source_code/rtl/ov5640/cmos_capture_data.v
HDL-1007 : analyze verilog file ../../source_code/rtl/sdram_write_static_sel.v
HDL-1007 : analyze verilog file ../../source_code/rtl/uart/cmd_ctrl.v
HDL-1007 : analyze verilog file ../../source_code/rtl/uart/uart_rx.v
HDL-1007 : analyze verilog file ../../source_code/rtl/uart/uart_test.v
HDL-1007 : analyze verilog file ../../source_code/rtl/uart/uart_tx.v
HDL-1007 : analyze verilog file ../../source_code/rtl/display/color_bar.v
HDL-1007 : analyze included file ../../source_code/rtl/display/video_define.v in ../../source_code/rtl/display/color_bar.v(1)
HDL-1007 : back to file '../../source_code/rtl/display/color_bar.v' in ../../source_code/rtl/display/color_bar.v(1)
HDL-1007 : analyze verilog file ../../source_code/rtl/display/video_delay.v
HDL-1007 : analyze verilog file ../../source_code/rtl/display/video_timing_data.v
HDL-1007 : analyze verilog file ../../source_code/rtl/sdram_read_align.v
HDL-1007 : analyze VHDL file ../../source_code/rtl/hdmi/hdmi_tx.vhd
HDL-1007 : analyze entity hdmi_tx in ../../source_code/rtl/hdmi/hdmi_tx.vhd(11)
HDL-1007 : analyze architecture behavioral in ../../source_code/rtl/hdmi/hdmi_tx.vhd(33)
HDL-1007 : analyze verilog file ../../source_code/rtl/sd/sd_card_ctrl.v
HDL-1007 : analyze VHDL file ../../source_code/rtl/hdmi/enc_file/DVITransmitter.enc.vhd
HDL-1007 : analyze entity dvitransmitter in ../../source_code/rtl/hdmi/enc_file/DVITransmitter.enc.vhd(13)
HDL-1007 : analyze architecture ** in ../../source_code/rtl/hdmi/enc_file/DVITransmitter.enc.vhd(2)
HDL-1007 : analyze VHDL file ../../source_code/rtl/hdmi/enc_file/SerializerN_1_lvds.enc.vhd
HDL-1007 : analyze entity ** in ../../source_code/rtl/hdmi/enc_file/SerializerN_1_lvds.enc.vhd(12)
HDL-1007 : analyze architecture ** in ../../source_code/rtl/hdmi/enc_file/SerializerN_1_lvds.enc.vhd(25)
HDL-1007 : analyze VHDL file ../../source_code/rtl/hdmi/enc_file/SerializerN_1_lvds_dat.enc.vhd
HDL-1007 : analyze entity ** in ../../source_code/rtl/hdmi/enc_file/SerializerN_1_lvds_dat.enc.vhd(14)
HDL-1007 : analyze architecture ** in ../../source_code/rtl/hdmi/enc_file/SerializerN_1_lvds_dat.enc.vhd(28)
HDL-1007 : analyze VHDL file ../../source_code/rtl/hdmi/enc_file/TMDSEncoder.enc.vhd
HDL-1007 : analyze entity ** in ../../source_code/rtl/hdmi/enc_file/TMDSEncoder.enc.vhd(13)
HDL-1007 : analyze architecture ** in ../../source_code/rtl/hdmi/enc_file/TMDSEncoder.enc.vhd(24)
PRJ-1410 : Run phy_1 success.
RUN-1002 : start command "save_best_bits"
PRJ-1424 : The implemented result of phy_1 is saved as best result.
RUN-1002 : start command "import_db D:/Anlu/double_fpga_udp/tx/sdram_switch/UDP_EG4_6.2/prj/UDP_EXAMPLE/UDP_EXAMPLE_Runs/phy_1/UDP_EXAMPLE_pr.db"
RUN-1001 : Importing database generated by Tang Dynasty, V6.2.168116.
RUN-1001 : Database version number 46207
RUN-1001 : Import flow parameters
RUN-1001 : Import netlist
PHY-1001 : Generate detailed routing grids ...
PHY-1001 : End build routing graph; 3.551042s wall, 3.500000s user + 0.281250s system = 3.781250s CPU (106.5%)

PHY-1001 : Processed IO instance sd_miso_syn_4 with INV attribute.
PHY-1001 : Build lut bridge;  0.101165s wall, 0.078125s user + 0.015625s system = 0.093750s CPU (92.7%)

PHY-1001 : Generate nets ...
PHY-1001 : net cam_pclk_dup_1 will be routed on clock mesh
PHY-1001 : net clk_50_dup_1 will be routed on clock mesh
PHY-1001 : net clk_50m_180deg will be routed on clock mesh
PHY-1001 : clock net temac_clk will be merged with clock u_clk_gen/u_pll_0/clk0_buf
PHY-1001 : net temac_clk90 will be routed on clock mesh
PHY-1001 : net udp_clk will be routed on clock mesh
PHY-1001 : clock net t3_sdram/u0_clk/clk0_out will be merged with clock t3_sdram/u0_clk/clk0_buf
PHY-1001 : net t3_sdram/u1_app_wrrd/clk will be routed on clock mesh
PHY-1001 : net t3_sdram/u1_app_wrrd/sd_clk will be routed on clock mesh
PHY-1001 : net t3_sdram/u2_ram/SDRAM_CLK will be routed on clock mesh
PHY-1001 : net u3_hdmi_tx/Inst_DVITransmitter/PCLK_I will be routed on clock mesh
PHY-1001 : clock net cwc_jtck_syn_2 will be merged with clock cwc_jtck
PHY-1001 : net auto_created_cwc1/wrapper_cwc_top/U_cwc_ram/clka will be routed on clock mesh
PHY-1001 : clock net u4_trimac_block/rx_clk will be merged with clock u4_trimac_block/u1_rgmii_interface/rgmii_rxc
PHY-1001 : clock net u_sdram_write_sel/clk_cfg will be merged with clock u_pll_50/clk0_buf
PHY-1001 : clock net u_rx_pll/clk0_out will be merged with clock u_rx_pll/clk0_buf
PHY-1001 : eco open net = 0
PHY-1001 : 222 feed throughs used by 189 nets
RUN-1001 : Import phy database
RUN-1001 : Import timing constraints
RUN-1001 : Import IO constraints
RUN-1001 : Import Inst constraints
RUN-1001 : Import ChipWatcher
RUN-1001 : Import design success TD_VERSION=6.2.168116 , DB_VERSION=46207
RUN-1003 : finish command "import_db D:/Anlu/double_fpga_udp/tx/sdram_switch/UDP_EG4_6.2/prj/UDP_EXAMPLE/UDP_EXAMPLE_Runs/phy_1/UDP_EXAMPLE_pr.db" in  6.960833s wall, 6.718750s user + 0.718750s system = 7.437500s CPU (106.8%)

RUN-1004 : used memory is 646 MB, reserved memory is 704 MB, peak memory is 689 MB
RUN-1002 : start command "commit_param -step design"
RUN-1001 : Print Global Property
RUN-1001 : --------------------------------------------------------
RUN-1001 :   Parameters   |  Settings  |  Default Values  |  Note  
RUN-1001 : --------------------------------------------------------
RUN-1001 :   enable_seed  |    off     |       off        |        
RUN-1001 :     message    |  standard  |     standard     |        
RUN-1001 :   qor_monitor  |     on     |        on        |        
RUN-1001 :   syn_ip_flow  |    off     |       off        |        
RUN-1001 :     thread     |    auto    |       auto       |        
RUN-1001 : --------------------------------------------------------
RUN-1001 : Print Design Property
RUN-1001 : ----------------------------------------------------------------
RUN-1001 :       Parameters       |  Settings  |  Default Values  |  Note  
RUN-1001 : ----------------------------------------------------------------
RUN-1001 :   default_reg_initial  |    auto    |       auto       |        
RUN-1001 :    hdl_warning_level   |   normal   |      normal      |        
RUN-1001 : ----------------------------------------------------------------
HDL-1007 : analyze verilog file al_ip/TEMAC_CORE/RTL/mac_core_aead6cd6dadd.v
HDL-1007 : analyze verilog file al_ip/TEMAC_CORE/RTL/TEMAC_CORE_aead6cd6dadd.v
HDL-5007 WARNING: column 1032 exceeds maximum value 1023 in al_ip/TEMAC_CORE/RTL/TEMAC_CORE_aead6cd6dadd.v(30)
HDL-1007 : back to file 'al_ip/TEMAC_CORE/RTL/TEMAC_CORE_aead6cd6dadd.v' in al_ip/TEMAC_CORE/RTL/TEMAC_CORE_aead6cd6dadd.v(86)
HDL-5007 WARNING: event expressions must result in a singular type in al_ip/TEMAC_CORE/RTL/TEMAC_CORE_aead6cd6dadd.v(3001)
HDL-1007 : undeclared symbol '**', assumed default net type '**' in al_ip/TEMAC_CORE/RTL/TEMAC_CORE_aead6cd6dadd.v(5050)
HDL-1007 : undeclared symbol '**', assumed default net type '**' in al_ip/TEMAC_CORE/RTL/TEMAC_CORE_aead6cd6dadd.v(5458)
HDL-5007 WARNING: column 1035 exceeds maximum value 1023 in al_ip/TEMAC_CORE/RTL/TEMAC_CORE_aead6cd6dadd.v(6001)
HDL-1007 : back to file 'al_ip/TEMAC_CORE/RTL/TEMAC_CORE_aead6cd6dadd.v' in al_ip/TEMAC_CORE/RTL/TEMAC_CORE_aead6cd6dadd.v(260)
HDL-1007 : analyze verilog file al_ip/TEMAC_CORE/TEMAC_CORE.v
HDL-1007 : analyze verilog file al_ip/clk_pll.v
HDL-1007 : undeclared symbol 'clk_pll_open0', assumed default net type 'wire' in al_ip/clk_pll.v(92)
HDL-1007 : undeclared symbol 'clk_pll_open8', assumed default net type 'wire' in al_ip/clk_pll.v(98)
HDL-1007 : undeclared symbol 'clk_pll_open7', assumed default net type 'wire' in al_ip/clk_pll.v(98)
HDL-1007 : undeclared symbol 'clk_pll_open6', assumed default net type 'wire' in al_ip/clk_pll.v(98)
HDL-1007 : undeclared symbol 'clk_pll_open5', assumed default net type 'wire' in al_ip/clk_pll.v(98)
HDL-1007 : undeclared symbol 'clk_pll_open4', assumed default net type 'wire' in al_ip/clk_pll.v(98)
HDL-1007 : undeclared symbol 'clk_pll_open3', assumed default net type 'wire' in al_ip/clk_pll.v(98)
HDL-1007 : undeclared symbol 'clk_pll_open2', assumed default net type 'wire' in al_ip/clk_pll.v(98)
HDL-1007 : undeclared symbol 'clk_pll_open1', assumed default net type 'wire' in al_ip/clk_pll.v(98)
HDL-1007 : undeclared symbol 'clk_pll_open9', assumed default net type 'wire' in al_ip/clk_pll.v(100)
HDL-1007 : analyze verilog file al_ip/fifo_sdr_data_2.v
HDL-1007 : analyze verilog file al_ip/pll_50.v
HDL-1007 : undeclared symbol 'open', assumed default net type 'wire' in al_ip/pll_50.v(85)
HDL-1007 : analyze verilog file al_ip/pll_gen.v
HDL-1007 : undeclared symbol 'pll_gen_open0', assumed default net type 'wire' in al_ip/pll_gen.v(99)
HDL-1007 : undeclared symbol 'pll_gen_open8', assumed default net type 'wire' in al_ip/pll_gen.v(105)
HDL-1007 : undeclared symbol 'pll_gen_open7', assumed default net type 'wire' in al_ip/pll_gen.v(105)
HDL-1007 : undeclared symbol 'pll_gen_open6', assumed default net type 'wire' in al_ip/pll_gen.v(105)
HDL-1007 : undeclared symbol 'pll_gen_open5', assumed default net type 'wire' in al_ip/pll_gen.v(105)
HDL-1007 : undeclared symbol 'pll_gen_open4', assumed default net type 'wire' in al_ip/pll_gen.v(105)
HDL-1007 : undeclared symbol 'pll_gen_open3', assumed default net type 'wire' in al_ip/pll_gen.v(105)
HDL-1007 : undeclared symbol 'pll_gen_open2', assumed default net type 'wire' in al_ip/pll_gen.v(105)
HDL-1007 : undeclared symbol 'pll_gen_open1', assumed default net type 'wire' in al_ip/pll_gen.v(105)
HDL-1007 : analyze verilog file al_ip/rx_pll.v
HDL-1007 : undeclared symbol 'open', assumed default net type 'wire' in al_ip/rx_pll.v(78)
HDL-1007 : analyze verilog file ../../source_code/rtl/BUFGMUX.v
HDL-1007 : analyze verilog file ../../source_code/rtl/clk_gen_rst_gen.v
HDL-1007 : analyze verilog file ../../source_code/rtl/div_clk_gen.v
HDL-1007 : analyze verilog file ../../source_code/rtl/IDDR.v
HDL-1007 : analyze verilog file ../../source_code/rtl/ODDR.v
HDL-1007 : analyze verilog file ../../source_code/rtl/RAMB16_S9_S9.v
HDL-1007 : undeclared symbol 'open', assumed default net type 'wire' in ../../source_code/rtl/RAMB16_S9_S9.v(109)
HDL-1007 : analyze verilog file ../../source_code/rtl/rgmii_interface.v
HDL-1007 : analyze verilog file ../../source_code/rtl/rx_client_fifo.v
HDL-5370 WARNING: parameter 'WAIT_s' becomes localparam in 'rx_client_fifo' with formal parameter declaration list in ../../source_code/rtl/rx_client_fifo.v(49)
HDL-5370 WARNING: parameter 'QUEUE1_s' becomes localparam in 'rx_client_fifo' with formal parameter declaration list in ../../source_code/rtl/rx_client_fifo.v(50)
HDL-5370 WARNING: parameter 'QUEUE2_s' becomes localparam in 'rx_client_fifo' with formal parameter declaration list in ../../source_code/rtl/rx_client_fifo.v(51)
HDL-5370 WARNING: parameter 'QUEUE3_s' becomes localparam in 'rx_client_fifo' with formal parameter declaration list in ../../source_code/rtl/rx_client_fifo.v(52)
HDL-5370 WARNING: parameter 'QUEUE_SOF_s' becomes localparam in 'rx_client_fifo' with formal parameter declaration list in ../../source_code/rtl/rx_client_fifo.v(53)
HDL-5370 WARNING: parameter 'SOF_s' becomes localparam in 'rx_client_fifo' with formal parameter declaration list in ../../source_code/rtl/rx_client_fifo.v(54)
HDL-5370 WARNING: parameter 'DATA_s' becomes localparam in 'rx_client_fifo' with formal parameter declaration list in ../../source_code/rtl/rx_client_fifo.v(55)
HDL-5370 WARNING: parameter 'EOF_s' becomes localparam in 'rx_client_fifo' with formal parameter declaration list in ../../source_code/rtl/rx_client_fifo.v(56)
HDL-5370 WARNING: parameter 'IDLE_s' becomes localparam in 'rx_client_fifo' with formal parameter declaration list in ../../source_code/rtl/rx_client_fifo.v(62)
HDL-5370 WARNING: parameter 'FRAME_s' becomes localparam in 'rx_client_fifo' with formal parameter declaration list in ../../source_code/rtl/rx_client_fifo.v(63)
HDL-5370 Similar messages will be suppressed.
HDL-1007 : analyze verilog file ../../source_code/rtl/temac_block.v
HDL-1007 : analyze verilog file ../../source_code/rtl/temac_clk_gen.v
HDL-1007 : analyze verilog file ../../source_code/rtl/tx_client_fifo.v
HDL-5370 WARNING: parameter 'IDLE_s' becomes localparam in 'tx_client_fifo' with formal parameter declaration list in ../../source_code/rtl/tx_client_fifo.v(53)
HDL-5370 WARNING: parameter 'QUEUE1_s' becomes localparam in 'tx_client_fifo' with formal parameter declaration list in ../../source_code/rtl/tx_client_fifo.v(54)
HDL-5370 WARNING: parameter 'QUEUE2_s' becomes localparam in 'tx_client_fifo' with formal parameter declaration list in ../../source_code/rtl/tx_client_fifo.v(55)
HDL-5370 WARNING: parameter 'QUEUE3_s' becomes localparam in 'tx_client_fifo' with formal parameter declaration list in ../../source_code/rtl/tx_client_fifo.v(56)
HDL-5370 WARNING: parameter 'QUEUE_ACK_s' becomes localparam in 'tx_client_fifo' with formal parameter declaration list in ../../source_code/rtl/tx_client_fifo.v(57)
HDL-5370 WARNING: parameter 'WAIT_ACK_s' becomes localparam in 'tx_client_fifo' with formal parameter declaration list in ../../source_code/rtl/tx_client_fifo.v(58)
HDL-5370 WARNING: parameter 'FRAME_s' becomes localparam in 'tx_client_fifo' with formal parameter declaration list in ../../source_code/rtl/tx_client_fifo.v(59)
HDL-5370 WARNING: parameter 'DROP_s' becomes localparam in 'tx_client_fifo' with formal parameter declaration list in ../../source_code/rtl/tx_client_fifo.v(60)
HDL-5370 WARNING: parameter 'RETRANSMIT_s' becomes localparam in 'tx_client_fifo' with formal parameter declaration list in ../../source_code/rtl/tx_client_fifo.v(61)
HDL-5370 WARNING: parameter 'WAIT_s' becomes localparam in 'tx_client_fifo' with formal parameter declaration list in ../../source_code/rtl/tx_client_fifo.v(67)
HDL-5370 Similar messages will be suppressed.
HDL-1007 : analyze verilog file ../../source_code/rtl/tx_clk_en_gen.v
HDL-1007 : analyze verilog file ../../source_code/rtl/udp_data_tpg.v
HDL-1007 : analyze verilog file ../../source_code/rtl/UDP_Example_Top.v
HDL-1007 : undeclared symbol 'use_sd_data', assumed default net type 'wire' in ../../source_code/rtl/UDP_Example_Top.v(271)
HDL-1007 : undeclared symbol 'phy_reset', assumed default net type 'wire' in ../../source_code/rtl/UDP_Example_Top.v(397)
HDL-5333 WARNING: data object 'rst_n' is already declared in ../../source_code/rtl/UDP_Example_Top.v(444)
HDL-1007 : previous declaration of 'rst_n' is from here in ../../source_code/rtl/UDP_Example_Top.v(246)
HDL-5007 WARNING: second declaration of 'rst_n' is ignored in ../../source_code/rtl/UDP_Example_Top.v(444)
HDL-1007 : undeclared symbol 'tpg_data_done', assumed default net type 'wire' in ../../source_code/rtl/UDP_Example_Top.v(550)
HDL-1007 : undeclared symbol 'vga_out_de', assumed default net type 'wire' in ../../source_code/rtl/UDP_Example_Top.v(583)
HDL-1007 : undeclared symbol 'rgb888_data', assumed default net type 'wire' in ../../source_code/rtl/UDP_Example_Top.v(585)
HDL-1007 : undeclared symbol 'video_read_req', assumed default net type 'wire' in ../../source_code/rtl/UDP_Example_Top.v(595)
HDL-1007 : undeclared symbol 'video_read_req_ack', assumed default net type 'wire' in ../../source_code/rtl/UDP_Example_Top.v(596)
HDL-1007 : undeclared symbol 'hs', assumed default net type 'wire' in ../../source_code/rtl/UDP_Example_Top.v(618)
HDL-1007 : undeclared symbol 'vs', assumed default net type 'wire' in ../../source_code/rtl/UDP_Example_Top.v(619)
HDL-1007 : undeclared symbol 'de', assumed default net type 'wire' in ../../source_code/rtl/UDP_Example_Top.v(620)
HDL-1007 : analyze verilog file ../../source_code/rtl/udp_ip_protocol_stack_merge.enc.v
HDL-1007 : back to file '../../source_code/rtl/udp_ip_protocol_stack_merge.enc.v' in ../../source_code/rtl/udp_ip_protocol_stack_merge.enc.v(56)
HDL-1007 : undeclared symbol '**', assumed default net type '**' in ../../source_code/rtl/udp_ip_protocol_stack_merge.enc.v(2638)
HDL-1007 : back to file '../../source_code/rtl/udp_ip_protocol_stack_merge.enc.v' in ../../source_code/rtl/udp_ip_protocol_stack_merge.enc.v(420)
HDL-1007 : analyze verilog file ../../source_code/rtl/udp_loopback.v
HDL-1007 : analyze verilog file ../../source_code/rtl/sdr/rtl/app_wrrd.v
HDL-1007 : analyze included file ../../source_code/rtl/sdr/rtl/../include/global_def.v in ../../source_code/rtl/sdr/rtl/app_wrrd.v(10)
HDL-1007 : back to file '../../source_code/rtl/sdr/rtl/app_wrrd.v' in ../../source_code/rtl/sdr/rtl/app_wrrd.v(10)
HDL-5372 WARNING: redeclaration of ANSI port 'full_flag' is not allowed in ../../source_code/rtl/sdr/rtl/app_wrrd.v(61)
HDL-1007 : undeclared symbol 'afull', assumed default net type 'wire' in ../../source_code/rtl/sdr/rtl/app_wrrd.v(74)
HDL-1007 : undeclared symbol 'aempty', assumed default net type 'wire' in ../../source_code/rtl/sdr/rtl/app_wrrd.v(75)
HDL-1007 : undeclared symbol 'wrusedw', assumed default net type 'wire' in ../../source_code/rtl/sdr/rtl/app_wrrd.v(76)
HDL-5333 WARNING: data object 'w_addr_cnt' is already declared in ../../source_code/rtl/sdr/rtl/app_wrrd.v(139)
HDL-1007 : previous declaration of 'w_addr_cnt' is from here in ../../source_code/rtl/sdr/rtl/app_wrrd.v(38)
HDL-5007 WARNING: second declaration of 'w_addr_cnt' is ignored in ../../source_code/rtl/sdr/rtl/app_wrrd.v(139)
HDL-1007 : analyze verilog file ../../source_code/rtl/sdr/rtl/sdram_top.v
HDL-1007 : analyze included file ../../source_code/rtl/sdr/rtl/../include/global_def.v in ../../source_code/rtl/sdr/rtl/sdram_top.v(10)
HDL-1007 : back to file '../../source_code/rtl/sdr/rtl/sdram_top.v' in ../../source_code/rtl/sdr/rtl/sdram_top.v(10)
HDL-1007 : undeclared symbol 'Rst_n', assumed default net type 'wire' in ../../source_code/rtl/sdr/rtl/sdram_top.v(70)
HDL-5372 WARNING: redeclaration of ANSI port 'wr_done' is not allowed in ../../source_code/rtl/sdr/rtl/sdram_top.v(73)
HDL-1007 : undeclared symbol 'SDR_CKE', assumed default net type 'wire' in ../../source_code/rtl/sdr/rtl/sdram_top.v(132)
HDL-1007 : analyze verilog file ../../source_code/rtl/sd/sd_ctrl_top.v
HDL-1007 : analyze verilog file ../../source_code/rtl/sd/sd_init.v
HDL-1007 : analyze verilog file ../../source_code/rtl/sd/sd_read.v
HDL-1007 : analyze verilog file ../../source_code/rtl/sd/sd_read_photo.v
HDL-1007 : analyze verilog file ../../source_code/rtl/sdr/rtl/enc_file/sdr_as_ram.enc.v
HDL-1007 : back to file '../../source_code/rtl/sdr/rtl/enc_file/sdr_as_ram.enc.v' in ../../source_code/rtl/sdr/rtl/enc_file/sdr_as_ram.enc.v(45)
HDL-1007 : analyze verilog file ../../source_code/rtl/sdr/rtl/enc_file/sdr_init_ref.enc.v
HDL-1007 : undeclared symbol '**', assumed default net type '**' in ../../source_code/rtl/sdr/rtl/enc_file/sdr_init_ref.enc.v(57)
HDL-1007 : back to file '../../source_code/rtl/sdr/rtl/enc_file/sdr_init_ref.enc.v' in ../../source_code/rtl/sdr/rtl/enc_file/sdr_init_ref.enc.v(148)
HDL-5007 WARNING: concatenation with an unsized literal will be treated as 32 bits in ../../source_code/rtl/sdr/rtl/enc_file/sdr_init_ref.enc.v(47)
HDL-1007 : analyze verilog file ../../source_code/rtl/sdr/rtl/enc_file/sdr_wrrd.enc.v
HDL-5007 WARNING: concatenation with an unsized literal will be treated as 32 bits in ../../source_code/rtl/sdr/rtl/enc_file/sdr_wrrd.enc.v(283)
HDL-1007 : back to file '../../source_code/rtl/sdr/rtl/enc_file/sdr_wrrd.enc.v' in ../../source_code/rtl/sdr/rtl/enc_file/sdr_wrrd.enc.v(19)
HDL-1007 : analyze verilog file ../../source_code/rtl/camera_data_gen.v
HDL-1007 : analyze verilog file ../../source_code/rtl/ov5640/ov5640_dri.v
HDL-1007 : analyze verilog file ../../source_code/rtl/ov5640/ov5640_delay.v
HDL-1007 : analyze verilog file ../../source_code/rtl/ov5640/i2c_ov5640_rgb565_cfg.v
HDL-1007 : analyze verilog file ../../source_code/rtl/ov5640/i2c_dri.v
HDL-1007 : analyze verilog file ../../source_code/rtl/ov5640/cmos_capture_data.v
HDL-1007 : analyze verilog file ../../source_code/rtl/sdram_write_static_sel.v
HDL-1007 : analyze verilog file ../../source_code/rtl/uart/cmd_ctrl.v
HDL-1007 : analyze verilog file ../../source_code/rtl/uart/uart_rx.v
HDL-1007 : analyze verilog file ../../source_code/rtl/uart/uart_test.v
HDL-1007 : analyze verilog file ../../source_code/rtl/uart/uart_tx.v
HDL-1007 : analyze verilog file ../../source_code/rtl/display/color_bar.v
HDL-1007 : analyze included file ../../source_code/rtl/display/video_define.v in ../../source_code/rtl/display/color_bar.v(1)
HDL-1007 : back to file '../../source_code/rtl/display/color_bar.v' in ../../source_code/rtl/display/color_bar.v(1)
HDL-1007 : analyze verilog file ../../source_code/rtl/display/video_delay.v
HDL-1007 : analyze verilog file ../../source_code/rtl/display/video_timing_data.v
HDL-1007 : analyze verilog file ../../source_code/rtl/sdram_read_align.v
HDL-1007 : analyze VHDL file ../../source_code/rtl/hdmi/hdmi_tx.vhd
HDL-1007 : analyze entity hdmi_tx in ../../source_code/rtl/hdmi/hdmi_tx.vhd(11)
HDL-1007 : analyze architecture behavioral in ../../source_code/rtl/hdmi/hdmi_tx.vhd(33)
HDL-1007 : analyze verilog file ../../source_code/rtl/sd/sd_card_ctrl.v
HDL-1007 : analyze VHDL file ../../source_code/rtl/hdmi/enc_file/DVITransmitter.enc.vhd
HDL-1007 : analyze entity dvitransmitter in ../../source_code/rtl/hdmi/enc_file/DVITransmitter.enc.vhd(13)
HDL-1007 : analyze architecture ** in ../../source_code/rtl/hdmi/enc_file/DVITransmitter.enc.vhd(2)
HDL-1007 : analyze VHDL file ../../source_code/rtl/hdmi/enc_file/SerializerN_1_lvds.enc.vhd
HDL-1007 : analyze entity ** in ../../source_code/rtl/hdmi/enc_file/SerializerN_1_lvds.enc.vhd(12)
HDL-1007 : analyze architecture ** in ../../source_code/rtl/hdmi/enc_file/SerializerN_1_lvds.enc.vhd(25)
HDL-1007 : analyze VHDL file ../../source_code/rtl/hdmi/enc_file/SerializerN_1_lvds_dat.enc.vhd
HDL-1007 : analyze entity ** in ../../source_code/rtl/hdmi/enc_file/SerializerN_1_lvds_dat.enc.vhd(14)
HDL-1007 : analyze architecture ** in ../../source_code/rtl/hdmi/enc_file/SerializerN_1_lvds_dat.enc.vhd(28)
HDL-1007 : analyze VHDL file ../../source_code/rtl/hdmi/enc_file/TMDSEncoder.enc.vhd
HDL-1007 : analyze entity ** in ../../source_code/rtl/hdmi/enc_file/TMDSEncoder.enc.vhd(13)
HDL-1007 : analyze architecture ** in ../../source_code/rtl/hdmi/enc_file/TMDSEncoder.enc.vhd(24)
RUN-1002 : start command "commit_param -step design"
RUN-1001 : Print Global Property
RUN-1001 : --------------------------------------------------------
RUN-1001 :   Parameters   |  Settings  |  Default Values  |  Note  
RUN-1001 : --------------------------------------------------------
RUN-1001 :   enable_seed  |    off     |       off        |        
RUN-1001 :     message    |  standard  |     standard     |        
RUN-1001 :   qor_monitor  |     on     |        on        |        
RUN-1001 :   syn_ip_flow  |    off     |       off        |        
RUN-1001 :     thread     |    auto    |       auto       |        
RUN-1001 : --------------------------------------------------------
RUN-1001 : Print Design Property
RUN-1001 : ----------------------------------------------------------------
RUN-1001 :       Parameters       |  Settings  |  Default Values  |  Note  
RUN-1001 : ----------------------------------------------------------------
RUN-1001 :   default_reg_initial  |    auto    |       auto       |        
RUN-1001 :    hdl_warning_level   |   normal   |      normal      |        
RUN-1001 : ----------------------------------------------------------------
HDL-1007 : analyze verilog file al_ip/TEMAC_CORE/RTL/mac_core_aead6cd6dadd.v
HDL-1007 : analyze verilog file al_ip/TEMAC_CORE/RTL/TEMAC_CORE_aead6cd6dadd.v
HDL-5007 WARNING: column 1032 exceeds maximum value 1023 in al_ip/TEMAC_CORE/RTL/TEMAC_CORE_aead6cd6dadd.v(30)
HDL-1007 : back to file 'al_ip/TEMAC_CORE/RTL/TEMAC_CORE_aead6cd6dadd.v' in al_ip/TEMAC_CORE/RTL/TEMAC_CORE_aead6cd6dadd.v(86)
HDL-5007 WARNING: event expressions must result in a singular type in al_ip/TEMAC_CORE/RTL/TEMAC_CORE_aead6cd6dadd.v(3001)
HDL-1007 : undeclared symbol '**', assumed default net type '**' in al_ip/TEMAC_CORE/RTL/TEMAC_CORE_aead6cd6dadd.v(5050)
HDL-1007 : undeclared symbol '**', assumed default net type '**' in al_ip/TEMAC_CORE/RTL/TEMAC_CORE_aead6cd6dadd.v(5458)
HDL-5007 WARNING: column 1035 exceeds maximum value 1023 in al_ip/TEMAC_CORE/RTL/TEMAC_CORE_aead6cd6dadd.v(6001)
HDL-1007 : back to file 'al_ip/TEMAC_CORE/RTL/TEMAC_CORE_aead6cd6dadd.v' in al_ip/TEMAC_CORE/RTL/TEMAC_CORE_aead6cd6dadd.v(260)
HDL-1007 : analyze verilog file al_ip/TEMAC_CORE/TEMAC_CORE.v
HDL-1007 : analyze verilog file al_ip/clk_pll.v
HDL-1007 : undeclared symbol 'clk_pll_open0', assumed default net type 'wire' in al_ip/clk_pll.v(92)
HDL-1007 : undeclared symbol 'clk_pll_open8', assumed default net type 'wire' in al_ip/clk_pll.v(98)
HDL-1007 : undeclared symbol 'clk_pll_open7', assumed default net type 'wire' in al_ip/clk_pll.v(98)
HDL-1007 : undeclared symbol 'clk_pll_open6', assumed default net type 'wire' in al_ip/clk_pll.v(98)
HDL-1007 : undeclared symbol 'clk_pll_open5', assumed default net type 'wire' in al_ip/clk_pll.v(98)
HDL-1007 : undeclared symbol 'clk_pll_open4', assumed default net type 'wire' in al_ip/clk_pll.v(98)
HDL-1007 : undeclared symbol 'clk_pll_open3', assumed default net type 'wire' in al_ip/clk_pll.v(98)
HDL-1007 : undeclared symbol 'clk_pll_open2', assumed default net type 'wire' in al_ip/clk_pll.v(98)
HDL-1007 : undeclared symbol 'clk_pll_open1', assumed default net type 'wire' in al_ip/clk_pll.v(98)
HDL-1007 : undeclared symbol 'clk_pll_open9', assumed default net type 'wire' in al_ip/clk_pll.v(100)
HDL-1007 : analyze verilog file al_ip/fifo_sdr_data_2.v
HDL-1007 : analyze verilog file al_ip/pll_50.v
HDL-1007 : undeclared symbol 'open', assumed default net type 'wire' in al_ip/pll_50.v(85)
HDL-1007 : analyze verilog file al_ip/pll_gen.v
HDL-1007 : undeclared symbol 'pll_gen_open0', assumed default net type 'wire' in al_ip/pll_gen.v(99)
HDL-1007 : undeclared symbol 'pll_gen_open8', assumed default net type 'wire' in al_ip/pll_gen.v(105)
HDL-1007 : undeclared symbol 'pll_gen_open7', assumed default net type 'wire' in al_ip/pll_gen.v(105)
HDL-1007 : undeclared symbol 'pll_gen_open6', assumed default net type 'wire' in al_ip/pll_gen.v(105)
HDL-1007 : undeclared symbol 'pll_gen_open5', assumed default net type 'wire' in al_ip/pll_gen.v(105)
HDL-1007 : undeclared symbol 'pll_gen_open4', assumed default net type 'wire' in al_ip/pll_gen.v(105)
HDL-1007 : undeclared symbol 'pll_gen_open3', assumed default net type 'wire' in al_ip/pll_gen.v(105)
HDL-1007 : undeclared symbol 'pll_gen_open2', assumed default net type 'wire' in al_ip/pll_gen.v(105)
HDL-1007 : undeclared symbol 'pll_gen_open1', assumed default net type 'wire' in al_ip/pll_gen.v(105)
HDL-1007 : analyze verilog file al_ip/rx_pll.v
HDL-1007 : undeclared symbol 'open', assumed default net type 'wire' in al_ip/rx_pll.v(78)
HDL-1007 : analyze verilog file ../../source_code/rtl/BUFGMUX.v
HDL-1007 : analyze verilog file ../../source_code/rtl/clk_gen_rst_gen.v
HDL-1007 : analyze verilog file ../../source_code/rtl/div_clk_gen.v
HDL-1007 : analyze verilog file ../../source_code/rtl/IDDR.v
HDL-1007 : analyze verilog file ../../source_code/rtl/ODDR.v
HDL-1007 : analyze verilog file ../../source_code/rtl/RAMB16_S9_S9.v
HDL-1007 : undeclared symbol 'open', assumed default net type 'wire' in ../../source_code/rtl/RAMB16_S9_S9.v(109)
HDL-1007 : analyze verilog file ../../source_code/rtl/rgmii_interface.v
HDL-1007 : analyze verilog file ../../source_code/rtl/rx_client_fifo.v
HDL-5370 WARNING: parameter 'WAIT_s' becomes localparam in 'rx_client_fifo' with formal parameter declaration list in ../../source_code/rtl/rx_client_fifo.v(49)
HDL-5370 WARNING: parameter 'QUEUE1_s' becomes localparam in 'rx_client_fifo' with formal parameter declaration list in ../../source_code/rtl/rx_client_fifo.v(50)
HDL-5370 WARNING: parameter 'QUEUE2_s' becomes localparam in 'rx_client_fifo' with formal parameter declaration list in ../../source_code/rtl/rx_client_fifo.v(51)
HDL-5370 WARNING: parameter 'QUEUE3_s' becomes localparam in 'rx_client_fifo' with formal parameter declaration list in ../../source_code/rtl/rx_client_fifo.v(52)
HDL-5370 WARNING: parameter 'QUEUE_SOF_s' becomes localparam in 'rx_client_fifo' with formal parameter declaration list in ../../source_code/rtl/rx_client_fifo.v(53)
HDL-5370 WARNING: parameter 'SOF_s' becomes localparam in 'rx_client_fifo' with formal parameter declaration list in ../../source_code/rtl/rx_client_fifo.v(54)
HDL-5370 WARNING: parameter 'DATA_s' becomes localparam in 'rx_client_fifo' with formal parameter declaration list in ../../source_code/rtl/rx_client_fifo.v(55)
HDL-5370 WARNING: parameter 'EOF_s' becomes localparam in 'rx_client_fifo' with formal parameter declaration list in ../../source_code/rtl/rx_client_fifo.v(56)
HDL-5370 WARNING: parameter 'IDLE_s' becomes localparam in 'rx_client_fifo' with formal parameter declaration list in ../../source_code/rtl/rx_client_fifo.v(62)
HDL-5370 WARNING: parameter 'FRAME_s' becomes localparam in 'rx_client_fifo' with formal parameter declaration list in ../../source_code/rtl/rx_client_fifo.v(63)
HDL-5370 Similar messages will be suppressed.
HDL-1007 : analyze verilog file ../../source_code/rtl/temac_block.v
HDL-1007 : analyze verilog file ../../source_code/rtl/temac_clk_gen.v
HDL-1007 : analyze verilog file ../../source_code/rtl/tx_client_fifo.v
HDL-5370 WARNING: parameter 'IDLE_s' becomes localparam in 'tx_client_fifo' with formal parameter declaration list in ../../source_code/rtl/tx_client_fifo.v(53)
HDL-5370 WARNING: parameter 'QUEUE1_s' becomes localparam in 'tx_client_fifo' with formal parameter declaration list in ../../source_code/rtl/tx_client_fifo.v(54)
HDL-5370 WARNING: parameter 'QUEUE2_s' becomes localparam in 'tx_client_fifo' with formal parameter declaration list in ../../source_code/rtl/tx_client_fifo.v(55)
HDL-5370 WARNING: parameter 'QUEUE3_s' becomes localparam in 'tx_client_fifo' with formal parameter declaration list in ../../source_code/rtl/tx_client_fifo.v(56)
HDL-5370 WARNING: parameter 'QUEUE_ACK_s' becomes localparam in 'tx_client_fifo' with formal parameter declaration list in ../../source_code/rtl/tx_client_fifo.v(57)
HDL-5370 WARNING: parameter 'WAIT_ACK_s' becomes localparam in 'tx_client_fifo' with formal parameter declaration list in ../../source_code/rtl/tx_client_fifo.v(58)
HDL-5370 WARNING: parameter 'FRAME_s' becomes localparam in 'tx_client_fifo' with formal parameter declaration list in ../../source_code/rtl/tx_client_fifo.v(59)
HDL-5370 WARNING: parameter 'DROP_s' becomes localparam in 'tx_client_fifo' with formal parameter declaration list in ../../source_code/rtl/tx_client_fifo.v(60)
HDL-5370 WARNING: parameter 'RETRANSMIT_s' becomes localparam in 'tx_client_fifo' with formal parameter declaration list in ../../source_code/rtl/tx_client_fifo.v(61)
HDL-5370 WARNING: parameter 'WAIT_s' becomes localparam in 'tx_client_fifo' with formal parameter declaration list in ../../source_code/rtl/tx_client_fifo.v(67)
HDL-5370 Similar messages will be suppressed.
HDL-1007 : analyze verilog file ../../source_code/rtl/tx_clk_en_gen.v
HDL-1007 : analyze verilog file ../../source_code/rtl/udp_data_tpg.v
HDL-1007 : analyze verilog file ../../source_code/rtl/UDP_Example_Top.v
HDL-1007 : undeclared symbol 'use_sd_data', assumed default net type 'wire' in ../../source_code/rtl/UDP_Example_Top.v(271)
HDL-1007 : undeclared symbol 'phy_reset', assumed default net type 'wire' in ../../source_code/rtl/UDP_Example_Top.v(397)
HDL-5333 WARNING: data object 'rst_n' is already declared in ../../source_code/rtl/UDP_Example_Top.v(444)
HDL-1007 : previous declaration of 'rst_n' is from here in ../../source_code/rtl/UDP_Example_Top.v(246)
HDL-5007 WARNING: second declaration of 'rst_n' is ignored in ../../source_code/rtl/UDP_Example_Top.v(444)
HDL-1007 : undeclared symbol 'tpg_data_done', assumed default net type 'wire' in ../../source_code/rtl/UDP_Example_Top.v(550)
HDL-1007 : undeclared symbol 'vga_out_de', assumed default net type 'wire' in ../../source_code/rtl/UDP_Example_Top.v(583)
HDL-1007 : undeclared symbol 'rgb888_data', assumed default net type 'wire' in ../../source_code/rtl/UDP_Example_Top.v(585)
HDL-1007 : undeclared symbol 'video_read_req', assumed default net type 'wire' in ../../source_code/rtl/UDP_Example_Top.v(595)
HDL-1007 : undeclared symbol 'video_read_req_ack', assumed default net type 'wire' in ../../source_code/rtl/UDP_Example_Top.v(596)
HDL-1007 : undeclared symbol 'hs', assumed default net type 'wire' in ../../source_code/rtl/UDP_Example_Top.v(618)
HDL-1007 : undeclared symbol 'vs', assumed default net type 'wire' in ../../source_code/rtl/UDP_Example_Top.v(619)
HDL-1007 : undeclared symbol 'de', assumed default net type 'wire' in ../../source_code/rtl/UDP_Example_Top.v(620)
HDL-1007 : analyze verilog file ../../source_code/rtl/udp_ip_protocol_stack_merge.enc.v
HDL-1007 : back to file '../../source_code/rtl/udp_ip_protocol_stack_merge.enc.v' in ../../source_code/rtl/udp_ip_protocol_stack_merge.enc.v(56)
HDL-1007 : undeclared symbol '**', assumed default net type '**' in ../../source_code/rtl/udp_ip_protocol_stack_merge.enc.v(2638)
HDL-1007 : back to file '../../source_code/rtl/udp_ip_protocol_stack_merge.enc.v' in ../../source_code/rtl/udp_ip_protocol_stack_merge.enc.v(420)
HDL-1007 : analyze verilog file ../../source_code/rtl/udp_loopback.v
HDL-1007 : analyze verilog file ../../source_code/rtl/sdr/rtl/app_wrrd.v
HDL-1007 : analyze included file ../../source_code/rtl/sdr/rtl/../include/global_def.v in ../../source_code/rtl/sdr/rtl/app_wrrd.v(10)
HDL-1007 : back to file '../../source_code/rtl/sdr/rtl/app_wrrd.v' in ../../source_code/rtl/sdr/rtl/app_wrrd.v(10)
HDL-5372 WARNING: redeclaration of ANSI port 'full_flag' is not allowed in ../../source_code/rtl/sdr/rtl/app_wrrd.v(61)
HDL-1007 : undeclared symbol 'afull', assumed default net type 'wire' in ../../source_code/rtl/sdr/rtl/app_wrrd.v(74)
HDL-1007 : undeclared symbol 'aempty', assumed default net type 'wire' in ../../source_code/rtl/sdr/rtl/app_wrrd.v(75)
HDL-1007 : undeclared symbol 'wrusedw', assumed default net type 'wire' in ../../source_code/rtl/sdr/rtl/app_wrrd.v(76)
HDL-5333 WARNING: data object 'w_addr_cnt' is already declared in ../../source_code/rtl/sdr/rtl/app_wrrd.v(139)
HDL-1007 : previous declaration of 'w_addr_cnt' is from here in ../../source_code/rtl/sdr/rtl/app_wrrd.v(38)
HDL-5007 WARNING: second declaration of 'w_addr_cnt' is ignored in ../../source_code/rtl/sdr/rtl/app_wrrd.v(139)
HDL-1007 : analyze verilog file ../../source_code/rtl/sdr/rtl/sdram_top.v
HDL-1007 : analyze included file ../../source_code/rtl/sdr/rtl/../include/global_def.v in ../../source_code/rtl/sdr/rtl/sdram_top.v(10)
HDL-1007 : back to file '../../source_code/rtl/sdr/rtl/sdram_top.v' in ../../source_code/rtl/sdr/rtl/sdram_top.v(10)
HDL-1007 : undeclared symbol 'Rst_n', assumed default net type 'wire' in ../../source_code/rtl/sdr/rtl/sdram_top.v(70)
HDL-5372 WARNING: redeclaration of ANSI port 'wr_done' is not allowed in ../../source_code/rtl/sdr/rtl/sdram_top.v(73)
HDL-1007 : undeclared symbol 'SDR_CKE', assumed default net type 'wire' in ../../source_code/rtl/sdr/rtl/sdram_top.v(132)
HDL-1007 : analyze verilog file ../../source_code/rtl/sd/sd_ctrl_top.v
HDL-1007 : analyze verilog file ../../source_code/rtl/sd/sd_init.v
HDL-1007 : analyze verilog file ../../source_code/rtl/sd/sd_read.v
HDL-1007 : analyze verilog file ../../source_code/rtl/sd/sd_read_photo.v
HDL-1007 : analyze verilog file ../../source_code/rtl/sdr/rtl/enc_file/sdr_as_ram.enc.v
HDL-1007 : back to file '../../source_code/rtl/sdr/rtl/enc_file/sdr_as_ram.enc.v' in ../../source_code/rtl/sdr/rtl/enc_file/sdr_as_ram.enc.v(45)
HDL-1007 : analyze verilog file ../../source_code/rtl/sdr/rtl/enc_file/sdr_init_ref.enc.v
HDL-1007 : undeclared symbol '**', assumed default net type '**' in ../../source_code/rtl/sdr/rtl/enc_file/sdr_init_ref.enc.v(57)
HDL-1007 : back to file '../../source_code/rtl/sdr/rtl/enc_file/sdr_init_ref.enc.v' in ../../source_code/rtl/sdr/rtl/enc_file/sdr_init_ref.enc.v(148)
HDL-5007 WARNING: concatenation with an unsized literal will be treated as 32 bits in ../../source_code/rtl/sdr/rtl/enc_file/sdr_init_ref.enc.v(47)
HDL-1007 : analyze verilog file ../../source_code/rtl/sdr/rtl/enc_file/sdr_wrrd.enc.v
HDL-5007 WARNING: concatenation with an unsized literal will be treated as 32 bits in ../../source_code/rtl/sdr/rtl/enc_file/sdr_wrrd.enc.v(283)
HDL-1007 : back to file '../../source_code/rtl/sdr/rtl/enc_file/sdr_wrrd.enc.v' in ../../source_code/rtl/sdr/rtl/enc_file/sdr_wrrd.enc.v(19)
HDL-1007 : analyze verilog file ../../source_code/rtl/camera_data_gen.v
HDL-1007 : analyze verilog file ../../source_code/rtl/ov5640/ov5640_dri.v
HDL-1007 : analyze verilog file ../../source_code/rtl/ov5640/ov5640_delay.v
HDL-1007 : analyze verilog file ../../source_code/rtl/ov5640/i2c_ov5640_rgb565_cfg.v
HDL-1007 : analyze verilog file ../../source_code/rtl/ov5640/i2c_dri.v
HDL-1007 : analyze verilog file ../../source_code/rtl/ov5640/cmos_capture_data.v
HDL-1007 : analyze verilog file ../../source_code/rtl/sdram_write_static_sel.v
HDL-1007 : analyze verilog file ../../source_code/rtl/uart/cmd_ctrl.v
HDL-1007 : analyze verilog file ../../source_code/rtl/uart/uart_rx.v
HDL-1007 : analyze verilog file ../../source_code/rtl/uart/uart_test.v
HDL-1007 : analyze verilog file ../../source_code/rtl/uart/uart_tx.v
HDL-1007 : analyze verilog file ../../source_code/rtl/display/color_bar.v
HDL-1007 : analyze included file ../../source_code/rtl/display/video_define.v in ../../source_code/rtl/display/color_bar.v(1)
HDL-1007 : back to file '../../source_code/rtl/display/color_bar.v' in ../../source_code/rtl/display/color_bar.v(1)
HDL-1007 : analyze verilog file ../../source_code/rtl/display/video_delay.v
HDL-1007 : analyze verilog file ../../source_code/rtl/display/video_timing_data.v
HDL-1007 : analyze verilog file ../../source_code/rtl/sdram_read_align.v
HDL-1007 : analyze VHDL file ../../source_code/rtl/hdmi/hdmi_tx.vhd
HDL-1007 : analyze entity hdmi_tx in ../../source_code/rtl/hdmi/hdmi_tx.vhd(11)
HDL-1007 : analyze architecture behavioral in ../../source_code/rtl/hdmi/hdmi_tx.vhd(33)
HDL-1007 : analyze verilog file ../../source_code/rtl/sd/sd_card_ctrl.v
HDL-1007 : analyze VHDL file ../../source_code/rtl/hdmi/enc_file/DVITransmitter.enc.vhd
HDL-1007 : analyze entity dvitransmitter in ../../source_code/rtl/hdmi/enc_file/DVITransmitter.enc.vhd(13)
HDL-1007 : analyze architecture ** in ../../source_code/rtl/hdmi/enc_file/DVITransmitter.enc.vhd(2)
HDL-1007 : analyze VHDL file ../../source_code/rtl/hdmi/enc_file/SerializerN_1_lvds.enc.vhd
HDL-1007 : analyze entity ** in ../../source_code/rtl/hdmi/enc_file/SerializerN_1_lvds.enc.vhd(12)
HDL-1007 : analyze architecture ** in ../../source_code/rtl/hdmi/enc_file/SerializerN_1_lvds.enc.vhd(25)
HDL-1007 : analyze VHDL file ../../source_code/rtl/hdmi/enc_file/SerializerN_1_lvds_dat.enc.vhd
HDL-1007 : analyze entity ** in ../../source_code/rtl/hdmi/enc_file/SerializerN_1_lvds_dat.enc.vhd(14)
HDL-1007 : analyze architecture ** in ../../source_code/rtl/hdmi/enc_file/SerializerN_1_lvds_dat.enc.vhd(28)
HDL-1007 : analyze VHDL file ../../source_code/rtl/hdmi/enc_file/TMDSEncoder.enc.vhd
HDL-1007 : analyze entity ** in ../../source_code/rtl/hdmi/enc_file/TMDSEncoder.enc.vhd(13)
HDL-1007 : analyze architecture ** in ../../source_code/rtl/hdmi/enc_file/TMDSEncoder.enc.vhd(24)
PRJ-1412 : reset_run syn_1 phy_1.
PRJ-1409 : launch_runs syn_1 phy_1  -jobs 6.
PRJ-1410 : Run syn_1 success.
PRJ-1410 : Run phy_1 success.
RUN-1002 : start command "save_best_bits"
PRJ-1424 : The implemented result of phy_1 is saved as best result.
RUN-1002 : start command "commit_param -step design"
RUN-1001 : Print Global Property
RUN-1001 : --------------------------------------------------------
RUN-1001 :   Parameters   |  Settings  |  Default Values  |  Note  
RUN-1001 : --------------------------------------------------------
RUN-1001 :   enable_seed  |    off     |       off        |        
RUN-1001 :     message    |  standard  |     standard     |        
RUN-1001 :   qor_monitor  |     on     |        on        |        
RUN-1001 :   syn_ip_flow  |    off     |       off        |        
RUN-1001 :     thread     |    auto    |       auto       |        
RUN-1001 : --------------------------------------------------------
RUN-1001 : Print Design Property
RUN-1001 : ----------------------------------------------------------------
RUN-1001 :       Parameters       |  Settings  |  Default Values  |  Note  
RUN-1001 : ----------------------------------------------------------------
RUN-1001 :   default_reg_initial  |    auto    |       auto       |        
RUN-1001 :    hdl_warning_level   |   normal   |      normal      |        
RUN-1001 : ----------------------------------------------------------------
HDL-1007 : analyze verilog file al_ip/TEMAC_CORE/RTL/mac_core_aead6cd6dadd.v
HDL-1007 : analyze verilog file al_ip/TEMAC_CORE/RTL/TEMAC_CORE_aead6cd6dadd.v
HDL-5007 WARNING: column 1032 exceeds maximum value 1023 in al_ip/TEMAC_CORE/RTL/TEMAC_CORE_aead6cd6dadd.v(30)
HDL-1007 : back to file 'al_ip/TEMAC_CORE/RTL/TEMAC_CORE_aead6cd6dadd.v' in al_ip/TEMAC_CORE/RTL/TEMAC_CORE_aead6cd6dadd.v(86)
HDL-5007 WARNING: event expressions must result in a singular type in al_ip/TEMAC_CORE/RTL/TEMAC_CORE_aead6cd6dadd.v(3001)
HDL-1007 : undeclared symbol '**', assumed default net type '**' in al_ip/TEMAC_CORE/RTL/TEMAC_CORE_aead6cd6dadd.v(5050)
HDL-1007 : undeclared symbol '**', assumed default net type '**' in al_ip/TEMAC_CORE/RTL/TEMAC_CORE_aead6cd6dadd.v(5458)
HDL-5007 WARNING: column 1035 exceeds maximum value 1023 in al_ip/TEMAC_CORE/RTL/TEMAC_CORE_aead6cd6dadd.v(6001)
HDL-1007 : back to file 'al_ip/TEMAC_CORE/RTL/TEMAC_CORE_aead6cd6dadd.v' in al_ip/TEMAC_CORE/RTL/TEMAC_CORE_aead6cd6dadd.v(260)
HDL-1007 : analyze verilog file al_ip/TEMAC_CORE/TEMAC_CORE.v
HDL-1007 : analyze verilog file al_ip/clk_pll.v
HDL-1007 : undeclared symbol 'clk_pll_open0', assumed default net type 'wire' in al_ip/clk_pll.v(92)
HDL-1007 : undeclared symbol 'clk_pll_open8', assumed default net type 'wire' in al_ip/clk_pll.v(98)
HDL-1007 : undeclared symbol 'clk_pll_open7', assumed default net type 'wire' in al_ip/clk_pll.v(98)
HDL-1007 : undeclared symbol 'clk_pll_open6', assumed default net type 'wire' in al_ip/clk_pll.v(98)
HDL-1007 : undeclared symbol 'clk_pll_open5', assumed default net type 'wire' in al_ip/clk_pll.v(98)
HDL-1007 : undeclared symbol 'clk_pll_open4', assumed default net type 'wire' in al_ip/clk_pll.v(98)
HDL-1007 : undeclared symbol 'clk_pll_open3', assumed default net type 'wire' in al_ip/clk_pll.v(98)
HDL-1007 : undeclared symbol 'clk_pll_open2', assumed default net type 'wire' in al_ip/clk_pll.v(98)
HDL-1007 : undeclared symbol 'clk_pll_open1', assumed default net type 'wire' in al_ip/clk_pll.v(98)
HDL-1007 : undeclared symbol 'clk_pll_open9', assumed default net type 'wire' in al_ip/clk_pll.v(100)
HDL-1007 : analyze verilog file al_ip/fifo_sdr_data_2.v
HDL-1007 : analyze verilog file al_ip/pll_50.v
HDL-1007 : undeclared symbol 'open', assumed default net type 'wire' in al_ip/pll_50.v(85)
HDL-1007 : analyze verilog file al_ip/pll_gen.v
HDL-1007 : undeclared symbol 'pll_gen_open0', assumed default net type 'wire' in al_ip/pll_gen.v(99)
HDL-1007 : undeclared symbol 'pll_gen_open8', assumed default net type 'wire' in al_ip/pll_gen.v(105)
HDL-1007 : undeclared symbol 'pll_gen_open7', assumed default net type 'wire' in al_ip/pll_gen.v(105)
HDL-1007 : undeclared symbol 'pll_gen_open6', assumed default net type 'wire' in al_ip/pll_gen.v(105)
HDL-1007 : undeclared symbol 'pll_gen_open5', assumed default net type 'wire' in al_ip/pll_gen.v(105)
HDL-1007 : undeclared symbol 'pll_gen_open4', assumed default net type 'wire' in al_ip/pll_gen.v(105)
HDL-1007 : undeclared symbol 'pll_gen_open3', assumed default net type 'wire' in al_ip/pll_gen.v(105)
HDL-1007 : undeclared symbol 'pll_gen_open2', assumed default net type 'wire' in al_ip/pll_gen.v(105)
HDL-1007 : undeclared symbol 'pll_gen_open1', assumed default net type 'wire' in al_ip/pll_gen.v(105)
HDL-1007 : analyze verilog file al_ip/rx_pll.v
HDL-1007 : undeclared symbol 'open', assumed default net type 'wire' in al_ip/rx_pll.v(78)
HDL-1007 : analyze verilog file ../../source_code/rtl/BUFGMUX.v
HDL-1007 : analyze verilog file ../../source_code/rtl/clk_gen_rst_gen.v
HDL-1007 : analyze verilog file ../../source_code/rtl/div_clk_gen.v
HDL-1007 : analyze verilog file ../../source_code/rtl/IDDR.v
HDL-1007 : analyze verilog file ../../source_code/rtl/ODDR.v
HDL-1007 : analyze verilog file ../../source_code/rtl/RAMB16_S9_S9.v
HDL-1007 : undeclared symbol 'open', assumed default net type 'wire' in ../../source_code/rtl/RAMB16_S9_S9.v(109)
HDL-1007 : analyze verilog file ../../source_code/rtl/rgmii_interface.v
HDL-1007 : analyze verilog file ../../source_code/rtl/rx_client_fifo.v
HDL-5370 WARNING: parameter 'WAIT_s' becomes localparam in 'rx_client_fifo' with formal parameter declaration list in ../../source_code/rtl/rx_client_fifo.v(49)
HDL-5370 WARNING: parameter 'QUEUE1_s' becomes localparam in 'rx_client_fifo' with formal parameter declaration list in ../../source_code/rtl/rx_client_fifo.v(50)
HDL-5370 WARNING: parameter 'QUEUE2_s' becomes localparam in 'rx_client_fifo' with formal parameter declaration list in ../../source_code/rtl/rx_client_fifo.v(51)
HDL-5370 WARNING: parameter 'QUEUE3_s' becomes localparam in 'rx_client_fifo' with formal parameter declaration list in ../../source_code/rtl/rx_client_fifo.v(52)
HDL-5370 WARNING: parameter 'QUEUE_SOF_s' becomes localparam in 'rx_client_fifo' with formal parameter declaration list in ../../source_code/rtl/rx_client_fifo.v(53)
HDL-5370 WARNING: parameter 'SOF_s' becomes localparam in 'rx_client_fifo' with formal parameter declaration list in ../../source_code/rtl/rx_client_fifo.v(54)
HDL-5370 WARNING: parameter 'DATA_s' becomes localparam in 'rx_client_fifo' with formal parameter declaration list in ../../source_code/rtl/rx_client_fifo.v(55)
HDL-5370 WARNING: parameter 'EOF_s' becomes localparam in 'rx_client_fifo' with formal parameter declaration list in ../../source_code/rtl/rx_client_fifo.v(56)
HDL-5370 WARNING: parameter 'IDLE_s' becomes localparam in 'rx_client_fifo' with formal parameter declaration list in ../../source_code/rtl/rx_client_fifo.v(62)
HDL-5370 WARNING: parameter 'FRAME_s' becomes localparam in 'rx_client_fifo' with formal parameter declaration list in ../../source_code/rtl/rx_client_fifo.v(63)
HDL-5370 Similar messages will be suppressed.
HDL-1007 : analyze verilog file ../../source_code/rtl/temac_block.v
HDL-1007 : analyze verilog file ../../source_code/rtl/temac_clk_gen.v
HDL-1007 : analyze verilog file ../../source_code/rtl/tx_client_fifo.v
HDL-5370 WARNING: parameter 'IDLE_s' becomes localparam in 'tx_client_fifo' with formal parameter declaration list in ../../source_code/rtl/tx_client_fifo.v(53)
HDL-5370 WARNING: parameter 'QUEUE1_s' becomes localparam in 'tx_client_fifo' with formal parameter declaration list in ../../source_code/rtl/tx_client_fifo.v(54)
HDL-5370 WARNING: parameter 'QUEUE2_s' becomes localparam in 'tx_client_fifo' with formal parameter declaration list in ../../source_code/rtl/tx_client_fifo.v(55)
HDL-5370 WARNING: parameter 'QUEUE3_s' becomes localparam in 'tx_client_fifo' with formal parameter declaration list in ../../source_code/rtl/tx_client_fifo.v(56)
HDL-5370 WARNING: parameter 'QUEUE_ACK_s' becomes localparam in 'tx_client_fifo' with formal parameter declaration list in ../../source_code/rtl/tx_client_fifo.v(57)
HDL-5370 WARNING: parameter 'WAIT_ACK_s' becomes localparam in 'tx_client_fifo' with formal parameter declaration list in ../../source_code/rtl/tx_client_fifo.v(58)
HDL-5370 WARNING: parameter 'FRAME_s' becomes localparam in 'tx_client_fifo' with formal parameter declaration list in ../../source_code/rtl/tx_client_fifo.v(59)
HDL-5370 WARNING: parameter 'DROP_s' becomes localparam in 'tx_client_fifo' with formal parameter declaration list in ../../source_code/rtl/tx_client_fifo.v(60)
HDL-5370 WARNING: parameter 'RETRANSMIT_s' becomes localparam in 'tx_client_fifo' with formal parameter declaration list in ../../source_code/rtl/tx_client_fifo.v(61)
HDL-5370 WARNING: parameter 'WAIT_s' becomes localparam in 'tx_client_fifo' with formal parameter declaration list in ../../source_code/rtl/tx_client_fifo.v(67)
HDL-5370 Similar messages will be suppressed.
HDL-1007 : analyze verilog file ../../source_code/rtl/tx_clk_en_gen.v
HDL-1007 : analyze verilog file ../../source_code/rtl/udp_data_tpg.v
HDL-1007 : analyze verilog file ../../source_code/rtl/UDP_Example_Top.v
HDL-1007 : undeclared symbol 'use_sd_data', assumed default net type 'wire' in ../../source_code/rtl/UDP_Example_Top.v(271)
HDL-1007 : undeclared symbol 'phy_reset', assumed default net type 'wire' in ../../source_code/rtl/UDP_Example_Top.v(397)
HDL-5333 WARNING: data object 'rst_n' is already declared in ../../source_code/rtl/UDP_Example_Top.v(444)
HDL-1007 : previous declaration of 'rst_n' is from here in ../../source_code/rtl/UDP_Example_Top.v(246)
HDL-5007 WARNING: second declaration of 'rst_n' is ignored in ../../source_code/rtl/UDP_Example_Top.v(444)
HDL-1007 : undeclared symbol 'tpg_data_done', assumed default net type 'wire' in ../../source_code/rtl/UDP_Example_Top.v(550)
HDL-1007 : undeclared symbol 'vga_out_de', assumed default net type 'wire' in ../../source_code/rtl/UDP_Example_Top.v(586)
HDL-1007 : undeclared symbol 'rgb888_data', assumed default net type 'wire' in ../../source_code/rtl/UDP_Example_Top.v(613)
HDL-1007 : undeclared symbol 'hs', assumed default net type 'wire' in ../../source_code/rtl/UDP_Example_Top.v(617)
HDL-1007 : undeclared symbol 'vs', assumed default net type 'wire' in ../../source_code/rtl/UDP_Example_Top.v(618)
HDL-1007 : undeclared symbol 'de', assumed default net type 'wire' in ../../source_code/rtl/UDP_Example_Top.v(619)
HDL-1007 : undeclared symbol 'udp_data', assumed default net type 'wire' in ../../source_code/rtl/UDP_Example_Top.v(659)
HDL-1007 : analyze verilog file ../../source_code/rtl/udp_ip_protocol_stack_merge.enc.v
HDL-1007 : back to file '../../source_code/rtl/udp_ip_protocol_stack_merge.enc.v' in ../../source_code/rtl/udp_ip_protocol_stack_merge.enc.v(56)
HDL-1007 : undeclared symbol '**', assumed default net type '**' in ../../source_code/rtl/udp_ip_protocol_stack_merge.enc.v(2638)
HDL-1007 : back to file '../../source_code/rtl/udp_ip_protocol_stack_merge.enc.v' in ../../source_code/rtl/udp_ip_protocol_stack_merge.enc.v(420)
HDL-1007 : analyze verilog file ../../source_code/rtl/udp_loopback.v
HDL-1007 : analyze verilog file ../../source_code/rtl/sdr/rtl/app_wrrd.v
HDL-1007 : analyze included file ../../source_code/rtl/sdr/rtl/../include/global_def.v in ../../source_code/rtl/sdr/rtl/app_wrrd.v(10)
HDL-1007 : back to file '../../source_code/rtl/sdr/rtl/app_wrrd.v' in ../../source_code/rtl/sdr/rtl/app_wrrd.v(10)
HDL-5372 WARNING: redeclaration of ANSI port 'full_flag' is not allowed in ../../source_code/rtl/sdr/rtl/app_wrrd.v(61)
HDL-1007 : undeclared symbol 'afull', assumed default net type 'wire' in ../../source_code/rtl/sdr/rtl/app_wrrd.v(74)
HDL-1007 : undeclared symbol 'aempty', assumed default net type 'wire' in ../../source_code/rtl/sdr/rtl/app_wrrd.v(75)
HDL-1007 : undeclared symbol 'wrusedw', assumed default net type 'wire' in ../../source_code/rtl/sdr/rtl/app_wrrd.v(76)
HDL-5333 WARNING: data object 'w_addr_cnt' is already declared in ../../source_code/rtl/sdr/rtl/app_wrrd.v(139)
HDL-1007 : previous declaration of 'w_addr_cnt' is from here in ../../source_code/rtl/sdr/rtl/app_wrrd.v(38)
HDL-5007 WARNING: second declaration of 'w_addr_cnt' is ignored in ../../source_code/rtl/sdr/rtl/app_wrrd.v(139)
HDL-1007 : analyze verilog file ../../source_code/rtl/sdr/rtl/sdram_top.v
HDL-1007 : analyze included file ../../source_code/rtl/sdr/rtl/../include/global_def.v in ../../source_code/rtl/sdr/rtl/sdram_top.v(10)
HDL-1007 : back to file '../../source_code/rtl/sdr/rtl/sdram_top.v' in ../../source_code/rtl/sdr/rtl/sdram_top.v(10)
HDL-1007 : undeclared symbol 'Rst_n', assumed default net type 'wire' in ../../source_code/rtl/sdr/rtl/sdram_top.v(70)
HDL-5372 WARNING: redeclaration of ANSI port 'wr_done' is not allowed in ../../source_code/rtl/sdr/rtl/sdram_top.v(73)
HDL-1007 : undeclared symbol 'SDR_CKE', assumed default net type 'wire' in ../../source_code/rtl/sdr/rtl/sdram_top.v(132)
HDL-1007 : analyze verilog file ../../source_code/rtl/sd/sd_ctrl_top.v
HDL-1007 : analyze verilog file ../../source_code/rtl/sd/sd_init.v
HDL-1007 : analyze verilog file ../../source_code/rtl/sd/sd_read.v
HDL-1007 : analyze verilog file ../../source_code/rtl/sd/sd_read_photo.v
HDL-1007 : analyze verilog file ../../source_code/rtl/sdr/rtl/enc_file/sdr_as_ram.enc.v
HDL-1007 : back to file '../../source_code/rtl/sdr/rtl/enc_file/sdr_as_ram.enc.v' in ../../source_code/rtl/sdr/rtl/enc_file/sdr_as_ram.enc.v(45)
HDL-1007 : analyze verilog file ../../source_code/rtl/sdr/rtl/enc_file/sdr_init_ref.enc.v
HDL-1007 : undeclared symbol '**', assumed default net type '**' in ../../source_code/rtl/sdr/rtl/enc_file/sdr_init_ref.enc.v(57)
HDL-1007 : back to file '../../source_code/rtl/sdr/rtl/enc_file/sdr_init_ref.enc.v' in ../../source_code/rtl/sdr/rtl/enc_file/sdr_init_ref.enc.v(148)
HDL-5007 WARNING: concatenation with an unsized literal will be treated as 32 bits in ../../source_code/rtl/sdr/rtl/enc_file/sdr_init_ref.enc.v(47)
HDL-1007 : analyze verilog file ../../source_code/rtl/sdr/rtl/enc_file/sdr_wrrd.enc.v
HDL-5007 WARNING: concatenation with an unsized literal will be treated as 32 bits in ../../source_code/rtl/sdr/rtl/enc_file/sdr_wrrd.enc.v(283)
HDL-1007 : back to file '../../source_code/rtl/sdr/rtl/enc_file/sdr_wrrd.enc.v' in ../../source_code/rtl/sdr/rtl/enc_file/sdr_wrrd.enc.v(19)
HDL-1007 : analyze verilog file ../../source_code/rtl/camera_data_gen.v
HDL-1007 : analyze verilog file ../../source_code/rtl/ov5640/ov5640_dri.v
HDL-1007 : analyze verilog file ../../source_code/rtl/ov5640/ov5640_delay.v
HDL-1007 : analyze verilog file ../../source_code/rtl/ov5640/i2c_ov5640_rgb565_cfg.v
HDL-1007 : analyze verilog file ../../source_code/rtl/ov5640/i2c_dri.v
HDL-1007 : analyze verilog file ../../source_code/rtl/ov5640/cmos_capture_data.v
HDL-1007 : analyze verilog file ../../source_code/rtl/sdram_write_static_sel.v
HDL-1007 : analyze verilog file ../../source_code/rtl/uart/cmd_ctrl.v
HDL-1007 : analyze verilog file ../../source_code/rtl/uart/uart_rx.v
HDL-1007 : analyze verilog file ../../source_code/rtl/uart/uart_test.v
HDL-1007 : analyze verilog file ../../source_code/rtl/uart/uart_tx.v
HDL-1007 : analyze verilog file ../../source_code/rtl/display/color_bar.v
HDL-1007 : analyze included file ../../source_code/rtl/display/video_define.v in ../../source_code/rtl/display/color_bar.v(1)
HDL-1007 : back to file '../../source_code/rtl/display/color_bar.v' in ../../source_code/rtl/display/color_bar.v(1)
HDL-1007 : analyze verilog file ../../source_code/rtl/display/video_delay.v
HDL-1007 : analyze verilog file ../../source_code/rtl/display/video_timing_data.v
HDL-1007 : analyze verilog file ../../source_code/rtl/sdram_read_align.v
HDL-1007 : analyze VHDL file ../../source_code/rtl/hdmi/hdmi_tx.vhd
HDL-1007 : analyze entity hdmi_tx in ../../source_code/rtl/hdmi/hdmi_tx.vhd(11)
HDL-1007 : analyze architecture behavioral in ../../source_code/rtl/hdmi/hdmi_tx.vhd(33)
HDL-1007 : analyze verilog file ../../source_code/rtl/sd/sd_card_ctrl.v
HDL-1007 : analyze VHDL file ../../source_code/rtl/hdmi/enc_file/DVITransmitter.enc.vhd
HDL-1007 : analyze entity dvitransmitter in ../../source_code/rtl/hdmi/enc_file/DVITransmitter.enc.vhd(13)
HDL-1007 : analyze architecture ** in ../../source_code/rtl/hdmi/enc_file/DVITransmitter.enc.vhd(2)
HDL-1007 : analyze VHDL file ../../source_code/rtl/hdmi/enc_file/SerializerN_1_lvds.enc.vhd
HDL-1007 : analyze entity ** in ../../source_code/rtl/hdmi/enc_file/SerializerN_1_lvds.enc.vhd(12)
HDL-1007 : analyze architecture ** in ../../source_code/rtl/hdmi/enc_file/SerializerN_1_lvds.enc.vhd(25)
HDL-1007 : analyze VHDL file ../../source_code/rtl/hdmi/enc_file/SerializerN_1_lvds_dat.enc.vhd
HDL-1007 : analyze entity ** in ../../source_code/rtl/hdmi/enc_file/SerializerN_1_lvds_dat.enc.vhd(14)
HDL-1007 : analyze architecture ** in ../../source_code/rtl/hdmi/enc_file/SerializerN_1_lvds_dat.enc.vhd(28)
HDL-1007 : analyze VHDL file ../../source_code/rtl/hdmi/enc_file/TMDSEncoder.enc.vhd
HDL-1007 : analyze entity ** in ../../source_code/rtl/hdmi/enc_file/TMDSEncoder.enc.vhd(13)
HDL-1007 : analyze architecture ** in ../../source_code/rtl/hdmi/enc_file/TMDSEncoder.enc.vhd(24)
RUN-1002 : start command "import_db D:/Anlu/double_fpga_udp/tx/sdram_switch/UDP_EG4_6.2/prj/UDP_EXAMPLE/UDP_EXAMPLE_Runs/phy_1/UDP_EXAMPLE_pr.db"
RUN-1001 : Importing database generated by Tang Dynasty, V6.2.168116.
RUN-1001 : Database version number 46207
RUN-1001 : Import flow parameters
RUN-1001 : Import netlist
PHY-1001 : Generate detailed routing grids ...
PHY-1001 : End build routing graph; 0.837099s wall, 0.781250s user + 0.078125s system = 0.859375s CPU (102.7%)

PHY-1001 : Processed IO instance sd_miso_syn_4 with INV attribute.
PHY-1001 : Build lut bridge;  0.089497s wall, 0.093750s user + 0.000000s system = 0.093750s CPU (104.8%)

PHY-1001 : Generate nets ...
PHY-1001 : net cam_pclk_dup_1 will be routed on clock mesh
PHY-1001 : net clk_50_dup_1 will be routed on clock mesh
PHY-1001 : net clk_50m_180deg will be routed on clock mesh
PHY-1001 : clock net temac_clk will be merged with clock u_clk_gen/u_pll_0/clk0_buf
PHY-1001 : net temac_clk90 will be routed on clock mesh
PHY-1001 : net udp_clk will be routed on clock mesh
PHY-1001 : clock net t3_sdram/u0_clk/clk0_out will be merged with clock t3_sdram/u0_clk/clk0_buf
PHY-1001 : net t3_sdram/u1_app_wrrd/clk will be routed on clock mesh
PHY-1001 : net t3_sdram/u1_app_wrrd/sd_clk will be routed on clock mesh
PHY-1001 : net t3_sdram/u2_ram/SDRAM_CLK will be routed on clock mesh
PHY-1001 : net u3_hdmi_tx/Inst_DVITransmitter/PCLK_I will be routed on clock mesh
PHY-1001 : clock net cwc_jtck_syn_2 will be merged with clock cwc_jtck
PHY-1001 : net auto_created_cwc1/wrapper_cwc_top/U_cwc_ram/clka will be routed on clock mesh
PHY-1001 : clock net u4_trimac_block/rx_clk will be merged with clock u4_trimac_block/u1_rgmii_interface/rgmii_rxc
PHY-1001 : clock net u_sdram_write_sel/clk_cfg will be merged with clock u_pll_50/clk0_buf
PHY-1001 : clock net u_rx_pll/clk0_out will be merged with clock u_rx_pll/clk0_buf
PHY-1001 : eco open net = 0
PHY-1001 : 168 feed throughs used by 145 nets
RUN-1001 : Import phy database
RUN-1001 : Import timing constraints
RUN-1001 : Import IO constraints
RUN-1001 : Import Inst constraints
RUN-1001 : Import ChipWatcher
RUN-1001 : Import design success TD_VERSION=6.2.168116 , DB_VERSION=46207
RUN-1003 : finish command "import_db D:/Anlu/double_fpga_udp/tx/sdram_switch/UDP_EG4_6.2/prj/UDP_EXAMPLE/UDP_EXAMPLE_Runs/phy_1/UDP_EXAMPLE_pr.db" in  4.663857s wall, 4.500000s user + 0.531250s system = 5.031250s CPU (107.9%)

RUN-1004 : used memory is 656 MB, reserved memory is 720 MB, peak memory is 691 MB
RUN-1002 : start command "commit_param -step design"
RUN-1001 : Print Global Property
RUN-1001 : --------------------------------------------------------
RUN-1001 :   Parameters   |  Settings  |  Default Values  |  Note  
RUN-1001 : --------------------------------------------------------
RUN-1001 :   enable_seed  |    off     |       off        |        
RUN-1001 :     message    |  standard  |     standard     |        
RUN-1001 :   qor_monitor  |     on     |        on        |        
RUN-1001 :   syn_ip_flow  |    off     |       off        |        
RUN-1001 :     thread     |    auto    |       auto       |        
RUN-1001 : --------------------------------------------------------
RUN-1001 : Print Design Property
RUN-1001 : ----------------------------------------------------------------
RUN-1001 :       Parameters       |  Settings  |  Default Values  |  Note  
RUN-1001 : ----------------------------------------------------------------
RUN-1001 :   default_reg_initial  |    auto    |       auto       |        
RUN-1001 :    hdl_warning_level   |   normal   |      normal      |        
RUN-1001 : ----------------------------------------------------------------
HDL-1007 : analyze verilog file al_ip/TEMAC_CORE/RTL/mac_core_aead6cd6dadd.v
HDL-1007 : analyze verilog file al_ip/TEMAC_CORE/RTL/TEMAC_CORE_aead6cd6dadd.v
HDL-5007 WARNING: column 1032 exceeds maximum value 1023 in al_ip/TEMAC_CORE/RTL/TEMAC_CORE_aead6cd6dadd.v(30)
HDL-1007 : back to file 'al_ip/TEMAC_CORE/RTL/TEMAC_CORE_aead6cd6dadd.v' in al_ip/TEMAC_CORE/RTL/TEMAC_CORE_aead6cd6dadd.v(86)
HDL-5007 WARNING: event expressions must result in a singular type in al_ip/TEMAC_CORE/RTL/TEMAC_CORE_aead6cd6dadd.v(3001)
HDL-1007 : undeclared symbol '**', assumed default net type '**' in al_ip/TEMAC_CORE/RTL/TEMAC_CORE_aead6cd6dadd.v(5050)
HDL-1007 : undeclared symbol '**', assumed default net type '**' in al_ip/TEMAC_CORE/RTL/TEMAC_CORE_aead6cd6dadd.v(5458)
HDL-5007 WARNING: column 1035 exceeds maximum value 1023 in al_ip/TEMAC_CORE/RTL/TEMAC_CORE_aead6cd6dadd.v(6001)
HDL-1007 : back to file 'al_ip/TEMAC_CORE/RTL/TEMAC_CORE_aead6cd6dadd.v' in al_ip/TEMAC_CORE/RTL/TEMAC_CORE_aead6cd6dadd.v(260)
HDL-1007 : analyze verilog file al_ip/TEMAC_CORE/TEMAC_CORE.v
HDL-1007 : analyze verilog file al_ip/clk_pll.v
HDL-1007 : undeclared symbol 'clk_pll_open0', assumed default net type 'wire' in al_ip/clk_pll.v(92)
HDL-1007 : undeclared symbol 'clk_pll_open8', assumed default net type 'wire' in al_ip/clk_pll.v(98)
HDL-1007 : undeclared symbol 'clk_pll_open7', assumed default net type 'wire' in al_ip/clk_pll.v(98)
HDL-1007 : undeclared symbol 'clk_pll_open6', assumed default net type 'wire' in al_ip/clk_pll.v(98)
HDL-1007 : undeclared symbol 'clk_pll_open5', assumed default net type 'wire' in al_ip/clk_pll.v(98)
HDL-1007 : undeclared symbol 'clk_pll_open4', assumed default net type 'wire' in al_ip/clk_pll.v(98)
HDL-1007 : undeclared symbol 'clk_pll_open3', assumed default net type 'wire' in al_ip/clk_pll.v(98)
HDL-1007 : undeclared symbol 'clk_pll_open2', assumed default net type 'wire' in al_ip/clk_pll.v(98)
HDL-1007 : undeclared symbol 'clk_pll_open1', assumed default net type 'wire' in al_ip/clk_pll.v(98)
HDL-1007 : undeclared symbol 'clk_pll_open9', assumed default net type 'wire' in al_ip/clk_pll.v(100)
HDL-1007 : analyze verilog file al_ip/fifo_sdr_data_2.v
HDL-1007 : analyze verilog file al_ip/pll_50.v
HDL-1007 : undeclared symbol 'open', assumed default net type 'wire' in al_ip/pll_50.v(85)
HDL-1007 : analyze verilog file al_ip/pll_gen.v
HDL-1007 : undeclared symbol 'pll_gen_open0', assumed default net type 'wire' in al_ip/pll_gen.v(99)
HDL-1007 : undeclared symbol 'pll_gen_open8', assumed default net type 'wire' in al_ip/pll_gen.v(105)
HDL-1007 : undeclared symbol 'pll_gen_open7', assumed default net type 'wire' in al_ip/pll_gen.v(105)
HDL-1007 : undeclared symbol 'pll_gen_open6', assumed default net type 'wire' in al_ip/pll_gen.v(105)
HDL-1007 : undeclared symbol 'pll_gen_open5', assumed default net type 'wire' in al_ip/pll_gen.v(105)
HDL-1007 : undeclared symbol 'pll_gen_open4', assumed default net type 'wire' in al_ip/pll_gen.v(105)
HDL-1007 : undeclared symbol 'pll_gen_open3', assumed default net type 'wire' in al_ip/pll_gen.v(105)
HDL-1007 : undeclared symbol 'pll_gen_open2', assumed default net type 'wire' in al_ip/pll_gen.v(105)
HDL-1007 : undeclared symbol 'pll_gen_open1', assumed default net type 'wire' in al_ip/pll_gen.v(105)
HDL-1007 : analyze verilog file al_ip/rx_pll.v
HDL-1007 : undeclared symbol 'open', assumed default net type 'wire' in al_ip/rx_pll.v(78)
HDL-1007 : analyze verilog file ../../source_code/rtl/BUFGMUX.v
HDL-1007 : analyze verilog file ../../source_code/rtl/clk_gen_rst_gen.v
HDL-1007 : analyze verilog file ../../source_code/rtl/div_clk_gen.v
HDL-1007 : analyze verilog file ../../source_code/rtl/IDDR.v
HDL-1007 : analyze verilog file ../../source_code/rtl/ODDR.v
HDL-1007 : analyze verilog file ../../source_code/rtl/RAMB16_S9_S9.v
HDL-1007 : undeclared symbol 'open', assumed default net type 'wire' in ../../source_code/rtl/RAMB16_S9_S9.v(109)
HDL-1007 : analyze verilog file ../../source_code/rtl/rgmii_interface.v
HDL-1007 : analyze verilog file ../../source_code/rtl/rx_client_fifo.v
HDL-5370 WARNING: parameter 'WAIT_s' becomes localparam in 'rx_client_fifo' with formal parameter declaration list in ../../source_code/rtl/rx_client_fifo.v(49)
HDL-5370 WARNING: parameter 'QUEUE1_s' becomes localparam in 'rx_client_fifo' with formal parameter declaration list in ../../source_code/rtl/rx_client_fifo.v(50)
HDL-5370 WARNING: parameter 'QUEUE2_s' becomes localparam in 'rx_client_fifo' with formal parameter declaration list in ../../source_code/rtl/rx_client_fifo.v(51)
HDL-5370 WARNING: parameter 'QUEUE3_s' becomes localparam in 'rx_client_fifo' with formal parameter declaration list in ../../source_code/rtl/rx_client_fifo.v(52)
HDL-5370 WARNING: parameter 'QUEUE_SOF_s' becomes localparam in 'rx_client_fifo' with formal parameter declaration list in ../../source_code/rtl/rx_client_fifo.v(53)
HDL-5370 WARNING: parameter 'SOF_s' becomes localparam in 'rx_client_fifo' with formal parameter declaration list in ../../source_code/rtl/rx_client_fifo.v(54)
HDL-5370 WARNING: parameter 'DATA_s' becomes localparam in 'rx_client_fifo' with formal parameter declaration list in ../../source_code/rtl/rx_client_fifo.v(55)
HDL-5370 WARNING: parameter 'EOF_s' becomes localparam in 'rx_client_fifo' with formal parameter declaration list in ../../source_code/rtl/rx_client_fifo.v(56)
HDL-5370 WARNING: parameter 'IDLE_s' becomes localparam in 'rx_client_fifo' with formal parameter declaration list in ../../source_code/rtl/rx_client_fifo.v(62)
HDL-5370 WARNING: parameter 'FRAME_s' becomes localparam in 'rx_client_fifo' with formal parameter declaration list in ../../source_code/rtl/rx_client_fifo.v(63)
HDL-5370 Similar messages will be suppressed.
HDL-1007 : analyze verilog file ../../source_code/rtl/temac_block.v
HDL-1007 : analyze verilog file ../../source_code/rtl/temac_clk_gen.v
HDL-1007 : analyze verilog file ../../source_code/rtl/tx_client_fifo.v
HDL-5370 WARNING: parameter 'IDLE_s' becomes localparam in 'tx_client_fifo' with formal parameter declaration list in ../../source_code/rtl/tx_client_fifo.v(53)
HDL-5370 WARNING: parameter 'QUEUE1_s' becomes localparam in 'tx_client_fifo' with formal parameter declaration list in ../../source_code/rtl/tx_client_fifo.v(54)
HDL-5370 WARNING: parameter 'QUEUE2_s' becomes localparam in 'tx_client_fifo' with formal parameter declaration list in ../../source_code/rtl/tx_client_fifo.v(55)
HDL-5370 WARNING: parameter 'QUEUE3_s' becomes localparam in 'tx_client_fifo' with formal parameter declaration list in ../../source_code/rtl/tx_client_fifo.v(56)
HDL-5370 WARNING: parameter 'QUEUE_ACK_s' becomes localparam in 'tx_client_fifo' with formal parameter declaration list in ../../source_code/rtl/tx_client_fifo.v(57)
HDL-5370 WARNING: parameter 'WAIT_ACK_s' becomes localparam in 'tx_client_fifo' with formal parameter declaration list in ../../source_code/rtl/tx_client_fifo.v(58)
HDL-5370 WARNING: parameter 'FRAME_s' becomes localparam in 'tx_client_fifo' with formal parameter declaration list in ../../source_code/rtl/tx_client_fifo.v(59)
HDL-5370 WARNING: parameter 'DROP_s' becomes localparam in 'tx_client_fifo' with formal parameter declaration list in ../../source_code/rtl/tx_client_fifo.v(60)
HDL-5370 WARNING: parameter 'RETRANSMIT_s' becomes localparam in 'tx_client_fifo' with formal parameter declaration list in ../../source_code/rtl/tx_client_fifo.v(61)
HDL-5370 WARNING: parameter 'WAIT_s' becomes localparam in 'tx_client_fifo' with formal parameter declaration list in ../../source_code/rtl/tx_client_fifo.v(67)
HDL-5370 Similar messages will be suppressed.
HDL-1007 : analyze verilog file ../../source_code/rtl/tx_clk_en_gen.v
HDL-1007 : analyze verilog file ../../source_code/rtl/udp_data_tpg.v
HDL-1007 : analyze verilog file ../../source_code/rtl/UDP_Example_Top.v
HDL-1007 : undeclared symbol 'use_sd_data', assumed default net type 'wire' in ../../source_code/rtl/UDP_Example_Top.v(271)
HDL-1007 : undeclared symbol 'phy_reset', assumed default net type 'wire' in ../../source_code/rtl/UDP_Example_Top.v(397)
HDL-5333 WARNING: data object 'rst_n' is already declared in ../../source_code/rtl/UDP_Example_Top.v(444)
HDL-1007 : previous declaration of 'rst_n' is from here in ../../source_code/rtl/UDP_Example_Top.v(246)
HDL-5007 WARNING: second declaration of 'rst_n' is ignored in ../../source_code/rtl/UDP_Example_Top.v(444)
HDL-1007 : undeclared symbol 'tpg_data_done', assumed default net type 'wire' in ../../source_code/rtl/UDP_Example_Top.v(550)
HDL-1007 : undeclared symbol 'vga_out_de', assumed default net type 'wire' in ../../source_code/rtl/UDP_Example_Top.v(586)
HDL-1007 : undeclared symbol 'hs', assumed default net type 'wire' in ../../source_code/rtl/UDP_Example_Top.v(617)
HDL-1007 : undeclared symbol 'vs', assumed default net type 'wire' in ../../source_code/rtl/UDP_Example_Top.v(618)
HDL-1007 : undeclared symbol 'de', assumed default net type 'wire' in ../../source_code/rtl/UDP_Example_Top.v(619)
HDL-1007 : analyze verilog file ../../source_code/rtl/udp_ip_protocol_stack_merge.enc.v
HDL-1007 : back to file '../../source_code/rtl/udp_ip_protocol_stack_merge.enc.v' in ../../source_code/rtl/udp_ip_protocol_stack_merge.enc.v(56)
HDL-1007 : undeclared symbol '**', assumed default net type '**' in ../../source_code/rtl/udp_ip_protocol_stack_merge.enc.v(2638)
HDL-1007 : back to file '../../source_code/rtl/udp_ip_protocol_stack_merge.enc.v' in ../../source_code/rtl/udp_ip_protocol_stack_merge.enc.v(420)
HDL-1007 : analyze verilog file ../../source_code/rtl/udp_loopback.v
HDL-1007 : analyze verilog file ../../source_code/rtl/sdr/rtl/app_wrrd.v
HDL-1007 : analyze included file ../../source_code/rtl/sdr/rtl/../include/global_def.v in ../../source_code/rtl/sdr/rtl/app_wrrd.v(10)
HDL-1007 : back to file '../../source_code/rtl/sdr/rtl/app_wrrd.v' in ../../source_code/rtl/sdr/rtl/app_wrrd.v(10)
HDL-5372 WARNING: redeclaration of ANSI port 'full_flag' is not allowed in ../../source_code/rtl/sdr/rtl/app_wrrd.v(61)
HDL-1007 : undeclared symbol 'afull', assumed default net type 'wire' in ../../source_code/rtl/sdr/rtl/app_wrrd.v(74)
HDL-1007 : undeclared symbol 'aempty', assumed default net type 'wire' in ../../source_code/rtl/sdr/rtl/app_wrrd.v(75)
HDL-1007 : undeclared symbol 'wrusedw', assumed default net type 'wire' in ../../source_code/rtl/sdr/rtl/app_wrrd.v(76)
HDL-5333 WARNING: data object 'w_addr_cnt' is already declared in ../../source_code/rtl/sdr/rtl/app_wrrd.v(139)
HDL-1007 : previous declaration of 'w_addr_cnt' is from here in ../../source_code/rtl/sdr/rtl/app_wrrd.v(38)
HDL-5007 WARNING: second declaration of 'w_addr_cnt' is ignored in ../../source_code/rtl/sdr/rtl/app_wrrd.v(139)
HDL-1007 : analyze verilog file ../../source_code/rtl/sdr/rtl/sdram_top.v
HDL-1007 : analyze included file ../../source_code/rtl/sdr/rtl/../include/global_def.v in ../../source_code/rtl/sdr/rtl/sdram_top.v(10)
HDL-1007 : back to file '../../source_code/rtl/sdr/rtl/sdram_top.v' in ../../source_code/rtl/sdr/rtl/sdram_top.v(10)
HDL-1007 : undeclared symbol 'Rst_n', assumed default net type 'wire' in ../../source_code/rtl/sdr/rtl/sdram_top.v(70)
HDL-5372 WARNING: redeclaration of ANSI port 'wr_done' is not allowed in ../../source_code/rtl/sdr/rtl/sdram_top.v(73)
HDL-1007 : undeclared symbol 'SDR_CKE', assumed default net type 'wire' in ../../source_code/rtl/sdr/rtl/sdram_top.v(132)
HDL-1007 : analyze verilog file ../../source_code/rtl/sd/sd_ctrl_top.v
HDL-1007 : analyze verilog file ../../source_code/rtl/sd/sd_init.v
HDL-1007 : analyze verilog file ../../source_code/rtl/sd/sd_read.v
HDL-1007 : analyze verilog file ../../source_code/rtl/sd/sd_read_photo.v
HDL-1007 : analyze verilog file ../../source_code/rtl/sdr/rtl/enc_file/sdr_as_ram.enc.v
HDL-1007 : back to file '../../source_code/rtl/sdr/rtl/enc_file/sdr_as_ram.enc.v' in ../../source_code/rtl/sdr/rtl/enc_file/sdr_as_ram.enc.v(45)
HDL-1007 : analyze verilog file ../../source_code/rtl/sdr/rtl/enc_file/sdr_init_ref.enc.v
HDL-1007 : undeclared symbol '**', assumed default net type '**' in ../../source_code/rtl/sdr/rtl/enc_file/sdr_init_ref.enc.v(57)
HDL-1007 : back to file '../../source_code/rtl/sdr/rtl/enc_file/sdr_init_ref.enc.v' in ../../source_code/rtl/sdr/rtl/enc_file/sdr_init_ref.enc.v(148)
HDL-5007 WARNING: concatenation with an unsized literal will be treated as 32 bits in ../../source_code/rtl/sdr/rtl/enc_file/sdr_init_ref.enc.v(47)
HDL-1007 : analyze verilog file ../../source_code/rtl/sdr/rtl/enc_file/sdr_wrrd.enc.v
HDL-5007 WARNING: concatenation with an unsized literal will be treated as 32 bits in ../../source_code/rtl/sdr/rtl/enc_file/sdr_wrrd.enc.v(283)
HDL-1007 : back to file '../../source_code/rtl/sdr/rtl/enc_file/sdr_wrrd.enc.v' in ../../source_code/rtl/sdr/rtl/enc_file/sdr_wrrd.enc.v(19)
HDL-1007 : analyze verilog file ../../source_code/rtl/camera_data_gen.v
HDL-1007 : analyze verilog file ../../source_code/rtl/ov5640/ov5640_dri.v
HDL-1007 : analyze verilog file ../../source_code/rtl/ov5640/ov5640_delay.v
HDL-1007 : analyze verilog file ../../source_code/rtl/ov5640/i2c_ov5640_rgb565_cfg.v
HDL-1007 : analyze verilog file ../../source_code/rtl/ov5640/i2c_dri.v
HDL-1007 : analyze verilog file ../../source_code/rtl/ov5640/cmos_capture_data.v
HDL-1007 : analyze verilog file ../../source_code/rtl/sdram_write_static_sel.v
HDL-1007 : analyze verilog file ../../source_code/rtl/uart/cmd_ctrl.v
HDL-1007 : analyze verilog file ../../source_code/rtl/uart/uart_rx.v
HDL-1007 : analyze verilog file ../../source_code/rtl/uart/uart_test.v
HDL-1007 : analyze verilog file ../../source_code/rtl/uart/uart_tx.v
HDL-1007 : analyze verilog file ../../source_code/rtl/display/color_bar.v
HDL-1007 : analyze included file ../../source_code/rtl/display/video_define.v in ../../source_code/rtl/display/color_bar.v(1)
HDL-1007 : back to file '../../source_code/rtl/display/color_bar.v' in ../../source_code/rtl/display/color_bar.v(1)
HDL-1007 : analyze verilog file ../../source_code/rtl/display/video_delay.v
HDL-1007 : analyze verilog file ../../source_code/rtl/display/video_timing_data.v
HDL-1007 : analyze verilog file ../../source_code/rtl/sdram_read_align.v
HDL-1007 : analyze VHDL file ../../source_code/rtl/hdmi/hdmi_tx.vhd
HDL-1007 : analyze entity hdmi_tx in ../../source_code/rtl/hdmi/hdmi_tx.vhd(11)
HDL-1007 : analyze architecture behavioral in ../../source_code/rtl/hdmi/hdmi_tx.vhd(33)
HDL-1007 : analyze verilog file ../../source_code/rtl/sd/sd_card_ctrl.v
HDL-1007 : analyze VHDL file ../../source_code/rtl/hdmi/enc_file/DVITransmitter.enc.vhd
HDL-1007 : analyze entity dvitransmitter in ../../source_code/rtl/hdmi/enc_file/DVITransmitter.enc.vhd(13)
HDL-1007 : analyze architecture ** in ../../source_code/rtl/hdmi/enc_file/DVITransmitter.enc.vhd(2)
HDL-1007 : analyze VHDL file ../../source_code/rtl/hdmi/enc_file/SerializerN_1_lvds.enc.vhd
HDL-1007 : analyze entity ** in ../../source_code/rtl/hdmi/enc_file/SerializerN_1_lvds.enc.vhd(12)
HDL-1007 : analyze architecture ** in ../../source_code/rtl/hdmi/enc_file/SerializerN_1_lvds.enc.vhd(25)
HDL-1007 : analyze VHDL file ../../source_code/rtl/hdmi/enc_file/SerializerN_1_lvds_dat.enc.vhd
HDL-1007 : analyze entity ** in ../../source_code/rtl/hdmi/enc_file/SerializerN_1_lvds_dat.enc.vhd(14)
HDL-1007 : analyze architecture ** in ../../source_code/rtl/hdmi/enc_file/SerializerN_1_lvds_dat.enc.vhd(28)
HDL-1007 : analyze VHDL file ../../source_code/rtl/hdmi/enc_file/TMDSEncoder.enc.vhd
HDL-1007 : analyze entity ** in ../../source_code/rtl/hdmi/enc_file/TMDSEncoder.enc.vhd(13)
HDL-1007 : analyze architecture ** in ../../source_code/rtl/hdmi/enc_file/TMDSEncoder.enc.vhd(24)
PRJ-1412 : reset_run syn_1 phy_1.
PRJ-1409 : launch_runs syn_1 phy_1  -jobs 6.
PRJ-1410 : Run syn_1 success.
RUN-1002 : start command "save_best_bits"
PRJ-1424 : The implemented result of phy_1 is saved as best result.
PRJ-1410 : Run phy_1 success.
RUN-1002 : start command "import_db D:/Anlu/double_fpga_udp/tx/sdram_switch/UDP_EG4_6.2/prj/UDP_EXAMPLE/UDP_EXAMPLE_Runs/phy_1/UDP_EXAMPLE_pr.db"
RUN-1001 : Importing database generated by Tang Dynasty, V6.2.168116.
RUN-1001 : Database version number 46207
RUN-1001 : Import flow parameters
RUN-1001 : Import netlist
PHY-1001 : Generate detailed routing grids ...
PHY-1001 : End build routing graph; 0.791590s wall, 0.796875s user + 0.046875s system = 0.843750s CPU (106.6%)

PHY-1001 : Processed IO instance sd_miso_syn_4 with INV attribute.
PHY-1001 : Build lut bridge;  0.080577s wall, 0.093750s user + 0.000000s system = 0.093750s CPU (116.3%)

PHY-1001 : Generate nets ...
PHY-1001 : net cam_pclk_dup_1 will be routed on clock mesh
PHY-1001 : net clk_50_dup_1 will be routed on clock mesh
PHY-1001 : net clk_50m_180deg will be routed on clock mesh
PHY-1001 : clock net temac_clk will be merged with clock u_clk_gen/u_pll_0/clk0_buf
PHY-1001 : net temac_clk90 will be routed on clock mesh
PHY-1001 : net udp_clk will be routed on clock mesh
PHY-1001 : clock net t3_sdram/u0_clk/clk0_out will be merged with clock t3_sdram/u0_clk/clk0_buf
PHY-1001 : net t3_sdram/u1_app_wrrd/clk will be routed on clock mesh
PHY-1001 : net t3_sdram/u1_app_wrrd/sd_clk will be routed on clock mesh
PHY-1001 : net t3_sdram/u2_ram/SDRAM_CLK will be routed on clock mesh
PHY-1001 : net u3_hdmi_tx/Inst_DVITransmitter/PCLK_I will be routed on clock mesh
PHY-1001 : clock net cwc_jtck_syn_2 will be merged with clock cwc_jtck
PHY-1001 : net auto_created_cwc1/wrapper_cwc_top/U_cwc_ram/clka will be routed on clock mesh
PHY-1001 : clock net u4_trimac_block/rx_clk will be merged with clock u4_trimac_block/u1_rgmii_interface/rgmii_rxc
PHY-1001 : clock net u_sdram_write_sel/clk_cfg will be merged with clock u_pll_50/clk0_buf
PHY-1001 : clock net u_rx_pll/clk0_out will be merged with clock u_rx_pll/clk0_buf
PHY-1001 : eco open net = 0
PHY-1001 : 215 feed throughs used by 181 nets
RUN-1001 : Import phy database
RUN-1001 : Import timing constraints
RUN-1001 : Import IO constraints
RUN-1001 : Import Inst constraints
RUN-1001 : Import ChipWatcher
RUN-1001 : Import design success TD_VERSION=6.2.168116 , DB_VERSION=46207
RUN-1003 : finish command "import_db D:/Anlu/double_fpga_udp/tx/sdram_switch/UDP_EG4_6.2/prj/UDP_EXAMPLE/UDP_EXAMPLE_Runs/phy_1/UDP_EXAMPLE_pr.db" in  4.382007s wall, 4.281250s user + 0.578125s system = 4.859375s CPU (110.9%)

RUN-1004 : used memory is 662 MB, reserved memory is 735 MB, peak memory is 697 MB
RUN-1002 : start command "commit_param -step design"
RUN-1001 : Print Global Property
RUN-1001 : --------------------------------------------------------
RUN-1001 :   Parameters   |  Settings  |  Default Values  |  Note  
RUN-1001 : --------------------------------------------------------
RUN-1001 :   enable_seed  |    off     |       off        |        
RUN-1001 :     message    |  standard  |     standard     |        
RUN-1001 :   qor_monitor  |     on     |        on        |        
RUN-1001 :   syn_ip_flow  |    off     |       off        |        
RUN-1001 :     thread     |    auto    |       auto       |        
RUN-1001 : --------------------------------------------------------
RUN-1001 : Print Design Property
RUN-1001 : ----------------------------------------------------------------
RUN-1001 :       Parameters       |  Settings  |  Default Values  |  Note  
RUN-1001 : ----------------------------------------------------------------
RUN-1001 :   default_reg_initial  |    auto    |       auto       |        
RUN-1001 :    hdl_warning_level   |   normal   |      normal      |        
RUN-1001 : ----------------------------------------------------------------
HDL-1007 : analyze verilog file al_ip/TEMAC_CORE/RTL/mac_core_aead6cd6dadd.v
HDL-1007 : analyze verilog file al_ip/TEMAC_CORE/RTL/TEMAC_CORE_aead6cd6dadd.v
HDL-5007 WARNING: column 1032 exceeds maximum value 1023 in al_ip/TEMAC_CORE/RTL/TEMAC_CORE_aead6cd6dadd.v(30)
HDL-1007 : back to file 'al_ip/TEMAC_CORE/RTL/TEMAC_CORE_aead6cd6dadd.v' in al_ip/TEMAC_CORE/RTL/TEMAC_CORE_aead6cd6dadd.v(86)
HDL-5007 WARNING: event expressions must result in a singular type in al_ip/TEMAC_CORE/RTL/TEMAC_CORE_aead6cd6dadd.v(3001)
HDL-1007 : undeclared symbol '**', assumed default net type '**' in al_ip/TEMAC_CORE/RTL/TEMAC_CORE_aead6cd6dadd.v(5050)
HDL-1007 : undeclared symbol '**', assumed default net type '**' in al_ip/TEMAC_CORE/RTL/TEMAC_CORE_aead6cd6dadd.v(5458)
HDL-5007 WARNING: column 1035 exceeds maximum value 1023 in al_ip/TEMAC_CORE/RTL/TEMAC_CORE_aead6cd6dadd.v(6001)
HDL-1007 : back to file 'al_ip/TEMAC_CORE/RTL/TEMAC_CORE_aead6cd6dadd.v' in al_ip/TEMAC_CORE/RTL/TEMAC_CORE_aead6cd6dadd.v(260)
HDL-1007 : analyze verilog file al_ip/TEMAC_CORE/TEMAC_CORE.v
HDL-1007 : analyze verilog file al_ip/clk_pll.v
HDL-1007 : undeclared symbol 'clk_pll_open0', assumed default net type 'wire' in al_ip/clk_pll.v(92)
HDL-1007 : undeclared symbol 'clk_pll_open8', assumed default net type 'wire' in al_ip/clk_pll.v(98)
HDL-1007 : undeclared symbol 'clk_pll_open7', assumed default net type 'wire' in al_ip/clk_pll.v(98)
HDL-1007 : undeclared symbol 'clk_pll_open6', assumed default net type 'wire' in al_ip/clk_pll.v(98)
HDL-1007 : undeclared symbol 'clk_pll_open5', assumed default net type 'wire' in al_ip/clk_pll.v(98)
HDL-1007 : undeclared symbol 'clk_pll_open4', assumed default net type 'wire' in al_ip/clk_pll.v(98)
HDL-1007 : undeclared symbol 'clk_pll_open3', assumed default net type 'wire' in al_ip/clk_pll.v(98)
HDL-1007 : undeclared symbol 'clk_pll_open2', assumed default net type 'wire' in al_ip/clk_pll.v(98)
HDL-1007 : undeclared symbol 'clk_pll_open1', assumed default net type 'wire' in al_ip/clk_pll.v(98)
HDL-1007 : undeclared symbol 'clk_pll_open9', assumed default net type 'wire' in al_ip/clk_pll.v(100)
HDL-1007 : analyze verilog file al_ip/fifo_sdr_data_2.v
HDL-1007 : analyze verilog file al_ip/pll_50.v
HDL-1007 : undeclared symbol 'open', assumed default net type 'wire' in al_ip/pll_50.v(85)
HDL-1007 : analyze verilog file al_ip/pll_gen.v
HDL-1007 : undeclared symbol 'pll_gen_open0', assumed default net type 'wire' in al_ip/pll_gen.v(99)
HDL-1007 : undeclared symbol 'pll_gen_open8', assumed default net type 'wire' in al_ip/pll_gen.v(105)
HDL-1007 : undeclared symbol 'pll_gen_open7', assumed default net type 'wire' in al_ip/pll_gen.v(105)
HDL-1007 : undeclared symbol 'pll_gen_open6', assumed default net type 'wire' in al_ip/pll_gen.v(105)
HDL-1007 : undeclared symbol 'pll_gen_open5', assumed default net type 'wire' in al_ip/pll_gen.v(105)
HDL-1007 : undeclared symbol 'pll_gen_open4', assumed default net type 'wire' in al_ip/pll_gen.v(105)
HDL-1007 : undeclared symbol 'pll_gen_open3', assumed default net type 'wire' in al_ip/pll_gen.v(105)
HDL-1007 : undeclared symbol 'pll_gen_open2', assumed default net type 'wire' in al_ip/pll_gen.v(105)
HDL-1007 : undeclared symbol 'pll_gen_open1', assumed default net type 'wire' in al_ip/pll_gen.v(105)
HDL-1007 : analyze verilog file al_ip/rx_pll.v
HDL-1007 : undeclared symbol 'open', assumed default net type 'wire' in al_ip/rx_pll.v(78)
HDL-1007 : analyze verilog file ../../source_code/rtl/BUFGMUX.v
HDL-1007 : analyze verilog file ../../source_code/rtl/clk_gen_rst_gen.v
HDL-1007 : analyze verilog file ../../source_code/rtl/div_clk_gen.v
HDL-1007 : analyze verilog file ../../source_code/rtl/IDDR.v
HDL-1007 : analyze verilog file ../../source_code/rtl/ODDR.v
HDL-1007 : analyze verilog file ../../source_code/rtl/RAMB16_S9_S9.v
HDL-1007 : undeclared symbol 'open', assumed default net type 'wire' in ../../source_code/rtl/RAMB16_S9_S9.v(109)
HDL-1007 : analyze verilog file ../../source_code/rtl/rgmii_interface.v
HDL-1007 : analyze verilog file ../../source_code/rtl/rx_client_fifo.v
HDL-5370 WARNING: parameter 'WAIT_s' becomes localparam in 'rx_client_fifo' with formal parameter declaration list in ../../source_code/rtl/rx_client_fifo.v(49)
HDL-5370 WARNING: parameter 'QUEUE1_s' becomes localparam in 'rx_client_fifo' with formal parameter declaration list in ../../source_code/rtl/rx_client_fifo.v(50)
HDL-5370 WARNING: parameter 'QUEUE2_s' becomes localparam in 'rx_client_fifo' with formal parameter declaration list in ../../source_code/rtl/rx_client_fifo.v(51)
HDL-5370 WARNING: parameter 'QUEUE3_s' becomes localparam in 'rx_client_fifo' with formal parameter declaration list in ../../source_code/rtl/rx_client_fifo.v(52)
HDL-5370 WARNING: parameter 'QUEUE_SOF_s' becomes localparam in 'rx_client_fifo' with formal parameter declaration list in ../../source_code/rtl/rx_client_fifo.v(53)
HDL-5370 WARNING: parameter 'SOF_s' becomes localparam in 'rx_client_fifo' with formal parameter declaration list in ../../source_code/rtl/rx_client_fifo.v(54)
HDL-5370 WARNING: parameter 'DATA_s' becomes localparam in 'rx_client_fifo' with formal parameter declaration list in ../../source_code/rtl/rx_client_fifo.v(55)
HDL-5370 WARNING: parameter 'EOF_s' becomes localparam in 'rx_client_fifo' with formal parameter declaration list in ../../source_code/rtl/rx_client_fifo.v(56)
HDL-5370 WARNING: parameter 'IDLE_s' becomes localparam in 'rx_client_fifo' with formal parameter declaration list in ../../source_code/rtl/rx_client_fifo.v(62)
HDL-5370 WARNING: parameter 'FRAME_s' becomes localparam in 'rx_client_fifo' with formal parameter declaration list in ../../source_code/rtl/rx_client_fifo.v(63)
HDL-5370 Similar messages will be suppressed.
HDL-1007 : analyze verilog file ../../source_code/rtl/temac_block.v
HDL-1007 : analyze verilog file ../../source_code/rtl/temac_clk_gen.v
HDL-1007 : analyze verilog file ../../source_code/rtl/tx_client_fifo.v
HDL-5370 WARNING: parameter 'IDLE_s' becomes localparam in 'tx_client_fifo' with formal parameter declaration list in ../../source_code/rtl/tx_client_fifo.v(53)
HDL-5370 WARNING: parameter 'QUEUE1_s' becomes localparam in 'tx_client_fifo' with formal parameter declaration list in ../../source_code/rtl/tx_client_fifo.v(54)
HDL-5370 WARNING: parameter 'QUEUE2_s' becomes localparam in 'tx_client_fifo' with formal parameter declaration list in ../../source_code/rtl/tx_client_fifo.v(55)
HDL-5370 WARNING: parameter 'QUEUE3_s' becomes localparam in 'tx_client_fifo' with formal parameter declaration list in ../../source_code/rtl/tx_client_fifo.v(56)
HDL-5370 WARNING: parameter 'QUEUE_ACK_s' becomes localparam in 'tx_client_fifo' with formal parameter declaration list in ../../source_code/rtl/tx_client_fifo.v(57)
HDL-5370 WARNING: parameter 'WAIT_ACK_s' becomes localparam in 'tx_client_fifo' with formal parameter declaration list in ../../source_code/rtl/tx_client_fifo.v(58)
HDL-5370 WARNING: parameter 'FRAME_s' becomes localparam in 'tx_client_fifo' with formal parameter declaration list in ../../source_code/rtl/tx_client_fifo.v(59)
HDL-5370 WARNING: parameter 'DROP_s' becomes localparam in 'tx_client_fifo' with formal parameter declaration list in ../../source_code/rtl/tx_client_fifo.v(60)
HDL-5370 WARNING: parameter 'RETRANSMIT_s' becomes localparam in 'tx_client_fifo' with formal parameter declaration list in ../../source_code/rtl/tx_client_fifo.v(61)
HDL-5370 WARNING: parameter 'WAIT_s' becomes localparam in 'tx_client_fifo' with formal parameter declaration list in ../../source_code/rtl/tx_client_fifo.v(67)
HDL-5370 Similar messages will be suppressed.
HDL-1007 : analyze verilog file ../../source_code/rtl/tx_clk_en_gen.v
HDL-1007 : analyze verilog file ../../source_code/rtl/udp_data_tpg.v
HDL-1007 : analyze verilog file ../../source_code/rtl/UDP_Example_Top.v
HDL-1007 : undeclared symbol 'use_sd_data', assumed default net type 'wire' in ../../source_code/rtl/UDP_Example_Top.v(271)
HDL-1007 : undeclared symbol 'phy_reset', assumed default net type 'wire' in ../../source_code/rtl/UDP_Example_Top.v(397)
HDL-5333 WARNING: data object 'rst_n' is already declared in ../../source_code/rtl/UDP_Example_Top.v(444)
HDL-1007 : previous declaration of 'rst_n' is from here in ../../source_code/rtl/UDP_Example_Top.v(246)
HDL-5007 WARNING: second declaration of 'rst_n' is ignored in ../../source_code/rtl/UDP_Example_Top.v(444)
HDL-1007 : undeclared symbol 'tpg_data_done', assumed default net type 'wire' in ../../source_code/rtl/UDP_Example_Top.v(550)
HDL-1007 : undeclared symbol 'vga_out_de', assumed default net type 'wire' in ../../source_code/rtl/UDP_Example_Top.v(587)
HDL-1007 : undeclared symbol 'hs', assumed default net type 'wire' in ../../source_code/rtl/UDP_Example_Top.v(618)
HDL-1007 : undeclared symbol 'vs', assumed default net type 'wire' in ../../source_code/rtl/UDP_Example_Top.v(619)
HDL-1007 : undeclared symbol 'de', assumed default net type 'wire' in ../../source_code/rtl/UDP_Example_Top.v(620)
HDL-1007 : analyze verilog file ../../source_code/rtl/udp_ip_protocol_stack_merge.enc.v
HDL-1007 : back to file '../../source_code/rtl/udp_ip_protocol_stack_merge.enc.v' in ../../source_code/rtl/udp_ip_protocol_stack_merge.enc.v(56)
HDL-1007 : undeclared symbol '**', assumed default net type '**' in ../../source_code/rtl/udp_ip_protocol_stack_merge.enc.v(2638)
HDL-1007 : back to file '../../source_code/rtl/udp_ip_protocol_stack_merge.enc.v' in ../../source_code/rtl/udp_ip_protocol_stack_merge.enc.v(420)
HDL-1007 : analyze verilog file ../../source_code/rtl/udp_loopback.v
HDL-1007 : analyze verilog file ../../source_code/rtl/sdr/rtl/app_wrrd.v
HDL-1007 : analyze included file ../../source_code/rtl/sdr/rtl/../include/global_def.v in ../../source_code/rtl/sdr/rtl/app_wrrd.v(10)
HDL-1007 : back to file '../../source_code/rtl/sdr/rtl/app_wrrd.v' in ../../source_code/rtl/sdr/rtl/app_wrrd.v(10)
HDL-5372 WARNING: redeclaration of ANSI port 'full_flag' is not allowed in ../../source_code/rtl/sdr/rtl/app_wrrd.v(61)
HDL-1007 : undeclared symbol 'afull', assumed default net type 'wire' in ../../source_code/rtl/sdr/rtl/app_wrrd.v(74)
HDL-1007 : undeclared symbol 'aempty', assumed default net type 'wire' in ../../source_code/rtl/sdr/rtl/app_wrrd.v(75)
HDL-1007 : undeclared symbol 'wrusedw', assumed default net type 'wire' in ../../source_code/rtl/sdr/rtl/app_wrrd.v(76)
HDL-5333 WARNING: data object 'w_addr_cnt' is already declared in ../../source_code/rtl/sdr/rtl/app_wrrd.v(139)
HDL-1007 : previous declaration of 'w_addr_cnt' is from here in ../../source_code/rtl/sdr/rtl/app_wrrd.v(38)
HDL-5007 WARNING: second declaration of 'w_addr_cnt' is ignored in ../../source_code/rtl/sdr/rtl/app_wrrd.v(139)
HDL-1007 : analyze verilog file ../../source_code/rtl/sdr/rtl/sdram_top.v
HDL-1007 : analyze included file ../../source_code/rtl/sdr/rtl/../include/global_def.v in ../../source_code/rtl/sdr/rtl/sdram_top.v(10)
HDL-1007 : back to file '../../source_code/rtl/sdr/rtl/sdram_top.v' in ../../source_code/rtl/sdr/rtl/sdram_top.v(10)
HDL-1007 : undeclared symbol 'Rst_n', assumed default net type 'wire' in ../../source_code/rtl/sdr/rtl/sdram_top.v(70)
HDL-5372 WARNING: redeclaration of ANSI port 'wr_done' is not allowed in ../../source_code/rtl/sdr/rtl/sdram_top.v(73)
HDL-1007 : undeclared symbol 'SDR_CKE', assumed default net type 'wire' in ../../source_code/rtl/sdr/rtl/sdram_top.v(132)
HDL-1007 : analyze verilog file ../../source_code/rtl/sd/sd_ctrl_top.v
HDL-1007 : analyze verilog file ../../source_code/rtl/sd/sd_init.v
HDL-1007 : analyze verilog file ../../source_code/rtl/sd/sd_read.v
HDL-1007 : analyze verilog file ../../source_code/rtl/sd/sd_read_photo.v
HDL-1007 : analyze verilog file ../../source_code/rtl/sdr/rtl/enc_file/sdr_as_ram.enc.v
HDL-1007 : back to file '../../source_code/rtl/sdr/rtl/enc_file/sdr_as_ram.enc.v' in ../../source_code/rtl/sdr/rtl/enc_file/sdr_as_ram.enc.v(45)
HDL-1007 : analyze verilog file ../../source_code/rtl/sdr/rtl/enc_file/sdr_init_ref.enc.v
HDL-1007 : undeclared symbol '**', assumed default net type '**' in ../../source_code/rtl/sdr/rtl/enc_file/sdr_init_ref.enc.v(57)
HDL-1007 : back to file '../../source_code/rtl/sdr/rtl/enc_file/sdr_init_ref.enc.v' in ../../source_code/rtl/sdr/rtl/enc_file/sdr_init_ref.enc.v(148)
HDL-5007 WARNING: concatenation with an unsized literal will be treated as 32 bits in ../../source_code/rtl/sdr/rtl/enc_file/sdr_init_ref.enc.v(47)
HDL-1007 : analyze verilog file ../../source_code/rtl/sdr/rtl/enc_file/sdr_wrrd.enc.v
HDL-5007 WARNING: concatenation with an unsized literal will be treated as 32 bits in ../../source_code/rtl/sdr/rtl/enc_file/sdr_wrrd.enc.v(283)
HDL-1007 : back to file '../../source_code/rtl/sdr/rtl/enc_file/sdr_wrrd.enc.v' in ../../source_code/rtl/sdr/rtl/enc_file/sdr_wrrd.enc.v(19)
HDL-1007 : analyze verilog file ../../source_code/rtl/camera_data_gen.v
HDL-1007 : analyze verilog file ../../source_code/rtl/ov5640/ov5640_dri.v
HDL-1007 : analyze verilog file ../../source_code/rtl/ov5640/ov5640_delay.v
HDL-1007 : analyze verilog file ../../source_code/rtl/ov5640/i2c_ov5640_rgb565_cfg.v
HDL-1007 : analyze verilog file ../../source_code/rtl/ov5640/i2c_dri.v
HDL-1007 : analyze verilog file ../../source_code/rtl/ov5640/cmos_capture_data.v
HDL-1007 : analyze verilog file ../../source_code/rtl/sdram_write_static_sel.v
HDL-1007 : analyze verilog file ../../source_code/rtl/uart/cmd_ctrl.v
HDL-1007 : analyze verilog file ../../source_code/rtl/uart/uart_rx.v
HDL-1007 : analyze verilog file ../../source_code/rtl/uart/uart_test.v
HDL-1007 : analyze verilog file ../../source_code/rtl/uart/uart_tx.v
HDL-1007 : analyze verilog file ../../source_code/rtl/display/color_bar.v
HDL-1007 : analyze included file ../../source_code/rtl/display/video_define.v in ../../source_code/rtl/display/color_bar.v(1)
HDL-1007 : back to file '../../source_code/rtl/display/color_bar.v' in ../../source_code/rtl/display/color_bar.v(1)
HDL-1007 : analyze verilog file ../../source_code/rtl/display/video_delay.v
HDL-1007 : analyze verilog file ../../source_code/rtl/display/video_timing_data.v
HDL-1007 : analyze verilog file ../../source_code/rtl/sdram_read_align.v
HDL-1007 : analyze VHDL file ../../source_code/rtl/hdmi/hdmi_tx.vhd
HDL-1007 : analyze entity hdmi_tx in ../../source_code/rtl/hdmi/hdmi_tx.vhd(11)
HDL-1007 : analyze architecture behavioral in ../../source_code/rtl/hdmi/hdmi_tx.vhd(33)
HDL-1007 : analyze verilog file ../../source_code/rtl/sd/sd_card_ctrl.v
HDL-1007 : analyze VHDL file ../../source_code/rtl/hdmi/enc_file/DVITransmitter.enc.vhd
HDL-1007 : analyze entity dvitransmitter in ../../source_code/rtl/hdmi/enc_file/DVITransmitter.enc.vhd(13)
HDL-1007 : analyze architecture ** in ../../source_code/rtl/hdmi/enc_file/DVITransmitter.enc.vhd(2)
HDL-1007 : analyze VHDL file ../../source_code/rtl/hdmi/enc_file/SerializerN_1_lvds.enc.vhd
HDL-1007 : analyze entity ** in ../../source_code/rtl/hdmi/enc_file/SerializerN_1_lvds.enc.vhd(12)
HDL-1007 : analyze architecture ** in ../../source_code/rtl/hdmi/enc_file/SerializerN_1_lvds.enc.vhd(25)
HDL-1007 : analyze VHDL file ../../source_code/rtl/hdmi/enc_file/SerializerN_1_lvds_dat.enc.vhd
HDL-1007 : analyze entity ** in ../../source_code/rtl/hdmi/enc_file/SerializerN_1_lvds_dat.enc.vhd(14)
HDL-1007 : analyze architecture ** in ../../source_code/rtl/hdmi/enc_file/SerializerN_1_lvds_dat.enc.vhd(28)
HDL-1007 : analyze VHDL file ../../source_code/rtl/hdmi/enc_file/TMDSEncoder.enc.vhd
HDL-1007 : analyze entity ** in ../../source_code/rtl/hdmi/enc_file/TMDSEncoder.enc.vhd(13)
HDL-1007 : analyze architecture ** in ../../source_code/rtl/hdmi/enc_file/TMDSEncoder.enc.vhd(24)
PRJ-1412 : reset_run syn_1 phy_1.
PRJ-1409 : launch_runs syn_1 phy_1  -jobs 6.
PRJ-1410 : Run syn_1 success.
PRJ-1410 : Run phy_1 success.
RUN-1002 : start command "save_best_bits"
PRJ-1424 : The implemented result of phy_1 is saved as best result.
RUN-1002 : start command "import_db D:/Anlu/double_fpga_udp/tx/sdram_switch/UDP_EG4_6.2/prj/UDP_EXAMPLE/UDP_EXAMPLE_Runs/phy_1/UDP_EXAMPLE_pr.db"
RUN-1001 : Importing database generated by Tang Dynasty, V6.2.168116.
RUN-1001 : Database version number 46207
RUN-1001 : Import flow parameters
RUN-1001 : Import netlist
PHY-1001 : Generate detailed routing grids ...
PHY-1001 : End build routing graph; 0.774985s wall, 0.765625s user + 0.062500s system = 0.828125s CPU (106.9%)

PHY-1001 : Processed IO instance sd_miso_syn_4 with INV attribute.
PHY-1001 : Build lut bridge;  0.091088s wall, 0.093750s user + 0.000000s system = 0.093750s CPU (102.9%)

PHY-1001 : Generate nets ...
PHY-1001 : net cam_pclk_dup_1 will be routed on clock mesh
PHY-1001 : net clk_50_dup_1 will be routed on clock mesh
PHY-1001 : net clk_50m_180deg will be routed on clock mesh
PHY-1001 : clock net temac_clk will be merged with clock u_clk_gen/u_pll_0/clk0_buf
PHY-1001 : net temac_clk90 will be routed on clock mesh
PHY-1001 : net udp_clk will be routed on clock mesh
PHY-1001 : clock net t3_sdram/u0_clk/clk0_out will be merged with clock t3_sdram/u0_clk/clk0_buf
PHY-1001 : net t3_sdram/u1_app_wrrd/clk will be routed on clock mesh
PHY-1001 : net t3_sdram/u1_app_wrrd/sd_clk will be routed on clock mesh
PHY-1001 : net t3_sdram/u2_ram/SDRAM_CLK will be routed on clock mesh
PHY-1001 : net u3_hdmi_tx/Inst_DVITransmitter/PCLK_I will be routed on clock mesh
PHY-1001 : clock net cwc_jtck_syn_2 will be merged with clock cwc_jtck
PHY-1001 : net auto_created_cwc1/wrapper_cwc_top/U_cwc_ram/clka will be routed on clock mesh
PHY-1001 : clock net u4_trimac_block/rx_clk will be merged with clock u4_trimac_block/u1_rgmii_interface/rgmii_rxc
PHY-1001 : clock net u_sdram_write_sel/clk_cfg will be merged with clock u_pll_50/clk0_buf
PHY-1001 : clock net u_rx_pll/clk0_out will be merged with clock u_rx_pll/clk0_buf
PHY-1001 : eco open net = 0
PHY-1001 : 215 feed throughs used by 181 nets
RUN-1001 : Import phy database
RUN-1001 : Import timing constraints
RUN-1001 : Import IO constraints
RUN-1001 : Import Inst constraints
RUN-1001 : Import ChipWatcher
RUN-1001 : Import design success TD_VERSION=6.2.168116 , DB_VERSION=46207
RUN-1003 : finish command "import_db D:/Anlu/double_fpga_udp/tx/sdram_switch/UDP_EG4_6.2/prj/UDP_EXAMPLE/UDP_EXAMPLE_Runs/phy_1/UDP_EXAMPLE_pr.db" in  4.333624s wall, 4.312500s user + 0.375000s system = 4.687500s CPU (108.2%)

RUN-1004 : used memory is 661 MB, reserved memory is 745 MB, peak memory is 697 MB
RUN-1002 : start command "commit_param -step design"
RUN-1001 : Print Global Property
RUN-1001 : --------------------------------------------------------
RUN-1001 :   Parameters   |  Settings  |  Default Values  |  Note  
RUN-1001 : --------------------------------------------------------
RUN-1001 :   enable_seed  |    off     |       off        |        
RUN-1001 :     message    |  standard  |     standard     |        
RUN-1001 :   qor_monitor  |     on     |        on        |        
RUN-1001 :   syn_ip_flow  |    off     |       off        |        
RUN-1001 :     thread     |    auto    |       auto       |        
RUN-1001 : --------------------------------------------------------
RUN-1001 : Print Design Property
RUN-1001 : ----------------------------------------------------------------
RUN-1001 :       Parameters       |  Settings  |  Default Values  |  Note  
RUN-1001 : ----------------------------------------------------------------
RUN-1001 :   default_reg_initial  |    auto    |       auto       |        
RUN-1001 :    hdl_warning_level   |   normal   |      normal      |        
RUN-1001 : ----------------------------------------------------------------
HDL-1007 : analyze verilog file al_ip/TEMAC_CORE/RTL/mac_core_aead6cd6dadd.v
HDL-1007 : analyze verilog file al_ip/TEMAC_CORE/RTL/TEMAC_CORE_aead6cd6dadd.v
HDL-5007 WARNING: column 1032 exceeds maximum value 1023 in al_ip/TEMAC_CORE/RTL/TEMAC_CORE_aead6cd6dadd.v(30)
HDL-1007 : back to file 'al_ip/TEMAC_CORE/RTL/TEMAC_CORE_aead6cd6dadd.v' in al_ip/TEMAC_CORE/RTL/TEMAC_CORE_aead6cd6dadd.v(86)
HDL-5007 WARNING: event expressions must result in a singular type in al_ip/TEMAC_CORE/RTL/TEMAC_CORE_aead6cd6dadd.v(3001)
HDL-1007 : undeclared symbol '**', assumed default net type '**' in al_ip/TEMAC_CORE/RTL/TEMAC_CORE_aead6cd6dadd.v(5050)
HDL-1007 : undeclared symbol '**', assumed default net type '**' in al_ip/TEMAC_CORE/RTL/TEMAC_CORE_aead6cd6dadd.v(5458)
HDL-5007 WARNING: column 1035 exceeds maximum value 1023 in al_ip/TEMAC_CORE/RTL/TEMAC_CORE_aead6cd6dadd.v(6001)
HDL-1007 : back to file 'al_ip/TEMAC_CORE/RTL/TEMAC_CORE_aead6cd6dadd.v' in al_ip/TEMAC_CORE/RTL/TEMAC_CORE_aead6cd6dadd.v(260)
HDL-1007 : analyze verilog file al_ip/TEMAC_CORE/TEMAC_CORE.v
HDL-1007 : analyze verilog file al_ip/clk_pll.v
HDL-1007 : undeclared symbol 'clk_pll_open0', assumed default net type 'wire' in al_ip/clk_pll.v(92)
HDL-1007 : undeclared symbol 'clk_pll_open8', assumed default net type 'wire' in al_ip/clk_pll.v(98)
HDL-1007 : undeclared symbol 'clk_pll_open7', assumed default net type 'wire' in al_ip/clk_pll.v(98)
HDL-1007 : undeclared symbol 'clk_pll_open6', assumed default net type 'wire' in al_ip/clk_pll.v(98)
HDL-1007 : undeclared symbol 'clk_pll_open5', assumed default net type 'wire' in al_ip/clk_pll.v(98)
HDL-1007 : undeclared symbol 'clk_pll_open4', assumed default net type 'wire' in al_ip/clk_pll.v(98)
HDL-1007 : undeclared symbol 'clk_pll_open3', assumed default net type 'wire' in al_ip/clk_pll.v(98)
HDL-1007 : undeclared symbol 'clk_pll_open2', assumed default net type 'wire' in al_ip/clk_pll.v(98)
HDL-1007 : undeclared symbol 'clk_pll_open1', assumed default net type 'wire' in al_ip/clk_pll.v(98)
HDL-1007 : undeclared symbol 'clk_pll_open9', assumed default net type 'wire' in al_ip/clk_pll.v(100)
HDL-1007 : analyze verilog file al_ip/fifo_sdr_data_2.v
HDL-1007 : analyze verilog file al_ip/pll_50.v
HDL-1007 : undeclared symbol 'open', assumed default net type 'wire' in al_ip/pll_50.v(85)
HDL-1007 : analyze verilog file al_ip/pll_gen.v
HDL-1007 : undeclared symbol 'pll_gen_open0', assumed default net type 'wire' in al_ip/pll_gen.v(99)
HDL-1007 : undeclared symbol 'pll_gen_open8', assumed default net type 'wire' in al_ip/pll_gen.v(105)
HDL-1007 : undeclared symbol 'pll_gen_open7', assumed default net type 'wire' in al_ip/pll_gen.v(105)
HDL-1007 : undeclared symbol 'pll_gen_open6', assumed default net type 'wire' in al_ip/pll_gen.v(105)
HDL-1007 : undeclared symbol 'pll_gen_open5', assumed default net type 'wire' in al_ip/pll_gen.v(105)
HDL-1007 : undeclared symbol 'pll_gen_open4', assumed default net type 'wire' in al_ip/pll_gen.v(105)
HDL-1007 : undeclared symbol 'pll_gen_open3', assumed default net type 'wire' in al_ip/pll_gen.v(105)
HDL-1007 : undeclared symbol 'pll_gen_open2', assumed default net type 'wire' in al_ip/pll_gen.v(105)
HDL-1007 : undeclared symbol 'pll_gen_open1', assumed default net type 'wire' in al_ip/pll_gen.v(105)
HDL-1007 : analyze verilog file al_ip/rx_pll.v
HDL-1007 : undeclared symbol 'open', assumed default net type 'wire' in al_ip/rx_pll.v(78)
HDL-1007 : analyze verilog file ../../source_code/rtl/BUFGMUX.v
HDL-1007 : analyze verilog file ../../source_code/rtl/clk_gen_rst_gen.v
HDL-1007 : analyze verilog file ../../source_code/rtl/div_clk_gen.v
HDL-1007 : analyze verilog file ../../source_code/rtl/IDDR.v
HDL-1007 : analyze verilog file ../../source_code/rtl/ODDR.v
HDL-1007 : analyze verilog file ../../source_code/rtl/RAMB16_S9_S9.v
HDL-1007 : undeclared symbol 'open', assumed default net type 'wire' in ../../source_code/rtl/RAMB16_S9_S9.v(109)
HDL-1007 : analyze verilog file ../../source_code/rtl/rgmii_interface.v
HDL-1007 : analyze verilog file ../../source_code/rtl/rx_client_fifo.v
HDL-5370 WARNING: parameter 'WAIT_s' becomes localparam in 'rx_client_fifo' with formal parameter declaration list in ../../source_code/rtl/rx_client_fifo.v(49)
HDL-5370 WARNING: parameter 'QUEUE1_s' becomes localparam in 'rx_client_fifo' with formal parameter declaration list in ../../source_code/rtl/rx_client_fifo.v(50)
HDL-5370 WARNING: parameter 'QUEUE2_s' becomes localparam in 'rx_client_fifo' with formal parameter declaration list in ../../source_code/rtl/rx_client_fifo.v(51)
HDL-5370 WARNING: parameter 'QUEUE3_s' becomes localparam in 'rx_client_fifo' with formal parameter declaration list in ../../source_code/rtl/rx_client_fifo.v(52)
HDL-5370 WARNING: parameter 'QUEUE_SOF_s' becomes localparam in 'rx_client_fifo' with formal parameter declaration list in ../../source_code/rtl/rx_client_fifo.v(53)
HDL-5370 WARNING: parameter 'SOF_s' becomes localparam in 'rx_client_fifo' with formal parameter declaration list in ../../source_code/rtl/rx_client_fifo.v(54)
HDL-5370 WARNING: parameter 'DATA_s' becomes localparam in 'rx_client_fifo' with formal parameter declaration list in ../../source_code/rtl/rx_client_fifo.v(55)
HDL-5370 WARNING: parameter 'EOF_s' becomes localparam in 'rx_client_fifo' with formal parameter declaration list in ../../source_code/rtl/rx_client_fifo.v(56)
HDL-5370 WARNING: parameter 'IDLE_s' becomes localparam in 'rx_client_fifo' with formal parameter declaration list in ../../source_code/rtl/rx_client_fifo.v(62)
HDL-5370 WARNING: parameter 'FRAME_s' becomes localparam in 'rx_client_fifo' with formal parameter declaration list in ../../source_code/rtl/rx_client_fifo.v(63)
HDL-5370 Similar messages will be suppressed.
HDL-1007 : analyze verilog file ../../source_code/rtl/temac_block.v
HDL-1007 : analyze verilog file ../../source_code/rtl/temac_clk_gen.v
HDL-1007 : analyze verilog file ../../source_code/rtl/tx_client_fifo.v
HDL-5370 WARNING: parameter 'IDLE_s' becomes localparam in 'tx_client_fifo' with formal parameter declaration list in ../../source_code/rtl/tx_client_fifo.v(53)
HDL-5370 WARNING: parameter 'QUEUE1_s' becomes localparam in 'tx_client_fifo' with formal parameter declaration list in ../../source_code/rtl/tx_client_fifo.v(54)
HDL-5370 WARNING: parameter 'QUEUE2_s' becomes localparam in 'tx_client_fifo' with formal parameter declaration list in ../../source_code/rtl/tx_client_fifo.v(55)
HDL-5370 WARNING: parameter 'QUEUE3_s' becomes localparam in 'tx_client_fifo' with formal parameter declaration list in ../../source_code/rtl/tx_client_fifo.v(56)
HDL-5370 WARNING: parameter 'QUEUE_ACK_s' becomes localparam in 'tx_client_fifo' with formal parameter declaration list in ../../source_code/rtl/tx_client_fifo.v(57)
HDL-5370 WARNING: parameter 'WAIT_ACK_s' becomes localparam in 'tx_client_fifo' with formal parameter declaration list in ../../source_code/rtl/tx_client_fifo.v(58)
HDL-5370 WARNING: parameter 'FRAME_s' becomes localparam in 'tx_client_fifo' with formal parameter declaration list in ../../source_code/rtl/tx_client_fifo.v(59)
HDL-5370 WARNING: parameter 'DROP_s' becomes localparam in 'tx_client_fifo' with formal parameter declaration list in ../../source_code/rtl/tx_client_fifo.v(60)
HDL-5370 WARNING: parameter 'RETRANSMIT_s' becomes localparam in 'tx_client_fifo' with formal parameter declaration list in ../../source_code/rtl/tx_client_fifo.v(61)
HDL-5370 WARNING: parameter 'WAIT_s' becomes localparam in 'tx_client_fifo' with formal parameter declaration list in ../../source_code/rtl/tx_client_fifo.v(67)
HDL-5370 Similar messages will be suppressed.
HDL-1007 : analyze verilog file ../../source_code/rtl/tx_clk_en_gen.v
HDL-1007 : analyze verilog file ../../source_code/rtl/udp_data_tpg.v
HDL-1007 : analyze verilog file ../../source_code/rtl/UDP_Example_Top.v
HDL-1007 : undeclared symbol 'use_sd_data', assumed default net type 'wire' in ../../source_code/rtl/UDP_Example_Top.v(271)
HDL-1007 : undeclared symbol 'phy_reset', assumed default net type 'wire' in ../../source_code/rtl/UDP_Example_Top.v(397)
HDL-5333 WARNING: data object 'rst_n' is already declared in ../../source_code/rtl/UDP_Example_Top.v(444)
HDL-1007 : previous declaration of 'rst_n' is from here in ../../source_code/rtl/UDP_Example_Top.v(246)
HDL-5007 WARNING: second declaration of 'rst_n' is ignored in ../../source_code/rtl/UDP_Example_Top.v(444)
HDL-1007 : undeclared symbol 'tpg_data_done', assumed default net type 'wire' in ../../source_code/rtl/UDP_Example_Top.v(552)
HDL-1007 : undeclared symbol 'vga_out_de', assumed default net type 'wire' in ../../source_code/rtl/UDP_Example_Top.v(589)
HDL-1007 : undeclared symbol 'hs', assumed default net type 'wire' in ../../source_code/rtl/UDP_Example_Top.v(620)
HDL-1007 : undeclared symbol 'vs', assumed default net type 'wire' in ../../source_code/rtl/UDP_Example_Top.v(621)
HDL-1007 : undeclared symbol 'de', assumed default net type 'wire' in ../../source_code/rtl/UDP_Example_Top.v(622)
HDL-1007 : analyze verilog file ../../source_code/rtl/udp_ip_protocol_stack_merge.enc.v
HDL-1007 : back to file '../../source_code/rtl/udp_ip_protocol_stack_merge.enc.v' in ../../source_code/rtl/udp_ip_protocol_stack_merge.enc.v(56)
HDL-1007 : undeclared symbol '**', assumed default net type '**' in ../../source_code/rtl/udp_ip_protocol_stack_merge.enc.v(2638)
HDL-1007 : back to file '../../source_code/rtl/udp_ip_protocol_stack_merge.enc.v' in ../../source_code/rtl/udp_ip_protocol_stack_merge.enc.v(420)
HDL-1007 : analyze verilog file ../../source_code/rtl/udp_loopback.v
HDL-1007 : analyze verilog file ../../source_code/rtl/sdr/rtl/app_wrrd.v
HDL-1007 : analyze included file ../../source_code/rtl/sdr/rtl/../include/global_def.v in ../../source_code/rtl/sdr/rtl/app_wrrd.v(10)
HDL-1007 : back to file '../../source_code/rtl/sdr/rtl/app_wrrd.v' in ../../source_code/rtl/sdr/rtl/app_wrrd.v(10)
HDL-5372 WARNING: redeclaration of ANSI port 'full_flag' is not allowed in ../../source_code/rtl/sdr/rtl/app_wrrd.v(61)
HDL-1007 : undeclared symbol 'afull', assumed default net type 'wire' in ../../source_code/rtl/sdr/rtl/app_wrrd.v(74)
HDL-1007 : undeclared symbol 'aempty', assumed default net type 'wire' in ../../source_code/rtl/sdr/rtl/app_wrrd.v(75)
HDL-1007 : undeclared symbol 'wrusedw', assumed default net type 'wire' in ../../source_code/rtl/sdr/rtl/app_wrrd.v(76)
HDL-5333 WARNING: data object 'w_addr_cnt' is already declared in ../../source_code/rtl/sdr/rtl/app_wrrd.v(139)
HDL-1007 : previous declaration of 'w_addr_cnt' is from here in ../../source_code/rtl/sdr/rtl/app_wrrd.v(38)
HDL-5007 WARNING: second declaration of 'w_addr_cnt' is ignored in ../../source_code/rtl/sdr/rtl/app_wrrd.v(139)
HDL-1007 : analyze verilog file ../../source_code/rtl/sdr/rtl/sdram_top.v
HDL-1007 : analyze included file ../../source_code/rtl/sdr/rtl/../include/global_def.v in ../../source_code/rtl/sdr/rtl/sdram_top.v(10)
HDL-1007 : back to file '../../source_code/rtl/sdr/rtl/sdram_top.v' in ../../source_code/rtl/sdr/rtl/sdram_top.v(10)
HDL-1007 : undeclared symbol 'Rst_n', assumed default net type 'wire' in ../../source_code/rtl/sdr/rtl/sdram_top.v(70)
HDL-5372 WARNING: redeclaration of ANSI port 'wr_done' is not allowed in ../../source_code/rtl/sdr/rtl/sdram_top.v(73)
HDL-1007 : undeclared symbol 'SDR_CKE', assumed default net type 'wire' in ../../source_code/rtl/sdr/rtl/sdram_top.v(132)
HDL-1007 : analyze verilog file ../../source_code/rtl/sd/sd_ctrl_top.v
HDL-1007 : analyze verilog file ../../source_code/rtl/sd/sd_init.v
HDL-1007 : analyze verilog file ../../source_code/rtl/sd/sd_read.v
HDL-1007 : analyze verilog file ../../source_code/rtl/sd/sd_read_photo.v
HDL-1007 : analyze verilog file ../../source_code/rtl/sdr/rtl/enc_file/sdr_as_ram.enc.v
HDL-1007 : back to file '../../source_code/rtl/sdr/rtl/enc_file/sdr_as_ram.enc.v' in ../../source_code/rtl/sdr/rtl/enc_file/sdr_as_ram.enc.v(45)
HDL-1007 : analyze verilog file ../../source_code/rtl/sdr/rtl/enc_file/sdr_init_ref.enc.v
HDL-1007 : undeclared symbol '**', assumed default net type '**' in ../../source_code/rtl/sdr/rtl/enc_file/sdr_init_ref.enc.v(57)
HDL-1007 : back to file '../../source_code/rtl/sdr/rtl/enc_file/sdr_init_ref.enc.v' in ../../source_code/rtl/sdr/rtl/enc_file/sdr_init_ref.enc.v(148)
HDL-5007 WARNING: concatenation with an unsized literal will be treated as 32 bits in ../../source_code/rtl/sdr/rtl/enc_file/sdr_init_ref.enc.v(47)
HDL-1007 : analyze verilog file ../../source_code/rtl/sdr/rtl/enc_file/sdr_wrrd.enc.v
HDL-5007 WARNING: concatenation with an unsized literal will be treated as 32 bits in ../../source_code/rtl/sdr/rtl/enc_file/sdr_wrrd.enc.v(283)
HDL-1007 : back to file '../../source_code/rtl/sdr/rtl/enc_file/sdr_wrrd.enc.v' in ../../source_code/rtl/sdr/rtl/enc_file/sdr_wrrd.enc.v(19)
HDL-1007 : analyze verilog file ../../source_code/rtl/camera_data_gen.v
HDL-1007 : analyze verilog file ../../source_code/rtl/ov5640/ov5640_dri.v
HDL-1007 : analyze verilog file ../../source_code/rtl/ov5640/ov5640_delay.v
HDL-1007 : analyze verilog file ../../source_code/rtl/ov5640/i2c_ov5640_rgb565_cfg.v
HDL-1007 : analyze verilog file ../../source_code/rtl/ov5640/i2c_dri.v
HDL-1007 : analyze verilog file ../../source_code/rtl/ov5640/cmos_capture_data.v
HDL-1007 : analyze verilog file ../../source_code/rtl/sdram_write_static_sel.v
HDL-1007 : analyze verilog file ../../source_code/rtl/uart/cmd_ctrl.v
HDL-1007 : analyze verilog file ../../source_code/rtl/uart/uart_rx.v
HDL-1007 : analyze verilog file ../../source_code/rtl/uart/uart_test.v
HDL-1007 : analyze verilog file ../../source_code/rtl/uart/uart_tx.v
HDL-1007 : analyze verilog file ../../source_code/rtl/display/color_bar.v
HDL-1007 : analyze included file ../../source_code/rtl/display/video_define.v in ../../source_code/rtl/display/color_bar.v(1)
HDL-1007 : back to file '../../source_code/rtl/display/color_bar.v' in ../../source_code/rtl/display/color_bar.v(1)
HDL-1007 : analyze verilog file ../../source_code/rtl/display/video_delay.v
HDL-1007 : analyze verilog file ../../source_code/rtl/display/video_timing_data.v
HDL-1007 : analyze verilog file ../../source_code/rtl/sdram_read_align.v
HDL-1007 : analyze VHDL file ../../source_code/rtl/hdmi/hdmi_tx.vhd
HDL-1007 : analyze entity hdmi_tx in ../../source_code/rtl/hdmi/hdmi_tx.vhd(11)
HDL-1007 : analyze architecture behavioral in ../../source_code/rtl/hdmi/hdmi_tx.vhd(33)
HDL-1007 : analyze verilog file ../../source_code/rtl/sd/sd_card_ctrl.v
HDL-1007 : analyze VHDL file ../../source_code/rtl/hdmi/enc_file/DVITransmitter.enc.vhd
HDL-1007 : analyze entity dvitransmitter in ../../source_code/rtl/hdmi/enc_file/DVITransmitter.enc.vhd(13)
HDL-1007 : analyze architecture ** in ../../source_code/rtl/hdmi/enc_file/DVITransmitter.enc.vhd(2)
HDL-1007 : analyze VHDL file ../../source_code/rtl/hdmi/enc_file/SerializerN_1_lvds.enc.vhd
HDL-1007 : analyze entity ** in ../../source_code/rtl/hdmi/enc_file/SerializerN_1_lvds.enc.vhd(12)
HDL-1007 : analyze architecture ** in ../../source_code/rtl/hdmi/enc_file/SerializerN_1_lvds.enc.vhd(25)
HDL-1007 : analyze VHDL file ../../source_code/rtl/hdmi/enc_file/SerializerN_1_lvds_dat.enc.vhd
HDL-1007 : analyze entity ** in ../../source_code/rtl/hdmi/enc_file/SerializerN_1_lvds_dat.enc.vhd(14)
HDL-1007 : analyze architecture ** in ../../source_code/rtl/hdmi/enc_file/SerializerN_1_lvds_dat.enc.vhd(28)
HDL-1007 : analyze VHDL file ../../source_code/rtl/hdmi/enc_file/TMDSEncoder.enc.vhd
HDL-1007 : analyze entity ** in ../../source_code/rtl/hdmi/enc_file/TMDSEncoder.enc.vhd(13)
HDL-1007 : analyze architecture ** in ../../source_code/rtl/hdmi/enc_file/TMDSEncoder.enc.vhd(24)
PRJ-1412 : reset_run syn_1 phy_1.
PRJ-1409 : launch_runs syn_1 phy_1  -jobs 6.
PRJ-1410 : Run syn_1 success.
PRJ-1410 : Run phy_1 success.
RUN-1002 : start command "save_best_bits"
PRJ-1424 : The implemented result of phy_1 is saved as best result.
RUN-1002 : start command "import_db D:/Anlu/double_fpga_udp/tx/sdram_switch/UDP_EG4_6.2/prj/UDP_EXAMPLE/UDP_EXAMPLE_Runs/phy_1/UDP_EXAMPLE_pr.db"
RUN-1001 : Importing database generated by Tang Dynasty, V6.2.168116.
RUN-1001 : Database version number 46207
RUN-1001 : Import flow parameters
RUN-1001 : Import netlist
PHY-1001 : Generate detailed routing grids ...
PHY-1001 : End build routing graph; 0.881670s wall, 0.843750s user + 0.093750s system = 0.937500s CPU (106.3%)

PHY-1001 : Processed IO instance sd_miso_syn_4 with INV attribute.
PHY-1001 : Build lut bridge;  0.181016s wall, 0.203125s user + 0.000000s system = 0.203125s CPU (112.2%)

PHY-1001 : Generate nets ...
PHY-1001 : net cam_pclk_dup_1 will be routed on clock mesh
PHY-1001 : net clk_50_dup_1 will be routed on clock mesh
PHY-1001 : net clk_50m_180deg will be routed on clock mesh
PHY-1001 : clock net temac_clk will be merged with clock u_clk_gen/u_pll_0/clk0_buf
PHY-1001 : net temac_clk90 will be routed on clock mesh
PHY-1001 : net udp_clk will be routed on clock mesh
PHY-1001 : clock net t3_sdram/u0_clk/clk0_out will be merged with clock t3_sdram/u0_clk/clk0_buf
PHY-1001 : net t3_sdram/u1_app_wrrd/clk will be routed on clock mesh
PHY-1001 : net t3_sdram/u1_app_wrrd/sd_clk will be routed on clock mesh
PHY-1001 : net t3_sdram/u2_ram/SDRAM_CLK will be routed on clock mesh
PHY-1001 : net u3_hdmi_tx/Inst_DVITransmitter/PCLK_I will be routed on clock mesh
PHY-1001 : clock net cwc_jtck_syn_2 will be merged with clock cwc_jtck
PHY-1001 : net auto_created_cwc1/wrapper_cwc_top/U_cwc_ram/clka will be routed on clock mesh
PHY-1001 : clock net u4_trimac_block/rx_clk will be merged with clock u4_trimac_block/u1_rgmii_interface/rgmii_rxc
PHY-1001 : clock net u_sdram_write_sel/clk_cfg will be merged with clock u_pll_50/clk0_buf
PHY-1001 : clock net u_rx_pll/clk0_out will be merged with clock u_rx_pll/clk0_buf
PHY-1001 : eco open net = 0
PHY-1001 : 242 feed throughs used by 192 nets
RUN-1001 : Import phy database
RUN-1001 : Import timing constraints
RUN-1001 : Import IO constraints
RUN-1001 : Import Inst constraints
RUN-1001 : Import ChipWatcher
RUN-1001 : Import design success TD_VERSION=6.2.168116 , DB_VERSION=46207
RUN-1003 : finish command "import_db D:/Anlu/double_fpga_udp/tx/sdram_switch/UDP_EG4_6.2/prj/UDP_EXAMPLE/UDP_EXAMPLE_Runs/phy_1/UDP_EXAMPLE_pr.db" in  4.988662s wall, 4.812500s user + 0.531250s system = 5.343750s CPU (107.1%)

RUN-1004 : used memory is 681 MB, reserved memory is 760 MB, peak memory is 716 MB
PRJ-1412 : reset_run syn_1 phy_1.
PRJ-1409 : launch_runs syn_1 phy_1  -jobs 6.
PRJ-1410 : Run syn_1 success.
PRJ-1410 : Run phy_1 success.
RUN-1002 : start command "save_best_bits"
PRJ-1424 : The implemented result of phy_1 is saved as best result.
RUN-1002 : start command "commit_param -step design"
RUN-1001 : Print Global Property
RUN-1001 : --------------------------------------------------------
RUN-1001 :   Parameters   |  Settings  |  Default Values  |  Note  
RUN-1001 : --------------------------------------------------------
RUN-1001 :   enable_seed  |    off     |       off        |        
RUN-1001 :     message    |  standard  |     standard     |        
RUN-1001 :   qor_monitor  |     on     |        on        |        
RUN-1001 :   syn_ip_flow  |    off     |       off        |        
RUN-1001 :     thread     |    auto    |       auto       |        
RUN-1001 : --------------------------------------------------------
RUN-1001 : Print Design Property
RUN-1001 : ----------------------------------------------------------------
RUN-1001 :       Parameters       |  Settings  |  Default Values  |  Note  
RUN-1001 : ----------------------------------------------------------------
RUN-1001 :   default_reg_initial  |    auto    |       auto       |        
RUN-1001 :    hdl_warning_level   |   normal   |      normal      |        
RUN-1001 : ----------------------------------------------------------------
HDL-1007 : analyze verilog file al_ip/TEMAC_CORE/RTL/mac_core_aead6cd6dadd.v
HDL-1007 : analyze verilog file al_ip/TEMAC_CORE/RTL/TEMAC_CORE_aead6cd6dadd.v
HDL-5007 WARNING: column 1032 exceeds maximum value 1023 in al_ip/TEMAC_CORE/RTL/TEMAC_CORE_aead6cd6dadd.v(30)
HDL-1007 : back to file 'al_ip/TEMAC_CORE/RTL/TEMAC_CORE_aead6cd6dadd.v' in al_ip/TEMAC_CORE/RTL/TEMAC_CORE_aead6cd6dadd.v(86)
HDL-5007 WARNING: event expressions must result in a singular type in al_ip/TEMAC_CORE/RTL/TEMAC_CORE_aead6cd6dadd.v(3001)
HDL-1007 : undeclared symbol '**', assumed default net type '**' in al_ip/TEMAC_CORE/RTL/TEMAC_CORE_aead6cd6dadd.v(5050)
HDL-1007 : undeclared symbol '**', assumed default net type '**' in al_ip/TEMAC_CORE/RTL/TEMAC_CORE_aead6cd6dadd.v(5458)
HDL-5007 WARNING: column 1035 exceeds maximum value 1023 in al_ip/TEMAC_CORE/RTL/TEMAC_CORE_aead6cd6dadd.v(6001)
HDL-1007 : back to file 'al_ip/TEMAC_CORE/RTL/TEMAC_CORE_aead6cd6dadd.v' in al_ip/TEMAC_CORE/RTL/TEMAC_CORE_aead6cd6dadd.v(260)
HDL-1007 : analyze verilog file al_ip/TEMAC_CORE/TEMAC_CORE.v
HDL-1007 : analyze verilog file al_ip/clk_pll.v
HDL-1007 : undeclared symbol 'clk_pll_open0', assumed default net type 'wire' in al_ip/clk_pll.v(92)
HDL-1007 : undeclared symbol 'clk_pll_open8', assumed default net type 'wire' in al_ip/clk_pll.v(98)
HDL-1007 : undeclared symbol 'clk_pll_open7', assumed default net type 'wire' in al_ip/clk_pll.v(98)
HDL-1007 : undeclared symbol 'clk_pll_open6', assumed default net type 'wire' in al_ip/clk_pll.v(98)
HDL-1007 : undeclared symbol 'clk_pll_open5', assumed default net type 'wire' in al_ip/clk_pll.v(98)
HDL-1007 : undeclared symbol 'clk_pll_open4', assumed default net type 'wire' in al_ip/clk_pll.v(98)
HDL-1007 : undeclared symbol 'clk_pll_open3', assumed default net type 'wire' in al_ip/clk_pll.v(98)
HDL-1007 : undeclared symbol 'clk_pll_open2', assumed default net type 'wire' in al_ip/clk_pll.v(98)
HDL-1007 : undeclared symbol 'clk_pll_open1', assumed default net type 'wire' in al_ip/clk_pll.v(98)
HDL-1007 : undeclared symbol 'clk_pll_open9', assumed default net type 'wire' in al_ip/clk_pll.v(100)
HDL-1007 : analyze verilog file al_ip/fifo_sdr_data_2.v
HDL-1007 : analyze verilog file al_ip/pll_50.v
HDL-1007 : undeclared symbol 'open', assumed default net type 'wire' in al_ip/pll_50.v(85)
HDL-1007 : analyze verilog file al_ip/pll_gen.v
HDL-1007 : undeclared symbol 'pll_gen_open0', assumed default net type 'wire' in al_ip/pll_gen.v(99)
HDL-1007 : undeclared symbol 'pll_gen_open8', assumed default net type 'wire' in al_ip/pll_gen.v(105)
HDL-1007 : undeclared symbol 'pll_gen_open7', assumed default net type 'wire' in al_ip/pll_gen.v(105)
HDL-1007 : undeclared symbol 'pll_gen_open6', assumed default net type 'wire' in al_ip/pll_gen.v(105)
HDL-1007 : undeclared symbol 'pll_gen_open5', assumed default net type 'wire' in al_ip/pll_gen.v(105)
HDL-1007 : undeclared symbol 'pll_gen_open4', assumed default net type 'wire' in al_ip/pll_gen.v(105)
HDL-1007 : undeclared symbol 'pll_gen_open3', assumed default net type 'wire' in al_ip/pll_gen.v(105)
HDL-1007 : undeclared symbol 'pll_gen_open2', assumed default net type 'wire' in al_ip/pll_gen.v(105)
HDL-1007 : undeclared symbol 'pll_gen_open1', assumed default net type 'wire' in al_ip/pll_gen.v(105)
HDL-1007 : analyze verilog file al_ip/rx_pll.v
HDL-1007 : undeclared symbol 'open', assumed default net type 'wire' in al_ip/rx_pll.v(78)
HDL-1007 : analyze verilog file ../../source_code/rtl/BUFGMUX.v
HDL-1007 : analyze verilog file ../../source_code/rtl/clk_gen_rst_gen.v
HDL-1007 : analyze verilog file ../../source_code/rtl/div_clk_gen.v
HDL-1007 : analyze verilog file ../../source_code/rtl/IDDR.v
HDL-1007 : analyze verilog file ../../source_code/rtl/ODDR.v
HDL-1007 : analyze verilog file ../../source_code/rtl/RAMB16_S9_S9.v
HDL-1007 : undeclared symbol 'open', assumed default net type 'wire' in ../../source_code/rtl/RAMB16_S9_S9.v(109)
HDL-1007 : analyze verilog file ../../source_code/rtl/rgmii_interface.v
HDL-1007 : analyze verilog file ../../source_code/rtl/rx_client_fifo.v
HDL-5370 WARNING: parameter 'WAIT_s' becomes localparam in 'rx_client_fifo' with formal parameter declaration list in ../../source_code/rtl/rx_client_fifo.v(49)
HDL-5370 WARNING: parameter 'QUEUE1_s' becomes localparam in 'rx_client_fifo' with formal parameter declaration list in ../../source_code/rtl/rx_client_fifo.v(50)
HDL-5370 WARNING: parameter 'QUEUE2_s' becomes localparam in 'rx_client_fifo' with formal parameter declaration list in ../../source_code/rtl/rx_client_fifo.v(51)
HDL-5370 WARNING: parameter 'QUEUE3_s' becomes localparam in 'rx_client_fifo' with formal parameter declaration list in ../../source_code/rtl/rx_client_fifo.v(52)
HDL-5370 WARNING: parameter 'QUEUE_SOF_s' becomes localparam in 'rx_client_fifo' with formal parameter declaration list in ../../source_code/rtl/rx_client_fifo.v(53)
HDL-5370 WARNING: parameter 'SOF_s' becomes localparam in 'rx_client_fifo' with formal parameter declaration list in ../../source_code/rtl/rx_client_fifo.v(54)
HDL-5370 WARNING: parameter 'DATA_s' becomes localparam in 'rx_client_fifo' with formal parameter declaration list in ../../source_code/rtl/rx_client_fifo.v(55)
HDL-5370 WARNING: parameter 'EOF_s' becomes localparam in 'rx_client_fifo' with formal parameter declaration list in ../../source_code/rtl/rx_client_fifo.v(56)
HDL-5370 WARNING: parameter 'IDLE_s' becomes localparam in 'rx_client_fifo' with formal parameter declaration list in ../../source_code/rtl/rx_client_fifo.v(62)
HDL-5370 WARNING: parameter 'FRAME_s' becomes localparam in 'rx_client_fifo' with formal parameter declaration list in ../../source_code/rtl/rx_client_fifo.v(63)
HDL-5370 Similar messages will be suppressed.
HDL-1007 : analyze verilog file ../../source_code/rtl/temac_block.v
HDL-1007 : analyze verilog file ../../source_code/rtl/temac_clk_gen.v
HDL-1007 : analyze verilog file ../../source_code/rtl/tx_client_fifo.v
HDL-5370 WARNING: parameter 'IDLE_s' becomes localparam in 'tx_client_fifo' with formal parameter declaration list in ../../source_code/rtl/tx_client_fifo.v(53)
HDL-5370 WARNING: parameter 'QUEUE1_s' becomes localparam in 'tx_client_fifo' with formal parameter declaration list in ../../source_code/rtl/tx_client_fifo.v(54)
HDL-5370 WARNING: parameter 'QUEUE2_s' becomes localparam in 'tx_client_fifo' with formal parameter declaration list in ../../source_code/rtl/tx_client_fifo.v(55)
HDL-5370 WARNING: parameter 'QUEUE3_s' becomes localparam in 'tx_client_fifo' with formal parameter declaration list in ../../source_code/rtl/tx_client_fifo.v(56)
HDL-5370 WARNING: parameter 'QUEUE_ACK_s' becomes localparam in 'tx_client_fifo' with formal parameter declaration list in ../../source_code/rtl/tx_client_fifo.v(57)
HDL-5370 WARNING: parameter 'WAIT_ACK_s' becomes localparam in 'tx_client_fifo' with formal parameter declaration list in ../../source_code/rtl/tx_client_fifo.v(58)
HDL-5370 WARNING: parameter 'FRAME_s' becomes localparam in 'tx_client_fifo' with formal parameter declaration list in ../../source_code/rtl/tx_client_fifo.v(59)
HDL-5370 WARNING: parameter 'DROP_s' becomes localparam in 'tx_client_fifo' with formal parameter declaration list in ../../source_code/rtl/tx_client_fifo.v(60)
HDL-5370 WARNING: parameter 'RETRANSMIT_s' becomes localparam in 'tx_client_fifo' with formal parameter declaration list in ../../source_code/rtl/tx_client_fifo.v(61)
HDL-5370 WARNING: parameter 'WAIT_s' becomes localparam in 'tx_client_fifo' with formal parameter declaration list in ../../source_code/rtl/tx_client_fifo.v(67)
HDL-5370 Similar messages will be suppressed.
HDL-1007 : analyze verilog file ../../source_code/rtl/tx_clk_en_gen.v
HDL-1007 : analyze verilog file ../../source_code/rtl/udp_data_tpg.v
HDL-1007 : analyze verilog file ../../source_code/rtl/UDP_Example_Top.v
HDL-1007 : undeclared symbol 'use_sd_data', assumed default net type 'wire' in ../../source_code/rtl/UDP_Example_Top.v(271)
HDL-1007 : undeclared symbol 'phy_reset', assumed default net type 'wire' in ../../source_code/rtl/UDP_Example_Top.v(397)
HDL-5333 WARNING: data object 'rst_n' is already declared in ../../source_code/rtl/UDP_Example_Top.v(444)
HDL-1007 : previous declaration of 'rst_n' is from here in ../../source_code/rtl/UDP_Example_Top.v(246)
HDL-5007 WARNING: second declaration of 'rst_n' is ignored in ../../source_code/rtl/UDP_Example_Top.v(444)
HDL-1007 : undeclared symbol 'tpg_data_done', assumed default net type 'wire' in ../../source_code/rtl/UDP_Example_Top.v(552)
HDL-8007 ERROR: syntax error near 'assign' in ../../source_code/rtl/UDP_Example_Top.v(587)
HDL-8007 ERROR: Verilog 2000 keyword 'assign' used in incorrect context in ../../source_code/rtl/UDP_Example_Top.v(587)
HDL-1007 : undeclared symbol 'vga_out_de', assumed default net type 'wire' in ../../source_code/rtl/UDP_Example_Top.v(589)
HDL-1007 : undeclared symbol 'hs', assumed default net type 'wire' in ../../source_code/rtl/UDP_Example_Top.v(620)
HDL-1007 : undeclared symbol 'vs', assumed default net type 'wire' in ../../source_code/rtl/UDP_Example_Top.v(621)
HDL-1007 : undeclared symbol 'de', assumed default net type 'wire' in ../../source_code/rtl/UDP_Example_Top.v(622)
HDL-8007 ERROR: ignore module module due to previous errors in ../../source_code/rtl/UDP_Example_Top.v(30)
HDL-1007 : analyze VHDL file ../../source_code/rtl/hdmi/hdmi_tx.vhd
HDL-1007 : analyze entity hdmi_tx in ../../source_code/rtl/hdmi/hdmi_tx.vhd(11)
HDL-1007 : analyze architecture behavioral in ../../source_code/rtl/hdmi/hdmi_tx.vhd(33)
HDL-1007 : analyze verilog file ../../source_code/rtl/sd/sd_card_ctrl.v
HDL-1007 : analyze VHDL file ../../source_code/rtl/hdmi/enc_file/DVITransmitter.enc.vhd
HDL-1007 : analyze entity dvitransmitter in ../../source_code/rtl/hdmi/enc_file/DVITransmitter.enc.vhd(13)
HDL-1007 : analyze architecture ** in ../../source_code/rtl/hdmi/enc_file/DVITransmitter.enc.vhd(2)
HDL-1007 : analyze VHDL file ../../source_code/rtl/hdmi/enc_file/SerializerN_1_lvds.enc.vhd
HDL-1007 : analyze entity ** in ../../source_code/rtl/hdmi/enc_file/SerializerN_1_lvds.enc.vhd(12)
HDL-1007 : analyze architecture ** in ../../source_code/rtl/hdmi/enc_file/SerializerN_1_lvds.enc.vhd(25)
HDL-1007 : analyze VHDL file ../../source_code/rtl/hdmi/enc_file/SerializerN_1_lvds_dat.enc.vhd
HDL-1007 : analyze entity ** in ../../source_code/rtl/hdmi/enc_file/SerializerN_1_lvds_dat.enc.vhd(14)
HDL-1007 : analyze architecture ** in ../../source_code/rtl/hdmi/enc_file/SerializerN_1_lvds_dat.enc.vhd(28)
HDL-1007 : analyze VHDL file ../../source_code/rtl/hdmi/enc_file/TMDSEncoder.enc.vhd
HDL-1007 : analyze entity ** in ../../source_code/rtl/hdmi/enc_file/TMDSEncoder.enc.vhd(13)
HDL-1007 : analyze architecture ** in ../../source_code/rtl/hdmi/enc_file/TMDSEncoder.enc.vhd(24)
HDL-5007 WARNING: The file ../../source_code/rtl/UDP_Example_Top.v will not be compiled since it is not included by any other files. Set it as 'global include' if it should be compiled.
RUN-1002 : start command "import_db D:/Anlu/double_fpga_udp/tx/sdram_switch/UDP_EG4_6.2/prj/UDP_EXAMPLE/UDP_EXAMPLE_Runs/phy_1/UDP_EXAMPLE_pr.db"
RUN-1001 : Importing database generated by Tang Dynasty, V6.2.168116.
RUN-1001 : Database version number 46207
RUN-1001 : Import flow parameters
RUN-1001 : Import netlist
PHY-1001 : Generate detailed routing grids ...
PHY-1001 : End build routing graph; 1.328864s wall, 1.359375s user + 0.093750s system = 1.453125s CPU (109.4%)

PHY-1001 : Processed IO instance sd_miso_syn_4 with INV attribute.
PHY-1001 : Build lut bridge;  0.183073s wall, 0.171875s user + 0.031250s system = 0.203125s CPU (111.0%)

PHY-1001 : Generate nets ...
PHY-1001 : net cam_pclk_dup_1 will be routed on clock mesh
PHY-1001 : net clk_50_dup_1 will be routed on clock mesh
PHY-1001 : net clk_50m_180deg will be routed on clock mesh
PHY-1001 : clock net temac_clk will be merged with clock u_clk_gen/u_pll_0/clk0_buf
PHY-1001 : net temac_clk90 will be routed on clock mesh
PHY-1001 : net udp_clk will be routed on clock mesh
PHY-1001 : clock net t3_sdram/u0_clk/clk0_out will be merged with clock t3_sdram/u0_clk/clk0_buf
PHY-1001 : net t3_sdram/u1_app_wrrd/clk will be routed on clock mesh
PHY-1001 : net t3_sdram/u1_app_wrrd/sd_clk will be routed on clock mesh
PHY-1001 : net t3_sdram/u2_ram/SDRAM_CLK will be routed on clock mesh
PHY-1001 : net u3_hdmi_tx/Inst_DVITransmitter/PCLK_I will be routed on clock mesh
PHY-1001 : clock net cwc_jtck_syn_2 will be merged with clock cwc_jtck
PHY-1001 : net auto_created_cwc1/wrapper_cwc_top/U_cwc_ram/clka will be routed on clock mesh
PHY-1001 : clock net u4_trimac_block/rx_clk will be merged with clock u4_trimac_block/u1_rgmii_interface/rgmii_rxc
PHY-1001 : clock net u_sdram_write_sel/clk_cfg will be merged with clock u_pll_50/clk0_buf
PHY-1001 : clock net u_rx_pll/clk0_out will be merged with clock u_rx_pll/clk0_buf
PHY-1001 : eco open net = 0
PHY-1001 : 242 feed throughs used by 192 nets
RUN-1001 : Import phy database
RUN-1001 : Import timing constraints
RUN-1001 : Import IO constraints
RUN-1001 : Import Inst constraints
RUN-1001 : Import ChipWatcher
RUN-1001 : Import design success TD_VERSION=6.2.168116 , DB_VERSION=46207
RUN-1003 : finish command "import_db D:/Anlu/double_fpga_udp/tx/sdram_switch/UDP_EG4_6.2/prj/UDP_EXAMPLE/UDP_EXAMPLE_Runs/phy_1/UDP_EXAMPLE_pr.db" in  6.850876s wall, 6.828125s user + 1.000000s system = 7.828125s CPU (114.3%)

RUN-1004 : used memory is 676 MB, reserved memory is 762 MB, peak memory is 716 MB
RUN-1002 : start command "commit_param -step design"
RUN-1001 : Print Global Property
RUN-1001 : --------------------------------------------------------
RUN-1001 :   Parameters   |  Settings  |  Default Values  |  Note  
RUN-1001 : --------------------------------------------------------
RUN-1001 :   enable_seed  |    off     |       off        |        
RUN-1001 :     message    |  standard  |     standard     |        
RUN-1001 :   qor_monitor  |     on     |        on        |        
RUN-1001 :   syn_ip_flow  |    off     |       off        |        
RUN-1001 :     thread     |    auto    |       auto       |        
RUN-1001 : --------------------------------------------------------
RUN-1001 : Print Design Property
RUN-1001 : ----------------------------------------------------------------
RUN-1001 :       Parameters       |  Settings  |  Default Values  |  Note  
RUN-1001 : ----------------------------------------------------------------
RUN-1001 :   default_reg_initial  |    auto    |       auto       |        
RUN-1001 :    hdl_warning_level   |   normal   |      normal      |        
RUN-1001 : ----------------------------------------------------------------
HDL-1007 : analyze verilog file al_ip/TEMAC_CORE/RTL/mac_core_aead6cd6dadd.v
HDL-1007 : analyze verilog file al_ip/TEMAC_CORE/RTL/TEMAC_CORE_aead6cd6dadd.v
HDL-5007 WARNING: column 1032 exceeds maximum value 1023 in al_ip/TEMAC_CORE/RTL/TEMAC_CORE_aead6cd6dadd.v(30)
HDL-1007 : back to file 'al_ip/TEMAC_CORE/RTL/TEMAC_CORE_aead6cd6dadd.v' in al_ip/TEMAC_CORE/RTL/TEMAC_CORE_aead6cd6dadd.v(86)
HDL-5007 WARNING: event expressions must result in a singular type in al_ip/TEMAC_CORE/RTL/TEMAC_CORE_aead6cd6dadd.v(3001)
HDL-1007 : undeclared symbol '**', assumed default net type '**' in al_ip/TEMAC_CORE/RTL/TEMAC_CORE_aead6cd6dadd.v(5050)
HDL-1007 : undeclared symbol '**', assumed default net type '**' in al_ip/TEMAC_CORE/RTL/TEMAC_CORE_aead6cd6dadd.v(5458)
HDL-5007 WARNING: column 1035 exceeds maximum value 1023 in al_ip/TEMAC_CORE/RTL/TEMAC_CORE_aead6cd6dadd.v(6001)
HDL-1007 : back to file 'al_ip/TEMAC_CORE/RTL/TEMAC_CORE_aead6cd6dadd.v' in al_ip/TEMAC_CORE/RTL/TEMAC_CORE_aead6cd6dadd.v(260)
HDL-1007 : analyze verilog file al_ip/TEMAC_CORE/TEMAC_CORE.v
HDL-1007 : analyze verilog file al_ip/clk_pll.v
HDL-1007 : undeclared symbol 'clk_pll_open0', assumed default net type 'wire' in al_ip/clk_pll.v(92)
HDL-1007 : undeclared symbol 'clk_pll_open8', assumed default net type 'wire' in al_ip/clk_pll.v(98)
HDL-1007 : undeclared symbol 'clk_pll_open7', assumed default net type 'wire' in al_ip/clk_pll.v(98)
HDL-1007 : undeclared symbol 'clk_pll_open6', assumed default net type 'wire' in al_ip/clk_pll.v(98)
HDL-1007 : undeclared symbol 'clk_pll_open5', assumed default net type 'wire' in al_ip/clk_pll.v(98)
HDL-1007 : undeclared symbol 'clk_pll_open4', assumed default net type 'wire' in al_ip/clk_pll.v(98)
HDL-1007 : undeclared symbol 'clk_pll_open3', assumed default net type 'wire' in al_ip/clk_pll.v(98)
HDL-1007 : undeclared symbol 'clk_pll_open2', assumed default net type 'wire' in al_ip/clk_pll.v(98)
HDL-1007 : undeclared symbol 'clk_pll_open1', assumed default net type 'wire' in al_ip/clk_pll.v(98)
HDL-1007 : undeclared symbol 'clk_pll_open9', assumed default net type 'wire' in al_ip/clk_pll.v(100)
HDL-1007 : analyze verilog file al_ip/fifo_sdr_data_2.v
HDL-1007 : analyze verilog file al_ip/pll_50.v
HDL-1007 : undeclared symbol 'open', assumed default net type 'wire' in al_ip/pll_50.v(85)
HDL-1007 : analyze verilog file al_ip/pll_gen.v
HDL-1007 : undeclared symbol 'pll_gen_open0', assumed default net type 'wire' in al_ip/pll_gen.v(99)
HDL-1007 : undeclared symbol 'pll_gen_open8', assumed default net type 'wire' in al_ip/pll_gen.v(105)
HDL-1007 : undeclared symbol 'pll_gen_open7', assumed default net type 'wire' in al_ip/pll_gen.v(105)
HDL-1007 : undeclared symbol 'pll_gen_open6', assumed default net type 'wire' in al_ip/pll_gen.v(105)
HDL-1007 : undeclared symbol 'pll_gen_open5', assumed default net type 'wire' in al_ip/pll_gen.v(105)
HDL-1007 : undeclared symbol 'pll_gen_open4', assumed default net type 'wire' in al_ip/pll_gen.v(105)
HDL-1007 : undeclared symbol 'pll_gen_open3', assumed default net type 'wire' in al_ip/pll_gen.v(105)
HDL-1007 : undeclared symbol 'pll_gen_open2', assumed default net type 'wire' in al_ip/pll_gen.v(105)
HDL-1007 : undeclared symbol 'pll_gen_open1', assumed default net type 'wire' in al_ip/pll_gen.v(105)
HDL-1007 : analyze verilog file al_ip/rx_pll.v
HDL-1007 : undeclared symbol 'open', assumed default net type 'wire' in al_ip/rx_pll.v(78)
HDL-1007 : analyze verilog file ../../source_code/rtl/BUFGMUX.v
HDL-1007 : analyze verilog file ../../source_code/rtl/clk_gen_rst_gen.v
HDL-1007 : analyze verilog file ../../source_code/rtl/div_clk_gen.v
HDL-1007 : analyze verilog file ../../source_code/rtl/IDDR.v
HDL-1007 : analyze verilog file ../../source_code/rtl/ODDR.v
HDL-1007 : analyze verilog file ../../source_code/rtl/RAMB16_S9_S9.v
HDL-1007 : undeclared symbol 'open', assumed default net type 'wire' in ../../source_code/rtl/RAMB16_S9_S9.v(109)
HDL-1007 : analyze verilog file ../../source_code/rtl/rgmii_interface.v
HDL-1007 : analyze verilog file ../../source_code/rtl/rx_client_fifo.v
HDL-5370 WARNING: parameter 'WAIT_s' becomes localparam in 'rx_client_fifo' with formal parameter declaration list in ../../source_code/rtl/rx_client_fifo.v(49)
HDL-5370 WARNING: parameter 'QUEUE1_s' becomes localparam in 'rx_client_fifo' with formal parameter declaration list in ../../source_code/rtl/rx_client_fifo.v(50)
HDL-5370 WARNING: parameter 'QUEUE2_s' becomes localparam in 'rx_client_fifo' with formal parameter declaration list in ../../source_code/rtl/rx_client_fifo.v(51)
HDL-5370 WARNING: parameter 'QUEUE3_s' becomes localparam in 'rx_client_fifo' with formal parameter declaration list in ../../source_code/rtl/rx_client_fifo.v(52)
HDL-5370 WARNING: parameter 'QUEUE_SOF_s' becomes localparam in 'rx_client_fifo' with formal parameter declaration list in ../../source_code/rtl/rx_client_fifo.v(53)
HDL-5370 WARNING: parameter 'SOF_s' becomes localparam in 'rx_client_fifo' with formal parameter declaration list in ../../source_code/rtl/rx_client_fifo.v(54)
HDL-5370 WARNING: parameter 'DATA_s' becomes localparam in 'rx_client_fifo' with formal parameter declaration list in ../../source_code/rtl/rx_client_fifo.v(55)
HDL-5370 WARNING: parameter 'EOF_s' becomes localparam in 'rx_client_fifo' with formal parameter declaration list in ../../source_code/rtl/rx_client_fifo.v(56)
HDL-5370 WARNING: parameter 'IDLE_s' becomes localparam in 'rx_client_fifo' with formal parameter declaration list in ../../source_code/rtl/rx_client_fifo.v(62)
HDL-5370 WARNING: parameter 'FRAME_s' becomes localparam in 'rx_client_fifo' with formal parameter declaration list in ../../source_code/rtl/rx_client_fifo.v(63)
HDL-5370 Similar messages will be suppressed.
HDL-1007 : analyze verilog file ../../source_code/rtl/temac_block.v
HDL-1007 : analyze verilog file ../../source_code/rtl/temac_clk_gen.v
HDL-1007 : analyze verilog file ../../source_code/rtl/tx_client_fifo.v
HDL-5370 WARNING: parameter 'IDLE_s' becomes localparam in 'tx_client_fifo' with formal parameter declaration list in ../../source_code/rtl/tx_client_fifo.v(53)
HDL-5370 WARNING: parameter 'QUEUE1_s' becomes localparam in 'tx_client_fifo' with formal parameter declaration list in ../../source_code/rtl/tx_client_fifo.v(54)
HDL-5370 WARNING: parameter 'QUEUE2_s' becomes localparam in 'tx_client_fifo' with formal parameter declaration list in ../../source_code/rtl/tx_client_fifo.v(55)
HDL-5370 WARNING: parameter 'QUEUE3_s' becomes localparam in 'tx_client_fifo' with formal parameter declaration list in ../../source_code/rtl/tx_client_fifo.v(56)
HDL-5370 WARNING: parameter 'QUEUE_ACK_s' becomes localparam in 'tx_client_fifo' with formal parameter declaration list in ../../source_code/rtl/tx_client_fifo.v(57)
HDL-5370 WARNING: parameter 'WAIT_ACK_s' becomes localparam in 'tx_client_fifo' with formal parameter declaration list in ../../source_code/rtl/tx_client_fifo.v(58)
HDL-5370 WARNING: parameter 'FRAME_s' becomes localparam in 'tx_client_fifo' with formal parameter declaration list in ../../source_code/rtl/tx_client_fifo.v(59)
HDL-5370 WARNING: parameter 'DROP_s' becomes localparam in 'tx_client_fifo' with formal parameter declaration list in ../../source_code/rtl/tx_client_fifo.v(60)
HDL-5370 WARNING: parameter 'RETRANSMIT_s' becomes localparam in 'tx_client_fifo' with formal parameter declaration list in ../../source_code/rtl/tx_client_fifo.v(61)
HDL-5370 WARNING: parameter 'WAIT_s' becomes localparam in 'tx_client_fifo' with formal parameter declaration list in ../../source_code/rtl/tx_client_fifo.v(67)
HDL-5370 Similar messages will be suppressed.
HDL-1007 : analyze verilog file ../../source_code/rtl/tx_clk_en_gen.v
HDL-1007 : analyze verilog file ../../source_code/rtl/udp_data_tpg.v
HDL-1007 : analyze verilog file ../../source_code/rtl/UDP_Example_Top.v
HDL-1007 : undeclared symbol 'use_sd_data', assumed default net type 'wire' in ../../source_code/rtl/UDP_Example_Top.v(271)
HDL-1007 : undeclared symbol 'phy_reset', assumed default net type 'wire' in ../../source_code/rtl/UDP_Example_Top.v(397)
HDL-5333 WARNING: data object 'rst_n' is already declared in ../../source_code/rtl/UDP_Example_Top.v(444)
HDL-1007 : previous declaration of 'rst_n' is from here in ../../source_code/rtl/UDP_Example_Top.v(246)
HDL-5007 WARNING: second declaration of 'rst_n' is ignored in ../../source_code/rtl/UDP_Example_Top.v(444)
HDL-1007 : undeclared symbol 'tpg_data_done', assumed default net type 'wire' in ../../source_code/rtl/UDP_Example_Top.v(552)
HDL-8007 ERROR: syntax error near 'assign' in ../../source_code/rtl/UDP_Example_Top.v(587)
HDL-8007 ERROR: Verilog 2000 keyword 'assign' used in incorrect context in ../../source_code/rtl/UDP_Example_Top.v(587)
HDL-1007 : undeclared symbol 'vga_out_de', assumed default net type 'wire' in ../../source_code/rtl/UDP_Example_Top.v(589)
HDL-1007 : undeclared symbol 'hs', assumed default net type 'wire' in ../../source_code/rtl/UDP_Example_Top.v(620)
HDL-1007 : undeclared symbol 'vs', assumed default net type 'wire' in ../../source_code/rtl/UDP_Example_Top.v(621)
HDL-1007 : undeclared symbol 'de', assumed default net type 'wire' in ../../source_code/rtl/UDP_Example_Top.v(622)
HDL-8007 ERROR: ignore module module due to previous errors in ../../source_code/rtl/UDP_Example_Top.v(30)
HDL-1007 : analyze VHDL file ../../source_code/rtl/hdmi/hdmi_tx.vhd
HDL-1007 : analyze entity hdmi_tx in ../../source_code/rtl/hdmi/hdmi_tx.vhd(11)
HDL-1007 : analyze architecture behavioral in ../../source_code/rtl/hdmi/hdmi_tx.vhd(33)
HDL-1007 : analyze verilog file ../../source_code/rtl/sd/sd_card_ctrl.v
HDL-1007 : analyze VHDL file ../../source_code/rtl/hdmi/enc_file/DVITransmitter.enc.vhd
HDL-1007 : analyze entity dvitransmitter in ../../source_code/rtl/hdmi/enc_file/DVITransmitter.enc.vhd(13)
HDL-1007 : analyze architecture ** in ../../source_code/rtl/hdmi/enc_file/DVITransmitter.enc.vhd(2)
HDL-1007 : analyze VHDL file ../../source_code/rtl/hdmi/enc_file/SerializerN_1_lvds.enc.vhd
HDL-1007 : analyze entity ** in ../../source_code/rtl/hdmi/enc_file/SerializerN_1_lvds.enc.vhd(12)
HDL-1007 : analyze architecture ** in ../../source_code/rtl/hdmi/enc_file/SerializerN_1_lvds.enc.vhd(25)
HDL-1007 : analyze VHDL file ../../source_code/rtl/hdmi/enc_file/SerializerN_1_lvds_dat.enc.vhd
HDL-1007 : analyze entity ** in ../../source_code/rtl/hdmi/enc_file/SerializerN_1_lvds_dat.enc.vhd(14)
HDL-1007 : analyze architecture ** in ../../source_code/rtl/hdmi/enc_file/SerializerN_1_lvds_dat.enc.vhd(28)
HDL-1007 : analyze VHDL file ../../source_code/rtl/hdmi/enc_file/TMDSEncoder.enc.vhd
HDL-1007 : analyze entity ** in ../../source_code/rtl/hdmi/enc_file/TMDSEncoder.enc.vhd(13)
HDL-1007 : analyze architecture ** in ../../source_code/rtl/hdmi/enc_file/TMDSEncoder.enc.vhd(24)
HDL-5007 WARNING: The file ../../source_code/rtl/UDP_Example_Top.v will not be compiled since it is not included by any other files. Set it as 'global include' if it should be compiled.
RUN-1002 : start command "commit_param -step design"
RUN-1001 : Print Global Property
RUN-1001 : --------------------------------------------------------
RUN-1001 :   Parameters   |  Settings  |  Default Values  |  Note  
RUN-1001 : --------------------------------------------------------
RUN-1001 :   enable_seed  |    off     |       off        |        
RUN-1001 :     message    |  standard  |     standard     |        
RUN-1001 :   qor_monitor  |     on     |        on        |        
RUN-1001 :   syn_ip_flow  |    off     |       off        |        
RUN-1001 :     thread     |    auto    |       auto       |        
RUN-1001 : --------------------------------------------------------
RUN-1001 : Print Design Property
RUN-1001 : ----------------------------------------------------------------
RUN-1001 :       Parameters       |  Settings  |  Default Values  |  Note  
RUN-1001 : ----------------------------------------------------------------
RUN-1001 :   default_reg_initial  |    auto    |       auto       |        
RUN-1001 :    hdl_warning_level   |   normal   |      normal      |        
RUN-1001 : ----------------------------------------------------------------
HDL-1007 : analyze verilog file al_ip/TEMAC_CORE/RTL/mac_core_aead6cd6dadd.v
HDL-1007 : analyze verilog file al_ip/TEMAC_CORE/RTL/TEMAC_CORE_aead6cd6dadd.v
HDL-5007 WARNING: column 1032 exceeds maximum value 1023 in al_ip/TEMAC_CORE/RTL/TEMAC_CORE_aead6cd6dadd.v(30)
HDL-1007 : back to file 'al_ip/TEMAC_CORE/RTL/TEMAC_CORE_aead6cd6dadd.v' in al_ip/TEMAC_CORE/RTL/TEMAC_CORE_aead6cd6dadd.v(86)
HDL-5007 WARNING: event expressions must result in a singular type in al_ip/TEMAC_CORE/RTL/TEMAC_CORE_aead6cd6dadd.v(3001)
HDL-1007 : undeclared symbol '**', assumed default net type '**' in al_ip/TEMAC_CORE/RTL/TEMAC_CORE_aead6cd6dadd.v(5050)
HDL-1007 : undeclared symbol '**', assumed default net type '**' in al_ip/TEMAC_CORE/RTL/TEMAC_CORE_aead6cd6dadd.v(5458)
HDL-5007 WARNING: column 1035 exceeds maximum value 1023 in al_ip/TEMAC_CORE/RTL/TEMAC_CORE_aead6cd6dadd.v(6001)
HDL-1007 : back to file 'al_ip/TEMAC_CORE/RTL/TEMAC_CORE_aead6cd6dadd.v' in al_ip/TEMAC_CORE/RTL/TEMAC_CORE_aead6cd6dadd.v(260)
HDL-1007 : analyze verilog file al_ip/TEMAC_CORE/TEMAC_CORE.v
HDL-1007 : analyze verilog file al_ip/clk_pll.v
HDL-1007 : undeclared symbol 'clk_pll_open0', assumed default net type 'wire' in al_ip/clk_pll.v(92)
HDL-1007 : undeclared symbol 'clk_pll_open8', assumed default net type 'wire' in al_ip/clk_pll.v(98)
HDL-1007 : undeclared symbol 'clk_pll_open7', assumed default net type 'wire' in al_ip/clk_pll.v(98)
HDL-1007 : undeclared symbol 'clk_pll_open6', assumed default net type 'wire' in al_ip/clk_pll.v(98)
HDL-1007 : undeclared symbol 'clk_pll_open5', assumed default net type 'wire' in al_ip/clk_pll.v(98)
HDL-1007 : undeclared symbol 'clk_pll_open4', assumed default net type 'wire' in al_ip/clk_pll.v(98)
HDL-1007 : undeclared symbol 'clk_pll_open3', assumed default net type 'wire' in al_ip/clk_pll.v(98)
HDL-1007 : undeclared symbol 'clk_pll_open2', assumed default net type 'wire' in al_ip/clk_pll.v(98)
HDL-1007 : undeclared symbol 'clk_pll_open1', assumed default net type 'wire' in al_ip/clk_pll.v(98)
HDL-1007 : undeclared symbol 'clk_pll_open9', assumed default net type 'wire' in al_ip/clk_pll.v(100)
HDL-1007 : analyze verilog file al_ip/fifo_sdr_data_2.v
HDL-1007 : analyze verilog file al_ip/pll_50.v
HDL-1007 : undeclared symbol 'open', assumed default net type 'wire' in al_ip/pll_50.v(85)
HDL-1007 : analyze verilog file al_ip/pll_gen.v
HDL-1007 : undeclared symbol 'pll_gen_open0', assumed default net type 'wire' in al_ip/pll_gen.v(99)
HDL-1007 : undeclared symbol 'pll_gen_open8', assumed default net type 'wire' in al_ip/pll_gen.v(105)
HDL-1007 : undeclared symbol 'pll_gen_open7', assumed default net type 'wire' in al_ip/pll_gen.v(105)
HDL-1007 : undeclared symbol 'pll_gen_open6', assumed default net type 'wire' in al_ip/pll_gen.v(105)
HDL-1007 : undeclared symbol 'pll_gen_open5', assumed default net type 'wire' in al_ip/pll_gen.v(105)
HDL-1007 : undeclared symbol 'pll_gen_open4', assumed default net type 'wire' in al_ip/pll_gen.v(105)
HDL-1007 : undeclared symbol 'pll_gen_open3', assumed default net type 'wire' in al_ip/pll_gen.v(105)
HDL-1007 : undeclared symbol 'pll_gen_open2', assumed default net type 'wire' in al_ip/pll_gen.v(105)
HDL-1007 : undeclared symbol 'pll_gen_open1', assumed default net type 'wire' in al_ip/pll_gen.v(105)
HDL-1007 : analyze verilog file al_ip/rx_pll.v
HDL-1007 : undeclared symbol 'open', assumed default net type 'wire' in al_ip/rx_pll.v(78)
HDL-1007 : analyze verilog file ../../source_code/rtl/BUFGMUX.v
HDL-1007 : analyze verilog file ../../source_code/rtl/clk_gen_rst_gen.v
HDL-1007 : analyze verilog file ../../source_code/rtl/div_clk_gen.v
HDL-1007 : analyze verilog file ../../source_code/rtl/IDDR.v
HDL-1007 : analyze verilog file ../../source_code/rtl/ODDR.v
HDL-1007 : analyze verilog file ../../source_code/rtl/RAMB16_S9_S9.v
HDL-1007 : undeclared symbol 'open', assumed default net type 'wire' in ../../source_code/rtl/RAMB16_S9_S9.v(109)
HDL-1007 : analyze verilog file ../../source_code/rtl/rgmii_interface.v
HDL-1007 : analyze verilog file ../../source_code/rtl/rx_client_fifo.v
HDL-5370 WARNING: parameter 'WAIT_s' becomes localparam in 'rx_client_fifo' with formal parameter declaration list in ../../source_code/rtl/rx_client_fifo.v(49)
HDL-5370 WARNING: parameter 'QUEUE1_s' becomes localparam in 'rx_client_fifo' with formal parameter declaration list in ../../source_code/rtl/rx_client_fifo.v(50)
HDL-5370 WARNING: parameter 'QUEUE2_s' becomes localparam in 'rx_client_fifo' with formal parameter declaration list in ../../source_code/rtl/rx_client_fifo.v(51)
HDL-5370 WARNING: parameter 'QUEUE3_s' becomes localparam in 'rx_client_fifo' with formal parameter declaration list in ../../source_code/rtl/rx_client_fifo.v(52)
HDL-5370 WARNING: parameter 'QUEUE_SOF_s' becomes localparam in 'rx_client_fifo' with formal parameter declaration list in ../../source_code/rtl/rx_client_fifo.v(53)
HDL-5370 WARNING: parameter 'SOF_s' becomes localparam in 'rx_client_fifo' with formal parameter declaration list in ../../source_code/rtl/rx_client_fifo.v(54)
HDL-5370 WARNING: parameter 'DATA_s' becomes localparam in 'rx_client_fifo' with formal parameter declaration list in ../../source_code/rtl/rx_client_fifo.v(55)
HDL-5370 WARNING: parameter 'EOF_s' becomes localparam in 'rx_client_fifo' with formal parameter declaration list in ../../source_code/rtl/rx_client_fifo.v(56)
HDL-5370 WARNING: parameter 'IDLE_s' becomes localparam in 'rx_client_fifo' with formal parameter declaration list in ../../source_code/rtl/rx_client_fifo.v(62)
HDL-5370 WARNING: parameter 'FRAME_s' becomes localparam in 'rx_client_fifo' with formal parameter declaration list in ../../source_code/rtl/rx_client_fifo.v(63)
HDL-5370 Similar messages will be suppressed.
HDL-1007 : analyze verilog file ../../source_code/rtl/temac_block.v
HDL-1007 : analyze verilog file ../../source_code/rtl/temac_clk_gen.v
HDL-1007 : analyze verilog file ../../source_code/rtl/tx_client_fifo.v
HDL-5370 WARNING: parameter 'IDLE_s' becomes localparam in 'tx_client_fifo' with formal parameter declaration list in ../../source_code/rtl/tx_client_fifo.v(53)
HDL-5370 WARNING: parameter 'QUEUE1_s' becomes localparam in 'tx_client_fifo' with formal parameter declaration list in ../../source_code/rtl/tx_client_fifo.v(54)
HDL-5370 WARNING: parameter 'QUEUE2_s' becomes localparam in 'tx_client_fifo' with formal parameter declaration list in ../../source_code/rtl/tx_client_fifo.v(55)
HDL-5370 WARNING: parameter 'QUEUE3_s' becomes localparam in 'tx_client_fifo' with formal parameter declaration list in ../../source_code/rtl/tx_client_fifo.v(56)
HDL-5370 WARNING: parameter 'QUEUE_ACK_s' becomes localparam in 'tx_client_fifo' with formal parameter declaration list in ../../source_code/rtl/tx_client_fifo.v(57)
HDL-5370 WARNING: parameter 'WAIT_ACK_s' becomes localparam in 'tx_client_fifo' with formal parameter declaration list in ../../source_code/rtl/tx_client_fifo.v(58)
HDL-5370 WARNING: parameter 'FRAME_s' becomes localparam in 'tx_client_fifo' with formal parameter declaration list in ../../source_code/rtl/tx_client_fifo.v(59)
HDL-5370 WARNING: parameter 'DROP_s' becomes localparam in 'tx_client_fifo' with formal parameter declaration list in ../../source_code/rtl/tx_client_fifo.v(60)
HDL-5370 WARNING: parameter 'RETRANSMIT_s' becomes localparam in 'tx_client_fifo' with formal parameter declaration list in ../../source_code/rtl/tx_client_fifo.v(61)
HDL-5370 WARNING: parameter 'WAIT_s' becomes localparam in 'tx_client_fifo' with formal parameter declaration list in ../../source_code/rtl/tx_client_fifo.v(67)
HDL-5370 Similar messages will be suppressed.
HDL-1007 : analyze verilog file ../../source_code/rtl/tx_clk_en_gen.v
HDL-1007 : analyze verilog file ../../source_code/rtl/udp_data_tpg.v
HDL-1007 : analyze verilog file ../../source_code/rtl/UDP_Example_Top.v
HDL-1007 : undeclared symbol 'use_sd_data', assumed default net type 'wire' in ../../source_code/rtl/UDP_Example_Top.v(271)
HDL-1007 : undeclared symbol 'phy_reset', assumed default net type 'wire' in ../../source_code/rtl/UDP_Example_Top.v(397)
HDL-5333 WARNING: data object 'rst_n' is already declared in ../../source_code/rtl/UDP_Example_Top.v(444)
HDL-1007 : previous declaration of 'rst_n' is from here in ../../source_code/rtl/UDP_Example_Top.v(246)
HDL-5007 WARNING: second declaration of 'rst_n' is ignored in ../../source_code/rtl/UDP_Example_Top.v(444)
HDL-1007 : undeclared symbol 'tpg_data_done', assumed default net type 'wire' in ../../source_code/rtl/UDP_Example_Top.v(552)
HDL-1007 : undeclared symbol 'vga_out_de', assumed default net type 'wire' in ../../source_code/rtl/UDP_Example_Top.v(587)
HDL-1007 : undeclared symbol 'hs', assumed default net type 'wire' in ../../source_code/rtl/UDP_Example_Top.v(618)
HDL-1007 : undeclared symbol 'vs', assumed default net type 'wire' in ../../source_code/rtl/UDP_Example_Top.v(619)
HDL-1007 : undeclared symbol 'de', assumed default net type 'wire' in ../../source_code/rtl/UDP_Example_Top.v(620)
HDL-1007 : analyze verilog file ../../source_code/rtl/udp_ip_protocol_stack_merge.enc.v
HDL-1007 : back to file '../../source_code/rtl/udp_ip_protocol_stack_merge.enc.v' in ../../source_code/rtl/udp_ip_protocol_stack_merge.enc.v(56)
HDL-1007 : undeclared symbol '**', assumed default net type '**' in ../../source_code/rtl/udp_ip_protocol_stack_merge.enc.v(2638)
HDL-1007 : back to file '../../source_code/rtl/udp_ip_protocol_stack_merge.enc.v' in ../../source_code/rtl/udp_ip_protocol_stack_merge.enc.v(420)
HDL-1007 : analyze verilog file ../../source_code/rtl/udp_loopback.v
HDL-1007 : analyze verilog file ../../source_code/rtl/sdr/rtl/app_wrrd.v
HDL-1007 : analyze included file ../../source_code/rtl/sdr/rtl/../include/global_def.v in ../../source_code/rtl/sdr/rtl/app_wrrd.v(10)
HDL-1007 : back to file '../../source_code/rtl/sdr/rtl/app_wrrd.v' in ../../source_code/rtl/sdr/rtl/app_wrrd.v(10)
HDL-5372 WARNING: redeclaration of ANSI port 'full_flag' is not allowed in ../../source_code/rtl/sdr/rtl/app_wrrd.v(61)
HDL-1007 : undeclared symbol 'afull', assumed default net type 'wire' in ../../source_code/rtl/sdr/rtl/app_wrrd.v(74)
HDL-1007 : undeclared symbol 'aempty', assumed default net type 'wire' in ../../source_code/rtl/sdr/rtl/app_wrrd.v(75)
HDL-1007 : undeclared symbol 'wrusedw', assumed default net type 'wire' in ../../source_code/rtl/sdr/rtl/app_wrrd.v(76)
HDL-5333 WARNING: data object 'w_addr_cnt' is already declared in ../../source_code/rtl/sdr/rtl/app_wrrd.v(139)
HDL-1007 : previous declaration of 'w_addr_cnt' is from here in ../../source_code/rtl/sdr/rtl/app_wrrd.v(38)
HDL-5007 WARNING: second declaration of 'w_addr_cnt' is ignored in ../../source_code/rtl/sdr/rtl/app_wrrd.v(139)
HDL-1007 : analyze verilog file ../../source_code/rtl/sdr/rtl/sdram_top.v
HDL-1007 : analyze included file ../../source_code/rtl/sdr/rtl/../include/global_def.v in ../../source_code/rtl/sdr/rtl/sdram_top.v(10)
HDL-1007 : back to file '../../source_code/rtl/sdr/rtl/sdram_top.v' in ../../source_code/rtl/sdr/rtl/sdram_top.v(10)
HDL-1007 : undeclared symbol 'Rst_n', assumed default net type 'wire' in ../../source_code/rtl/sdr/rtl/sdram_top.v(70)
HDL-5372 WARNING: redeclaration of ANSI port 'wr_done' is not allowed in ../../source_code/rtl/sdr/rtl/sdram_top.v(73)
HDL-1007 : undeclared symbol 'SDR_CKE', assumed default net type 'wire' in ../../source_code/rtl/sdr/rtl/sdram_top.v(132)
HDL-1007 : analyze verilog file ../../source_code/rtl/sd/sd_ctrl_top.v
HDL-1007 : analyze verilog file ../../source_code/rtl/sd/sd_init.v
HDL-1007 : analyze verilog file ../../source_code/rtl/sd/sd_read.v
HDL-1007 : analyze verilog file ../../source_code/rtl/sd/sd_read_photo.v
HDL-1007 : analyze verilog file ../../source_code/rtl/sdr/rtl/enc_file/sdr_as_ram.enc.v
HDL-1007 : back to file '../../source_code/rtl/sdr/rtl/enc_file/sdr_as_ram.enc.v' in ../../source_code/rtl/sdr/rtl/enc_file/sdr_as_ram.enc.v(45)
HDL-1007 : analyze verilog file ../../source_code/rtl/sdr/rtl/enc_file/sdr_init_ref.enc.v
HDL-1007 : undeclared symbol '**', assumed default net type '**' in ../../source_code/rtl/sdr/rtl/enc_file/sdr_init_ref.enc.v(57)
HDL-1007 : back to file '../../source_code/rtl/sdr/rtl/enc_file/sdr_init_ref.enc.v' in ../../source_code/rtl/sdr/rtl/enc_file/sdr_init_ref.enc.v(148)
HDL-5007 WARNING: concatenation with an unsized literal will be treated as 32 bits in ../../source_code/rtl/sdr/rtl/enc_file/sdr_init_ref.enc.v(47)
HDL-1007 : analyze verilog file ../../source_code/rtl/sdr/rtl/enc_file/sdr_wrrd.enc.v
HDL-5007 WARNING: concatenation with an unsized literal will be treated as 32 bits in ../../source_code/rtl/sdr/rtl/enc_file/sdr_wrrd.enc.v(283)
HDL-1007 : back to file '../../source_code/rtl/sdr/rtl/enc_file/sdr_wrrd.enc.v' in ../../source_code/rtl/sdr/rtl/enc_file/sdr_wrrd.enc.v(19)
HDL-1007 : analyze verilog file ../../source_code/rtl/camera_data_gen.v
HDL-1007 : analyze verilog file ../../source_code/rtl/ov5640/ov5640_dri.v
HDL-1007 : analyze verilog file ../../source_code/rtl/ov5640/ov5640_delay.v
HDL-1007 : analyze verilog file ../../source_code/rtl/ov5640/i2c_ov5640_rgb565_cfg.v
HDL-1007 : analyze verilog file ../../source_code/rtl/ov5640/i2c_dri.v
HDL-1007 : analyze verilog file ../../source_code/rtl/ov5640/cmos_capture_data.v
HDL-1007 : analyze verilog file ../../source_code/rtl/sdram_write_static_sel.v
HDL-1007 : analyze verilog file ../../source_code/rtl/uart/cmd_ctrl.v
HDL-1007 : analyze verilog file ../../source_code/rtl/uart/uart_rx.v
HDL-1007 : analyze verilog file ../../source_code/rtl/uart/uart_test.v
HDL-1007 : analyze verilog file ../../source_code/rtl/uart/uart_tx.v
HDL-1007 : analyze verilog file ../../source_code/rtl/display/color_bar.v
HDL-1007 : analyze included file ../../source_code/rtl/display/video_define.v in ../../source_code/rtl/display/color_bar.v(1)
HDL-1007 : back to file '../../source_code/rtl/display/color_bar.v' in ../../source_code/rtl/display/color_bar.v(1)
HDL-1007 : analyze verilog file ../../source_code/rtl/display/video_delay.v
HDL-1007 : analyze verilog file ../../source_code/rtl/display/video_timing_data.v
HDL-1007 : analyze verilog file ../../source_code/rtl/sdram_read_align.v
HDL-1007 : analyze VHDL file ../../source_code/rtl/hdmi/hdmi_tx.vhd
HDL-1007 : analyze entity hdmi_tx in ../../source_code/rtl/hdmi/hdmi_tx.vhd(11)
HDL-1007 : analyze architecture behavioral in ../../source_code/rtl/hdmi/hdmi_tx.vhd(33)
HDL-1007 : analyze verilog file ../../source_code/rtl/sd/sd_card_ctrl.v
HDL-1007 : analyze VHDL file ../../source_code/rtl/hdmi/enc_file/DVITransmitter.enc.vhd
HDL-1007 : analyze entity dvitransmitter in ../../source_code/rtl/hdmi/enc_file/DVITransmitter.enc.vhd(13)
HDL-1007 : analyze architecture ** in ../../source_code/rtl/hdmi/enc_file/DVITransmitter.enc.vhd(2)
HDL-1007 : analyze VHDL file ../../source_code/rtl/hdmi/enc_file/SerializerN_1_lvds.enc.vhd
HDL-1007 : analyze entity ** in ../../source_code/rtl/hdmi/enc_file/SerializerN_1_lvds.enc.vhd(12)
HDL-1007 : analyze architecture ** in ../../source_code/rtl/hdmi/enc_file/SerializerN_1_lvds.enc.vhd(25)
HDL-1007 : analyze VHDL file ../../source_code/rtl/hdmi/enc_file/SerializerN_1_lvds_dat.enc.vhd
HDL-1007 : analyze entity ** in ../../source_code/rtl/hdmi/enc_file/SerializerN_1_lvds_dat.enc.vhd(14)
HDL-1007 : analyze architecture ** in ../../source_code/rtl/hdmi/enc_file/SerializerN_1_lvds_dat.enc.vhd(28)
HDL-1007 : analyze VHDL file ../../source_code/rtl/hdmi/enc_file/TMDSEncoder.enc.vhd
HDL-1007 : analyze entity ** in ../../source_code/rtl/hdmi/enc_file/TMDSEncoder.enc.vhd(13)
HDL-1007 : analyze architecture ** in ../../source_code/rtl/hdmi/enc_file/TMDSEncoder.enc.vhd(24)
RUN-1002 : start command "commit_param -step design"
RUN-1001 : Print Global Property
RUN-1001 : --------------------------------------------------------
RUN-1001 :   Parameters   |  Settings  |  Default Values  |  Note  
RUN-1001 : --------------------------------------------------------
RUN-1001 :   enable_seed  |    off     |       off        |        
RUN-1001 :     message    |  standard  |     standard     |        
RUN-1001 :   qor_monitor  |     on     |        on        |        
RUN-1001 :   syn_ip_flow  |    off     |       off        |        
RUN-1001 :     thread     |    auto    |       auto       |        
RUN-1001 : --------------------------------------------------------
RUN-1001 : Print Design Property
RUN-1001 : ----------------------------------------------------------------
RUN-1001 :       Parameters       |  Settings  |  Default Values  |  Note  
RUN-1001 : ----------------------------------------------------------------
RUN-1001 :   default_reg_initial  |    auto    |       auto       |        
RUN-1001 :    hdl_warning_level   |   normal   |      normal      |        
RUN-1001 : ----------------------------------------------------------------
HDL-1007 : analyze verilog file al_ip/TEMAC_CORE/RTL/mac_core_aead6cd6dadd.v
HDL-1007 : analyze verilog file al_ip/TEMAC_CORE/RTL/TEMAC_CORE_aead6cd6dadd.v
HDL-5007 WARNING: column 1032 exceeds maximum value 1023 in al_ip/TEMAC_CORE/RTL/TEMAC_CORE_aead6cd6dadd.v(30)
HDL-1007 : back to file 'al_ip/TEMAC_CORE/RTL/TEMAC_CORE_aead6cd6dadd.v' in al_ip/TEMAC_CORE/RTL/TEMAC_CORE_aead6cd6dadd.v(86)
HDL-5007 WARNING: event expressions must result in a singular type in al_ip/TEMAC_CORE/RTL/TEMAC_CORE_aead6cd6dadd.v(3001)
HDL-1007 : undeclared symbol '**', assumed default net type '**' in al_ip/TEMAC_CORE/RTL/TEMAC_CORE_aead6cd6dadd.v(5050)
HDL-1007 : undeclared symbol '**', assumed default net type '**' in al_ip/TEMAC_CORE/RTL/TEMAC_CORE_aead6cd6dadd.v(5458)
HDL-5007 WARNING: column 1035 exceeds maximum value 1023 in al_ip/TEMAC_CORE/RTL/TEMAC_CORE_aead6cd6dadd.v(6001)
HDL-1007 : back to file 'al_ip/TEMAC_CORE/RTL/TEMAC_CORE_aead6cd6dadd.v' in al_ip/TEMAC_CORE/RTL/TEMAC_CORE_aead6cd6dadd.v(260)
HDL-1007 : analyze verilog file al_ip/TEMAC_CORE/TEMAC_CORE.v
HDL-1007 : analyze verilog file al_ip/clk_pll.v
HDL-1007 : undeclared symbol 'clk_pll_open0', assumed default net type 'wire' in al_ip/clk_pll.v(92)
HDL-1007 : undeclared symbol 'clk_pll_open8', assumed default net type 'wire' in al_ip/clk_pll.v(98)
HDL-1007 : undeclared symbol 'clk_pll_open7', assumed default net type 'wire' in al_ip/clk_pll.v(98)
HDL-1007 : undeclared symbol 'clk_pll_open6', assumed default net type 'wire' in al_ip/clk_pll.v(98)
HDL-1007 : undeclared symbol 'clk_pll_open5', assumed default net type 'wire' in al_ip/clk_pll.v(98)
HDL-1007 : undeclared symbol 'clk_pll_open4', assumed default net type 'wire' in al_ip/clk_pll.v(98)
HDL-1007 : undeclared symbol 'clk_pll_open3', assumed default net type 'wire' in al_ip/clk_pll.v(98)
HDL-1007 : undeclared symbol 'clk_pll_open2', assumed default net type 'wire' in al_ip/clk_pll.v(98)
HDL-1007 : undeclared symbol 'clk_pll_open1', assumed default net type 'wire' in al_ip/clk_pll.v(98)
HDL-1007 : undeclared symbol 'clk_pll_open9', assumed default net type 'wire' in al_ip/clk_pll.v(100)
HDL-1007 : analyze verilog file al_ip/fifo_sdr_data_2.v
HDL-1007 : analyze verilog file al_ip/pll_50.v
HDL-1007 : undeclared symbol 'open', assumed default net type 'wire' in al_ip/pll_50.v(85)
HDL-1007 : analyze verilog file al_ip/pll_gen.v
HDL-1007 : undeclared symbol 'pll_gen_open0', assumed default net type 'wire' in al_ip/pll_gen.v(99)
HDL-1007 : undeclared symbol 'pll_gen_open8', assumed default net type 'wire' in al_ip/pll_gen.v(105)
HDL-1007 : undeclared symbol 'pll_gen_open7', assumed default net type 'wire' in al_ip/pll_gen.v(105)
HDL-1007 : undeclared symbol 'pll_gen_open6', assumed default net type 'wire' in al_ip/pll_gen.v(105)
HDL-1007 : undeclared symbol 'pll_gen_open5', assumed default net type 'wire' in al_ip/pll_gen.v(105)
HDL-1007 : undeclared symbol 'pll_gen_open4', assumed default net type 'wire' in al_ip/pll_gen.v(105)
HDL-1007 : undeclared symbol 'pll_gen_open3', assumed default net type 'wire' in al_ip/pll_gen.v(105)
HDL-1007 : undeclared symbol 'pll_gen_open2', assumed default net type 'wire' in al_ip/pll_gen.v(105)
HDL-1007 : undeclared symbol 'pll_gen_open1', assumed default net type 'wire' in al_ip/pll_gen.v(105)
HDL-1007 : analyze verilog file al_ip/rx_pll.v
HDL-1007 : undeclared symbol 'open', assumed default net type 'wire' in al_ip/rx_pll.v(78)
HDL-1007 : analyze verilog file ../../source_code/rtl/BUFGMUX.v
HDL-1007 : analyze verilog file ../../source_code/rtl/clk_gen_rst_gen.v
HDL-1007 : analyze verilog file ../../source_code/rtl/div_clk_gen.v
HDL-1007 : analyze verilog file ../../source_code/rtl/IDDR.v
HDL-1007 : analyze verilog file ../../source_code/rtl/ODDR.v
HDL-1007 : analyze verilog file ../../source_code/rtl/RAMB16_S9_S9.v
HDL-1007 : undeclared symbol 'open', assumed default net type 'wire' in ../../source_code/rtl/RAMB16_S9_S9.v(109)
HDL-1007 : analyze verilog file ../../source_code/rtl/rgmii_interface.v
HDL-1007 : analyze verilog file ../../source_code/rtl/rx_client_fifo.v
HDL-5370 WARNING: parameter 'WAIT_s' becomes localparam in 'rx_client_fifo' with formal parameter declaration list in ../../source_code/rtl/rx_client_fifo.v(49)
HDL-5370 WARNING: parameter 'QUEUE1_s' becomes localparam in 'rx_client_fifo' with formal parameter declaration list in ../../source_code/rtl/rx_client_fifo.v(50)
HDL-5370 WARNING: parameter 'QUEUE2_s' becomes localparam in 'rx_client_fifo' with formal parameter declaration list in ../../source_code/rtl/rx_client_fifo.v(51)
HDL-5370 WARNING: parameter 'QUEUE3_s' becomes localparam in 'rx_client_fifo' with formal parameter declaration list in ../../source_code/rtl/rx_client_fifo.v(52)
HDL-5370 WARNING: parameter 'QUEUE_SOF_s' becomes localparam in 'rx_client_fifo' with formal parameter declaration list in ../../source_code/rtl/rx_client_fifo.v(53)
HDL-5370 WARNING: parameter 'SOF_s' becomes localparam in 'rx_client_fifo' with formal parameter declaration list in ../../source_code/rtl/rx_client_fifo.v(54)
HDL-5370 WARNING: parameter 'DATA_s' becomes localparam in 'rx_client_fifo' with formal parameter declaration list in ../../source_code/rtl/rx_client_fifo.v(55)
HDL-5370 WARNING: parameter 'EOF_s' becomes localparam in 'rx_client_fifo' with formal parameter declaration list in ../../source_code/rtl/rx_client_fifo.v(56)
HDL-5370 WARNING: parameter 'IDLE_s' becomes localparam in 'rx_client_fifo' with formal parameter declaration list in ../../source_code/rtl/rx_client_fifo.v(62)
HDL-5370 WARNING: parameter 'FRAME_s' becomes localparam in 'rx_client_fifo' with formal parameter declaration list in ../../source_code/rtl/rx_client_fifo.v(63)
HDL-5370 Similar messages will be suppressed.
HDL-1007 : analyze verilog file ../../source_code/rtl/temac_block.v
HDL-1007 : analyze verilog file ../../source_code/rtl/temac_clk_gen.v
HDL-1007 : analyze verilog file ../../source_code/rtl/tx_client_fifo.v
HDL-5370 WARNING: parameter 'IDLE_s' becomes localparam in 'tx_client_fifo' with formal parameter declaration list in ../../source_code/rtl/tx_client_fifo.v(53)
HDL-5370 WARNING: parameter 'QUEUE1_s' becomes localparam in 'tx_client_fifo' with formal parameter declaration list in ../../source_code/rtl/tx_client_fifo.v(54)
HDL-5370 WARNING: parameter 'QUEUE2_s' becomes localparam in 'tx_client_fifo' with formal parameter declaration list in ../../source_code/rtl/tx_client_fifo.v(55)
HDL-5370 WARNING: parameter 'QUEUE3_s' becomes localparam in 'tx_client_fifo' with formal parameter declaration list in ../../source_code/rtl/tx_client_fifo.v(56)
HDL-5370 WARNING: parameter 'QUEUE_ACK_s' becomes localparam in 'tx_client_fifo' with formal parameter declaration list in ../../source_code/rtl/tx_client_fifo.v(57)
HDL-5370 WARNING: parameter 'WAIT_ACK_s' becomes localparam in 'tx_client_fifo' with formal parameter declaration list in ../../source_code/rtl/tx_client_fifo.v(58)
HDL-5370 WARNING: parameter 'FRAME_s' becomes localparam in 'tx_client_fifo' with formal parameter declaration list in ../../source_code/rtl/tx_client_fifo.v(59)
HDL-5370 WARNING: parameter 'DROP_s' becomes localparam in 'tx_client_fifo' with formal parameter declaration list in ../../source_code/rtl/tx_client_fifo.v(60)
HDL-5370 WARNING: parameter 'RETRANSMIT_s' becomes localparam in 'tx_client_fifo' with formal parameter declaration list in ../../source_code/rtl/tx_client_fifo.v(61)
HDL-5370 WARNING: parameter 'WAIT_s' becomes localparam in 'tx_client_fifo' with formal parameter declaration list in ../../source_code/rtl/tx_client_fifo.v(67)
HDL-5370 Similar messages will be suppressed.
HDL-1007 : analyze verilog file ../../source_code/rtl/tx_clk_en_gen.v
HDL-1007 : analyze verilog file ../../source_code/rtl/udp_data_tpg.v
HDL-1007 : analyze verilog file ../../source_code/rtl/UDP_Example_Top.v
HDL-1007 : undeclared symbol 'use_sd_data', assumed default net type 'wire' in ../../source_code/rtl/UDP_Example_Top.v(271)
HDL-1007 : undeclared symbol 'phy_reset', assumed default net type 'wire' in ../../source_code/rtl/UDP_Example_Top.v(397)
HDL-5333 WARNING: data object 'rst_n' is already declared in ../../source_code/rtl/UDP_Example_Top.v(444)
HDL-1007 : previous declaration of 'rst_n' is from here in ../../source_code/rtl/UDP_Example_Top.v(246)
HDL-5007 WARNING: second declaration of 'rst_n' is ignored in ../../source_code/rtl/UDP_Example_Top.v(444)
HDL-1007 : undeclared symbol 'tpg_data_done', assumed default net type 'wire' in ../../source_code/rtl/UDP_Example_Top.v(552)
HDL-1007 : undeclared symbol 'vga_out_de', assumed default net type 'wire' in ../../source_code/rtl/UDP_Example_Top.v(587)
HDL-1007 : undeclared symbol 'hs', assumed default net type 'wire' in ../../source_code/rtl/UDP_Example_Top.v(618)
HDL-1007 : undeclared symbol 'vs', assumed default net type 'wire' in ../../source_code/rtl/UDP_Example_Top.v(619)
HDL-1007 : undeclared symbol 'de', assumed default net type 'wire' in ../../source_code/rtl/UDP_Example_Top.v(620)
HDL-8007 ERROR: 'sdr_rd_out' is not declared in ../../source_code/rtl/UDP_Example_Top.v(614)
HDL-8007 ERROR: ignore module module due to previous errors in ../../source_code/rtl/UDP_Example_Top.v(30)
HDL-1007 : analyze VHDL file ../../source_code/rtl/hdmi/hdmi_tx.vhd
HDL-1007 : analyze entity hdmi_tx in ../../source_code/rtl/hdmi/hdmi_tx.vhd(11)
HDL-1007 : analyze architecture behavioral in ../../source_code/rtl/hdmi/hdmi_tx.vhd(33)
HDL-1007 : analyze verilog file ../../source_code/rtl/sd/sd_card_ctrl.v
HDL-1007 : analyze VHDL file ../../source_code/rtl/hdmi/enc_file/DVITransmitter.enc.vhd
HDL-1007 : analyze entity dvitransmitter in ../../source_code/rtl/hdmi/enc_file/DVITransmitter.enc.vhd(13)
HDL-1007 : analyze architecture ** in ../../source_code/rtl/hdmi/enc_file/DVITransmitter.enc.vhd(2)
HDL-1007 : analyze VHDL file ../../source_code/rtl/hdmi/enc_file/SerializerN_1_lvds.enc.vhd
HDL-1007 : analyze entity ** in ../../source_code/rtl/hdmi/enc_file/SerializerN_1_lvds.enc.vhd(12)
HDL-1007 : analyze architecture ** in ../../source_code/rtl/hdmi/enc_file/SerializerN_1_lvds.enc.vhd(25)
HDL-1007 : analyze VHDL file ../../source_code/rtl/hdmi/enc_file/SerializerN_1_lvds_dat.enc.vhd
HDL-1007 : analyze entity ** in ../../source_code/rtl/hdmi/enc_file/SerializerN_1_lvds_dat.enc.vhd(14)
HDL-1007 : analyze architecture ** in ../../source_code/rtl/hdmi/enc_file/SerializerN_1_lvds_dat.enc.vhd(28)
HDL-1007 : analyze VHDL file ../../source_code/rtl/hdmi/enc_file/TMDSEncoder.enc.vhd
HDL-1007 : analyze entity ** in ../../source_code/rtl/hdmi/enc_file/TMDSEncoder.enc.vhd(13)
HDL-1007 : analyze architecture ** in ../../source_code/rtl/hdmi/enc_file/TMDSEncoder.enc.vhd(24)
HDL-5007 WARNING: The file ../../source_code/rtl/UDP_Example_Top.v will not be compiled since it is not included by any other files. Set it as 'global include' if it should be compiled.
RUN-1002 : start command "commit_param -step design"
RUN-1001 : Print Global Property
RUN-1001 : --------------------------------------------------------
RUN-1001 :   Parameters   |  Settings  |  Default Values  |  Note  
RUN-1001 : --------------------------------------------------------
RUN-1001 :   enable_seed  |    off     |       off        |        
RUN-1001 :     message    |  standard  |     standard     |        
RUN-1001 :   qor_monitor  |     on     |        on        |        
RUN-1001 :   syn_ip_flow  |    off     |       off        |        
RUN-1001 :     thread     |    auto    |       auto       |        
RUN-1001 : --------------------------------------------------------
RUN-1001 : Print Design Property
RUN-1001 : ----------------------------------------------------------------
RUN-1001 :       Parameters       |  Settings  |  Default Values  |  Note  
RUN-1001 : ----------------------------------------------------------------
RUN-1001 :   default_reg_initial  |    auto    |       auto       |        
RUN-1001 :    hdl_warning_level   |   normal   |      normal      |        
RUN-1001 : ----------------------------------------------------------------
HDL-1007 : analyze verilog file al_ip/TEMAC_CORE/RTL/mac_core_aead6cd6dadd.v
HDL-1007 : analyze verilog file al_ip/TEMAC_CORE/RTL/TEMAC_CORE_aead6cd6dadd.v
HDL-5007 WARNING: column 1032 exceeds maximum value 1023 in al_ip/TEMAC_CORE/RTL/TEMAC_CORE_aead6cd6dadd.v(30)
HDL-1007 : back to file 'al_ip/TEMAC_CORE/RTL/TEMAC_CORE_aead6cd6dadd.v' in al_ip/TEMAC_CORE/RTL/TEMAC_CORE_aead6cd6dadd.v(86)
HDL-5007 WARNING: event expressions must result in a singular type in al_ip/TEMAC_CORE/RTL/TEMAC_CORE_aead6cd6dadd.v(3001)
HDL-1007 : undeclared symbol '**', assumed default net type '**' in al_ip/TEMAC_CORE/RTL/TEMAC_CORE_aead6cd6dadd.v(5050)
HDL-1007 : undeclared symbol '**', assumed default net type '**' in al_ip/TEMAC_CORE/RTL/TEMAC_CORE_aead6cd6dadd.v(5458)
HDL-5007 WARNING: column 1035 exceeds maximum value 1023 in al_ip/TEMAC_CORE/RTL/TEMAC_CORE_aead6cd6dadd.v(6001)
HDL-1007 : back to file 'al_ip/TEMAC_CORE/RTL/TEMAC_CORE_aead6cd6dadd.v' in al_ip/TEMAC_CORE/RTL/TEMAC_CORE_aead6cd6dadd.v(260)
HDL-1007 : analyze verilog file al_ip/TEMAC_CORE/TEMAC_CORE.v
HDL-1007 : analyze verilog file al_ip/clk_pll.v
HDL-1007 : undeclared symbol 'clk_pll_open0', assumed default net type 'wire' in al_ip/clk_pll.v(92)
HDL-1007 : undeclared symbol 'clk_pll_open8', assumed default net type 'wire' in al_ip/clk_pll.v(98)
HDL-1007 : undeclared symbol 'clk_pll_open7', assumed default net type 'wire' in al_ip/clk_pll.v(98)
HDL-1007 : undeclared symbol 'clk_pll_open6', assumed default net type 'wire' in al_ip/clk_pll.v(98)
HDL-1007 : undeclared symbol 'clk_pll_open5', assumed default net type 'wire' in al_ip/clk_pll.v(98)
HDL-1007 : undeclared symbol 'clk_pll_open4', assumed default net type 'wire' in al_ip/clk_pll.v(98)
HDL-1007 : undeclared symbol 'clk_pll_open3', assumed default net type 'wire' in al_ip/clk_pll.v(98)
HDL-1007 : undeclared symbol 'clk_pll_open2', assumed default net type 'wire' in al_ip/clk_pll.v(98)
HDL-1007 : undeclared symbol 'clk_pll_open1', assumed default net type 'wire' in al_ip/clk_pll.v(98)
HDL-1007 : undeclared symbol 'clk_pll_open9', assumed default net type 'wire' in al_ip/clk_pll.v(100)
HDL-1007 : analyze verilog file al_ip/fifo_sdr_data_2.v
HDL-1007 : analyze verilog file al_ip/pll_50.v
HDL-1007 : undeclared symbol 'open', assumed default net type 'wire' in al_ip/pll_50.v(85)
HDL-1007 : analyze verilog file al_ip/pll_gen.v
HDL-1007 : undeclared symbol 'pll_gen_open0', assumed default net type 'wire' in al_ip/pll_gen.v(99)
HDL-1007 : undeclared symbol 'pll_gen_open8', assumed default net type 'wire' in al_ip/pll_gen.v(105)
HDL-1007 : undeclared symbol 'pll_gen_open7', assumed default net type 'wire' in al_ip/pll_gen.v(105)
HDL-1007 : undeclared symbol 'pll_gen_open6', assumed default net type 'wire' in al_ip/pll_gen.v(105)
HDL-1007 : undeclared symbol 'pll_gen_open5', assumed default net type 'wire' in al_ip/pll_gen.v(105)
HDL-1007 : undeclared symbol 'pll_gen_open4', assumed default net type 'wire' in al_ip/pll_gen.v(105)
HDL-1007 : undeclared symbol 'pll_gen_open3', assumed default net type 'wire' in al_ip/pll_gen.v(105)
HDL-1007 : undeclared symbol 'pll_gen_open2', assumed default net type 'wire' in al_ip/pll_gen.v(105)
HDL-1007 : undeclared symbol 'pll_gen_open1', assumed default net type 'wire' in al_ip/pll_gen.v(105)
HDL-1007 : analyze verilog file al_ip/rx_pll.v
HDL-1007 : undeclared symbol 'open', assumed default net type 'wire' in al_ip/rx_pll.v(78)
HDL-1007 : analyze verilog file ../../source_code/rtl/BUFGMUX.v
HDL-1007 : analyze verilog file ../../source_code/rtl/clk_gen_rst_gen.v
HDL-1007 : analyze verilog file ../../source_code/rtl/div_clk_gen.v
HDL-1007 : analyze verilog file ../../source_code/rtl/IDDR.v
HDL-1007 : analyze verilog file ../../source_code/rtl/ODDR.v
HDL-1007 : analyze verilog file ../../source_code/rtl/RAMB16_S9_S9.v
HDL-1007 : undeclared symbol 'open', assumed default net type 'wire' in ../../source_code/rtl/RAMB16_S9_S9.v(109)
HDL-1007 : analyze verilog file ../../source_code/rtl/rgmii_interface.v
HDL-1007 : analyze verilog file ../../source_code/rtl/rx_client_fifo.v
HDL-5370 WARNING: parameter 'WAIT_s' becomes localparam in 'rx_client_fifo' with formal parameter declaration list in ../../source_code/rtl/rx_client_fifo.v(49)
HDL-5370 WARNING: parameter 'QUEUE1_s' becomes localparam in 'rx_client_fifo' with formal parameter declaration list in ../../source_code/rtl/rx_client_fifo.v(50)
HDL-5370 WARNING: parameter 'QUEUE2_s' becomes localparam in 'rx_client_fifo' with formal parameter declaration list in ../../source_code/rtl/rx_client_fifo.v(51)
HDL-5370 WARNING: parameter 'QUEUE3_s' becomes localparam in 'rx_client_fifo' with formal parameter declaration list in ../../source_code/rtl/rx_client_fifo.v(52)
HDL-5370 WARNING: parameter 'QUEUE_SOF_s' becomes localparam in 'rx_client_fifo' with formal parameter declaration list in ../../source_code/rtl/rx_client_fifo.v(53)
HDL-5370 WARNING: parameter 'SOF_s' becomes localparam in 'rx_client_fifo' with formal parameter declaration list in ../../source_code/rtl/rx_client_fifo.v(54)
HDL-5370 WARNING: parameter 'DATA_s' becomes localparam in 'rx_client_fifo' with formal parameter declaration list in ../../source_code/rtl/rx_client_fifo.v(55)
HDL-5370 WARNING: parameter 'EOF_s' becomes localparam in 'rx_client_fifo' with formal parameter declaration list in ../../source_code/rtl/rx_client_fifo.v(56)
HDL-5370 WARNING: parameter 'IDLE_s' becomes localparam in 'rx_client_fifo' with formal parameter declaration list in ../../source_code/rtl/rx_client_fifo.v(62)
HDL-5370 WARNING: parameter 'FRAME_s' becomes localparam in 'rx_client_fifo' with formal parameter declaration list in ../../source_code/rtl/rx_client_fifo.v(63)
HDL-5370 Similar messages will be suppressed.
HDL-1007 : analyze verilog file ../../source_code/rtl/temac_block.v
HDL-1007 : analyze verilog file ../../source_code/rtl/temac_clk_gen.v
HDL-1007 : analyze verilog file ../../source_code/rtl/tx_client_fifo.v
HDL-5370 WARNING: parameter 'IDLE_s' becomes localparam in 'tx_client_fifo' with formal parameter declaration list in ../../source_code/rtl/tx_client_fifo.v(53)
HDL-5370 WARNING: parameter 'QUEUE1_s' becomes localparam in 'tx_client_fifo' with formal parameter declaration list in ../../source_code/rtl/tx_client_fifo.v(54)
HDL-5370 WARNING: parameter 'QUEUE2_s' becomes localparam in 'tx_client_fifo' with formal parameter declaration list in ../../source_code/rtl/tx_client_fifo.v(55)
HDL-5370 WARNING: parameter 'QUEUE3_s' becomes localparam in 'tx_client_fifo' with formal parameter declaration list in ../../source_code/rtl/tx_client_fifo.v(56)
HDL-5370 WARNING: parameter 'QUEUE_ACK_s' becomes localparam in 'tx_client_fifo' with formal parameter declaration list in ../../source_code/rtl/tx_client_fifo.v(57)
HDL-5370 WARNING: parameter 'WAIT_ACK_s' becomes localparam in 'tx_client_fifo' with formal parameter declaration list in ../../source_code/rtl/tx_client_fifo.v(58)
HDL-5370 WARNING: parameter 'FRAME_s' becomes localparam in 'tx_client_fifo' with formal parameter declaration list in ../../source_code/rtl/tx_client_fifo.v(59)
HDL-5370 WARNING: parameter 'DROP_s' becomes localparam in 'tx_client_fifo' with formal parameter declaration list in ../../source_code/rtl/tx_client_fifo.v(60)
HDL-5370 WARNING: parameter 'RETRANSMIT_s' becomes localparam in 'tx_client_fifo' with formal parameter declaration list in ../../source_code/rtl/tx_client_fifo.v(61)
HDL-5370 WARNING: parameter 'WAIT_s' becomes localparam in 'tx_client_fifo' with formal parameter declaration list in ../../source_code/rtl/tx_client_fifo.v(67)
HDL-5370 Similar messages will be suppressed.
HDL-1007 : analyze verilog file ../../source_code/rtl/tx_clk_en_gen.v
HDL-1007 : analyze verilog file ../../source_code/rtl/udp_data_tpg.v
HDL-1007 : analyze verilog file ../../source_code/rtl/UDP_Example_Top.v
HDL-1007 : undeclared symbol 'use_sd_data', assumed default net type 'wire' in ../../source_code/rtl/UDP_Example_Top.v(271)
HDL-1007 : undeclared symbol 'phy_reset', assumed default net type 'wire' in ../../source_code/rtl/UDP_Example_Top.v(397)
HDL-5333 WARNING: data object 'rst_n' is already declared in ../../source_code/rtl/UDP_Example_Top.v(444)
HDL-1007 : previous declaration of 'rst_n' is from here in ../../source_code/rtl/UDP_Example_Top.v(246)
HDL-5007 WARNING: second declaration of 'rst_n' is ignored in ../../source_code/rtl/UDP_Example_Top.v(444)
HDL-1007 : undeclared symbol 'tpg_data_done', assumed default net type 'wire' in ../../source_code/rtl/UDP_Example_Top.v(552)
HDL-1007 : undeclared symbol 'vga_out_de', assumed default net type 'wire' in ../../source_code/rtl/UDP_Example_Top.v(587)
HDL-1007 : undeclared symbol 'hs', assumed default net type 'wire' in ../../source_code/rtl/UDP_Example_Top.v(618)
HDL-1007 : undeclared symbol 'vs', assumed default net type 'wire' in ../../source_code/rtl/UDP_Example_Top.v(619)
HDL-1007 : undeclared symbol 'de', assumed default net type 'wire' in ../../source_code/rtl/UDP_Example_Top.v(620)
HDL-8007 ERROR: 'Sdr_rd_out' is not declared in ../../source_code/rtl/UDP_Example_Top.v(614)
HDL-8007 ERROR: ignore module module due to previous errors in ../../source_code/rtl/UDP_Example_Top.v(30)
HDL-1007 : analyze VHDL file ../../source_code/rtl/hdmi/hdmi_tx.vhd
HDL-1007 : analyze entity hdmi_tx in ../../source_code/rtl/hdmi/hdmi_tx.vhd(11)
HDL-1007 : analyze architecture behavioral in ../../source_code/rtl/hdmi/hdmi_tx.vhd(33)
HDL-1007 : analyze verilog file ../../source_code/rtl/sd/sd_card_ctrl.v
HDL-1007 : analyze VHDL file ../../source_code/rtl/hdmi/enc_file/DVITransmitter.enc.vhd
HDL-1007 : analyze entity dvitransmitter in ../../source_code/rtl/hdmi/enc_file/DVITransmitter.enc.vhd(13)
HDL-1007 : analyze architecture ** in ../../source_code/rtl/hdmi/enc_file/DVITransmitter.enc.vhd(2)
HDL-1007 : analyze VHDL file ../../source_code/rtl/hdmi/enc_file/SerializerN_1_lvds.enc.vhd
HDL-1007 : analyze entity ** in ../../source_code/rtl/hdmi/enc_file/SerializerN_1_lvds.enc.vhd(12)
HDL-1007 : analyze architecture ** in ../../source_code/rtl/hdmi/enc_file/SerializerN_1_lvds.enc.vhd(25)
HDL-1007 : analyze VHDL file ../../source_code/rtl/hdmi/enc_file/SerializerN_1_lvds_dat.enc.vhd
HDL-1007 : analyze entity ** in ../../source_code/rtl/hdmi/enc_file/SerializerN_1_lvds_dat.enc.vhd(14)
HDL-1007 : analyze architecture ** in ../../source_code/rtl/hdmi/enc_file/SerializerN_1_lvds_dat.enc.vhd(28)
HDL-1007 : analyze VHDL file ../../source_code/rtl/hdmi/enc_file/TMDSEncoder.enc.vhd
HDL-1007 : analyze entity ** in ../../source_code/rtl/hdmi/enc_file/TMDSEncoder.enc.vhd(13)
HDL-1007 : analyze architecture ** in ../../source_code/rtl/hdmi/enc_file/TMDSEncoder.enc.vhd(24)
HDL-5007 WARNING: The file ../../source_code/rtl/UDP_Example_Top.v will not be compiled since it is not included by any other files. Set it as 'global include' if it should be compiled.
RUN-1002 : start command "commit_param -step design"
RUN-1001 : Print Global Property
RUN-1001 : --------------------------------------------------------
RUN-1001 :   Parameters   |  Settings  |  Default Values  |  Note  
RUN-1001 : --------------------------------------------------------
RUN-1001 :   enable_seed  |    off     |       off        |        
RUN-1001 :     message    |  standard  |     standard     |        
RUN-1001 :   qor_monitor  |     on     |        on        |        
RUN-1001 :   syn_ip_flow  |    off     |       off        |        
RUN-1001 :     thread     |    auto    |       auto       |        
RUN-1001 : --------------------------------------------------------
RUN-1001 : Print Design Property
RUN-1001 : ----------------------------------------------------------------
RUN-1001 :       Parameters       |  Settings  |  Default Values  |  Note  
RUN-1001 : ----------------------------------------------------------------
RUN-1001 :   default_reg_initial  |    auto    |       auto       |        
RUN-1001 :    hdl_warning_level   |   normal   |      normal      |        
RUN-1001 : ----------------------------------------------------------------
HDL-1007 : analyze verilog file al_ip/TEMAC_CORE/RTL/mac_core_aead6cd6dadd.v
HDL-1007 : analyze verilog file al_ip/TEMAC_CORE/RTL/TEMAC_CORE_aead6cd6dadd.v
HDL-5007 WARNING: column 1032 exceeds maximum value 1023 in al_ip/TEMAC_CORE/RTL/TEMAC_CORE_aead6cd6dadd.v(30)
HDL-1007 : back to file 'al_ip/TEMAC_CORE/RTL/TEMAC_CORE_aead6cd6dadd.v' in al_ip/TEMAC_CORE/RTL/TEMAC_CORE_aead6cd6dadd.v(86)
HDL-5007 WARNING: event expressions must result in a singular type in al_ip/TEMAC_CORE/RTL/TEMAC_CORE_aead6cd6dadd.v(3001)
HDL-1007 : undeclared symbol '**', assumed default net type '**' in al_ip/TEMAC_CORE/RTL/TEMAC_CORE_aead6cd6dadd.v(5050)
HDL-1007 : undeclared symbol '**', assumed default net type '**' in al_ip/TEMAC_CORE/RTL/TEMAC_CORE_aead6cd6dadd.v(5458)
HDL-5007 WARNING: column 1035 exceeds maximum value 1023 in al_ip/TEMAC_CORE/RTL/TEMAC_CORE_aead6cd6dadd.v(6001)
HDL-1007 : back to file 'al_ip/TEMAC_CORE/RTL/TEMAC_CORE_aead6cd6dadd.v' in al_ip/TEMAC_CORE/RTL/TEMAC_CORE_aead6cd6dadd.v(260)
HDL-1007 : analyze verilog file al_ip/TEMAC_CORE/TEMAC_CORE.v
HDL-1007 : analyze verilog file al_ip/clk_pll.v
HDL-1007 : undeclared symbol 'clk_pll_open0', assumed default net type 'wire' in al_ip/clk_pll.v(92)
HDL-1007 : undeclared symbol 'clk_pll_open8', assumed default net type 'wire' in al_ip/clk_pll.v(98)
HDL-1007 : undeclared symbol 'clk_pll_open7', assumed default net type 'wire' in al_ip/clk_pll.v(98)
HDL-1007 : undeclared symbol 'clk_pll_open6', assumed default net type 'wire' in al_ip/clk_pll.v(98)
HDL-1007 : undeclared symbol 'clk_pll_open5', assumed default net type 'wire' in al_ip/clk_pll.v(98)
HDL-1007 : undeclared symbol 'clk_pll_open4', assumed default net type 'wire' in al_ip/clk_pll.v(98)
HDL-1007 : undeclared symbol 'clk_pll_open3', assumed default net type 'wire' in al_ip/clk_pll.v(98)
HDL-1007 : undeclared symbol 'clk_pll_open2', assumed default net type 'wire' in al_ip/clk_pll.v(98)
HDL-1007 : undeclared symbol 'clk_pll_open1', assumed default net type 'wire' in al_ip/clk_pll.v(98)
HDL-1007 : undeclared symbol 'clk_pll_open9', assumed default net type 'wire' in al_ip/clk_pll.v(100)
HDL-1007 : analyze verilog file al_ip/fifo_sdr_data_2.v
HDL-1007 : analyze verilog file al_ip/pll_50.v
HDL-1007 : undeclared symbol 'open', assumed default net type 'wire' in al_ip/pll_50.v(85)
HDL-1007 : analyze verilog file al_ip/pll_gen.v
HDL-1007 : undeclared symbol 'pll_gen_open0', assumed default net type 'wire' in al_ip/pll_gen.v(99)
HDL-1007 : undeclared symbol 'pll_gen_open8', assumed default net type 'wire' in al_ip/pll_gen.v(105)
HDL-1007 : undeclared symbol 'pll_gen_open7', assumed default net type 'wire' in al_ip/pll_gen.v(105)
HDL-1007 : undeclared symbol 'pll_gen_open6', assumed default net type 'wire' in al_ip/pll_gen.v(105)
HDL-1007 : undeclared symbol 'pll_gen_open5', assumed default net type 'wire' in al_ip/pll_gen.v(105)
HDL-1007 : undeclared symbol 'pll_gen_open4', assumed default net type 'wire' in al_ip/pll_gen.v(105)
HDL-1007 : undeclared symbol 'pll_gen_open3', assumed default net type 'wire' in al_ip/pll_gen.v(105)
HDL-1007 : undeclared symbol 'pll_gen_open2', assumed default net type 'wire' in al_ip/pll_gen.v(105)
HDL-1007 : undeclared symbol 'pll_gen_open1', assumed default net type 'wire' in al_ip/pll_gen.v(105)
HDL-1007 : analyze verilog file al_ip/rx_pll.v
HDL-1007 : undeclared symbol 'open', assumed default net type 'wire' in al_ip/rx_pll.v(78)
HDL-1007 : analyze verilog file ../../source_code/rtl/BUFGMUX.v
HDL-1007 : analyze verilog file ../../source_code/rtl/clk_gen_rst_gen.v
HDL-1007 : analyze verilog file ../../source_code/rtl/div_clk_gen.v
HDL-1007 : analyze verilog file ../../source_code/rtl/IDDR.v
HDL-1007 : analyze verilog file ../../source_code/rtl/ODDR.v
HDL-1007 : analyze verilog file ../../source_code/rtl/RAMB16_S9_S9.v
HDL-1007 : undeclared symbol 'open', assumed default net type 'wire' in ../../source_code/rtl/RAMB16_S9_S9.v(109)
HDL-1007 : analyze verilog file ../../source_code/rtl/rgmii_interface.v
HDL-1007 : analyze verilog file ../../source_code/rtl/rx_client_fifo.v
HDL-5370 WARNING: parameter 'WAIT_s' becomes localparam in 'rx_client_fifo' with formal parameter declaration list in ../../source_code/rtl/rx_client_fifo.v(49)
HDL-5370 WARNING: parameter 'QUEUE1_s' becomes localparam in 'rx_client_fifo' with formal parameter declaration list in ../../source_code/rtl/rx_client_fifo.v(50)
HDL-5370 WARNING: parameter 'QUEUE2_s' becomes localparam in 'rx_client_fifo' with formal parameter declaration list in ../../source_code/rtl/rx_client_fifo.v(51)
HDL-5370 WARNING: parameter 'QUEUE3_s' becomes localparam in 'rx_client_fifo' with formal parameter declaration list in ../../source_code/rtl/rx_client_fifo.v(52)
HDL-5370 WARNING: parameter 'QUEUE_SOF_s' becomes localparam in 'rx_client_fifo' with formal parameter declaration list in ../../source_code/rtl/rx_client_fifo.v(53)
HDL-5370 WARNING: parameter 'SOF_s' becomes localparam in 'rx_client_fifo' with formal parameter declaration list in ../../source_code/rtl/rx_client_fifo.v(54)
HDL-5370 WARNING: parameter 'DATA_s' becomes localparam in 'rx_client_fifo' with formal parameter declaration list in ../../source_code/rtl/rx_client_fifo.v(55)
HDL-5370 WARNING: parameter 'EOF_s' becomes localparam in 'rx_client_fifo' with formal parameter declaration list in ../../source_code/rtl/rx_client_fifo.v(56)
HDL-5370 WARNING: parameter 'IDLE_s' becomes localparam in 'rx_client_fifo' with formal parameter declaration list in ../../source_code/rtl/rx_client_fifo.v(62)
HDL-5370 WARNING: parameter 'FRAME_s' becomes localparam in 'rx_client_fifo' with formal parameter declaration list in ../../source_code/rtl/rx_client_fifo.v(63)
HDL-5370 Similar messages will be suppressed.
HDL-1007 : analyze verilog file ../../source_code/rtl/temac_block.v
HDL-1007 : analyze verilog file ../../source_code/rtl/temac_clk_gen.v
HDL-1007 : analyze verilog file ../../source_code/rtl/tx_client_fifo.v
HDL-5370 WARNING: parameter 'IDLE_s' becomes localparam in 'tx_client_fifo' with formal parameter declaration list in ../../source_code/rtl/tx_client_fifo.v(53)
HDL-5370 WARNING: parameter 'QUEUE1_s' becomes localparam in 'tx_client_fifo' with formal parameter declaration list in ../../source_code/rtl/tx_client_fifo.v(54)
HDL-5370 WARNING: parameter 'QUEUE2_s' becomes localparam in 'tx_client_fifo' with formal parameter declaration list in ../../source_code/rtl/tx_client_fifo.v(55)
HDL-5370 WARNING: parameter 'QUEUE3_s' becomes localparam in 'tx_client_fifo' with formal parameter declaration list in ../../source_code/rtl/tx_client_fifo.v(56)
HDL-5370 WARNING: parameter 'QUEUE_ACK_s' becomes localparam in 'tx_client_fifo' with formal parameter declaration list in ../../source_code/rtl/tx_client_fifo.v(57)
HDL-5370 WARNING: parameter 'WAIT_ACK_s' becomes localparam in 'tx_client_fifo' with formal parameter declaration list in ../../source_code/rtl/tx_client_fifo.v(58)
HDL-5370 WARNING: parameter 'FRAME_s' becomes localparam in 'tx_client_fifo' with formal parameter declaration list in ../../source_code/rtl/tx_client_fifo.v(59)
HDL-5370 WARNING: parameter 'DROP_s' becomes localparam in 'tx_client_fifo' with formal parameter declaration list in ../../source_code/rtl/tx_client_fifo.v(60)
HDL-5370 WARNING: parameter 'RETRANSMIT_s' becomes localparam in 'tx_client_fifo' with formal parameter declaration list in ../../source_code/rtl/tx_client_fifo.v(61)
HDL-5370 WARNING: parameter 'WAIT_s' becomes localparam in 'tx_client_fifo' with formal parameter declaration list in ../../source_code/rtl/tx_client_fifo.v(67)
HDL-5370 Similar messages will be suppressed.
HDL-1007 : analyze verilog file ../../source_code/rtl/tx_clk_en_gen.v
HDL-1007 : analyze verilog file ../../source_code/rtl/udp_data_tpg.v
HDL-1007 : analyze verilog file ../../source_code/rtl/UDP_Example_Top.v
HDL-1007 : undeclared symbol 'use_sd_data', assumed default net type 'wire' in ../../source_code/rtl/UDP_Example_Top.v(271)
HDL-1007 : undeclared symbol 'phy_reset', assumed default net type 'wire' in ../../source_code/rtl/UDP_Example_Top.v(397)
HDL-5333 WARNING: data object 'rst_n' is already declared in ../../source_code/rtl/UDP_Example_Top.v(444)
HDL-1007 : previous declaration of 'rst_n' is from here in ../../source_code/rtl/UDP_Example_Top.v(246)
HDL-5007 WARNING: second declaration of 'rst_n' is ignored in ../../source_code/rtl/UDP_Example_Top.v(444)
HDL-1007 : undeclared symbol 'tpg_data_done', assumed default net type 'wire' in ../../source_code/rtl/UDP_Example_Top.v(552)
HDL-1007 : undeclared symbol 'vga_out_de', assumed default net type 'wire' in ../../source_code/rtl/UDP_Example_Top.v(587)
HDL-1007 : undeclared symbol 'hs', assumed default net type 'wire' in ../../source_code/rtl/UDP_Example_Top.v(618)
HDL-1007 : undeclared symbol 'vs', assumed default net type 'wire' in ../../source_code/rtl/UDP_Example_Top.v(619)
HDL-1007 : undeclared symbol 'de', assumed default net type 'wire' in ../../source_code/rtl/UDP_Example_Top.v(620)
HDL-1007 : analyze verilog file ../../source_code/rtl/udp_ip_protocol_stack_merge.enc.v
HDL-1007 : back to file '../../source_code/rtl/udp_ip_protocol_stack_merge.enc.v' in ../../source_code/rtl/udp_ip_protocol_stack_merge.enc.v(56)
HDL-1007 : undeclared symbol '**', assumed default net type '**' in ../../source_code/rtl/udp_ip_protocol_stack_merge.enc.v(2638)
HDL-1007 : back to file '../../source_code/rtl/udp_ip_protocol_stack_merge.enc.v' in ../../source_code/rtl/udp_ip_protocol_stack_merge.enc.v(420)
HDL-1007 : analyze verilog file ../../source_code/rtl/udp_loopback.v
HDL-1007 : analyze verilog file ../../source_code/rtl/sdr/rtl/app_wrrd.v
HDL-1007 : analyze included file ../../source_code/rtl/sdr/rtl/../include/global_def.v in ../../source_code/rtl/sdr/rtl/app_wrrd.v(10)
HDL-1007 : back to file '../../source_code/rtl/sdr/rtl/app_wrrd.v' in ../../source_code/rtl/sdr/rtl/app_wrrd.v(10)
HDL-5372 WARNING: redeclaration of ANSI port 'full_flag' is not allowed in ../../source_code/rtl/sdr/rtl/app_wrrd.v(61)
HDL-1007 : undeclared symbol 'afull', assumed default net type 'wire' in ../../source_code/rtl/sdr/rtl/app_wrrd.v(74)
HDL-1007 : undeclared symbol 'aempty', assumed default net type 'wire' in ../../source_code/rtl/sdr/rtl/app_wrrd.v(75)
HDL-1007 : undeclared symbol 'wrusedw', assumed default net type 'wire' in ../../source_code/rtl/sdr/rtl/app_wrrd.v(76)
HDL-5333 WARNING: data object 'w_addr_cnt' is already declared in ../../source_code/rtl/sdr/rtl/app_wrrd.v(139)
HDL-1007 : previous declaration of 'w_addr_cnt' is from here in ../../source_code/rtl/sdr/rtl/app_wrrd.v(38)
HDL-5007 WARNING: second declaration of 'w_addr_cnt' is ignored in ../../source_code/rtl/sdr/rtl/app_wrrd.v(139)
HDL-1007 : analyze verilog file ../../source_code/rtl/sdr/rtl/sdram_top.v
HDL-1007 : analyze included file ../../source_code/rtl/sdr/rtl/../include/global_def.v in ../../source_code/rtl/sdr/rtl/sdram_top.v(10)
HDL-1007 : back to file '../../source_code/rtl/sdr/rtl/sdram_top.v' in ../../source_code/rtl/sdr/rtl/sdram_top.v(10)
HDL-1007 : undeclared symbol 'Rst_n', assumed default net type 'wire' in ../../source_code/rtl/sdr/rtl/sdram_top.v(70)
HDL-5372 WARNING: redeclaration of ANSI port 'wr_done' is not allowed in ../../source_code/rtl/sdr/rtl/sdram_top.v(73)
HDL-1007 : undeclared symbol 'SDR_CKE', assumed default net type 'wire' in ../../source_code/rtl/sdr/rtl/sdram_top.v(132)
HDL-1007 : analyze verilog file ../../source_code/rtl/sd/sd_ctrl_top.v
HDL-1007 : analyze verilog file ../../source_code/rtl/sd/sd_init.v
HDL-1007 : analyze verilog file ../../source_code/rtl/sd/sd_read.v
HDL-1007 : analyze verilog file ../../source_code/rtl/sd/sd_read_photo.v
HDL-1007 : analyze verilog file ../../source_code/rtl/sdr/rtl/enc_file/sdr_as_ram.enc.v
HDL-1007 : back to file '../../source_code/rtl/sdr/rtl/enc_file/sdr_as_ram.enc.v' in ../../source_code/rtl/sdr/rtl/enc_file/sdr_as_ram.enc.v(45)
HDL-1007 : analyze verilog file ../../source_code/rtl/sdr/rtl/enc_file/sdr_init_ref.enc.v
HDL-1007 : undeclared symbol '**', assumed default net type '**' in ../../source_code/rtl/sdr/rtl/enc_file/sdr_init_ref.enc.v(57)
HDL-1007 : back to file '../../source_code/rtl/sdr/rtl/enc_file/sdr_init_ref.enc.v' in ../../source_code/rtl/sdr/rtl/enc_file/sdr_init_ref.enc.v(148)
HDL-5007 WARNING: concatenation with an unsized literal will be treated as 32 bits in ../../source_code/rtl/sdr/rtl/enc_file/sdr_init_ref.enc.v(47)
HDL-1007 : analyze verilog file ../../source_code/rtl/sdr/rtl/enc_file/sdr_wrrd.enc.v
HDL-5007 WARNING: concatenation with an unsized literal will be treated as 32 bits in ../../source_code/rtl/sdr/rtl/enc_file/sdr_wrrd.enc.v(283)
HDL-1007 : back to file '../../source_code/rtl/sdr/rtl/enc_file/sdr_wrrd.enc.v' in ../../source_code/rtl/sdr/rtl/enc_file/sdr_wrrd.enc.v(19)
HDL-1007 : analyze verilog file ../../source_code/rtl/camera_data_gen.v
HDL-1007 : analyze verilog file ../../source_code/rtl/ov5640/ov5640_dri.v
HDL-1007 : analyze verilog file ../../source_code/rtl/ov5640/ov5640_delay.v
HDL-1007 : analyze verilog file ../../source_code/rtl/ov5640/i2c_ov5640_rgb565_cfg.v
HDL-1007 : analyze verilog file ../../source_code/rtl/ov5640/i2c_dri.v
HDL-1007 : analyze verilog file ../../source_code/rtl/ov5640/cmos_capture_data.v
HDL-1007 : analyze verilog file ../../source_code/rtl/sdram_write_static_sel.v
HDL-1007 : analyze verilog file ../../source_code/rtl/uart/cmd_ctrl.v
HDL-1007 : analyze verilog file ../../source_code/rtl/uart/uart_rx.v
HDL-1007 : analyze verilog file ../../source_code/rtl/uart/uart_test.v
HDL-1007 : analyze verilog file ../../source_code/rtl/uart/uart_tx.v
HDL-1007 : analyze verilog file ../../source_code/rtl/display/color_bar.v
HDL-1007 : analyze included file ../../source_code/rtl/display/video_define.v in ../../source_code/rtl/display/color_bar.v(1)
HDL-1007 : back to file '../../source_code/rtl/display/color_bar.v' in ../../source_code/rtl/display/color_bar.v(1)
HDL-1007 : analyze verilog file ../../source_code/rtl/display/video_delay.v
HDL-1007 : analyze verilog file ../../source_code/rtl/display/video_timing_data.v
HDL-1007 : analyze verilog file ../../source_code/rtl/sdram_read_align.v
HDL-1007 : analyze VHDL file ../../source_code/rtl/hdmi/hdmi_tx.vhd
HDL-1007 : analyze entity hdmi_tx in ../../source_code/rtl/hdmi/hdmi_tx.vhd(11)
HDL-1007 : analyze architecture behavioral in ../../source_code/rtl/hdmi/hdmi_tx.vhd(33)
HDL-1007 : analyze verilog file ../../source_code/rtl/sd/sd_card_ctrl.v
HDL-1007 : analyze VHDL file ../../source_code/rtl/hdmi/enc_file/DVITransmitter.enc.vhd
HDL-1007 : analyze entity dvitransmitter in ../../source_code/rtl/hdmi/enc_file/DVITransmitter.enc.vhd(13)
HDL-1007 : analyze architecture ** in ../../source_code/rtl/hdmi/enc_file/DVITransmitter.enc.vhd(2)
HDL-1007 : analyze VHDL file ../../source_code/rtl/hdmi/enc_file/SerializerN_1_lvds.enc.vhd
HDL-1007 : analyze entity ** in ../../source_code/rtl/hdmi/enc_file/SerializerN_1_lvds.enc.vhd(12)
HDL-1007 : analyze architecture ** in ../../source_code/rtl/hdmi/enc_file/SerializerN_1_lvds.enc.vhd(25)
HDL-1007 : analyze VHDL file ../../source_code/rtl/hdmi/enc_file/SerializerN_1_lvds_dat.enc.vhd
HDL-1007 : analyze entity ** in ../../source_code/rtl/hdmi/enc_file/SerializerN_1_lvds_dat.enc.vhd(14)
HDL-1007 : analyze architecture ** in ../../source_code/rtl/hdmi/enc_file/SerializerN_1_lvds_dat.enc.vhd(28)
HDL-1007 : analyze VHDL file ../../source_code/rtl/hdmi/enc_file/TMDSEncoder.enc.vhd
HDL-1007 : analyze entity ** in ../../source_code/rtl/hdmi/enc_file/TMDSEncoder.enc.vhd(13)
HDL-1007 : analyze architecture ** in ../../source_code/rtl/hdmi/enc_file/TMDSEncoder.enc.vhd(24)
PRJ-1412 : reset_run syn_1 phy_1.
PRJ-1409 : launch_runs syn_1 phy_1  -jobs 6.
PRJ-1416 : stop_run syn_1.
PRJ-1416 : stop_run phy_1.
PRJ-1410 : Run syn_1 success.
RUN-1002 : start command "save_best_bits"
RUN-1002 : start command "import_db D:/Anlu/double_fpga_udp/tx/sdram_switch/UDP_EG4_6.2/prj/UDP_EXAMPLE/UDP_EXAMPLE_Runs/syn_1/UDP_EXAMPLE_rtl.db"
RUN-1001 : Importing database generated by Tang Dynasty, V6.2.168116.
RUN-1001 : Database version number 46207
RUN-1001 : Import flow parameters
RUN-1001 : Import netlist
RUN-1001 : Import timing constraints
RUN-1001 : Import IO constraints
RUN-1001 : Import Inst constraints
RUN-1001 : Import ChipWatcher
RUN-1001 : Import design success TD_VERSION=6.2.168116 , DB_VERSION=46207
PRJ-1412 : reset_run syn_1 phy_1.
PRJ-1409 : launch_runs syn_1 phy_1  -jobs 6.
PRJ-1410 : Run syn_1 success.
PRJ-1410 : Run phy_1 success.
RUN-1002 : start command "save_best_bits"
PRJ-1424 : The implemented result of phy_1 is saved as best result.
RUN-1002 : start command "import_db D:/Anlu/double_fpga_udp/tx/sdram_switch/UDP_EG4_6.2/prj/UDP_EXAMPLE/UDP_EXAMPLE_Runs/phy_1/UDP_EXAMPLE_pr.db"
RUN-1001 : Importing database generated by Tang Dynasty, V6.2.168116.
RUN-1001 : Database version number 46207
RUN-1001 : Import flow parameters
RUN-1001 : Import netlist
PHY-1001 : Generate detailed routing grids ...
PHY-1001 : End build routing graph; 0.899927s wall, 0.859375s user + 0.125000s system = 0.984375s CPU (109.4%)

PHY-1001 : Processed IO instance sd_miso_syn_4 with INV attribute.
PHY-1001 : Build lut bridge;  0.132290s wall, 0.093750s user + 0.046875s system = 0.140625s CPU (106.3%)

PHY-1001 : Generate nets ...
PHY-1001 : net cam_pclk_dup_1 will be routed on clock mesh
PHY-1001 : net clk_50_dup_1 will be routed on clock mesh
PHY-1001 : net clk_50m_180deg will be routed on clock mesh
PHY-1001 : clock net temac_clk will be merged with clock u_clk_gen/u_pll_0/clk0_buf
PHY-1001 : net temac_clk90 will be routed on clock mesh
PHY-1001 : net udp_clk will be routed on clock mesh
PHY-1001 : clock net t3_sdram/u0_clk/clk0_out will be merged with clock t3_sdram/u0_clk/clk0_buf
PHY-1001 : net t3_sdram/u1_app_wrrd/clk will be routed on clock mesh
PHY-1001 : net t3_sdram/u1_app_wrrd/sd_clk will be routed on clock mesh
PHY-1001 : net t3_sdram/u2_ram/SDRAM_CLK will be routed on clock mesh
PHY-1001 : net u3_hdmi_tx/Inst_DVITransmitter/PCLK_I will be routed on clock mesh
PHY-1001 : clock net cwc_jtck_syn_2 will be merged with clock cwc_jtck
PHY-1001 : net auto_created_cwc1/wrapper_cwc_top/U_cwc_ram/clka will be routed on clock mesh
PHY-1001 : clock net u4_trimac_block/rx_clk will be merged with clock u4_trimac_block/u1_rgmii_interface/rgmii_rxc
PHY-1001 : clock net u_sdram_write_sel/clk_cfg will be merged with clock u_pll_50/clk0_buf
PHY-1001 : clock net u_rx_pll/clk0_out will be merged with clock u_rx_pll/clk0_buf
PHY-1001 : eco open net = 0
PHY-1001 : 222 feed throughs used by 177 nets
RUN-1001 : Import phy database
RUN-1001 : Import timing constraints
RUN-1001 : Import IO constraints
RUN-1001 : Import Inst constraints
RUN-1001 : Import ChipWatcher
RUN-1001 : Import design success TD_VERSION=6.2.168116 , DB_VERSION=46207
RUN-1003 : finish command "import_db D:/Anlu/double_fpga_udp/tx/sdram_switch/UDP_EG4_6.2/prj/UDP_EXAMPLE/UDP_EXAMPLE_Runs/phy_1/UDP_EXAMPLE_pr.db" in  4.631687s wall, 4.562500s user + 0.531250s system = 5.093750s CPU (110.0%)

RUN-1004 : used memory is 688 MB, reserved memory is 771 MB, peak memory is 723 MB
RUN-1002 : start command "commit_param -step design"
RUN-1001 : Print Global Property
RUN-1001 : --------------------------------------------------------
RUN-1001 :   Parameters   |  Settings  |  Default Values  |  Note  
RUN-1001 : --------------------------------------------------------
RUN-1001 :   enable_seed  |    off     |       off        |        
RUN-1001 :     message    |  standard  |     standard     |        
RUN-1001 :   qor_monitor  |     on     |        on        |        
RUN-1001 :   syn_ip_flow  |    off     |       off        |        
RUN-1001 :     thread     |    auto    |       auto       |        
RUN-1001 : --------------------------------------------------------
RUN-1001 : Print Design Property
RUN-1001 : ----------------------------------------------------------------
RUN-1001 :       Parameters       |  Settings  |  Default Values  |  Note  
RUN-1001 : ----------------------------------------------------------------
RUN-1001 :   default_reg_initial  |    auto    |       auto       |        
RUN-1001 :    hdl_warning_level   |   normal   |      normal      |        
RUN-1001 : ----------------------------------------------------------------
HDL-1007 : analyze verilog file al_ip/TEMAC_CORE/RTL/mac_core_aead6cd6dadd.v
HDL-1007 : analyze verilog file al_ip/TEMAC_CORE/RTL/TEMAC_CORE_aead6cd6dadd.v
HDL-5007 WARNING: column 1032 exceeds maximum value 1023 in al_ip/TEMAC_CORE/RTL/TEMAC_CORE_aead6cd6dadd.v(30)
HDL-1007 : back to file 'al_ip/TEMAC_CORE/RTL/TEMAC_CORE_aead6cd6dadd.v' in al_ip/TEMAC_CORE/RTL/TEMAC_CORE_aead6cd6dadd.v(86)
HDL-5007 WARNING: event expressions must result in a singular type in al_ip/TEMAC_CORE/RTL/TEMAC_CORE_aead6cd6dadd.v(3001)
HDL-1007 : undeclared symbol '**', assumed default net type '**' in al_ip/TEMAC_CORE/RTL/TEMAC_CORE_aead6cd6dadd.v(5050)
HDL-1007 : undeclared symbol '**', assumed default net type '**' in al_ip/TEMAC_CORE/RTL/TEMAC_CORE_aead6cd6dadd.v(5458)
HDL-5007 WARNING: column 1035 exceeds maximum value 1023 in al_ip/TEMAC_CORE/RTL/TEMAC_CORE_aead6cd6dadd.v(6001)
HDL-1007 : back to file 'al_ip/TEMAC_CORE/RTL/TEMAC_CORE_aead6cd6dadd.v' in al_ip/TEMAC_CORE/RTL/TEMAC_CORE_aead6cd6dadd.v(260)
HDL-1007 : analyze verilog file al_ip/TEMAC_CORE/TEMAC_CORE.v
HDL-1007 : analyze verilog file al_ip/clk_pll.v
HDL-1007 : undeclared symbol 'clk_pll_open0', assumed default net type 'wire' in al_ip/clk_pll.v(92)
HDL-1007 : undeclared symbol 'clk_pll_open8', assumed default net type 'wire' in al_ip/clk_pll.v(98)
HDL-1007 : undeclared symbol 'clk_pll_open7', assumed default net type 'wire' in al_ip/clk_pll.v(98)
HDL-1007 : undeclared symbol 'clk_pll_open6', assumed default net type 'wire' in al_ip/clk_pll.v(98)
HDL-1007 : undeclared symbol 'clk_pll_open5', assumed default net type 'wire' in al_ip/clk_pll.v(98)
HDL-1007 : undeclared symbol 'clk_pll_open4', assumed default net type 'wire' in al_ip/clk_pll.v(98)
HDL-1007 : undeclared symbol 'clk_pll_open3', assumed default net type 'wire' in al_ip/clk_pll.v(98)
HDL-1007 : undeclared symbol 'clk_pll_open2', assumed default net type 'wire' in al_ip/clk_pll.v(98)
HDL-1007 : undeclared symbol 'clk_pll_open1', assumed default net type 'wire' in al_ip/clk_pll.v(98)
HDL-1007 : undeclared symbol 'clk_pll_open9', assumed default net type 'wire' in al_ip/clk_pll.v(100)
HDL-1007 : analyze verilog file al_ip/fifo_sdr_data_2.v
HDL-1007 : analyze verilog file al_ip/pll_50.v
HDL-1007 : undeclared symbol 'open', assumed default net type 'wire' in al_ip/pll_50.v(85)
HDL-1007 : analyze verilog file al_ip/pll_gen.v
HDL-1007 : undeclared symbol 'pll_gen_open0', assumed default net type 'wire' in al_ip/pll_gen.v(99)
HDL-1007 : undeclared symbol 'pll_gen_open8', assumed default net type 'wire' in al_ip/pll_gen.v(105)
HDL-1007 : undeclared symbol 'pll_gen_open7', assumed default net type 'wire' in al_ip/pll_gen.v(105)
HDL-1007 : undeclared symbol 'pll_gen_open6', assumed default net type 'wire' in al_ip/pll_gen.v(105)
HDL-1007 : undeclared symbol 'pll_gen_open5', assumed default net type 'wire' in al_ip/pll_gen.v(105)
HDL-1007 : undeclared symbol 'pll_gen_open4', assumed default net type 'wire' in al_ip/pll_gen.v(105)
HDL-1007 : undeclared symbol 'pll_gen_open3', assumed default net type 'wire' in al_ip/pll_gen.v(105)
HDL-1007 : undeclared symbol 'pll_gen_open2', assumed default net type 'wire' in al_ip/pll_gen.v(105)
HDL-1007 : undeclared symbol 'pll_gen_open1', assumed default net type 'wire' in al_ip/pll_gen.v(105)
HDL-1007 : analyze verilog file al_ip/rx_pll.v
HDL-1007 : undeclared symbol 'open', assumed default net type 'wire' in al_ip/rx_pll.v(78)
HDL-1007 : analyze verilog file ../../source_code/rtl/BUFGMUX.v
HDL-1007 : analyze verilog file ../../source_code/rtl/clk_gen_rst_gen.v
HDL-1007 : analyze verilog file ../../source_code/rtl/div_clk_gen.v
HDL-1007 : analyze verilog file ../../source_code/rtl/IDDR.v
HDL-1007 : analyze verilog file ../../source_code/rtl/ODDR.v
HDL-1007 : analyze verilog file ../../source_code/rtl/RAMB16_S9_S9.v
HDL-1007 : undeclared symbol 'open', assumed default net type 'wire' in ../../source_code/rtl/RAMB16_S9_S9.v(109)
HDL-1007 : analyze verilog file ../../source_code/rtl/rgmii_interface.v
HDL-1007 : analyze verilog file ../../source_code/rtl/rx_client_fifo.v
HDL-5370 WARNING: parameter 'WAIT_s' becomes localparam in 'rx_client_fifo' with formal parameter declaration list in ../../source_code/rtl/rx_client_fifo.v(49)
HDL-5370 WARNING: parameter 'QUEUE1_s' becomes localparam in 'rx_client_fifo' with formal parameter declaration list in ../../source_code/rtl/rx_client_fifo.v(50)
HDL-5370 WARNING: parameter 'QUEUE2_s' becomes localparam in 'rx_client_fifo' with formal parameter declaration list in ../../source_code/rtl/rx_client_fifo.v(51)
HDL-5370 WARNING: parameter 'QUEUE3_s' becomes localparam in 'rx_client_fifo' with formal parameter declaration list in ../../source_code/rtl/rx_client_fifo.v(52)
HDL-5370 WARNING: parameter 'QUEUE_SOF_s' becomes localparam in 'rx_client_fifo' with formal parameter declaration list in ../../source_code/rtl/rx_client_fifo.v(53)
HDL-5370 WARNING: parameter 'SOF_s' becomes localparam in 'rx_client_fifo' with formal parameter declaration list in ../../source_code/rtl/rx_client_fifo.v(54)
HDL-5370 WARNING: parameter 'DATA_s' becomes localparam in 'rx_client_fifo' with formal parameter declaration list in ../../source_code/rtl/rx_client_fifo.v(55)
HDL-5370 WARNING: parameter 'EOF_s' becomes localparam in 'rx_client_fifo' with formal parameter declaration list in ../../source_code/rtl/rx_client_fifo.v(56)
HDL-5370 WARNING: parameter 'IDLE_s' becomes localparam in 'rx_client_fifo' with formal parameter declaration list in ../../source_code/rtl/rx_client_fifo.v(62)
HDL-5370 WARNING: parameter 'FRAME_s' becomes localparam in 'rx_client_fifo' with formal parameter declaration list in ../../source_code/rtl/rx_client_fifo.v(63)
HDL-5370 Similar messages will be suppressed.
HDL-1007 : analyze verilog file ../../source_code/rtl/temac_block.v
HDL-1007 : analyze verilog file ../../source_code/rtl/temac_clk_gen.v
HDL-1007 : analyze verilog file ../../source_code/rtl/tx_client_fifo.v
HDL-5370 WARNING: parameter 'IDLE_s' becomes localparam in 'tx_client_fifo' with formal parameter declaration list in ../../source_code/rtl/tx_client_fifo.v(53)
HDL-5370 WARNING: parameter 'QUEUE1_s' becomes localparam in 'tx_client_fifo' with formal parameter declaration list in ../../source_code/rtl/tx_client_fifo.v(54)
HDL-5370 WARNING: parameter 'QUEUE2_s' becomes localparam in 'tx_client_fifo' with formal parameter declaration list in ../../source_code/rtl/tx_client_fifo.v(55)
HDL-5370 WARNING: parameter 'QUEUE3_s' becomes localparam in 'tx_client_fifo' with formal parameter declaration list in ../../source_code/rtl/tx_client_fifo.v(56)
HDL-5370 WARNING: parameter 'QUEUE_ACK_s' becomes localparam in 'tx_client_fifo' with formal parameter declaration list in ../../source_code/rtl/tx_client_fifo.v(57)
HDL-5370 WARNING: parameter 'WAIT_ACK_s' becomes localparam in 'tx_client_fifo' with formal parameter declaration list in ../../source_code/rtl/tx_client_fifo.v(58)
HDL-5370 WARNING: parameter 'FRAME_s' becomes localparam in 'tx_client_fifo' with formal parameter declaration list in ../../source_code/rtl/tx_client_fifo.v(59)
HDL-5370 WARNING: parameter 'DROP_s' becomes localparam in 'tx_client_fifo' with formal parameter declaration list in ../../source_code/rtl/tx_client_fifo.v(60)
HDL-5370 WARNING: parameter 'RETRANSMIT_s' becomes localparam in 'tx_client_fifo' with formal parameter declaration list in ../../source_code/rtl/tx_client_fifo.v(61)
HDL-5370 WARNING: parameter 'WAIT_s' becomes localparam in 'tx_client_fifo' with formal parameter declaration list in ../../source_code/rtl/tx_client_fifo.v(67)
HDL-5370 Similar messages will be suppressed.
HDL-1007 : analyze verilog file ../../source_code/rtl/tx_clk_en_gen.v
HDL-1007 : analyze verilog file ../../source_code/rtl/udp_data_tpg.v
HDL-1007 : analyze verilog file ../../source_code/rtl/UDP_Example_Top.v
HDL-1007 : undeclared symbol 'phy_reset', assumed default net type 'wire' in ../../source_code/rtl/UDP_Example_Top.v(435)
HDL-5333 WARNING: data object 'rst_n' is already declared in ../../source_code/rtl/UDP_Example_Top.v(482)
HDL-1007 : previous declaration of 'rst_n' is from here in ../../source_code/rtl/UDP_Example_Top.v(246)
HDL-5007 WARNING: second declaration of 'rst_n' is ignored in ../../source_code/rtl/UDP_Example_Top.v(482)
HDL-1007 : undeclared symbol 'tpg_data_done', assumed default net type 'wire' in ../../source_code/rtl/UDP_Example_Top.v(590)
HDL-1007 : undeclared symbol 'vga_out_de', assumed default net type 'wire' in ../../source_code/rtl/UDP_Example_Top.v(625)
HDL-1007 : undeclared symbol 'hs', assumed default net type 'wire' in ../../source_code/rtl/UDP_Example_Top.v(656)
HDL-1007 : undeclared symbol 'vs', assumed default net type 'wire' in ../../source_code/rtl/UDP_Example_Top.v(657)
HDL-1007 : undeclared symbol 'de', assumed default net type 'wire' in ../../source_code/rtl/UDP_Example_Top.v(658)
HDL-1007 : analyze verilog file ../../source_code/rtl/udp_ip_protocol_stack_merge.enc.v
HDL-1007 : back to file '../../source_code/rtl/udp_ip_protocol_stack_merge.enc.v' in ../../source_code/rtl/udp_ip_protocol_stack_merge.enc.v(56)
HDL-1007 : undeclared symbol '**', assumed default net type '**' in ../../source_code/rtl/udp_ip_protocol_stack_merge.enc.v(2638)
HDL-1007 : back to file '../../source_code/rtl/udp_ip_protocol_stack_merge.enc.v' in ../../source_code/rtl/udp_ip_protocol_stack_merge.enc.v(420)
HDL-1007 : analyze verilog file ../../source_code/rtl/udp_loopback.v
HDL-1007 : analyze verilog file ../../source_code/rtl/sdr/rtl/app_wrrd.v
HDL-1007 : analyze included file ../../source_code/rtl/sdr/rtl/../include/global_def.v in ../../source_code/rtl/sdr/rtl/app_wrrd.v(10)
HDL-1007 : back to file '../../source_code/rtl/sdr/rtl/app_wrrd.v' in ../../source_code/rtl/sdr/rtl/app_wrrd.v(10)
HDL-5372 WARNING: redeclaration of ANSI port 'full_flag' is not allowed in ../../source_code/rtl/sdr/rtl/app_wrrd.v(61)
HDL-1007 : undeclared symbol 'afull', assumed default net type 'wire' in ../../source_code/rtl/sdr/rtl/app_wrrd.v(74)
HDL-1007 : undeclared symbol 'aempty', assumed default net type 'wire' in ../../source_code/rtl/sdr/rtl/app_wrrd.v(75)
HDL-1007 : undeclared symbol 'wrusedw', assumed default net type 'wire' in ../../source_code/rtl/sdr/rtl/app_wrrd.v(76)
HDL-5333 WARNING: data object 'w_addr_cnt' is already declared in ../../source_code/rtl/sdr/rtl/app_wrrd.v(139)
HDL-1007 : previous declaration of 'w_addr_cnt' is from here in ../../source_code/rtl/sdr/rtl/app_wrrd.v(38)
HDL-5007 WARNING: second declaration of 'w_addr_cnt' is ignored in ../../source_code/rtl/sdr/rtl/app_wrrd.v(139)
HDL-1007 : analyze verilog file ../../source_code/rtl/sdr/rtl/sdram_top.v
HDL-1007 : analyze included file ../../source_code/rtl/sdr/rtl/../include/global_def.v in ../../source_code/rtl/sdr/rtl/sdram_top.v(10)
HDL-1007 : back to file '../../source_code/rtl/sdr/rtl/sdram_top.v' in ../../source_code/rtl/sdr/rtl/sdram_top.v(10)
HDL-1007 : undeclared symbol 'Rst_n', assumed default net type 'wire' in ../../source_code/rtl/sdr/rtl/sdram_top.v(70)
HDL-5372 WARNING: redeclaration of ANSI port 'wr_done' is not allowed in ../../source_code/rtl/sdr/rtl/sdram_top.v(73)
HDL-1007 : undeclared symbol 'SDR_CKE', assumed default net type 'wire' in ../../source_code/rtl/sdr/rtl/sdram_top.v(132)
HDL-1007 : analyze verilog file ../../source_code/rtl/sd/sd_ctrl_top.v
HDL-1007 : analyze verilog file ../../source_code/rtl/sd/sd_init.v
HDL-1007 : analyze verilog file ../../source_code/rtl/sd/sd_read.v
HDL-1007 : analyze verilog file ../../source_code/rtl/sd/sd_read_photo.v
HDL-1007 : analyze verilog file ../../source_code/rtl/sdr/rtl/enc_file/sdr_as_ram.enc.v
HDL-1007 : back to file '../../source_code/rtl/sdr/rtl/enc_file/sdr_as_ram.enc.v' in ../../source_code/rtl/sdr/rtl/enc_file/sdr_as_ram.enc.v(45)
HDL-1007 : analyze verilog file ../../source_code/rtl/sdr/rtl/enc_file/sdr_init_ref.enc.v
HDL-1007 : undeclared symbol '**', assumed default net type '**' in ../../source_code/rtl/sdr/rtl/enc_file/sdr_init_ref.enc.v(57)
HDL-1007 : back to file '../../source_code/rtl/sdr/rtl/enc_file/sdr_init_ref.enc.v' in ../../source_code/rtl/sdr/rtl/enc_file/sdr_init_ref.enc.v(148)
HDL-5007 WARNING: concatenation with an unsized literal will be treated as 32 bits in ../../source_code/rtl/sdr/rtl/enc_file/sdr_init_ref.enc.v(47)
HDL-1007 : analyze verilog file ../../source_code/rtl/sdr/rtl/enc_file/sdr_wrrd.enc.v
HDL-5007 WARNING: concatenation with an unsized literal will be treated as 32 bits in ../../source_code/rtl/sdr/rtl/enc_file/sdr_wrrd.enc.v(283)
HDL-1007 : back to file '../../source_code/rtl/sdr/rtl/enc_file/sdr_wrrd.enc.v' in ../../source_code/rtl/sdr/rtl/enc_file/sdr_wrrd.enc.v(19)
HDL-1007 : analyze verilog file ../../source_code/rtl/camera_data_gen.v
HDL-1007 : analyze verilog file ../../source_code/rtl/ov5640/ov5640_dri.v
HDL-1007 : analyze verilog file ../../source_code/rtl/ov5640/ov5640_delay.v
HDL-1007 : analyze verilog file ../../source_code/rtl/ov5640/i2c_ov5640_rgb565_cfg.v
HDL-1007 : analyze verilog file ../../source_code/rtl/ov5640/i2c_dri.v
HDL-1007 : analyze verilog file ../../source_code/rtl/ov5640/cmos_capture_data.v
HDL-1007 : analyze verilog file ../../source_code/rtl/sdram_write_static_sel.v
HDL-1007 : analyze verilog file ../../source_code/rtl/uart/cmd_ctrl.v
HDL-1007 : analyze verilog file ../../source_code/rtl/uart/uart_rx.v
HDL-1007 : analyze verilog file ../../source_code/rtl/uart/uart_test.v
HDL-1007 : analyze verilog file ../../source_code/rtl/uart/uart_tx.v
HDL-1007 : analyze verilog file ../../source_code/rtl/display/color_bar.v
HDL-1007 : analyze included file ../../source_code/rtl/display/video_define.v in ../../source_code/rtl/display/color_bar.v(1)
HDL-1007 : back to file '../../source_code/rtl/display/color_bar.v' in ../../source_code/rtl/display/color_bar.v(1)
HDL-1007 : analyze verilog file ../../source_code/rtl/display/video_delay.v
HDL-1007 : analyze verilog file ../../source_code/rtl/display/video_timing_data.v
HDL-1007 : analyze verilog file ../../source_code/rtl/sdram_read_align.v
HDL-1007 : analyze VHDL file ../../source_code/rtl/hdmi/hdmi_tx.vhd
HDL-1007 : analyze entity hdmi_tx in ../../source_code/rtl/hdmi/hdmi_tx.vhd(11)
HDL-1007 : analyze architecture behavioral in ../../source_code/rtl/hdmi/hdmi_tx.vhd(33)
HDL-1007 : analyze verilog file ../../source_code/rtl/sd/sd_card_ctrl.v
HDL-1007 : analyze VHDL file ../../source_code/rtl/hdmi/enc_file/DVITransmitter.enc.vhd
HDL-1007 : analyze entity dvitransmitter in ../../source_code/rtl/hdmi/enc_file/DVITransmitter.enc.vhd(13)
HDL-1007 : analyze architecture ** in ../../source_code/rtl/hdmi/enc_file/DVITransmitter.enc.vhd(2)
HDL-1007 : analyze VHDL file ../../source_code/rtl/hdmi/enc_file/SerializerN_1_lvds.enc.vhd
HDL-1007 : analyze entity ** in ../../source_code/rtl/hdmi/enc_file/SerializerN_1_lvds.enc.vhd(12)
HDL-1007 : analyze architecture ** in ../../source_code/rtl/hdmi/enc_file/SerializerN_1_lvds.enc.vhd(25)
HDL-1007 : analyze VHDL file ../../source_code/rtl/hdmi/enc_file/SerializerN_1_lvds_dat.enc.vhd
HDL-1007 : analyze entity ** in ../../source_code/rtl/hdmi/enc_file/SerializerN_1_lvds_dat.enc.vhd(14)
HDL-1007 : analyze architecture ** in ../../source_code/rtl/hdmi/enc_file/SerializerN_1_lvds_dat.enc.vhd(28)
HDL-1007 : analyze VHDL file ../../source_code/rtl/hdmi/enc_file/TMDSEncoder.enc.vhd
HDL-1007 : analyze entity ** in ../../source_code/rtl/hdmi/enc_file/TMDSEncoder.enc.vhd(13)
HDL-1007 : analyze architecture ** in ../../source_code/rtl/hdmi/enc_file/TMDSEncoder.enc.vhd(24)
PRJ-1412 : reset_run syn_1 phy_1.
PRJ-1409 : launch_runs syn_1 phy_1  -jobs 6.
PRJ-1410 : Run syn_1 success.
PRJ-1410 : Run phy_1 success.
RUN-1002 : start command "save_best_bits"
PRJ-1424 : The implemented result of phy_1 is saved as best result.
RUN-1002 : start command "import_db D:/Anlu/double_fpga_udp/tx/sdram_switch/UDP_EG4_6.2/prj/UDP_EXAMPLE/UDP_EXAMPLE_Runs/phy_1/UDP_EXAMPLE_pr.db"
RUN-1001 : Importing database generated by Tang Dynasty, V6.2.168116.
RUN-1001 : Database version number 46207
RUN-1001 : Import flow parameters
RUN-1001 : Import netlist
PHY-1001 : Generate detailed routing grids ...
PHY-1001 : End build routing graph; 0.861772s wall, 0.828125s user + 0.078125s system = 0.906250s CPU (105.2%)

PHY-1001 : Processed IO instance sd_miso_syn_4 with INV attribute.
PHY-1001 : Build lut bridge;  0.148474s wall, 0.140625s user + 0.000000s system = 0.140625s CPU (94.7%)

PHY-1001 : Generate nets ...
PHY-1001 : net cam_pclk_dup_1 will be routed on clock mesh
PHY-1001 : net clk_50_dup_1 will be routed on clock mesh
PHY-1001 : net clk_50m_180deg will be routed on clock mesh
PHY-1001 : clock net temac_clk will be merged with clock u_clk_gen/u_pll_0/clk0_buf
PHY-1001 : net temac_clk90 will be routed on clock mesh
PHY-1001 : net udp_clk will be routed on clock mesh
PHY-1001 : clock net t3_sdram/u0_clk/clk0_out will be merged with clock t3_sdram/u0_clk/clk0_buf
PHY-1001 : net t3_sdram/u1_app_wrrd/clk will be routed on clock mesh
PHY-1001 : net t3_sdram/u1_app_wrrd/sd_clk will be routed on clock mesh
PHY-1001 : net t3_sdram/u2_ram/SDRAM_CLK will be routed on clock mesh
PHY-1001 : net u3_hdmi_tx/Inst_DVITransmitter/PCLK_I will be routed on clock mesh
PHY-1001 : clock net cwc_jtck_syn_2 will be merged with clock cwc_jtck
PHY-1001 : net auto_created_cwc1/wrapper_cwc_top/U_cwc_ram/clka will be routed on clock mesh
PHY-1001 : clock net u4_trimac_block/rx_clk will be merged with clock u4_trimac_block/u1_rgmii_interface/rgmii_rxc
PHY-1001 : clock net u_sdram_write_sel/clk_cfg will be merged with clock u_pll_50/clk0_buf
PHY-1001 : clock net u_rx_pll/clk0_out will be merged with clock u_rx_pll/clk0_buf
PHY-1001 : eco open net = 0
PHY-1001 : 169 feed throughs used by 147 nets
RUN-1001 : Import phy database
RUN-1001 : Import timing constraints
RUN-1001 : Import IO constraints
RUN-1001 : Import Inst constraints
RUN-1001 : Import ChipWatcher
RUN-1001 : Import design success TD_VERSION=6.2.168116 , DB_VERSION=46207
RUN-1003 : finish command "import_db D:/Anlu/double_fpga_udp/tx/sdram_switch/UDP_EG4_6.2/prj/UDP_EXAMPLE/UDP_EXAMPLE_Runs/phy_1/UDP_EXAMPLE_pr.db" in  4.846488s wall, 4.890625s user + 0.515625s system = 5.406250s CPU (111.5%)

RUN-1004 : used memory is 700 MB, reserved memory is 786 MB, peak memory is 736 MB
RUN-1002 : start command "commit_param -step design"
RUN-1001 : Print Global Property
RUN-1001 : --------------------------------------------------------
RUN-1001 :   Parameters   |  Settings  |  Default Values  |  Note  
RUN-1001 : --------------------------------------------------------
RUN-1001 :   enable_seed  |    off     |       off        |        
RUN-1001 :     message    |  standard  |     standard     |        
RUN-1001 :   qor_monitor  |     on     |        on        |        
RUN-1001 :   syn_ip_flow  |    off     |       off        |        
RUN-1001 :     thread     |    auto    |       auto       |        
RUN-1001 : --------------------------------------------------------
RUN-1001 : Print Design Property
RUN-1001 : ----------------------------------------------------------------
RUN-1001 :       Parameters       |  Settings  |  Default Values  |  Note  
RUN-1001 : ----------------------------------------------------------------
RUN-1001 :   default_reg_initial  |    auto    |       auto       |        
RUN-1001 :    hdl_warning_level   |   normal   |      normal      |        
RUN-1001 : ----------------------------------------------------------------
HDL-1007 : analyze verilog file al_ip/TEMAC_CORE/RTL/mac_core_aead6cd6dadd.v
HDL-1007 : analyze verilog file al_ip/TEMAC_CORE/RTL/TEMAC_CORE_aead6cd6dadd.v
HDL-5007 WARNING: column 1032 exceeds maximum value 1023 in al_ip/TEMAC_CORE/RTL/TEMAC_CORE_aead6cd6dadd.v(30)
HDL-1007 : back to file 'al_ip/TEMAC_CORE/RTL/TEMAC_CORE_aead6cd6dadd.v' in al_ip/TEMAC_CORE/RTL/TEMAC_CORE_aead6cd6dadd.v(86)
HDL-5007 WARNING: event expressions must result in a singular type in al_ip/TEMAC_CORE/RTL/TEMAC_CORE_aead6cd6dadd.v(3001)
HDL-1007 : undeclared symbol '**', assumed default net type '**' in al_ip/TEMAC_CORE/RTL/TEMAC_CORE_aead6cd6dadd.v(5050)
HDL-1007 : undeclared symbol '**', assumed default net type '**' in al_ip/TEMAC_CORE/RTL/TEMAC_CORE_aead6cd6dadd.v(5458)
HDL-5007 WARNING: column 1035 exceeds maximum value 1023 in al_ip/TEMAC_CORE/RTL/TEMAC_CORE_aead6cd6dadd.v(6001)
HDL-1007 : back to file 'al_ip/TEMAC_CORE/RTL/TEMAC_CORE_aead6cd6dadd.v' in al_ip/TEMAC_CORE/RTL/TEMAC_CORE_aead6cd6dadd.v(260)
HDL-1007 : analyze verilog file al_ip/TEMAC_CORE/TEMAC_CORE.v
HDL-1007 : analyze verilog file al_ip/clk_pll.v
HDL-1007 : undeclared symbol 'clk_pll_open0', assumed default net type 'wire' in al_ip/clk_pll.v(92)
HDL-1007 : undeclared symbol 'clk_pll_open8', assumed default net type 'wire' in al_ip/clk_pll.v(98)
HDL-1007 : undeclared symbol 'clk_pll_open7', assumed default net type 'wire' in al_ip/clk_pll.v(98)
HDL-1007 : undeclared symbol 'clk_pll_open6', assumed default net type 'wire' in al_ip/clk_pll.v(98)
HDL-1007 : undeclared symbol 'clk_pll_open5', assumed default net type 'wire' in al_ip/clk_pll.v(98)
HDL-1007 : undeclared symbol 'clk_pll_open4', assumed default net type 'wire' in al_ip/clk_pll.v(98)
HDL-1007 : undeclared symbol 'clk_pll_open3', assumed default net type 'wire' in al_ip/clk_pll.v(98)
HDL-1007 : undeclared symbol 'clk_pll_open2', assumed default net type 'wire' in al_ip/clk_pll.v(98)
HDL-1007 : undeclared symbol 'clk_pll_open1', assumed default net type 'wire' in al_ip/clk_pll.v(98)
HDL-1007 : undeclared symbol 'clk_pll_open9', assumed default net type 'wire' in al_ip/clk_pll.v(100)
HDL-1007 : analyze verilog file al_ip/fifo_sdr_data_2.v
HDL-1007 : analyze verilog file al_ip/pll_50.v
HDL-1007 : undeclared symbol 'open', assumed default net type 'wire' in al_ip/pll_50.v(85)
HDL-1007 : analyze verilog file al_ip/pll_gen.v
HDL-1007 : undeclared symbol 'pll_gen_open0', assumed default net type 'wire' in al_ip/pll_gen.v(99)
HDL-1007 : undeclared symbol 'pll_gen_open8', assumed default net type 'wire' in al_ip/pll_gen.v(105)
HDL-1007 : undeclared symbol 'pll_gen_open7', assumed default net type 'wire' in al_ip/pll_gen.v(105)
HDL-1007 : undeclared symbol 'pll_gen_open6', assumed default net type 'wire' in al_ip/pll_gen.v(105)
HDL-1007 : undeclared symbol 'pll_gen_open5', assumed default net type 'wire' in al_ip/pll_gen.v(105)
HDL-1007 : undeclared symbol 'pll_gen_open4', assumed default net type 'wire' in al_ip/pll_gen.v(105)
HDL-1007 : undeclared symbol 'pll_gen_open3', assumed default net type 'wire' in al_ip/pll_gen.v(105)
HDL-1007 : undeclared symbol 'pll_gen_open2', assumed default net type 'wire' in al_ip/pll_gen.v(105)
HDL-1007 : undeclared symbol 'pll_gen_open1', assumed default net type 'wire' in al_ip/pll_gen.v(105)
HDL-1007 : analyze verilog file al_ip/rx_pll.v
HDL-1007 : undeclared symbol 'open', assumed default net type 'wire' in al_ip/rx_pll.v(78)
HDL-1007 : analyze verilog file ../../source_code/rtl/BUFGMUX.v
HDL-1007 : analyze verilog file ../../source_code/rtl/clk_gen_rst_gen.v
HDL-1007 : analyze verilog file ../../source_code/rtl/div_clk_gen.v
HDL-1007 : analyze verilog file ../../source_code/rtl/IDDR.v
HDL-1007 : analyze verilog file ../../source_code/rtl/ODDR.v
HDL-1007 : analyze verilog file ../../source_code/rtl/RAMB16_S9_S9.v
HDL-1007 : undeclared symbol 'open', assumed default net type 'wire' in ../../source_code/rtl/RAMB16_S9_S9.v(109)
HDL-1007 : analyze verilog file ../../source_code/rtl/rgmii_interface.v
HDL-1007 : analyze verilog file ../../source_code/rtl/rx_client_fifo.v
HDL-5370 WARNING: parameter 'WAIT_s' becomes localparam in 'rx_client_fifo' with formal parameter declaration list in ../../source_code/rtl/rx_client_fifo.v(49)
HDL-5370 WARNING: parameter 'QUEUE1_s' becomes localparam in 'rx_client_fifo' with formal parameter declaration list in ../../source_code/rtl/rx_client_fifo.v(50)
HDL-5370 WARNING: parameter 'QUEUE2_s' becomes localparam in 'rx_client_fifo' with formal parameter declaration list in ../../source_code/rtl/rx_client_fifo.v(51)
HDL-5370 WARNING: parameter 'QUEUE3_s' becomes localparam in 'rx_client_fifo' with formal parameter declaration list in ../../source_code/rtl/rx_client_fifo.v(52)
HDL-5370 WARNING: parameter 'QUEUE_SOF_s' becomes localparam in 'rx_client_fifo' with formal parameter declaration list in ../../source_code/rtl/rx_client_fifo.v(53)
HDL-5370 WARNING: parameter 'SOF_s' becomes localparam in 'rx_client_fifo' with formal parameter declaration list in ../../source_code/rtl/rx_client_fifo.v(54)
HDL-5370 WARNING: parameter 'DATA_s' becomes localparam in 'rx_client_fifo' with formal parameter declaration list in ../../source_code/rtl/rx_client_fifo.v(55)
HDL-5370 WARNING: parameter 'EOF_s' becomes localparam in 'rx_client_fifo' with formal parameter declaration list in ../../source_code/rtl/rx_client_fifo.v(56)
HDL-5370 WARNING: parameter 'IDLE_s' becomes localparam in 'rx_client_fifo' with formal parameter declaration list in ../../source_code/rtl/rx_client_fifo.v(62)
HDL-5370 WARNING: parameter 'FRAME_s' becomes localparam in 'rx_client_fifo' with formal parameter declaration list in ../../source_code/rtl/rx_client_fifo.v(63)
HDL-5370 Similar messages will be suppressed.
HDL-1007 : analyze verilog file ../../source_code/rtl/temac_block.v
HDL-1007 : analyze verilog file ../../source_code/rtl/temac_clk_gen.v
HDL-1007 : analyze verilog file ../../source_code/rtl/tx_client_fifo.v
HDL-5370 WARNING: parameter 'IDLE_s' becomes localparam in 'tx_client_fifo' with formal parameter declaration list in ../../source_code/rtl/tx_client_fifo.v(53)
HDL-5370 WARNING: parameter 'QUEUE1_s' becomes localparam in 'tx_client_fifo' with formal parameter declaration list in ../../source_code/rtl/tx_client_fifo.v(54)
HDL-5370 WARNING: parameter 'QUEUE2_s' becomes localparam in 'tx_client_fifo' with formal parameter declaration list in ../../source_code/rtl/tx_client_fifo.v(55)
HDL-5370 WARNING: parameter 'QUEUE3_s' becomes localparam in 'tx_client_fifo' with formal parameter declaration list in ../../source_code/rtl/tx_client_fifo.v(56)
HDL-5370 WARNING: parameter 'QUEUE_ACK_s' becomes localparam in 'tx_client_fifo' with formal parameter declaration list in ../../source_code/rtl/tx_client_fifo.v(57)
HDL-5370 WARNING: parameter 'WAIT_ACK_s' becomes localparam in 'tx_client_fifo' with formal parameter declaration list in ../../source_code/rtl/tx_client_fifo.v(58)
HDL-5370 WARNING: parameter 'FRAME_s' becomes localparam in 'tx_client_fifo' with formal parameter declaration list in ../../source_code/rtl/tx_client_fifo.v(59)
HDL-5370 WARNING: parameter 'DROP_s' becomes localparam in 'tx_client_fifo' with formal parameter declaration list in ../../source_code/rtl/tx_client_fifo.v(60)
HDL-5370 WARNING: parameter 'RETRANSMIT_s' becomes localparam in 'tx_client_fifo' with formal parameter declaration list in ../../source_code/rtl/tx_client_fifo.v(61)
HDL-5370 WARNING: parameter 'WAIT_s' becomes localparam in 'tx_client_fifo' with formal parameter declaration list in ../../source_code/rtl/tx_client_fifo.v(67)
HDL-5370 Similar messages will be suppressed.
HDL-1007 : analyze verilog file ../../source_code/rtl/tx_clk_en_gen.v
HDL-1007 : analyze verilog file ../../source_code/rtl/udp_data_tpg.v
HDL-1007 : analyze verilog file ../../source_code/rtl/UDP_Example_Top.v
HDL-1007 : undeclared symbol 'phy_reset', assumed default net type 'wire' in ../../source_code/rtl/UDP_Example_Top.v(435)
HDL-5333 WARNING: data object 'rst_n' is already declared in ../../source_code/rtl/UDP_Example_Top.v(482)
HDL-1007 : previous declaration of 'rst_n' is from here in ../../source_code/rtl/UDP_Example_Top.v(246)
HDL-5007 WARNING: second declaration of 'rst_n' is ignored in ../../source_code/rtl/UDP_Example_Top.v(482)
HDL-1007 : undeclared symbol 'tpg_data_done', assumed default net type 'wire' in ../../source_code/rtl/UDP_Example_Top.v(590)
HDL-1007 : undeclared symbol 'vga_out_de', assumed default net type 'wire' in ../../source_code/rtl/UDP_Example_Top.v(641)
HDL-1007 : undeclared symbol 'hs', assumed default net type 'wire' in ../../source_code/rtl/UDP_Example_Top.v(672)
HDL-1007 : undeclared symbol 'vs', assumed default net type 'wire' in ../../source_code/rtl/UDP_Example_Top.v(673)
HDL-1007 : undeclared symbol 'de', assumed default net type 'wire' in ../../source_code/rtl/UDP_Example_Top.v(674)
HDL-1007 : analyze verilog file ../../source_code/rtl/udp_ip_protocol_stack_merge.enc.v
HDL-1007 : back to file '../../source_code/rtl/udp_ip_protocol_stack_merge.enc.v' in ../../source_code/rtl/udp_ip_protocol_stack_merge.enc.v(56)
HDL-1007 : undeclared symbol '**', assumed default net type '**' in ../../source_code/rtl/udp_ip_protocol_stack_merge.enc.v(2638)
HDL-1007 : back to file '../../source_code/rtl/udp_ip_protocol_stack_merge.enc.v' in ../../source_code/rtl/udp_ip_protocol_stack_merge.enc.v(420)
HDL-1007 : analyze verilog file ../../source_code/rtl/udp_loopback.v
HDL-1007 : analyze verilog file ../../source_code/rtl/sdr/rtl/app_wrrd.v
HDL-1007 : analyze included file ../../source_code/rtl/sdr/rtl/../include/global_def.v in ../../source_code/rtl/sdr/rtl/app_wrrd.v(10)
HDL-1007 : back to file '../../source_code/rtl/sdr/rtl/app_wrrd.v' in ../../source_code/rtl/sdr/rtl/app_wrrd.v(10)
HDL-5372 WARNING: redeclaration of ANSI port 'full_flag' is not allowed in ../../source_code/rtl/sdr/rtl/app_wrrd.v(61)
HDL-1007 : undeclared symbol 'afull', assumed default net type 'wire' in ../../source_code/rtl/sdr/rtl/app_wrrd.v(74)
HDL-1007 : undeclared symbol 'aempty', assumed default net type 'wire' in ../../source_code/rtl/sdr/rtl/app_wrrd.v(75)
HDL-1007 : undeclared symbol 'wrusedw', assumed default net type 'wire' in ../../source_code/rtl/sdr/rtl/app_wrrd.v(76)
HDL-5333 WARNING: data object 'w_addr_cnt' is already declared in ../../source_code/rtl/sdr/rtl/app_wrrd.v(139)
HDL-1007 : previous declaration of 'w_addr_cnt' is from here in ../../source_code/rtl/sdr/rtl/app_wrrd.v(38)
HDL-5007 WARNING: second declaration of 'w_addr_cnt' is ignored in ../../source_code/rtl/sdr/rtl/app_wrrd.v(139)
HDL-1007 : analyze verilog file ../../source_code/rtl/sdr/rtl/sdram_top.v
HDL-1007 : analyze included file ../../source_code/rtl/sdr/rtl/../include/global_def.v in ../../source_code/rtl/sdr/rtl/sdram_top.v(10)
HDL-1007 : back to file '../../source_code/rtl/sdr/rtl/sdram_top.v' in ../../source_code/rtl/sdr/rtl/sdram_top.v(10)
HDL-1007 : undeclared symbol 'Rst_n', assumed default net type 'wire' in ../../source_code/rtl/sdr/rtl/sdram_top.v(70)
HDL-5372 WARNING: redeclaration of ANSI port 'wr_done' is not allowed in ../../source_code/rtl/sdr/rtl/sdram_top.v(73)
HDL-1007 : undeclared symbol 'SDR_CKE', assumed default net type 'wire' in ../../source_code/rtl/sdr/rtl/sdram_top.v(132)
HDL-1007 : analyze verilog file ../../source_code/rtl/sd/sd_ctrl_top.v
HDL-1007 : analyze verilog file ../../source_code/rtl/sd/sd_init.v
HDL-1007 : analyze verilog file ../../source_code/rtl/sd/sd_read.v
HDL-1007 : analyze verilog file ../../source_code/rtl/sd/sd_read_photo.v
HDL-1007 : analyze verilog file ../../source_code/rtl/sdr/rtl/enc_file/sdr_as_ram.enc.v
HDL-1007 : back to file '../../source_code/rtl/sdr/rtl/enc_file/sdr_as_ram.enc.v' in ../../source_code/rtl/sdr/rtl/enc_file/sdr_as_ram.enc.v(45)
HDL-1007 : analyze verilog file ../../source_code/rtl/sdr/rtl/enc_file/sdr_init_ref.enc.v
HDL-1007 : undeclared symbol '**', assumed default net type '**' in ../../source_code/rtl/sdr/rtl/enc_file/sdr_init_ref.enc.v(57)
HDL-1007 : back to file '../../source_code/rtl/sdr/rtl/enc_file/sdr_init_ref.enc.v' in ../../source_code/rtl/sdr/rtl/enc_file/sdr_init_ref.enc.v(148)
HDL-5007 WARNING: concatenation with an unsized literal will be treated as 32 bits in ../../source_code/rtl/sdr/rtl/enc_file/sdr_init_ref.enc.v(47)
HDL-1007 : analyze verilog file ../../source_code/rtl/sdr/rtl/enc_file/sdr_wrrd.enc.v
HDL-5007 WARNING: concatenation with an unsized literal will be treated as 32 bits in ../../source_code/rtl/sdr/rtl/enc_file/sdr_wrrd.enc.v(283)
HDL-1007 : back to file '../../source_code/rtl/sdr/rtl/enc_file/sdr_wrrd.enc.v' in ../../source_code/rtl/sdr/rtl/enc_file/sdr_wrrd.enc.v(19)
HDL-1007 : analyze verilog file ../../source_code/rtl/camera_data_gen.v
HDL-1007 : analyze verilog file ../../source_code/rtl/ov5640/ov5640_dri.v
HDL-1007 : analyze verilog file ../../source_code/rtl/ov5640/ov5640_delay.v
HDL-1007 : analyze verilog file ../../source_code/rtl/ov5640/i2c_ov5640_rgb565_cfg.v
HDL-1007 : analyze verilog file ../../source_code/rtl/ov5640/i2c_dri.v
HDL-1007 : analyze verilog file ../../source_code/rtl/ov5640/cmos_capture_data.v
HDL-1007 : analyze verilog file ../../source_code/rtl/sdram_write_static_sel.v
HDL-1007 : analyze verilog file ../../source_code/rtl/uart/cmd_ctrl.v
HDL-1007 : analyze verilog file ../../source_code/rtl/uart/uart_rx.v
HDL-1007 : analyze verilog file ../../source_code/rtl/uart/uart_test.v
HDL-1007 : analyze verilog file ../../source_code/rtl/uart/uart_tx.v
HDL-1007 : analyze verilog file ../../source_code/rtl/display/color_bar.v
HDL-1007 : analyze included file ../../source_code/rtl/display/video_define.v in ../../source_code/rtl/display/color_bar.v(1)
HDL-1007 : back to file '../../source_code/rtl/display/color_bar.v' in ../../source_code/rtl/display/color_bar.v(1)
HDL-1007 : analyze verilog file ../../source_code/rtl/display/video_delay.v
HDL-1007 : analyze verilog file ../../source_code/rtl/display/video_timing_data.v
HDL-1007 : analyze verilog file ../../source_code/rtl/sdram_read_align.v
HDL-1007 : analyze VHDL file ../../source_code/rtl/hdmi/hdmi_tx.vhd
HDL-1007 : analyze entity hdmi_tx in ../../source_code/rtl/hdmi/hdmi_tx.vhd(11)
HDL-1007 : analyze architecture behavioral in ../../source_code/rtl/hdmi/hdmi_tx.vhd(33)
HDL-1007 : analyze verilog file ../../source_code/rtl/sd/sd_card_ctrl.v
HDL-1007 : analyze VHDL file ../../source_code/rtl/hdmi/enc_file/DVITransmitter.enc.vhd
HDL-1007 : analyze entity dvitransmitter in ../../source_code/rtl/hdmi/enc_file/DVITransmitter.enc.vhd(13)
HDL-1007 : analyze architecture ** in ../../source_code/rtl/hdmi/enc_file/DVITransmitter.enc.vhd(2)
HDL-1007 : analyze VHDL file ../../source_code/rtl/hdmi/enc_file/SerializerN_1_lvds.enc.vhd
HDL-1007 : analyze entity ** in ../../source_code/rtl/hdmi/enc_file/SerializerN_1_lvds.enc.vhd(12)
HDL-1007 : analyze architecture ** in ../../source_code/rtl/hdmi/enc_file/SerializerN_1_lvds.enc.vhd(25)
HDL-1007 : analyze VHDL file ../../source_code/rtl/hdmi/enc_file/SerializerN_1_lvds_dat.enc.vhd
HDL-1007 : analyze entity ** in ../../source_code/rtl/hdmi/enc_file/SerializerN_1_lvds_dat.enc.vhd(14)
HDL-1007 : analyze architecture ** in ../../source_code/rtl/hdmi/enc_file/SerializerN_1_lvds_dat.enc.vhd(28)
HDL-1007 : analyze VHDL file ../../source_code/rtl/hdmi/enc_file/TMDSEncoder.enc.vhd
HDL-1007 : analyze entity ** in ../../source_code/rtl/hdmi/enc_file/TMDSEncoder.enc.vhd(13)
HDL-1007 : analyze architecture ** in ../../source_code/rtl/hdmi/enc_file/TMDSEncoder.enc.vhd(24)
PRJ-1412 : reset_run syn_1 phy_1.
PRJ-1409 : launch_runs syn_1 phy_1  -jobs 6.
PRJ-5303 WARNING: Run syn_1 failed.
RUN-1002 : start command "save_best_bits"
RUN-1002 : start command "commit_param -step design"
RUN-1001 : Print Global Property
RUN-1001 : --------------------------------------------------------
RUN-1001 :   Parameters   |  Settings  |  Default Values  |  Note  
RUN-1001 : --------------------------------------------------------
RUN-1001 :   enable_seed  |    off     |       off        |        
RUN-1001 :     message    |  standard  |     standard     |        
RUN-1001 :   qor_monitor  |     on     |        on        |        
RUN-1001 :   syn_ip_flow  |    off     |       off        |        
RUN-1001 :     thread     |    auto    |       auto       |        
RUN-1001 : --------------------------------------------------------
RUN-1001 : Print Design Property
RUN-1001 : ----------------------------------------------------------------
RUN-1001 :       Parameters       |  Settings  |  Default Values  |  Note  
RUN-1001 : ----------------------------------------------------------------
RUN-1001 :   default_reg_initial  |    auto    |       auto       |        
RUN-1001 :    hdl_warning_level   |   normal   |      normal      |        
RUN-1001 : ----------------------------------------------------------------
HDL-1007 : analyze verilog file al_ip/TEMAC_CORE/RTL/mac_core_aead6cd6dadd.v
HDL-1007 : analyze verilog file al_ip/TEMAC_CORE/RTL/TEMAC_CORE_aead6cd6dadd.v
HDL-5007 WARNING: column 1032 exceeds maximum value 1023 in al_ip/TEMAC_CORE/RTL/TEMAC_CORE_aead6cd6dadd.v(30)
HDL-1007 : back to file 'al_ip/TEMAC_CORE/RTL/TEMAC_CORE_aead6cd6dadd.v' in al_ip/TEMAC_CORE/RTL/TEMAC_CORE_aead6cd6dadd.v(86)
HDL-5007 WARNING: event expressions must result in a singular type in al_ip/TEMAC_CORE/RTL/TEMAC_CORE_aead6cd6dadd.v(3001)
HDL-1007 : undeclared symbol '**', assumed default net type '**' in al_ip/TEMAC_CORE/RTL/TEMAC_CORE_aead6cd6dadd.v(5050)
HDL-1007 : undeclared symbol '**', assumed default net type '**' in al_ip/TEMAC_CORE/RTL/TEMAC_CORE_aead6cd6dadd.v(5458)
HDL-5007 WARNING: column 1035 exceeds maximum value 1023 in al_ip/TEMAC_CORE/RTL/TEMAC_CORE_aead6cd6dadd.v(6001)
HDL-1007 : back to file 'al_ip/TEMAC_CORE/RTL/TEMAC_CORE_aead6cd6dadd.v' in al_ip/TEMAC_CORE/RTL/TEMAC_CORE_aead6cd6dadd.v(260)
HDL-1007 : analyze verilog file al_ip/TEMAC_CORE/TEMAC_CORE.v
HDL-1007 : analyze verilog file al_ip/clk_pll.v
HDL-1007 : undeclared symbol 'clk_pll_open0', assumed default net type 'wire' in al_ip/clk_pll.v(92)
HDL-1007 : undeclared symbol 'clk_pll_open8', assumed default net type 'wire' in al_ip/clk_pll.v(98)
HDL-1007 : undeclared symbol 'clk_pll_open7', assumed default net type 'wire' in al_ip/clk_pll.v(98)
HDL-1007 : undeclared symbol 'clk_pll_open6', assumed default net type 'wire' in al_ip/clk_pll.v(98)
HDL-1007 : undeclared symbol 'clk_pll_open5', assumed default net type 'wire' in al_ip/clk_pll.v(98)
HDL-1007 : undeclared symbol 'clk_pll_open4', assumed default net type 'wire' in al_ip/clk_pll.v(98)
HDL-1007 : undeclared symbol 'clk_pll_open3', assumed default net type 'wire' in al_ip/clk_pll.v(98)
HDL-1007 : undeclared symbol 'clk_pll_open2', assumed default net type 'wire' in al_ip/clk_pll.v(98)
HDL-1007 : undeclared symbol 'clk_pll_open1', assumed default net type 'wire' in al_ip/clk_pll.v(98)
HDL-1007 : undeclared symbol 'clk_pll_open9', assumed default net type 'wire' in al_ip/clk_pll.v(100)
HDL-1007 : analyze verilog file al_ip/fifo_sdr_data_2.v
HDL-1007 : analyze verilog file al_ip/pll_50.v
HDL-1007 : undeclared symbol 'open', assumed default net type 'wire' in al_ip/pll_50.v(85)
HDL-1007 : analyze verilog file al_ip/pll_gen.v
HDL-1007 : undeclared symbol 'pll_gen_open0', assumed default net type 'wire' in al_ip/pll_gen.v(99)
HDL-1007 : undeclared symbol 'pll_gen_open8', assumed default net type 'wire' in al_ip/pll_gen.v(105)
HDL-1007 : undeclared symbol 'pll_gen_open7', assumed default net type 'wire' in al_ip/pll_gen.v(105)
HDL-1007 : undeclared symbol 'pll_gen_open6', assumed default net type 'wire' in al_ip/pll_gen.v(105)
HDL-1007 : undeclared symbol 'pll_gen_open5', assumed default net type 'wire' in al_ip/pll_gen.v(105)
HDL-1007 : undeclared symbol 'pll_gen_open4', assumed default net type 'wire' in al_ip/pll_gen.v(105)
HDL-1007 : undeclared symbol 'pll_gen_open3', assumed default net type 'wire' in al_ip/pll_gen.v(105)
HDL-1007 : undeclared symbol 'pll_gen_open2', assumed default net type 'wire' in al_ip/pll_gen.v(105)
HDL-1007 : undeclared symbol 'pll_gen_open1', assumed default net type 'wire' in al_ip/pll_gen.v(105)
HDL-1007 : analyze verilog file al_ip/rx_pll.v
HDL-1007 : undeclared symbol 'open', assumed default net type 'wire' in al_ip/rx_pll.v(78)
HDL-1007 : analyze verilog file ../../source_code/rtl/BUFGMUX.v
HDL-1007 : analyze verilog file ../../source_code/rtl/clk_gen_rst_gen.v
HDL-1007 : analyze verilog file ../../source_code/rtl/div_clk_gen.v
HDL-1007 : analyze verilog file ../../source_code/rtl/IDDR.v
HDL-1007 : analyze verilog file ../../source_code/rtl/ODDR.v
HDL-1007 : analyze verilog file ../../source_code/rtl/RAMB16_S9_S9.v
HDL-1007 : undeclared symbol 'open', assumed default net type 'wire' in ../../source_code/rtl/RAMB16_S9_S9.v(109)
HDL-1007 : analyze verilog file ../../source_code/rtl/rgmii_interface.v
HDL-1007 : analyze verilog file ../../source_code/rtl/rx_client_fifo.v
HDL-5370 WARNING: parameter 'WAIT_s' becomes localparam in 'rx_client_fifo' with formal parameter declaration list in ../../source_code/rtl/rx_client_fifo.v(49)
HDL-5370 WARNING: parameter 'QUEUE1_s' becomes localparam in 'rx_client_fifo' with formal parameter declaration list in ../../source_code/rtl/rx_client_fifo.v(50)
HDL-5370 WARNING: parameter 'QUEUE2_s' becomes localparam in 'rx_client_fifo' with formal parameter declaration list in ../../source_code/rtl/rx_client_fifo.v(51)
HDL-5370 WARNING: parameter 'QUEUE3_s' becomes localparam in 'rx_client_fifo' with formal parameter declaration list in ../../source_code/rtl/rx_client_fifo.v(52)
HDL-5370 WARNING: parameter 'QUEUE_SOF_s' becomes localparam in 'rx_client_fifo' with formal parameter declaration list in ../../source_code/rtl/rx_client_fifo.v(53)
HDL-5370 WARNING: parameter 'SOF_s' becomes localparam in 'rx_client_fifo' with formal parameter declaration list in ../../source_code/rtl/rx_client_fifo.v(54)
HDL-5370 WARNING: parameter 'DATA_s' becomes localparam in 'rx_client_fifo' with formal parameter declaration list in ../../source_code/rtl/rx_client_fifo.v(55)
HDL-5370 WARNING: parameter 'EOF_s' becomes localparam in 'rx_client_fifo' with formal parameter declaration list in ../../source_code/rtl/rx_client_fifo.v(56)
HDL-5370 WARNING: parameter 'IDLE_s' becomes localparam in 'rx_client_fifo' with formal parameter declaration list in ../../source_code/rtl/rx_client_fifo.v(62)
HDL-5370 WARNING: parameter 'FRAME_s' becomes localparam in 'rx_client_fifo' with formal parameter declaration list in ../../source_code/rtl/rx_client_fifo.v(63)
HDL-5370 Similar messages will be suppressed.
HDL-1007 : analyze verilog file ../../source_code/rtl/temac_block.v
HDL-1007 : analyze verilog file ../../source_code/rtl/temac_clk_gen.v
HDL-1007 : analyze verilog file ../../source_code/rtl/tx_client_fifo.v
HDL-5370 WARNING: parameter 'IDLE_s' becomes localparam in 'tx_client_fifo' with formal parameter declaration list in ../../source_code/rtl/tx_client_fifo.v(53)
HDL-5370 WARNING: parameter 'QUEUE1_s' becomes localparam in 'tx_client_fifo' with formal parameter declaration list in ../../source_code/rtl/tx_client_fifo.v(54)
HDL-5370 WARNING: parameter 'QUEUE2_s' becomes localparam in 'tx_client_fifo' with formal parameter declaration list in ../../source_code/rtl/tx_client_fifo.v(55)
HDL-5370 WARNING: parameter 'QUEUE3_s' becomes localparam in 'tx_client_fifo' with formal parameter declaration list in ../../source_code/rtl/tx_client_fifo.v(56)
HDL-5370 WARNING: parameter 'QUEUE_ACK_s' becomes localparam in 'tx_client_fifo' with formal parameter declaration list in ../../source_code/rtl/tx_client_fifo.v(57)
HDL-5370 WARNING: parameter 'WAIT_ACK_s' becomes localparam in 'tx_client_fifo' with formal parameter declaration list in ../../source_code/rtl/tx_client_fifo.v(58)
HDL-5370 WARNING: parameter 'FRAME_s' becomes localparam in 'tx_client_fifo' with formal parameter declaration list in ../../source_code/rtl/tx_client_fifo.v(59)
HDL-5370 WARNING: parameter 'DROP_s' becomes localparam in 'tx_client_fifo' with formal parameter declaration list in ../../source_code/rtl/tx_client_fifo.v(60)
HDL-5370 WARNING: parameter 'RETRANSMIT_s' becomes localparam in 'tx_client_fifo' with formal parameter declaration list in ../../source_code/rtl/tx_client_fifo.v(61)
HDL-5370 WARNING: parameter 'WAIT_s' becomes localparam in 'tx_client_fifo' with formal parameter declaration list in ../../source_code/rtl/tx_client_fifo.v(67)
HDL-5370 Similar messages will be suppressed.
HDL-1007 : analyze verilog file ../../source_code/rtl/tx_clk_en_gen.v
HDL-1007 : analyze verilog file ../../source_code/rtl/udp_data_tpg.v
HDL-1007 : analyze verilog file ../../source_code/rtl/UDP_Example_Top.v
HDL-1007 : undeclared symbol 'phy_reset', assumed default net type 'wire' in ../../source_code/rtl/UDP_Example_Top.v(435)
HDL-5333 WARNING: data object 'rst_n' is already declared in ../../source_code/rtl/UDP_Example_Top.v(482)
HDL-1007 : previous declaration of 'rst_n' is from here in ../../source_code/rtl/UDP_Example_Top.v(246)
HDL-5007 WARNING: second declaration of 'rst_n' is ignored in ../../source_code/rtl/UDP_Example_Top.v(482)
HDL-1007 : undeclared symbol 'tpg_data_done', assumed default net type 'wire' in ../../source_code/rtl/UDP_Example_Top.v(590)
HDL-1007 : undeclared symbol 'vga_out_de', assumed default net type 'wire' in ../../source_code/rtl/UDP_Example_Top.v(641)
HDL-1007 : undeclared symbol 'hs', assumed default net type 'wire' in ../../source_code/rtl/UDP_Example_Top.v(672)
HDL-1007 : undeclared symbol 'vs', assumed default net type 'wire' in ../../source_code/rtl/UDP_Example_Top.v(673)
HDL-1007 : undeclared symbol 'de', assumed default net type 'wire' in ../../source_code/rtl/UDP_Example_Top.v(674)
HDL-1007 : analyze verilog file ../../source_code/rtl/udp_ip_protocol_stack_merge.enc.v
HDL-1007 : back to file '../../source_code/rtl/udp_ip_protocol_stack_merge.enc.v' in ../../source_code/rtl/udp_ip_protocol_stack_merge.enc.v(56)
HDL-1007 : undeclared symbol '**', assumed default net type '**' in ../../source_code/rtl/udp_ip_protocol_stack_merge.enc.v(2638)
HDL-1007 : back to file '../../source_code/rtl/udp_ip_protocol_stack_merge.enc.v' in ../../source_code/rtl/udp_ip_protocol_stack_merge.enc.v(420)
HDL-1007 : analyze verilog file ../../source_code/rtl/udp_loopback.v
HDL-1007 : analyze verilog file ../../source_code/rtl/sdr/rtl/app_wrrd.v
HDL-1007 : analyze included file ../../source_code/rtl/sdr/rtl/../include/global_def.v in ../../source_code/rtl/sdr/rtl/app_wrrd.v(10)
HDL-1007 : back to file '../../source_code/rtl/sdr/rtl/app_wrrd.v' in ../../source_code/rtl/sdr/rtl/app_wrrd.v(10)
HDL-5372 WARNING: redeclaration of ANSI port 'full_flag' is not allowed in ../../source_code/rtl/sdr/rtl/app_wrrd.v(61)
HDL-1007 : undeclared symbol 'afull', assumed default net type 'wire' in ../../source_code/rtl/sdr/rtl/app_wrrd.v(74)
HDL-1007 : undeclared symbol 'aempty', assumed default net type 'wire' in ../../source_code/rtl/sdr/rtl/app_wrrd.v(75)
HDL-1007 : undeclared symbol 'wrusedw', assumed default net type 'wire' in ../../source_code/rtl/sdr/rtl/app_wrrd.v(76)
HDL-5333 WARNING: data object 'w_addr_cnt' is already declared in ../../source_code/rtl/sdr/rtl/app_wrrd.v(139)
HDL-1007 : previous declaration of 'w_addr_cnt' is from here in ../../source_code/rtl/sdr/rtl/app_wrrd.v(38)
HDL-5007 WARNING: second declaration of 'w_addr_cnt' is ignored in ../../source_code/rtl/sdr/rtl/app_wrrd.v(139)
HDL-1007 : analyze verilog file ../../source_code/rtl/sdr/rtl/sdram_top.v
HDL-1007 : analyze included file ../../source_code/rtl/sdr/rtl/../include/global_def.v in ../../source_code/rtl/sdr/rtl/sdram_top.v(10)
HDL-1007 : back to file '../../source_code/rtl/sdr/rtl/sdram_top.v' in ../../source_code/rtl/sdr/rtl/sdram_top.v(10)
HDL-1007 : undeclared symbol 'Rst_n', assumed default net type 'wire' in ../../source_code/rtl/sdr/rtl/sdram_top.v(70)
HDL-5372 WARNING: redeclaration of ANSI port 'wr_done' is not allowed in ../../source_code/rtl/sdr/rtl/sdram_top.v(73)
HDL-1007 : undeclared symbol 'SDR_CKE', assumed default net type 'wire' in ../../source_code/rtl/sdr/rtl/sdram_top.v(132)
HDL-1007 : analyze verilog file ../../source_code/rtl/sd/sd_ctrl_top.v
HDL-1007 : analyze verilog file ../../source_code/rtl/sd/sd_init.v
HDL-1007 : analyze verilog file ../../source_code/rtl/sd/sd_read.v
HDL-1007 : analyze verilog file ../../source_code/rtl/sd/sd_read_photo.v
HDL-1007 : analyze verilog file ../../source_code/rtl/sdr/rtl/enc_file/sdr_as_ram.enc.v
HDL-1007 : back to file '../../source_code/rtl/sdr/rtl/enc_file/sdr_as_ram.enc.v' in ../../source_code/rtl/sdr/rtl/enc_file/sdr_as_ram.enc.v(45)
HDL-1007 : analyze verilog file ../../source_code/rtl/sdr/rtl/enc_file/sdr_init_ref.enc.v
HDL-1007 : undeclared symbol '**', assumed default net type '**' in ../../source_code/rtl/sdr/rtl/enc_file/sdr_init_ref.enc.v(57)
HDL-1007 : back to file '../../source_code/rtl/sdr/rtl/enc_file/sdr_init_ref.enc.v' in ../../source_code/rtl/sdr/rtl/enc_file/sdr_init_ref.enc.v(148)
HDL-5007 WARNING: concatenation with an unsized literal will be treated as 32 bits in ../../source_code/rtl/sdr/rtl/enc_file/sdr_init_ref.enc.v(47)
HDL-1007 : analyze verilog file ../../source_code/rtl/sdr/rtl/enc_file/sdr_wrrd.enc.v
HDL-5007 WARNING: concatenation with an unsized literal will be treated as 32 bits in ../../source_code/rtl/sdr/rtl/enc_file/sdr_wrrd.enc.v(283)
HDL-1007 : back to file '../../source_code/rtl/sdr/rtl/enc_file/sdr_wrrd.enc.v' in ../../source_code/rtl/sdr/rtl/enc_file/sdr_wrrd.enc.v(19)
HDL-1007 : analyze verilog file ../../source_code/rtl/camera_data_gen.v
HDL-1007 : analyze verilog file ../../source_code/rtl/ov5640/ov5640_dri.v
HDL-1007 : analyze verilog file ../../source_code/rtl/ov5640/ov5640_delay.v
HDL-1007 : analyze verilog file ../../source_code/rtl/ov5640/i2c_ov5640_rgb565_cfg.v
HDL-1007 : analyze verilog file ../../source_code/rtl/ov5640/i2c_dri.v
HDL-1007 : analyze verilog file ../../source_code/rtl/ov5640/cmos_capture_data.v
HDL-1007 : analyze verilog file ../../source_code/rtl/sdram_write_static_sel.v
HDL-1007 : analyze verilog file ../../source_code/rtl/uart/cmd_ctrl.v
HDL-1007 : analyze verilog file ../../source_code/rtl/uart/uart_rx.v
HDL-1007 : analyze verilog file ../../source_code/rtl/uart/uart_test.v
HDL-1007 : analyze verilog file ../../source_code/rtl/uart/uart_tx.v
HDL-1007 : analyze verilog file ../../source_code/rtl/display/color_bar.v
HDL-1007 : analyze included file ../../source_code/rtl/display/video_define.v in ../../source_code/rtl/display/color_bar.v(1)
HDL-1007 : back to file '../../source_code/rtl/display/color_bar.v' in ../../source_code/rtl/display/color_bar.v(1)
HDL-1007 : analyze verilog file ../../source_code/rtl/display/video_delay.v
HDL-1007 : analyze verilog file ../../source_code/rtl/display/video_timing_data.v
HDL-1007 : analyze verilog file ../../source_code/rtl/sdram_read_align.v
HDL-1007 : analyze VHDL file ../../source_code/rtl/hdmi/hdmi_tx.vhd
HDL-1007 : analyze entity hdmi_tx in ../../source_code/rtl/hdmi/hdmi_tx.vhd(11)
HDL-1007 : analyze architecture behavioral in ../../source_code/rtl/hdmi/hdmi_tx.vhd(33)
HDL-1007 : analyze verilog file ../../source_code/rtl/sd/sd_card_ctrl.v
HDL-1007 : analyze VHDL file ../../source_code/rtl/hdmi/enc_file/DVITransmitter.enc.vhd
HDL-1007 : analyze entity dvitransmitter in ../../source_code/rtl/hdmi/enc_file/DVITransmitter.enc.vhd(13)
HDL-1007 : analyze architecture ** in ../../source_code/rtl/hdmi/enc_file/DVITransmitter.enc.vhd(2)
HDL-1007 : analyze VHDL file ../../source_code/rtl/hdmi/enc_file/SerializerN_1_lvds.enc.vhd
HDL-1007 : analyze entity ** in ../../source_code/rtl/hdmi/enc_file/SerializerN_1_lvds.enc.vhd(12)
HDL-1007 : analyze architecture ** in ../../source_code/rtl/hdmi/enc_file/SerializerN_1_lvds.enc.vhd(25)
HDL-1007 : analyze VHDL file ../../source_code/rtl/hdmi/enc_file/SerializerN_1_lvds_dat.enc.vhd
HDL-1007 : analyze entity ** in ../../source_code/rtl/hdmi/enc_file/SerializerN_1_lvds_dat.enc.vhd(14)
HDL-1007 : analyze architecture ** in ../../source_code/rtl/hdmi/enc_file/SerializerN_1_lvds_dat.enc.vhd(28)
HDL-1007 : analyze VHDL file ../../source_code/rtl/hdmi/enc_file/TMDSEncoder.enc.vhd
HDL-1007 : analyze entity ** in ../../source_code/rtl/hdmi/enc_file/TMDSEncoder.enc.vhd(13)
HDL-1007 : analyze architecture ** in ../../source_code/rtl/hdmi/enc_file/TMDSEncoder.enc.vhd(24)
PRJ-1412 : reset_run syn_1 phy_1.
PRJ-1409 : launch_runs syn_1 phy_1  -jobs 6.
PRJ-1410 : Run syn_1 success.
PRJ-1410 : Run phy_1 success.
RUN-1002 : start command "save_best_bits"
PRJ-1424 : The implemented result of phy_1 is saved as best result.
RUN-1002 : start command "commit_param -step design"
RUN-1001 : Print Global Property
RUN-1001 : --------------------------------------------------------
RUN-1001 :   Parameters   |  Settings  |  Default Values  |  Note  
RUN-1001 : --------------------------------------------------------
RUN-1001 :   enable_seed  |    off     |       off        |        
RUN-1001 :     message    |  standard  |     standard     |        
RUN-1001 :   qor_monitor  |     on     |        on        |        
RUN-1001 :   syn_ip_flow  |    off     |       off        |        
RUN-1001 :     thread     |    auto    |       auto       |        
RUN-1001 : --------------------------------------------------------
RUN-1001 : Print Design Property
RUN-1001 : ----------------------------------------------------------------
RUN-1001 :       Parameters       |  Settings  |  Default Values  |  Note  
RUN-1001 : ----------------------------------------------------------------
RUN-1001 :   default_reg_initial  |    auto    |       auto       |        
RUN-1001 :    hdl_warning_level   |   normal   |      normal      |        
RUN-1001 : ----------------------------------------------------------------
HDL-1007 : analyze verilog file al_ip/TEMAC_CORE/RTL/mac_core_aead6cd6dadd.v
HDL-1007 : analyze verilog file al_ip/TEMAC_CORE/RTL/TEMAC_CORE_aead6cd6dadd.v
HDL-5007 WARNING: column 1032 exceeds maximum value 1023 in al_ip/TEMAC_CORE/RTL/TEMAC_CORE_aead6cd6dadd.v(30)
HDL-1007 : back to file 'al_ip/TEMAC_CORE/RTL/TEMAC_CORE_aead6cd6dadd.v' in al_ip/TEMAC_CORE/RTL/TEMAC_CORE_aead6cd6dadd.v(86)
HDL-5007 WARNING: event expressions must result in a singular type in al_ip/TEMAC_CORE/RTL/TEMAC_CORE_aead6cd6dadd.v(3001)
HDL-1007 : undeclared symbol '**', assumed default net type '**' in al_ip/TEMAC_CORE/RTL/TEMAC_CORE_aead6cd6dadd.v(5050)
HDL-1007 : undeclared symbol '**', assumed default net type '**' in al_ip/TEMAC_CORE/RTL/TEMAC_CORE_aead6cd6dadd.v(5458)
HDL-5007 WARNING: column 1035 exceeds maximum value 1023 in al_ip/TEMAC_CORE/RTL/TEMAC_CORE_aead6cd6dadd.v(6001)
HDL-1007 : back to file 'al_ip/TEMAC_CORE/RTL/TEMAC_CORE_aead6cd6dadd.v' in al_ip/TEMAC_CORE/RTL/TEMAC_CORE_aead6cd6dadd.v(260)
HDL-1007 : analyze verilog file al_ip/TEMAC_CORE/TEMAC_CORE.v
HDL-1007 : analyze verilog file al_ip/clk_pll.v
HDL-1007 : undeclared symbol 'clk_pll_open0', assumed default net type 'wire' in al_ip/clk_pll.v(92)
HDL-1007 : undeclared symbol 'clk_pll_open8', assumed default net type 'wire' in al_ip/clk_pll.v(98)
HDL-1007 : undeclared symbol 'clk_pll_open7', assumed default net type 'wire' in al_ip/clk_pll.v(98)
HDL-1007 : undeclared symbol 'clk_pll_open6', assumed default net type 'wire' in al_ip/clk_pll.v(98)
HDL-1007 : undeclared symbol 'clk_pll_open5', assumed default net type 'wire' in al_ip/clk_pll.v(98)
HDL-1007 : undeclared symbol 'clk_pll_open4', assumed default net type 'wire' in al_ip/clk_pll.v(98)
HDL-1007 : undeclared symbol 'clk_pll_open3', assumed default net type 'wire' in al_ip/clk_pll.v(98)
HDL-1007 : undeclared symbol 'clk_pll_open2', assumed default net type 'wire' in al_ip/clk_pll.v(98)
HDL-1007 : undeclared symbol 'clk_pll_open1', assumed default net type 'wire' in al_ip/clk_pll.v(98)
HDL-1007 : undeclared symbol 'clk_pll_open9', assumed default net type 'wire' in al_ip/clk_pll.v(100)
HDL-1007 : analyze verilog file al_ip/fifo_sdr_data_2.v
HDL-1007 : analyze verilog file al_ip/pll_50.v
HDL-1007 : undeclared symbol 'open', assumed default net type 'wire' in al_ip/pll_50.v(85)
HDL-1007 : analyze verilog file al_ip/pll_gen.v
HDL-1007 : undeclared symbol 'pll_gen_open0', assumed default net type 'wire' in al_ip/pll_gen.v(99)
HDL-1007 : undeclared symbol 'pll_gen_open8', assumed default net type 'wire' in al_ip/pll_gen.v(105)
HDL-1007 : undeclared symbol 'pll_gen_open7', assumed default net type 'wire' in al_ip/pll_gen.v(105)
HDL-1007 : undeclared symbol 'pll_gen_open6', assumed default net type 'wire' in al_ip/pll_gen.v(105)
HDL-1007 : undeclared symbol 'pll_gen_open5', assumed default net type 'wire' in al_ip/pll_gen.v(105)
HDL-1007 : undeclared symbol 'pll_gen_open4', assumed default net type 'wire' in al_ip/pll_gen.v(105)
HDL-1007 : undeclared symbol 'pll_gen_open3', assumed default net type 'wire' in al_ip/pll_gen.v(105)
HDL-1007 : undeclared symbol 'pll_gen_open2', assumed default net type 'wire' in al_ip/pll_gen.v(105)
HDL-1007 : undeclared symbol 'pll_gen_open1', assumed default net type 'wire' in al_ip/pll_gen.v(105)
HDL-1007 : analyze verilog file al_ip/rx_pll.v
HDL-1007 : undeclared symbol 'open', assumed default net type 'wire' in al_ip/rx_pll.v(78)
HDL-1007 : analyze verilog file ../../source_code/rtl/BUFGMUX.v
HDL-1007 : analyze verilog file ../../source_code/rtl/clk_gen_rst_gen.v
HDL-1007 : analyze verilog file ../../source_code/rtl/div_clk_gen.v
HDL-1007 : analyze verilog file ../../source_code/rtl/IDDR.v
HDL-1007 : analyze verilog file ../../source_code/rtl/ODDR.v
HDL-1007 : analyze verilog file ../../source_code/rtl/RAMB16_S9_S9.v
HDL-1007 : undeclared symbol 'open', assumed default net type 'wire' in ../../source_code/rtl/RAMB16_S9_S9.v(109)
HDL-1007 : analyze verilog file ../../source_code/rtl/rgmii_interface.v
HDL-1007 : analyze verilog file ../../source_code/rtl/rx_client_fifo.v
HDL-5370 WARNING: parameter 'WAIT_s' becomes localparam in 'rx_client_fifo' with formal parameter declaration list in ../../source_code/rtl/rx_client_fifo.v(49)
HDL-5370 WARNING: parameter 'QUEUE1_s' becomes localparam in 'rx_client_fifo' with formal parameter declaration list in ../../source_code/rtl/rx_client_fifo.v(50)
HDL-5370 WARNING: parameter 'QUEUE2_s' becomes localparam in 'rx_client_fifo' with formal parameter declaration list in ../../source_code/rtl/rx_client_fifo.v(51)
HDL-5370 WARNING: parameter 'QUEUE3_s' becomes localparam in 'rx_client_fifo' with formal parameter declaration list in ../../source_code/rtl/rx_client_fifo.v(52)
HDL-5370 WARNING: parameter 'QUEUE_SOF_s' becomes localparam in 'rx_client_fifo' with formal parameter declaration list in ../../source_code/rtl/rx_client_fifo.v(53)
HDL-5370 WARNING: parameter 'SOF_s' becomes localparam in 'rx_client_fifo' with formal parameter declaration list in ../../source_code/rtl/rx_client_fifo.v(54)
HDL-5370 WARNING: parameter 'DATA_s' becomes localparam in 'rx_client_fifo' with formal parameter declaration list in ../../source_code/rtl/rx_client_fifo.v(55)
HDL-5370 WARNING: parameter 'EOF_s' becomes localparam in 'rx_client_fifo' with formal parameter declaration list in ../../source_code/rtl/rx_client_fifo.v(56)
HDL-5370 WARNING: parameter 'IDLE_s' becomes localparam in 'rx_client_fifo' with formal parameter declaration list in ../../source_code/rtl/rx_client_fifo.v(62)
HDL-5370 WARNING: parameter 'FRAME_s' becomes localparam in 'rx_client_fifo' with formal parameter declaration list in ../../source_code/rtl/rx_client_fifo.v(63)
HDL-5370 Similar messages will be suppressed.
HDL-1007 : analyze verilog file ../../source_code/rtl/temac_block.v
HDL-1007 : analyze verilog file ../../source_code/rtl/temac_clk_gen.v
HDL-1007 : analyze verilog file ../../source_code/rtl/tx_client_fifo.v
HDL-5370 WARNING: parameter 'IDLE_s' becomes localparam in 'tx_client_fifo' with formal parameter declaration list in ../../source_code/rtl/tx_client_fifo.v(53)
HDL-5370 WARNING: parameter 'QUEUE1_s' becomes localparam in 'tx_client_fifo' with formal parameter declaration list in ../../source_code/rtl/tx_client_fifo.v(54)
HDL-5370 WARNING: parameter 'QUEUE2_s' becomes localparam in 'tx_client_fifo' with formal parameter declaration list in ../../source_code/rtl/tx_client_fifo.v(55)
HDL-5370 WARNING: parameter 'QUEUE3_s' becomes localparam in 'tx_client_fifo' with formal parameter declaration list in ../../source_code/rtl/tx_client_fifo.v(56)
HDL-5370 WARNING: parameter 'QUEUE_ACK_s' becomes localparam in 'tx_client_fifo' with formal parameter declaration list in ../../source_code/rtl/tx_client_fifo.v(57)
HDL-5370 WARNING: parameter 'WAIT_ACK_s' becomes localparam in 'tx_client_fifo' with formal parameter declaration list in ../../source_code/rtl/tx_client_fifo.v(58)
HDL-5370 WARNING: parameter 'FRAME_s' becomes localparam in 'tx_client_fifo' with formal parameter declaration list in ../../source_code/rtl/tx_client_fifo.v(59)
HDL-5370 WARNING: parameter 'DROP_s' becomes localparam in 'tx_client_fifo' with formal parameter declaration list in ../../source_code/rtl/tx_client_fifo.v(60)
HDL-5370 WARNING: parameter 'RETRANSMIT_s' becomes localparam in 'tx_client_fifo' with formal parameter declaration list in ../../source_code/rtl/tx_client_fifo.v(61)
HDL-5370 WARNING: parameter 'WAIT_s' becomes localparam in 'tx_client_fifo' with formal parameter declaration list in ../../source_code/rtl/tx_client_fifo.v(67)
HDL-5370 Similar messages will be suppressed.
HDL-1007 : analyze verilog file ../../source_code/rtl/tx_clk_en_gen.v
HDL-1007 : analyze verilog file ../../source_code/rtl/udp_data_tpg.v
HDL-1007 : analyze verilog file ../../source_code/rtl/UDP_Example_Top.v
HDL-1007 : undeclared symbol 'phy_reset', assumed default net type 'wire' in ../../source_code/rtl/UDP_Example_Top.v(435)
HDL-5333 WARNING: data object 'rst_n' is already declared in ../../source_code/rtl/UDP_Example_Top.v(482)
HDL-1007 : previous declaration of 'rst_n' is from here in ../../source_code/rtl/UDP_Example_Top.v(246)
HDL-5007 WARNING: second declaration of 'rst_n' is ignored in ../../source_code/rtl/UDP_Example_Top.v(482)
HDL-1007 : undeclared symbol 'tpg_data_done', assumed default net type 'wire' in ../../source_code/rtl/UDP_Example_Top.v(590)
HDL-1007 : undeclared symbol 'vga_out_de', assumed default net type 'wire' in ../../source_code/rtl/UDP_Example_Top.v(615)
HDL-1007 : undeclared symbol 'hs', assumed default net type 'wire' in ../../source_code/rtl/UDP_Example_Top.v(665)
HDL-1007 : undeclared symbol 'vs', assumed default net type 'wire' in ../../source_code/rtl/UDP_Example_Top.v(666)
HDL-1007 : undeclared symbol 'de', assumed default net type 'wire' in ../../source_code/rtl/UDP_Example_Top.v(667)
HDL-1007 : analyze verilog file ../../source_code/rtl/udp_ip_protocol_stack_merge.enc.v
HDL-1007 : back to file '../../source_code/rtl/udp_ip_protocol_stack_merge.enc.v' in ../../source_code/rtl/udp_ip_protocol_stack_merge.enc.v(56)
HDL-1007 : undeclared symbol '**', assumed default net type '**' in ../../source_code/rtl/udp_ip_protocol_stack_merge.enc.v(2638)
HDL-1007 : back to file '../../source_code/rtl/udp_ip_protocol_stack_merge.enc.v' in ../../source_code/rtl/udp_ip_protocol_stack_merge.enc.v(420)
HDL-1007 : analyze verilog file ../../source_code/rtl/udp_loopback.v
HDL-1007 : analyze verilog file ../../source_code/rtl/sdr/rtl/app_wrrd.v
HDL-1007 : analyze included file ../../source_code/rtl/sdr/rtl/../include/global_def.v in ../../source_code/rtl/sdr/rtl/app_wrrd.v(10)
HDL-1007 : back to file '../../source_code/rtl/sdr/rtl/app_wrrd.v' in ../../source_code/rtl/sdr/rtl/app_wrrd.v(10)
HDL-5372 WARNING: redeclaration of ANSI port 'full_flag' is not allowed in ../../source_code/rtl/sdr/rtl/app_wrrd.v(61)
HDL-1007 : undeclared symbol 'afull', assumed default net type 'wire' in ../../source_code/rtl/sdr/rtl/app_wrrd.v(74)
HDL-1007 : undeclared symbol 'aempty', assumed default net type 'wire' in ../../source_code/rtl/sdr/rtl/app_wrrd.v(75)
HDL-1007 : undeclared symbol 'wrusedw', assumed default net type 'wire' in ../../source_code/rtl/sdr/rtl/app_wrrd.v(76)
HDL-5333 WARNING: data object 'w_addr_cnt' is already declared in ../../source_code/rtl/sdr/rtl/app_wrrd.v(139)
HDL-1007 : previous declaration of 'w_addr_cnt' is from here in ../../source_code/rtl/sdr/rtl/app_wrrd.v(38)
HDL-5007 WARNING: second declaration of 'w_addr_cnt' is ignored in ../../source_code/rtl/sdr/rtl/app_wrrd.v(139)
HDL-1007 : analyze verilog file ../../source_code/rtl/sdr/rtl/sdram_top.v
HDL-1007 : analyze included file ../../source_code/rtl/sdr/rtl/../include/global_def.v in ../../source_code/rtl/sdr/rtl/sdram_top.v(10)
HDL-1007 : back to file '../../source_code/rtl/sdr/rtl/sdram_top.v' in ../../source_code/rtl/sdr/rtl/sdram_top.v(10)
HDL-1007 : undeclared symbol 'Rst_n', assumed default net type 'wire' in ../../source_code/rtl/sdr/rtl/sdram_top.v(70)
HDL-5372 WARNING: redeclaration of ANSI port 'wr_done' is not allowed in ../../source_code/rtl/sdr/rtl/sdram_top.v(73)
HDL-1007 : undeclared symbol 'SDR_CKE', assumed default net type 'wire' in ../../source_code/rtl/sdr/rtl/sdram_top.v(132)
HDL-1007 : analyze verilog file ../../source_code/rtl/sd/sd_ctrl_top.v
HDL-1007 : analyze verilog file ../../source_code/rtl/sd/sd_init.v
HDL-1007 : analyze verilog file ../../source_code/rtl/sd/sd_read.v
HDL-1007 : analyze verilog file ../../source_code/rtl/sd/sd_read_photo.v
HDL-1007 : analyze verilog file ../../source_code/rtl/sdr/rtl/enc_file/sdr_as_ram.enc.v
HDL-1007 : back to file '../../source_code/rtl/sdr/rtl/enc_file/sdr_as_ram.enc.v' in ../../source_code/rtl/sdr/rtl/enc_file/sdr_as_ram.enc.v(45)
HDL-1007 : analyze verilog file ../../source_code/rtl/sdr/rtl/enc_file/sdr_init_ref.enc.v
HDL-1007 : undeclared symbol '**', assumed default net type '**' in ../../source_code/rtl/sdr/rtl/enc_file/sdr_init_ref.enc.v(57)
HDL-1007 : back to file '../../source_code/rtl/sdr/rtl/enc_file/sdr_init_ref.enc.v' in ../../source_code/rtl/sdr/rtl/enc_file/sdr_init_ref.enc.v(148)
HDL-5007 WARNING: concatenation with an unsized literal will be treated as 32 bits in ../../source_code/rtl/sdr/rtl/enc_file/sdr_init_ref.enc.v(47)
HDL-1007 : analyze verilog file ../../source_code/rtl/sdr/rtl/enc_file/sdr_wrrd.enc.v
HDL-5007 WARNING: concatenation with an unsized literal will be treated as 32 bits in ../../source_code/rtl/sdr/rtl/enc_file/sdr_wrrd.enc.v(283)
HDL-1007 : back to file '../../source_code/rtl/sdr/rtl/enc_file/sdr_wrrd.enc.v' in ../../source_code/rtl/sdr/rtl/enc_file/sdr_wrrd.enc.v(19)
HDL-1007 : analyze verilog file ../../source_code/rtl/camera_data_gen.v
HDL-1007 : analyze verilog file ../../source_code/rtl/ov5640/ov5640_dri.v
HDL-1007 : analyze verilog file ../../source_code/rtl/ov5640/ov5640_delay.v
HDL-1007 : analyze verilog file ../../source_code/rtl/ov5640/i2c_ov5640_rgb565_cfg.v
HDL-1007 : analyze verilog file ../../source_code/rtl/ov5640/i2c_dri.v
HDL-1007 : analyze verilog file ../../source_code/rtl/ov5640/cmos_capture_data.v
HDL-1007 : analyze verilog file ../../source_code/rtl/sdram_write_static_sel.v
HDL-1007 : analyze verilog file ../../source_code/rtl/uart/cmd_ctrl.v
HDL-1007 : analyze verilog file ../../source_code/rtl/uart/uart_rx.v
HDL-1007 : analyze verilog file ../../source_code/rtl/uart/uart_test.v
HDL-1007 : analyze verilog file ../../source_code/rtl/uart/uart_tx.v
HDL-1007 : analyze verilog file ../../source_code/rtl/display/color_bar.v
HDL-1007 : analyze included file ../../source_code/rtl/display/video_define.v in ../../source_code/rtl/display/color_bar.v(1)
HDL-1007 : back to file '../../source_code/rtl/display/color_bar.v' in ../../source_code/rtl/display/color_bar.v(1)
HDL-1007 : analyze verilog file ../../source_code/rtl/display/video_delay.v
HDL-1007 : analyze verilog file ../../source_code/rtl/display/video_timing_data.v
HDL-1007 : analyze verilog file ../../source_code/rtl/sdram_read_align.v
HDL-1007 : analyze VHDL file ../../source_code/rtl/hdmi/hdmi_tx.vhd
HDL-1007 : analyze entity hdmi_tx in ../../source_code/rtl/hdmi/hdmi_tx.vhd(11)
HDL-1007 : analyze architecture behavioral in ../../source_code/rtl/hdmi/hdmi_tx.vhd(33)
HDL-1007 : analyze verilog file ../../source_code/rtl/sd/sd_card_ctrl.v
HDL-1007 : analyze VHDL file ../../source_code/rtl/hdmi/enc_file/DVITransmitter.enc.vhd
HDL-1007 : analyze entity dvitransmitter in ../../source_code/rtl/hdmi/enc_file/DVITransmitter.enc.vhd(13)
HDL-1007 : analyze architecture ** in ../../source_code/rtl/hdmi/enc_file/DVITransmitter.enc.vhd(2)
HDL-1007 : analyze VHDL file ../../source_code/rtl/hdmi/enc_file/SerializerN_1_lvds.enc.vhd
HDL-1007 : analyze entity ** in ../../source_code/rtl/hdmi/enc_file/SerializerN_1_lvds.enc.vhd(12)
HDL-1007 : analyze architecture ** in ../../source_code/rtl/hdmi/enc_file/SerializerN_1_lvds.enc.vhd(25)
HDL-1007 : analyze VHDL file ../../source_code/rtl/hdmi/enc_file/SerializerN_1_lvds_dat.enc.vhd
HDL-1007 : analyze entity ** in ../../source_code/rtl/hdmi/enc_file/SerializerN_1_lvds_dat.enc.vhd(14)
HDL-1007 : analyze architecture ** in ../../source_code/rtl/hdmi/enc_file/SerializerN_1_lvds_dat.enc.vhd(28)
HDL-1007 : analyze VHDL file ../../source_code/rtl/hdmi/enc_file/TMDSEncoder.enc.vhd
HDL-1007 : analyze entity ** in ../../source_code/rtl/hdmi/enc_file/TMDSEncoder.enc.vhd(13)
HDL-1007 : analyze architecture ** in ../../source_code/rtl/hdmi/enc_file/TMDSEncoder.enc.vhd(24)
PRJ-1412 : reset_run syn_1 phy_1.
PRJ-1409 : launch_runs syn_1 phy_1  -jobs 6.
PRJ-5303 WARNING: Run syn_1 failed.
RUN-1002 : start command "save_best_bits"
RUN-1002 : start command "commit_param -step design"
RUN-1001 : Print Global Property
RUN-1001 : --------------------------------------------------------
RUN-1001 :   Parameters   |  Settings  |  Default Values  |  Note  
RUN-1001 : --------------------------------------------------------
RUN-1001 :   enable_seed  |    off     |       off        |        
RUN-1001 :     message    |  standard  |     standard     |        
RUN-1001 :   qor_monitor  |     on     |        on        |        
RUN-1001 :   syn_ip_flow  |    off     |       off        |        
RUN-1001 :     thread     |    auto    |       auto       |        
RUN-1001 : --------------------------------------------------------
RUN-1001 : Print Design Property
RUN-1001 : ----------------------------------------------------------------
RUN-1001 :       Parameters       |  Settings  |  Default Values  |  Note  
RUN-1001 : ----------------------------------------------------------------
RUN-1001 :   default_reg_initial  |    auto    |       auto       |        
RUN-1001 :    hdl_warning_level   |   normal   |      normal      |        
RUN-1001 : ----------------------------------------------------------------
HDL-1007 : analyze verilog file al_ip/TEMAC_CORE/RTL/mac_core_aead6cd6dadd.v
HDL-1007 : analyze verilog file al_ip/TEMAC_CORE/RTL/TEMAC_CORE_aead6cd6dadd.v
HDL-5007 WARNING: column 1032 exceeds maximum value 1023 in al_ip/TEMAC_CORE/RTL/TEMAC_CORE_aead6cd6dadd.v(30)
HDL-1007 : back to file 'al_ip/TEMAC_CORE/RTL/TEMAC_CORE_aead6cd6dadd.v' in al_ip/TEMAC_CORE/RTL/TEMAC_CORE_aead6cd6dadd.v(86)
HDL-5007 WARNING: event expressions must result in a singular type in al_ip/TEMAC_CORE/RTL/TEMAC_CORE_aead6cd6dadd.v(3001)
HDL-1007 : undeclared symbol '**', assumed default net type '**' in al_ip/TEMAC_CORE/RTL/TEMAC_CORE_aead6cd6dadd.v(5050)
HDL-1007 : undeclared symbol '**', assumed default net type '**' in al_ip/TEMAC_CORE/RTL/TEMAC_CORE_aead6cd6dadd.v(5458)
HDL-5007 WARNING: column 1035 exceeds maximum value 1023 in al_ip/TEMAC_CORE/RTL/TEMAC_CORE_aead6cd6dadd.v(6001)
HDL-1007 : back to file 'al_ip/TEMAC_CORE/RTL/TEMAC_CORE_aead6cd6dadd.v' in al_ip/TEMAC_CORE/RTL/TEMAC_CORE_aead6cd6dadd.v(260)
HDL-1007 : analyze verilog file al_ip/TEMAC_CORE/TEMAC_CORE.v
HDL-1007 : analyze verilog file al_ip/clk_pll.v
HDL-1007 : undeclared symbol 'clk_pll_open0', assumed default net type 'wire' in al_ip/clk_pll.v(92)
HDL-1007 : undeclared symbol 'clk_pll_open8', assumed default net type 'wire' in al_ip/clk_pll.v(98)
HDL-1007 : undeclared symbol 'clk_pll_open7', assumed default net type 'wire' in al_ip/clk_pll.v(98)
HDL-1007 : undeclared symbol 'clk_pll_open6', assumed default net type 'wire' in al_ip/clk_pll.v(98)
HDL-1007 : undeclared symbol 'clk_pll_open5', assumed default net type 'wire' in al_ip/clk_pll.v(98)
HDL-1007 : undeclared symbol 'clk_pll_open4', assumed default net type 'wire' in al_ip/clk_pll.v(98)
HDL-1007 : undeclared symbol 'clk_pll_open3', assumed default net type 'wire' in al_ip/clk_pll.v(98)
HDL-1007 : undeclared symbol 'clk_pll_open2', assumed default net type 'wire' in al_ip/clk_pll.v(98)
HDL-1007 : undeclared symbol 'clk_pll_open1', assumed default net type 'wire' in al_ip/clk_pll.v(98)
HDL-1007 : undeclared symbol 'clk_pll_open9', assumed default net type 'wire' in al_ip/clk_pll.v(100)
HDL-1007 : analyze verilog file al_ip/fifo_sdr_data_2.v
HDL-1007 : analyze verilog file al_ip/pll_50.v
HDL-1007 : undeclared symbol 'open', assumed default net type 'wire' in al_ip/pll_50.v(85)
HDL-1007 : analyze verilog file al_ip/pll_gen.v
HDL-1007 : undeclared symbol 'pll_gen_open0', assumed default net type 'wire' in al_ip/pll_gen.v(99)
HDL-1007 : undeclared symbol 'pll_gen_open8', assumed default net type 'wire' in al_ip/pll_gen.v(105)
HDL-1007 : undeclared symbol 'pll_gen_open7', assumed default net type 'wire' in al_ip/pll_gen.v(105)
HDL-1007 : undeclared symbol 'pll_gen_open6', assumed default net type 'wire' in al_ip/pll_gen.v(105)
HDL-1007 : undeclared symbol 'pll_gen_open5', assumed default net type 'wire' in al_ip/pll_gen.v(105)
HDL-1007 : undeclared symbol 'pll_gen_open4', assumed default net type 'wire' in al_ip/pll_gen.v(105)
HDL-1007 : undeclared symbol 'pll_gen_open3', assumed default net type 'wire' in al_ip/pll_gen.v(105)
HDL-1007 : undeclared symbol 'pll_gen_open2', assumed default net type 'wire' in al_ip/pll_gen.v(105)
HDL-1007 : undeclared symbol 'pll_gen_open1', assumed default net type 'wire' in al_ip/pll_gen.v(105)
HDL-1007 : analyze verilog file al_ip/rx_pll.v
HDL-1007 : undeclared symbol 'open', assumed default net type 'wire' in al_ip/rx_pll.v(78)
HDL-1007 : analyze verilog file ../../source_code/rtl/BUFGMUX.v
HDL-1007 : analyze verilog file ../../source_code/rtl/clk_gen_rst_gen.v
HDL-1007 : analyze verilog file ../../source_code/rtl/div_clk_gen.v
HDL-1007 : analyze verilog file ../../source_code/rtl/IDDR.v
HDL-1007 : analyze verilog file ../../source_code/rtl/ODDR.v
HDL-1007 : analyze verilog file ../../source_code/rtl/RAMB16_S9_S9.v
HDL-1007 : undeclared symbol 'open', assumed default net type 'wire' in ../../source_code/rtl/RAMB16_S9_S9.v(109)
HDL-1007 : analyze verilog file ../../source_code/rtl/rgmii_interface.v
HDL-1007 : analyze verilog file ../../source_code/rtl/rx_client_fifo.v
HDL-5370 WARNING: parameter 'WAIT_s' becomes localparam in 'rx_client_fifo' with formal parameter declaration list in ../../source_code/rtl/rx_client_fifo.v(49)
HDL-5370 WARNING: parameter 'QUEUE1_s' becomes localparam in 'rx_client_fifo' with formal parameter declaration list in ../../source_code/rtl/rx_client_fifo.v(50)
HDL-5370 WARNING: parameter 'QUEUE2_s' becomes localparam in 'rx_client_fifo' with formal parameter declaration list in ../../source_code/rtl/rx_client_fifo.v(51)
HDL-5370 WARNING: parameter 'QUEUE3_s' becomes localparam in 'rx_client_fifo' with formal parameter declaration list in ../../source_code/rtl/rx_client_fifo.v(52)
HDL-5370 WARNING: parameter 'QUEUE_SOF_s' becomes localparam in 'rx_client_fifo' with formal parameter declaration list in ../../source_code/rtl/rx_client_fifo.v(53)
HDL-5370 WARNING: parameter 'SOF_s' becomes localparam in 'rx_client_fifo' with formal parameter declaration list in ../../source_code/rtl/rx_client_fifo.v(54)
HDL-5370 WARNING: parameter 'DATA_s' becomes localparam in 'rx_client_fifo' with formal parameter declaration list in ../../source_code/rtl/rx_client_fifo.v(55)
HDL-5370 WARNING: parameter 'EOF_s' becomes localparam in 'rx_client_fifo' with formal parameter declaration list in ../../source_code/rtl/rx_client_fifo.v(56)
HDL-5370 WARNING: parameter 'IDLE_s' becomes localparam in 'rx_client_fifo' with formal parameter declaration list in ../../source_code/rtl/rx_client_fifo.v(62)
HDL-5370 WARNING: parameter 'FRAME_s' becomes localparam in 'rx_client_fifo' with formal parameter declaration list in ../../source_code/rtl/rx_client_fifo.v(63)
HDL-5370 Similar messages will be suppressed.
HDL-1007 : analyze verilog file ../../source_code/rtl/temac_block.v
HDL-1007 : analyze verilog file ../../source_code/rtl/temac_clk_gen.v
HDL-1007 : analyze verilog file ../../source_code/rtl/tx_client_fifo.v
HDL-5370 WARNING: parameter 'IDLE_s' becomes localparam in 'tx_client_fifo' with formal parameter declaration list in ../../source_code/rtl/tx_client_fifo.v(53)
HDL-5370 WARNING: parameter 'QUEUE1_s' becomes localparam in 'tx_client_fifo' with formal parameter declaration list in ../../source_code/rtl/tx_client_fifo.v(54)
HDL-5370 WARNING: parameter 'QUEUE2_s' becomes localparam in 'tx_client_fifo' with formal parameter declaration list in ../../source_code/rtl/tx_client_fifo.v(55)
HDL-5370 WARNING: parameter 'QUEUE3_s' becomes localparam in 'tx_client_fifo' with formal parameter declaration list in ../../source_code/rtl/tx_client_fifo.v(56)
HDL-5370 WARNING: parameter 'QUEUE_ACK_s' becomes localparam in 'tx_client_fifo' with formal parameter declaration list in ../../source_code/rtl/tx_client_fifo.v(57)
HDL-5370 WARNING: parameter 'WAIT_ACK_s' becomes localparam in 'tx_client_fifo' with formal parameter declaration list in ../../source_code/rtl/tx_client_fifo.v(58)
HDL-5370 WARNING: parameter 'FRAME_s' becomes localparam in 'tx_client_fifo' with formal parameter declaration list in ../../source_code/rtl/tx_client_fifo.v(59)
HDL-5370 WARNING: parameter 'DROP_s' becomes localparam in 'tx_client_fifo' with formal parameter declaration list in ../../source_code/rtl/tx_client_fifo.v(60)
HDL-5370 WARNING: parameter 'RETRANSMIT_s' becomes localparam in 'tx_client_fifo' with formal parameter declaration list in ../../source_code/rtl/tx_client_fifo.v(61)
HDL-5370 WARNING: parameter 'WAIT_s' becomes localparam in 'tx_client_fifo' with formal parameter declaration list in ../../source_code/rtl/tx_client_fifo.v(67)
HDL-5370 Similar messages will be suppressed.
HDL-1007 : analyze verilog file ../../source_code/rtl/tx_clk_en_gen.v
HDL-1007 : analyze verilog file ../../source_code/rtl/udp_data_tpg.v
HDL-1007 : analyze verilog file ../../source_code/rtl/UDP_Example_Top.v
HDL-1007 : undeclared symbol 'phy_reset', assumed default net type 'wire' in ../../source_code/rtl/UDP_Example_Top.v(435)
HDL-5333 WARNING: data object 'rst_n' is already declared in ../../source_code/rtl/UDP_Example_Top.v(482)
HDL-1007 : previous declaration of 'rst_n' is from here in ../../source_code/rtl/UDP_Example_Top.v(246)
HDL-5007 WARNING: second declaration of 'rst_n' is ignored in ../../source_code/rtl/UDP_Example_Top.v(482)
HDL-1007 : undeclared symbol 'tpg_data_done', assumed default net type 'wire' in ../../source_code/rtl/UDP_Example_Top.v(590)
HDL-1007 : undeclared symbol 'vga_out_de', assumed default net type 'wire' in ../../source_code/rtl/UDP_Example_Top.v(615)
HDL-1007 : undeclared symbol 'hs', assumed default net type 'wire' in ../../source_code/rtl/UDP_Example_Top.v(665)
HDL-1007 : undeclared symbol 'vs', assumed default net type 'wire' in ../../source_code/rtl/UDP_Example_Top.v(666)
HDL-1007 : undeclared symbol 'de', assumed default net type 'wire' in ../../source_code/rtl/UDP_Example_Top.v(667)
HDL-1007 : analyze verilog file ../../source_code/rtl/udp_ip_protocol_stack_merge.enc.v
HDL-1007 : back to file '../../source_code/rtl/udp_ip_protocol_stack_merge.enc.v' in ../../source_code/rtl/udp_ip_protocol_stack_merge.enc.v(56)
HDL-1007 : undeclared symbol '**', assumed default net type '**' in ../../source_code/rtl/udp_ip_protocol_stack_merge.enc.v(2638)
HDL-1007 : back to file '../../source_code/rtl/udp_ip_protocol_stack_merge.enc.v' in ../../source_code/rtl/udp_ip_protocol_stack_merge.enc.v(420)
HDL-1007 : analyze verilog file ../../source_code/rtl/udp_loopback.v
HDL-1007 : analyze verilog file ../../source_code/rtl/sdr/rtl/app_wrrd.v
HDL-1007 : analyze included file ../../source_code/rtl/sdr/rtl/../include/global_def.v in ../../source_code/rtl/sdr/rtl/app_wrrd.v(10)
HDL-1007 : back to file '../../source_code/rtl/sdr/rtl/app_wrrd.v' in ../../source_code/rtl/sdr/rtl/app_wrrd.v(10)
HDL-5372 WARNING: redeclaration of ANSI port 'full_flag' is not allowed in ../../source_code/rtl/sdr/rtl/app_wrrd.v(61)
HDL-1007 : undeclared symbol 'afull', assumed default net type 'wire' in ../../source_code/rtl/sdr/rtl/app_wrrd.v(74)
HDL-1007 : undeclared symbol 'aempty', assumed default net type 'wire' in ../../source_code/rtl/sdr/rtl/app_wrrd.v(75)
HDL-1007 : undeclared symbol 'wrusedw', assumed default net type 'wire' in ../../source_code/rtl/sdr/rtl/app_wrrd.v(76)
HDL-5333 WARNING: data object 'w_addr_cnt' is already declared in ../../source_code/rtl/sdr/rtl/app_wrrd.v(139)
HDL-1007 : previous declaration of 'w_addr_cnt' is from here in ../../source_code/rtl/sdr/rtl/app_wrrd.v(38)
HDL-5007 WARNING: second declaration of 'w_addr_cnt' is ignored in ../../source_code/rtl/sdr/rtl/app_wrrd.v(139)
HDL-1007 : analyze verilog file ../../source_code/rtl/sdr/rtl/sdram_top.v
HDL-1007 : analyze included file ../../source_code/rtl/sdr/rtl/../include/global_def.v in ../../source_code/rtl/sdr/rtl/sdram_top.v(10)
HDL-1007 : back to file '../../source_code/rtl/sdr/rtl/sdram_top.v' in ../../source_code/rtl/sdr/rtl/sdram_top.v(10)
HDL-1007 : undeclared symbol 'Rst_n', assumed default net type 'wire' in ../../source_code/rtl/sdr/rtl/sdram_top.v(70)
HDL-5372 WARNING: redeclaration of ANSI port 'wr_done' is not allowed in ../../source_code/rtl/sdr/rtl/sdram_top.v(73)
HDL-1007 : undeclared symbol 'SDR_CKE', assumed default net type 'wire' in ../../source_code/rtl/sdr/rtl/sdram_top.v(132)
HDL-1007 : analyze verilog file ../../source_code/rtl/sd/sd_ctrl_top.v
HDL-1007 : analyze verilog file ../../source_code/rtl/sd/sd_init.v
HDL-1007 : analyze verilog file ../../source_code/rtl/sd/sd_read.v
HDL-1007 : analyze verilog file ../../source_code/rtl/sd/sd_read_photo.v
HDL-1007 : analyze verilog file ../../source_code/rtl/sdr/rtl/enc_file/sdr_as_ram.enc.v
HDL-1007 : back to file '../../source_code/rtl/sdr/rtl/enc_file/sdr_as_ram.enc.v' in ../../source_code/rtl/sdr/rtl/enc_file/sdr_as_ram.enc.v(45)
HDL-1007 : analyze verilog file ../../source_code/rtl/sdr/rtl/enc_file/sdr_init_ref.enc.v
HDL-1007 : undeclared symbol '**', assumed default net type '**' in ../../source_code/rtl/sdr/rtl/enc_file/sdr_init_ref.enc.v(57)
HDL-1007 : back to file '../../source_code/rtl/sdr/rtl/enc_file/sdr_init_ref.enc.v' in ../../source_code/rtl/sdr/rtl/enc_file/sdr_init_ref.enc.v(148)
HDL-5007 WARNING: concatenation with an unsized literal will be treated as 32 bits in ../../source_code/rtl/sdr/rtl/enc_file/sdr_init_ref.enc.v(47)
HDL-1007 : analyze verilog file ../../source_code/rtl/sdr/rtl/enc_file/sdr_wrrd.enc.v
HDL-5007 WARNING: concatenation with an unsized literal will be treated as 32 bits in ../../source_code/rtl/sdr/rtl/enc_file/sdr_wrrd.enc.v(283)
HDL-1007 : back to file '../../source_code/rtl/sdr/rtl/enc_file/sdr_wrrd.enc.v' in ../../source_code/rtl/sdr/rtl/enc_file/sdr_wrrd.enc.v(19)
HDL-1007 : analyze verilog file ../../source_code/rtl/camera_data_gen.v
HDL-1007 : analyze verilog file ../../source_code/rtl/ov5640/ov5640_dri.v
HDL-1007 : analyze verilog file ../../source_code/rtl/ov5640/ov5640_delay.v
HDL-1007 : analyze verilog file ../../source_code/rtl/ov5640/i2c_ov5640_rgb565_cfg.v
HDL-1007 : analyze verilog file ../../source_code/rtl/ov5640/i2c_dri.v
HDL-1007 : analyze verilog file ../../source_code/rtl/ov5640/cmos_capture_data.v
HDL-1007 : analyze verilog file ../../source_code/rtl/sdram_write_static_sel.v
HDL-1007 : analyze verilog file ../../source_code/rtl/uart/cmd_ctrl.v
HDL-1007 : analyze verilog file ../../source_code/rtl/uart/uart_rx.v
HDL-1007 : analyze verilog file ../../source_code/rtl/uart/uart_test.v
HDL-1007 : analyze verilog file ../../source_code/rtl/uart/uart_tx.v
HDL-1007 : analyze verilog file ../../source_code/rtl/display/color_bar.v
HDL-1007 : analyze included file ../../source_code/rtl/display/video_define.v in ../../source_code/rtl/display/color_bar.v(1)
HDL-1007 : back to file '../../source_code/rtl/display/color_bar.v' in ../../source_code/rtl/display/color_bar.v(1)
HDL-1007 : analyze verilog file ../../source_code/rtl/display/video_delay.v
HDL-1007 : analyze verilog file ../../source_code/rtl/display/video_timing_data.v
HDL-1007 : analyze verilog file ../../source_code/rtl/sdram_read_align.v
HDL-1007 : analyze VHDL file ../../source_code/rtl/hdmi/hdmi_tx.vhd
HDL-1007 : analyze entity hdmi_tx in ../../source_code/rtl/hdmi/hdmi_tx.vhd(11)
HDL-1007 : analyze architecture behavioral in ../../source_code/rtl/hdmi/hdmi_tx.vhd(33)
HDL-1007 : analyze verilog file ../../source_code/rtl/sd/sd_card_ctrl.v
HDL-1007 : analyze VHDL file ../../source_code/rtl/hdmi/enc_file/DVITransmitter.enc.vhd
HDL-1007 : analyze entity dvitransmitter in ../../source_code/rtl/hdmi/enc_file/DVITransmitter.enc.vhd(13)
HDL-1007 : analyze architecture ** in ../../source_code/rtl/hdmi/enc_file/DVITransmitter.enc.vhd(2)
HDL-1007 : analyze VHDL file ../../source_code/rtl/hdmi/enc_file/SerializerN_1_lvds.enc.vhd
HDL-1007 : analyze entity ** in ../../source_code/rtl/hdmi/enc_file/SerializerN_1_lvds.enc.vhd(12)
HDL-1007 : analyze architecture ** in ../../source_code/rtl/hdmi/enc_file/SerializerN_1_lvds.enc.vhd(25)
HDL-1007 : analyze VHDL file ../../source_code/rtl/hdmi/enc_file/SerializerN_1_lvds_dat.enc.vhd
HDL-1007 : analyze entity ** in ../../source_code/rtl/hdmi/enc_file/SerializerN_1_lvds_dat.enc.vhd(14)
HDL-1007 : analyze architecture ** in ../../source_code/rtl/hdmi/enc_file/SerializerN_1_lvds_dat.enc.vhd(28)
HDL-1007 : analyze VHDL file ../../source_code/rtl/hdmi/enc_file/TMDSEncoder.enc.vhd
HDL-1007 : analyze entity ** in ../../source_code/rtl/hdmi/enc_file/TMDSEncoder.enc.vhd(13)
HDL-1007 : analyze architecture ** in ../../source_code/rtl/hdmi/enc_file/TMDSEncoder.enc.vhd(24)
PRJ-1412 : reset_run syn_1 phy_1.
PRJ-1409 : launch_runs syn_1 phy_1  -jobs 6.
PRJ-1410 : Run syn_1 success.
PRJ-1410 : Run phy_1 success.
RUN-1002 : start command "save_best_bits"
PRJ-1424 : The implemented result of phy_1 is saved as best result.
RUN-1002 : start command "import_db D:/Anlu/double_fpga_udp/tx/sdram_switch/UDP_EG4_6.2/prj/UDP_EXAMPLE/UDP_EXAMPLE_Runs/phy_1/UDP_EXAMPLE_pr.db"
RUN-1001 : Importing database generated by Tang Dynasty, V6.2.168116.
RUN-1001 : Database version number 46207
RUN-1001 : Import flow parameters
RUN-1001 : Import netlist
PHY-1001 : Generate detailed routing grids ...
PHY-1001 : End build routing graph; 1.201284s wall, 1.171875s user + 0.125000s system = 1.296875s CPU (108.0%)

PHY-1001 : Processed IO instance sd_miso_syn_4 with INV attribute.
PHY-1001 : Build lut bridge;  0.165299s wall, 0.187500s user + 0.000000s system = 0.187500s CPU (113.4%)

PHY-1001 : Generate nets ...
PHY-1001 : net cam_pclk_dup_1 will be routed on clock mesh
PHY-1001 : net clk_50_dup_1 will be routed on clock mesh
PHY-1001 : net clk_50m_180deg will be routed on clock mesh
PHY-1001 : clock net temac_clk will be merged with clock u_clk_gen/u_pll_0/clk0_buf
PHY-1001 : net temac_clk90 will be routed on clock mesh
PHY-1001 : net udp_clk will be routed on clock mesh
PHY-1001 : clock net t3_sdram/u0_clk/clk0_out will be merged with clock t3_sdram/u0_clk/clk0_buf
PHY-1001 : net t3_sdram/u1_app_wrrd/clk will be routed on clock mesh
PHY-1001 : net t3_sdram/u1_app_wrrd/sd_clk will be routed on clock mesh
PHY-1001 : net t3_sdram/u2_ram/SDRAM_CLK will be routed on clock mesh
PHY-1001 : net u3_hdmi_tx/Inst_DVITransmitter/PCLK_I will be routed on clock mesh
PHY-1001 : clock net cwc_jtck_syn_2 will be merged with clock cwc_jtck
PHY-1001 : net auto_created_cwc1/wrapper_cwc_top/U_cwc_ram/clka will be routed on clock mesh
PHY-1001 : clock net u4_trimac_block/rx_clk will be merged with clock u4_trimac_block/u1_rgmii_interface/rgmii_rxc
PHY-1001 : clock net u_sdram_write_sel/clk_cfg will be merged with clock u_pll_50/clk0_buf
PHY-1001 : clock net u_rx_pll/clk0_out will be merged with clock u_rx_pll/clk0_buf
PHY-1001 : eco open net = 0
PHY-1001 : 176 feed throughs used by 150 nets
RUN-1001 : Import phy database
RUN-1001 : Import timing constraints
RUN-1001 : Import IO constraints
RUN-1001 : Import Inst constraints
RUN-1001 : Import ChipWatcher
RUN-1001 : Import design success TD_VERSION=6.2.168116 , DB_VERSION=46207
RUN-1003 : finish command "import_db D:/Anlu/double_fpga_udp/tx/sdram_switch/UDP_EG4_6.2/prj/UDP_EXAMPLE/UDP_EXAMPLE_Runs/phy_1/UDP_EXAMPLE_pr.db" in  6.483269s wall, 5.968750s user + 1.078125s system = 7.046875s CPU (108.7%)

RUN-1004 : used memory is 672 MB, reserved memory is 792 MB, peak memory is 736 MB
RUN-1002 : start command "commit_param -step design"
RUN-1001 : Print Global Property
RUN-1001 : --------------------------------------------------------
RUN-1001 :   Parameters   |  Settings  |  Default Values  |  Note  
RUN-1001 : --------------------------------------------------------
RUN-1001 :   enable_seed  |    off     |       off        |        
RUN-1001 :     message    |  standard  |     standard     |        
RUN-1001 :   qor_monitor  |     on     |        on        |        
RUN-1001 :   syn_ip_flow  |    off     |       off        |        
RUN-1001 :     thread     |    auto    |       auto       |        
RUN-1001 : --------------------------------------------------------
RUN-1001 : Print Design Property
RUN-1001 : ----------------------------------------------------------------
RUN-1001 :       Parameters       |  Settings  |  Default Values  |  Note  
RUN-1001 : ----------------------------------------------------------------
RUN-1001 :   default_reg_initial  |    auto    |       auto       |        
RUN-1001 :    hdl_warning_level   |   normal   |      normal      |        
RUN-1001 : ----------------------------------------------------------------
HDL-1007 : analyze verilog file al_ip/TEMAC_CORE/RTL/mac_core_aead6cd6dadd.v
HDL-1007 : analyze verilog file al_ip/TEMAC_CORE/RTL/TEMAC_CORE_aead6cd6dadd.v
HDL-5007 WARNING: column 1032 exceeds maximum value 1023 in al_ip/TEMAC_CORE/RTL/TEMAC_CORE_aead6cd6dadd.v(30)
HDL-1007 : back to file 'al_ip/TEMAC_CORE/RTL/TEMAC_CORE_aead6cd6dadd.v' in al_ip/TEMAC_CORE/RTL/TEMAC_CORE_aead6cd6dadd.v(86)
HDL-5007 WARNING: event expressions must result in a singular type in al_ip/TEMAC_CORE/RTL/TEMAC_CORE_aead6cd6dadd.v(3001)
HDL-1007 : undeclared symbol '**', assumed default net type '**' in al_ip/TEMAC_CORE/RTL/TEMAC_CORE_aead6cd6dadd.v(5050)
HDL-1007 : undeclared symbol '**', assumed default net type '**' in al_ip/TEMAC_CORE/RTL/TEMAC_CORE_aead6cd6dadd.v(5458)
HDL-5007 WARNING: column 1035 exceeds maximum value 1023 in al_ip/TEMAC_CORE/RTL/TEMAC_CORE_aead6cd6dadd.v(6001)
HDL-1007 : back to file 'al_ip/TEMAC_CORE/RTL/TEMAC_CORE_aead6cd6dadd.v' in al_ip/TEMAC_CORE/RTL/TEMAC_CORE_aead6cd6dadd.v(260)
HDL-1007 : analyze verilog file al_ip/TEMAC_CORE/TEMAC_CORE.v
HDL-1007 : analyze verilog file al_ip/clk_pll.v
HDL-1007 : undeclared symbol 'clk_pll_open0', assumed default net type 'wire' in al_ip/clk_pll.v(92)
HDL-1007 : undeclared symbol 'clk_pll_open8', assumed default net type 'wire' in al_ip/clk_pll.v(98)
HDL-1007 : undeclared symbol 'clk_pll_open7', assumed default net type 'wire' in al_ip/clk_pll.v(98)
HDL-1007 : undeclared symbol 'clk_pll_open6', assumed default net type 'wire' in al_ip/clk_pll.v(98)
HDL-1007 : undeclared symbol 'clk_pll_open5', assumed default net type 'wire' in al_ip/clk_pll.v(98)
HDL-1007 : undeclared symbol 'clk_pll_open4', assumed default net type 'wire' in al_ip/clk_pll.v(98)
HDL-1007 : undeclared symbol 'clk_pll_open3', assumed default net type 'wire' in al_ip/clk_pll.v(98)
HDL-1007 : undeclared symbol 'clk_pll_open2', assumed default net type 'wire' in al_ip/clk_pll.v(98)
HDL-1007 : undeclared symbol 'clk_pll_open1', assumed default net type 'wire' in al_ip/clk_pll.v(98)
HDL-1007 : undeclared symbol 'clk_pll_open9', assumed default net type 'wire' in al_ip/clk_pll.v(100)
HDL-1007 : analyze verilog file al_ip/fifo_sdr_data_2.v
HDL-1007 : analyze verilog file al_ip/pll_50.v
HDL-1007 : undeclared symbol 'open', assumed default net type 'wire' in al_ip/pll_50.v(85)
HDL-1007 : analyze verilog file al_ip/pll_gen.v
HDL-1007 : undeclared symbol 'pll_gen_open0', assumed default net type 'wire' in al_ip/pll_gen.v(99)
HDL-1007 : undeclared symbol 'pll_gen_open8', assumed default net type 'wire' in al_ip/pll_gen.v(105)
HDL-1007 : undeclared symbol 'pll_gen_open7', assumed default net type 'wire' in al_ip/pll_gen.v(105)
HDL-1007 : undeclared symbol 'pll_gen_open6', assumed default net type 'wire' in al_ip/pll_gen.v(105)
HDL-1007 : undeclared symbol 'pll_gen_open5', assumed default net type 'wire' in al_ip/pll_gen.v(105)
HDL-1007 : undeclared symbol 'pll_gen_open4', assumed default net type 'wire' in al_ip/pll_gen.v(105)
HDL-1007 : undeclared symbol 'pll_gen_open3', assumed default net type 'wire' in al_ip/pll_gen.v(105)
HDL-1007 : undeclared symbol 'pll_gen_open2', assumed default net type 'wire' in al_ip/pll_gen.v(105)
HDL-1007 : undeclared symbol 'pll_gen_open1', assumed default net type 'wire' in al_ip/pll_gen.v(105)
HDL-1007 : analyze verilog file al_ip/rx_pll.v
HDL-1007 : undeclared symbol 'open', assumed default net type 'wire' in al_ip/rx_pll.v(78)
HDL-1007 : analyze verilog file ../../source_code/rtl/BUFGMUX.v
HDL-1007 : analyze verilog file ../../source_code/rtl/clk_gen_rst_gen.v
HDL-1007 : analyze verilog file ../../source_code/rtl/div_clk_gen.v
HDL-1007 : analyze verilog file ../../source_code/rtl/IDDR.v
HDL-1007 : analyze verilog file ../../source_code/rtl/ODDR.v
HDL-1007 : analyze verilog file ../../source_code/rtl/RAMB16_S9_S9.v
HDL-1007 : undeclared symbol 'open', assumed default net type 'wire' in ../../source_code/rtl/RAMB16_S9_S9.v(109)
HDL-1007 : analyze verilog file ../../source_code/rtl/rgmii_interface.v
HDL-1007 : analyze verilog file ../../source_code/rtl/rx_client_fifo.v
HDL-5370 WARNING: parameter 'WAIT_s' becomes localparam in 'rx_client_fifo' with formal parameter declaration list in ../../source_code/rtl/rx_client_fifo.v(49)
HDL-5370 WARNING: parameter 'QUEUE1_s' becomes localparam in 'rx_client_fifo' with formal parameter declaration list in ../../source_code/rtl/rx_client_fifo.v(50)
HDL-5370 WARNING: parameter 'QUEUE2_s' becomes localparam in 'rx_client_fifo' with formal parameter declaration list in ../../source_code/rtl/rx_client_fifo.v(51)
HDL-5370 WARNING: parameter 'QUEUE3_s' becomes localparam in 'rx_client_fifo' with formal parameter declaration list in ../../source_code/rtl/rx_client_fifo.v(52)
HDL-5370 WARNING: parameter 'QUEUE_SOF_s' becomes localparam in 'rx_client_fifo' with formal parameter declaration list in ../../source_code/rtl/rx_client_fifo.v(53)
HDL-5370 WARNING: parameter 'SOF_s' becomes localparam in 'rx_client_fifo' with formal parameter declaration list in ../../source_code/rtl/rx_client_fifo.v(54)
HDL-5370 WARNING: parameter 'DATA_s' becomes localparam in 'rx_client_fifo' with formal parameter declaration list in ../../source_code/rtl/rx_client_fifo.v(55)
HDL-5370 WARNING: parameter 'EOF_s' becomes localparam in 'rx_client_fifo' with formal parameter declaration list in ../../source_code/rtl/rx_client_fifo.v(56)
HDL-5370 WARNING: parameter 'IDLE_s' becomes localparam in 'rx_client_fifo' with formal parameter declaration list in ../../source_code/rtl/rx_client_fifo.v(62)
HDL-5370 WARNING: parameter 'FRAME_s' becomes localparam in 'rx_client_fifo' with formal parameter declaration list in ../../source_code/rtl/rx_client_fifo.v(63)
HDL-5370 Similar messages will be suppressed.
HDL-1007 : analyze verilog file ../../source_code/rtl/temac_block.v
HDL-1007 : analyze verilog file ../../source_code/rtl/temac_clk_gen.v
HDL-1007 : analyze verilog file ../../source_code/rtl/tx_client_fifo.v
HDL-5370 WARNING: parameter 'IDLE_s' becomes localparam in 'tx_client_fifo' with formal parameter declaration list in ../../source_code/rtl/tx_client_fifo.v(53)
HDL-5370 WARNING: parameter 'QUEUE1_s' becomes localparam in 'tx_client_fifo' with formal parameter declaration list in ../../source_code/rtl/tx_client_fifo.v(54)
HDL-5370 WARNING: parameter 'QUEUE2_s' becomes localparam in 'tx_client_fifo' with formal parameter declaration list in ../../source_code/rtl/tx_client_fifo.v(55)
HDL-5370 WARNING: parameter 'QUEUE3_s' becomes localparam in 'tx_client_fifo' with formal parameter declaration list in ../../source_code/rtl/tx_client_fifo.v(56)
HDL-5370 WARNING: parameter 'QUEUE_ACK_s' becomes localparam in 'tx_client_fifo' with formal parameter declaration list in ../../source_code/rtl/tx_client_fifo.v(57)
HDL-5370 WARNING: parameter 'WAIT_ACK_s' becomes localparam in 'tx_client_fifo' with formal parameter declaration list in ../../source_code/rtl/tx_client_fifo.v(58)
HDL-5370 WARNING: parameter 'FRAME_s' becomes localparam in 'tx_client_fifo' with formal parameter declaration list in ../../source_code/rtl/tx_client_fifo.v(59)
HDL-5370 WARNING: parameter 'DROP_s' becomes localparam in 'tx_client_fifo' with formal parameter declaration list in ../../source_code/rtl/tx_client_fifo.v(60)
HDL-5370 WARNING: parameter 'RETRANSMIT_s' becomes localparam in 'tx_client_fifo' with formal parameter declaration list in ../../source_code/rtl/tx_client_fifo.v(61)
HDL-5370 WARNING: parameter 'WAIT_s' becomes localparam in 'tx_client_fifo' with formal parameter declaration list in ../../source_code/rtl/tx_client_fifo.v(67)
HDL-5370 Similar messages will be suppressed.
HDL-1007 : analyze verilog file ../../source_code/rtl/tx_clk_en_gen.v
HDL-1007 : analyze verilog file ../../source_code/rtl/udp_data_tpg.v
HDL-1007 : analyze verilog file ../../source_code/rtl/UDP_Example_Top.v
HDL-1007 : undeclared symbol 'phy_reset', assumed default net type 'wire' in ../../source_code/rtl/UDP_Example_Top.v(435)
HDL-5333 WARNING: data object 'rst_n' is already declared in ../../source_code/rtl/UDP_Example_Top.v(482)
HDL-1007 : previous declaration of 'rst_n' is from here in ../../source_code/rtl/UDP_Example_Top.v(246)
HDL-5007 WARNING: second declaration of 'rst_n' is ignored in ../../source_code/rtl/UDP_Example_Top.v(482)
HDL-1007 : undeclared symbol 'tpg_data_done', assumed default net type 'wire' in ../../source_code/rtl/UDP_Example_Top.v(590)
HDL-1007 : undeclared symbol 'vga_out_de', assumed default net type 'wire' in ../../source_code/rtl/UDP_Example_Top.v(615)
HDL-1007 : undeclared symbol 'hs', assumed default net type 'wire' in ../../source_code/rtl/UDP_Example_Top.v(665)
HDL-1007 : undeclared symbol 'vs', assumed default net type 'wire' in ../../source_code/rtl/UDP_Example_Top.v(666)
HDL-1007 : undeclared symbol 'de', assumed default net type 'wire' in ../../source_code/rtl/UDP_Example_Top.v(667)
HDL-1007 : analyze verilog file ../../source_code/rtl/udp_ip_protocol_stack_merge.enc.v
HDL-1007 : back to file '../../source_code/rtl/udp_ip_protocol_stack_merge.enc.v' in ../../source_code/rtl/udp_ip_protocol_stack_merge.enc.v(56)
HDL-1007 : undeclared symbol '**', assumed default net type '**' in ../../source_code/rtl/udp_ip_protocol_stack_merge.enc.v(2638)
HDL-1007 : back to file '../../source_code/rtl/udp_ip_protocol_stack_merge.enc.v' in ../../source_code/rtl/udp_ip_protocol_stack_merge.enc.v(420)
HDL-1007 : analyze verilog file ../../source_code/rtl/udp_loopback.v
HDL-1007 : analyze verilog file ../../source_code/rtl/sdr/rtl/app_wrrd.v
HDL-1007 : analyze included file ../../source_code/rtl/sdr/rtl/../include/global_def.v in ../../source_code/rtl/sdr/rtl/app_wrrd.v(10)
HDL-1007 : back to file '../../source_code/rtl/sdr/rtl/app_wrrd.v' in ../../source_code/rtl/sdr/rtl/app_wrrd.v(10)
HDL-5372 WARNING: redeclaration of ANSI port 'full_flag' is not allowed in ../../source_code/rtl/sdr/rtl/app_wrrd.v(61)
HDL-1007 : undeclared symbol 'afull', assumed default net type 'wire' in ../../source_code/rtl/sdr/rtl/app_wrrd.v(74)
HDL-1007 : undeclared symbol 'aempty', assumed default net type 'wire' in ../../source_code/rtl/sdr/rtl/app_wrrd.v(75)
HDL-1007 : undeclared symbol 'wrusedw', assumed default net type 'wire' in ../../source_code/rtl/sdr/rtl/app_wrrd.v(76)
HDL-5333 WARNING: data object 'w_addr_cnt' is already declared in ../../source_code/rtl/sdr/rtl/app_wrrd.v(139)
HDL-1007 : previous declaration of 'w_addr_cnt' is from here in ../../source_code/rtl/sdr/rtl/app_wrrd.v(38)
HDL-5007 WARNING: second declaration of 'w_addr_cnt' is ignored in ../../source_code/rtl/sdr/rtl/app_wrrd.v(139)
HDL-1007 : analyze verilog file ../../source_code/rtl/sdr/rtl/sdram_top.v
HDL-1007 : analyze included file ../../source_code/rtl/sdr/rtl/../include/global_def.v in ../../source_code/rtl/sdr/rtl/sdram_top.v(10)
HDL-1007 : back to file '../../source_code/rtl/sdr/rtl/sdram_top.v' in ../../source_code/rtl/sdr/rtl/sdram_top.v(10)
HDL-1007 : undeclared symbol 'Rst_n', assumed default net type 'wire' in ../../source_code/rtl/sdr/rtl/sdram_top.v(70)
HDL-5372 WARNING: redeclaration of ANSI port 'wr_done' is not allowed in ../../source_code/rtl/sdr/rtl/sdram_top.v(73)
HDL-1007 : undeclared symbol 'SDR_CKE', assumed default net type 'wire' in ../../source_code/rtl/sdr/rtl/sdram_top.v(132)
HDL-1007 : analyze verilog file ../../source_code/rtl/sd/sd_ctrl_top.v
HDL-1007 : analyze verilog file ../../source_code/rtl/sd/sd_init.v
HDL-1007 : analyze verilog file ../../source_code/rtl/sd/sd_read.v
HDL-1007 : analyze verilog file ../../source_code/rtl/sd/sd_read_photo.v
HDL-1007 : analyze verilog file ../../source_code/rtl/sdr/rtl/enc_file/sdr_as_ram.enc.v
HDL-1007 : back to file '../../source_code/rtl/sdr/rtl/enc_file/sdr_as_ram.enc.v' in ../../source_code/rtl/sdr/rtl/enc_file/sdr_as_ram.enc.v(45)
HDL-1007 : analyze verilog file ../../source_code/rtl/sdr/rtl/enc_file/sdr_init_ref.enc.v
HDL-1007 : undeclared symbol '**', assumed default net type '**' in ../../source_code/rtl/sdr/rtl/enc_file/sdr_init_ref.enc.v(57)
HDL-1007 : back to file '../../source_code/rtl/sdr/rtl/enc_file/sdr_init_ref.enc.v' in ../../source_code/rtl/sdr/rtl/enc_file/sdr_init_ref.enc.v(148)
HDL-5007 WARNING: concatenation with an unsized literal will be treated as 32 bits in ../../source_code/rtl/sdr/rtl/enc_file/sdr_init_ref.enc.v(47)
HDL-1007 : analyze verilog file ../../source_code/rtl/sdr/rtl/enc_file/sdr_wrrd.enc.v
HDL-5007 WARNING: concatenation with an unsized literal will be treated as 32 bits in ../../source_code/rtl/sdr/rtl/enc_file/sdr_wrrd.enc.v(283)
HDL-1007 : back to file '../../source_code/rtl/sdr/rtl/enc_file/sdr_wrrd.enc.v' in ../../source_code/rtl/sdr/rtl/enc_file/sdr_wrrd.enc.v(19)
HDL-1007 : analyze verilog file ../../source_code/rtl/camera_data_gen.v
HDL-1007 : analyze verilog file ../../source_code/rtl/ov5640/ov5640_dri.v
HDL-1007 : analyze verilog file ../../source_code/rtl/ov5640/ov5640_delay.v
HDL-1007 : analyze verilog file ../../source_code/rtl/ov5640/i2c_ov5640_rgb565_cfg.v
HDL-1007 : analyze verilog file ../../source_code/rtl/ov5640/i2c_dri.v
HDL-1007 : analyze verilog file ../../source_code/rtl/ov5640/cmos_capture_data.v
HDL-1007 : analyze verilog file ../../source_code/rtl/sdram_write_static_sel.v
HDL-1007 : analyze verilog file ../../source_code/rtl/uart/cmd_ctrl.v
HDL-1007 : analyze verilog file ../../source_code/rtl/uart/uart_rx.v
HDL-1007 : analyze verilog file ../../source_code/rtl/uart/uart_test.v
HDL-1007 : analyze verilog file ../../source_code/rtl/uart/uart_tx.v
HDL-1007 : analyze verilog file ../../source_code/rtl/display/video_define.v
HDL-1007 : analyze verilog file ../../source_code/rtl/display/video_delay.v
HDL-1007 : analyze verilog file ../../source_code/rtl/display/video_timing_data.v
HDL-1007 : analyze verilog file ../../source_code/rtl/sdram_read_align.v
HDL-1007 : analyze VHDL file ../../source_code/rtl/hdmi/hdmi_tx.vhd
HDL-1007 : analyze entity hdmi_tx in ../../source_code/rtl/hdmi/hdmi_tx.vhd(11)
HDL-1007 : analyze architecture behavioral in ../../source_code/rtl/hdmi/hdmi_tx.vhd(33)
HDL-1007 : analyze verilog file ../../source_code/rtl/sd/sd_card_ctrl.v
HDL-1007 : analyze VHDL file ../../source_code/rtl/hdmi/enc_file/DVITransmitter.enc.vhd
HDL-1007 : analyze entity dvitransmitter in ../../source_code/rtl/hdmi/enc_file/DVITransmitter.enc.vhd(13)
HDL-1007 : analyze architecture ** in ../../source_code/rtl/hdmi/enc_file/DVITransmitter.enc.vhd(2)
HDL-1007 : analyze VHDL file ../../source_code/rtl/hdmi/enc_file/SerializerN_1_lvds.enc.vhd
HDL-1007 : analyze entity ** in ../../source_code/rtl/hdmi/enc_file/SerializerN_1_lvds.enc.vhd(12)
HDL-1007 : analyze architecture ** in ../../source_code/rtl/hdmi/enc_file/SerializerN_1_lvds.enc.vhd(25)
HDL-1007 : analyze VHDL file ../../source_code/rtl/hdmi/enc_file/SerializerN_1_lvds_dat.enc.vhd
HDL-1007 : analyze entity ** in ../../source_code/rtl/hdmi/enc_file/SerializerN_1_lvds_dat.enc.vhd(14)
HDL-1007 : analyze architecture ** in ../../source_code/rtl/hdmi/enc_file/SerializerN_1_lvds_dat.enc.vhd(28)
HDL-1007 : analyze VHDL file ../../source_code/rtl/hdmi/enc_file/TMDSEncoder.enc.vhd
HDL-1007 : analyze entity ** in ../../source_code/rtl/hdmi/enc_file/TMDSEncoder.enc.vhd(13)
HDL-1007 : analyze architecture ** in ../../source_code/rtl/hdmi/enc_file/TMDSEncoder.enc.vhd(24)
HDL-5007 WARNING: The file ../../source_code/rtl/display/video_define.v will not be compiled since it is not included by any other files. Set it as 'global include' if it should be compiled.
RUN-1002 : start command "commit_param -step design"
RUN-1001 : Print Global Property
RUN-1001 : --------------------------------------------------------
RUN-1001 :   Parameters   |  Settings  |  Default Values  |  Note  
RUN-1001 : --------------------------------------------------------
RUN-1001 :   enable_seed  |    off     |       off        |        
RUN-1001 :     message    |  standard  |     standard     |        
RUN-1001 :   qor_monitor  |     on     |        on        |        
RUN-1001 :   syn_ip_flow  |    off     |       off        |        
RUN-1001 :     thread     |    auto    |       auto       |        
RUN-1001 : --------------------------------------------------------
RUN-1001 : Print Design Property
RUN-1001 : ----------------------------------------------------------------
RUN-1001 :       Parameters       |  Settings  |  Default Values  |  Note  
RUN-1001 : ----------------------------------------------------------------
RUN-1001 :   default_reg_initial  |    auto    |       auto       |        
RUN-1001 :    hdl_warning_level   |   normal   |      normal      |        
RUN-1001 : ----------------------------------------------------------------
HDL-1007 : analyze verilog file al_ip/TEMAC_CORE/RTL/mac_core_aead6cd6dadd.v
HDL-1007 : analyze verilog file al_ip/TEMAC_CORE/RTL/TEMAC_CORE_aead6cd6dadd.v
HDL-5007 WARNING: column 1032 exceeds maximum value 1023 in al_ip/TEMAC_CORE/RTL/TEMAC_CORE_aead6cd6dadd.v(30)
HDL-1007 : back to file 'al_ip/TEMAC_CORE/RTL/TEMAC_CORE_aead6cd6dadd.v' in al_ip/TEMAC_CORE/RTL/TEMAC_CORE_aead6cd6dadd.v(86)
HDL-5007 WARNING: event expressions must result in a singular type in al_ip/TEMAC_CORE/RTL/TEMAC_CORE_aead6cd6dadd.v(3001)
HDL-1007 : undeclared symbol '**', assumed default net type '**' in al_ip/TEMAC_CORE/RTL/TEMAC_CORE_aead6cd6dadd.v(5050)
HDL-1007 : undeclared symbol '**', assumed default net type '**' in al_ip/TEMAC_CORE/RTL/TEMAC_CORE_aead6cd6dadd.v(5458)
HDL-5007 WARNING: column 1035 exceeds maximum value 1023 in al_ip/TEMAC_CORE/RTL/TEMAC_CORE_aead6cd6dadd.v(6001)
HDL-1007 : back to file 'al_ip/TEMAC_CORE/RTL/TEMAC_CORE_aead6cd6dadd.v' in al_ip/TEMAC_CORE/RTL/TEMAC_CORE_aead6cd6dadd.v(260)
HDL-1007 : analyze verilog file al_ip/TEMAC_CORE/TEMAC_CORE.v
HDL-1007 : analyze verilog file al_ip/clk_pll.v
HDL-1007 : undeclared symbol 'clk_pll_open0', assumed default net type 'wire' in al_ip/clk_pll.v(92)
HDL-1007 : undeclared symbol 'clk_pll_open8', assumed default net type 'wire' in al_ip/clk_pll.v(98)
HDL-1007 : undeclared symbol 'clk_pll_open7', assumed default net type 'wire' in al_ip/clk_pll.v(98)
HDL-1007 : undeclared symbol 'clk_pll_open6', assumed default net type 'wire' in al_ip/clk_pll.v(98)
HDL-1007 : undeclared symbol 'clk_pll_open5', assumed default net type 'wire' in al_ip/clk_pll.v(98)
HDL-1007 : undeclared symbol 'clk_pll_open4', assumed default net type 'wire' in al_ip/clk_pll.v(98)
HDL-1007 : undeclared symbol 'clk_pll_open3', assumed default net type 'wire' in al_ip/clk_pll.v(98)
HDL-1007 : undeclared symbol 'clk_pll_open2', assumed default net type 'wire' in al_ip/clk_pll.v(98)
HDL-1007 : undeclared symbol 'clk_pll_open1', assumed default net type 'wire' in al_ip/clk_pll.v(98)
HDL-1007 : undeclared symbol 'clk_pll_open9', assumed default net type 'wire' in al_ip/clk_pll.v(100)
HDL-1007 : analyze verilog file al_ip/fifo_sdr_data_2.v
HDL-1007 : analyze verilog file al_ip/pll_50.v
HDL-1007 : undeclared symbol 'open', assumed default net type 'wire' in al_ip/pll_50.v(85)
HDL-1007 : analyze verilog file al_ip/pll_gen.v
HDL-1007 : undeclared symbol 'pll_gen_open0', assumed default net type 'wire' in al_ip/pll_gen.v(99)
HDL-1007 : undeclared symbol 'pll_gen_open8', assumed default net type 'wire' in al_ip/pll_gen.v(105)
HDL-1007 : undeclared symbol 'pll_gen_open7', assumed default net type 'wire' in al_ip/pll_gen.v(105)
HDL-1007 : undeclared symbol 'pll_gen_open6', assumed default net type 'wire' in al_ip/pll_gen.v(105)
HDL-1007 : undeclared symbol 'pll_gen_open5', assumed default net type 'wire' in al_ip/pll_gen.v(105)
HDL-1007 : undeclared symbol 'pll_gen_open4', assumed default net type 'wire' in al_ip/pll_gen.v(105)
HDL-1007 : undeclared symbol 'pll_gen_open3', assumed default net type 'wire' in al_ip/pll_gen.v(105)
HDL-1007 : undeclared symbol 'pll_gen_open2', assumed default net type 'wire' in al_ip/pll_gen.v(105)
HDL-1007 : undeclared symbol 'pll_gen_open1', assumed default net type 'wire' in al_ip/pll_gen.v(105)
HDL-1007 : analyze verilog file al_ip/rx_pll.v
HDL-1007 : undeclared symbol 'open', assumed default net type 'wire' in al_ip/rx_pll.v(78)
HDL-1007 : analyze verilog file ../../source_code/rtl/BUFGMUX.v
HDL-1007 : analyze verilog file ../../source_code/rtl/clk_gen_rst_gen.v
HDL-1007 : analyze verilog file ../../source_code/rtl/div_clk_gen.v
HDL-1007 : analyze verilog file ../../source_code/rtl/IDDR.v
HDL-1007 : analyze verilog file ../../source_code/rtl/ODDR.v
HDL-1007 : analyze verilog file ../../source_code/rtl/RAMB16_S9_S9.v
HDL-1007 : undeclared symbol 'open', assumed default net type 'wire' in ../../source_code/rtl/RAMB16_S9_S9.v(109)
HDL-1007 : analyze verilog file ../../source_code/rtl/rgmii_interface.v
HDL-1007 : analyze verilog file ../../source_code/rtl/rx_client_fifo.v
HDL-5370 WARNING: parameter 'WAIT_s' becomes localparam in 'rx_client_fifo' with formal parameter declaration list in ../../source_code/rtl/rx_client_fifo.v(49)
HDL-5370 WARNING: parameter 'QUEUE1_s' becomes localparam in 'rx_client_fifo' with formal parameter declaration list in ../../source_code/rtl/rx_client_fifo.v(50)
HDL-5370 WARNING: parameter 'QUEUE2_s' becomes localparam in 'rx_client_fifo' with formal parameter declaration list in ../../source_code/rtl/rx_client_fifo.v(51)
HDL-5370 WARNING: parameter 'QUEUE3_s' becomes localparam in 'rx_client_fifo' with formal parameter declaration list in ../../source_code/rtl/rx_client_fifo.v(52)
HDL-5370 WARNING: parameter 'QUEUE_SOF_s' becomes localparam in 'rx_client_fifo' with formal parameter declaration list in ../../source_code/rtl/rx_client_fifo.v(53)
HDL-5370 WARNING: parameter 'SOF_s' becomes localparam in 'rx_client_fifo' with formal parameter declaration list in ../../source_code/rtl/rx_client_fifo.v(54)
HDL-5370 WARNING: parameter 'DATA_s' becomes localparam in 'rx_client_fifo' with formal parameter declaration list in ../../source_code/rtl/rx_client_fifo.v(55)
HDL-5370 WARNING: parameter 'EOF_s' becomes localparam in 'rx_client_fifo' with formal parameter declaration list in ../../source_code/rtl/rx_client_fifo.v(56)
HDL-5370 WARNING: parameter 'IDLE_s' becomes localparam in 'rx_client_fifo' with formal parameter declaration list in ../../source_code/rtl/rx_client_fifo.v(62)
HDL-5370 WARNING: parameter 'FRAME_s' becomes localparam in 'rx_client_fifo' with formal parameter declaration list in ../../source_code/rtl/rx_client_fifo.v(63)
HDL-5370 Similar messages will be suppressed.
HDL-1007 : analyze verilog file ../../source_code/rtl/temac_block.v
HDL-1007 : analyze verilog file ../../source_code/rtl/temac_clk_gen.v
HDL-1007 : analyze verilog file ../../source_code/rtl/tx_client_fifo.v
HDL-5370 WARNING: parameter 'IDLE_s' becomes localparam in 'tx_client_fifo' with formal parameter declaration list in ../../source_code/rtl/tx_client_fifo.v(53)
HDL-5370 WARNING: parameter 'QUEUE1_s' becomes localparam in 'tx_client_fifo' with formal parameter declaration list in ../../source_code/rtl/tx_client_fifo.v(54)
HDL-5370 WARNING: parameter 'QUEUE2_s' becomes localparam in 'tx_client_fifo' with formal parameter declaration list in ../../source_code/rtl/tx_client_fifo.v(55)
HDL-5370 WARNING: parameter 'QUEUE3_s' becomes localparam in 'tx_client_fifo' with formal parameter declaration list in ../../source_code/rtl/tx_client_fifo.v(56)
HDL-5370 WARNING: parameter 'QUEUE_ACK_s' becomes localparam in 'tx_client_fifo' with formal parameter declaration list in ../../source_code/rtl/tx_client_fifo.v(57)
HDL-5370 WARNING: parameter 'WAIT_ACK_s' becomes localparam in 'tx_client_fifo' with formal parameter declaration list in ../../source_code/rtl/tx_client_fifo.v(58)
HDL-5370 WARNING: parameter 'FRAME_s' becomes localparam in 'tx_client_fifo' with formal parameter declaration list in ../../source_code/rtl/tx_client_fifo.v(59)
HDL-5370 WARNING: parameter 'DROP_s' becomes localparam in 'tx_client_fifo' with formal parameter declaration list in ../../source_code/rtl/tx_client_fifo.v(60)
HDL-5370 WARNING: parameter 'RETRANSMIT_s' becomes localparam in 'tx_client_fifo' with formal parameter declaration list in ../../source_code/rtl/tx_client_fifo.v(61)
HDL-5370 WARNING: parameter 'WAIT_s' becomes localparam in 'tx_client_fifo' with formal parameter declaration list in ../../source_code/rtl/tx_client_fifo.v(67)
HDL-5370 Similar messages will be suppressed.
HDL-1007 : analyze verilog file ../../source_code/rtl/tx_clk_en_gen.v
HDL-1007 : analyze verilog file ../../source_code/rtl/udp_data_tpg.v
HDL-1007 : analyze verilog file ../../source_code/rtl/UDP_Example_Top.v
HDL-1007 : undeclared symbol 'phy_reset', assumed default net type 'wire' in ../../source_code/rtl/UDP_Example_Top.v(435)
HDL-5333 WARNING: data object 'rst_n' is already declared in ../../source_code/rtl/UDP_Example_Top.v(482)
HDL-1007 : previous declaration of 'rst_n' is from here in ../../source_code/rtl/UDP_Example_Top.v(246)
HDL-5007 WARNING: second declaration of 'rst_n' is ignored in ../../source_code/rtl/UDP_Example_Top.v(482)
HDL-1007 : undeclared symbol 'tpg_data_done', assumed default net type 'wire' in ../../source_code/rtl/UDP_Example_Top.v(590)
HDL-1007 : undeclared symbol 'vga_out_de', assumed default net type 'wire' in ../../source_code/rtl/UDP_Example_Top.v(615)
HDL-1007 : undeclared symbol 'hs', assumed default net type 'wire' in ../../source_code/rtl/UDP_Example_Top.v(665)
HDL-1007 : undeclared symbol 'vs', assumed default net type 'wire' in ../../source_code/rtl/UDP_Example_Top.v(666)
HDL-1007 : undeclared symbol 'de', assumed default net type 'wire' in ../../source_code/rtl/UDP_Example_Top.v(667)
HDL-1007 : analyze verilog file ../../source_code/rtl/udp_ip_protocol_stack_merge.enc.v
HDL-1007 : back to file '../../source_code/rtl/udp_ip_protocol_stack_merge.enc.v' in ../../source_code/rtl/udp_ip_protocol_stack_merge.enc.v(56)
HDL-1007 : undeclared symbol '**', assumed default net type '**' in ../../source_code/rtl/udp_ip_protocol_stack_merge.enc.v(2638)
HDL-1007 : back to file '../../source_code/rtl/udp_ip_protocol_stack_merge.enc.v' in ../../source_code/rtl/udp_ip_protocol_stack_merge.enc.v(420)
HDL-1007 : analyze verilog file ../../source_code/rtl/udp_loopback.v
HDL-1007 : analyze verilog file ../../source_code/rtl/sdr/rtl/app_wrrd.v
HDL-1007 : analyze included file ../../source_code/rtl/sdr/rtl/../include/global_def.v in ../../source_code/rtl/sdr/rtl/app_wrrd.v(10)
HDL-1007 : back to file '../../source_code/rtl/sdr/rtl/app_wrrd.v' in ../../source_code/rtl/sdr/rtl/app_wrrd.v(10)
HDL-5372 WARNING: redeclaration of ANSI port 'full_flag' is not allowed in ../../source_code/rtl/sdr/rtl/app_wrrd.v(61)
HDL-1007 : undeclared symbol 'afull', assumed default net type 'wire' in ../../source_code/rtl/sdr/rtl/app_wrrd.v(74)
HDL-1007 : undeclared symbol 'aempty', assumed default net type 'wire' in ../../source_code/rtl/sdr/rtl/app_wrrd.v(75)
HDL-1007 : undeclared symbol 'wrusedw', assumed default net type 'wire' in ../../source_code/rtl/sdr/rtl/app_wrrd.v(76)
HDL-5333 WARNING: data object 'w_addr_cnt' is already declared in ../../source_code/rtl/sdr/rtl/app_wrrd.v(139)
HDL-1007 : previous declaration of 'w_addr_cnt' is from here in ../../source_code/rtl/sdr/rtl/app_wrrd.v(38)
HDL-5007 WARNING: second declaration of 'w_addr_cnt' is ignored in ../../source_code/rtl/sdr/rtl/app_wrrd.v(139)
HDL-1007 : analyze verilog file ../../source_code/rtl/sdr/rtl/sdram_top.v
HDL-1007 : analyze included file ../../source_code/rtl/sdr/rtl/../include/global_def.v in ../../source_code/rtl/sdr/rtl/sdram_top.v(10)
HDL-1007 : back to file '../../source_code/rtl/sdr/rtl/sdram_top.v' in ../../source_code/rtl/sdr/rtl/sdram_top.v(10)
HDL-1007 : undeclared symbol 'Rst_n', assumed default net type 'wire' in ../../source_code/rtl/sdr/rtl/sdram_top.v(70)
HDL-5372 WARNING: redeclaration of ANSI port 'wr_done' is not allowed in ../../source_code/rtl/sdr/rtl/sdram_top.v(73)
HDL-1007 : undeclared symbol 'SDR_CKE', assumed default net type 'wire' in ../../source_code/rtl/sdr/rtl/sdram_top.v(132)
HDL-1007 : analyze verilog file ../../source_code/rtl/sd/sd_ctrl_top.v
HDL-1007 : analyze verilog file ../../source_code/rtl/sd/sd_init.v
HDL-1007 : analyze verilog file ../../source_code/rtl/sd/sd_read.v
HDL-1007 : analyze verilog file ../../source_code/rtl/sd/sd_read_photo.v
HDL-1007 : analyze verilog file ../../source_code/rtl/sdr/rtl/enc_file/sdr_as_ram.enc.v
HDL-1007 : back to file '../../source_code/rtl/sdr/rtl/enc_file/sdr_as_ram.enc.v' in ../../source_code/rtl/sdr/rtl/enc_file/sdr_as_ram.enc.v(45)
HDL-1007 : analyze verilog file ../../source_code/rtl/sdr/rtl/enc_file/sdr_init_ref.enc.v
HDL-1007 : undeclared symbol '**', assumed default net type '**' in ../../source_code/rtl/sdr/rtl/enc_file/sdr_init_ref.enc.v(57)
HDL-1007 : back to file '../../source_code/rtl/sdr/rtl/enc_file/sdr_init_ref.enc.v' in ../../source_code/rtl/sdr/rtl/enc_file/sdr_init_ref.enc.v(148)
HDL-5007 WARNING: concatenation with an unsized literal will be treated as 32 bits in ../../source_code/rtl/sdr/rtl/enc_file/sdr_init_ref.enc.v(47)
HDL-1007 : analyze verilog file ../../source_code/rtl/sdr/rtl/enc_file/sdr_wrrd.enc.v
HDL-5007 WARNING: concatenation with an unsized literal will be treated as 32 bits in ../../source_code/rtl/sdr/rtl/enc_file/sdr_wrrd.enc.v(283)
HDL-1007 : back to file '../../source_code/rtl/sdr/rtl/enc_file/sdr_wrrd.enc.v' in ../../source_code/rtl/sdr/rtl/enc_file/sdr_wrrd.enc.v(19)
HDL-1007 : analyze verilog file ../../source_code/rtl/camera_data_gen.v
HDL-1007 : analyze verilog file ../../source_code/rtl/ov5640/ov5640_dri.v
HDL-1007 : analyze verilog file ../../source_code/rtl/ov5640/ov5640_delay.v
HDL-1007 : analyze verilog file ../../source_code/rtl/ov5640/i2c_ov5640_rgb565_cfg.v
HDL-1007 : analyze verilog file ../../source_code/rtl/ov5640/i2c_dri.v
HDL-1007 : analyze verilog file ../../source_code/rtl/ov5640/cmos_capture_data.v
HDL-1007 : analyze verilog file ../../source_code/rtl/sdram_write_static_sel.v
HDL-1007 : analyze verilog file ../../source_code/rtl/uart/cmd_ctrl.v
HDL-1007 : analyze verilog file ../../source_code/rtl/uart/uart_rx.v
HDL-1007 : analyze verilog file ../../source_code/rtl/uart/uart_test.v
HDL-1007 : analyze verilog file ../../source_code/rtl/uart/uart_tx.v
HDL-1007 : analyze verilog file ../../source_code/rtl/display/video_delay.v
HDL-1007 : analyze verilog file ../../source_code/rtl/display/video_timing_data.v
HDL-1007 : analyze verilog file ../../source_code/rtl/sdram_read_align.v
HDL-1007 : analyze VHDL file ../../source_code/rtl/hdmi/hdmi_tx.vhd
HDL-1007 : analyze entity hdmi_tx in ../../source_code/rtl/hdmi/hdmi_tx.vhd(11)
HDL-1007 : analyze architecture behavioral in ../../source_code/rtl/hdmi/hdmi_tx.vhd(33)
HDL-1007 : analyze verilog file ../../source_code/rtl/sd/sd_card_ctrl.v
HDL-1007 : analyze VHDL file ../../source_code/rtl/hdmi/enc_file/DVITransmitter.enc.vhd
HDL-1007 : analyze entity dvitransmitter in ../../source_code/rtl/hdmi/enc_file/DVITransmitter.enc.vhd(13)
HDL-1007 : analyze architecture ** in ../../source_code/rtl/hdmi/enc_file/DVITransmitter.enc.vhd(2)
HDL-1007 : analyze VHDL file ../../source_code/rtl/hdmi/enc_file/SerializerN_1_lvds.enc.vhd
HDL-1007 : analyze entity ** in ../../source_code/rtl/hdmi/enc_file/SerializerN_1_lvds.enc.vhd(12)
HDL-1007 : analyze architecture ** in ../../source_code/rtl/hdmi/enc_file/SerializerN_1_lvds.enc.vhd(25)
HDL-1007 : analyze VHDL file ../../source_code/rtl/hdmi/enc_file/SerializerN_1_lvds_dat.enc.vhd
HDL-1007 : analyze entity ** in ../../source_code/rtl/hdmi/enc_file/SerializerN_1_lvds_dat.enc.vhd(14)
HDL-1007 : analyze architecture ** in ../../source_code/rtl/hdmi/enc_file/SerializerN_1_lvds_dat.enc.vhd(28)
HDL-1007 : analyze VHDL file ../../source_code/rtl/hdmi/enc_file/TMDSEncoder.enc.vhd
HDL-1007 : analyze entity ** in ../../source_code/rtl/hdmi/enc_file/TMDSEncoder.enc.vhd(13)
HDL-1007 : analyze architecture ** in ../../source_code/rtl/hdmi/enc_file/TMDSEncoder.enc.vhd(24)
HDL-1007 : analyze verilog file ../../source_code/rtl/display/color_bar.v
HDL-1007 : analyze included file ../../source_code/rtl/display/video_define.v in ../../source_code/rtl/display/color_bar.v(1)
HDL-1007 : back to file '../../source_code/rtl/display/color_bar.v' in ../../source_code/rtl/display/color_bar.v(1)
RUN-1002 : start command "commit_param -step design"
RUN-1001 : Print Global Property
RUN-1001 : --------------------------------------------------------
RUN-1001 :   Parameters   |  Settings  |  Default Values  |  Note  
RUN-1001 : --------------------------------------------------------
RUN-1001 :   enable_seed  |    off     |       off        |        
RUN-1001 :     message    |  standard  |     standard     |        
RUN-1001 :   qor_monitor  |     on     |        on        |        
RUN-1001 :   syn_ip_flow  |    off     |       off        |        
RUN-1001 :     thread     |    auto    |       auto       |        
RUN-1001 : --------------------------------------------------------
RUN-1001 : Print Design Property
RUN-1001 : ----------------------------------------------------------------
RUN-1001 :       Parameters       |  Settings  |  Default Values  |  Note  
RUN-1001 : ----------------------------------------------------------------
RUN-1001 :   default_reg_initial  |    auto    |       auto       |        
RUN-1001 :    hdl_warning_level   |   normal   |      normal      |        
RUN-1001 : ----------------------------------------------------------------
HDL-1007 : analyze verilog file al_ip/TEMAC_CORE/RTL/mac_core_aead6cd6dadd.v
HDL-1007 : analyze verilog file al_ip/TEMAC_CORE/RTL/TEMAC_CORE_aead6cd6dadd.v
HDL-5007 WARNING: column 1032 exceeds maximum value 1023 in al_ip/TEMAC_CORE/RTL/TEMAC_CORE_aead6cd6dadd.v(30)
HDL-1007 : back to file 'al_ip/TEMAC_CORE/RTL/TEMAC_CORE_aead6cd6dadd.v' in al_ip/TEMAC_CORE/RTL/TEMAC_CORE_aead6cd6dadd.v(86)
HDL-5007 WARNING: event expressions must result in a singular type in al_ip/TEMAC_CORE/RTL/TEMAC_CORE_aead6cd6dadd.v(3001)
HDL-1007 : undeclared symbol '**', assumed default net type '**' in al_ip/TEMAC_CORE/RTL/TEMAC_CORE_aead6cd6dadd.v(5050)
HDL-1007 : undeclared symbol '**', assumed default net type '**' in al_ip/TEMAC_CORE/RTL/TEMAC_CORE_aead6cd6dadd.v(5458)
HDL-5007 WARNING: column 1035 exceeds maximum value 1023 in al_ip/TEMAC_CORE/RTL/TEMAC_CORE_aead6cd6dadd.v(6001)
HDL-1007 : back to file 'al_ip/TEMAC_CORE/RTL/TEMAC_CORE_aead6cd6dadd.v' in al_ip/TEMAC_CORE/RTL/TEMAC_CORE_aead6cd6dadd.v(260)
HDL-1007 : analyze verilog file al_ip/TEMAC_CORE/TEMAC_CORE.v
HDL-1007 : analyze verilog file al_ip/clk_pll.v
HDL-1007 : undeclared symbol 'clk_pll_open0', assumed default net type 'wire' in al_ip/clk_pll.v(92)
HDL-1007 : undeclared symbol 'clk_pll_open8', assumed default net type 'wire' in al_ip/clk_pll.v(98)
HDL-1007 : undeclared symbol 'clk_pll_open7', assumed default net type 'wire' in al_ip/clk_pll.v(98)
HDL-1007 : undeclared symbol 'clk_pll_open6', assumed default net type 'wire' in al_ip/clk_pll.v(98)
HDL-1007 : undeclared symbol 'clk_pll_open5', assumed default net type 'wire' in al_ip/clk_pll.v(98)
HDL-1007 : undeclared symbol 'clk_pll_open4', assumed default net type 'wire' in al_ip/clk_pll.v(98)
HDL-1007 : undeclared symbol 'clk_pll_open3', assumed default net type 'wire' in al_ip/clk_pll.v(98)
HDL-1007 : undeclared symbol 'clk_pll_open2', assumed default net type 'wire' in al_ip/clk_pll.v(98)
HDL-1007 : undeclared symbol 'clk_pll_open1', assumed default net type 'wire' in al_ip/clk_pll.v(98)
HDL-1007 : undeclared symbol 'clk_pll_open9', assumed default net type 'wire' in al_ip/clk_pll.v(100)
HDL-1007 : analyze verilog file al_ip/fifo_sdr_data_2.v
HDL-1007 : analyze verilog file al_ip/pll_50.v
HDL-1007 : undeclared symbol 'open', assumed default net type 'wire' in al_ip/pll_50.v(85)
HDL-1007 : analyze verilog file al_ip/pll_gen.v
HDL-1007 : undeclared symbol 'pll_gen_open0', assumed default net type 'wire' in al_ip/pll_gen.v(99)
HDL-1007 : undeclared symbol 'pll_gen_open8', assumed default net type 'wire' in al_ip/pll_gen.v(105)
HDL-1007 : undeclared symbol 'pll_gen_open7', assumed default net type 'wire' in al_ip/pll_gen.v(105)
HDL-1007 : undeclared symbol 'pll_gen_open6', assumed default net type 'wire' in al_ip/pll_gen.v(105)
HDL-1007 : undeclared symbol 'pll_gen_open5', assumed default net type 'wire' in al_ip/pll_gen.v(105)
HDL-1007 : undeclared symbol 'pll_gen_open4', assumed default net type 'wire' in al_ip/pll_gen.v(105)
HDL-1007 : undeclared symbol 'pll_gen_open3', assumed default net type 'wire' in al_ip/pll_gen.v(105)
HDL-1007 : undeclared symbol 'pll_gen_open2', assumed default net type 'wire' in al_ip/pll_gen.v(105)
HDL-1007 : undeclared symbol 'pll_gen_open1', assumed default net type 'wire' in al_ip/pll_gen.v(105)
HDL-1007 : analyze verilog file al_ip/rx_pll.v
HDL-1007 : undeclared symbol 'open', assumed default net type 'wire' in al_ip/rx_pll.v(78)
HDL-1007 : analyze verilog file ../../source_code/rtl/BUFGMUX.v
HDL-1007 : analyze verilog file ../../source_code/rtl/clk_gen_rst_gen.v
HDL-1007 : analyze verilog file ../../source_code/rtl/div_clk_gen.v
HDL-1007 : analyze verilog file ../../source_code/rtl/IDDR.v
HDL-1007 : analyze verilog file ../../source_code/rtl/ODDR.v
HDL-1007 : analyze verilog file ../../source_code/rtl/RAMB16_S9_S9.v
HDL-1007 : undeclared symbol 'open', assumed default net type 'wire' in ../../source_code/rtl/RAMB16_S9_S9.v(109)
HDL-1007 : analyze verilog file ../../source_code/rtl/rgmii_interface.v
HDL-1007 : analyze verilog file ../../source_code/rtl/rx_client_fifo.v
HDL-5370 WARNING: parameter 'WAIT_s' becomes localparam in 'rx_client_fifo' with formal parameter declaration list in ../../source_code/rtl/rx_client_fifo.v(49)
HDL-5370 WARNING: parameter 'QUEUE1_s' becomes localparam in 'rx_client_fifo' with formal parameter declaration list in ../../source_code/rtl/rx_client_fifo.v(50)
HDL-5370 WARNING: parameter 'QUEUE2_s' becomes localparam in 'rx_client_fifo' with formal parameter declaration list in ../../source_code/rtl/rx_client_fifo.v(51)
HDL-5370 WARNING: parameter 'QUEUE3_s' becomes localparam in 'rx_client_fifo' with formal parameter declaration list in ../../source_code/rtl/rx_client_fifo.v(52)
HDL-5370 WARNING: parameter 'QUEUE_SOF_s' becomes localparam in 'rx_client_fifo' with formal parameter declaration list in ../../source_code/rtl/rx_client_fifo.v(53)
HDL-5370 WARNING: parameter 'SOF_s' becomes localparam in 'rx_client_fifo' with formal parameter declaration list in ../../source_code/rtl/rx_client_fifo.v(54)
HDL-5370 WARNING: parameter 'DATA_s' becomes localparam in 'rx_client_fifo' with formal parameter declaration list in ../../source_code/rtl/rx_client_fifo.v(55)
HDL-5370 WARNING: parameter 'EOF_s' becomes localparam in 'rx_client_fifo' with formal parameter declaration list in ../../source_code/rtl/rx_client_fifo.v(56)
HDL-5370 WARNING: parameter 'IDLE_s' becomes localparam in 'rx_client_fifo' with formal parameter declaration list in ../../source_code/rtl/rx_client_fifo.v(62)
HDL-5370 WARNING: parameter 'FRAME_s' becomes localparam in 'rx_client_fifo' with formal parameter declaration list in ../../source_code/rtl/rx_client_fifo.v(63)
HDL-5370 Similar messages will be suppressed.
HDL-1007 : analyze verilog file ../../source_code/rtl/temac_block.v
HDL-1007 : analyze verilog file ../../source_code/rtl/temac_clk_gen.v
HDL-1007 : analyze verilog file ../../source_code/rtl/tx_client_fifo.v
HDL-5370 WARNING: parameter 'IDLE_s' becomes localparam in 'tx_client_fifo' with formal parameter declaration list in ../../source_code/rtl/tx_client_fifo.v(53)
HDL-5370 WARNING: parameter 'QUEUE1_s' becomes localparam in 'tx_client_fifo' with formal parameter declaration list in ../../source_code/rtl/tx_client_fifo.v(54)
HDL-5370 WARNING: parameter 'QUEUE2_s' becomes localparam in 'tx_client_fifo' with formal parameter declaration list in ../../source_code/rtl/tx_client_fifo.v(55)
HDL-5370 WARNING: parameter 'QUEUE3_s' becomes localparam in 'tx_client_fifo' with formal parameter declaration list in ../../source_code/rtl/tx_client_fifo.v(56)
HDL-5370 WARNING: parameter 'QUEUE_ACK_s' becomes localparam in 'tx_client_fifo' with formal parameter declaration list in ../../source_code/rtl/tx_client_fifo.v(57)
HDL-5370 WARNING: parameter 'WAIT_ACK_s' becomes localparam in 'tx_client_fifo' with formal parameter declaration list in ../../source_code/rtl/tx_client_fifo.v(58)
HDL-5370 WARNING: parameter 'FRAME_s' becomes localparam in 'tx_client_fifo' with formal parameter declaration list in ../../source_code/rtl/tx_client_fifo.v(59)
HDL-5370 WARNING: parameter 'DROP_s' becomes localparam in 'tx_client_fifo' with formal parameter declaration list in ../../source_code/rtl/tx_client_fifo.v(60)
HDL-5370 WARNING: parameter 'RETRANSMIT_s' becomes localparam in 'tx_client_fifo' with formal parameter declaration list in ../../source_code/rtl/tx_client_fifo.v(61)
HDL-5370 WARNING: parameter 'WAIT_s' becomes localparam in 'tx_client_fifo' with formal parameter declaration list in ../../source_code/rtl/tx_client_fifo.v(67)
HDL-5370 Similar messages will be suppressed.
HDL-1007 : analyze verilog file ../../source_code/rtl/tx_clk_en_gen.v
HDL-1007 : analyze verilog file ../../source_code/rtl/udp_data_tpg.v
HDL-1007 : analyze verilog file ../../source_code/rtl/UDP_Example_Top.v
HDL-1007 : undeclared symbol 'video_clk', assumed default net type 'wire' in ../../source_code/rtl/UDP_Example_Top.v(226)
HDL-1007 : undeclared symbol 'hdmi_5x_clk', assumed default net type 'wire' in ../../source_code/rtl/UDP_Example_Top.v(227)
HDL-1007 : undeclared symbol 'phy_reset', assumed default net type 'wire' in ../../source_code/rtl/UDP_Example_Top.v(435)
HDL-5333 WARNING: data object 'rst_n' is already declared in ../../source_code/rtl/UDP_Example_Top.v(482)
HDL-1007 : previous declaration of 'rst_n' is from here in ../../source_code/rtl/UDP_Example_Top.v(246)
HDL-5007 WARNING: second declaration of 'rst_n' is ignored in ../../source_code/rtl/UDP_Example_Top.v(482)
HDL-1007 : undeclared symbol 'tpg_data_done', assumed default net type 'wire' in ../../source_code/rtl/UDP_Example_Top.v(590)
HDL-1007 : undeclared symbol 'vga_out_de', assumed default net type 'wire' in ../../source_code/rtl/UDP_Example_Top.v(615)
HDL-1007 : undeclared symbol 'hs', assumed default net type 'wire' in ../../source_code/rtl/UDP_Example_Top.v(665)
HDL-1007 : undeclared symbol 'vs', assumed default net type 'wire' in ../../source_code/rtl/UDP_Example_Top.v(666)
HDL-1007 : undeclared symbol 'de', assumed default net type 'wire' in ../../source_code/rtl/UDP_Example_Top.v(667)
HDL-1007 : analyze verilog file ../../source_code/rtl/udp_ip_protocol_stack_merge.enc.v
HDL-1007 : back to file '../../source_code/rtl/udp_ip_protocol_stack_merge.enc.v' in ../../source_code/rtl/udp_ip_protocol_stack_merge.enc.v(56)
HDL-1007 : undeclared symbol '**', assumed default net type '**' in ../../source_code/rtl/udp_ip_protocol_stack_merge.enc.v(2638)
HDL-1007 : back to file '../../source_code/rtl/udp_ip_protocol_stack_merge.enc.v' in ../../source_code/rtl/udp_ip_protocol_stack_merge.enc.v(420)
HDL-1007 : analyze verilog file ../../source_code/rtl/udp_loopback.v
HDL-1007 : analyze verilog file ../../source_code/rtl/sdr/rtl/app_wrrd.v
HDL-1007 : analyze included file ../../source_code/rtl/sdr/rtl/../include/global_def.v in ../../source_code/rtl/sdr/rtl/app_wrrd.v(10)
HDL-1007 : back to file '../../source_code/rtl/sdr/rtl/app_wrrd.v' in ../../source_code/rtl/sdr/rtl/app_wrrd.v(10)
HDL-5372 WARNING: redeclaration of ANSI port 'full_flag' is not allowed in ../../source_code/rtl/sdr/rtl/app_wrrd.v(61)
HDL-1007 : undeclared symbol 'afull', assumed default net type 'wire' in ../../source_code/rtl/sdr/rtl/app_wrrd.v(74)
HDL-1007 : undeclared symbol 'aempty', assumed default net type 'wire' in ../../source_code/rtl/sdr/rtl/app_wrrd.v(75)
HDL-1007 : undeclared symbol 'wrusedw', assumed default net type 'wire' in ../../source_code/rtl/sdr/rtl/app_wrrd.v(76)
HDL-5333 WARNING: data object 'w_addr_cnt' is already declared in ../../source_code/rtl/sdr/rtl/app_wrrd.v(139)
HDL-1007 : previous declaration of 'w_addr_cnt' is from here in ../../source_code/rtl/sdr/rtl/app_wrrd.v(38)
HDL-5007 WARNING: second declaration of 'w_addr_cnt' is ignored in ../../source_code/rtl/sdr/rtl/app_wrrd.v(139)
HDL-1007 : analyze verilog file ../../source_code/rtl/sdr/rtl/sdram_top.v
HDL-1007 : analyze included file ../../source_code/rtl/sdr/rtl/../include/global_def.v in ../../source_code/rtl/sdr/rtl/sdram_top.v(10)
HDL-1007 : back to file '../../source_code/rtl/sdr/rtl/sdram_top.v' in ../../source_code/rtl/sdr/rtl/sdram_top.v(10)
HDL-1007 : undeclared symbol 'Rst_n', assumed default net type 'wire' in ../../source_code/rtl/sdr/rtl/sdram_top.v(70)
HDL-5372 WARNING: redeclaration of ANSI port 'wr_done' is not allowed in ../../source_code/rtl/sdr/rtl/sdram_top.v(73)
HDL-1007 : undeclared symbol 'SDR_CKE', assumed default net type 'wire' in ../../source_code/rtl/sdr/rtl/sdram_top.v(132)
HDL-1007 : analyze verilog file ../../source_code/rtl/sd/sd_ctrl_top.v
HDL-1007 : analyze verilog file ../../source_code/rtl/sd/sd_init.v
HDL-1007 : analyze verilog file ../../source_code/rtl/sd/sd_read.v
HDL-1007 : analyze verilog file ../../source_code/rtl/sd/sd_read_photo.v
HDL-1007 : analyze verilog file ../../source_code/rtl/sdr/rtl/enc_file/sdr_as_ram.enc.v
HDL-1007 : back to file '../../source_code/rtl/sdr/rtl/enc_file/sdr_as_ram.enc.v' in ../../source_code/rtl/sdr/rtl/enc_file/sdr_as_ram.enc.v(45)
HDL-1007 : analyze verilog file ../../source_code/rtl/sdr/rtl/enc_file/sdr_init_ref.enc.v
HDL-1007 : undeclared symbol '**', assumed default net type '**' in ../../source_code/rtl/sdr/rtl/enc_file/sdr_init_ref.enc.v(57)
HDL-1007 : back to file '../../source_code/rtl/sdr/rtl/enc_file/sdr_init_ref.enc.v' in ../../source_code/rtl/sdr/rtl/enc_file/sdr_init_ref.enc.v(148)
HDL-5007 WARNING: concatenation with an unsized literal will be treated as 32 bits in ../../source_code/rtl/sdr/rtl/enc_file/sdr_init_ref.enc.v(47)
HDL-1007 : analyze verilog file ../../source_code/rtl/sdr/rtl/enc_file/sdr_wrrd.enc.v
HDL-5007 WARNING: concatenation with an unsized literal will be treated as 32 bits in ../../source_code/rtl/sdr/rtl/enc_file/sdr_wrrd.enc.v(283)
HDL-1007 : back to file '../../source_code/rtl/sdr/rtl/enc_file/sdr_wrrd.enc.v' in ../../source_code/rtl/sdr/rtl/enc_file/sdr_wrrd.enc.v(19)
HDL-1007 : analyze verilog file ../../source_code/rtl/camera_data_gen.v
HDL-1007 : analyze verilog file ../../source_code/rtl/ov5640/ov5640_dri.v
HDL-1007 : analyze verilog file ../../source_code/rtl/ov5640/ov5640_delay.v
HDL-1007 : analyze verilog file ../../source_code/rtl/ov5640/i2c_ov5640_rgb565_cfg.v
HDL-1007 : analyze verilog file ../../source_code/rtl/ov5640/i2c_dri.v
HDL-1007 : analyze verilog file ../../source_code/rtl/ov5640/cmos_capture_data.v
HDL-1007 : analyze verilog file ../../source_code/rtl/sdram_write_static_sel.v
HDL-1007 : analyze verilog file ../../source_code/rtl/uart/cmd_ctrl.v
HDL-1007 : analyze verilog file ../../source_code/rtl/uart/uart_rx.v
HDL-1007 : analyze verilog file ../../source_code/rtl/uart/uart_test.v
HDL-1007 : analyze verilog file ../../source_code/rtl/uart/uart_tx.v
HDL-1007 : analyze verilog file ../../source_code/rtl/display/video_delay.v
HDL-1007 : analyze verilog file ../../source_code/rtl/display/video_timing_data.v
HDL-1007 : analyze verilog file ../../source_code/rtl/sdram_read_align.v
HDL-1007 : analyze VHDL file ../../source_code/rtl/hdmi/hdmi_tx.vhd
HDL-1007 : analyze entity hdmi_tx in ../../source_code/rtl/hdmi/hdmi_tx.vhd(11)
HDL-1007 : analyze architecture behavioral in ../../source_code/rtl/hdmi/hdmi_tx.vhd(33)
HDL-1007 : analyze verilog file ../../source_code/rtl/sd/sd_card_ctrl.v
HDL-1007 : analyze VHDL file ../../source_code/rtl/hdmi/enc_file/DVITransmitter.enc.vhd
HDL-1007 : analyze entity dvitransmitter in ../../source_code/rtl/hdmi/enc_file/DVITransmitter.enc.vhd(13)
HDL-1007 : analyze architecture ** in ../../source_code/rtl/hdmi/enc_file/DVITransmitter.enc.vhd(2)
HDL-1007 : analyze VHDL file ../../source_code/rtl/hdmi/enc_file/SerializerN_1_lvds.enc.vhd
HDL-1007 : analyze entity ** in ../../source_code/rtl/hdmi/enc_file/SerializerN_1_lvds.enc.vhd(12)
HDL-1007 : analyze architecture ** in ../../source_code/rtl/hdmi/enc_file/SerializerN_1_lvds.enc.vhd(25)
HDL-1007 : analyze VHDL file ../../source_code/rtl/hdmi/enc_file/SerializerN_1_lvds_dat.enc.vhd
HDL-1007 : analyze entity ** in ../../source_code/rtl/hdmi/enc_file/SerializerN_1_lvds_dat.enc.vhd(14)
HDL-1007 : analyze architecture ** in ../../source_code/rtl/hdmi/enc_file/SerializerN_1_lvds_dat.enc.vhd(28)
HDL-1007 : analyze VHDL file ../../source_code/rtl/hdmi/enc_file/TMDSEncoder.enc.vhd
HDL-1007 : analyze entity ** in ../../source_code/rtl/hdmi/enc_file/TMDSEncoder.enc.vhd(13)
HDL-1007 : analyze architecture ** in ../../source_code/rtl/hdmi/enc_file/TMDSEncoder.enc.vhd(24)
HDL-1007 : analyze verilog file ../../source_code/rtl/display/color_bar.v
HDL-1007 : analyze included file ../../source_code/rtl/display/video_define.v in ../../source_code/rtl/display/color_bar.v(1)
HDL-1007 : back to file '../../source_code/rtl/display/color_bar.v' in ../../source_code/rtl/display/color_bar.v(1)
PRJ-1412 : reset_run syn_1 phy_1.
PRJ-1409 : launch_runs syn_1 phy_1  -jobs 6.
PRJ-5303 WARNING: Run syn_1 failed.
RUN-1002 : start command "save_best_bits"
RUN-1002 : start command "commit_param -step design"
RUN-1001 : Print Global Property
RUN-1001 : --------------------------------------------------------
RUN-1001 :   Parameters   |  Settings  |  Default Values  |  Note  
RUN-1001 : --------------------------------------------------------
RUN-1001 :   enable_seed  |    off     |       off        |        
RUN-1001 :     message    |  standard  |     standard     |        
RUN-1001 :   qor_monitor  |     on     |        on        |        
RUN-1001 :   syn_ip_flow  |    off     |       off        |        
RUN-1001 :     thread     |    auto    |       auto       |        
RUN-1001 : --------------------------------------------------------
RUN-1001 : Print Design Property
RUN-1001 : ----------------------------------------------------------------
RUN-1001 :       Parameters       |  Settings  |  Default Values  |  Note  
RUN-1001 : ----------------------------------------------------------------
RUN-1001 :   default_reg_initial  |    auto    |       auto       |        
RUN-1001 :    hdl_warning_level   |   normal   |      normal      |        
RUN-1001 : ----------------------------------------------------------------
HDL-1007 : analyze verilog file al_ip/TEMAC_CORE/RTL/mac_core_aead6cd6dadd.v
HDL-1007 : analyze verilog file al_ip/TEMAC_CORE/RTL/TEMAC_CORE_aead6cd6dadd.v
HDL-5007 WARNING: column 1032 exceeds maximum value 1023 in al_ip/TEMAC_CORE/RTL/TEMAC_CORE_aead6cd6dadd.v(30)
HDL-1007 : back to file 'al_ip/TEMAC_CORE/RTL/TEMAC_CORE_aead6cd6dadd.v' in al_ip/TEMAC_CORE/RTL/TEMAC_CORE_aead6cd6dadd.v(86)
HDL-5007 WARNING: event expressions must result in a singular type in al_ip/TEMAC_CORE/RTL/TEMAC_CORE_aead6cd6dadd.v(3001)
HDL-1007 : undeclared symbol '**', assumed default net type '**' in al_ip/TEMAC_CORE/RTL/TEMAC_CORE_aead6cd6dadd.v(5050)
HDL-1007 : undeclared symbol '**', assumed default net type '**' in al_ip/TEMAC_CORE/RTL/TEMAC_CORE_aead6cd6dadd.v(5458)
HDL-5007 WARNING: column 1035 exceeds maximum value 1023 in al_ip/TEMAC_CORE/RTL/TEMAC_CORE_aead6cd6dadd.v(6001)
HDL-1007 : back to file 'al_ip/TEMAC_CORE/RTL/TEMAC_CORE_aead6cd6dadd.v' in al_ip/TEMAC_CORE/RTL/TEMAC_CORE_aead6cd6dadd.v(260)
HDL-1007 : analyze verilog file al_ip/TEMAC_CORE/TEMAC_CORE.v
HDL-1007 : analyze verilog file al_ip/clk_pll.v
HDL-1007 : undeclared symbol 'clk_pll_open0', assumed default net type 'wire' in al_ip/clk_pll.v(92)
HDL-1007 : undeclared symbol 'clk_pll_open8', assumed default net type 'wire' in al_ip/clk_pll.v(98)
HDL-1007 : undeclared symbol 'clk_pll_open7', assumed default net type 'wire' in al_ip/clk_pll.v(98)
HDL-1007 : undeclared symbol 'clk_pll_open6', assumed default net type 'wire' in al_ip/clk_pll.v(98)
HDL-1007 : undeclared symbol 'clk_pll_open5', assumed default net type 'wire' in al_ip/clk_pll.v(98)
HDL-1007 : undeclared symbol 'clk_pll_open4', assumed default net type 'wire' in al_ip/clk_pll.v(98)
HDL-1007 : undeclared symbol 'clk_pll_open3', assumed default net type 'wire' in al_ip/clk_pll.v(98)
HDL-1007 : undeclared symbol 'clk_pll_open2', assumed default net type 'wire' in al_ip/clk_pll.v(98)
HDL-1007 : undeclared symbol 'clk_pll_open1', assumed default net type 'wire' in al_ip/clk_pll.v(98)
HDL-1007 : undeclared symbol 'clk_pll_open9', assumed default net type 'wire' in al_ip/clk_pll.v(100)
HDL-1007 : analyze verilog file al_ip/fifo_sdr_data_2.v
HDL-1007 : analyze verilog file al_ip/pll_50.v
HDL-1007 : undeclared symbol 'open', assumed default net type 'wire' in al_ip/pll_50.v(85)
HDL-1007 : analyze verilog file al_ip/pll_gen.v
HDL-1007 : undeclared symbol 'pll_gen_open0', assumed default net type 'wire' in al_ip/pll_gen.v(99)
HDL-1007 : undeclared symbol 'pll_gen_open8', assumed default net type 'wire' in al_ip/pll_gen.v(105)
HDL-1007 : undeclared symbol 'pll_gen_open7', assumed default net type 'wire' in al_ip/pll_gen.v(105)
HDL-1007 : undeclared symbol 'pll_gen_open6', assumed default net type 'wire' in al_ip/pll_gen.v(105)
HDL-1007 : undeclared symbol 'pll_gen_open5', assumed default net type 'wire' in al_ip/pll_gen.v(105)
HDL-1007 : undeclared symbol 'pll_gen_open4', assumed default net type 'wire' in al_ip/pll_gen.v(105)
HDL-1007 : undeclared symbol 'pll_gen_open3', assumed default net type 'wire' in al_ip/pll_gen.v(105)
HDL-1007 : undeclared symbol 'pll_gen_open2', assumed default net type 'wire' in al_ip/pll_gen.v(105)
HDL-1007 : undeclared symbol 'pll_gen_open1', assumed default net type 'wire' in al_ip/pll_gen.v(105)
HDL-1007 : analyze verilog file al_ip/rx_pll.v
HDL-1007 : undeclared symbol 'open', assumed default net type 'wire' in al_ip/rx_pll.v(78)
HDL-1007 : analyze verilog file al_ip/video_pll.v
HDL-1007 : undeclared symbol 'video_pll_open0', assumed default net type 'wire' in al_ip/video_pll.v(70)
HDL-1007 : undeclared symbol 'video_pll_open1', assumed default net type 'wire' in al_ip/video_pll.v(76)
HDL-1007 : undeclared symbol 'video_pll_open9', assumed default net type 'wire' in al_ip/video_pll.v(82)
HDL-1007 : undeclared symbol 'video_pll_open8', assumed default net type 'wire' in al_ip/video_pll.v(82)
HDL-1007 : undeclared symbol 'video_pll_open7', assumed default net type 'wire' in al_ip/video_pll.v(82)
HDL-1007 : undeclared symbol 'video_pll_open6', assumed default net type 'wire' in al_ip/video_pll.v(82)
HDL-1007 : undeclared symbol 'video_pll_open5', assumed default net type 'wire' in al_ip/video_pll.v(82)
HDL-1007 : undeclared symbol 'video_pll_open4', assumed default net type 'wire' in al_ip/video_pll.v(82)
HDL-1007 : undeclared symbol 'video_pll_open3', assumed default net type 'wire' in al_ip/video_pll.v(82)
HDL-1007 : undeclared symbol 'video_pll_open2', assumed default net type 'wire' in al_ip/video_pll.v(82)
HDL-1007 : undeclared symbol 'video_pll_open12', assumed default net type 'wire' in al_ip/video_pll.v(84)
HDL-1007 : undeclared symbol 'video_pll_open11', assumed default net type 'wire' in al_ip/video_pll.v(84)
HDL-1007 : undeclared symbol 'video_pll_open10', assumed default net type 'wire' in al_ip/video_pll.v(84)
HDL-1007 : analyze verilog file ../../source_code/rtl/BUFGMUX.v
HDL-1007 : analyze verilog file ../../source_code/rtl/clk_gen_rst_gen.v
HDL-1007 : analyze verilog file ../../source_code/rtl/div_clk_gen.v
HDL-1007 : analyze verilog file ../../source_code/rtl/IDDR.v
HDL-1007 : analyze verilog file ../../source_code/rtl/ODDR.v
HDL-1007 : analyze verilog file ../../source_code/rtl/RAMB16_S9_S9.v
HDL-1007 : undeclared symbol 'open', assumed default net type 'wire' in ../../source_code/rtl/RAMB16_S9_S9.v(109)
HDL-1007 : analyze verilog file ../../source_code/rtl/rgmii_interface.v
HDL-1007 : analyze verilog file ../../source_code/rtl/rx_client_fifo.v
HDL-5370 WARNING: parameter 'WAIT_s' becomes localparam in 'rx_client_fifo' with formal parameter declaration list in ../../source_code/rtl/rx_client_fifo.v(49)
HDL-5370 WARNING: parameter 'QUEUE1_s' becomes localparam in 'rx_client_fifo' with formal parameter declaration list in ../../source_code/rtl/rx_client_fifo.v(50)
HDL-5370 WARNING: parameter 'QUEUE2_s' becomes localparam in 'rx_client_fifo' with formal parameter declaration list in ../../source_code/rtl/rx_client_fifo.v(51)
HDL-5370 WARNING: parameter 'QUEUE3_s' becomes localparam in 'rx_client_fifo' with formal parameter declaration list in ../../source_code/rtl/rx_client_fifo.v(52)
HDL-5370 WARNING: parameter 'QUEUE_SOF_s' becomes localparam in 'rx_client_fifo' with formal parameter declaration list in ../../source_code/rtl/rx_client_fifo.v(53)
HDL-5370 WARNING: parameter 'SOF_s' becomes localparam in 'rx_client_fifo' with formal parameter declaration list in ../../source_code/rtl/rx_client_fifo.v(54)
HDL-5370 WARNING: parameter 'DATA_s' becomes localparam in 'rx_client_fifo' with formal parameter declaration list in ../../source_code/rtl/rx_client_fifo.v(55)
HDL-5370 WARNING: parameter 'EOF_s' becomes localparam in 'rx_client_fifo' with formal parameter declaration list in ../../source_code/rtl/rx_client_fifo.v(56)
HDL-5370 WARNING: parameter 'IDLE_s' becomes localparam in 'rx_client_fifo' with formal parameter declaration list in ../../source_code/rtl/rx_client_fifo.v(62)
HDL-5370 WARNING: parameter 'FRAME_s' becomes localparam in 'rx_client_fifo' with formal parameter declaration list in ../../source_code/rtl/rx_client_fifo.v(63)
HDL-5370 Similar messages will be suppressed.
HDL-1007 : analyze verilog file ../../source_code/rtl/temac_block.v
HDL-1007 : analyze verilog file ../../source_code/rtl/temac_clk_gen.v
HDL-1007 : analyze verilog file ../../source_code/rtl/tx_client_fifo.v
HDL-5370 WARNING: parameter 'IDLE_s' becomes localparam in 'tx_client_fifo' with formal parameter declaration list in ../../source_code/rtl/tx_client_fifo.v(53)
HDL-5370 WARNING: parameter 'QUEUE1_s' becomes localparam in 'tx_client_fifo' with formal parameter declaration list in ../../source_code/rtl/tx_client_fifo.v(54)
HDL-5370 WARNING: parameter 'QUEUE2_s' becomes localparam in 'tx_client_fifo' with formal parameter declaration list in ../../source_code/rtl/tx_client_fifo.v(55)
HDL-5370 WARNING: parameter 'QUEUE3_s' becomes localparam in 'tx_client_fifo' with formal parameter declaration list in ../../source_code/rtl/tx_client_fifo.v(56)
HDL-5370 WARNING: parameter 'QUEUE_ACK_s' becomes localparam in 'tx_client_fifo' with formal parameter declaration list in ../../source_code/rtl/tx_client_fifo.v(57)
HDL-5370 WARNING: parameter 'WAIT_ACK_s' becomes localparam in 'tx_client_fifo' with formal parameter declaration list in ../../source_code/rtl/tx_client_fifo.v(58)
HDL-5370 WARNING: parameter 'FRAME_s' becomes localparam in 'tx_client_fifo' with formal parameter declaration list in ../../source_code/rtl/tx_client_fifo.v(59)
HDL-5370 WARNING: parameter 'DROP_s' becomes localparam in 'tx_client_fifo' with formal parameter declaration list in ../../source_code/rtl/tx_client_fifo.v(60)
HDL-5370 WARNING: parameter 'RETRANSMIT_s' becomes localparam in 'tx_client_fifo' with formal parameter declaration list in ../../source_code/rtl/tx_client_fifo.v(61)
HDL-5370 WARNING: parameter 'WAIT_s' becomes localparam in 'tx_client_fifo' with formal parameter declaration list in ../../source_code/rtl/tx_client_fifo.v(67)
HDL-5370 Similar messages will be suppressed.
HDL-1007 : analyze verilog file ../../source_code/rtl/tx_clk_en_gen.v
HDL-1007 : analyze verilog file ../../source_code/rtl/udp_data_tpg.v
HDL-1007 : analyze verilog file ../../source_code/rtl/UDP_Example_Top.v
HDL-1007 : undeclared symbol 'video_clk', assumed default net type 'wire' in ../../source_code/rtl/UDP_Example_Top.v(226)
HDL-1007 : undeclared symbol 'hdmi_5x_clk', assumed default net type 'wire' in ../../source_code/rtl/UDP_Example_Top.v(227)
HDL-1007 : undeclared symbol 'phy_reset', assumed default net type 'wire' in ../../source_code/rtl/UDP_Example_Top.v(435)
HDL-5333 WARNING: data object 'rst_n' is already declared in ../../source_code/rtl/UDP_Example_Top.v(482)
HDL-1007 : previous declaration of 'rst_n' is from here in ../../source_code/rtl/UDP_Example_Top.v(246)
HDL-5007 WARNING: second declaration of 'rst_n' is ignored in ../../source_code/rtl/UDP_Example_Top.v(482)
HDL-1007 : undeclared symbol 'tpg_data_done', assumed default net type 'wire' in ../../source_code/rtl/UDP_Example_Top.v(590)
HDL-1007 : undeclared symbol 'vga_out_de', assumed default net type 'wire' in ../../source_code/rtl/UDP_Example_Top.v(615)
HDL-1007 : undeclared symbol 'hs', assumed default net type 'wire' in ../../source_code/rtl/UDP_Example_Top.v(665)
HDL-1007 : undeclared symbol 'vs', assumed default net type 'wire' in ../../source_code/rtl/UDP_Example_Top.v(666)
HDL-1007 : undeclared symbol 'de', assumed default net type 'wire' in ../../source_code/rtl/UDP_Example_Top.v(667)
HDL-1007 : analyze verilog file ../../source_code/rtl/udp_ip_protocol_stack_merge.enc.v
HDL-1007 : back to file '../../source_code/rtl/udp_ip_protocol_stack_merge.enc.v' in ../../source_code/rtl/udp_ip_protocol_stack_merge.enc.v(56)
HDL-1007 : undeclared symbol '**', assumed default net type '**' in ../../source_code/rtl/udp_ip_protocol_stack_merge.enc.v(2638)
HDL-1007 : back to file '../../source_code/rtl/udp_ip_protocol_stack_merge.enc.v' in ../../source_code/rtl/udp_ip_protocol_stack_merge.enc.v(420)
HDL-1007 : analyze verilog file ../../source_code/rtl/udp_loopback.v
HDL-1007 : analyze verilog file ../../source_code/rtl/sdr/rtl/app_wrrd.v
HDL-1007 : analyze included file ../../source_code/rtl/sdr/rtl/../include/global_def.v in ../../source_code/rtl/sdr/rtl/app_wrrd.v(10)
HDL-1007 : back to file '../../source_code/rtl/sdr/rtl/app_wrrd.v' in ../../source_code/rtl/sdr/rtl/app_wrrd.v(10)
HDL-5372 WARNING: redeclaration of ANSI port 'full_flag' is not allowed in ../../source_code/rtl/sdr/rtl/app_wrrd.v(61)
HDL-1007 : undeclared symbol 'afull', assumed default net type 'wire' in ../../source_code/rtl/sdr/rtl/app_wrrd.v(74)
HDL-1007 : undeclared symbol 'aempty', assumed default net type 'wire' in ../../source_code/rtl/sdr/rtl/app_wrrd.v(75)
HDL-1007 : undeclared symbol 'wrusedw', assumed default net type 'wire' in ../../source_code/rtl/sdr/rtl/app_wrrd.v(76)
HDL-5333 WARNING: data object 'w_addr_cnt' is already declared in ../../source_code/rtl/sdr/rtl/app_wrrd.v(139)
HDL-1007 : previous declaration of 'w_addr_cnt' is from here in ../../source_code/rtl/sdr/rtl/app_wrrd.v(38)
HDL-5007 WARNING: second declaration of 'w_addr_cnt' is ignored in ../../source_code/rtl/sdr/rtl/app_wrrd.v(139)
HDL-1007 : analyze verilog file ../../source_code/rtl/sdr/rtl/sdram_top.v
HDL-1007 : analyze included file ../../source_code/rtl/sdr/rtl/../include/global_def.v in ../../source_code/rtl/sdr/rtl/sdram_top.v(10)
HDL-1007 : back to file '../../source_code/rtl/sdr/rtl/sdram_top.v' in ../../source_code/rtl/sdr/rtl/sdram_top.v(10)
HDL-1007 : undeclared symbol 'Rst_n', assumed default net type 'wire' in ../../source_code/rtl/sdr/rtl/sdram_top.v(70)
HDL-5372 WARNING: redeclaration of ANSI port 'wr_done' is not allowed in ../../source_code/rtl/sdr/rtl/sdram_top.v(73)
HDL-1007 : undeclared symbol 'SDR_CKE', assumed default net type 'wire' in ../../source_code/rtl/sdr/rtl/sdram_top.v(132)
HDL-1007 : analyze verilog file ../../source_code/rtl/sd/sd_ctrl_top.v
HDL-1007 : analyze verilog file ../../source_code/rtl/sd/sd_init.v
HDL-1007 : analyze verilog file ../../source_code/rtl/sd/sd_read.v
HDL-1007 : analyze verilog file ../../source_code/rtl/sd/sd_read_photo.v
HDL-1007 : analyze verilog file ../../source_code/rtl/sdr/rtl/enc_file/sdr_as_ram.enc.v
HDL-1007 : back to file '../../source_code/rtl/sdr/rtl/enc_file/sdr_as_ram.enc.v' in ../../source_code/rtl/sdr/rtl/enc_file/sdr_as_ram.enc.v(45)
HDL-1007 : analyze verilog file ../../source_code/rtl/sdr/rtl/enc_file/sdr_init_ref.enc.v
HDL-1007 : undeclared symbol '**', assumed default net type '**' in ../../source_code/rtl/sdr/rtl/enc_file/sdr_init_ref.enc.v(57)
HDL-1007 : back to file '../../source_code/rtl/sdr/rtl/enc_file/sdr_init_ref.enc.v' in ../../source_code/rtl/sdr/rtl/enc_file/sdr_init_ref.enc.v(148)
HDL-5007 WARNING: concatenation with an unsized literal will be treated as 32 bits in ../../source_code/rtl/sdr/rtl/enc_file/sdr_init_ref.enc.v(47)
HDL-1007 : analyze verilog file ../../source_code/rtl/sdr/rtl/enc_file/sdr_wrrd.enc.v
HDL-5007 WARNING: concatenation with an unsized literal will be treated as 32 bits in ../../source_code/rtl/sdr/rtl/enc_file/sdr_wrrd.enc.v(283)
HDL-1007 : back to file '../../source_code/rtl/sdr/rtl/enc_file/sdr_wrrd.enc.v' in ../../source_code/rtl/sdr/rtl/enc_file/sdr_wrrd.enc.v(19)
HDL-1007 : analyze verilog file ../../source_code/rtl/camera_data_gen.v
HDL-1007 : analyze verilog file ../../source_code/rtl/ov5640/ov5640_dri.v
HDL-1007 : analyze verilog file ../../source_code/rtl/ov5640/ov5640_delay.v
HDL-1007 : analyze verilog file ../../source_code/rtl/ov5640/i2c_ov5640_rgb565_cfg.v
HDL-1007 : analyze verilog file ../../source_code/rtl/ov5640/i2c_dri.v
HDL-1007 : analyze verilog file ../../source_code/rtl/ov5640/cmos_capture_data.v
HDL-1007 : analyze verilog file ../../source_code/rtl/sdram_write_static_sel.v
HDL-1007 : analyze verilog file ../../source_code/rtl/uart/cmd_ctrl.v
HDL-1007 : analyze verilog file ../../source_code/rtl/uart/uart_rx.v
HDL-1007 : analyze verilog file ../../source_code/rtl/uart/uart_test.v
HDL-1007 : analyze verilog file ../../source_code/rtl/uart/uart_tx.v
HDL-1007 : analyze verilog file ../../source_code/rtl/display/video_delay.v
HDL-1007 : analyze verilog file ../../source_code/rtl/display/video_timing_data.v
HDL-1007 : analyze verilog file ../../source_code/rtl/sdram_read_align.v
HDL-1007 : analyze VHDL file ../../source_code/rtl/hdmi/hdmi_tx.vhd
HDL-1007 : analyze entity hdmi_tx in ../../source_code/rtl/hdmi/hdmi_tx.vhd(11)
HDL-1007 : analyze architecture behavioral in ../../source_code/rtl/hdmi/hdmi_tx.vhd(33)
HDL-1007 : analyze verilog file ../../source_code/rtl/sd/sd_card_ctrl.v
HDL-1007 : analyze VHDL file ../../source_code/rtl/hdmi/enc_file/DVITransmitter.enc.vhd
HDL-1007 : analyze entity dvitransmitter in ../../source_code/rtl/hdmi/enc_file/DVITransmitter.enc.vhd(13)
HDL-1007 : analyze architecture ** in ../../source_code/rtl/hdmi/enc_file/DVITransmitter.enc.vhd(2)
HDL-1007 : analyze VHDL file ../../source_code/rtl/hdmi/enc_file/SerializerN_1_lvds.enc.vhd
HDL-1007 : analyze entity ** in ../../source_code/rtl/hdmi/enc_file/SerializerN_1_lvds.enc.vhd(12)
HDL-1007 : analyze architecture ** in ../../source_code/rtl/hdmi/enc_file/SerializerN_1_lvds.enc.vhd(25)
HDL-1007 : analyze VHDL file ../../source_code/rtl/hdmi/enc_file/SerializerN_1_lvds_dat.enc.vhd
HDL-1007 : analyze entity ** in ../../source_code/rtl/hdmi/enc_file/SerializerN_1_lvds_dat.enc.vhd(14)
HDL-1007 : analyze architecture ** in ../../source_code/rtl/hdmi/enc_file/SerializerN_1_lvds_dat.enc.vhd(28)
HDL-1007 : analyze VHDL file ../../source_code/rtl/hdmi/enc_file/TMDSEncoder.enc.vhd
HDL-1007 : analyze entity ** in ../../source_code/rtl/hdmi/enc_file/TMDSEncoder.enc.vhd(13)
HDL-1007 : analyze architecture ** in ../../source_code/rtl/hdmi/enc_file/TMDSEncoder.enc.vhd(24)
HDL-1007 : analyze verilog file ../../source_code/rtl/display/color_bar.v
HDL-1007 : analyze included file ../../source_code/rtl/display/video_define.v in ../../source_code/rtl/display/color_bar.v(1)
HDL-1007 : back to file '../../source_code/rtl/display/color_bar.v' in ../../source_code/rtl/display/color_bar.v(1)
PRJ-1412 : reset_run syn_1 phy_1.
PRJ-1409 : launch_runs syn_1 phy_1  -jobs 6.
PRJ-1410 : Run syn_1 success.
RUN-1002 : start command "save_best_bits"
PRJ-5303 WARNING: Run phy_1 failed.
RUN-1002 : start command "import_db D:/Anlu/double_fpga_udp/tx/sdram_switch/UDP_EG4_6.2/prj/UDP_EXAMPLE/UDP_EXAMPLE_Runs/syn_1/UDP_EXAMPLE_gate.db"
RUN-1001 : Importing database generated by Tang Dynasty, V6.2.168116.
RUN-1001 : Database version number 46207
RUN-1001 : Import flow parameters
RUN-1001 : Import netlist
RUN-1001 : Import timing constraints
RUN-1001 : Import IO constraints
RUN-1001 : Import Inst constraints
RUN-1001 : Import ChipWatcher
RUN-1001 : Import design success TD_VERSION=6.2.168116 , DB_VERSION=46207
PRJ-1412 : reset_run syn_1 phy_1.
PRJ-1409 : launch_runs syn_1 phy_1  -jobs 6.
PRJ-1410 : Run syn_1 success.
PRJ-1410 : Run phy_1 success.
RUN-1002 : start command "save_best_bits"
PRJ-1424 : The implemented result of phy_1 is saved as best result.
RUN-1002 : start command "import_db D:/Anlu/double_fpga_udp/tx/sdram_switch/UDP_EG4_6.2/prj/UDP_EXAMPLE/UDP_EXAMPLE_Runs/phy_1/UDP_EXAMPLE_pr.db"
RUN-1001 : Importing database generated by Tang Dynasty, V6.2.168116.
RUN-1001 : Database version number 46207
RUN-1001 : Import flow parameters
RUN-1001 : Import netlist
PHY-1001 : Generate detailed routing grids ...
PHY-1001 : End build routing graph; 1.010960s wall, 0.968750s user + 0.250000s system = 1.218750s CPU (120.6%)

PHY-1001 : Processed IO instance sd_miso_syn_4 with INV attribute.
PHY-1001 : Build lut bridge;  0.183681s wall, 0.203125s user + 0.000000s system = 0.203125s CPU (110.6%)

PHY-1001 : Generate nets ...
PHY-1001 : net cam_pclk_dup_1 will be routed on clock mesh
PHY-1001 : net clk_50_dup_1 will be routed on clock mesh
PHY-1001 : net clk_50m_180deg will be routed on clock mesh
PHY-1001 : clock net temac_clk will be merged with clock u_clk_gen/u_pll_0/clk0_buf
PHY-1001 : net temac_clk90 will be routed on clock mesh
PHY-1001 : net udp_clk will be routed on clock mesh
PHY-1001 : clock net t3_sdram/u0_clk/clk0_out will be merged with clock t3_sdram/u0_clk/clk0_buf
PHY-1001 : net t3_sdram/u1_app_wrrd/clk will be routed on clock mesh
PHY-1001 : net t3_sdram/u1_app_wrrd/sd_clk will be routed on clock mesh
PHY-1001 : net t3_sdram/u2_ram/SDRAM_CLK will be routed on clock mesh
PHY-1001 : clock net u_sd_ctrl_top/u_sd_init/div_clk_syn_4 will be merged with clock u_sd_ctrl_top/u_sd_init/div_clk
PHY-1001 : clock net u_ov5640_dri/u_i2c_dr/dri_clk_syn_4 will be merged with clock u_ov5640_dri/u_i2c_dr/dri_clk
PHY-1001 : clock net u3_hdmi_tx/Inst_DVITransmitter/PCLK_I will be merged with clock video_pll_m0/clk0_buf
PHY-1001 : net u3_hdmi_tx/Inst_DVITransmitter/PCLK_X5_I will be routed on clock mesh
PHY-1001 : clock net u_sdram_write_sel/clk_cfg will be merged with clock u_pll_50/clk0_buf
PHY-1001 : eco open net = 0
PHY-1001 : 250 feed throughs used by 196 nets
RUN-1001 : Import phy database
RUN-1001 : Import timing constraints
RUN-1001 : Import IO constraints
RUN-1001 : Import Inst constraints
RUN-1001 : Import ChipWatcher
RUN-1001 : Import design success TD_VERSION=6.2.168116 , DB_VERSION=46207
RUN-1003 : finish command "import_db D:/Anlu/double_fpga_udp/tx/sdram_switch/UDP_EG4_6.2/prj/UDP_EXAMPLE/UDP_EXAMPLE_Runs/phy_1/UDP_EXAMPLE_pr.db" in  4.575582s wall, 4.640625s user + 0.515625s system = 5.156250s CPU (112.7%)

RUN-1004 : used memory is 721 MB, reserved memory is 792 MB, peak memory is 756 MB
RUN-1002 : start command "commit_param -step design"
RUN-1001 : Print Global Property
RUN-1001 : --------------------------------------------------------
RUN-1001 :   Parameters   |  Settings  |  Default Values  |  Note  
RUN-1001 : --------------------------------------------------------
RUN-1001 :   enable_seed  |    off     |       off        |        
RUN-1001 :     message    |  standard  |     standard     |        
RUN-1001 :   qor_monitor  |     on     |        on        |        
RUN-1001 :   syn_ip_flow  |    off     |       off        |        
RUN-1001 :     thread     |    auto    |       auto       |        
RUN-1001 : --------------------------------------------------------
RUN-1001 : Print Design Property
RUN-1001 : ----------------------------------------------------------------
RUN-1001 :       Parameters       |  Settings  |  Default Values  |  Note  
RUN-1001 : ----------------------------------------------------------------
RUN-1001 :   default_reg_initial  |    auto    |       auto       |        
RUN-1001 :    hdl_warning_level   |   normal   |      normal      |        
RUN-1001 : ----------------------------------------------------------------
HDL-1007 : analyze verilog file al_ip/TEMAC_CORE/RTL/mac_core_aead6cd6dadd.v
HDL-1007 : analyze verilog file al_ip/TEMAC_CORE/RTL/TEMAC_CORE_aead6cd6dadd.v
HDL-5007 WARNING: column 1032 exceeds maximum value 1023 in al_ip/TEMAC_CORE/RTL/TEMAC_CORE_aead6cd6dadd.v(30)
HDL-1007 : back to file 'al_ip/TEMAC_CORE/RTL/TEMAC_CORE_aead6cd6dadd.v' in al_ip/TEMAC_CORE/RTL/TEMAC_CORE_aead6cd6dadd.v(86)
HDL-5007 WARNING: event expressions must result in a singular type in al_ip/TEMAC_CORE/RTL/TEMAC_CORE_aead6cd6dadd.v(3001)
HDL-1007 : undeclared symbol '**', assumed default net type '**' in al_ip/TEMAC_CORE/RTL/TEMAC_CORE_aead6cd6dadd.v(5050)
HDL-1007 : undeclared symbol '**', assumed default net type '**' in al_ip/TEMAC_CORE/RTL/TEMAC_CORE_aead6cd6dadd.v(5458)
HDL-5007 WARNING: column 1035 exceeds maximum value 1023 in al_ip/TEMAC_CORE/RTL/TEMAC_CORE_aead6cd6dadd.v(6001)
HDL-1007 : back to file 'al_ip/TEMAC_CORE/RTL/TEMAC_CORE_aead6cd6dadd.v' in al_ip/TEMAC_CORE/RTL/TEMAC_CORE_aead6cd6dadd.v(260)
HDL-1007 : analyze verilog file al_ip/TEMAC_CORE/TEMAC_CORE.v
HDL-1007 : analyze verilog file al_ip/clk_pll.v
HDL-1007 : undeclared symbol 'clk_pll_open0', assumed default net type 'wire' in al_ip/clk_pll.v(92)
HDL-1007 : undeclared symbol 'clk_pll_open8', assumed default net type 'wire' in al_ip/clk_pll.v(98)
HDL-1007 : undeclared symbol 'clk_pll_open7', assumed default net type 'wire' in al_ip/clk_pll.v(98)
HDL-1007 : undeclared symbol 'clk_pll_open6', assumed default net type 'wire' in al_ip/clk_pll.v(98)
HDL-1007 : undeclared symbol 'clk_pll_open5', assumed default net type 'wire' in al_ip/clk_pll.v(98)
HDL-1007 : undeclared symbol 'clk_pll_open4', assumed default net type 'wire' in al_ip/clk_pll.v(98)
HDL-1007 : undeclared symbol 'clk_pll_open3', assumed default net type 'wire' in al_ip/clk_pll.v(98)
HDL-1007 : undeclared symbol 'clk_pll_open2', assumed default net type 'wire' in al_ip/clk_pll.v(98)
HDL-1007 : undeclared symbol 'clk_pll_open1', assumed default net type 'wire' in al_ip/clk_pll.v(98)
HDL-1007 : undeclared symbol 'clk_pll_open9', assumed default net type 'wire' in al_ip/clk_pll.v(100)
HDL-1007 : analyze verilog file al_ip/fifo_sdr_data_2.v
HDL-1007 : analyze verilog file al_ip/pll_50.v
HDL-1007 : undeclared symbol 'open', assumed default net type 'wire' in al_ip/pll_50.v(85)
HDL-1007 : analyze verilog file al_ip/pll_gen.v
HDL-1007 : undeclared symbol 'pll_gen_open0', assumed default net type 'wire' in al_ip/pll_gen.v(99)
HDL-1007 : undeclared symbol 'pll_gen_open8', assumed default net type 'wire' in al_ip/pll_gen.v(105)
HDL-1007 : undeclared symbol 'pll_gen_open7', assumed default net type 'wire' in al_ip/pll_gen.v(105)
HDL-1007 : undeclared symbol 'pll_gen_open6', assumed default net type 'wire' in al_ip/pll_gen.v(105)
HDL-1007 : undeclared symbol 'pll_gen_open5', assumed default net type 'wire' in al_ip/pll_gen.v(105)
HDL-1007 : undeclared symbol 'pll_gen_open4', assumed default net type 'wire' in al_ip/pll_gen.v(105)
HDL-1007 : undeclared symbol 'pll_gen_open3', assumed default net type 'wire' in al_ip/pll_gen.v(105)
HDL-1007 : undeclared symbol 'pll_gen_open2', assumed default net type 'wire' in al_ip/pll_gen.v(105)
HDL-1007 : undeclared symbol 'pll_gen_open1', assumed default net type 'wire' in al_ip/pll_gen.v(105)
HDL-1007 : analyze verilog file al_ip/rx_pll.v
HDL-1007 : undeclared symbol 'open', assumed default net type 'wire' in al_ip/rx_pll.v(78)
HDL-1007 : analyze verilog file al_ip/video_pll.v
HDL-1007 : undeclared symbol 'video_pll_open0', assumed default net type 'wire' in al_ip/video_pll.v(70)
HDL-1007 : undeclared symbol 'video_pll_open1', assumed default net type 'wire' in al_ip/video_pll.v(76)
HDL-1007 : undeclared symbol 'video_pll_open9', assumed default net type 'wire' in al_ip/video_pll.v(82)
HDL-1007 : undeclared symbol 'video_pll_open8', assumed default net type 'wire' in al_ip/video_pll.v(82)
HDL-1007 : undeclared symbol 'video_pll_open7', assumed default net type 'wire' in al_ip/video_pll.v(82)
HDL-1007 : undeclared symbol 'video_pll_open6', assumed default net type 'wire' in al_ip/video_pll.v(82)
HDL-1007 : undeclared symbol 'video_pll_open5', assumed default net type 'wire' in al_ip/video_pll.v(82)
HDL-1007 : undeclared symbol 'video_pll_open4', assumed default net type 'wire' in al_ip/video_pll.v(82)
HDL-1007 : undeclared symbol 'video_pll_open3', assumed default net type 'wire' in al_ip/video_pll.v(82)
HDL-1007 : undeclared symbol 'video_pll_open2', assumed default net type 'wire' in al_ip/video_pll.v(82)
HDL-1007 : undeclared symbol 'video_pll_open12', assumed default net type 'wire' in al_ip/video_pll.v(84)
HDL-1007 : undeclared symbol 'video_pll_open11', assumed default net type 'wire' in al_ip/video_pll.v(84)
HDL-1007 : undeclared symbol 'video_pll_open10', assumed default net type 'wire' in al_ip/video_pll.v(84)
HDL-1007 : analyze verilog file ../../source_code/rtl/BUFGMUX.v
HDL-1007 : analyze verilog file ../../source_code/rtl/clk_gen_rst_gen.v
HDL-1007 : analyze verilog file ../../source_code/rtl/div_clk_gen.v
HDL-1007 : analyze verilog file ../../source_code/rtl/IDDR.v
HDL-1007 : analyze verilog file ../../source_code/rtl/ODDR.v
HDL-1007 : analyze verilog file ../../source_code/rtl/RAMB16_S9_S9.v
HDL-1007 : undeclared symbol 'open', assumed default net type 'wire' in ../../source_code/rtl/RAMB16_S9_S9.v(109)
HDL-1007 : analyze verilog file ../../source_code/rtl/rgmii_interface.v
HDL-1007 : analyze verilog file ../../source_code/rtl/rx_client_fifo.v
HDL-5370 WARNING: parameter 'WAIT_s' becomes localparam in 'rx_client_fifo' with formal parameter declaration list in ../../source_code/rtl/rx_client_fifo.v(49)
HDL-5370 WARNING: parameter 'QUEUE1_s' becomes localparam in 'rx_client_fifo' with formal parameter declaration list in ../../source_code/rtl/rx_client_fifo.v(50)
HDL-5370 WARNING: parameter 'QUEUE2_s' becomes localparam in 'rx_client_fifo' with formal parameter declaration list in ../../source_code/rtl/rx_client_fifo.v(51)
HDL-5370 WARNING: parameter 'QUEUE3_s' becomes localparam in 'rx_client_fifo' with formal parameter declaration list in ../../source_code/rtl/rx_client_fifo.v(52)
HDL-5370 WARNING: parameter 'QUEUE_SOF_s' becomes localparam in 'rx_client_fifo' with formal parameter declaration list in ../../source_code/rtl/rx_client_fifo.v(53)
HDL-5370 WARNING: parameter 'SOF_s' becomes localparam in 'rx_client_fifo' with formal parameter declaration list in ../../source_code/rtl/rx_client_fifo.v(54)
HDL-5370 WARNING: parameter 'DATA_s' becomes localparam in 'rx_client_fifo' with formal parameter declaration list in ../../source_code/rtl/rx_client_fifo.v(55)
HDL-5370 WARNING: parameter 'EOF_s' becomes localparam in 'rx_client_fifo' with formal parameter declaration list in ../../source_code/rtl/rx_client_fifo.v(56)
HDL-5370 WARNING: parameter 'IDLE_s' becomes localparam in 'rx_client_fifo' with formal parameter declaration list in ../../source_code/rtl/rx_client_fifo.v(62)
HDL-5370 WARNING: parameter 'FRAME_s' becomes localparam in 'rx_client_fifo' with formal parameter declaration list in ../../source_code/rtl/rx_client_fifo.v(63)
HDL-5370 Similar messages will be suppressed.
HDL-1007 : analyze verilog file ../../source_code/rtl/temac_block.v
HDL-1007 : analyze verilog file ../../source_code/rtl/temac_clk_gen.v
HDL-1007 : analyze verilog file ../../source_code/rtl/tx_client_fifo.v
HDL-5370 WARNING: parameter 'IDLE_s' becomes localparam in 'tx_client_fifo' with formal parameter declaration list in ../../source_code/rtl/tx_client_fifo.v(53)
HDL-5370 WARNING: parameter 'QUEUE1_s' becomes localparam in 'tx_client_fifo' with formal parameter declaration list in ../../source_code/rtl/tx_client_fifo.v(54)
HDL-5370 WARNING: parameter 'QUEUE2_s' becomes localparam in 'tx_client_fifo' with formal parameter declaration list in ../../source_code/rtl/tx_client_fifo.v(55)
HDL-5370 WARNING: parameter 'QUEUE3_s' becomes localparam in 'tx_client_fifo' with formal parameter declaration list in ../../source_code/rtl/tx_client_fifo.v(56)
HDL-5370 WARNING: parameter 'QUEUE_ACK_s' becomes localparam in 'tx_client_fifo' with formal parameter declaration list in ../../source_code/rtl/tx_client_fifo.v(57)
HDL-5370 WARNING: parameter 'WAIT_ACK_s' becomes localparam in 'tx_client_fifo' with formal parameter declaration list in ../../source_code/rtl/tx_client_fifo.v(58)
HDL-5370 WARNING: parameter 'FRAME_s' becomes localparam in 'tx_client_fifo' with formal parameter declaration list in ../../source_code/rtl/tx_client_fifo.v(59)
HDL-5370 WARNING: parameter 'DROP_s' becomes localparam in 'tx_client_fifo' with formal parameter declaration list in ../../source_code/rtl/tx_client_fifo.v(60)
HDL-5370 WARNING: parameter 'RETRANSMIT_s' becomes localparam in 'tx_client_fifo' with formal parameter declaration list in ../../source_code/rtl/tx_client_fifo.v(61)
HDL-5370 WARNING: parameter 'WAIT_s' becomes localparam in 'tx_client_fifo' with formal parameter declaration list in ../../source_code/rtl/tx_client_fifo.v(67)
HDL-5370 Similar messages will be suppressed.
HDL-1007 : analyze verilog file ../../source_code/rtl/tx_clk_en_gen.v
HDL-1007 : analyze verilog file ../../source_code/rtl/udp_data_tpg.v
HDL-1007 : analyze verilog file ../../source_code/rtl/UDP_Example_Top.v
HDL-1007 : undeclared symbol 'video_clk', assumed default net type 'wire' in ../../source_code/rtl/UDP_Example_Top.v(226)
HDL-1007 : undeclared symbol 'hdmi_5x_clk', assumed default net type 'wire' in ../../source_code/rtl/UDP_Example_Top.v(227)
HDL-1007 : undeclared symbol 'phy_reset', assumed default net type 'wire' in ../../source_code/rtl/UDP_Example_Top.v(435)
HDL-5333 WARNING: data object 'rst_n' is already declared in ../../source_code/rtl/UDP_Example_Top.v(482)
HDL-1007 : previous declaration of 'rst_n' is from here in ../../source_code/rtl/UDP_Example_Top.v(246)
HDL-5007 WARNING: second declaration of 'rst_n' is ignored in ../../source_code/rtl/UDP_Example_Top.v(482)
HDL-1007 : undeclared symbol 'tpg_data_done', assumed default net type 'wire' in ../../source_code/rtl/UDP_Example_Top.v(590)
HDL-1007 : undeclared symbol 'vga_out_de', assumed default net type 'wire' in ../../source_code/rtl/UDP_Example_Top.v(615)
HDL-1007 : undeclared symbol 'hs', assumed default net type 'wire' in ../../source_code/rtl/UDP_Example_Top.v(665)
HDL-1007 : undeclared symbol 'vs', assumed default net type 'wire' in ../../source_code/rtl/UDP_Example_Top.v(666)
HDL-1007 : undeclared symbol 'de', assumed default net type 'wire' in ../../source_code/rtl/UDP_Example_Top.v(667)
HDL-1007 : analyze verilog file ../../source_code/rtl/udp_ip_protocol_stack_merge.enc.v
HDL-1007 : back to file '../../source_code/rtl/udp_ip_protocol_stack_merge.enc.v' in ../../source_code/rtl/udp_ip_protocol_stack_merge.enc.v(56)
HDL-1007 : undeclared symbol '**', assumed default net type '**' in ../../source_code/rtl/udp_ip_protocol_stack_merge.enc.v(2638)
HDL-1007 : back to file '../../source_code/rtl/udp_ip_protocol_stack_merge.enc.v' in ../../source_code/rtl/udp_ip_protocol_stack_merge.enc.v(420)
HDL-1007 : analyze verilog file ../../source_code/rtl/udp_loopback.v
HDL-1007 : analyze verilog file ../../source_code/rtl/sdr/rtl/app_wrrd.v
HDL-1007 : analyze included file ../../source_code/rtl/sdr/rtl/../include/global_def.v in ../../source_code/rtl/sdr/rtl/app_wrrd.v(10)
HDL-1007 : back to file '../../source_code/rtl/sdr/rtl/app_wrrd.v' in ../../source_code/rtl/sdr/rtl/app_wrrd.v(10)
HDL-5372 WARNING: redeclaration of ANSI port 'full_flag' is not allowed in ../../source_code/rtl/sdr/rtl/app_wrrd.v(61)
HDL-1007 : undeclared symbol 'afull', assumed default net type 'wire' in ../../source_code/rtl/sdr/rtl/app_wrrd.v(74)
HDL-1007 : undeclared symbol 'aempty', assumed default net type 'wire' in ../../source_code/rtl/sdr/rtl/app_wrrd.v(75)
HDL-1007 : undeclared symbol 'wrusedw', assumed default net type 'wire' in ../../source_code/rtl/sdr/rtl/app_wrrd.v(76)
HDL-5333 WARNING: data object 'w_addr_cnt' is already declared in ../../source_code/rtl/sdr/rtl/app_wrrd.v(139)
HDL-1007 : previous declaration of 'w_addr_cnt' is from here in ../../source_code/rtl/sdr/rtl/app_wrrd.v(38)
HDL-5007 WARNING: second declaration of 'w_addr_cnt' is ignored in ../../source_code/rtl/sdr/rtl/app_wrrd.v(139)
HDL-1007 : analyze verilog file ../../source_code/rtl/sdr/rtl/sdram_top.v
HDL-1007 : analyze included file ../../source_code/rtl/sdr/rtl/../include/global_def.v in ../../source_code/rtl/sdr/rtl/sdram_top.v(10)
HDL-1007 : back to file '../../source_code/rtl/sdr/rtl/sdram_top.v' in ../../source_code/rtl/sdr/rtl/sdram_top.v(10)
HDL-1007 : undeclared symbol 'Rst_n', assumed default net type 'wire' in ../../source_code/rtl/sdr/rtl/sdram_top.v(70)
HDL-5372 WARNING: redeclaration of ANSI port 'wr_done' is not allowed in ../../source_code/rtl/sdr/rtl/sdram_top.v(73)
HDL-1007 : undeclared symbol 'SDR_CKE', assumed default net type 'wire' in ../../source_code/rtl/sdr/rtl/sdram_top.v(132)
HDL-1007 : analyze verilog file ../../source_code/rtl/sd/sd_ctrl_top.v
HDL-1007 : analyze verilog file ../../source_code/rtl/sd/sd_init.v
HDL-1007 : analyze verilog file ../../source_code/rtl/sd/sd_read.v
HDL-1007 : analyze verilog file ../../source_code/rtl/sd/sd_read_photo.v
HDL-1007 : analyze verilog file ../../source_code/rtl/sdr/rtl/enc_file/sdr_as_ram.enc.v
HDL-1007 : back to file '../../source_code/rtl/sdr/rtl/enc_file/sdr_as_ram.enc.v' in ../../source_code/rtl/sdr/rtl/enc_file/sdr_as_ram.enc.v(45)
HDL-1007 : analyze verilog file ../../source_code/rtl/sdr/rtl/enc_file/sdr_init_ref.enc.v
HDL-1007 : undeclared symbol '**', assumed default net type '**' in ../../source_code/rtl/sdr/rtl/enc_file/sdr_init_ref.enc.v(57)
HDL-1007 : back to file '../../source_code/rtl/sdr/rtl/enc_file/sdr_init_ref.enc.v' in ../../source_code/rtl/sdr/rtl/enc_file/sdr_init_ref.enc.v(148)
HDL-5007 WARNING: concatenation with an unsized literal will be treated as 32 bits in ../../source_code/rtl/sdr/rtl/enc_file/sdr_init_ref.enc.v(47)
HDL-1007 : analyze verilog file ../../source_code/rtl/sdr/rtl/enc_file/sdr_wrrd.enc.v
HDL-5007 WARNING: concatenation with an unsized literal will be treated as 32 bits in ../../source_code/rtl/sdr/rtl/enc_file/sdr_wrrd.enc.v(283)
HDL-1007 : back to file '../../source_code/rtl/sdr/rtl/enc_file/sdr_wrrd.enc.v' in ../../source_code/rtl/sdr/rtl/enc_file/sdr_wrrd.enc.v(19)
HDL-1007 : analyze verilog file ../../source_code/rtl/camera_data_gen.v
HDL-1007 : analyze verilog file ../../source_code/rtl/ov5640/ov5640_dri.v
HDL-1007 : analyze verilog file ../../source_code/rtl/ov5640/ov5640_delay.v
HDL-1007 : analyze verilog file ../../source_code/rtl/ov5640/i2c_ov5640_rgb565_cfg.v
HDL-1007 : analyze verilog file ../../source_code/rtl/ov5640/i2c_dri.v
HDL-1007 : analyze verilog file ../../source_code/rtl/ov5640/cmos_capture_data.v
HDL-1007 : analyze verilog file ../../source_code/rtl/sdram_write_static_sel.v
HDL-1007 : analyze verilog file ../../source_code/rtl/uart/cmd_ctrl.v
HDL-1007 : analyze verilog file ../../source_code/rtl/uart/uart_rx.v
HDL-1007 : analyze verilog file ../../source_code/rtl/uart/uart_test.v
HDL-1007 : analyze verilog file ../../source_code/rtl/uart/uart_tx.v
HDL-1007 : analyze verilog file ../../source_code/rtl/display/video_delay.v
HDL-1007 : analyze verilog file ../../source_code/rtl/display/video_timing_data.v
HDL-1007 : analyze verilog file ../../source_code/rtl/sdram_read_align.v
HDL-1007 : analyze VHDL file ../../source_code/rtl/hdmi/hdmi_tx.vhd
HDL-1007 : analyze entity hdmi_tx in ../../source_code/rtl/hdmi/hdmi_tx.vhd(11)
HDL-1007 : analyze architecture behavioral in ../../source_code/rtl/hdmi/hdmi_tx.vhd(33)
HDL-1007 : analyze verilog file ../../source_code/rtl/sd/sd_card_ctrl.v
HDL-1007 : analyze VHDL file ../../source_code/rtl/hdmi/enc_file/DVITransmitter.enc.vhd
HDL-1007 : analyze entity dvitransmitter in ../../source_code/rtl/hdmi/enc_file/DVITransmitter.enc.vhd(13)
HDL-1007 : analyze architecture ** in ../../source_code/rtl/hdmi/enc_file/DVITransmitter.enc.vhd(2)
HDL-1007 : analyze VHDL file ../../source_code/rtl/hdmi/enc_file/SerializerN_1_lvds.enc.vhd
HDL-1007 : analyze entity ** in ../../source_code/rtl/hdmi/enc_file/SerializerN_1_lvds.enc.vhd(12)
HDL-1007 : analyze architecture ** in ../../source_code/rtl/hdmi/enc_file/SerializerN_1_lvds.enc.vhd(25)
HDL-1007 : analyze VHDL file ../../source_code/rtl/hdmi/enc_file/SerializerN_1_lvds_dat.enc.vhd
HDL-1007 : analyze entity ** in ../../source_code/rtl/hdmi/enc_file/SerializerN_1_lvds_dat.enc.vhd(14)
HDL-1007 : analyze architecture ** in ../../source_code/rtl/hdmi/enc_file/SerializerN_1_lvds_dat.enc.vhd(28)
HDL-1007 : analyze VHDL file ../../source_code/rtl/hdmi/enc_file/TMDSEncoder.enc.vhd
HDL-1007 : analyze entity ** in ../../source_code/rtl/hdmi/enc_file/TMDSEncoder.enc.vhd(13)
HDL-1007 : analyze architecture ** in ../../source_code/rtl/hdmi/enc_file/TMDSEncoder.enc.vhd(24)
HDL-1007 : analyze verilog file ../../source_code/rtl/display/color_bar.v
HDL-1007 : analyze included file ../../source_code/rtl/display/video_define.v in ../../source_code/rtl/display/color_bar.v(1)
HDL-1007 : back to file '../../source_code/rtl/display/color_bar.v' in ../../source_code/rtl/display/color_bar.v(1)
PRJ-1412 : reset_run syn_1 phy_1.
PRJ-1409 : launch_runs syn_1 phy_1  -jobs 6.
PRJ-1410 : Run syn_1 success.
PRJ-1410 : Run phy_1 success.
RUN-1002 : start command "save_best_bits"
PRJ-1424 : The implemented result of phy_1 is saved as best result.
RUN-1002 : start command "import_db D:/Anlu/double_fpga_udp/tx/sdram_switch/UDP_EG4_6.2/prj/UDP_EXAMPLE/UDP_EXAMPLE_Runs/phy_1/UDP_EXAMPLE_pr.db"
RUN-1001 : Importing database generated by Tang Dynasty, V6.2.168116.
RUN-1001 : Database version number 46207
RUN-1001 : Import flow parameters
RUN-1001 : Import netlist
PHY-1001 : Generate detailed routing grids ...
PHY-1001 : End build routing graph; 1.187096s wall, 1.093750s user + 0.156250s system = 1.250000s CPU (105.3%)

PHY-1001 : Processed IO instance sd_miso_syn_4 with INV attribute.
PHY-1001 : Build lut bridge;  0.171769s wall, 0.187500s user + 0.015625s system = 0.203125s CPU (118.3%)

PHY-1001 : Generate nets ...
PHY-1001 : net cam_pclk_dup_1 will be routed on clock mesh
PHY-1001 : net clk_50_dup_1 will be routed on clock mesh
PHY-1001 : net clk_50m_180deg will be routed on clock mesh
PHY-1001 : clock net temac_clk will be merged with clock u_clk_gen/u_pll_0/clk0_buf
PHY-1001 : net temac_clk90 will be routed on clock mesh
PHY-1001 : net udp_clk will be routed on clock mesh
PHY-1001 : clock net t3_sdram/u0_clk/clk0_out will be merged with clock t3_sdram/u0_clk/clk0_buf
PHY-1001 : net t3_sdram/u1_app_wrrd/clk will be routed on clock mesh
PHY-1001 : net t3_sdram/u1_app_wrrd/sd_clk will be routed on clock mesh
PHY-1001 : net t3_sdram/u2_ram/SDRAM_CLK will be routed on clock mesh
PHY-1001 : clock net u_sd_ctrl_top/u_sd_init/div_clk_syn_4 will be merged with clock u_sd_ctrl_top/u_sd_init/div_clk
PHY-1001 : clock net u_ov5640_dri/u_i2c_dr/dri_clk_syn_4 will be merged with clock u_ov5640_dri/u_i2c_dr/dri_clk
PHY-1001 : clock net u3_hdmi_tx/Inst_DVITransmitter/PCLK_I will be merged with clock video_pll_m0/clk0_buf
PHY-1001 : net u3_hdmi_tx/Inst_DVITransmitter/PCLK_X5_I will be routed on clock mesh
PHY-1001 : clock net u_sdram_write_sel/clk_cfg will be merged with clock u_pll_50/clk0_buf
PHY-1001 : eco open net = 0
PHY-1001 : 191 feed throughs used by 155 nets
RUN-1001 : Import phy database
RUN-1001 : Import timing constraints
RUN-1001 : Import IO constraints
RUN-1001 : Import Inst constraints
RUN-1001 : Import ChipWatcher
RUN-1001 : Import design success TD_VERSION=6.2.168116 , DB_VERSION=46207
RUN-1003 : finish command "import_db D:/Anlu/double_fpga_udp/tx/sdram_switch/UDP_EG4_6.2/prj/UDP_EXAMPLE/UDP_EXAMPLE_Runs/phy_1/UDP_EXAMPLE_pr.db" in  5.197546s wall, 4.765625s user + 0.812500s system = 5.578125s CPU (107.3%)

RUN-1004 : used memory is 724 MB, reserved memory is 799 MB, peak memory is 758 MB
RUN-1002 : start command "commit_param -step design"
RUN-1001 : Print Global Property
RUN-1001 : --------------------------------------------------------
RUN-1001 :   Parameters   |  Settings  |  Default Values  |  Note  
RUN-1001 : --------------------------------------------------------
RUN-1001 :   enable_seed  |    off     |       off        |        
RUN-1001 :     message    |  standard  |     standard     |        
RUN-1001 :   qor_monitor  |     on     |        on        |        
RUN-1001 :   syn_ip_flow  |    off     |       off        |        
RUN-1001 :     thread     |    auto    |       auto       |        
RUN-1001 : --------------------------------------------------------
RUN-1001 : Print Design Property
RUN-1001 : ----------------------------------------------------------------
RUN-1001 :       Parameters       |  Settings  |  Default Values  |  Note  
RUN-1001 : ----------------------------------------------------------------
RUN-1001 :   default_reg_initial  |    auto    |       auto       |        
RUN-1001 :    hdl_warning_level   |   normal   |      normal      |        
RUN-1001 : ----------------------------------------------------------------
HDL-1007 : analyze verilog file al_ip/TEMAC_CORE/RTL/mac_core_aead6cd6dadd.v
HDL-1007 : analyze verilog file al_ip/TEMAC_CORE/RTL/TEMAC_CORE_aead6cd6dadd.v
HDL-5007 WARNING: column 1032 exceeds maximum value 1023 in al_ip/TEMAC_CORE/RTL/TEMAC_CORE_aead6cd6dadd.v(30)
HDL-1007 : back to file 'al_ip/TEMAC_CORE/RTL/TEMAC_CORE_aead6cd6dadd.v' in al_ip/TEMAC_CORE/RTL/TEMAC_CORE_aead6cd6dadd.v(86)
HDL-5007 WARNING: event expressions must result in a singular type in al_ip/TEMAC_CORE/RTL/TEMAC_CORE_aead6cd6dadd.v(3001)
HDL-1007 : undeclared symbol '**', assumed default net type '**' in al_ip/TEMAC_CORE/RTL/TEMAC_CORE_aead6cd6dadd.v(5050)
HDL-1007 : undeclared symbol '**', assumed default net type '**' in al_ip/TEMAC_CORE/RTL/TEMAC_CORE_aead6cd6dadd.v(5458)
HDL-5007 WARNING: column 1035 exceeds maximum value 1023 in al_ip/TEMAC_CORE/RTL/TEMAC_CORE_aead6cd6dadd.v(6001)
HDL-1007 : back to file 'al_ip/TEMAC_CORE/RTL/TEMAC_CORE_aead6cd6dadd.v' in al_ip/TEMAC_CORE/RTL/TEMAC_CORE_aead6cd6dadd.v(260)
HDL-1007 : analyze verilog file al_ip/TEMAC_CORE/TEMAC_CORE.v
HDL-1007 : analyze verilog file al_ip/clk_pll.v
HDL-1007 : undeclared symbol 'clk_pll_open0', assumed default net type 'wire' in al_ip/clk_pll.v(92)
HDL-1007 : undeclared symbol 'clk_pll_open8', assumed default net type 'wire' in al_ip/clk_pll.v(98)
HDL-1007 : undeclared symbol 'clk_pll_open7', assumed default net type 'wire' in al_ip/clk_pll.v(98)
HDL-1007 : undeclared symbol 'clk_pll_open6', assumed default net type 'wire' in al_ip/clk_pll.v(98)
HDL-1007 : undeclared symbol 'clk_pll_open5', assumed default net type 'wire' in al_ip/clk_pll.v(98)
HDL-1007 : undeclared symbol 'clk_pll_open4', assumed default net type 'wire' in al_ip/clk_pll.v(98)
HDL-1007 : undeclared symbol 'clk_pll_open3', assumed default net type 'wire' in al_ip/clk_pll.v(98)
HDL-1007 : undeclared symbol 'clk_pll_open2', assumed default net type 'wire' in al_ip/clk_pll.v(98)
HDL-1007 : undeclared symbol 'clk_pll_open1', assumed default net type 'wire' in al_ip/clk_pll.v(98)
HDL-1007 : undeclared symbol 'clk_pll_open9', assumed default net type 'wire' in al_ip/clk_pll.v(100)
HDL-1007 : analyze verilog file al_ip/fifo_sdr_data_2.v
HDL-1007 : analyze verilog file al_ip/pll_50.v
HDL-1007 : undeclared symbol 'open', assumed default net type 'wire' in al_ip/pll_50.v(85)
HDL-1007 : analyze verilog file al_ip/pll_gen.v
HDL-1007 : undeclared symbol 'pll_gen_open0', assumed default net type 'wire' in al_ip/pll_gen.v(99)
HDL-1007 : undeclared symbol 'pll_gen_open8', assumed default net type 'wire' in al_ip/pll_gen.v(105)
HDL-1007 : undeclared symbol 'pll_gen_open7', assumed default net type 'wire' in al_ip/pll_gen.v(105)
HDL-1007 : undeclared symbol 'pll_gen_open6', assumed default net type 'wire' in al_ip/pll_gen.v(105)
HDL-1007 : undeclared symbol 'pll_gen_open5', assumed default net type 'wire' in al_ip/pll_gen.v(105)
HDL-1007 : undeclared symbol 'pll_gen_open4', assumed default net type 'wire' in al_ip/pll_gen.v(105)
HDL-1007 : undeclared symbol 'pll_gen_open3', assumed default net type 'wire' in al_ip/pll_gen.v(105)
HDL-1007 : undeclared symbol 'pll_gen_open2', assumed default net type 'wire' in al_ip/pll_gen.v(105)
HDL-1007 : undeclared symbol 'pll_gen_open1', assumed default net type 'wire' in al_ip/pll_gen.v(105)
HDL-1007 : analyze verilog file al_ip/rx_pll.v
HDL-1007 : undeclared symbol 'open', assumed default net type 'wire' in al_ip/rx_pll.v(78)
HDL-1007 : analyze verilog file al_ip/video_pll.v
HDL-1007 : undeclared symbol 'video_pll_open0', assumed default net type 'wire' in al_ip/video_pll.v(70)
HDL-1007 : undeclared symbol 'video_pll_open1', assumed default net type 'wire' in al_ip/video_pll.v(76)
HDL-1007 : undeclared symbol 'video_pll_open9', assumed default net type 'wire' in al_ip/video_pll.v(82)
HDL-1007 : undeclared symbol 'video_pll_open8', assumed default net type 'wire' in al_ip/video_pll.v(82)
HDL-1007 : undeclared symbol 'video_pll_open7', assumed default net type 'wire' in al_ip/video_pll.v(82)
HDL-1007 : undeclared symbol 'video_pll_open6', assumed default net type 'wire' in al_ip/video_pll.v(82)
HDL-1007 : undeclared symbol 'video_pll_open5', assumed default net type 'wire' in al_ip/video_pll.v(82)
HDL-1007 : undeclared symbol 'video_pll_open4', assumed default net type 'wire' in al_ip/video_pll.v(82)
HDL-1007 : undeclared symbol 'video_pll_open3', assumed default net type 'wire' in al_ip/video_pll.v(82)
HDL-1007 : undeclared symbol 'video_pll_open2', assumed default net type 'wire' in al_ip/video_pll.v(82)
HDL-1007 : undeclared symbol 'video_pll_open12', assumed default net type 'wire' in al_ip/video_pll.v(84)
HDL-1007 : undeclared symbol 'video_pll_open11', assumed default net type 'wire' in al_ip/video_pll.v(84)
HDL-1007 : undeclared symbol 'video_pll_open10', assumed default net type 'wire' in al_ip/video_pll.v(84)
HDL-1007 : analyze verilog file ../../source_code/rtl/BUFGMUX.v
HDL-1007 : analyze verilog file ../../source_code/rtl/clk_gen_rst_gen.v
HDL-1007 : analyze verilog file ../../source_code/rtl/div_clk_gen.v
HDL-1007 : analyze verilog file ../../source_code/rtl/IDDR.v
HDL-1007 : analyze verilog file ../../source_code/rtl/ODDR.v
HDL-1007 : analyze verilog file ../../source_code/rtl/RAMB16_S9_S9.v
HDL-1007 : undeclared symbol 'open', assumed default net type 'wire' in ../../source_code/rtl/RAMB16_S9_S9.v(109)
HDL-1007 : analyze verilog file ../../source_code/rtl/rgmii_interface.v
HDL-1007 : analyze verilog file ../../source_code/rtl/rx_client_fifo.v
HDL-5370 WARNING: parameter 'WAIT_s' becomes localparam in 'rx_client_fifo' with formal parameter declaration list in ../../source_code/rtl/rx_client_fifo.v(49)
HDL-5370 WARNING: parameter 'QUEUE1_s' becomes localparam in 'rx_client_fifo' with formal parameter declaration list in ../../source_code/rtl/rx_client_fifo.v(50)
HDL-5370 WARNING: parameter 'QUEUE2_s' becomes localparam in 'rx_client_fifo' with formal parameter declaration list in ../../source_code/rtl/rx_client_fifo.v(51)
HDL-5370 WARNING: parameter 'QUEUE3_s' becomes localparam in 'rx_client_fifo' with formal parameter declaration list in ../../source_code/rtl/rx_client_fifo.v(52)
HDL-5370 WARNING: parameter 'QUEUE_SOF_s' becomes localparam in 'rx_client_fifo' with formal parameter declaration list in ../../source_code/rtl/rx_client_fifo.v(53)
HDL-5370 WARNING: parameter 'SOF_s' becomes localparam in 'rx_client_fifo' with formal parameter declaration list in ../../source_code/rtl/rx_client_fifo.v(54)
HDL-5370 WARNING: parameter 'DATA_s' becomes localparam in 'rx_client_fifo' with formal parameter declaration list in ../../source_code/rtl/rx_client_fifo.v(55)
HDL-5370 WARNING: parameter 'EOF_s' becomes localparam in 'rx_client_fifo' with formal parameter declaration list in ../../source_code/rtl/rx_client_fifo.v(56)
HDL-5370 WARNING: parameter 'IDLE_s' becomes localparam in 'rx_client_fifo' with formal parameter declaration list in ../../source_code/rtl/rx_client_fifo.v(62)
HDL-5370 WARNING: parameter 'FRAME_s' becomes localparam in 'rx_client_fifo' with formal parameter declaration list in ../../source_code/rtl/rx_client_fifo.v(63)
HDL-5370 Similar messages will be suppressed.
HDL-1007 : analyze verilog file ../../source_code/rtl/temac_block.v
HDL-1007 : analyze verilog file ../../source_code/rtl/temac_clk_gen.v
HDL-1007 : analyze verilog file ../../source_code/rtl/tx_client_fifo.v
HDL-5370 WARNING: parameter 'IDLE_s' becomes localparam in 'tx_client_fifo' with formal parameter declaration list in ../../source_code/rtl/tx_client_fifo.v(53)
HDL-5370 WARNING: parameter 'QUEUE1_s' becomes localparam in 'tx_client_fifo' with formal parameter declaration list in ../../source_code/rtl/tx_client_fifo.v(54)
HDL-5370 WARNING: parameter 'QUEUE2_s' becomes localparam in 'tx_client_fifo' with formal parameter declaration list in ../../source_code/rtl/tx_client_fifo.v(55)
HDL-5370 WARNING: parameter 'QUEUE3_s' becomes localparam in 'tx_client_fifo' with formal parameter declaration list in ../../source_code/rtl/tx_client_fifo.v(56)
HDL-5370 WARNING: parameter 'QUEUE_ACK_s' becomes localparam in 'tx_client_fifo' with formal parameter declaration list in ../../source_code/rtl/tx_client_fifo.v(57)
HDL-5370 WARNING: parameter 'WAIT_ACK_s' becomes localparam in 'tx_client_fifo' with formal parameter declaration list in ../../source_code/rtl/tx_client_fifo.v(58)
HDL-5370 WARNING: parameter 'FRAME_s' becomes localparam in 'tx_client_fifo' with formal parameter declaration list in ../../source_code/rtl/tx_client_fifo.v(59)
HDL-5370 WARNING: parameter 'DROP_s' becomes localparam in 'tx_client_fifo' with formal parameter declaration list in ../../source_code/rtl/tx_client_fifo.v(60)
HDL-5370 WARNING: parameter 'RETRANSMIT_s' becomes localparam in 'tx_client_fifo' with formal parameter declaration list in ../../source_code/rtl/tx_client_fifo.v(61)
HDL-5370 WARNING: parameter 'WAIT_s' becomes localparam in 'tx_client_fifo' with formal parameter declaration list in ../../source_code/rtl/tx_client_fifo.v(67)
HDL-5370 Similar messages will be suppressed.
HDL-1007 : analyze verilog file ../../source_code/rtl/tx_clk_en_gen.v
HDL-1007 : analyze verilog file ../../source_code/rtl/udp_data_tpg.v
HDL-1007 : analyze verilog file ../../source_code/rtl/UDP_Example_Top.v
HDL-1007 : undeclared symbol 'video_clk', assumed default net type 'wire' in ../../source_code/rtl/UDP_Example_Top.v(226)
HDL-1007 : undeclared symbol 'hdmi_5x_clk', assumed default net type 'wire' in ../../source_code/rtl/UDP_Example_Top.v(227)
HDL-1007 : undeclared symbol 'phy_reset', assumed default net type 'wire' in ../../source_code/rtl/UDP_Example_Top.v(435)
HDL-5333 WARNING: data object 'rst_n' is already declared in ../../source_code/rtl/UDP_Example_Top.v(482)
HDL-1007 : previous declaration of 'rst_n' is from here in ../../source_code/rtl/UDP_Example_Top.v(246)
HDL-5007 WARNING: second declaration of 'rst_n' is ignored in ../../source_code/rtl/UDP_Example_Top.v(482)
HDL-1007 : undeclared symbol 'tpg_data_done', assumed default net type 'wire' in ../../source_code/rtl/UDP_Example_Top.v(590)
HDL-1007 : undeclared symbol 'vga_out_de', assumed default net type 'wire' in ../../source_code/rtl/UDP_Example_Top.v(615)
HDL-1007 : undeclared symbol 'hs', assumed default net type 'wire' in ../../source_code/rtl/UDP_Example_Top.v(665)
HDL-1007 : undeclared symbol 'vs', assumed default net type 'wire' in ../../source_code/rtl/UDP_Example_Top.v(666)
HDL-1007 : undeclared symbol 'de', assumed default net type 'wire' in ../../source_code/rtl/UDP_Example_Top.v(667)
HDL-1007 : analyze verilog file ../../source_code/rtl/udp_ip_protocol_stack_merge.enc.v
HDL-1007 : back to file '../../source_code/rtl/udp_ip_protocol_stack_merge.enc.v' in ../../source_code/rtl/udp_ip_protocol_stack_merge.enc.v(56)
HDL-1007 : undeclared symbol '**', assumed default net type '**' in ../../source_code/rtl/udp_ip_protocol_stack_merge.enc.v(2638)
HDL-1007 : back to file '../../source_code/rtl/udp_ip_protocol_stack_merge.enc.v' in ../../source_code/rtl/udp_ip_protocol_stack_merge.enc.v(420)
HDL-1007 : analyze verilog file ../../source_code/rtl/udp_loopback.v
HDL-1007 : analyze verilog file ../../source_code/rtl/sdr/rtl/app_wrrd.v
HDL-1007 : analyze included file ../../source_code/rtl/sdr/rtl/../include/global_def.v in ../../source_code/rtl/sdr/rtl/app_wrrd.v(10)
HDL-1007 : back to file '../../source_code/rtl/sdr/rtl/app_wrrd.v' in ../../source_code/rtl/sdr/rtl/app_wrrd.v(10)
HDL-5372 WARNING: redeclaration of ANSI port 'full_flag' is not allowed in ../../source_code/rtl/sdr/rtl/app_wrrd.v(61)
HDL-1007 : undeclared symbol 'afull', assumed default net type 'wire' in ../../source_code/rtl/sdr/rtl/app_wrrd.v(74)
HDL-1007 : undeclared symbol 'aempty', assumed default net type 'wire' in ../../source_code/rtl/sdr/rtl/app_wrrd.v(75)
HDL-1007 : undeclared symbol 'wrusedw', assumed default net type 'wire' in ../../source_code/rtl/sdr/rtl/app_wrrd.v(76)
HDL-5333 WARNING: data object 'w_addr_cnt' is already declared in ../../source_code/rtl/sdr/rtl/app_wrrd.v(139)
HDL-1007 : previous declaration of 'w_addr_cnt' is from here in ../../source_code/rtl/sdr/rtl/app_wrrd.v(38)
HDL-5007 WARNING: second declaration of 'w_addr_cnt' is ignored in ../../source_code/rtl/sdr/rtl/app_wrrd.v(139)
HDL-1007 : analyze verilog file ../../source_code/rtl/sdr/rtl/sdram_top.v
HDL-1007 : analyze included file ../../source_code/rtl/sdr/rtl/../include/global_def.v in ../../source_code/rtl/sdr/rtl/sdram_top.v(10)
HDL-1007 : back to file '../../source_code/rtl/sdr/rtl/sdram_top.v' in ../../source_code/rtl/sdr/rtl/sdram_top.v(10)
HDL-1007 : undeclared symbol 'Rst_n', assumed default net type 'wire' in ../../source_code/rtl/sdr/rtl/sdram_top.v(70)
HDL-5372 WARNING: redeclaration of ANSI port 'wr_done' is not allowed in ../../source_code/rtl/sdr/rtl/sdram_top.v(73)
HDL-1007 : undeclared symbol 'SDR_CKE', assumed default net type 'wire' in ../../source_code/rtl/sdr/rtl/sdram_top.v(132)
HDL-1007 : analyze verilog file ../../source_code/rtl/sd/sd_ctrl_top.v
HDL-1007 : analyze verilog file ../../source_code/rtl/sd/sd_init.v
HDL-1007 : analyze verilog file ../../source_code/rtl/sd/sd_read.v
HDL-1007 : analyze verilog file ../../source_code/rtl/sd/sd_read_photo.v
HDL-1007 : analyze verilog file ../../source_code/rtl/sdr/rtl/enc_file/sdr_as_ram.enc.v
HDL-1007 : back to file '../../source_code/rtl/sdr/rtl/enc_file/sdr_as_ram.enc.v' in ../../source_code/rtl/sdr/rtl/enc_file/sdr_as_ram.enc.v(45)
HDL-1007 : analyze verilog file ../../source_code/rtl/sdr/rtl/enc_file/sdr_init_ref.enc.v
HDL-1007 : undeclared symbol '**', assumed default net type '**' in ../../source_code/rtl/sdr/rtl/enc_file/sdr_init_ref.enc.v(57)
HDL-1007 : back to file '../../source_code/rtl/sdr/rtl/enc_file/sdr_init_ref.enc.v' in ../../source_code/rtl/sdr/rtl/enc_file/sdr_init_ref.enc.v(148)
HDL-5007 WARNING: concatenation with an unsized literal will be treated as 32 bits in ../../source_code/rtl/sdr/rtl/enc_file/sdr_init_ref.enc.v(47)
HDL-1007 : analyze verilog file ../../source_code/rtl/sdr/rtl/enc_file/sdr_wrrd.enc.v
HDL-5007 WARNING: concatenation with an unsized literal will be treated as 32 bits in ../../source_code/rtl/sdr/rtl/enc_file/sdr_wrrd.enc.v(283)
HDL-1007 : back to file '../../source_code/rtl/sdr/rtl/enc_file/sdr_wrrd.enc.v' in ../../source_code/rtl/sdr/rtl/enc_file/sdr_wrrd.enc.v(19)
HDL-1007 : analyze verilog file ../../source_code/rtl/camera_data_gen.v
HDL-1007 : analyze verilog file ../../source_code/rtl/ov5640/ov5640_dri.v
HDL-1007 : analyze verilog file ../../source_code/rtl/ov5640/ov5640_delay.v
HDL-1007 : analyze verilog file ../../source_code/rtl/ov5640/i2c_ov5640_rgb565_cfg.v
HDL-1007 : analyze verilog file ../../source_code/rtl/ov5640/i2c_dri.v
HDL-1007 : analyze verilog file ../../source_code/rtl/ov5640/cmos_capture_data.v
HDL-1007 : analyze verilog file ../../source_code/rtl/sdram_write_static_sel.v
HDL-1007 : analyze verilog file ../../source_code/rtl/uart/cmd_ctrl.v
HDL-1007 : analyze verilog file ../../source_code/rtl/uart/uart_rx.v
HDL-1007 : analyze verilog file ../../source_code/rtl/uart/uart_test.v
HDL-1007 : analyze verilog file ../../source_code/rtl/uart/uart_tx.v
HDL-1007 : analyze verilog file ../../source_code/rtl/display/video_delay.v
HDL-1007 : analyze verilog file ../../source_code/rtl/display/video_timing_data.v
HDL-1007 : analyze verilog file ../../source_code/rtl/sdram_read_align.v
HDL-1007 : analyze VHDL file ../../source_code/rtl/hdmi/hdmi_tx.vhd
HDL-1007 : analyze entity hdmi_tx in ../../source_code/rtl/hdmi/hdmi_tx.vhd(11)
HDL-1007 : analyze architecture behavioral in ../../source_code/rtl/hdmi/hdmi_tx.vhd(33)
HDL-1007 : analyze verilog file ../../source_code/rtl/sd/sd_card_ctrl.v
HDL-1007 : analyze VHDL file ../../source_code/rtl/hdmi/enc_file/DVITransmitter.enc.vhd
HDL-1007 : analyze entity dvitransmitter in ../../source_code/rtl/hdmi/enc_file/DVITransmitter.enc.vhd(13)
HDL-1007 : analyze architecture ** in ../../source_code/rtl/hdmi/enc_file/DVITransmitter.enc.vhd(2)
HDL-1007 : analyze VHDL file ../../source_code/rtl/hdmi/enc_file/SerializerN_1_lvds.enc.vhd
HDL-1007 : analyze entity ** in ../../source_code/rtl/hdmi/enc_file/SerializerN_1_lvds.enc.vhd(12)
HDL-1007 : analyze architecture ** in ../../source_code/rtl/hdmi/enc_file/SerializerN_1_lvds.enc.vhd(25)
HDL-1007 : analyze VHDL file ../../source_code/rtl/hdmi/enc_file/SerializerN_1_lvds_dat.enc.vhd
HDL-1007 : analyze entity ** in ../../source_code/rtl/hdmi/enc_file/SerializerN_1_lvds_dat.enc.vhd(14)
HDL-1007 : analyze architecture ** in ../../source_code/rtl/hdmi/enc_file/SerializerN_1_lvds_dat.enc.vhd(28)
HDL-1007 : analyze VHDL file ../../source_code/rtl/hdmi/enc_file/TMDSEncoder.enc.vhd
HDL-1007 : analyze entity ** in ../../source_code/rtl/hdmi/enc_file/TMDSEncoder.enc.vhd(13)
HDL-1007 : analyze architecture ** in ../../source_code/rtl/hdmi/enc_file/TMDSEncoder.enc.vhd(24)
HDL-1007 : analyze verilog file ../../source_code/rtl/display/color_bar.v
HDL-1007 : analyze included file ../../source_code/rtl/display/video_define.v in ../../source_code/rtl/display/color_bar.v(1)
HDL-1007 : back to file '../../source_code/rtl/display/color_bar.v' in ../../source_code/rtl/display/color_bar.v(1)
PRJ-1412 : reset_run syn_1 phy_1.
PRJ-1409 : launch_runs syn_1 phy_1  -jobs 6.
PRJ-1410 : Run syn_1 success.
PRJ-1410 : Run phy_1 success.
RUN-1002 : start command "save_best_bits"
PRJ-1424 : The implemented result of phy_1 is saved as best result.
RUN-1002 : start command "import_db D:/Anlu/double_fpga_udp/tx/sdram_switch/UDP_EG4_6.2/prj/UDP_EXAMPLE/UDP_EXAMPLE_Runs/phy_1/UDP_EXAMPLE_pr.db"
RUN-1001 : Importing database generated by Tang Dynasty, V6.2.168116.
RUN-1001 : Database version number 46207
RUN-1001 : Import flow parameters
RUN-1001 : Import netlist
PHY-1001 : Generate detailed routing grids ...
PHY-1001 : End build routing graph; 1.178826s wall, 1.000000s user + 0.218750s system = 1.218750s CPU (103.4%)

PHY-1001 : Processed IO instance sd_miso_syn_4 with INV attribute.
PHY-1001 : Build lut bridge;  0.193906s wall, 0.218750s user + 0.000000s system = 0.218750s CPU (112.8%)

PHY-1001 : Generate nets ...
PHY-1001 : net cam_pclk_dup_1 will be routed on clock mesh
PHY-1001 : net clk_50_dup_1 will be routed on clock mesh
PHY-1001 : net clk_50m_180deg will be routed on clock mesh
PHY-1001 : clock net temac_clk will be merged with clock u_clk_gen/u_pll_0/clk0_buf
PHY-1001 : net temac_clk90 will be routed on clock mesh
PHY-1001 : net udp_clk will be routed on clock mesh
PHY-1001 : clock net t3_sdram/u0_clk/clk0_out will be merged with clock t3_sdram/u0_clk/clk0_buf
PHY-1001 : net t3_sdram/u1_app_wrrd/clk will be routed on clock mesh
PHY-1001 : net t3_sdram/u1_app_wrrd/sd_clk will be routed on clock mesh
PHY-1001 : net t3_sdram/u2_ram/SDRAM_CLK will be routed on clock mesh
PHY-1001 : clock net u_sd_ctrl_top/u_sd_init/div_clk_syn_4 will be merged with clock u_sd_ctrl_top/u_sd_init/div_clk
PHY-1001 : clock net u_ov5640_dri/u_i2c_dr/dri_clk_syn_4 will be merged with clock u_ov5640_dri/u_i2c_dr/dri_clk
PHY-1001 : clock net u3_hdmi_tx/Inst_DVITransmitter/PCLK_I will be merged with clock video_pll_m0/clk0_buf
PHY-1001 : net u3_hdmi_tx/Inst_DVITransmitter/PCLK_X5_I will be routed on clock mesh
PHY-1001 : clock net u_sdram_write_sel/clk_cfg will be merged with clock u_pll_50/clk0_buf
PHY-1001 : eco open net = 0
PHY-1001 : 248 feed throughs used by 204 nets
RUN-1001 : Import phy database
RUN-1001 : Import timing constraints
RUN-1001 : Import IO constraints
RUN-1001 : Import Inst constraints
RUN-1001 : Import ChipWatcher
RUN-1001 : Import design success TD_VERSION=6.2.168116 , DB_VERSION=46207
RUN-1003 : finish command "import_db D:/Anlu/double_fpga_udp/tx/sdram_switch/UDP_EG4_6.2/prj/UDP_EXAMPLE/UDP_EXAMPLE_Runs/phy_1/UDP_EXAMPLE_pr.db" in  5.771433s wall, 5.500000s user + 0.812500s system = 6.312500s CPU (109.4%)

RUN-1004 : used memory is 729 MB, reserved memory is 807 MB, peak memory is 763 MB
RUN-1002 : start command "commit_param -step design"
RUN-1001 : Print Global Property
RUN-1001 : --------------------------------------------------------
RUN-1001 :   Parameters   |  Settings  |  Default Values  |  Note  
RUN-1001 : --------------------------------------------------------
RUN-1001 :   enable_seed  |    off     |       off        |        
RUN-1001 :     message    |  standard  |     standard     |        
RUN-1001 :   qor_monitor  |     on     |        on        |        
RUN-1001 :   syn_ip_flow  |    off     |       off        |        
RUN-1001 :     thread     |    auto    |       auto       |        
RUN-1001 : --------------------------------------------------------
RUN-1001 : Print Design Property
RUN-1001 : ----------------------------------------------------------------
RUN-1001 :       Parameters       |  Settings  |  Default Values  |  Note  
RUN-1001 : ----------------------------------------------------------------
RUN-1001 :   default_reg_initial  |    auto    |       auto       |        
RUN-1001 :    hdl_warning_level   |   normal   |      normal      |        
RUN-1001 : ----------------------------------------------------------------
HDL-1007 : analyze verilog file al_ip/TEMAC_CORE/RTL/mac_core_aead6cd6dadd.v
HDL-1007 : analyze verilog file al_ip/TEMAC_CORE/RTL/TEMAC_CORE_aead6cd6dadd.v
HDL-5007 WARNING: column 1032 exceeds maximum value 1023 in al_ip/TEMAC_CORE/RTL/TEMAC_CORE_aead6cd6dadd.v(30)
HDL-1007 : back to file 'al_ip/TEMAC_CORE/RTL/TEMAC_CORE_aead6cd6dadd.v' in al_ip/TEMAC_CORE/RTL/TEMAC_CORE_aead6cd6dadd.v(86)
HDL-5007 WARNING: event expressions must result in a singular type in al_ip/TEMAC_CORE/RTL/TEMAC_CORE_aead6cd6dadd.v(3001)
HDL-1007 : undeclared symbol '**', assumed default net type '**' in al_ip/TEMAC_CORE/RTL/TEMAC_CORE_aead6cd6dadd.v(5050)
HDL-1007 : undeclared symbol '**', assumed default net type '**' in al_ip/TEMAC_CORE/RTL/TEMAC_CORE_aead6cd6dadd.v(5458)
HDL-5007 WARNING: column 1035 exceeds maximum value 1023 in al_ip/TEMAC_CORE/RTL/TEMAC_CORE_aead6cd6dadd.v(6001)
HDL-1007 : back to file 'al_ip/TEMAC_CORE/RTL/TEMAC_CORE_aead6cd6dadd.v' in al_ip/TEMAC_CORE/RTL/TEMAC_CORE_aead6cd6dadd.v(260)
HDL-1007 : analyze verilog file al_ip/TEMAC_CORE/TEMAC_CORE.v
HDL-1007 : analyze verilog file al_ip/clk_pll.v
HDL-1007 : undeclared symbol 'clk_pll_open0', assumed default net type 'wire' in al_ip/clk_pll.v(92)
HDL-1007 : undeclared symbol 'clk_pll_open8', assumed default net type 'wire' in al_ip/clk_pll.v(98)
HDL-1007 : undeclared symbol 'clk_pll_open7', assumed default net type 'wire' in al_ip/clk_pll.v(98)
HDL-1007 : undeclared symbol 'clk_pll_open6', assumed default net type 'wire' in al_ip/clk_pll.v(98)
HDL-1007 : undeclared symbol 'clk_pll_open5', assumed default net type 'wire' in al_ip/clk_pll.v(98)
HDL-1007 : undeclared symbol 'clk_pll_open4', assumed default net type 'wire' in al_ip/clk_pll.v(98)
HDL-1007 : undeclared symbol 'clk_pll_open3', assumed default net type 'wire' in al_ip/clk_pll.v(98)
HDL-1007 : undeclared symbol 'clk_pll_open2', assumed default net type 'wire' in al_ip/clk_pll.v(98)
HDL-1007 : undeclared symbol 'clk_pll_open1', assumed default net type 'wire' in al_ip/clk_pll.v(98)
HDL-1007 : undeclared symbol 'clk_pll_open9', assumed default net type 'wire' in al_ip/clk_pll.v(100)
HDL-1007 : analyze verilog file al_ip/fifo_sdr_data_2.v
HDL-1007 : analyze verilog file al_ip/pll_50.v
HDL-1007 : undeclared symbol 'open', assumed default net type 'wire' in al_ip/pll_50.v(85)
HDL-1007 : analyze verilog file al_ip/pll_gen.v
HDL-1007 : undeclared symbol 'pll_gen_open0', assumed default net type 'wire' in al_ip/pll_gen.v(99)
HDL-1007 : undeclared symbol 'pll_gen_open8', assumed default net type 'wire' in al_ip/pll_gen.v(105)
HDL-1007 : undeclared symbol 'pll_gen_open7', assumed default net type 'wire' in al_ip/pll_gen.v(105)
HDL-1007 : undeclared symbol 'pll_gen_open6', assumed default net type 'wire' in al_ip/pll_gen.v(105)
HDL-1007 : undeclared symbol 'pll_gen_open5', assumed default net type 'wire' in al_ip/pll_gen.v(105)
HDL-1007 : undeclared symbol 'pll_gen_open4', assumed default net type 'wire' in al_ip/pll_gen.v(105)
HDL-1007 : undeclared symbol 'pll_gen_open3', assumed default net type 'wire' in al_ip/pll_gen.v(105)
HDL-1007 : undeclared symbol 'pll_gen_open2', assumed default net type 'wire' in al_ip/pll_gen.v(105)
HDL-1007 : undeclared symbol 'pll_gen_open1', assumed default net type 'wire' in al_ip/pll_gen.v(105)
HDL-1007 : analyze verilog file al_ip/rx_pll.v
HDL-1007 : undeclared symbol 'open', assumed default net type 'wire' in al_ip/rx_pll.v(78)
HDL-1007 : analyze verilog file al_ip/video_pll.v
HDL-1007 : undeclared symbol 'video_pll_open0', assumed default net type 'wire' in al_ip/video_pll.v(70)
HDL-1007 : undeclared symbol 'video_pll_open1', assumed default net type 'wire' in al_ip/video_pll.v(76)
HDL-1007 : undeclared symbol 'video_pll_open9', assumed default net type 'wire' in al_ip/video_pll.v(82)
HDL-1007 : undeclared symbol 'video_pll_open8', assumed default net type 'wire' in al_ip/video_pll.v(82)
HDL-1007 : undeclared symbol 'video_pll_open7', assumed default net type 'wire' in al_ip/video_pll.v(82)
HDL-1007 : undeclared symbol 'video_pll_open6', assumed default net type 'wire' in al_ip/video_pll.v(82)
HDL-1007 : undeclared symbol 'video_pll_open5', assumed default net type 'wire' in al_ip/video_pll.v(82)
HDL-1007 : undeclared symbol 'video_pll_open4', assumed default net type 'wire' in al_ip/video_pll.v(82)
HDL-1007 : undeclared symbol 'video_pll_open3', assumed default net type 'wire' in al_ip/video_pll.v(82)
HDL-1007 : undeclared symbol 'video_pll_open2', assumed default net type 'wire' in al_ip/video_pll.v(82)
HDL-1007 : undeclared symbol 'video_pll_open12', assumed default net type 'wire' in al_ip/video_pll.v(84)
HDL-1007 : undeclared symbol 'video_pll_open11', assumed default net type 'wire' in al_ip/video_pll.v(84)
HDL-1007 : undeclared symbol 'video_pll_open10', assumed default net type 'wire' in al_ip/video_pll.v(84)
HDL-1007 : analyze verilog file ../../source_code/rtl/BUFGMUX.v
HDL-1007 : analyze verilog file ../../source_code/rtl/clk_gen_rst_gen.v
HDL-1007 : analyze verilog file ../../source_code/rtl/div_clk_gen.v
HDL-1007 : analyze verilog file ../../source_code/rtl/IDDR.v
HDL-1007 : analyze verilog file ../../source_code/rtl/ODDR.v
HDL-1007 : analyze verilog file ../../source_code/rtl/RAMB16_S9_S9.v
HDL-1007 : undeclared symbol 'open', assumed default net type 'wire' in ../../source_code/rtl/RAMB16_S9_S9.v(109)
HDL-1007 : analyze verilog file ../../source_code/rtl/rgmii_interface.v
HDL-1007 : analyze verilog file ../../source_code/rtl/rx_client_fifo.v
HDL-5370 WARNING: parameter 'WAIT_s' becomes localparam in 'rx_client_fifo' with formal parameter declaration list in ../../source_code/rtl/rx_client_fifo.v(49)
HDL-5370 WARNING: parameter 'QUEUE1_s' becomes localparam in 'rx_client_fifo' with formal parameter declaration list in ../../source_code/rtl/rx_client_fifo.v(50)
HDL-5370 WARNING: parameter 'QUEUE2_s' becomes localparam in 'rx_client_fifo' with formal parameter declaration list in ../../source_code/rtl/rx_client_fifo.v(51)
HDL-5370 WARNING: parameter 'QUEUE3_s' becomes localparam in 'rx_client_fifo' with formal parameter declaration list in ../../source_code/rtl/rx_client_fifo.v(52)
HDL-5370 WARNING: parameter 'QUEUE_SOF_s' becomes localparam in 'rx_client_fifo' with formal parameter declaration list in ../../source_code/rtl/rx_client_fifo.v(53)
HDL-5370 WARNING: parameter 'SOF_s' becomes localparam in 'rx_client_fifo' with formal parameter declaration list in ../../source_code/rtl/rx_client_fifo.v(54)
HDL-5370 WARNING: parameter 'DATA_s' becomes localparam in 'rx_client_fifo' with formal parameter declaration list in ../../source_code/rtl/rx_client_fifo.v(55)
HDL-5370 WARNING: parameter 'EOF_s' becomes localparam in 'rx_client_fifo' with formal parameter declaration list in ../../source_code/rtl/rx_client_fifo.v(56)
HDL-5370 WARNING: parameter 'IDLE_s' becomes localparam in 'rx_client_fifo' with formal parameter declaration list in ../../source_code/rtl/rx_client_fifo.v(62)
HDL-5370 WARNING: parameter 'FRAME_s' becomes localparam in 'rx_client_fifo' with formal parameter declaration list in ../../source_code/rtl/rx_client_fifo.v(63)
HDL-5370 Similar messages will be suppressed.
HDL-1007 : analyze verilog file ../../source_code/rtl/temac_block.v
HDL-1007 : analyze verilog file ../../source_code/rtl/temac_clk_gen.v
HDL-1007 : analyze verilog file ../../source_code/rtl/tx_client_fifo.v
HDL-5370 WARNING: parameter 'IDLE_s' becomes localparam in 'tx_client_fifo' with formal parameter declaration list in ../../source_code/rtl/tx_client_fifo.v(53)
HDL-5370 WARNING: parameter 'QUEUE1_s' becomes localparam in 'tx_client_fifo' with formal parameter declaration list in ../../source_code/rtl/tx_client_fifo.v(54)
HDL-5370 WARNING: parameter 'QUEUE2_s' becomes localparam in 'tx_client_fifo' with formal parameter declaration list in ../../source_code/rtl/tx_client_fifo.v(55)
HDL-5370 WARNING: parameter 'QUEUE3_s' becomes localparam in 'tx_client_fifo' with formal parameter declaration list in ../../source_code/rtl/tx_client_fifo.v(56)
HDL-5370 WARNING: parameter 'QUEUE_ACK_s' becomes localparam in 'tx_client_fifo' with formal parameter declaration list in ../../source_code/rtl/tx_client_fifo.v(57)
HDL-5370 WARNING: parameter 'WAIT_ACK_s' becomes localparam in 'tx_client_fifo' with formal parameter declaration list in ../../source_code/rtl/tx_client_fifo.v(58)
HDL-5370 WARNING: parameter 'FRAME_s' becomes localparam in 'tx_client_fifo' with formal parameter declaration list in ../../source_code/rtl/tx_client_fifo.v(59)
HDL-5370 WARNING: parameter 'DROP_s' becomes localparam in 'tx_client_fifo' with formal parameter declaration list in ../../source_code/rtl/tx_client_fifo.v(60)
HDL-5370 WARNING: parameter 'RETRANSMIT_s' becomes localparam in 'tx_client_fifo' with formal parameter declaration list in ../../source_code/rtl/tx_client_fifo.v(61)
HDL-5370 WARNING: parameter 'WAIT_s' becomes localparam in 'tx_client_fifo' with formal parameter declaration list in ../../source_code/rtl/tx_client_fifo.v(67)
HDL-5370 Similar messages will be suppressed.
HDL-1007 : analyze verilog file ../../source_code/rtl/tx_clk_en_gen.v
HDL-1007 : analyze verilog file ../../source_code/rtl/udp_data_tpg.v
HDL-1007 : analyze verilog file ../../source_code/rtl/UDP_Example_Top.v
HDL-1007 : undeclared symbol 'video_clk', assumed default net type 'wire' in ../../source_code/rtl/UDP_Example_Top.v(226)
HDL-1007 : undeclared symbol 'hdmi_5x_clk', assumed default net type 'wire' in ../../source_code/rtl/UDP_Example_Top.v(227)
HDL-1007 : undeclared symbol 'phy_reset', assumed default net type 'wire' in ../../source_code/rtl/UDP_Example_Top.v(435)
HDL-5333 WARNING: data object 'rst_n' is already declared in ../../source_code/rtl/UDP_Example_Top.v(482)
HDL-1007 : previous declaration of 'rst_n' is from here in ../../source_code/rtl/UDP_Example_Top.v(246)
HDL-5007 WARNING: second declaration of 'rst_n' is ignored in ../../source_code/rtl/UDP_Example_Top.v(482)
HDL-1007 : undeclared symbol 'tpg_data_done', assumed default net type 'wire' in ../../source_code/rtl/UDP_Example_Top.v(590)
HDL-1007 : undeclared symbol 'vga_out_de', assumed default net type 'wire' in ../../source_code/rtl/UDP_Example_Top.v(615)
HDL-1007 : undeclared symbol 'hs', assumed default net type 'wire' in ../../source_code/rtl/UDP_Example_Top.v(665)
HDL-1007 : undeclared symbol 'vs', assumed default net type 'wire' in ../../source_code/rtl/UDP_Example_Top.v(666)
HDL-1007 : undeclared symbol 'de', assumed default net type 'wire' in ../../source_code/rtl/UDP_Example_Top.v(667)
HDL-1007 : analyze verilog file ../../source_code/rtl/udp_ip_protocol_stack_merge.enc.v
HDL-1007 : back to file '../../source_code/rtl/udp_ip_protocol_stack_merge.enc.v' in ../../source_code/rtl/udp_ip_protocol_stack_merge.enc.v(56)
HDL-1007 : undeclared symbol '**', assumed default net type '**' in ../../source_code/rtl/udp_ip_protocol_stack_merge.enc.v(2638)
HDL-1007 : back to file '../../source_code/rtl/udp_ip_protocol_stack_merge.enc.v' in ../../source_code/rtl/udp_ip_protocol_stack_merge.enc.v(420)
HDL-1007 : analyze verilog file ../../source_code/rtl/udp_loopback.v
HDL-1007 : analyze verilog file ../../source_code/rtl/sdr/rtl/app_wrrd.v
HDL-1007 : analyze included file ../../source_code/rtl/sdr/rtl/../include/global_def.v in ../../source_code/rtl/sdr/rtl/app_wrrd.v(10)
HDL-1007 : back to file '../../source_code/rtl/sdr/rtl/app_wrrd.v' in ../../source_code/rtl/sdr/rtl/app_wrrd.v(10)
HDL-5372 WARNING: redeclaration of ANSI port 'full_flag' is not allowed in ../../source_code/rtl/sdr/rtl/app_wrrd.v(61)
HDL-1007 : undeclared symbol 'afull', assumed default net type 'wire' in ../../source_code/rtl/sdr/rtl/app_wrrd.v(74)
HDL-1007 : undeclared symbol 'aempty', assumed default net type 'wire' in ../../source_code/rtl/sdr/rtl/app_wrrd.v(75)
HDL-1007 : undeclared symbol 'wrusedw', assumed default net type 'wire' in ../../source_code/rtl/sdr/rtl/app_wrrd.v(76)
HDL-5333 WARNING: data object 'w_addr_cnt' is already declared in ../../source_code/rtl/sdr/rtl/app_wrrd.v(139)
HDL-1007 : previous declaration of 'w_addr_cnt' is from here in ../../source_code/rtl/sdr/rtl/app_wrrd.v(38)
HDL-5007 WARNING: second declaration of 'w_addr_cnt' is ignored in ../../source_code/rtl/sdr/rtl/app_wrrd.v(139)
HDL-1007 : analyze verilog file ../../source_code/rtl/sdr/rtl/sdram_top.v
HDL-1007 : analyze included file ../../source_code/rtl/sdr/rtl/../include/global_def.v in ../../source_code/rtl/sdr/rtl/sdram_top.v(10)
HDL-1007 : back to file '../../source_code/rtl/sdr/rtl/sdram_top.v' in ../../source_code/rtl/sdr/rtl/sdram_top.v(10)
HDL-1007 : undeclared symbol 'Rst_n', assumed default net type 'wire' in ../../source_code/rtl/sdr/rtl/sdram_top.v(70)
HDL-5372 WARNING: redeclaration of ANSI port 'wr_done' is not allowed in ../../source_code/rtl/sdr/rtl/sdram_top.v(73)
HDL-1007 : undeclared symbol 'SDR_CKE', assumed default net type 'wire' in ../../source_code/rtl/sdr/rtl/sdram_top.v(132)
HDL-1007 : analyze verilog file ../../source_code/rtl/sd/sd_ctrl_top.v
HDL-1007 : analyze verilog file ../../source_code/rtl/sd/sd_init.v
HDL-1007 : analyze verilog file ../../source_code/rtl/sd/sd_read.v
HDL-1007 : analyze verilog file ../../source_code/rtl/sd/sd_read_photo.v
HDL-1007 : analyze verilog file ../../source_code/rtl/sdr/rtl/enc_file/sdr_as_ram.enc.v
HDL-1007 : back to file '../../source_code/rtl/sdr/rtl/enc_file/sdr_as_ram.enc.v' in ../../source_code/rtl/sdr/rtl/enc_file/sdr_as_ram.enc.v(45)
HDL-1007 : analyze verilog file ../../source_code/rtl/sdr/rtl/enc_file/sdr_init_ref.enc.v
HDL-1007 : undeclared symbol '**', assumed default net type '**' in ../../source_code/rtl/sdr/rtl/enc_file/sdr_init_ref.enc.v(57)
HDL-1007 : back to file '../../source_code/rtl/sdr/rtl/enc_file/sdr_init_ref.enc.v' in ../../source_code/rtl/sdr/rtl/enc_file/sdr_init_ref.enc.v(148)
HDL-5007 WARNING: concatenation with an unsized literal will be treated as 32 bits in ../../source_code/rtl/sdr/rtl/enc_file/sdr_init_ref.enc.v(47)
HDL-1007 : analyze verilog file ../../source_code/rtl/sdr/rtl/enc_file/sdr_wrrd.enc.v
HDL-5007 WARNING: concatenation with an unsized literal will be treated as 32 bits in ../../source_code/rtl/sdr/rtl/enc_file/sdr_wrrd.enc.v(283)
HDL-1007 : back to file '../../source_code/rtl/sdr/rtl/enc_file/sdr_wrrd.enc.v' in ../../source_code/rtl/sdr/rtl/enc_file/sdr_wrrd.enc.v(19)
HDL-1007 : analyze verilog file ../../source_code/rtl/camera_data_gen.v
HDL-1007 : analyze verilog file ../../source_code/rtl/ov5640/ov5640_dri.v
HDL-1007 : analyze verilog file ../../source_code/rtl/ov5640/ov5640_delay.v
HDL-1007 : analyze verilog file ../../source_code/rtl/ov5640/i2c_ov5640_rgb565_cfg.v
HDL-1007 : analyze verilog file ../../source_code/rtl/ov5640/i2c_dri.v
HDL-1007 : analyze verilog file ../../source_code/rtl/ov5640/cmos_capture_data.v
HDL-1007 : analyze verilog file ../../source_code/rtl/sdram_write_static_sel.v
HDL-1007 : analyze verilog file ../../source_code/rtl/uart/cmd_ctrl.v
HDL-1007 : analyze verilog file ../../source_code/rtl/uart/uart_rx.v
HDL-1007 : analyze verilog file ../../source_code/rtl/uart/uart_test.v
HDL-1007 : analyze verilog file ../../source_code/rtl/uart/uart_tx.v
HDL-1007 : analyze verilog file ../../source_code/rtl/display/video_delay.v
HDL-1007 : analyze verilog file ../../source_code/rtl/display/video_timing_data.v
HDL-1007 : analyze verilog file ../../source_code/rtl/sdram_read_align.v
HDL-1007 : analyze VHDL file ../../source_code/rtl/hdmi/hdmi_tx.vhd
HDL-1007 : analyze entity hdmi_tx in ../../source_code/rtl/hdmi/hdmi_tx.vhd(11)
HDL-1007 : analyze architecture behavioral in ../../source_code/rtl/hdmi/hdmi_tx.vhd(33)
HDL-1007 : analyze verilog file ../../source_code/rtl/sd/sd_card_ctrl.v
HDL-1007 : analyze VHDL file ../../source_code/rtl/hdmi/enc_file/DVITransmitter.enc.vhd
HDL-1007 : analyze entity dvitransmitter in ../../source_code/rtl/hdmi/enc_file/DVITransmitter.enc.vhd(13)
HDL-1007 : analyze architecture ** in ../../source_code/rtl/hdmi/enc_file/DVITransmitter.enc.vhd(2)
HDL-1007 : analyze VHDL file ../../source_code/rtl/hdmi/enc_file/SerializerN_1_lvds.enc.vhd
HDL-1007 : analyze entity ** in ../../source_code/rtl/hdmi/enc_file/SerializerN_1_lvds.enc.vhd(12)
HDL-1007 : analyze architecture ** in ../../source_code/rtl/hdmi/enc_file/SerializerN_1_lvds.enc.vhd(25)
HDL-1007 : analyze VHDL file ../../source_code/rtl/hdmi/enc_file/SerializerN_1_lvds_dat.enc.vhd
HDL-1007 : analyze entity ** in ../../source_code/rtl/hdmi/enc_file/SerializerN_1_lvds_dat.enc.vhd(14)
HDL-1007 : analyze architecture ** in ../../source_code/rtl/hdmi/enc_file/SerializerN_1_lvds_dat.enc.vhd(28)
HDL-1007 : analyze VHDL file ../../source_code/rtl/hdmi/enc_file/TMDSEncoder.enc.vhd
HDL-1007 : analyze entity ** in ../../source_code/rtl/hdmi/enc_file/TMDSEncoder.enc.vhd(13)
HDL-1007 : analyze architecture ** in ../../source_code/rtl/hdmi/enc_file/TMDSEncoder.enc.vhd(24)
HDL-1007 : analyze verilog file ../../source_code/rtl/display/color_bar.v
HDL-1007 : analyze included file ../../source_code/rtl/display/video_define.v in ../../source_code/rtl/display/color_bar.v(1)
HDL-1007 : back to file '../../source_code/rtl/display/color_bar.v' in ../../source_code/rtl/display/color_bar.v(1)
PRJ-1412 : reset_run syn_1 phy_1.
PRJ-1409 : launch_runs syn_1 phy_1  -jobs 6.
RUN-1002 : start command "commit_param -step design"
RUN-1001 : Print Global Property
RUN-1001 : --------------------------------------------------------
RUN-1001 :   Parameters   |  Settings  |  Default Values  |  Note  
RUN-1001 : --------------------------------------------------------
RUN-1001 :   enable_seed  |    off     |       off        |        
RUN-1001 :     message    |  standard  |     standard     |        
RUN-1001 :   qor_monitor  |     on     |        on        |        
RUN-1001 :   syn_ip_flow  |    off     |       off        |        
RUN-1001 :     thread     |    auto    |       auto       |        
RUN-1001 : --------------------------------------------------------
RUN-1001 : Print Design Property
RUN-1001 : ----------------------------------------------------------------
RUN-1001 :       Parameters       |  Settings  |  Default Values  |  Note  
RUN-1001 : ----------------------------------------------------------------
RUN-1001 :   default_reg_initial  |    auto    |       auto       |        
RUN-1001 :    hdl_warning_level   |   normal   |      normal      |        
RUN-1001 : ----------------------------------------------------------------
HDL-1007 : analyze verilog file al_ip/TEMAC_CORE/RTL/mac_core_aead6cd6dadd.v
HDL-1007 : analyze verilog file al_ip/TEMAC_CORE/RTL/TEMAC_CORE_aead6cd6dadd.v
HDL-5007 WARNING: column 1032 exceeds maximum value 1023 in al_ip/TEMAC_CORE/RTL/TEMAC_CORE_aead6cd6dadd.v(30)
HDL-1007 : back to file 'al_ip/TEMAC_CORE/RTL/TEMAC_CORE_aead6cd6dadd.v' in al_ip/TEMAC_CORE/RTL/TEMAC_CORE_aead6cd6dadd.v(86)
HDL-5007 WARNING: event expressions must result in a singular type in al_ip/TEMAC_CORE/RTL/TEMAC_CORE_aead6cd6dadd.v(3001)
HDL-1007 : undeclared symbol '**', assumed default net type '**' in al_ip/TEMAC_CORE/RTL/TEMAC_CORE_aead6cd6dadd.v(5050)
HDL-1007 : undeclared symbol '**', assumed default net type '**' in al_ip/TEMAC_CORE/RTL/TEMAC_CORE_aead6cd6dadd.v(5458)
HDL-5007 WARNING: column 1035 exceeds maximum value 1023 in al_ip/TEMAC_CORE/RTL/TEMAC_CORE_aead6cd6dadd.v(6001)
HDL-1007 : back to file 'al_ip/TEMAC_CORE/RTL/TEMAC_CORE_aead6cd6dadd.v' in al_ip/TEMAC_CORE/RTL/TEMAC_CORE_aead6cd6dadd.v(260)
HDL-1007 : analyze verilog file al_ip/TEMAC_CORE/TEMAC_CORE.v
HDL-1007 : analyze verilog file al_ip/clk_pll.v
HDL-1007 : undeclared symbol 'clk_pll_open0', assumed default net type 'wire' in al_ip/clk_pll.v(92)
HDL-1007 : undeclared symbol 'clk_pll_open8', assumed default net type 'wire' in al_ip/clk_pll.v(98)
HDL-1007 : undeclared symbol 'clk_pll_open7', assumed default net type 'wire' in al_ip/clk_pll.v(98)
HDL-1007 : undeclared symbol 'clk_pll_open6', assumed default net type 'wire' in al_ip/clk_pll.v(98)
HDL-1007 : undeclared symbol 'clk_pll_open5', assumed default net type 'wire' in al_ip/clk_pll.v(98)
HDL-1007 : undeclared symbol 'clk_pll_open4', assumed default net type 'wire' in al_ip/clk_pll.v(98)
HDL-1007 : undeclared symbol 'clk_pll_open3', assumed default net type 'wire' in al_ip/clk_pll.v(98)
HDL-1007 : undeclared symbol 'clk_pll_open2', assumed default net type 'wire' in al_ip/clk_pll.v(98)
HDL-1007 : undeclared symbol 'clk_pll_open1', assumed default net type 'wire' in al_ip/clk_pll.v(98)
HDL-1007 : undeclared symbol 'clk_pll_open9', assumed default net type 'wire' in al_ip/clk_pll.v(100)
HDL-1007 : analyze verilog file al_ip/fifo_sdr_data_2.v
HDL-1007 : analyze verilog file al_ip/pll_50.v
HDL-1007 : undeclared symbol 'open', assumed default net type 'wire' in al_ip/pll_50.v(85)
HDL-1007 : analyze verilog file al_ip/pll_gen.v
HDL-1007 : undeclared symbol 'pll_gen_open0', assumed default net type 'wire' in al_ip/pll_gen.v(99)
HDL-1007 : undeclared symbol 'pll_gen_open8', assumed default net type 'wire' in al_ip/pll_gen.v(105)
HDL-1007 : undeclared symbol 'pll_gen_open7', assumed default net type 'wire' in al_ip/pll_gen.v(105)
HDL-1007 : undeclared symbol 'pll_gen_open6', assumed default net type 'wire' in al_ip/pll_gen.v(105)
HDL-1007 : undeclared symbol 'pll_gen_open5', assumed default net type 'wire' in al_ip/pll_gen.v(105)
HDL-1007 : undeclared symbol 'pll_gen_open4', assumed default net type 'wire' in al_ip/pll_gen.v(105)
HDL-1007 : undeclared symbol 'pll_gen_open3', assumed default net type 'wire' in al_ip/pll_gen.v(105)
HDL-1007 : undeclared symbol 'pll_gen_open2', assumed default net type 'wire' in al_ip/pll_gen.v(105)
HDL-1007 : undeclared symbol 'pll_gen_open1', assumed default net type 'wire' in al_ip/pll_gen.v(105)
HDL-1007 : analyze verilog file al_ip/rx_pll.v
HDL-1007 : undeclared symbol 'open', assumed default net type 'wire' in al_ip/rx_pll.v(78)
HDL-1007 : analyze verilog file al_ip/video_pll.v
HDL-1007 : undeclared symbol 'video_pll_open0', assumed default net type 'wire' in al_ip/video_pll.v(70)
HDL-1007 : undeclared symbol 'video_pll_open1', assumed default net type 'wire' in al_ip/video_pll.v(76)
HDL-1007 : undeclared symbol 'video_pll_open9', assumed default net type 'wire' in al_ip/video_pll.v(82)
HDL-1007 : undeclared symbol 'video_pll_open8', assumed default net type 'wire' in al_ip/video_pll.v(82)
HDL-1007 : undeclared symbol 'video_pll_open7', assumed default net type 'wire' in al_ip/video_pll.v(82)
HDL-1007 : undeclared symbol 'video_pll_open6', assumed default net type 'wire' in al_ip/video_pll.v(82)
HDL-1007 : undeclared symbol 'video_pll_open5', assumed default net type 'wire' in al_ip/video_pll.v(82)
HDL-1007 : undeclared symbol 'video_pll_open4', assumed default net type 'wire' in al_ip/video_pll.v(82)
HDL-1007 : undeclared symbol 'video_pll_open3', assumed default net type 'wire' in al_ip/video_pll.v(82)
HDL-1007 : undeclared symbol 'video_pll_open2', assumed default net type 'wire' in al_ip/video_pll.v(82)
HDL-1007 : undeclared symbol 'video_pll_open12', assumed default net type 'wire' in al_ip/video_pll.v(84)
HDL-1007 : undeclared symbol 'video_pll_open11', assumed default net type 'wire' in al_ip/video_pll.v(84)
HDL-1007 : undeclared symbol 'video_pll_open10', assumed default net type 'wire' in al_ip/video_pll.v(84)
HDL-1007 : analyze verilog file ../../source_code/rtl/BUFGMUX.v
HDL-1007 : analyze verilog file ../../source_code/rtl/clk_gen_rst_gen.v
HDL-1007 : analyze verilog file ../../source_code/rtl/div_clk_gen.v
HDL-1007 : analyze verilog file ../../source_code/rtl/IDDR.v
HDL-1007 : analyze verilog file ../../source_code/rtl/ODDR.v
HDL-1007 : analyze verilog file ../../source_code/rtl/RAMB16_S9_S9.v
HDL-1007 : undeclared symbol 'open', assumed default net type 'wire' in ../../source_code/rtl/RAMB16_S9_S9.v(109)
HDL-1007 : analyze verilog file ../../source_code/rtl/rgmii_interface.v
HDL-1007 : analyze verilog file ../../source_code/rtl/rx_client_fifo.v
HDL-5370 WARNING: parameter 'WAIT_s' becomes localparam in 'rx_client_fifo' with formal parameter declaration list in ../../source_code/rtl/rx_client_fifo.v(49)
HDL-5370 WARNING: parameter 'QUEUE1_s' becomes localparam in 'rx_client_fifo' with formal parameter declaration list in ../../source_code/rtl/rx_client_fifo.v(50)
HDL-5370 WARNING: parameter 'QUEUE2_s' becomes localparam in 'rx_client_fifo' with formal parameter declaration list in ../../source_code/rtl/rx_client_fifo.v(51)
HDL-5370 WARNING: parameter 'QUEUE3_s' becomes localparam in 'rx_client_fifo' with formal parameter declaration list in ../../source_code/rtl/rx_client_fifo.v(52)
HDL-5370 WARNING: parameter 'QUEUE_SOF_s' becomes localparam in 'rx_client_fifo' with formal parameter declaration list in ../../source_code/rtl/rx_client_fifo.v(53)
HDL-5370 WARNING: parameter 'SOF_s' becomes localparam in 'rx_client_fifo' with formal parameter declaration list in ../../source_code/rtl/rx_client_fifo.v(54)
HDL-5370 WARNING: parameter 'DATA_s' becomes localparam in 'rx_client_fifo' with formal parameter declaration list in ../../source_code/rtl/rx_client_fifo.v(55)
HDL-5370 WARNING: parameter 'EOF_s' becomes localparam in 'rx_client_fifo' with formal parameter declaration list in ../../source_code/rtl/rx_client_fifo.v(56)
HDL-5370 WARNING: parameter 'IDLE_s' becomes localparam in 'rx_client_fifo' with formal parameter declaration list in ../../source_code/rtl/rx_client_fifo.v(62)
HDL-5370 WARNING: parameter 'FRAME_s' becomes localparam in 'rx_client_fifo' with formal parameter declaration list in ../../source_code/rtl/rx_client_fifo.v(63)
HDL-5370 Similar messages will be suppressed.
HDL-1007 : analyze verilog file ../../source_code/rtl/temac_block.v
HDL-1007 : analyze verilog file ../../source_code/rtl/temac_clk_gen.v
HDL-1007 : analyze verilog file ../../source_code/rtl/tx_client_fifo.v
HDL-5370 WARNING: parameter 'IDLE_s' becomes localparam in 'tx_client_fifo' with formal parameter declaration list in ../../source_code/rtl/tx_client_fifo.v(53)
HDL-5370 WARNING: parameter 'QUEUE1_s' becomes localparam in 'tx_client_fifo' with formal parameter declaration list in ../../source_code/rtl/tx_client_fifo.v(54)
HDL-5370 WARNING: parameter 'QUEUE2_s' becomes localparam in 'tx_client_fifo' with formal parameter declaration list in ../../source_code/rtl/tx_client_fifo.v(55)
HDL-5370 WARNING: parameter 'QUEUE3_s' becomes localparam in 'tx_client_fifo' with formal parameter declaration list in ../../source_code/rtl/tx_client_fifo.v(56)
HDL-5370 WARNING: parameter 'QUEUE_ACK_s' becomes localparam in 'tx_client_fifo' with formal parameter declaration list in ../../source_code/rtl/tx_client_fifo.v(57)
HDL-5370 WARNING: parameter 'WAIT_ACK_s' becomes localparam in 'tx_client_fifo' with formal parameter declaration list in ../../source_code/rtl/tx_client_fifo.v(58)
HDL-5370 WARNING: parameter 'FRAME_s' becomes localparam in 'tx_client_fifo' with formal parameter declaration list in ../../source_code/rtl/tx_client_fifo.v(59)
HDL-5370 WARNING: parameter 'DROP_s' becomes localparam in 'tx_client_fifo' with formal parameter declaration list in ../../source_code/rtl/tx_client_fifo.v(60)
HDL-5370 WARNING: parameter 'RETRANSMIT_s' becomes localparam in 'tx_client_fifo' with formal parameter declaration list in ../../source_code/rtl/tx_client_fifo.v(61)
HDL-5370 WARNING: parameter 'WAIT_s' becomes localparam in 'tx_client_fifo' with formal parameter declaration list in ../../source_code/rtl/tx_client_fifo.v(67)
HDL-5370 Similar messages will be suppressed.
HDL-1007 : analyze verilog file ../../source_code/rtl/tx_clk_en_gen.v
HDL-1007 : analyze verilog file ../../source_code/rtl/udp_data_tpg.v
HDL-1007 : analyze verilog file ../../source_code/rtl/UDP_Example_Top.v
HDL-1007 : undeclared symbol 'video_clk', assumed default net type 'wire' in ../../source_code/rtl/UDP_Example_Top.v(226)
HDL-1007 : undeclared symbol 'hdmi_5x_clk', assumed default net type 'wire' in ../../source_code/rtl/UDP_Example_Top.v(227)
HDL-1007 : undeclared symbol 'phy_reset', assumed default net type 'wire' in ../../source_code/rtl/UDP_Example_Top.v(435)
HDL-5333 WARNING: data object 'rst_n' is already declared in ../../source_code/rtl/UDP_Example_Top.v(482)
HDL-1007 : previous declaration of 'rst_n' is from here in ../../source_code/rtl/UDP_Example_Top.v(246)
HDL-5007 WARNING: second declaration of 'rst_n' is ignored in ../../source_code/rtl/UDP_Example_Top.v(482)
HDL-1007 : undeclared symbol 'tpg_data_done', assumed default net type 'wire' in ../../source_code/rtl/UDP_Example_Top.v(590)
HDL-1007 : undeclared symbol 'vga_out_de', assumed default net type 'wire' in ../../source_code/rtl/UDP_Example_Top.v(615)
HDL-1007 : undeclared symbol 'hs', assumed default net type 'wire' in ../../source_code/rtl/UDP_Example_Top.v(665)
HDL-1007 : undeclared symbol 'vs', assumed default net type 'wire' in ../../source_code/rtl/UDP_Example_Top.v(666)
HDL-1007 : undeclared symbol 'de', assumed default net type 'wire' in ../../source_code/rtl/UDP_Example_Top.v(667)
HDL-1007 : analyze verilog file ../../source_code/rtl/udp_ip_protocol_stack_merge.enc.v
HDL-1007 : back to file '../../source_code/rtl/udp_ip_protocol_stack_merge.enc.v' in ../../source_code/rtl/udp_ip_protocol_stack_merge.enc.v(56)
HDL-1007 : undeclared symbol '**', assumed default net type '**' in ../../source_code/rtl/udp_ip_protocol_stack_merge.enc.v(2638)
HDL-1007 : back to file '../../source_code/rtl/udp_ip_protocol_stack_merge.enc.v' in ../../source_code/rtl/udp_ip_protocol_stack_merge.enc.v(420)
HDL-1007 : analyze verilog file ../../source_code/rtl/udp_loopback.v
HDL-1007 : analyze verilog file ../../source_code/rtl/sdr/rtl/app_wrrd.v
HDL-1007 : analyze included file ../../source_code/rtl/sdr/rtl/../include/global_def.v in ../../source_code/rtl/sdr/rtl/app_wrrd.v(10)
HDL-1007 : back to file '../../source_code/rtl/sdr/rtl/app_wrrd.v' in ../../source_code/rtl/sdr/rtl/app_wrrd.v(10)
HDL-5372 WARNING: redeclaration of ANSI port 'full_flag' is not allowed in ../../source_code/rtl/sdr/rtl/app_wrrd.v(61)
HDL-1007 : undeclared symbol 'afull', assumed default net type 'wire' in ../../source_code/rtl/sdr/rtl/app_wrrd.v(74)
HDL-1007 : undeclared symbol 'aempty', assumed default net type 'wire' in ../../source_code/rtl/sdr/rtl/app_wrrd.v(75)
HDL-1007 : undeclared symbol 'wrusedw', assumed default net type 'wire' in ../../source_code/rtl/sdr/rtl/app_wrrd.v(76)
HDL-5333 WARNING: data object 'w_addr_cnt' is already declared in ../../source_code/rtl/sdr/rtl/app_wrrd.v(139)
HDL-1007 : previous declaration of 'w_addr_cnt' is from here in ../../source_code/rtl/sdr/rtl/app_wrrd.v(38)
HDL-5007 WARNING: second declaration of 'w_addr_cnt' is ignored in ../../source_code/rtl/sdr/rtl/app_wrrd.v(139)
HDL-1007 : analyze verilog file ../../source_code/rtl/sdr/rtl/sdram_top.v
HDL-1007 : analyze included file ../../source_code/rtl/sdr/rtl/../include/global_def.v in ../../source_code/rtl/sdr/rtl/sdram_top.v(10)
HDL-1007 : back to file '../../source_code/rtl/sdr/rtl/sdram_top.v' in ../../source_code/rtl/sdr/rtl/sdram_top.v(10)
HDL-1007 : undeclared symbol 'Rst_n', assumed default net type 'wire' in ../../source_code/rtl/sdr/rtl/sdram_top.v(70)
HDL-5372 WARNING: redeclaration of ANSI port 'wr_done' is not allowed in ../../source_code/rtl/sdr/rtl/sdram_top.v(73)
HDL-1007 : undeclared symbol 'SDR_CKE', assumed default net type 'wire' in ../../source_code/rtl/sdr/rtl/sdram_top.v(132)
HDL-1007 : analyze verilog file ../../source_code/rtl/sd/sd_ctrl_top.v
HDL-1007 : analyze verilog file ../../source_code/rtl/sd/sd_init.v
HDL-1007 : analyze verilog file ../../source_code/rtl/sd/sd_read.v
HDL-1007 : analyze verilog file ../../source_code/rtl/sd/sd_read_photo.v
HDL-1007 : analyze verilog file ../../source_code/rtl/sdr/rtl/enc_file/sdr_as_ram.enc.v
HDL-1007 : back to file '../../source_code/rtl/sdr/rtl/enc_file/sdr_as_ram.enc.v' in ../../source_code/rtl/sdr/rtl/enc_file/sdr_as_ram.enc.v(45)
HDL-1007 : analyze verilog file ../../source_code/rtl/sdr/rtl/enc_file/sdr_init_ref.enc.v
HDL-1007 : undeclared symbol '**', assumed default net type '**' in ../../source_code/rtl/sdr/rtl/enc_file/sdr_init_ref.enc.v(57)
HDL-1007 : back to file '../../source_code/rtl/sdr/rtl/enc_file/sdr_init_ref.enc.v' in ../../source_code/rtl/sdr/rtl/enc_file/sdr_init_ref.enc.v(148)
HDL-5007 WARNING: concatenation with an unsized literal will be treated as 32 bits in ../../source_code/rtl/sdr/rtl/enc_file/sdr_init_ref.enc.v(47)
HDL-1007 : analyze verilog file ../../source_code/rtl/sdr/rtl/enc_file/sdr_wrrd.enc.v
HDL-5007 WARNING: concatenation with an unsized literal will be treated as 32 bits in ../../source_code/rtl/sdr/rtl/enc_file/sdr_wrrd.enc.v(283)
HDL-1007 : back to file '../../source_code/rtl/sdr/rtl/enc_file/sdr_wrrd.enc.v' in ../../source_code/rtl/sdr/rtl/enc_file/sdr_wrrd.enc.v(19)
HDL-1007 : analyze verilog file ../../source_code/rtl/camera_data_gen.v
HDL-1007 : analyze verilog file ../../source_code/rtl/ov5640/ov5640_dri.v
HDL-1007 : analyze verilog file ../../source_code/rtl/ov5640/ov5640_delay.v
HDL-1007 : analyze verilog file ../../source_code/rtl/ov5640/i2c_ov5640_rgb565_cfg.v
HDL-1007 : analyze verilog file ../../source_code/rtl/ov5640/i2c_dri.v
HDL-1007 : analyze verilog file ../../source_code/rtl/ov5640/cmos_capture_data.v
HDL-1007 : analyze verilog file ../../source_code/rtl/sdram_write_static_sel.v
HDL-1007 : analyze verilog file ../../source_code/rtl/uart/cmd_ctrl.v
HDL-1007 : analyze verilog file ../../source_code/rtl/uart/uart_rx.v
HDL-1007 : analyze verilog file ../../source_code/rtl/uart/uart_test.v
HDL-1007 : analyze verilog file ../../source_code/rtl/uart/uart_tx.v
HDL-1007 : analyze verilog file ../../source_code/rtl/display/video_delay.v
HDL-1007 : analyze verilog file ../../source_code/rtl/display/video_timing_data.v
HDL-1007 : analyze verilog file ../../source_code/rtl/sdram_read_align.v
HDL-1007 : analyze VHDL file ../../source_code/rtl/hdmi/hdmi_tx.vhd
HDL-1007 : analyze entity hdmi_tx in ../../source_code/rtl/hdmi/hdmi_tx.vhd(11)
HDL-1007 : analyze architecture behavioral in ../../source_code/rtl/hdmi/hdmi_tx.vhd(33)
HDL-1007 : analyze verilog file ../../source_code/rtl/sd/sd_card_ctrl.v
HDL-1007 : analyze VHDL file ../../source_code/rtl/hdmi/enc_file/DVITransmitter.enc.vhd
HDL-1007 : analyze entity dvitransmitter in ../../source_code/rtl/hdmi/enc_file/DVITransmitter.enc.vhd(13)
HDL-1007 : analyze architecture ** in ../../source_code/rtl/hdmi/enc_file/DVITransmitter.enc.vhd(2)
HDL-1007 : analyze VHDL file ../../source_code/rtl/hdmi/enc_file/SerializerN_1_lvds.enc.vhd
HDL-1007 : analyze entity ** in ../../source_code/rtl/hdmi/enc_file/SerializerN_1_lvds.enc.vhd(12)
HDL-1007 : analyze architecture ** in ../../source_code/rtl/hdmi/enc_file/SerializerN_1_lvds.enc.vhd(25)
HDL-1007 : analyze VHDL file ../../source_code/rtl/hdmi/enc_file/SerializerN_1_lvds_dat.enc.vhd
HDL-1007 : analyze entity ** in ../../source_code/rtl/hdmi/enc_file/SerializerN_1_lvds_dat.enc.vhd(14)
HDL-1007 : analyze architecture ** in ../../source_code/rtl/hdmi/enc_file/SerializerN_1_lvds_dat.enc.vhd(28)
HDL-1007 : analyze VHDL file ../../source_code/rtl/hdmi/enc_file/TMDSEncoder.enc.vhd
HDL-1007 : analyze entity ** in ../../source_code/rtl/hdmi/enc_file/TMDSEncoder.enc.vhd(13)
HDL-1007 : analyze architecture ** in ../../source_code/rtl/hdmi/enc_file/TMDSEncoder.enc.vhd(24)
HDL-1007 : analyze verilog file ../../source_code/rtl/display/color_bar.v
HDL-1007 : analyze included file ../../source_code/rtl/display/video_define.v in ../../source_code/rtl/display/color_bar.v(1)
HDL-1007 : back to file '../../source_code/rtl/display/color_bar.v' in ../../source_code/rtl/display/color_bar.v(1)
PRJ-1410 : Run syn_1 success.
PRJ-1410 : Run phy_1 success.
RUN-1002 : start command "save_best_bits"
PRJ-1424 : The implemented result of phy_1 is saved as best result.
RUN-1002 : start command "import_db D:/Anlu/double_fpga_udp/tx/sdram_switch/UDP_EG4_6.2/prj/UDP_EXAMPLE/UDP_EXAMPLE_Runs/phy_1/UDP_EXAMPLE_pr.db"
RUN-1001 : Importing database generated by Tang Dynasty, V6.2.168116.
RUN-1001 : Database version number 46207
RUN-1001 : Import flow parameters
RUN-1001 : Import netlist
PHY-1001 : Generate detailed routing grids ...
PHY-1001 : End build routing graph; 1.057531s wall, 1.046875s user + 0.093750s system = 1.140625s CPU (107.9%)

PHY-1001 : Processed IO instance sd_miso_syn_4 with INV attribute.
PHY-1001 : Build lut bridge;  0.186036s wall, 0.203125s user + 0.000000s system = 0.203125s CPU (109.2%)

PHY-1001 : Generate nets ...
PHY-1001 : net cam_pclk_dup_1 will be routed on clock mesh
PHY-1001 : net clk_50_dup_1 will be routed on clock mesh
PHY-1001 : net clk_50m_180deg will be routed on clock mesh
PHY-1001 : clock net temac_clk will be merged with clock u_clk_gen/u_pll_0/clk0_buf
PHY-1001 : net temac_clk90 will be routed on clock mesh
PHY-1001 : net udp_clk will be routed on clock mesh
PHY-1001 : clock net t3_sdram/u0_clk/clk0_out will be merged with clock t3_sdram/u0_clk/clk0_buf
PHY-1001 : net t3_sdram/u1_app_wrrd/clk will be routed on clock mesh
PHY-1001 : net t3_sdram/u1_app_wrrd/sd_clk will be routed on clock mesh
PHY-1001 : net t3_sdram/u2_ram/SDRAM_CLK will be routed on clock mesh
PHY-1001 : clock net u_sd_ctrl_top/u_sd_init/div_clk_syn_4 will be merged with clock u_sd_ctrl_top/u_sd_init/div_clk
PHY-1001 : clock net u_ov5640_dri/u_i2c_dr/dri_clk_syn_4 will be merged with clock u_ov5640_dri/u_i2c_dr/dri_clk
PHY-1001 : clock net u3_hdmi_tx/Inst_DVITransmitter/PCLK_I will be merged with clock video_pll_m0/clk0_buf
PHY-1001 : net u3_hdmi_tx/Inst_DVITransmitter/PCLK_X5_I will be routed on clock mesh
PHY-1001 : clock net u_sdram_write_sel/clk_cfg will be merged with clock u_pll_50/clk0_buf
PHY-1001 : eco open net = 0
PHY-1001 : 198 feed throughs used by 159 nets
RUN-1001 : Import phy database
RUN-1001 : Import timing constraints
RUN-1001 : Import IO constraints
RUN-1001 : Import Inst constraints
RUN-1001 : Import ChipWatcher
RUN-1001 : Import design success TD_VERSION=6.2.168116 , DB_VERSION=46207
RUN-1003 : finish command "import_db D:/Anlu/double_fpga_udp/tx/sdram_switch/UDP_EG4_6.2/prj/UDP_EXAMPLE/UDP_EXAMPLE_Runs/phy_1/UDP_EXAMPLE_pr.db" in  4.969425s wall, 4.796875s user + 0.562500s system = 5.359375s CPU (107.8%)

RUN-1004 : used memory is 733 MB, reserved memory is 823 MB, peak memory is 767 MB
PRJ-1412 : reset_run syn_1 phy_1.
PRJ-1409 : launch_runs syn_1 phy_1  -jobs 6.
PRJ-1410 : Run syn_1 success.
RUN-1002 : start command "save_best_bits"
PRJ-1410 : Run phy_1 success.
PRJ-1424 : The implemented result of phy_1 is saved as best result.
RUN-1002 : start command "import_db D:/Anlu/double_fpga_udp/tx/sdram_switch/UDP_EG4_6.2/prj/UDP_EXAMPLE/UDP_EXAMPLE_Runs/phy_1/UDP_EXAMPLE_pr.db"
RUN-1001 : Importing database generated by Tang Dynasty, V6.2.168116.
RUN-1001 : Database version number 46207
RUN-1001 : Import flow parameters
RUN-1001 : Import netlist
PHY-1001 : Generate detailed routing grids ...
PHY-1001 : End build routing graph; 0.980078s wall, 0.921875s user + 0.140625s system = 1.062500s CPU (108.4%)

PHY-1001 : Processed IO instance sd_miso_syn_4 with INV attribute.
PHY-1001 : Build lut bridge;  0.177077s wall, 0.187500s user + 0.031250s system = 0.218750s CPU (123.5%)

PHY-1001 : Generate nets ...
PHY-1001 : net cam_pclk_dup_1 will be routed on clock mesh
PHY-1001 : net clk_50_dup_1 will be routed on clock mesh
PHY-1001 : net clk_50m_180deg will be routed on clock mesh
PHY-1001 : clock net temac_clk will be merged with clock u_clk_gen/u_pll_0/clk0_buf
PHY-1001 : net temac_clk90 will be routed on clock mesh
PHY-1001 : net udp_clk will be routed on clock mesh
PHY-1001 : clock net t3_sdram/u0_clk/clk0_out will be merged with clock t3_sdram/u0_clk/clk0_buf
PHY-1001 : net t3_sdram/u1_app_wrrd/clk will be routed on clock mesh
PHY-1001 : net t3_sdram/u1_app_wrrd/sd_clk will be routed on clock mesh
PHY-1001 : net t3_sdram/u2_ram/SDRAM_CLK will be routed on clock mesh
PHY-1001 : clock net u_sd_ctrl_top/u_sd_init/div_clk_syn_4 will be merged with clock u_sd_ctrl_top/u_sd_init/div_clk
PHY-1001 : clock net u_ov5640_dri/u_i2c_dr/dri_clk_syn_4 will be merged with clock u_ov5640_dri/u_i2c_dr/dri_clk
PHY-1001 : clock net u3_hdmi_tx/Inst_DVITransmitter/PCLK_I will be merged with clock video_pll_m0/clk0_buf
PHY-1001 : net u3_hdmi_tx/Inst_DVITransmitter/PCLK_X5_I will be routed on clock mesh
PHY-1001 : clock net u_sdram_write_sel/clk_cfg will be merged with clock u_pll_50/clk0_buf
PHY-1001 : eco open net = 0
PHY-1001 : 248 feed throughs used by 204 nets
RUN-1001 : Import phy database
RUN-1001 : Import timing constraints
RUN-1001 : Import IO constraints
RUN-1001 : Import Inst constraints
RUN-1001 : Import ChipWatcher
RUN-1001 : Import design success TD_VERSION=6.2.168116 , DB_VERSION=46207
RUN-1003 : finish command "import_db D:/Anlu/double_fpga_udp/tx/sdram_switch/UDP_EG4_6.2/prj/UDP_EXAMPLE/UDP_EXAMPLE_Runs/phy_1/UDP_EXAMPLE_pr.db" in  4.952849s wall, 4.796875s user + 0.640625s system = 5.437500s CPU (109.8%)

RUN-1004 : used memory is 705 MB, reserved memory is 819 MB, peak memory is 767 MB
RUN-1002 : start command "commit_param -step design"
RUN-1001 : Print Global Property
RUN-1001 : --------------------------------------------------------
RUN-1001 :   Parameters   |  Settings  |  Default Values  |  Note  
RUN-1001 : --------------------------------------------------------
RUN-1001 :   enable_seed  |    off     |       off        |        
RUN-1001 :     message    |  standard  |     standard     |        
RUN-1001 :   qor_monitor  |     on     |        on        |        
RUN-1001 :   syn_ip_flow  |    off     |       off        |        
RUN-1001 :     thread     |    auto    |       auto       |        
RUN-1001 : --------------------------------------------------------
RUN-1001 : Print Design Property
RUN-1001 : ----------------------------------------------------------------
RUN-1001 :       Parameters       |  Settings  |  Default Values  |  Note  
RUN-1001 : ----------------------------------------------------------------
RUN-1001 :   default_reg_initial  |    auto    |       auto       |        
RUN-1001 :    hdl_warning_level   |   normal   |      normal      |        
RUN-1001 : ----------------------------------------------------------------
HDL-1007 : analyze verilog file al_ip/TEMAC_CORE/RTL/mac_core_aead6cd6dadd.v
HDL-1007 : analyze verilog file al_ip/TEMAC_CORE/RTL/TEMAC_CORE_aead6cd6dadd.v
HDL-5007 WARNING: column 1032 exceeds maximum value 1023 in al_ip/TEMAC_CORE/RTL/TEMAC_CORE_aead6cd6dadd.v(30)
HDL-1007 : back to file 'al_ip/TEMAC_CORE/RTL/TEMAC_CORE_aead6cd6dadd.v' in al_ip/TEMAC_CORE/RTL/TEMAC_CORE_aead6cd6dadd.v(86)
HDL-5007 WARNING: event expressions must result in a singular type in al_ip/TEMAC_CORE/RTL/TEMAC_CORE_aead6cd6dadd.v(3001)
HDL-1007 : undeclared symbol '**', assumed default net type '**' in al_ip/TEMAC_CORE/RTL/TEMAC_CORE_aead6cd6dadd.v(5050)
HDL-1007 : undeclared symbol '**', assumed default net type '**' in al_ip/TEMAC_CORE/RTL/TEMAC_CORE_aead6cd6dadd.v(5458)
HDL-5007 WARNING: column 1035 exceeds maximum value 1023 in al_ip/TEMAC_CORE/RTL/TEMAC_CORE_aead6cd6dadd.v(6001)
HDL-1007 : back to file 'al_ip/TEMAC_CORE/RTL/TEMAC_CORE_aead6cd6dadd.v' in al_ip/TEMAC_CORE/RTL/TEMAC_CORE_aead6cd6dadd.v(260)
HDL-1007 : analyze verilog file al_ip/TEMAC_CORE/TEMAC_CORE.v
HDL-1007 : analyze verilog file al_ip/clk_pll.v
HDL-1007 : undeclared symbol 'clk_pll_open0', assumed default net type 'wire' in al_ip/clk_pll.v(92)
HDL-1007 : undeclared symbol 'clk_pll_open8', assumed default net type 'wire' in al_ip/clk_pll.v(98)
HDL-1007 : undeclared symbol 'clk_pll_open7', assumed default net type 'wire' in al_ip/clk_pll.v(98)
HDL-1007 : undeclared symbol 'clk_pll_open6', assumed default net type 'wire' in al_ip/clk_pll.v(98)
HDL-1007 : undeclared symbol 'clk_pll_open5', assumed default net type 'wire' in al_ip/clk_pll.v(98)
HDL-1007 : undeclared symbol 'clk_pll_open4', assumed default net type 'wire' in al_ip/clk_pll.v(98)
HDL-1007 : undeclared symbol 'clk_pll_open3', assumed default net type 'wire' in al_ip/clk_pll.v(98)
HDL-1007 : undeclared symbol 'clk_pll_open2', assumed default net type 'wire' in al_ip/clk_pll.v(98)
HDL-1007 : undeclared symbol 'clk_pll_open1', assumed default net type 'wire' in al_ip/clk_pll.v(98)
HDL-1007 : undeclared symbol 'clk_pll_open9', assumed default net type 'wire' in al_ip/clk_pll.v(100)
HDL-1007 : analyze verilog file al_ip/fifo_sdr_data_2.v
HDL-1007 : analyze verilog file al_ip/pll_50.v
HDL-1007 : undeclared symbol 'open', assumed default net type 'wire' in al_ip/pll_50.v(85)
HDL-1007 : analyze verilog file al_ip/pll_gen.v
HDL-1007 : undeclared symbol 'pll_gen_open0', assumed default net type 'wire' in al_ip/pll_gen.v(99)
HDL-1007 : undeclared symbol 'pll_gen_open8', assumed default net type 'wire' in al_ip/pll_gen.v(105)
HDL-1007 : undeclared symbol 'pll_gen_open7', assumed default net type 'wire' in al_ip/pll_gen.v(105)
HDL-1007 : undeclared symbol 'pll_gen_open6', assumed default net type 'wire' in al_ip/pll_gen.v(105)
HDL-1007 : undeclared symbol 'pll_gen_open5', assumed default net type 'wire' in al_ip/pll_gen.v(105)
HDL-1007 : undeclared symbol 'pll_gen_open4', assumed default net type 'wire' in al_ip/pll_gen.v(105)
HDL-1007 : undeclared symbol 'pll_gen_open3', assumed default net type 'wire' in al_ip/pll_gen.v(105)
HDL-1007 : undeclared symbol 'pll_gen_open2', assumed default net type 'wire' in al_ip/pll_gen.v(105)
HDL-1007 : undeclared symbol 'pll_gen_open1', assumed default net type 'wire' in al_ip/pll_gen.v(105)
HDL-1007 : analyze verilog file al_ip/rx_pll.v
HDL-1007 : undeclared symbol 'open', assumed default net type 'wire' in al_ip/rx_pll.v(78)
HDL-1007 : analyze verilog file al_ip/video_pll.v
HDL-1007 : undeclared symbol 'video_pll_open0', assumed default net type 'wire' in al_ip/video_pll.v(70)
HDL-1007 : undeclared symbol 'video_pll_open1', assumed default net type 'wire' in al_ip/video_pll.v(76)
HDL-1007 : undeclared symbol 'video_pll_open9', assumed default net type 'wire' in al_ip/video_pll.v(82)
HDL-1007 : undeclared symbol 'video_pll_open8', assumed default net type 'wire' in al_ip/video_pll.v(82)
HDL-1007 : undeclared symbol 'video_pll_open7', assumed default net type 'wire' in al_ip/video_pll.v(82)
HDL-1007 : undeclared symbol 'video_pll_open6', assumed default net type 'wire' in al_ip/video_pll.v(82)
HDL-1007 : undeclared symbol 'video_pll_open5', assumed default net type 'wire' in al_ip/video_pll.v(82)
HDL-1007 : undeclared symbol 'video_pll_open4', assumed default net type 'wire' in al_ip/video_pll.v(82)
HDL-1007 : undeclared symbol 'video_pll_open3', assumed default net type 'wire' in al_ip/video_pll.v(82)
HDL-1007 : undeclared symbol 'video_pll_open2', assumed default net type 'wire' in al_ip/video_pll.v(82)
HDL-1007 : undeclared symbol 'video_pll_open12', assumed default net type 'wire' in al_ip/video_pll.v(84)
HDL-1007 : undeclared symbol 'video_pll_open11', assumed default net type 'wire' in al_ip/video_pll.v(84)
HDL-1007 : undeclared symbol 'video_pll_open10', assumed default net type 'wire' in al_ip/video_pll.v(84)
HDL-1007 : analyze verilog file ../../source_code/rtl/BUFGMUX.v
HDL-1007 : analyze verilog file ../../source_code/rtl/clk_gen_rst_gen.v
HDL-1007 : analyze verilog file ../../source_code/rtl/div_clk_gen.v
HDL-1007 : analyze verilog file ../../source_code/rtl/IDDR.v
HDL-1007 : analyze verilog file ../../source_code/rtl/ODDR.v
HDL-1007 : analyze verilog file ../../source_code/rtl/RAMB16_S9_S9.v
HDL-1007 : undeclared symbol 'open', assumed default net type 'wire' in ../../source_code/rtl/RAMB16_S9_S9.v(109)
HDL-1007 : analyze verilog file ../../source_code/rtl/rgmii_interface.v
HDL-1007 : analyze verilog file ../../source_code/rtl/rx_client_fifo.v
HDL-5370 WARNING: parameter 'WAIT_s' becomes localparam in 'rx_client_fifo' with formal parameter declaration list in ../../source_code/rtl/rx_client_fifo.v(49)
HDL-5370 WARNING: parameter 'QUEUE1_s' becomes localparam in 'rx_client_fifo' with formal parameter declaration list in ../../source_code/rtl/rx_client_fifo.v(50)
HDL-5370 WARNING: parameter 'QUEUE2_s' becomes localparam in 'rx_client_fifo' with formal parameter declaration list in ../../source_code/rtl/rx_client_fifo.v(51)
HDL-5370 WARNING: parameter 'QUEUE3_s' becomes localparam in 'rx_client_fifo' with formal parameter declaration list in ../../source_code/rtl/rx_client_fifo.v(52)
HDL-5370 WARNING: parameter 'QUEUE_SOF_s' becomes localparam in 'rx_client_fifo' with formal parameter declaration list in ../../source_code/rtl/rx_client_fifo.v(53)
HDL-5370 WARNING: parameter 'SOF_s' becomes localparam in 'rx_client_fifo' with formal parameter declaration list in ../../source_code/rtl/rx_client_fifo.v(54)
HDL-5370 WARNING: parameter 'DATA_s' becomes localparam in 'rx_client_fifo' with formal parameter declaration list in ../../source_code/rtl/rx_client_fifo.v(55)
HDL-5370 WARNING: parameter 'EOF_s' becomes localparam in 'rx_client_fifo' with formal parameter declaration list in ../../source_code/rtl/rx_client_fifo.v(56)
HDL-5370 WARNING: parameter 'IDLE_s' becomes localparam in 'rx_client_fifo' with formal parameter declaration list in ../../source_code/rtl/rx_client_fifo.v(62)
HDL-5370 WARNING: parameter 'FRAME_s' becomes localparam in 'rx_client_fifo' with formal parameter declaration list in ../../source_code/rtl/rx_client_fifo.v(63)
HDL-5370 Similar messages will be suppressed.
HDL-1007 : analyze verilog file ../../source_code/rtl/temac_block.v
HDL-1007 : analyze verilog file ../../source_code/rtl/temac_clk_gen.v
HDL-1007 : analyze verilog file ../../source_code/rtl/tx_client_fifo.v
HDL-5370 WARNING: parameter 'IDLE_s' becomes localparam in 'tx_client_fifo' with formal parameter declaration list in ../../source_code/rtl/tx_client_fifo.v(53)
HDL-5370 WARNING: parameter 'QUEUE1_s' becomes localparam in 'tx_client_fifo' with formal parameter declaration list in ../../source_code/rtl/tx_client_fifo.v(54)
HDL-5370 WARNING: parameter 'QUEUE2_s' becomes localparam in 'tx_client_fifo' with formal parameter declaration list in ../../source_code/rtl/tx_client_fifo.v(55)
HDL-5370 WARNING: parameter 'QUEUE3_s' becomes localparam in 'tx_client_fifo' with formal parameter declaration list in ../../source_code/rtl/tx_client_fifo.v(56)
HDL-5370 WARNING: parameter 'QUEUE_ACK_s' becomes localparam in 'tx_client_fifo' with formal parameter declaration list in ../../source_code/rtl/tx_client_fifo.v(57)
HDL-5370 WARNING: parameter 'WAIT_ACK_s' becomes localparam in 'tx_client_fifo' with formal parameter declaration list in ../../source_code/rtl/tx_client_fifo.v(58)
HDL-5370 WARNING: parameter 'FRAME_s' becomes localparam in 'tx_client_fifo' with formal parameter declaration list in ../../source_code/rtl/tx_client_fifo.v(59)
HDL-5370 WARNING: parameter 'DROP_s' becomes localparam in 'tx_client_fifo' with formal parameter declaration list in ../../source_code/rtl/tx_client_fifo.v(60)
HDL-5370 WARNING: parameter 'RETRANSMIT_s' becomes localparam in 'tx_client_fifo' with formal parameter declaration list in ../../source_code/rtl/tx_client_fifo.v(61)
HDL-5370 WARNING: parameter 'WAIT_s' becomes localparam in 'tx_client_fifo' with formal parameter declaration list in ../../source_code/rtl/tx_client_fifo.v(67)
HDL-5370 Similar messages will be suppressed.
HDL-1007 : analyze verilog file ../../source_code/rtl/tx_clk_en_gen.v
HDL-1007 : analyze verilog file ../../source_code/rtl/udp_data_tpg.v
HDL-1007 : analyze verilog file ../../source_code/rtl/UDP_Example_Top.v
HDL-1007 : undeclared symbol 'video_clk', assumed default net type 'wire' in ../../source_code/rtl/UDP_Example_Top.v(226)
HDL-1007 : undeclared symbol 'hdmi_5x_clk', assumed default net type 'wire' in ../../source_code/rtl/UDP_Example_Top.v(227)
HDL-1007 : undeclared symbol 'phy_reset', assumed default net type 'wire' in ../../source_code/rtl/UDP_Example_Top.v(435)
HDL-5333 WARNING: data object 'rst_n' is already declared in ../../source_code/rtl/UDP_Example_Top.v(482)
HDL-1007 : previous declaration of 'rst_n' is from here in ../../source_code/rtl/UDP_Example_Top.v(246)
HDL-5007 WARNING: second declaration of 'rst_n' is ignored in ../../source_code/rtl/UDP_Example_Top.v(482)
HDL-1007 : undeclared symbol 'tpg_data_done', assumed default net type 'wire' in ../../source_code/rtl/UDP_Example_Top.v(590)
HDL-1007 : undeclared symbol 'Sdr_rd_en_aligned', assumed default net type 'wire' in ../../source_code/rtl/UDP_Example_Top.v(606)
HDL-1007 : undeclared symbol 'image_r', assumed default net type 'wire' in ../../source_code/rtl/UDP_Example_Top.v(607)
HDL-1007 : undeclared symbol 'image_g', assumed default net type 'wire' in ../../source_code/rtl/UDP_Example_Top.v(608)
HDL-1007 : undeclared symbol 'image_b', assumed default net type 'wire' in ../../source_code/rtl/UDP_Example_Top.v(609)
HDL-7225 CRITICAL-WARNING: 'Sdr_rd_en_aligned' is already implicitly declared on line 606 in ../../source_code/rtl/UDP_Example_Top.v(612)
HDL-7225 CRITICAL-WARNING: 'image_r' is already implicitly declared on line 607 in ../../source_code/rtl/UDP_Example_Top.v(615)
HDL-7225 CRITICAL-WARNING: 'image_g' is already implicitly declared on line 608 in ../../source_code/rtl/UDP_Example_Top.v(616)
HDL-7225 CRITICAL-WARNING: 'image_b' is already implicitly declared on line 609 in ../../source_code/rtl/UDP_Example_Top.v(617)
HDL-1007 : undeclared symbol 'vga_out_de', assumed default net type 'wire' in ../../source_code/rtl/UDP_Example_Top.v(626)
HDL-1007 : undeclared symbol 'hs', assumed default net type 'wire' in ../../source_code/rtl/UDP_Example_Top.v(676)
HDL-1007 : undeclared symbol 'vs', assumed default net type 'wire' in ../../source_code/rtl/UDP_Example_Top.v(677)
HDL-1007 : undeclared symbol 'de', assumed default net type 'wire' in ../../source_code/rtl/UDP_Example_Top.v(678)
HDL-1007 : analyze verilog file ../../source_code/rtl/udp_ip_protocol_stack_merge.enc.v
HDL-1007 : back to file '../../source_code/rtl/udp_ip_protocol_stack_merge.enc.v' in ../../source_code/rtl/udp_ip_protocol_stack_merge.enc.v(56)
HDL-1007 : undeclared symbol '**', assumed default net type '**' in ../../source_code/rtl/udp_ip_protocol_stack_merge.enc.v(2638)
HDL-1007 : back to file '../../source_code/rtl/udp_ip_protocol_stack_merge.enc.v' in ../../source_code/rtl/udp_ip_protocol_stack_merge.enc.v(420)
HDL-1007 : analyze verilog file ../../source_code/rtl/udp_loopback.v
HDL-1007 : analyze verilog file ../../source_code/rtl/sdr/rtl/app_wrrd.v
HDL-1007 : analyze included file ../../source_code/rtl/sdr/rtl/../include/global_def.v in ../../source_code/rtl/sdr/rtl/app_wrrd.v(10)
HDL-1007 : back to file '../../source_code/rtl/sdr/rtl/app_wrrd.v' in ../../source_code/rtl/sdr/rtl/app_wrrd.v(10)
HDL-5372 WARNING: redeclaration of ANSI port 'full_flag' is not allowed in ../../source_code/rtl/sdr/rtl/app_wrrd.v(61)
HDL-1007 : undeclared symbol 'afull', assumed default net type 'wire' in ../../source_code/rtl/sdr/rtl/app_wrrd.v(74)
HDL-1007 : undeclared symbol 'aempty', assumed default net type 'wire' in ../../source_code/rtl/sdr/rtl/app_wrrd.v(75)
HDL-1007 : undeclared symbol 'wrusedw', assumed default net type 'wire' in ../../source_code/rtl/sdr/rtl/app_wrrd.v(76)
HDL-5333 WARNING: data object 'w_addr_cnt' is already declared in ../../source_code/rtl/sdr/rtl/app_wrrd.v(139)
HDL-1007 : previous declaration of 'w_addr_cnt' is from here in ../../source_code/rtl/sdr/rtl/app_wrrd.v(38)
HDL-5007 WARNING: second declaration of 'w_addr_cnt' is ignored in ../../source_code/rtl/sdr/rtl/app_wrrd.v(139)
HDL-1007 : analyze verilog file ../../source_code/rtl/sdr/rtl/sdram_top.v
HDL-1007 : analyze included file ../../source_code/rtl/sdr/rtl/../include/global_def.v in ../../source_code/rtl/sdr/rtl/sdram_top.v(10)
HDL-1007 : back to file '../../source_code/rtl/sdr/rtl/sdram_top.v' in ../../source_code/rtl/sdr/rtl/sdram_top.v(10)
HDL-1007 : undeclared symbol 'Rst_n', assumed default net type 'wire' in ../../source_code/rtl/sdr/rtl/sdram_top.v(70)
HDL-5372 WARNING: redeclaration of ANSI port 'wr_done' is not allowed in ../../source_code/rtl/sdr/rtl/sdram_top.v(73)
HDL-1007 : undeclared symbol 'SDR_CKE', assumed default net type 'wire' in ../../source_code/rtl/sdr/rtl/sdram_top.v(132)
HDL-1007 : analyze verilog file ../../source_code/rtl/sd/sd_ctrl_top.v
HDL-1007 : analyze verilog file ../../source_code/rtl/sd/sd_init.v
HDL-1007 : analyze verilog file ../../source_code/rtl/sd/sd_read.v
HDL-1007 : analyze verilog file ../../source_code/rtl/sd/sd_read_photo.v
HDL-1007 : analyze verilog file ../../source_code/rtl/sdr/rtl/enc_file/sdr_as_ram.enc.v
HDL-1007 : back to file '../../source_code/rtl/sdr/rtl/enc_file/sdr_as_ram.enc.v' in ../../source_code/rtl/sdr/rtl/enc_file/sdr_as_ram.enc.v(45)
HDL-1007 : analyze verilog file ../../source_code/rtl/sdr/rtl/enc_file/sdr_init_ref.enc.v
HDL-1007 : undeclared symbol '**', assumed default net type '**' in ../../source_code/rtl/sdr/rtl/enc_file/sdr_init_ref.enc.v(57)
HDL-1007 : back to file '../../source_code/rtl/sdr/rtl/enc_file/sdr_init_ref.enc.v' in ../../source_code/rtl/sdr/rtl/enc_file/sdr_init_ref.enc.v(148)
HDL-5007 WARNING: concatenation with an unsized literal will be treated as 32 bits in ../../source_code/rtl/sdr/rtl/enc_file/sdr_init_ref.enc.v(47)
HDL-1007 : analyze verilog file ../../source_code/rtl/sdr/rtl/enc_file/sdr_wrrd.enc.v
HDL-5007 WARNING: concatenation with an unsized literal will be treated as 32 bits in ../../source_code/rtl/sdr/rtl/enc_file/sdr_wrrd.enc.v(283)
HDL-1007 : back to file '../../source_code/rtl/sdr/rtl/enc_file/sdr_wrrd.enc.v' in ../../source_code/rtl/sdr/rtl/enc_file/sdr_wrrd.enc.v(19)
HDL-1007 : analyze verilog file ../../source_code/rtl/camera_data_gen.v
HDL-1007 : analyze verilog file ../../source_code/rtl/ov5640/ov5640_dri.v
HDL-1007 : analyze verilog file ../../source_code/rtl/ov5640/ov5640_delay.v
HDL-1007 : analyze verilog file ../../source_code/rtl/ov5640/i2c_ov5640_rgb565_cfg.v
HDL-1007 : analyze verilog file ../../source_code/rtl/ov5640/i2c_dri.v
HDL-1007 : analyze verilog file ../../source_code/rtl/ov5640/cmos_capture_data.v
HDL-1007 : analyze verilog file ../../source_code/rtl/sdram_write_static_sel.v
HDL-1007 : analyze verilog file ../../source_code/rtl/uart/cmd_ctrl.v
HDL-1007 : analyze verilog file ../../source_code/rtl/uart/uart_rx.v
HDL-1007 : analyze verilog file ../../source_code/rtl/uart/uart_test.v
HDL-1007 : analyze verilog file ../../source_code/rtl/uart/uart_tx.v
HDL-1007 : analyze verilog file ../../source_code/rtl/display/video_delay.v
HDL-1007 : analyze verilog file ../../source_code/rtl/display/video_timing_data.v
HDL-1007 : analyze verilog file ../../source_code/rtl/sdram_read_align.v
HDL-1007 : analyze VHDL file ../../source_code/rtl/hdmi/hdmi_tx.vhd
HDL-1007 : analyze entity hdmi_tx in ../../source_code/rtl/hdmi/hdmi_tx.vhd(11)
HDL-1007 : analyze architecture behavioral in ../../source_code/rtl/hdmi/hdmi_tx.vhd(33)
HDL-1007 : analyze verilog file ../../source_code/rtl/sd/sd_card_ctrl.v
HDL-1007 : analyze VHDL file ../../source_code/rtl/hdmi/enc_file/DVITransmitter.enc.vhd
HDL-1007 : analyze entity dvitransmitter in ../../source_code/rtl/hdmi/enc_file/DVITransmitter.enc.vhd(13)
HDL-1007 : analyze architecture ** in ../../source_code/rtl/hdmi/enc_file/DVITransmitter.enc.vhd(2)
HDL-1007 : analyze VHDL file ../../source_code/rtl/hdmi/enc_file/SerializerN_1_lvds.enc.vhd
HDL-1007 : analyze entity ** in ../../source_code/rtl/hdmi/enc_file/SerializerN_1_lvds.enc.vhd(12)
HDL-1007 : analyze architecture ** in ../../source_code/rtl/hdmi/enc_file/SerializerN_1_lvds.enc.vhd(25)
HDL-1007 : analyze VHDL file ../../source_code/rtl/hdmi/enc_file/SerializerN_1_lvds_dat.enc.vhd
HDL-1007 : analyze entity ** in ../../source_code/rtl/hdmi/enc_file/SerializerN_1_lvds_dat.enc.vhd(14)
HDL-1007 : analyze architecture ** in ../../source_code/rtl/hdmi/enc_file/SerializerN_1_lvds_dat.enc.vhd(28)
HDL-1007 : analyze VHDL file ../../source_code/rtl/hdmi/enc_file/TMDSEncoder.enc.vhd
HDL-1007 : analyze entity ** in ../../source_code/rtl/hdmi/enc_file/TMDSEncoder.enc.vhd(13)
HDL-1007 : analyze architecture ** in ../../source_code/rtl/hdmi/enc_file/TMDSEncoder.enc.vhd(24)
HDL-1007 : analyze verilog file ../../source_code/rtl/display/color_bar.v
HDL-1007 : analyze included file ../../source_code/rtl/display/video_define.v in ../../source_code/rtl/display/color_bar.v(1)
HDL-1007 : back to file '../../source_code/rtl/display/color_bar.v' in ../../source_code/rtl/display/color_bar.v(1)
RUN-1002 : start command "commit_param -step design"
RUN-1001 : Print Global Property
RUN-1001 : --------------------------------------------------------
RUN-1001 :   Parameters   |  Settings  |  Default Values  |  Note  
RUN-1001 : --------------------------------------------------------
RUN-1001 :   enable_seed  |    off     |       off        |        
RUN-1001 :     message    |  standard  |     standard     |        
RUN-1001 :   qor_monitor  |     on     |        on        |        
RUN-1001 :   syn_ip_flow  |    off     |       off        |        
RUN-1001 :     thread     |    auto    |       auto       |        
RUN-1001 : --------------------------------------------------------
RUN-1001 : Print Design Property
RUN-1001 : ----------------------------------------------------------------
RUN-1001 :       Parameters       |  Settings  |  Default Values  |  Note  
RUN-1001 : ----------------------------------------------------------------
RUN-1001 :   default_reg_initial  |    auto    |       auto       |        
RUN-1001 :    hdl_warning_level   |   normal   |      normal      |        
RUN-1001 : ----------------------------------------------------------------
HDL-1007 : analyze verilog file al_ip/TEMAC_CORE/RTL/mac_core_aead6cd6dadd.v
HDL-1007 : analyze verilog file al_ip/TEMAC_CORE/RTL/TEMAC_CORE_aead6cd6dadd.v
HDL-5007 WARNING: column 1032 exceeds maximum value 1023 in al_ip/TEMAC_CORE/RTL/TEMAC_CORE_aead6cd6dadd.v(30)
HDL-1007 : back to file 'al_ip/TEMAC_CORE/RTL/TEMAC_CORE_aead6cd6dadd.v' in al_ip/TEMAC_CORE/RTL/TEMAC_CORE_aead6cd6dadd.v(86)
HDL-5007 WARNING: event expressions must result in a singular type in al_ip/TEMAC_CORE/RTL/TEMAC_CORE_aead6cd6dadd.v(3001)
HDL-1007 : undeclared symbol '**', assumed default net type '**' in al_ip/TEMAC_CORE/RTL/TEMAC_CORE_aead6cd6dadd.v(5050)
HDL-1007 : undeclared symbol '**', assumed default net type '**' in al_ip/TEMAC_CORE/RTL/TEMAC_CORE_aead6cd6dadd.v(5458)
HDL-5007 WARNING: column 1035 exceeds maximum value 1023 in al_ip/TEMAC_CORE/RTL/TEMAC_CORE_aead6cd6dadd.v(6001)
HDL-1007 : back to file 'al_ip/TEMAC_CORE/RTL/TEMAC_CORE_aead6cd6dadd.v' in al_ip/TEMAC_CORE/RTL/TEMAC_CORE_aead6cd6dadd.v(260)
HDL-1007 : analyze verilog file al_ip/TEMAC_CORE/TEMAC_CORE.v
HDL-1007 : analyze verilog file al_ip/clk_pll.v
HDL-1007 : undeclared symbol 'clk_pll_open0', assumed default net type 'wire' in al_ip/clk_pll.v(92)
HDL-1007 : undeclared symbol 'clk_pll_open8', assumed default net type 'wire' in al_ip/clk_pll.v(98)
HDL-1007 : undeclared symbol 'clk_pll_open7', assumed default net type 'wire' in al_ip/clk_pll.v(98)
HDL-1007 : undeclared symbol 'clk_pll_open6', assumed default net type 'wire' in al_ip/clk_pll.v(98)
HDL-1007 : undeclared symbol 'clk_pll_open5', assumed default net type 'wire' in al_ip/clk_pll.v(98)
HDL-1007 : undeclared symbol 'clk_pll_open4', assumed default net type 'wire' in al_ip/clk_pll.v(98)
HDL-1007 : undeclared symbol 'clk_pll_open3', assumed default net type 'wire' in al_ip/clk_pll.v(98)
HDL-1007 : undeclared symbol 'clk_pll_open2', assumed default net type 'wire' in al_ip/clk_pll.v(98)
HDL-1007 : undeclared symbol 'clk_pll_open1', assumed default net type 'wire' in al_ip/clk_pll.v(98)
HDL-1007 : undeclared symbol 'clk_pll_open9', assumed default net type 'wire' in al_ip/clk_pll.v(100)
HDL-1007 : analyze verilog file al_ip/fifo_sdr_data_2.v
HDL-1007 : analyze verilog file al_ip/pll_50.v
HDL-1007 : undeclared symbol 'open', assumed default net type 'wire' in al_ip/pll_50.v(85)
HDL-1007 : analyze verilog file al_ip/pll_gen.v
HDL-1007 : undeclared symbol 'pll_gen_open0', assumed default net type 'wire' in al_ip/pll_gen.v(99)
HDL-1007 : undeclared symbol 'pll_gen_open8', assumed default net type 'wire' in al_ip/pll_gen.v(105)
HDL-1007 : undeclared symbol 'pll_gen_open7', assumed default net type 'wire' in al_ip/pll_gen.v(105)
HDL-1007 : undeclared symbol 'pll_gen_open6', assumed default net type 'wire' in al_ip/pll_gen.v(105)
HDL-1007 : undeclared symbol 'pll_gen_open5', assumed default net type 'wire' in al_ip/pll_gen.v(105)
HDL-1007 : undeclared symbol 'pll_gen_open4', assumed default net type 'wire' in al_ip/pll_gen.v(105)
HDL-1007 : undeclared symbol 'pll_gen_open3', assumed default net type 'wire' in al_ip/pll_gen.v(105)
HDL-1007 : undeclared symbol 'pll_gen_open2', assumed default net type 'wire' in al_ip/pll_gen.v(105)
HDL-1007 : undeclared symbol 'pll_gen_open1', assumed default net type 'wire' in al_ip/pll_gen.v(105)
HDL-1007 : analyze verilog file al_ip/rx_pll.v
HDL-1007 : undeclared symbol 'open', assumed default net type 'wire' in al_ip/rx_pll.v(78)
HDL-1007 : analyze verilog file al_ip/video_pll.v
HDL-1007 : undeclared symbol 'video_pll_open0', assumed default net type 'wire' in al_ip/video_pll.v(70)
HDL-1007 : undeclared symbol 'video_pll_open1', assumed default net type 'wire' in al_ip/video_pll.v(76)
HDL-1007 : undeclared symbol 'video_pll_open9', assumed default net type 'wire' in al_ip/video_pll.v(82)
HDL-1007 : undeclared symbol 'video_pll_open8', assumed default net type 'wire' in al_ip/video_pll.v(82)
HDL-1007 : undeclared symbol 'video_pll_open7', assumed default net type 'wire' in al_ip/video_pll.v(82)
HDL-1007 : undeclared symbol 'video_pll_open6', assumed default net type 'wire' in al_ip/video_pll.v(82)
HDL-1007 : undeclared symbol 'video_pll_open5', assumed default net type 'wire' in al_ip/video_pll.v(82)
HDL-1007 : undeclared symbol 'video_pll_open4', assumed default net type 'wire' in al_ip/video_pll.v(82)
HDL-1007 : undeclared symbol 'video_pll_open3', assumed default net type 'wire' in al_ip/video_pll.v(82)
HDL-1007 : undeclared symbol 'video_pll_open2', assumed default net type 'wire' in al_ip/video_pll.v(82)
HDL-1007 : undeclared symbol 'video_pll_open12', assumed default net type 'wire' in al_ip/video_pll.v(84)
HDL-1007 : undeclared symbol 'video_pll_open11', assumed default net type 'wire' in al_ip/video_pll.v(84)
HDL-1007 : undeclared symbol 'video_pll_open10', assumed default net type 'wire' in al_ip/video_pll.v(84)
HDL-1007 : analyze verilog file ../../source_code/rtl/BUFGMUX.v
HDL-1007 : analyze verilog file ../../source_code/rtl/clk_gen_rst_gen.v
HDL-1007 : analyze verilog file ../../source_code/rtl/div_clk_gen.v
HDL-1007 : analyze verilog file ../../source_code/rtl/IDDR.v
HDL-1007 : analyze verilog file ../../source_code/rtl/ODDR.v
HDL-1007 : analyze verilog file ../../source_code/rtl/RAMB16_S9_S9.v
HDL-1007 : undeclared symbol 'open', assumed default net type 'wire' in ../../source_code/rtl/RAMB16_S9_S9.v(109)
HDL-1007 : analyze verilog file ../../source_code/rtl/rgmii_interface.v
HDL-1007 : analyze verilog file ../../source_code/rtl/rx_client_fifo.v
HDL-5370 WARNING: parameter 'WAIT_s' becomes localparam in 'rx_client_fifo' with formal parameter declaration list in ../../source_code/rtl/rx_client_fifo.v(49)
HDL-5370 WARNING: parameter 'QUEUE1_s' becomes localparam in 'rx_client_fifo' with formal parameter declaration list in ../../source_code/rtl/rx_client_fifo.v(50)
HDL-5370 WARNING: parameter 'QUEUE2_s' becomes localparam in 'rx_client_fifo' with formal parameter declaration list in ../../source_code/rtl/rx_client_fifo.v(51)
HDL-5370 WARNING: parameter 'QUEUE3_s' becomes localparam in 'rx_client_fifo' with formal parameter declaration list in ../../source_code/rtl/rx_client_fifo.v(52)
HDL-5370 WARNING: parameter 'QUEUE_SOF_s' becomes localparam in 'rx_client_fifo' with formal parameter declaration list in ../../source_code/rtl/rx_client_fifo.v(53)
HDL-5370 WARNING: parameter 'SOF_s' becomes localparam in 'rx_client_fifo' with formal parameter declaration list in ../../source_code/rtl/rx_client_fifo.v(54)
HDL-5370 WARNING: parameter 'DATA_s' becomes localparam in 'rx_client_fifo' with formal parameter declaration list in ../../source_code/rtl/rx_client_fifo.v(55)
HDL-5370 WARNING: parameter 'EOF_s' becomes localparam in 'rx_client_fifo' with formal parameter declaration list in ../../source_code/rtl/rx_client_fifo.v(56)
HDL-5370 WARNING: parameter 'IDLE_s' becomes localparam in 'rx_client_fifo' with formal parameter declaration list in ../../source_code/rtl/rx_client_fifo.v(62)
HDL-5370 WARNING: parameter 'FRAME_s' becomes localparam in 'rx_client_fifo' with formal parameter declaration list in ../../source_code/rtl/rx_client_fifo.v(63)
HDL-5370 Similar messages will be suppressed.
HDL-1007 : analyze verilog file ../../source_code/rtl/temac_block.v
HDL-1007 : analyze verilog file ../../source_code/rtl/temac_clk_gen.v
HDL-1007 : analyze verilog file ../../source_code/rtl/tx_client_fifo.v
HDL-5370 WARNING: parameter 'IDLE_s' becomes localparam in 'tx_client_fifo' with formal parameter declaration list in ../../source_code/rtl/tx_client_fifo.v(53)
HDL-5370 WARNING: parameter 'QUEUE1_s' becomes localparam in 'tx_client_fifo' with formal parameter declaration list in ../../source_code/rtl/tx_client_fifo.v(54)
HDL-5370 WARNING: parameter 'QUEUE2_s' becomes localparam in 'tx_client_fifo' with formal parameter declaration list in ../../source_code/rtl/tx_client_fifo.v(55)
HDL-5370 WARNING: parameter 'QUEUE3_s' becomes localparam in 'tx_client_fifo' with formal parameter declaration list in ../../source_code/rtl/tx_client_fifo.v(56)
HDL-5370 WARNING: parameter 'QUEUE_ACK_s' becomes localparam in 'tx_client_fifo' with formal parameter declaration list in ../../source_code/rtl/tx_client_fifo.v(57)
HDL-5370 WARNING: parameter 'WAIT_ACK_s' becomes localparam in 'tx_client_fifo' with formal parameter declaration list in ../../source_code/rtl/tx_client_fifo.v(58)
HDL-5370 WARNING: parameter 'FRAME_s' becomes localparam in 'tx_client_fifo' with formal parameter declaration list in ../../source_code/rtl/tx_client_fifo.v(59)
HDL-5370 WARNING: parameter 'DROP_s' becomes localparam in 'tx_client_fifo' with formal parameter declaration list in ../../source_code/rtl/tx_client_fifo.v(60)
HDL-5370 WARNING: parameter 'RETRANSMIT_s' becomes localparam in 'tx_client_fifo' with formal parameter declaration list in ../../source_code/rtl/tx_client_fifo.v(61)
HDL-5370 WARNING: parameter 'WAIT_s' becomes localparam in 'tx_client_fifo' with formal parameter declaration list in ../../source_code/rtl/tx_client_fifo.v(67)
HDL-5370 Similar messages will be suppressed.
HDL-1007 : analyze verilog file ../../source_code/rtl/tx_clk_en_gen.v
HDL-1007 : analyze verilog file ../../source_code/rtl/udp_data_tpg.v
HDL-1007 : analyze verilog file ../../source_code/rtl/UDP_Example_Top.v
HDL-1007 : undeclared symbol 'video_clk', assumed default net type 'wire' in ../../source_code/rtl/UDP_Example_Top.v(226)
HDL-1007 : undeclared symbol 'hdmi_5x_clk', assumed default net type 'wire' in ../../source_code/rtl/UDP_Example_Top.v(227)
HDL-1007 : undeclared symbol 'phy_reset', assumed default net type 'wire' in ../../source_code/rtl/UDP_Example_Top.v(435)
HDL-5333 WARNING: data object 'rst_n' is already declared in ../../source_code/rtl/UDP_Example_Top.v(482)
HDL-1007 : previous declaration of 'rst_n' is from here in ../../source_code/rtl/UDP_Example_Top.v(246)
HDL-5007 WARNING: second declaration of 'rst_n' is ignored in ../../source_code/rtl/UDP_Example_Top.v(482)
HDL-1007 : undeclared symbol 'tpg_data_done', assumed default net type 'wire' in ../../source_code/rtl/UDP_Example_Top.v(590)
HDL-1007 : undeclared symbol 'Sdr_rd_en_aligned', assumed default net type 'wire' in ../../source_code/rtl/UDP_Example_Top.v(606)
HDL-1007 : undeclared symbol 'image_r', assumed default net type 'wire' in ../../source_code/rtl/UDP_Example_Top.v(607)
HDL-1007 : undeclared symbol 'image_g', assumed default net type 'wire' in ../../source_code/rtl/UDP_Example_Top.v(608)
HDL-1007 : undeclared symbol 'image_b', assumed default net type 'wire' in ../../source_code/rtl/UDP_Example_Top.v(609)
HDL-1007 : undeclared symbol 'vga_out_de', assumed default net type 'wire' in ../../source_code/rtl/UDP_Example_Top.v(622)
HDL-1007 : undeclared symbol 'hs', assumed default net type 'wire' in ../../source_code/rtl/UDP_Example_Top.v(672)
HDL-1007 : undeclared symbol 'vs', assumed default net type 'wire' in ../../source_code/rtl/UDP_Example_Top.v(673)
HDL-1007 : undeclared symbol 'de', assumed default net type 'wire' in ../../source_code/rtl/UDP_Example_Top.v(674)
HDL-1007 : analyze verilog file ../../source_code/rtl/udp_ip_protocol_stack_merge.enc.v
HDL-1007 : back to file '../../source_code/rtl/udp_ip_protocol_stack_merge.enc.v' in ../../source_code/rtl/udp_ip_protocol_stack_merge.enc.v(56)
HDL-1007 : undeclared symbol '**', assumed default net type '**' in ../../source_code/rtl/udp_ip_protocol_stack_merge.enc.v(2638)
HDL-1007 : back to file '../../source_code/rtl/udp_ip_protocol_stack_merge.enc.v' in ../../source_code/rtl/udp_ip_protocol_stack_merge.enc.v(420)
HDL-1007 : analyze verilog file ../../source_code/rtl/udp_loopback.v
HDL-1007 : analyze verilog file ../../source_code/rtl/sdr/rtl/app_wrrd.v
HDL-1007 : analyze included file ../../source_code/rtl/sdr/rtl/../include/global_def.v in ../../source_code/rtl/sdr/rtl/app_wrrd.v(10)
HDL-1007 : back to file '../../source_code/rtl/sdr/rtl/app_wrrd.v' in ../../source_code/rtl/sdr/rtl/app_wrrd.v(10)
HDL-5372 WARNING: redeclaration of ANSI port 'full_flag' is not allowed in ../../source_code/rtl/sdr/rtl/app_wrrd.v(61)
HDL-1007 : undeclared symbol 'afull', assumed default net type 'wire' in ../../source_code/rtl/sdr/rtl/app_wrrd.v(74)
HDL-1007 : undeclared symbol 'aempty', assumed default net type 'wire' in ../../source_code/rtl/sdr/rtl/app_wrrd.v(75)
HDL-1007 : undeclared symbol 'wrusedw', assumed default net type 'wire' in ../../source_code/rtl/sdr/rtl/app_wrrd.v(76)
HDL-5333 WARNING: data object 'w_addr_cnt' is already declared in ../../source_code/rtl/sdr/rtl/app_wrrd.v(139)
HDL-1007 : previous declaration of 'w_addr_cnt' is from here in ../../source_code/rtl/sdr/rtl/app_wrrd.v(38)
HDL-5007 WARNING: second declaration of 'w_addr_cnt' is ignored in ../../source_code/rtl/sdr/rtl/app_wrrd.v(139)
HDL-1007 : analyze verilog file ../../source_code/rtl/sdr/rtl/sdram_top.v
HDL-1007 : analyze included file ../../source_code/rtl/sdr/rtl/../include/global_def.v in ../../source_code/rtl/sdr/rtl/sdram_top.v(10)
HDL-1007 : back to file '../../source_code/rtl/sdr/rtl/sdram_top.v' in ../../source_code/rtl/sdr/rtl/sdram_top.v(10)
HDL-1007 : undeclared symbol 'Rst_n', assumed default net type 'wire' in ../../source_code/rtl/sdr/rtl/sdram_top.v(70)
HDL-5372 WARNING: redeclaration of ANSI port 'wr_done' is not allowed in ../../source_code/rtl/sdr/rtl/sdram_top.v(73)
HDL-1007 : undeclared symbol 'SDR_CKE', assumed default net type 'wire' in ../../source_code/rtl/sdr/rtl/sdram_top.v(132)
HDL-1007 : analyze verilog file ../../source_code/rtl/sd/sd_ctrl_top.v
HDL-1007 : analyze verilog file ../../source_code/rtl/sd/sd_init.v
HDL-1007 : analyze verilog file ../../source_code/rtl/sd/sd_read.v
HDL-1007 : analyze verilog file ../../source_code/rtl/sd/sd_read_photo.v
HDL-1007 : analyze verilog file ../../source_code/rtl/sdr/rtl/enc_file/sdr_as_ram.enc.v
HDL-1007 : back to file '../../source_code/rtl/sdr/rtl/enc_file/sdr_as_ram.enc.v' in ../../source_code/rtl/sdr/rtl/enc_file/sdr_as_ram.enc.v(45)
HDL-1007 : analyze verilog file ../../source_code/rtl/sdr/rtl/enc_file/sdr_init_ref.enc.v
HDL-1007 : undeclared symbol '**', assumed default net type '**' in ../../source_code/rtl/sdr/rtl/enc_file/sdr_init_ref.enc.v(57)
HDL-1007 : back to file '../../source_code/rtl/sdr/rtl/enc_file/sdr_init_ref.enc.v' in ../../source_code/rtl/sdr/rtl/enc_file/sdr_init_ref.enc.v(148)
HDL-5007 WARNING: concatenation with an unsized literal will be treated as 32 bits in ../../source_code/rtl/sdr/rtl/enc_file/sdr_init_ref.enc.v(47)
HDL-1007 : analyze verilog file ../../source_code/rtl/sdr/rtl/enc_file/sdr_wrrd.enc.v
HDL-5007 WARNING: concatenation with an unsized literal will be treated as 32 bits in ../../source_code/rtl/sdr/rtl/enc_file/sdr_wrrd.enc.v(283)
HDL-1007 : back to file '../../source_code/rtl/sdr/rtl/enc_file/sdr_wrrd.enc.v' in ../../source_code/rtl/sdr/rtl/enc_file/sdr_wrrd.enc.v(19)
HDL-1007 : analyze verilog file ../../source_code/rtl/camera_data_gen.v
HDL-1007 : analyze verilog file ../../source_code/rtl/ov5640/ov5640_dri.v
HDL-1007 : analyze verilog file ../../source_code/rtl/ov5640/ov5640_delay.v
HDL-1007 : analyze verilog file ../../source_code/rtl/ov5640/i2c_ov5640_rgb565_cfg.v
HDL-1007 : analyze verilog file ../../source_code/rtl/ov5640/i2c_dri.v
HDL-1007 : analyze verilog file ../../source_code/rtl/ov5640/cmos_capture_data.v
HDL-1007 : analyze verilog file ../../source_code/rtl/sdram_write_static_sel.v
HDL-1007 : analyze verilog file ../../source_code/rtl/uart/cmd_ctrl.v
HDL-1007 : analyze verilog file ../../source_code/rtl/uart/uart_rx.v
HDL-1007 : analyze verilog file ../../source_code/rtl/uart/uart_test.v
HDL-1007 : analyze verilog file ../../source_code/rtl/uart/uart_tx.v
HDL-1007 : analyze verilog file ../../source_code/rtl/display/video_delay.v
HDL-1007 : analyze verilog file ../../source_code/rtl/display/video_timing_data.v
HDL-1007 : analyze verilog file ../../source_code/rtl/sdram_read_align.v
HDL-1007 : analyze VHDL file ../../source_code/rtl/hdmi/hdmi_tx.vhd
HDL-1007 : analyze entity hdmi_tx in ../../source_code/rtl/hdmi/hdmi_tx.vhd(11)
HDL-1007 : analyze architecture behavioral in ../../source_code/rtl/hdmi/hdmi_tx.vhd(33)
HDL-1007 : analyze verilog file ../../source_code/rtl/sd/sd_card_ctrl.v
HDL-1007 : analyze VHDL file ../../source_code/rtl/hdmi/enc_file/DVITransmitter.enc.vhd
HDL-1007 : analyze entity dvitransmitter in ../../source_code/rtl/hdmi/enc_file/DVITransmitter.enc.vhd(13)
HDL-1007 : analyze architecture ** in ../../source_code/rtl/hdmi/enc_file/DVITransmitter.enc.vhd(2)
HDL-1007 : analyze VHDL file ../../source_code/rtl/hdmi/enc_file/SerializerN_1_lvds.enc.vhd
HDL-1007 : analyze entity ** in ../../source_code/rtl/hdmi/enc_file/SerializerN_1_lvds.enc.vhd(12)
HDL-1007 : analyze architecture ** in ../../source_code/rtl/hdmi/enc_file/SerializerN_1_lvds.enc.vhd(25)
HDL-1007 : analyze VHDL file ../../source_code/rtl/hdmi/enc_file/SerializerN_1_lvds_dat.enc.vhd
HDL-1007 : analyze entity ** in ../../source_code/rtl/hdmi/enc_file/SerializerN_1_lvds_dat.enc.vhd(14)
HDL-1007 : analyze architecture ** in ../../source_code/rtl/hdmi/enc_file/SerializerN_1_lvds_dat.enc.vhd(28)
HDL-1007 : analyze VHDL file ../../source_code/rtl/hdmi/enc_file/TMDSEncoder.enc.vhd
HDL-1007 : analyze entity ** in ../../source_code/rtl/hdmi/enc_file/TMDSEncoder.enc.vhd(13)
HDL-1007 : analyze architecture ** in ../../source_code/rtl/hdmi/enc_file/TMDSEncoder.enc.vhd(24)
HDL-1007 : analyze verilog file ../../source_code/rtl/display/color_bar.v
HDL-1007 : analyze included file ../../source_code/rtl/display/video_define.v in ../../source_code/rtl/display/color_bar.v(1)
HDL-1007 : back to file '../../source_code/rtl/display/color_bar.v' in ../../source_code/rtl/display/color_bar.v(1)
PRJ-1412 : reset_run syn_1 phy_1.
PRJ-1409 : launch_runs syn_1 phy_1  -jobs 6.
PRJ-1410 : Run syn_1 success.
PRJ-1410 : Run phy_1 success.
RUN-1002 : start command "save_best_bits"
PRJ-1424 : The implemented result of phy_1 is saved as best result.
RUN-1002 : start command "import_db D:/Anlu/double_fpga_udp/tx/sdram_switch/UDP_EG4_6.2/prj/UDP_EXAMPLE/UDP_EXAMPLE_Runs/phy_1/UDP_EXAMPLE_pr.db"
RUN-1001 : Importing database generated by Tang Dynasty, V6.2.168116.
RUN-1001 : Database version number 46207
RUN-1001 : Import flow parameters
RUN-1001 : Import netlist
PHY-1001 : Generate detailed routing grids ...
PHY-1001 : End build routing graph; 1.672410s wall, 1.453125s user + 0.312500s system = 1.765625s CPU (105.6%)

PHY-1001 : Processed IO instance sd_miso_syn_4 with INV attribute.
PHY-1001 : Build lut bridge;  0.203792s wall, 0.187500s user + 0.031250s system = 0.218750s CPU (107.3%)

PHY-1001 : Generate nets ...
PHY-1001 : net cam_pclk_dup_1 will be routed on clock mesh
PHY-1001 : net clk_50_dup_1 will be routed on clock mesh
PHY-1001 : net clk_50m_180deg will be routed on clock mesh
PHY-1001 : clock net temac_clk will be merged with clock u_clk_gen/u_pll_0/clk0_buf
PHY-1001 : net temac_clk90 will be routed on clock mesh
PHY-1001 : net udp_clk will be routed on clock mesh
PHY-1001 : clock net t3_sdram/u0_clk/clk0_out will be merged with clock t3_sdram/u0_clk/clk0_buf
PHY-1001 : net t3_sdram/u1_app_wrrd/clk will be routed on clock mesh
PHY-1001 : net t3_sdram/u1_app_wrrd/sd_clk will be routed on clock mesh
PHY-1001 : net t3_sdram/u2_ram/SDRAM_CLK will be routed on clock mesh
PHY-1001 : clock net u_sd_ctrl_top/u_sd_init/div_clk_syn_4 will be merged with clock u_sd_ctrl_top/u_sd_init/div_clk
PHY-1001 : clock net u_ov5640_dri/u_i2c_dr/dri_clk_syn_4 will be merged with clock u_ov5640_dri/u_i2c_dr/dri_clk
PHY-1001 : clock net u3_hdmi_tx/Inst_DVITransmitter/PCLK_I will be merged with clock video_pll_m0/clk0_buf
PHY-1001 : net u3_hdmi_tx/Inst_DVITransmitter/PCLK_X5_I will be routed on clock mesh
PHY-1001 : clock net u_sdram_write_sel/clk_cfg will be merged with clock u_pll_50/clk0_buf
PHY-1001 : eco open net = 0
PHY-1001 : 269 feed throughs used by 223 nets
RUN-1001 : Import phy database
RUN-1001 : Import timing constraints
RUN-1001 : Import IO constraints
RUN-1001 : Import Inst constraints
RUN-1001 : Import ChipWatcher
RUN-1001 : Import design success TD_VERSION=6.2.168116 , DB_VERSION=46207
RUN-1003 : finish command "import_db D:/Anlu/double_fpga_udp/tx/sdram_switch/UDP_EG4_6.2/prj/UDP_EXAMPLE/UDP_EXAMPLE_Runs/phy_1/UDP_EXAMPLE_pr.db" in  8.150790s wall, 6.859375s user + 1.875000s system = 8.734375s CPU (107.2%)

RUN-1004 : used memory is 645 MB, reserved memory is 829 MB, peak memory is 767 MB
RUN-1002 : start command "commit_param -step design"
RUN-1001 : Print Global Property
RUN-1001 : --------------------------------------------------------
RUN-1001 :   Parameters   |  Settings  |  Default Values  |  Note  
RUN-1001 : --------------------------------------------------------
RUN-1001 :   enable_seed  |    off     |       off        |        
RUN-1001 :     message    |  standard  |     standard     |        
RUN-1001 :   qor_monitor  |     on     |        on        |        
RUN-1001 :   syn_ip_flow  |    off     |       off        |        
RUN-1001 :     thread     |    auto    |       auto       |        
RUN-1001 : --------------------------------------------------------
RUN-1001 : Print Design Property
RUN-1001 : ----------------------------------------------------------------
RUN-1001 :       Parameters       |  Settings  |  Default Values  |  Note  
RUN-1001 : ----------------------------------------------------------------
RUN-1001 :   default_reg_initial  |    auto    |       auto       |        
RUN-1001 :    hdl_warning_level   |   normal   |      normal      |        
RUN-1001 : ----------------------------------------------------------------
HDL-1007 : analyze verilog file al_ip/TEMAC_CORE/RTL/mac_core_aead6cd6dadd.v
HDL-1007 : analyze verilog file al_ip/TEMAC_CORE/RTL/TEMAC_CORE_aead6cd6dadd.v
HDL-5007 WARNING: column 1032 exceeds maximum value 1023 in al_ip/TEMAC_CORE/RTL/TEMAC_CORE_aead6cd6dadd.v(30)
HDL-1007 : back to file 'al_ip/TEMAC_CORE/RTL/TEMAC_CORE_aead6cd6dadd.v' in al_ip/TEMAC_CORE/RTL/TEMAC_CORE_aead6cd6dadd.v(86)
HDL-5007 WARNING: event expressions must result in a singular type in al_ip/TEMAC_CORE/RTL/TEMAC_CORE_aead6cd6dadd.v(3001)
HDL-1007 : undeclared symbol '**', assumed default net type '**' in al_ip/TEMAC_CORE/RTL/TEMAC_CORE_aead6cd6dadd.v(5050)
HDL-1007 : undeclared symbol '**', assumed default net type '**' in al_ip/TEMAC_CORE/RTL/TEMAC_CORE_aead6cd6dadd.v(5458)
HDL-5007 WARNING: column 1035 exceeds maximum value 1023 in al_ip/TEMAC_CORE/RTL/TEMAC_CORE_aead6cd6dadd.v(6001)
HDL-1007 : back to file 'al_ip/TEMAC_CORE/RTL/TEMAC_CORE_aead6cd6dadd.v' in al_ip/TEMAC_CORE/RTL/TEMAC_CORE_aead6cd6dadd.v(260)
HDL-1007 : analyze verilog file al_ip/TEMAC_CORE/TEMAC_CORE.v
HDL-1007 : analyze verilog file al_ip/clk_pll.v
HDL-1007 : undeclared symbol 'clk_pll_open0', assumed default net type 'wire' in al_ip/clk_pll.v(92)
HDL-1007 : undeclared symbol 'clk_pll_open8', assumed default net type 'wire' in al_ip/clk_pll.v(98)
HDL-1007 : undeclared symbol 'clk_pll_open7', assumed default net type 'wire' in al_ip/clk_pll.v(98)
HDL-1007 : undeclared symbol 'clk_pll_open6', assumed default net type 'wire' in al_ip/clk_pll.v(98)
HDL-1007 : undeclared symbol 'clk_pll_open5', assumed default net type 'wire' in al_ip/clk_pll.v(98)
HDL-1007 : undeclared symbol 'clk_pll_open4', assumed default net type 'wire' in al_ip/clk_pll.v(98)
HDL-1007 : undeclared symbol 'clk_pll_open3', assumed default net type 'wire' in al_ip/clk_pll.v(98)
HDL-1007 : undeclared symbol 'clk_pll_open2', assumed default net type 'wire' in al_ip/clk_pll.v(98)
HDL-1007 : undeclared symbol 'clk_pll_open1', assumed default net type 'wire' in al_ip/clk_pll.v(98)
HDL-1007 : undeclared symbol 'clk_pll_open9', assumed default net type 'wire' in al_ip/clk_pll.v(100)
HDL-1007 : analyze verilog file al_ip/fifo_sdr_data_2.v
HDL-1007 : analyze verilog file al_ip/pll_50.v
HDL-1007 : undeclared symbol 'open', assumed default net type 'wire' in al_ip/pll_50.v(85)
HDL-1007 : analyze verilog file al_ip/pll_gen.v
HDL-1007 : undeclared symbol 'pll_gen_open0', assumed default net type 'wire' in al_ip/pll_gen.v(99)
HDL-1007 : undeclared symbol 'pll_gen_open8', assumed default net type 'wire' in al_ip/pll_gen.v(105)
HDL-1007 : undeclared symbol 'pll_gen_open7', assumed default net type 'wire' in al_ip/pll_gen.v(105)
HDL-1007 : undeclared symbol 'pll_gen_open6', assumed default net type 'wire' in al_ip/pll_gen.v(105)
HDL-1007 : undeclared symbol 'pll_gen_open5', assumed default net type 'wire' in al_ip/pll_gen.v(105)
HDL-1007 : undeclared symbol 'pll_gen_open4', assumed default net type 'wire' in al_ip/pll_gen.v(105)
HDL-1007 : undeclared symbol 'pll_gen_open3', assumed default net type 'wire' in al_ip/pll_gen.v(105)
HDL-1007 : undeclared symbol 'pll_gen_open2', assumed default net type 'wire' in al_ip/pll_gen.v(105)
HDL-1007 : undeclared symbol 'pll_gen_open1', assumed default net type 'wire' in al_ip/pll_gen.v(105)
HDL-1007 : analyze verilog file al_ip/rx_pll.v
HDL-1007 : undeclared symbol 'open', assumed default net type 'wire' in al_ip/rx_pll.v(78)
HDL-1007 : analyze verilog file al_ip/video_pll.v
HDL-1007 : undeclared symbol 'video_pll_open0', assumed default net type 'wire' in al_ip/video_pll.v(70)
HDL-1007 : undeclared symbol 'video_pll_open1', assumed default net type 'wire' in al_ip/video_pll.v(76)
HDL-1007 : undeclared symbol 'video_pll_open9', assumed default net type 'wire' in al_ip/video_pll.v(82)
HDL-1007 : undeclared symbol 'video_pll_open8', assumed default net type 'wire' in al_ip/video_pll.v(82)
HDL-1007 : undeclared symbol 'video_pll_open7', assumed default net type 'wire' in al_ip/video_pll.v(82)
HDL-1007 : undeclared symbol 'video_pll_open6', assumed default net type 'wire' in al_ip/video_pll.v(82)
HDL-1007 : undeclared symbol 'video_pll_open5', assumed default net type 'wire' in al_ip/video_pll.v(82)
HDL-1007 : undeclared symbol 'video_pll_open4', assumed default net type 'wire' in al_ip/video_pll.v(82)
HDL-1007 : undeclared symbol 'video_pll_open3', assumed default net type 'wire' in al_ip/video_pll.v(82)
HDL-1007 : undeclared symbol 'video_pll_open2', assumed default net type 'wire' in al_ip/video_pll.v(82)
HDL-1007 : undeclared symbol 'video_pll_open12', assumed default net type 'wire' in al_ip/video_pll.v(84)
HDL-1007 : undeclared symbol 'video_pll_open11', assumed default net type 'wire' in al_ip/video_pll.v(84)
HDL-1007 : undeclared symbol 'video_pll_open10', assumed default net type 'wire' in al_ip/video_pll.v(84)
HDL-1007 : analyze verilog file ../../source_code/rtl/BUFGMUX.v
HDL-1007 : analyze verilog file ../../source_code/rtl/clk_gen_rst_gen.v
HDL-1007 : analyze verilog file ../../source_code/rtl/div_clk_gen.v
HDL-1007 : analyze verilog file ../../source_code/rtl/IDDR.v
HDL-1007 : analyze verilog file ../../source_code/rtl/ODDR.v
HDL-1007 : analyze verilog file ../../source_code/rtl/RAMB16_S9_S9.v
HDL-1007 : undeclared symbol 'open', assumed default net type 'wire' in ../../source_code/rtl/RAMB16_S9_S9.v(109)
HDL-1007 : analyze verilog file ../../source_code/rtl/rgmii_interface.v
HDL-1007 : analyze verilog file ../../source_code/rtl/rx_client_fifo.v
HDL-5370 WARNING: parameter 'WAIT_s' becomes localparam in 'rx_client_fifo' with formal parameter declaration list in ../../source_code/rtl/rx_client_fifo.v(49)
HDL-5370 WARNING: parameter 'QUEUE1_s' becomes localparam in 'rx_client_fifo' with formal parameter declaration list in ../../source_code/rtl/rx_client_fifo.v(50)
HDL-5370 WARNING: parameter 'QUEUE2_s' becomes localparam in 'rx_client_fifo' with formal parameter declaration list in ../../source_code/rtl/rx_client_fifo.v(51)
HDL-5370 WARNING: parameter 'QUEUE3_s' becomes localparam in 'rx_client_fifo' with formal parameter declaration list in ../../source_code/rtl/rx_client_fifo.v(52)
HDL-5370 WARNING: parameter 'QUEUE_SOF_s' becomes localparam in 'rx_client_fifo' with formal parameter declaration list in ../../source_code/rtl/rx_client_fifo.v(53)
HDL-5370 WARNING: parameter 'SOF_s' becomes localparam in 'rx_client_fifo' with formal parameter declaration list in ../../source_code/rtl/rx_client_fifo.v(54)
HDL-5370 WARNING: parameter 'DATA_s' becomes localparam in 'rx_client_fifo' with formal parameter declaration list in ../../source_code/rtl/rx_client_fifo.v(55)
HDL-5370 WARNING: parameter 'EOF_s' becomes localparam in 'rx_client_fifo' with formal parameter declaration list in ../../source_code/rtl/rx_client_fifo.v(56)
HDL-5370 WARNING: parameter 'IDLE_s' becomes localparam in 'rx_client_fifo' with formal parameter declaration list in ../../source_code/rtl/rx_client_fifo.v(62)
HDL-5370 WARNING: parameter 'FRAME_s' becomes localparam in 'rx_client_fifo' with formal parameter declaration list in ../../source_code/rtl/rx_client_fifo.v(63)
HDL-5370 Similar messages will be suppressed.
HDL-1007 : analyze verilog file ../../source_code/rtl/temac_block.v
HDL-1007 : analyze verilog file ../../source_code/rtl/temac_clk_gen.v
HDL-1007 : analyze verilog file ../../source_code/rtl/tx_client_fifo.v
HDL-5370 WARNING: parameter 'IDLE_s' becomes localparam in 'tx_client_fifo' with formal parameter declaration list in ../../source_code/rtl/tx_client_fifo.v(53)
HDL-5370 WARNING: parameter 'QUEUE1_s' becomes localparam in 'tx_client_fifo' with formal parameter declaration list in ../../source_code/rtl/tx_client_fifo.v(54)
HDL-5370 WARNING: parameter 'QUEUE2_s' becomes localparam in 'tx_client_fifo' with formal parameter declaration list in ../../source_code/rtl/tx_client_fifo.v(55)
HDL-5370 WARNING: parameter 'QUEUE3_s' becomes localparam in 'tx_client_fifo' with formal parameter declaration list in ../../source_code/rtl/tx_client_fifo.v(56)
HDL-5370 WARNING: parameter 'QUEUE_ACK_s' becomes localparam in 'tx_client_fifo' with formal parameter declaration list in ../../source_code/rtl/tx_client_fifo.v(57)
HDL-5370 WARNING: parameter 'WAIT_ACK_s' becomes localparam in 'tx_client_fifo' with formal parameter declaration list in ../../source_code/rtl/tx_client_fifo.v(58)
HDL-5370 WARNING: parameter 'FRAME_s' becomes localparam in 'tx_client_fifo' with formal parameter declaration list in ../../source_code/rtl/tx_client_fifo.v(59)
HDL-5370 WARNING: parameter 'DROP_s' becomes localparam in 'tx_client_fifo' with formal parameter declaration list in ../../source_code/rtl/tx_client_fifo.v(60)
HDL-5370 WARNING: parameter 'RETRANSMIT_s' becomes localparam in 'tx_client_fifo' with formal parameter declaration list in ../../source_code/rtl/tx_client_fifo.v(61)
HDL-5370 WARNING: parameter 'WAIT_s' becomes localparam in 'tx_client_fifo' with formal parameter declaration list in ../../source_code/rtl/tx_client_fifo.v(67)
HDL-5370 Similar messages will be suppressed.
HDL-1007 : analyze verilog file ../../source_code/rtl/tx_clk_en_gen.v
HDL-1007 : analyze verilog file ../../source_code/rtl/udp_data_tpg.v
HDL-1007 : analyze verilog file ../../source_code/rtl/UDP_Example_Top.v
HDL-1007 : undeclared symbol 'video_clk', assumed default net type 'wire' in ../../source_code/rtl/UDP_Example_Top.v(226)
HDL-1007 : undeclared symbol 'hdmi_5x_clk', assumed default net type 'wire' in ../../source_code/rtl/UDP_Example_Top.v(227)
HDL-1007 : undeclared symbol 'phy_reset', assumed default net type 'wire' in ../../source_code/rtl/UDP_Example_Top.v(435)
HDL-5333 WARNING: data object 'rst_n' is already declared in ../../source_code/rtl/UDP_Example_Top.v(482)
HDL-1007 : previous declaration of 'rst_n' is from here in ../../source_code/rtl/UDP_Example_Top.v(246)
HDL-5007 WARNING: second declaration of 'rst_n' is ignored in ../../source_code/rtl/UDP_Example_Top.v(482)
HDL-1007 : undeclared symbol 'tpg_data_done', assumed default net type 'wire' in ../../source_code/rtl/UDP_Example_Top.v(590)
HDL-1007 : undeclared symbol 'Sdr_rd_en_aligned', assumed default net type 'wire' in ../../source_code/rtl/UDP_Example_Top.v(606)
HDL-1007 : undeclared symbol 'image_r', assumed default net type 'wire' in ../../source_code/rtl/UDP_Example_Top.v(607)
HDL-1007 : undeclared symbol 'image_g', assumed default net type 'wire' in ../../source_code/rtl/UDP_Example_Top.v(608)
HDL-1007 : undeclared symbol 'image_b', assumed default net type 'wire' in ../../source_code/rtl/UDP_Example_Top.v(609)
HDL-1007 : undeclared symbol 'vga_out_de', assumed default net type 'wire' in ../../source_code/rtl/UDP_Example_Top.v(622)
HDL-1007 : undeclared symbol 'hs', assumed default net type 'wire' in ../../source_code/rtl/UDP_Example_Top.v(672)
HDL-1007 : undeclared symbol 'vs', assumed default net type 'wire' in ../../source_code/rtl/UDP_Example_Top.v(673)
HDL-1007 : undeclared symbol 'de', assumed default net type 'wire' in ../../source_code/rtl/UDP_Example_Top.v(674)
HDL-1007 : analyze verilog file ../../source_code/rtl/udp_ip_protocol_stack_merge.enc.v
HDL-1007 : back to file '../../source_code/rtl/udp_ip_protocol_stack_merge.enc.v' in ../../source_code/rtl/udp_ip_protocol_stack_merge.enc.v(56)
HDL-1007 : undeclared symbol '**', assumed default net type '**' in ../../source_code/rtl/udp_ip_protocol_stack_merge.enc.v(2638)
HDL-1007 : back to file '../../source_code/rtl/udp_ip_protocol_stack_merge.enc.v' in ../../source_code/rtl/udp_ip_protocol_stack_merge.enc.v(420)
HDL-1007 : analyze verilog file ../../source_code/rtl/udp_loopback.v
HDL-1007 : analyze verilog file ../../source_code/rtl/sdr/rtl/app_wrrd.v
HDL-1007 : analyze included file ../../source_code/rtl/sdr/rtl/../include/global_def.v in ../../source_code/rtl/sdr/rtl/app_wrrd.v(10)
HDL-1007 : back to file '../../source_code/rtl/sdr/rtl/app_wrrd.v' in ../../source_code/rtl/sdr/rtl/app_wrrd.v(10)
HDL-5372 WARNING: redeclaration of ANSI port 'full_flag' is not allowed in ../../source_code/rtl/sdr/rtl/app_wrrd.v(61)
HDL-1007 : undeclared symbol 'afull', assumed default net type 'wire' in ../../source_code/rtl/sdr/rtl/app_wrrd.v(74)
HDL-1007 : undeclared symbol 'aempty', assumed default net type 'wire' in ../../source_code/rtl/sdr/rtl/app_wrrd.v(75)
HDL-1007 : undeclared symbol 'wrusedw', assumed default net type 'wire' in ../../source_code/rtl/sdr/rtl/app_wrrd.v(76)
HDL-5333 WARNING: data object 'w_addr_cnt' is already declared in ../../source_code/rtl/sdr/rtl/app_wrrd.v(139)
HDL-1007 : previous declaration of 'w_addr_cnt' is from here in ../../source_code/rtl/sdr/rtl/app_wrrd.v(38)
HDL-5007 WARNING: second declaration of 'w_addr_cnt' is ignored in ../../source_code/rtl/sdr/rtl/app_wrrd.v(139)
HDL-1007 : analyze verilog file ../../source_code/rtl/sdr/rtl/sdram_top.v
HDL-1007 : analyze included file ../../source_code/rtl/sdr/rtl/../include/global_def.v in ../../source_code/rtl/sdr/rtl/sdram_top.v(10)
HDL-1007 : back to file '../../source_code/rtl/sdr/rtl/sdram_top.v' in ../../source_code/rtl/sdr/rtl/sdram_top.v(10)
HDL-1007 : undeclared symbol 'Rst_n', assumed default net type 'wire' in ../../source_code/rtl/sdr/rtl/sdram_top.v(70)
HDL-5372 WARNING: redeclaration of ANSI port 'wr_done' is not allowed in ../../source_code/rtl/sdr/rtl/sdram_top.v(73)
HDL-1007 : undeclared symbol 'SDR_CKE', assumed default net type 'wire' in ../../source_code/rtl/sdr/rtl/sdram_top.v(132)
HDL-1007 : analyze verilog file ../../source_code/rtl/sd/sd_ctrl_top.v
HDL-1007 : analyze verilog file ../../source_code/rtl/sd/sd_init.v
HDL-1007 : analyze verilog file ../../source_code/rtl/sd/sd_read.v
HDL-1007 : analyze verilog file ../../source_code/rtl/sd/sd_read_photo.v
HDL-1007 : analyze verilog file ../../source_code/rtl/sdr/rtl/enc_file/sdr_as_ram.enc.v
HDL-1007 : back to file '../../source_code/rtl/sdr/rtl/enc_file/sdr_as_ram.enc.v' in ../../source_code/rtl/sdr/rtl/enc_file/sdr_as_ram.enc.v(45)
HDL-1007 : analyze verilog file ../../source_code/rtl/sdr/rtl/enc_file/sdr_init_ref.enc.v
HDL-1007 : undeclared symbol '**', assumed default net type '**' in ../../source_code/rtl/sdr/rtl/enc_file/sdr_init_ref.enc.v(57)
HDL-1007 : back to file '../../source_code/rtl/sdr/rtl/enc_file/sdr_init_ref.enc.v' in ../../source_code/rtl/sdr/rtl/enc_file/sdr_init_ref.enc.v(148)
HDL-5007 WARNING: concatenation with an unsized literal will be treated as 32 bits in ../../source_code/rtl/sdr/rtl/enc_file/sdr_init_ref.enc.v(47)
HDL-1007 : analyze verilog file ../../source_code/rtl/sdr/rtl/enc_file/sdr_wrrd.enc.v
HDL-5007 WARNING: concatenation with an unsized literal will be treated as 32 bits in ../../source_code/rtl/sdr/rtl/enc_file/sdr_wrrd.enc.v(283)
HDL-1007 : back to file '../../source_code/rtl/sdr/rtl/enc_file/sdr_wrrd.enc.v' in ../../source_code/rtl/sdr/rtl/enc_file/sdr_wrrd.enc.v(19)
HDL-1007 : analyze verilog file ../../source_code/rtl/camera_data_gen.v
HDL-1007 : analyze verilog file ../../source_code/rtl/ov5640/ov5640_dri.v
HDL-1007 : analyze verilog file ../../source_code/rtl/ov5640/ov5640_delay.v
HDL-1007 : analyze verilog file ../../source_code/rtl/ov5640/i2c_ov5640_rgb565_cfg.v
HDL-1007 : analyze verilog file ../../source_code/rtl/ov5640/i2c_dri.v
HDL-1007 : analyze verilog file ../../source_code/rtl/ov5640/cmos_capture_data.v
HDL-1007 : analyze verilog file ../../source_code/rtl/sdram_write_static_sel.v
HDL-1007 : analyze verilog file ../../source_code/rtl/uart/cmd_ctrl.v
HDL-1007 : analyze verilog file ../../source_code/rtl/uart/uart_rx.v
HDL-1007 : analyze verilog file ../../source_code/rtl/uart/uart_test.v
HDL-1007 : analyze verilog file ../../source_code/rtl/uart/uart_tx.v
HDL-1007 : analyze verilog file ../../source_code/rtl/display/video_delay.v
HDL-1007 : analyze verilog file ../../source_code/rtl/display/video_timing_data.v
HDL-1007 : analyze verilog file ../../source_code/rtl/sdram_read_align.v
HDL-1007 : analyze VHDL file ../../source_code/rtl/hdmi/hdmi_tx.vhd
HDL-1007 : analyze entity hdmi_tx in ../../source_code/rtl/hdmi/hdmi_tx.vhd(11)
HDL-1007 : analyze architecture behavioral in ../../source_code/rtl/hdmi/hdmi_tx.vhd(33)
HDL-1007 : analyze verilog file ../../source_code/rtl/sd/sd_card_ctrl.v
HDL-1007 : analyze VHDL file ../../source_code/rtl/hdmi/enc_file/DVITransmitter.enc.vhd
HDL-1007 : analyze entity dvitransmitter in ../../source_code/rtl/hdmi/enc_file/DVITransmitter.enc.vhd(13)
HDL-1007 : analyze architecture ** in ../../source_code/rtl/hdmi/enc_file/DVITransmitter.enc.vhd(2)
HDL-1007 : analyze VHDL file ../../source_code/rtl/hdmi/enc_file/SerializerN_1_lvds.enc.vhd
HDL-1007 : analyze entity ** in ../../source_code/rtl/hdmi/enc_file/SerializerN_1_lvds.enc.vhd(12)
HDL-1007 : analyze architecture ** in ../../source_code/rtl/hdmi/enc_file/SerializerN_1_lvds.enc.vhd(25)
HDL-1007 : analyze VHDL file ../../source_code/rtl/hdmi/enc_file/SerializerN_1_lvds_dat.enc.vhd
HDL-1007 : analyze entity ** in ../../source_code/rtl/hdmi/enc_file/SerializerN_1_lvds_dat.enc.vhd(14)
HDL-1007 : analyze architecture ** in ../../source_code/rtl/hdmi/enc_file/SerializerN_1_lvds_dat.enc.vhd(28)
HDL-1007 : analyze VHDL file ../../source_code/rtl/hdmi/enc_file/TMDSEncoder.enc.vhd
HDL-1007 : analyze entity ** in ../../source_code/rtl/hdmi/enc_file/TMDSEncoder.enc.vhd(13)
HDL-1007 : analyze architecture ** in ../../source_code/rtl/hdmi/enc_file/TMDSEncoder.enc.vhd(24)
HDL-1007 : analyze verilog file ../../source_code/rtl/display/color_bar.v
HDL-1007 : analyze included file ../../source_code/rtl/display/video_define.v in ../../source_code/rtl/display/color_bar.v(1)
HDL-1007 : back to file '../../source_code/rtl/display/color_bar.v' in ../../source_code/rtl/display/color_bar.v(1)
RUN-1002 : start command "commit_param -step design"
RUN-1001 : Print Global Property
RUN-1001 : --------------------------------------------------------
RUN-1001 :   Parameters   |  Settings  |  Default Values  |  Note  
RUN-1001 : --------------------------------------------------------
RUN-1001 :   enable_seed  |    off     |       off        |        
RUN-1001 :     message    |  standard  |     standard     |        
RUN-1001 :   qor_monitor  |     on     |        on        |        
RUN-1001 :   syn_ip_flow  |    off     |       off        |        
RUN-1001 :     thread     |    auto    |       auto       |        
RUN-1001 : --------------------------------------------------------
RUN-1001 : Print Design Property
RUN-1001 : ----------------------------------------------------------------
RUN-1001 :       Parameters       |  Settings  |  Default Values  |  Note  
RUN-1001 : ----------------------------------------------------------------
RUN-1001 :   default_reg_initial  |    auto    |       auto       |        
RUN-1001 :    hdl_warning_level   |   normal   |      normal      |        
RUN-1001 : ----------------------------------------------------------------
HDL-1007 : analyze verilog file al_ip/TEMAC_CORE/RTL/mac_core_aead6cd6dadd.v
HDL-1007 : analyze verilog file al_ip/TEMAC_CORE/RTL/TEMAC_CORE_aead6cd6dadd.v
HDL-5007 WARNING: column 1032 exceeds maximum value 1023 in al_ip/TEMAC_CORE/RTL/TEMAC_CORE_aead6cd6dadd.v(30)
HDL-1007 : back to file 'al_ip/TEMAC_CORE/RTL/TEMAC_CORE_aead6cd6dadd.v' in al_ip/TEMAC_CORE/RTL/TEMAC_CORE_aead6cd6dadd.v(86)
HDL-5007 WARNING: event expressions must result in a singular type in al_ip/TEMAC_CORE/RTL/TEMAC_CORE_aead6cd6dadd.v(3001)
HDL-1007 : undeclared symbol '**', assumed default net type '**' in al_ip/TEMAC_CORE/RTL/TEMAC_CORE_aead6cd6dadd.v(5050)
HDL-1007 : undeclared symbol '**', assumed default net type '**' in al_ip/TEMAC_CORE/RTL/TEMAC_CORE_aead6cd6dadd.v(5458)
HDL-5007 WARNING: column 1035 exceeds maximum value 1023 in al_ip/TEMAC_CORE/RTL/TEMAC_CORE_aead6cd6dadd.v(6001)
HDL-1007 : back to file 'al_ip/TEMAC_CORE/RTL/TEMAC_CORE_aead6cd6dadd.v' in al_ip/TEMAC_CORE/RTL/TEMAC_CORE_aead6cd6dadd.v(260)
HDL-1007 : analyze verilog file al_ip/TEMAC_CORE/TEMAC_CORE.v
HDL-1007 : analyze verilog file al_ip/clk_pll.v
HDL-1007 : undeclared symbol 'clk_pll_open0', assumed default net type 'wire' in al_ip/clk_pll.v(92)
HDL-1007 : undeclared symbol 'clk_pll_open8', assumed default net type 'wire' in al_ip/clk_pll.v(98)
HDL-1007 : undeclared symbol 'clk_pll_open7', assumed default net type 'wire' in al_ip/clk_pll.v(98)
HDL-1007 : undeclared symbol 'clk_pll_open6', assumed default net type 'wire' in al_ip/clk_pll.v(98)
HDL-1007 : undeclared symbol 'clk_pll_open5', assumed default net type 'wire' in al_ip/clk_pll.v(98)
HDL-1007 : undeclared symbol 'clk_pll_open4', assumed default net type 'wire' in al_ip/clk_pll.v(98)
HDL-1007 : undeclared symbol 'clk_pll_open3', assumed default net type 'wire' in al_ip/clk_pll.v(98)
HDL-1007 : undeclared symbol 'clk_pll_open2', assumed default net type 'wire' in al_ip/clk_pll.v(98)
HDL-1007 : undeclared symbol 'clk_pll_open1', assumed default net type 'wire' in al_ip/clk_pll.v(98)
HDL-1007 : undeclared symbol 'clk_pll_open9', assumed default net type 'wire' in al_ip/clk_pll.v(100)
HDL-1007 : analyze verilog file al_ip/fifo_sdr_data_2.v
HDL-1007 : analyze verilog file al_ip/pll_50.v
HDL-1007 : undeclared symbol 'open', assumed default net type 'wire' in al_ip/pll_50.v(85)
HDL-1007 : analyze verilog file al_ip/pll_gen.v
HDL-1007 : undeclared symbol 'pll_gen_open0', assumed default net type 'wire' in al_ip/pll_gen.v(99)
HDL-1007 : undeclared symbol 'pll_gen_open8', assumed default net type 'wire' in al_ip/pll_gen.v(105)
HDL-1007 : undeclared symbol 'pll_gen_open7', assumed default net type 'wire' in al_ip/pll_gen.v(105)
HDL-1007 : undeclared symbol 'pll_gen_open6', assumed default net type 'wire' in al_ip/pll_gen.v(105)
HDL-1007 : undeclared symbol 'pll_gen_open5', assumed default net type 'wire' in al_ip/pll_gen.v(105)
HDL-1007 : undeclared symbol 'pll_gen_open4', assumed default net type 'wire' in al_ip/pll_gen.v(105)
HDL-1007 : undeclared symbol 'pll_gen_open3', assumed default net type 'wire' in al_ip/pll_gen.v(105)
HDL-1007 : undeclared symbol 'pll_gen_open2', assumed default net type 'wire' in al_ip/pll_gen.v(105)
HDL-1007 : undeclared symbol 'pll_gen_open1', assumed default net type 'wire' in al_ip/pll_gen.v(105)
HDL-1007 : analyze verilog file al_ip/rx_pll.v
HDL-1007 : undeclared symbol 'open', assumed default net type 'wire' in al_ip/rx_pll.v(78)
HDL-1007 : analyze verilog file al_ip/video_pll.v
HDL-1007 : undeclared symbol 'video_pll_open0', assumed default net type 'wire' in al_ip/video_pll.v(70)
HDL-1007 : undeclared symbol 'video_pll_open1', assumed default net type 'wire' in al_ip/video_pll.v(76)
HDL-1007 : undeclared symbol 'video_pll_open9', assumed default net type 'wire' in al_ip/video_pll.v(82)
HDL-1007 : undeclared symbol 'video_pll_open8', assumed default net type 'wire' in al_ip/video_pll.v(82)
HDL-1007 : undeclared symbol 'video_pll_open7', assumed default net type 'wire' in al_ip/video_pll.v(82)
HDL-1007 : undeclared symbol 'video_pll_open6', assumed default net type 'wire' in al_ip/video_pll.v(82)
HDL-1007 : undeclared symbol 'video_pll_open5', assumed default net type 'wire' in al_ip/video_pll.v(82)
HDL-1007 : undeclared symbol 'video_pll_open4', assumed default net type 'wire' in al_ip/video_pll.v(82)
HDL-1007 : undeclared symbol 'video_pll_open3', assumed default net type 'wire' in al_ip/video_pll.v(82)
HDL-1007 : undeclared symbol 'video_pll_open2', assumed default net type 'wire' in al_ip/video_pll.v(82)
HDL-1007 : undeclared symbol 'video_pll_open12', assumed default net type 'wire' in al_ip/video_pll.v(84)
HDL-1007 : undeclared symbol 'video_pll_open11', assumed default net type 'wire' in al_ip/video_pll.v(84)
HDL-1007 : undeclared symbol 'video_pll_open10', assumed default net type 'wire' in al_ip/video_pll.v(84)
HDL-1007 : analyze verilog file ../../source_code/rtl/BUFGMUX.v
HDL-1007 : analyze verilog file ../../source_code/rtl/clk_gen_rst_gen.v
HDL-1007 : analyze verilog file ../../source_code/rtl/div_clk_gen.v
HDL-1007 : analyze verilog file ../../source_code/rtl/IDDR.v
HDL-1007 : analyze verilog file ../../source_code/rtl/ODDR.v
HDL-1007 : analyze verilog file ../../source_code/rtl/RAMB16_S9_S9.v
HDL-1007 : undeclared symbol 'open', assumed default net type 'wire' in ../../source_code/rtl/RAMB16_S9_S9.v(109)
HDL-1007 : analyze verilog file ../../source_code/rtl/rgmii_interface.v
HDL-1007 : analyze verilog file ../../source_code/rtl/rx_client_fifo.v
HDL-5370 WARNING: parameter 'WAIT_s' becomes localparam in 'rx_client_fifo' with formal parameter declaration list in ../../source_code/rtl/rx_client_fifo.v(49)
HDL-5370 WARNING: parameter 'QUEUE1_s' becomes localparam in 'rx_client_fifo' with formal parameter declaration list in ../../source_code/rtl/rx_client_fifo.v(50)
HDL-5370 WARNING: parameter 'QUEUE2_s' becomes localparam in 'rx_client_fifo' with formal parameter declaration list in ../../source_code/rtl/rx_client_fifo.v(51)
HDL-5370 WARNING: parameter 'QUEUE3_s' becomes localparam in 'rx_client_fifo' with formal parameter declaration list in ../../source_code/rtl/rx_client_fifo.v(52)
HDL-5370 WARNING: parameter 'QUEUE_SOF_s' becomes localparam in 'rx_client_fifo' with formal parameter declaration list in ../../source_code/rtl/rx_client_fifo.v(53)
HDL-5370 WARNING: parameter 'SOF_s' becomes localparam in 'rx_client_fifo' with formal parameter declaration list in ../../source_code/rtl/rx_client_fifo.v(54)
HDL-5370 WARNING: parameter 'DATA_s' becomes localparam in 'rx_client_fifo' with formal parameter declaration list in ../../source_code/rtl/rx_client_fifo.v(55)
HDL-5370 WARNING: parameter 'EOF_s' becomes localparam in 'rx_client_fifo' with formal parameter declaration list in ../../source_code/rtl/rx_client_fifo.v(56)
HDL-5370 WARNING: parameter 'IDLE_s' becomes localparam in 'rx_client_fifo' with formal parameter declaration list in ../../source_code/rtl/rx_client_fifo.v(62)
HDL-5370 WARNING: parameter 'FRAME_s' becomes localparam in 'rx_client_fifo' with formal parameter declaration list in ../../source_code/rtl/rx_client_fifo.v(63)
HDL-5370 Similar messages will be suppressed.
HDL-1007 : analyze verilog file ../../source_code/rtl/temac_block.v
HDL-1007 : analyze verilog file ../../source_code/rtl/temac_clk_gen.v
HDL-1007 : analyze verilog file ../../source_code/rtl/tx_client_fifo.v
HDL-5370 WARNING: parameter 'IDLE_s' becomes localparam in 'tx_client_fifo' with formal parameter declaration list in ../../source_code/rtl/tx_client_fifo.v(53)
HDL-5370 WARNING: parameter 'QUEUE1_s' becomes localparam in 'tx_client_fifo' with formal parameter declaration list in ../../source_code/rtl/tx_client_fifo.v(54)
HDL-5370 WARNING: parameter 'QUEUE2_s' becomes localparam in 'tx_client_fifo' with formal parameter declaration list in ../../source_code/rtl/tx_client_fifo.v(55)
HDL-5370 WARNING: parameter 'QUEUE3_s' becomes localparam in 'tx_client_fifo' with formal parameter declaration list in ../../source_code/rtl/tx_client_fifo.v(56)
HDL-5370 WARNING: parameter 'QUEUE_ACK_s' becomes localparam in 'tx_client_fifo' with formal parameter declaration list in ../../source_code/rtl/tx_client_fifo.v(57)
HDL-5370 WARNING: parameter 'WAIT_ACK_s' becomes localparam in 'tx_client_fifo' with formal parameter declaration list in ../../source_code/rtl/tx_client_fifo.v(58)
HDL-5370 WARNING: parameter 'FRAME_s' becomes localparam in 'tx_client_fifo' with formal parameter declaration list in ../../source_code/rtl/tx_client_fifo.v(59)
HDL-5370 WARNING: parameter 'DROP_s' becomes localparam in 'tx_client_fifo' with formal parameter declaration list in ../../source_code/rtl/tx_client_fifo.v(60)
HDL-5370 WARNING: parameter 'RETRANSMIT_s' becomes localparam in 'tx_client_fifo' with formal parameter declaration list in ../../source_code/rtl/tx_client_fifo.v(61)
HDL-5370 WARNING: parameter 'WAIT_s' becomes localparam in 'tx_client_fifo' with formal parameter declaration list in ../../source_code/rtl/tx_client_fifo.v(67)
HDL-5370 Similar messages will be suppressed.
HDL-1007 : analyze verilog file ../../source_code/rtl/tx_clk_en_gen.v
HDL-1007 : analyze verilog file ../../source_code/rtl/udp_data_tpg.v
HDL-1007 : analyze verilog file ../../source_code/rtl/UDP_Example_Top.v
HDL-1007 : undeclared symbol 'video_clk', assumed default net type 'wire' in ../../source_code/rtl/UDP_Example_Top.v(226)
HDL-1007 : undeclared symbol 'hdmi_5x_clk', assumed default net type 'wire' in ../../source_code/rtl/UDP_Example_Top.v(227)
HDL-1007 : undeclared symbol 'video_read_en', assumed default net type 'wire' in ../../source_code/rtl/UDP_Example_Top.v(394)
HDL-1007 : undeclared symbol 'phy_reset', assumed default net type 'wire' in ../../source_code/rtl/UDP_Example_Top.v(435)
HDL-5333 WARNING: data object 'rst_n' is already declared in ../../source_code/rtl/UDP_Example_Top.v(482)
HDL-1007 : previous declaration of 'rst_n' is from here in ../../source_code/rtl/UDP_Example_Top.v(246)
HDL-5007 WARNING: second declaration of 'rst_n' is ignored in ../../source_code/rtl/UDP_Example_Top.v(482)
HDL-1007 : undeclared symbol 'tpg_data_done', assumed default net type 'wire' in ../../source_code/rtl/UDP_Example_Top.v(590)
HDL-1007 : undeclared symbol 'Sdr_rd_en_aligned', assumed default net type 'wire' in ../../source_code/rtl/UDP_Example_Top.v(606)
HDL-1007 : undeclared symbol 'image_r', assumed default net type 'wire' in ../../source_code/rtl/UDP_Example_Top.v(607)
HDL-1007 : undeclared symbol 'image_g', assumed default net type 'wire' in ../../source_code/rtl/UDP_Example_Top.v(608)
HDL-1007 : undeclared symbol 'image_b', assumed default net type 'wire' in ../../source_code/rtl/UDP_Example_Top.v(609)
HDL-1007 : undeclared symbol 'vga_out_de', assumed default net type 'wire' in ../../source_code/rtl/UDP_Example_Top.v(622)
HDL-1007 : undeclared symbol 'hs', assumed default net type 'wire' in ../../source_code/rtl/UDP_Example_Top.v(672)
HDL-1007 : undeclared symbol 'vs', assumed default net type 'wire' in ../../source_code/rtl/UDP_Example_Top.v(673)
HDL-1007 : undeclared symbol 'de', assumed default net type 'wire' in ../../source_code/rtl/UDP_Example_Top.v(674)
HDL-1007 : analyze verilog file ../../source_code/rtl/udp_ip_protocol_stack_merge.enc.v
HDL-1007 : back to file '../../source_code/rtl/udp_ip_protocol_stack_merge.enc.v' in ../../source_code/rtl/udp_ip_protocol_stack_merge.enc.v(56)
HDL-1007 : undeclared symbol '**', assumed default net type '**' in ../../source_code/rtl/udp_ip_protocol_stack_merge.enc.v(2638)
HDL-1007 : back to file '../../source_code/rtl/udp_ip_protocol_stack_merge.enc.v' in ../../source_code/rtl/udp_ip_protocol_stack_merge.enc.v(420)
HDL-1007 : analyze verilog file ../../source_code/rtl/udp_loopback.v
HDL-1007 : analyze verilog file ../../source_code/rtl/sdr/rtl/app_wrrd.v
HDL-1007 : analyze included file ../../source_code/rtl/sdr/rtl/../include/global_def.v in ../../source_code/rtl/sdr/rtl/app_wrrd.v(10)
HDL-1007 : back to file '../../source_code/rtl/sdr/rtl/app_wrrd.v' in ../../source_code/rtl/sdr/rtl/app_wrrd.v(10)
HDL-5372 WARNING: redeclaration of ANSI port 'full_flag' is not allowed in ../../source_code/rtl/sdr/rtl/app_wrrd.v(61)
HDL-1007 : undeclared symbol 'afull', assumed default net type 'wire' in ../../source_code/rtl/sdr/rtl/app_wrrd.v(74)
HDL-1007 : undeclared symbol 'aempty', assumed default net type 'wire' in ../../source_code/rtl/sdr/rtl/app_wrrd.v(75)
HDL-1007 : undeclared symbol 'wrusedw', assumed default net type 'wire' in ../../source_code/rtl/sdr/rtl/app_wrrd.v(76)
HDL-5333 WARNING: data object 'w_addr_cnt' is already declared in ../../source_code/rtl/sdr/rtl/app_wrrd.v(139)
HDL-1007 : previous declaration of 'w_addr_cnt' is from here in ../../source_code/rtl/sdr/rtl/app_wrrd.v(38)
HDL-5007 WARNING: second declaration of 'w_addr_cnt' is ignored in ../../source_code/rtl/sdr/rtl/app_wrrd.v(139)
HDL-1007 : analyze verilog file ../../source_code/rtl/sdr/rtl/sdram_top.v
HDL-1007 : analyze included file ../../source_code/rtl/sdr/rtl/../include/global_def.v in ../../source_code/rtl/sdr/rtl/sdram_top.v(10)
HDL-1007 : back to file '../../source_code/rtl/sdr/rtl/sdram_top.v' in ../../source_code/rtl/sdr/rtl/sdram_top.v(10)
HDL-1007 : undeclared symbol 'Rst_n', assumed default net type 'wire' in ../../source_code/rtl/sdr/rtl/sdram_top.v(70)
HDL-5372 WARNING: redeclaration of ANSI port 'wr_done' is not allowed in ../../source_code/rtl/sdr/rtl/sdram_top.v(73)
HDL-1007 : undeclared symbol 'SDR_CKE', assumed default net type 'wire' in ../../source_code/rtl/sdr/rtl/sdram_top.v(132)
HDL-1007 : analyze verilog file ../../source_code/rtl/sd/sd_ctrl_top.v
HDL-1007 : analyze verilog file ../../source_code/rtl/sd/sd_init.v
HDL-1007 : analyze verilog file ../../source_code/rtl/sd/sd_read.v
HDL-1007 : analyze verilog file ../../source_code/rtl/sd/sd_read_photo.v
HDL-1007 : analyze verilog file ../../source_code/rtl/sdr/rtl/enc_file/sdr_as_ram.enc.v
HDL-1007 : back to file '../../source_code/rtl/sdr/rtl/enc_file/sdr_as_ram.enc.v' in ../../source_code/rtl/sdr/rtl/enc_file/sdr_as_ram.enc.v(45)
HDL-1007 : analyze verilog file ../../source_code/rtl/sdr/rtl/enc_file/sdr_init_ref.enc.v
HDL-1007 : undeclared symbol '**', assumed default net type '**' in ../../source_code/rtl/sdr/rtl/enc_file/sdr_init_ref.enc.v(57)
HDL-1007 : back to file '../../source_code/rtl/sdr/rtl/enc_file/sdr_init_ref.enc.v' in ../../source_code/rtl/sdr/rtl/enc_file/sdr_init_ref.enc.v(148)
HDL-5007 WARNING: concatenation with an unsized literal will be treated as 32 bits in ../../source_code/rtl/sdr/rtl/enc_file/sdr_init_ref.enc.v(47)
HDL-1007 : analyze verilog file ../../source_code/rtl/sdr/rtl/enc_file/sdr_wrrd.enc.v
HDL-5007 WARNING: concatenation with an unsized literal will be treated as 32 bits in ../../source_code/rtl/sdr/rtl/enc_file/sdr_wrrd.enc.v(283)
HDL-1007 : back to file '../../source_code/rtl/sdr/rtl/enc_file/sdr_wrrd.enc.v' in ../../source_code/rtl/sdr/rtl/enc_file/sdr_wrrd.enc.v(19)
HDL-1007 : analyze verilog file ../../source_code/rtl/camera_data_gen.v
HDL-1007 : analyze verilog file ../../source_code/rtl/ov5640/ov5640_dri.v
HDL-1007 : analyze verilog file ../../source_code/rtl/ov5640/ov5640_delay.v
HDL-1007 : analyze verilog file ../../source_code/rtl/ov5640/i2c_ov5640_rgb565_cfg.v
HDL-1007 : analyze verilog file ../../source_code/rtl/ov5640/i2c_dri.v
HDL-1007 : analyze verilog file ../../source_code/rtl/ov5640/cmos_capture_data.v
HDL-1007 : analyze verilog file ../../source_code/rtl/sdram_write_static_sel.v
HDL-1007 : analyze verilog file ../../source_code/rtl/uart/cmd_ctrl.v
HDL-1007 : analyze verilog file ../../source_code/rtl/uart/uart_rx.v
HDL-1007 : analyze verilog file ../../source_code/rtl/uart/uart_test.v
HDL-1007 : analyze verilog file ../../source_code/rtl/uart/uart_tx.v
HDL-1007 : analyze verilog file ../../source_code/rtl/display/video_delay.v
HDL-1007 : analyze verilog file ../../source_code/rtl/display/video_timing_data.v
HDL-1007 : analyze verilog file ../../source_code/rtl/sdram_read_align.v
HDL-1007 : analyze VHDL file ../../source_code/rtl/hdmi/hdmi_tx.vhd
HDL-1007 : analyze entity hdmi_tx in ../../source_code/rtl/hdmi/hdmi_tx.vhd(11)
HDL-1007 : analyze architecture behavioral in ../../source_code/rtl/hdmi/hdmi_tx.vhd(33)
HDL-1007 : analyze verilog file ../../source_code/rtl/sd/sd_card_ctrl.v
HDL-1007 : analyze VHDL file ../../source_code/rtl/hdmi/enc_file/DVITransmitter.enc.vhd
HDL-1007 : analyze entity dvitransmitter in ../../source_code/rtl/hdmi/enc_file/DVITransmitter.enc.vhd(13)
HDL-1007 : analyze architecture ** in ../../source_code/rtl/hdmi/enc_file/DVITransmitter.enc.vhd(2)
HDL-1007 : analyze VHDL file ../../source_code/rtl/hdmi/enc_file/SerializerN_1_lvds.enc.vhd
HDL-1007 : analyze entity ** in ../../source_code/rtl/hdmi/enc_file/SerializerN_1_lvds.enc.vhd(12)
HDL-1007 : analyze architecture ** in ../../source_code/rtl/hdmi/enc_file/SerializerN_1_lvds.enc.vhd(25)
HDL-1007 : analyze VHDL file ../../source_code/rtl/hdmi/enc_file/SerializerN_1_lvds_dat.enc.vhd
HDL-1007 : analyze entity ** in ../../source_code/rtl/hdmi/enc_file/SerializerN_1_lvds_dat.enc.vhd(14)
HDL-1007 : analyze architecture ** in ../../source_code/rtl/hdmi/enc_file/SerializerN_1_lvds_dat.enc.vhd(28)
HDL-1007 : analyze VHDL file ../../source_code/rtl/hdmi/enc_file/TMDSEncoder.enc.vhd
HDL-1007 : analyze entity ** in ../../source_code/rtl/hdmi/enc_file/TMDSEncoder.enc.vhd(13)
HDL-1007 : analyze architecture ** in ../../source_code/rtl/hdmi/enc_file/TMDSEncoder.enc.vhd(24)
HDL-1007 : analyze verilog file ../../source_code/rtl/display/color_bar.v
HDL-1007 : analyze included file ../../source_code/rtl/display/video_define.v in ../../source_code/rtl/display/color_bar.v(1)
HDL-1007 : back to file '../../source_code/rtl/display/color_bar.v' in ../../source_code/rtl/display/color_bar.v(1)
PRJ-1412 : reset_run syn_1 phy_1.
PRJ-1409 : launch_runs syn_1 phy_1  -jobs 6.
PRJ-1410 : Run syn_1 success.
PRJ-1410 : Run phy_1 success.
RUN-1002 : start command "save_best_bits"
PRJ-1424 : The implemented result of phy_1 is saved as best result.
RUN-1002 : start command "import_db D:/Anlu/double_fpga_udp/tx/sdram_switch/UDP_EG4_6.2/prj/UDP_EXAMPLE/UDP_EXAMPLE_Runs/phy_1/UDP_EXAMPLE_pr.db"
RUN-1001 : Importing database generated by Tang Dynasty, V6.2.168116.
RUN-1001 : Database version number 46207
RUN-1001 : Import flow parameters
RUN-1001 : Import netlist
PHY-1001 : Generate detailed routing grids ...
PHY-1001 : End build routing graph; 1.260350s wall, 1.140625s user + 0.187500s system = 1.328125s CPU (105.4%)

PHY-1001 : Processed IO instance sd_miso_syn_4 with INV attribute.
PHY-1001 : Build lut bridge;  0.239437s wall, 0.234375s user + 0.015625s system = 0.250000s CPU (104.4%)

PHY-1001 : Generate nets ...
PHY-1001 : net cam_pclk_dup_1 will be routed on clock mesh
PHY-1001 : net clk_50_dup_1 will be routed on clock mesh
PHY-1001 : net clk_50m_180deg will be routed on clock mesh
PHY-1001 : clock net temac_clk will be merged with clock u_clk_gen/u_pll_0/clk0_buf
PHY-1001 : net temac_clk90 will be routed on clock mesh
PHY-1001 : net udp_clk will be routed on clock mesh
PHY-1001 : clock net t3_sdram/u0_clk/clk0_out will be merged with clock t3_sdram/u0_clk/clk0_buf
PHY-1001 : net t3_sdram/u1_app_wrrd/clk will be routed on clock mesh
PHY-1001 : net t3_sdram/u1_app_wrrd/sd_clk will be routed on clock mesh
PHY-1001 : net t3_sdram/u2_ram/SDRAM_CLK will be routed on clock mesh
PHY-1001 : clock net u_sd_ctrl_top/u_sd_init/div_clk_syn_4 will be merged with clock u_sd_ctrl_top/u_sd_init/div_clk
PHY-1001 : clock net u_ov5640_dri/u_i2c_dr/dri_clk_syn_4 will be merged with clock u_ov5640_dri/u_i2c_dr/dri_clk
PHY-1001 : clock net u3_hdmi_tx/Inst_DVITransmitter/PCLK_I will be merged with clock video_pll_m0/clk0_buf
PHY-1001 : net u3_hdmi_tx/Inst_DVITransmitter/PCLK_X5_I will be routed on clock mesh
PHY-1001 : clock net u_sdram_write_sel/clk_cfg will be merged with clock u_pll_50/clk0_buf
PHY-1001 : eco open net = 0
PHY-1001 : 124 feed throughs used by 106 nets
RUN-1001 : Import phy database
RUN-1001 : Import timing constraints
RUN-1001 : Import IO constraints
RUN-1001 : Import Inst constraints
RUN-1001 : Import ChipWatcher
RUN-1001 : Import design success TD_VERSION=6.2.168116 , DB_VERSION=46207
RUN-1003 : finish command "import_db D:/Anlu/double_fpga_udp/tx/sdram_switch/UDP_EG4_6.2/prj/UDP_EXAMPLE/UDP_EXAMPLE_Runs/phy_1/UDP_EXAMPLE_pr.db" in  6.406775s wall, 6.093750s user + 0.890625s system = 6.984375s CPU (109.0%)

RUN-1004 : used memory is 656 MB, reserved memory is 835 MB, peak memory is 767 MB
RUN-1002 : start command "commit_param -step design"
RUN-1001 : Print Global Property
RUN-1001 : --------------------------------------------------------
RUN-1001 :   Parameters   |  Settings  |  Default Values  |  Note  
RUN-1001 : --------------------------------------------------------
RUN-1001 :   enable_seed  |    off     |       off        |        
RUN-1001 :     message    |  standard  |     standard     |        
RUN-1001 :   qor_monitor  |     on     |        on        |        
RUN-1001 :   syn_ip_flow  |    off     |       off        |        
RUN-1001 :     thread     |    auto    |       auto       |        
RUN-1001 : --------------------------------------------------------
RUN-1001 : Print Design Property
RUN-1001 : ----------------------------------------------------------------
RUN-1001 :       Parameters       |  Settings  |  Default Values  |  Note  
RUN-1001 : ----------------------------------------------------------------
RUN-1001 :   default_reg_initial  |    auto    |       auto       |        
RUN-1001 :    hdl_warning_level   |   normal   |      normal      |        
RUN-1001 : ----------------------------------------------------------------
HDL-1007 : analyze verilog file al_ip/TEMAC_CORE/RTL/mac_core_aead6cd6dadd.v
HDL-1007 : analyze verilog file al_ip/TEMAC_CORE/RTL/TEMAC_CORE_aead6cd6dadd.v
HDL-5007 WARNING: column 1032 exceeds maximum value 1023 in al_ip/TEMAC_CORE/RTL/TEMAC_CORE_aead6cd6dadd.v(30)
HDL-1007 : back to file 'al_ip/TEMAC_CORE/RTL/TEMAC_CORE_aead6cd6dadd.v' in al_ip/TEMAC_CORE/RTL/TEMAC_CORE_aead6cd6dadd.v(86)
HDL-5007 WARNING: event expressions must result in a singular type in al_ip/TEMAC_CORE/RTL/TEMAC_CORE_aead6cd6dadd.v(3001)
HDL-1007 : undeclared symbol '**', assumed default net type '**' in al_ip/TEMAC_CORE/RTL/TEMAC_CORE_aead6cd6dadd.v(5050)
HDL-1007 : undeclared symbol '**', assumed default net type '**' in al_ip/TEMAC_CORE/RTL/TEMAC_CORE_aead6cd6dadd.v(5458)
HDL-5007 WARNING: column 1035 exceeds maximum value 1023 in al_ip/TEMAC_CORE/RTL/TEMAC_CORE_aead6cd6dadd.v(6001)
HDL-1007 : back to file 'al_ip/TEMAC_CORE/RTL/TEMAC_CORE_aead6cd6dadd.v' in al_ip/TEMAC_CORE/RTL/TEMAC_CORE_aead6cd6dadd.v(260)
HDL-1007 : analyze verilog file al_ip/TEMAC_CORE/TEMAC_CORE.v
HDL-1007 : analyze verilog file al_ip/clk_pll.v
HDL-1007 : undeclared symbol 'clk_pll_open0', assumed default net type 'wire' in al_ip/clk_pll.v(92)
HDL-1007 : undeclared symbol 'clk_pll_open8', assumed default net type 'wire' in al_ip/clk_pll.v(98)
HDL-1007 : undeclared symbol 'clk_pll_open7', assumed default net type 'wire' in al_ip/clk_pll.v(98)
HDL-1007 : undeclared symbol 'clk_pll_open6', assumed default net type 'wire' in al_ip/clk_pll.v(98)
HDL-1007 : undeclared symbol 'clk_pll_open5', assumed default net type 'wire' in al_ip/clk_pll.v(98)
HDL-1007 : undeclared symbol 'clk_pll_open4', assumed default net type 'wire' in al_ip/clk_pll.v(98)
HDL-1007 : undeclared symbol 'clk_pll_open3', assumed default net type 'wire' in al_ip/clk_pll.v(98)
HDL-1007 : undeclared symbol 'clk_pll_open2', assumed default net type 'wire' in al_ip/clk_pll.v(98)
HDL-1007 : undeclared symbol 'clk_pll_open1', assumed default net type 'wire' in al_ip/clk_pll.v(98)
HDL-1007 : undeclared symbol 'clk_pll_open9', assumed default net type 'wire' in al_ip/clk_pll.v(100)
HDL-1007 : analyze verilog file al_ip/fifo_sdr_data_2.v
HDL-1007 : analyze verilog file al_ip/pll_50.v
HDL-1007 : undeclared symbol 'open', assumed default net type 'wire' in al_ip/pll_50.v(85)
HDL-1007 : analyze verilog file al_ip/pll_gen.v
HDL-1007 : undeclared symbol 'pll_gen_open0', assumed default net type 'wire' in al_ip/pll_gen.v(99)
HDL-1007 : undeclared symbol 'pll_gen_open8', assumed default net type 'wire' in al_ip/pll_gen.v(105)
HDL-1007 : undeclared symbol 'pll_gen_open7', assumed default net type 'wire' in al_ip/pll_gen.v(105)
HDL-1007 : undeclared symbol 'pll_gen_open6', assumed default net type 'wire' in al_ip/pll_gen.v(105)
HDL-1007 : undeclared symbol 'pll_gen_open5', assumed default net type 'wire' in al_ip/pll_gen.v(105)
HDL-1007 : undeclared symbol 'pll_gen_open4', assumed default net type 'wire' in al_ip/pll_gen.v(105)
HDL-1007 : undeclared symbol 'pll_gen_open3', assumed default net type 'wire' in al_ip/pll_gen.v(105)
HDL-1007 : undeclared symbol 'pll_gen_open2', assumed default net type 'wire' in al_ip/pll_gen.v(105)
HDL-1007 : undeclared symbol 'pll_gen_open1', assumed default net type 'wire' in al_ip/pll_gen.v(105)
HDL-1007 : analyze verilog file al_ip/rx_pll.v
HDL-1007 : undeclared symbol 'open', assumed default net type 'wire' in al_ip/rx_pll.v(78)
HDL-1007 : analyze verilog file al_ip/video_pll.v
HDL-1007 : undeclared symbol 'video_pll_open0', assumed default net type 'wire' in al_ip/video_pll.v(70)
HDL-1007 : undeclared symbol 'video_pll_open1', assumed default net type 'wire' in al_ip/video_pll.v(76)
HDL-1007 : undeclared symbol 'video_pll_open9', assumed default net type 'wire' in al_ip/video_pll.v(82)
HDL-1007 : undeclared symbol 'video_pll_open8', assumed default net type 'wire' in al_ip/video_pll.v(82)
HDL-1007 : undeclared symbol 'video_pll_open7', assumed default net type 'wire' in al_ip/video_pll.v(82)
HDL-1007 : undeclared symbol 'video_pll_open6', assumed default net type 'wire' in al_ip/video_pll.v(82)
HDL-1007 : undeclared symbol 'video_pll_open5', assumed default net type 'wire' in al_ip/video_pll.v(82)
HDL-1007 : undeclared symbol 'video_pll_open4', assumed default net type 'wire' in al_ip/video_pll.v(82)
HDL-1007 : undeclared symbol 'video_pll_open3', assumed default net type 'wire' in al_ip/video_pll.v(82)
HDL-1007 : undeclared symbol 'video_pll_open2', assumed default net type 'wire' in al_ip/video_pll.v(82)
HDL-1007 : undeclared symbol 'video_pll_open12', assumed default net type 'wire' in al_ip/video_pll.v(84)
HDL-1007 : undeclared symbol 'video_pll_open11', assumed default net type 'wire' in al_ip/video_pll.v(84)
HDL-1007 : undeclared symbol 'video_pll_open10', assumed default net type 'wire' in al_ip/video_pll.v(84)
HDL-1007 : analyze verilog file ../../source_code/rtl/BUFGMUX.v
HDL-1007 : analyze verilog file ../../source_code/rtl/clk_gen_rst_gen.v
HDL-1007 : analyze verilog file ../../source_code/rtl/div_clk_gen.v
HDL-1007 : analyze verilog file ../../source_code/rtl/IDDR.v
HDL-1007 : analyze verilog file ../../source_code/rtl/ODDR.v
HDL-1007 : analyze verilog file ../../source_code/rtl/RAMB16_S9_S9.v
HDL-1007 : undeclared symbol 'open', assumed default net type 'wire' in ../../source_code/rtl/RAMB16_S9_S9.v(109)
HDL-1007 : analyze verilog file ../../source_code/rtl/rgmii_interface.v
HDL-1007 : analyze verilog file ../../source_code/rtl/rx_client_fifo.v
HDL-5370 WARNING: parameter 'WAIT_s' becomes localparam in 'rx_client_fifo' with formal parameter declaration list in ../../source_code/rtl/rx_client_fifo.v(49)
HDL-5370 WARNING: parameter 'QUEUE1_s' becomes localparam in 'rx_client_fifo' with formal parameter declaration list in ../../source_code/rtl/rx_client_fifo.v(50)
HDL-5370 WARNING: parameter 'QUEUE2_s' becomes localparam in 'rx_client_fifo' with formal parameter declaration list in ../../source_code/rtl/rx_client_fifo.v(51)
HDL-5370 WARNING: parameter 'QUEUE3_s' becomes localparam in 'rx_client_fifo' with formal parameter declaration list in ../../source_code/rtl/rx_client_fifo.v(52)
HDL-5370 WARNING: parameter 'QUEUE_SOF_s' becomes localparam in 'rx_client_fifo' with formal parameter declaration list in ../../source_code/rtl/rx_client_fifo.v(53)
HDL-5370 WARNING: parameter 'SOF_s' becomes localparam in 'rx_client_fifo' with formal parameter declaration list in ../../source_code/rtl/rx_client_fifo.v(54)
HDL-5370 WARNING: parameter 'DATA_s' becomes localparam in 'rx_client_fifo' with formal parameter declaration list in ../../source_code/rtl/rx_client_fifo.v(55)
HDL-5370 WARNING: parameter 'EOF_s' becomes localparam in 'rx_client_fifo' with formal parameter declaration list in ../../source_code/rtl/rx_client_fifo.v(56)
HDL-5370 WARNING: parameter 'IDLE_s' becomes localparam in 'rx_client_fifo' with formal parameter declaration list in ../../source_code/rtl/rx_client_fifo.v(62)
HDL-5370 WARNING: parameter 'FRAME_s' becomes localparam in 'rx_client_fifo' with formal parameter declaration list in ../../source_code/rtl/rx_client_fifo.v(63)
HDL-5370 Similar messages will be suppressed.
HDL-1007 : analyze verilog file ../../source_code/rtl/temac_block.v
HDL-1007 : analyze verilog file ../../source_code/rtl/temac_clk_gen.v
HDL-1007 : analyze verilog file ../../source_code/rtl/tx_client_fifo.v
HDL-5370 WARNING: parameter 'IDLE_s' becomes localparam in 'tx_client_fifo' with formal parameter declaration list in ../../source_code/rtl/tx_client_fifo.v(53)
HDL-5370 WARNING: parameter 'QUEUE1_s' becomes localparam in 'tx_client_fifo' with formal parameter declaration list in ../../source_code/rtl/tx_client_fifo.v(54)
HDL-5370 WARNING: parameter 'QUEUE2_s' becomes localparam in 'tx_client_fifo' with formal parameter declaration list in ../../source_code/rtl/tx_client_fifo.v(55)
HDL-5370 WARNING: parameter 'QUEUE3_s' becomes localparam in 'tx_client_fifo' with formal parameter declaration list in ../../source_code/rtl/tx_client_fifo.v(56)
HDL-5370 WARNING: parameter 'QUEUE_ACK_s' becomes localparam in 'tx_client_fifo' with formal parameter declaration list in ../../source_code/rtl/tx_client_fifo.v(57)
HDL-5370 WARNING: parameter 'WAIT_ACK_s' becomes localparam in 'tx_client_fifo' with formal parameter declaration list in ../../source_code/rtl/tx_client_fifo.v(58)
HDL-5370 WARNING: parameter 'FRAME_s' becomes localparam in 'tx_client_fifo' with formal parameter declaration list in ../../source_code/rtl/tx_client_fifo.v(59)
HDL-5370 WARNING: parameter 'DROP_s' becomes localparam in 'tx_client_fifo' with formal parameter declaration list in ../../source_code/rtl/tx_client_fifo.v(60)
HDL-5370 WARNING: parameter 'RETRANSMIT_s' becomes localparam in 'tx_client_fifo' with formal parameter declaration list in ../../source_code/rtl/tx_client_fifo.v(61)
HDL-5370 WARNING: parameter 'WAIT_s' becomes localparam in 'tx_client_fifo' with formal parameter declaration list in ../../source_code/rtl/tx_client_fifo.v(67)
HDL-5370 Similar messages will be suppressed.
HDL-1007 : analyze verilog file ../../source_code/rtl/tx_clk_en_gen.v
HDL-1007 : analyze verilog file ../../source_code/rtl/udp_data_tpg.v
HDL-1007 : analyze verilog file ../../source_code/rtl/UDP_Example_Top.v
HDL-1007 : undeclared symbol 'video_clk', assumed default net type 'wire' in ../../source_code/rtl/UDP_Example_Top.v(226)
HDL-1007 : undeclared symbol 'hdmi_5x_clk', assumed default net type 'wire' in ../../source_code/rtl/UDP_Example_Top.v(227)
HDL-1007 : undeclared symbol 'phy_reset', assumed default net type 'wire' in ../../source_code/rtl/UDP_Example_Top.v(435)
HDL-5333 WARNING: data object 'rst_n' is already declared in ../../source_code/rtl/UDP_Example_Top.v(482)
HDL-1007 : previous declaration of 'rst_n' is from here in ../../source_code/rtl/UDP_Example_Top.v(246)
HDL-5007 WARNING: second declaration of 'rst_n' is ignored in ../../source_code/rtl/UDP_Example_Top.v(482)
HDL-1007 : undeclared symbol 'tpg_data_done', assumed default net type 'wire' in ../../source_code/rtl/UDP_Example_Top.v(590)
HDL-1007 : undeclared symbol 'Sdr_rd_en_aligned', assumed default net type 'wire' in ../../source_code/rtl/UDP_Example_Top.v(606)
HDL-1007 : undeclared symbol 'image_r', assumed default net type 'wire' in ../../source_code/rtl/UDP_Example_Top.v(607)
HDL-1007 : undeclared symbol 'image_g', assumed default net type 'wire' in ../../source_code/rtl/UDP_Example_Top.v(608)
HDL-1007 : undeclared symbol 'image_b', assumed default net type 'wire' in ../../source_code/rtl/UDP_Example_Top.v(609)
HDL-1007 : undeclared symbol 'vga_out_de', assumed default net type 'wire' in ../../source_code/rtl/UDP_Example_Top.v(623)
HDL-1007 : undeclared symbol 'hs', assumed default net type 'wire' in ../../source_code/rtl/UDP_Example_Top.v(673)
HDL-1007 : undeclared symbol 'vs', assumed default net type 'wire' in ../../source_code/rtl/UDP_Example_Top.v(674)
HDL-1007 : undeclared symbol 'de', assumed default net type 'wire' in ../../source_code/rtl/UDP_Example_Top.v(675)
HDL-1007 : analyze verilog file ../../source_code/rtl/udp_ip_protocol_stack_merge.enc.v
HDL-1007 : back to file '../../source_code/rtl/udp_ip_protocol_stack_merge.enc.v' in ../../source_code/rtl/udp_ip_protocol_stack_merge.enc.v(56)
HDL-1007 : undeclared symbol '**', assumed default net type '**' in ../../source_code/rtl/udp_ip_protocol_stack_merge.enc.v(2638)
HDL-1007 : back to file '../../source_code/rtl/udp_ip_protocol_stack_merge.enc.v' in ../../source_code/rtl/udp_ip_protocol_stack_merge.enc.v(420)
HDL-1007 : analyze verilog file ../../source_code/rtl/udp_loopback.v
HDL-1007 : analyze verilog file ../../source_code/rtl/sdr/rtl/app_wrrd.v
HDL-1007 : analyze included file ../../source_code/rtl/sdr/rtl/../include/global_def.v in ../../source_code/rtl/sdr/rtl/app_wrrd.v(10)
HDL-1007 : back to file '../../source_code/rtl/sdr/rtl/app_wrrd.v' in ../../source_code/rtl/sdr/rtl/app_wrrd.v(10)
HDL-5372 WARNING: redeclaration of ANSI port 'full_flag' is not allowed in ../../source_code/rtl/sdr/rtl/app_wrrd.v(61)
HDL-1007 : undeclared symbol 'afull', assumed default net type 'wire' in ../../source_code/rtl/sdr/rtl/app_wrrd.v(74)
HDL-1007 : undeclared symbol 'aempty', assumed default net type 'wire' in ../../source_code/rtl/sdr/rtl/app_wrrd.v(75)
HDL-1007 : undeclared symbol 'wrusedw', assumed default net type 'wire' in ../../source_code/rtl/sdr/rtl/app_wrrd.v(76)
HDL-5333 WARNING: data object 'w_addr_cnt' is already declared in ../../source_code/rtl/sdr/rtl/app_wrrd.v(139)
HDL-1007 : previous declaration of 'w_addr_cnt' is from here in ../../source_code/rtl/sdr/rtl/app_wrrd.v(38)
HDL-5007 WARNING: second declaration of 'w_addr_cnt' is ignored in ../../source_code/rtl/sdr/rtl/app_wrrd.v(139)
HDL-1007 : analyze verilog file ../../source_code/rtl/sdr/rtl/sdram_top.v
HDL-1007 : analyze included file ../../source_code/rtl/sdr/rtl/../include/global_def.v in ../../source_code/rtl/sdr/rtl/sdram_top.v(10)
HDL-1007 : back to file '../../source_code/rtl/sdr/rtl/sdram_top.v' in ../../source_code/rtl/sdr/rtl/sdram_top.v(10)
HDL-1007 : undeclared symbol 'Rst_n', assumed default net type 'wire' in ../../source_code/rtl/sdr/rtl/sdram_top.v(70)
HDL-5372 WARNING: redeclaration of ANSI port 'wr_done' is not allowed in ../../source_code/rtl/sdr/rtl/sdram_top.v(73)
HDL-1007 : undeclared symbol 'SDR_CKE', assumed default net type 'wire' in ../../source_code/rtl/sdr/rtl/sdram_top.v(132)
HDL-1007 : analyze verilog file ../../source_code/rtl/sd/sd_ctrl_top.v
HDL-1007 : analyze verilog file ../../source_code/rtl/sd/sd_init.v
HDL-1007 : analyze verilog file ../../source_code/rtl/sd/sd_read.v
HDL-1007 : analyze verilog file ../../source_code/rtl/sd/sd_read_photo.v
HDL-1007 : analyze verilog file ../../source_code/rtl/sdr/rtl/enc_file/sdr_as_ram.enc.v
HDL-1007 : back to file '../../source_code/rtl/sdr/rtl/enc_file/sdr_as_ram.enc.v' in ../../source_code/rtl/sdr/rtl/enc_file/sdr_as_ram.enc.v(45)
HDL-1007 : analyze verilog file ../../source_code/rtl/sdr/rtl/enc_file/sdr_init_ref.enc.v
HDL-1007 : undeclared symbol '**', assumed default net type '**' in ../../source_code/rtl/sdr/rtl/enc_file/sdr_init_ref.enc.v(57)
HDL-1007 : back to file '../../source_code/rtl/sdr/rtl/enc_file/sdr_init_ref.enc.v' in ../../source_code/rtl/sdr/rtl/enc_file/sdr_init_ref.enc.v(148)
HDL-5007 WARNING: concatenation with an unsized literal will be treated as 32 bits in ../../source_code/rtl/sdr/rtl/enc_file/sdr_init_ref.enc.v(47)
HDL-1007 : analyze verilog file ../../source_code/rtl/sdr/rtl/enc_file/sdr_wrrd.enc.v
HDL-5007 WARNING: concatenation with an unsized literal will be treated as 32 bits in ../../source_code/rtl/sdr/rtl/enc_file/sdr_wrrd.enc.v(283)
HDL-1007 : back to file '../../source_code/rtl/sdr/rtl/enc_file/sdr_wrrd.enc.v' in ../../source_code/rtl/sdr/rtl/enc_file/sdr_wrrd.enc.v(19)
HDL-1007 : analyze verilog file ../../source_code/rtl/camera_data_gen.v
HDL-1007 : analyze verilog file ../../source_code/rtl/ov5640/ov5640_dri.v
HDL-1007 : analyze verilog file ../../source_code/rtl/ov5640/ov5640_delay.v
HDL-1007 : analyze verilog file ../../source_code/rtl/ov5640/i2c_ov5640_rgb565_cfg.v
HDL-1007 : analyze verilog file ../../source_code/rtl/ov5640/i2c_dri.v
HDL-1007 : analyze verilog file ../../source_code/rtl/ov5640/cmos_capture_data.v
HDL-1007 : analyze verilog file ../../source_code/rtl/sdram_write_static_sel.v
HDL-1007 : analyze verilog file ../../source_code/rtl/uart/cmd_ctrl.v
HDL-1007 : analyze verilog file ../../source_code/rtl/uart/uart_rx.v
HDL-1007 : analyze verilog file ../../source_code/rtl/uart/uart_test.v
HDL-1007 : analyze verilog file ../../source_code/rtl/uart/uart_tx.v
HDL-1007 : analyze verilog file ../../source_code/rtl/display/video_delay.v
HDL-1007 : analyze verilog file ../../source_code/rtl/display/video_timing_data.v
HDL-1007 : analyze verilog file ../../source_code/rtl/sdram_read_align.v
HDL-1007 : analyze VHDL file ../../source_code/rtl/hdmi/hdmi_tx.vhd
HDL-1007 : analyze entity hdmi_tx in ../../source_code/rtl/hdmi/hdmi_tx.vhd(11)
HDL-1007 : analyze architecture behavioral in ../../source_code/rtl/hdmi/hdmi_tx.vhd(33)
HDL-1007 : analyze verilog file ../../source_code/rtl/sd/sd_card_ctrl.v
HDL-1007 : analyze VHDL file ../../source_code/rtl/hdmi/enc_file/DVITransmitter.enc.vhd
HDL-1007 : analyze entity dvitransmitter in ../../source_code/rtl/hdmi/enc_file/DVITransmitter.enc.vhd(13)
HDL-1007 : analyze architecture ** in ../../source_code/rtl/hdmi/enc_file/DVITransmitter.enc.vhd(2)
HDL-1007 : analyze VHDL file ../../source_code/rtl/hdmi/enc_file/SerializerN_1_lvds.enc.vhd
HDL-1007 : analyze entity ** in ../../source_code/rtl/hdmi/enc_file/SerializerN_1_lvds.enc.vhd(12)
HDL-1007 : analyze architecture ** in ../../source_code/rtl/hdmi/enc_file/SerializerN_1_lvds.enc.vhd(25)
HDL-1007 : analyze VHDL file ../../source_code/rtl/hdmi/enc_file/SerializerN_1_lvds_dat.enc.vhd
HDL-1007 : analyze entity ** in ../../source_code/rtl/hdmi/enc_file/SerializerN_1_lvds_dat.enc.vhd(14)
HDL-1007 : analyze architecture ** in ../../source_code/rtl/hdmi/enc_file/SerializerN_1_lvds_dat.enc.vhd(28)
HDL-1007 : analyze VHDL file ../../source_code/rtl/hdmi/enc_file/TMDSEncoder.enc.vhd
HDL-1007 : analyze entity ** in ../../source_code/rtl/hdmi/enc_file/TMDSEncoder.enc.vhd(13)
HDL-1007 : analyze architecture ** in ../../source_code/rtl/hdmi/enc_file/TMDSEncoder.enc.vhd(24)
HDL-1007 : analyze verilog file ../../source_code/rtl/display/color_bar.v
HDL-1007 : analyze included file ../../source_code/rtl/display/video_define.v in ../../source_code/rtl/display/color_bar.v(1)
HDL-1007 : back to file '../../source_code/rtl/display/color_bar.v' in ../../source_code/rtl/display/color_bar.v(1)
PRJ-1412 : reset_run syn_1 phy_1.
PRJ-1409 : launch_runs syn_1 phy_1  -jobs 6.
PRJ-1410 : Run syn_1 success.
PRJ-1410 : Run phy_1 success.
RUN-1002 : start command "save_best_bits"
PRJ-1424 : The implemented result of phy_1 is saved as best result.
RUN-1002 : start command "import_db D:/Anlu/double_fpga_udp/tx/sdram_switch/UDP_EG4_6.2/prj/UDP_EXAMPLE/UDP_EXAMPLE_Runs/phy_1/UDP_EXAMPLE_pr.db"
RUN-1001 : Importing database generated by Tang Dynasty, V6.2.168116.
RUN-1001 : Database version number 46207
RUN-1001 : Import flow parameters
RUN-1001 : Import netlist
PHY-1001 : Generate detailed routing grids ...
PHY-1001 : End build routing graph; 1.337672s wall, 1.109375s user + 0.359375s system = 1.468750s CPU (109.8%)

PHY-1001 : Processed IO instance sd_miso_syn_4 with INV attribute.
PHY-1001 : Build lut bridge;  0.244236s wall, 0.234375s user + 0.015625s system = 0.250000s CPU (102.4%)

PHY-1001 : Generate nets ...
PHY-1001 : net cam_pclk_dup_1 will be routed on clock mesh
PHY-1001 : net clk_50_dup_1 will be routed on clock mesh
PHY-1001 : net clk_50m_180deg will be routed on clock mesh
PHY-1001 : clock net temac_clk will be merged with clock u_clk_gen/u_pll_0/clk0_buf
PHY-1001 : net temac_clk90 will be routed on clock mesh
PHY-1001 : net udp_clk will be routed on clock mesh
PHY-1001 : clock net t3_sdram/u0_clk/clk0_out will be merged with clock t3_sdram/u0_clk/clk0_buf
PHY-1001 : net t3_sdram/u1_app_wrrd/clk will be routed on clock mesh
PHY-1001 : net t3_sdram/u1_app_wrrd/sd_clk will be routed on clock mesh
PHY-1001 : net t3_sdram/u2_ram/SDRAM_CLK will be routed on clock mesh
PHY-1001 : clock net u_sd_ctrl_top/u_sd_init/div_clk_syn_4 will be merged with clock u_sd_ctrl_top/u_sd_init/div_clk
PHY-1001 : clock net u_ov5640_dri/u_i2c_dr/dri_clk_syn_4 will be merged with clock u_ov5640_dri/u_i2c_dr/dri_clk
PHY-1001 : clock net u3_hdmi_tx/Inst_DVITransmitter/PCLK_I will be merged with clock video_pll_m0/clk0_buf
PHY-1001 : net u3_hdmi_tx/Inst_DVITransmitter/PCLK_X5_I will be routed on clock mesh
PHY-1001 : clock net u_sdram_write_sel/clk_cfg will be merged with clock u_pll_50/clk0_buf
PHY-1001 : eco open net = 0
PHY-1001 : 128 feed throughs used by 116 nets
RUN-1001 : Import phy database
RUN-1001 : Import timing constraints
RUN-1001 : Import IO constraints
RUN-1001 : Import Inst constraints
RUN-1001 : Import ChipWatcher
RUN-1001 : Import design success TD_VERSION=6.2.168116 , DB_VERSION=46207
RUN-1003 : finish command "import_db D:/Anlu/double_fpga_udp/tx/sdram_switch/UDP_EG4_6.2/prj/UDP_EXAMPLE/UDP_EXAMPLE_Runs/phy_1/UDP_EXAMPLE_pr.db" in  6.885035s wall, 5.828125s user + 1.625000s system = 7.453125s CPU (108.3%)

RUN-1004 : used memory is 653 MB, reserved memory is 850 MB, peak memory is 767 MB
RUN-1002 : start command "commit_param -step design"
RUN-1001 : Print Global Property
RUN-1001 : --------------------------------------------------------
RUN-1001 :   Parameters   |  Settings  |  Default Values  |  Note  
RUN-1001 : --------------------------------------------------------
RUN-1001 :   enable_seed  |    off     |       off        |        
RUN-1001 :     message    |  standard  |     standard     |        
RUN-1001 :   qor_monitor  |     on     |        on        |        
RUN-1001 :   syn_ip_flow  |    off     |       off        |        
RUN-1001 :     thread     |    auto    |       auto       |        
RUN-1001 : --------------------------------------------------------
RUN-1001 : Print Design Property
RUN-1001 : ----------------------------------------------------------------
RUN-1001 :       Parameters       |  Settings  |  Default Values  |  Note  
RUN-1001 : ----------------------------------------------------------------
RUN-1001 :   default_reg_initial  |    auto    |       auto       |        
RUN-1001 :    hdl_warning_level   |   normal   |      normal      |        
RUN-1001 : ----------------------------------------------------------------
HDL-1007 : analyze verilog file al_ip/TEMAC_CORE/RTL/mac_core_aead6cd6dadd.v
HDL-1007 : analyze verilog file al_ip/TEMAC_CORE/RTL/TEMAC_CORE_aead6cd6dadd.v
HDL-5007 WARNING: column 1032 exceeds maximum value 1023 in al_ip/TEMAC_CORE/RTL/TEMAC_CORE_aead6cd6dadd.v(30)
HDL-1007 : back to file 'al_ip/TEMAC_CORE/RTL/TEMAC_CORE_aead6cd6dadd.v' in al_ip/TEMAC_CORE/RTL/TEMAC_CORE_aead6cd6dadd.v(86)
HDL-5007 WARNING: event expressions must result in a singular type in al_ip/TEMAC_CORE/RTL/TEMAC_CORE_aead6cd6dadd.v(3001)
HDL-1007 : undeclared symbol '**', assumed default net type '**' in al_ip/TEMAC_CORE/RTL/TEMAC_CORE_aead6cd6dadd.v(5050)
HDL-1007 : undeclared symbol '**', assumed default net type '**' in al_ip/TEMAC_CORE/RTL/TEMAC_CORE_aead6cd6dadd.v(5458)
HDL-5007 WARNING: column 1035 exceeds maximum value 1023 in al_ip/TEMAC_CORE/RTL/TEMAC_CORE_aead6cd6dadd.v(6001)
HDL-1007 : back to file 'al_ip/TEMAC_CORE/RTL/TEMAC_CORE_aead6cd6dadd.v' in al_ip/TEMAC_CORE/RTL/TEMAC_CORE_aead6cd6dadd.v(260)
HDL-1007 : analyze verilog file al_ip/TEMAC_CORE/TEMAC_CORE.v
HDL-1007 : analyze verilog file al_ip/clk_pll.v
HDL-1007 : undeclared symbol 'clk_pll_open0', assumed default net type 'wire' in al_ip/clk_pll.v(92)
HDL-1007 : undeclared symbol 'clk_pll_open8', assumed default net type 'wire' in al_ip/clk_pll.v(98)
HDL-1007 : undeclared symbol 'clk_pll_open7', assumed default net type 'wire' in al_ip/clk_pll.v(98)
HDL-1007 : undeclared symbol 'clk_pll_open6', assumed default net type 'wire' in al_ip/clk_pll.v(98)
HDL-1007 : undeclared symbol 'clk_pll_open5', assumed default net type 'wire' in al_ip/clk_pll.v(98)
HDL-1007 : undeclared symbol 'clk_pll_open4', assumed default net type 'wire' in al_ip/clk_pll.v(98)
HDL-1007 : undeclared symbol 'clk_pll_open3', assumed default net type 'wire' in al_ip/clk_pll.v(98)
HDL-1007 : undeclared symbol 'clk_pll_open2', assumed default net type 'wire' in al_ip/clk_pll.v(98)
HDL-1007 : undeclared symbol 'clk_pll_open1', assumed default net type 'wire' in al_ip/clk_pll.v(98)
HDL-1007 : undeclared symbol 'clk_pll_open9', assumed default net type 'wire' in al_ip/clk_pll.v(100)
HDL-1007 : analyze verilog file al_ip/fifo_sdr_data_2.v
HDL-1007 : analyze verilog file al_ip/pll_50.v
HDL-1007 : undeclared symbol 'open', assumed default net type 'wire' in al_ip/pll_50.v(85)
HDL-1007 : analyze verilog file al_ip/pll_gen.v
HDL-1007 : undeclared symbol 'pll_gen_open0', assumed default net type 'wire' in al_ip/pll_gen.v(99)
HDL-1007 : undeclared symbol 'pll_gen_open8', assumed default net type 'wire' in al_ip/pll_gen.v(105)
HDL-1007 : undeclared symbol 'pll_gen_open7', assumed default net type 'wire' in al_ip/pll_gen.v(105)
HDL-1007 : undeclared symbol 'pll_gen_open6', assumed default net type 'wire' in al_ip/pll_gen.v(105)
HDL-1007 : undeclared symbol 'pll_gen_open5', assumed default net type 'wire' in al_ip/pll_gen.v(105)
HDL-1007 : undeclared symbol 'pll_gen_open4', assumed default net type 'wire' in al_ip/pll_gen.v(105)
HDL-1007 : undeclared symbol 'pll_gen_open3', assumed default net type 'wire' in al_ip/pll_gen.v(105)
HDL-1007 : undeclared symbol 'pll_gen_open2', assumed default net type 'wire' in al_ip/pll_gen.v(105)
HDL-1007 : undeclared symbol 'pll_gen_open1', assumed default net type 'wire' in al_ip/pll_gen.v(105)
HDL-1007 : analyze verilog file al_ip/rx_pll.v
HDL-1007 : undeclared symbol 'open', assumed default net type 'wire' in al_ip/rx_pll.v(78)
HDL-1007 : analyze verilog file al_ip/video_pll.v
HDL-1007 : undeclared symbol 'video_pll_open0', assumed default net type 'wire' in al_ip/video_pll.v(70)
HDL-1007 : undeclared symbol 'video_pll_open1', assumed default net type 'wire' in al_ip/video_pll.v(76)
HDL-1007 : undeclared symbol 'video_pll_open9', assumed default net type 'wire' in al_ip/video_pll.v(82)
HDL-1007 : undeclared symbol 'video_pll_open8', assumed default net type 'wire' in al_ip/video_pll.v(82)
HDL-1007 : undeclared symbol 'video_pll_open7', assumed default net type 'wire' in al_ip/video_pll.v(82)
HDL-1007 : undeclared symbol 'video_pll_open6', assumed default net type 'wire' in al_ip/video_pll.v(82)
HDL-1007 : undeclared symbol 'video_pll_open5', assumed default net type 'wire' in al_ip/video_pll.v(82)
HDL-1007 : undeclared symbol 'video_pll_open4', assumed default net type 'wire' in al_ip/video_pll.v(82)
HDL-1007 : undeclared symbol 'video_pll_open3', assumed default net type 'wire' in al_ip/video_pll.v(82)
HDL-1007 : undeclared symbol 'video_pll_open2', assumed default net type 'wire' in al_ip/video_pll.v(82)
HDL-1007 : undeclared symbol 'video_pll_open12', assumed default net type 'wire' in al_ip/video_pll.v(84)
HDL-1007 : undeclared symbol 'video_pll_open11', assumed default net type 'wire' in al_ip/video_pll.v(84)
HDL-1007 : undeclared symbol 'video_pll_open10', assumed default net type 'wire' in al_ip/video_pll.v(84)
HDL-1007 : analyze verilog file ../../source_code/rtl/BUFGMUX.v
HDL-1007 : analyze verilog file ../../source_code/rtl/clk_gen_rst_gen.v
HDL-1007 : analyze verilog file ../../source_code/rtl/div_clk_gen.v
HDL-1007 : analyze verilog file ../../source_code/rtl/IDDR.v
HDL-1007 : analyze verilog file ../../source_code/rtl/ODDR.v
HDL-1007 : analyze verilog file ../../source_code/rtl/RAMB16_S9_S9.v
HDL-1007 : undeclared symbol 'open', assumed default net type 'wire' in ../../source_code/rtl/RAMB16_S9_S9.v(109)
HDL-1007 : analyze verilog file ../../source_code/rtl/rgmii_interface.v
HDL-1007 : analyze verilog file ../../source_code/rtl/rx_client_fifo.v
HDL-5370 WARNING: parameter 'WAIT_s' becomes localparam in 'rx_client_fifo' with formal parameter declaration list in ../../source_code/rtl/rx_client_fifo.v(49)
HDL-5370 WARNING: parameter 'QUEUE1_s' becomes localparam in 'rx_client_fifo' with formal parameter declaration list in ../../source_code/rtl/rx_client_fifo.v(50)
HDL-5370 WARNING: parameter 'QUEUE2_s' becomes localparam in 'rx_client_fifo' with formal parameter declaration list in ../../source_code/rtl/rx_client_fifo.v(51)
HDL-5370 WARNING: parameter 'QUEUE3_s' becomes localparam in 'rx_client_fifo' with formal parameter declaration list in ../../source_code/rtl/rx_client_fifo.v(52)
HDL-5370 WARNING: parameter 'QUEUE_SOF_s' becomes localparam in 'rx_client_fifo' with formal parameter declaration list in ../../source_code/rtl/rx_client_fifo.v(53)
HDL-5370 WARNING: parameter 'SOF_s' becomes localparam in 'rx_client_fifo' with formal parameter declaration list in ../../source_code/rtl/rx_client_fifo.v(54)
HDL-5370 WARNING: parameter 'DATA_s' becomes localparam in 'rx_client_fifo' with formal parameter declaration list in ../../source_code/rtl/rx_client_fifo.v(55)
HDL-5370 WARNING: parameter 'EOF_s' becomes localparam in 'rx_client_fifo' with formal parameter declaration list in ../../source_code/rtl/rx_client_fifo.v(56)
HDL-5370 WARNING: parameter 'IDLE_s' becomes localparam in 'rx_client_fifo' with formal parameter declaration list in ../../source_code/rtl/rx_client_fifo.v(62)
HDL-5370 WARNING: parameter 'FRAME_s' becomes localparam in 'rx_client_fifo' with formal parameter declaration list in ../../source_code/rtl/rx_client_fifo.v(63)
HDL-5370 Similar messages will be suppressed.
HDL-1007 : analyze verilog file ../../source_code/rtl/temac_block.v
HDL-1007 : analyze verilog file ../../source_code/rtl/temac_clk_gen.v
HDL-1007 : analyze verilog file ../../source_code/rtl/tx_client_fifo.v
HDL-5370 WARNING: parameter 'IDLE_s' becomes localparam in 'tx_client_fifo' with formal parameter declaration list in ../../source_code/rtl/tx_client_fifo.v(53)
HDL-5370 WARNING: parameter 'QUEUE1_s' becomes localparam in 'tx_client_fifo' with formal parameter declaration list in ../../source_code/rtl/tx_client_fifo.v(54)
HDL-5370 WARNING: parameter 'QUEUE2_s' becomes localparam in 'tx_client_fifo' with formal parameter declaration list in ../../source_code/rtl/tx_client_fifo.v(55)
HDL-5370 WARNING: parameter 'QUEUE3_s' becomes localparam in 'tx_client_fifo' with formal parameter declaration list in ../../source_code/rtl/tx_client_fifo.v(56)
HDL-5370 WARNING: parameter 'QUEUE_ACK_s' becomes localparam in 'tx_client_fifo' with formal parameter declaration list in ../../source_code/rtl/tx_client_fifo.v(57)
HDL-5370 WARNING: parameter 'WAIT_ACK_s' becomes localparam in 'tx_client_fifo' with formal parameter declaration list in ../../source_code/rtl/tx_client_fifo.v(58)
HDL-5370 WARNING: parameter 'FRAME_s' becomes localparam in 'tx_client_fifo' with formal parameter declaration list in ../../source_code/rtl/tx_client_fifo.v(59)
HDL-5370 WARNING: parameter 'DROP_s' becomes localparam in 'tx_client_fifo' with formal parameter declaration list in ../../source_code/rtl/tx_client_fifo.v(60)
HDL-5370 WARNING: parameter 'RETRANSMIT_s' becomes localparam in 'tx_client_fifo' with formal parameter declaration list in ../../source_code/rtl/tx_client_fifo.v(61)
HDL-5370 WARNING: parameter 'WAIT_s' becomes localparam in 'tx_client_fifo' with formal parameter declaration list in ../../source_code/rtl/tx_client_fifo.v(67)
HDL-5370 Similar messages will be suppressed.
HDL-1007 : analyze verilog file ../../source_code/rtl/tx_clk_en_gen.v
HDL-1007 : analyze verilog file ../../source_code/rtl/udp_data_tpg.v
HDL-1007 : analyze verilog file ../../source_code/rtl/UDP_Example_Top.v
HDL-1007 : undeclared symbol 'video_clk', assumed default net type 'wire' in ../../source_code/rtl/UDP_Example_Top.v(226)
HDL-1007 : undeclared symbol 'hdmi_5x_clk', assumed default net type 'wire' in ../../source_code/rtl/UDP_Example_Top.v(227)
HDL-1007 : undeclared symbol 'phy_reset', assumed default net type 'wire' in ../../source_code/rtl/UDP_Example_Top.v(435)
HDL-5333 WARNING: data object 'rst_n' is already declared in ../../source_code/rtl/UDP_Example_Top.v(482)
HDL-1007 : previous declaration of 'rst_n' is from here in ../../source_code/rtl/UDP_Example_Top.v(246)
HDL-5007 WARNING: second declaration of 'rst_n' is ignored in ../../source_code/rtl/UDP_Example_Top.v(482)
HDL-1007 : undeclared symbol 'tpg_data_done', assumed default net type 'wire' in ../../source_code/rtl/UDP_Example_Top.v(590)
HDL-1007 : undeclared symbol 'Sdr_rd_en_aligned', assumed default net type 'wire' in ../../source_code/rtl/UDP_Example_Top.v(606)
HDL-1007 : undeclared symbol 'image_r', assumed default net type 'wire' in ../../source_code/rtl/UDP_Example_Top.v(607)
HDL-1007 : undeclared symbol 'image_g', assumed default net type 'wire' in ../../source_code/rtl/UDP_Example_Top.v(608)
HDL-1007 : undeclared symbol 'image_b', assumed default net type 'wire' in ../../source_code/rtl/UDP_Example_Top.v(609)
HDL-1007 : undeclared symbol 'vga_out_de', assumed default net type 'wire' in ../../source_code/rtl/UDP_Example_Top.v(623)
HDL-1007 : undeclared symbol 'hs', assumed default net type 'wire' in ../../source_code/rtl/UDP_Example_Top.v(673)
HDL-1007 : undeclared symbol 'vs', assumed default net type 'wire' in ../../source_code/rtl/UDP_Example_Top.v(674)
HDL-1007 : undeclared symbol 'de', assumed default net type 'wire' in ../../source_code/rtl/UDP_Example_Top.v(675)
HDL-1007 : analyze verilog file ../../source_code/rtl/udp_ip_protocol_stack_merge.enc.v
HDL-1007 : back to file '../../source_code/rtl/udp_ip_protocol_stack_merge.enc.v' in ../../source_code/rtl/udp_ip_protocol_stack_merge.enc.v(56)
HDL-1007 : undeclared symbol '**', assumed default net type '**' in ../../source_code/rtl/udp_ip_protocol_stack_merge.enc.v(2638)
HDL-1007 : back to file '../../source_code/rtl/udp_ip_protocol_stack_merge.enc.v' in ../../source_code/rtl/udp_ip_protocol_stack_merge.enc.v(420)
HDL-1007 : analyze verilog file ../../source_code/rtl/udp_loopback.v
HDL-1007 : analyze verilog file ../../source_code/rtl/sdr/rtl/app_wrrd.v
HDL-1007 : analyze included file ../../source_code/rtl/sdr/rtl/../include/global_def.v in ../../source_code/rtl/sdr/rtl/app_wrrd.v(10)
HDL-1007 : back to file '../../source_code/rtl/sdr/rtl/app_wrrd.v' in ../../source_code/rtl/sdr/rtl/app_wrrd.v(10)
HDL-5372 WARNING: redeclaration of ANSI port 'full_flag' is not allowed in ../../source_code/rtl/sdr/rtl/app_wrrd.v(61)
HDL-1007 : undeclared symbol 'afull', assumed default net type 'wire' in ../../source_code/rtl/sdr/rtl/app_wrrd.v(74)
HDL-1007 : undeclared symbol 'aempty', assumed default net type 'wire' in ../../source_code/rtl/sdr/rtl/app_wrrd.v(75)
HDL-1007 : undeclared symbol 'wrusedw', assumed default net type 'wire' in ../../source_code/rtl/sdr/rtl/app_wrrd.v(76)
HDL-5333 WARNING: data object 'w_addr_cnt' is already declared in ../../source_code/rtl/sdr/rtl/app_wrrd.v(139)
HDL-1007 : previous declaration of 'w_addr_cnt' is from here in ../../source_code/rtl/sdr/rtl/app_wrrd.v(38)
HDL-5007 WARNING: second declaration of 'w_addr_cnt' is ignored in ../../source_code/rtl/sdr/rtl/app_wrrd.v(139)
HDL-1007 : analyze verilog file ../../source_code/rtl/sdr/rtl/sdram_top.v
HDL-1007 : analyze included file ../../source_code/rtl/sdr/rtl/../include/global_def.v in ../../source_code/rtl/sdr/rtl/sdram_top.v(10)
HDL-1007 : back to file '../../source_code/rtl/sdr/rtl/sdram_top.v' in ../../source_code/rtl/sdr/rtl/sdram_top.v(10)
HDL-1007 : undeclared symbol 'Rst_n', assumed default net type 'wire' in ../../source_code/rtl/sdr/rtl/sdram_top.v(70)
HDL-5372 WARNING: redeclaration of ANSI port 'wr_done' is not allowed in ../../source_code/rtl/sdr/rtl/sdram_top.v(73)
HDL-1007 : undeclared symbol 'SDR_CKE', assumed default net type 'wire' in ../../source_code/rtl/sdr/rtl/sdram_top.v(132)
HDL-1007 : analyze verilog file ../../source_code/rtl/sd/sd_ctrl_top.v
HDL-1007 : analyze verilog file ../../source_code/rtl/sd/sd_init.v
HDL-1007 : analyze verilog file ../../source_code/rtl/sd/sd_read.v
HDL-1007 : analyze verilog file ../../source_code/rtl/sd/sd_read_photo.v
HDL-1007 : analyze verilog file ../../source_code/rtl/sdr/rtl/enc_file/sdr_as_ram.enc.v
HDL-1007 : back to file '../../source_code/rtl/sdr/rtl/enc_file/sdr_as_ram.enc.v' in ../../source_code/rtl/sdr/rtl/enc_file/sdr_as_ram.enc.v(45)
HDL-1007 : analyze verilog file ../../source_code/rtl/sdr/rtl/enc_file/sdr_init_ref.enc.v
HDL-1007 : undeclared symbol '**', assumed default net type '**' in ../../source_code/rtl/sdr/rtl/enc_file/sdr_init_ref.enc.v(57)
HDL-1007 : back to file '../../source_code/rtl/sdr/rtl/enc_file/sdr_init_ref.enc.v' in ../../source_code/rtl/sdr/rtl/enc_file/sdr_init_ref.enc.v(148)
HDL-5007 WARNING: concatenation with an unsized literal will be treated as 32 bits in ../../source_code/rtl/sdr/rtl/enc_file/sdr_init_ref.enc.v(47)
HDL-1007 : analyze verilog file ../../source_code/rtl/sdr/rtl/enc_file/sdr_wrrd.enc.v
HDL-5007 WARNING: concatenation with an unsized literal will be treated as 32 bits in ../../source_code/rtl/sdr/rtl/enc_file/sdr_wrrd.enc.v(283)
HDL-1007 : back to file '../../source_code/rtl/sdr/rtl/enc_file/sdr_wrrd.enc.v' in ../../source_code/rtl/sdr/rtl/enc_file/sdr_wrrd.enc.v(19)
HDL-1007 : analyze verilog file ../../source_code/rtl/camera_data_gen.v
HDL-1007 : analyze verilog file ../../source_code/rtl/ov5640/ov5640_dri.v
HDL-1007 : analyze verilog file ../../source_code/rtl/ov5640/ov5640_delay.v
HDL-1007 : analyze verilog file ../../source_code/rtl/ov5640/i2c_ov5640_rgb565_cfg.v
HDL-1007 : analyze verilog file ../../source_code/rtl/ov5640/i2c_dri.v
HDL-1007 : analyze verilog file ../../source_code/rtl/ov5640/cmos_capture_data.v
HDL-1007 : analyze verilog file ../../source_code/rtl/sdram_write_static_sel.v
HDL-1007 : analyze verilog file ../../source_code/rtl/uart/cmd_ctrl.v
HDL-1007 : analyze verilog file ../../source_code/rtl/uart/uart_rx.v
HDL-1007 : analyze verilog file ../../source_code/rtl/uart/uart_test.v
HDL-1007 : analyze verilog file ../../source_code/rtl/uart/uart_tx.v
HDL-1007 : analyze verilog file ../../source_code/rtl/display/video_delay.v
HDL-1007 : analyze verilog file ../../source_code/rtl/display/video_timing_data.v
HDL-1007 : analyze verilog file ../../source_code/rtl/sdram_read_align.v
HDL-1007 : analyze VHDL file ../../source_code/rtl/hdmi/hdmi_tx.vhd
HDL-1007 : analyze entity hdmi_tx in ../../source_code/rtl/hdmi/hdmi_tx.vhd(11)
HDL-1007 : analyze architecture behavioral in ../../source_code/rtl/hdmi/hdmi_tx.vhd(33)
HDL-1007 : analyze verilog file ../../source_code/rtl/sd/sd_card_ctrl.v
HDL-1007 : analyze VHDL file ../../source_code/rtl/hdmi/enc_file/DVITransmitter.enc.vhd
HDL-1007 : analyze entity dvitransmitter in ../../source_code/rtl/hdmi/enc_file/DVITransmitter.enc.vhd(13)
HDL-1007 : analyze architecture ** in ../../source_code/rtl/hdmi/enc_file/DVITransmitter.enc.vhd(2)
HDL-1007 : analyze VHDL file ../../source_code/rtl/hdmi/enc_file/SerializerN_1_lvds.enc.vhd
HDL-1007 : analyze entity ** in ../../source_code/rtl/hdmi/enc_file/SerializerN_1_lvds.enc.vhd(12)
HDL-1007 : analyze architecture ** in ../../source_code/rtl/hdmi/enc_file/SerializerN_1_lvds.enc.vhd(25)
HDL-1007 : analyze VHDL file ../../source_code/rtl/hdmi/enc_file/SerializerN_1_lvds_dat.enc.vhd
HDL-1007 : analyze entity ** in ../../source_code/rtl/hdmi/enc_file/SerializerN_1_lvds_dat.enc.vhd(14)
HDL-1007 : analyze architecture ** in ../../source_code/rtl/hdmi/enc_file/SerializerN_1_lvds_dat.enc.vhd(28)
HDL-1007 : analyze VHDL file ../../source_code/rtl/hdmi/enc_file/TMDSEncoder.enc.vhd
HDL-1007 : analyze entity ** in ../../source_code/rtl/hdmi/enc_file/TMDSEncoder.enc.vhd(13)
HDL-1007 : analyze architecture ** in ../../source_code/rtl/hdmi/enc_file/TMDSEncoder.enc.vhd(24)
HDL-1007 : analyze verilog file ../../source_code/rtl/display/color_bar.v
HDL-1007 : analyze included file ../../source_code/rtl/display/video_define.v in ../../source_code/rtl/display/color_bar.v(1)
HDL-1007 : back to file '../../source_code/rtl/display/color_bar.v' in ../../source_code/rtl/display/color_bar.v(1)
RUN-1002 : start command "commit_param -step design"
RUN-1001 : Print Global Property
RUN-1001 : --------------------------------------------------------
RUN-1001 :   Parameters   |  Settings  |  Default Values  |  Note  
RUN-1001 : --------------------------------------------------------
RUN-1001 :   enable_seed  |    off     |       off        |        
RUN-1001 :     message    |  standard  |     standard     |        
RUN-1001 :   qor_monitor  |     on     |        on        |        
RUN-1001 :   syn_ip_flow  |    off     |       off        |        
RUN-1001 :     thread     |    auto    |       auto       |        
RUN-1001 : --------------------------------------------------------
RUN-1001 : Print Design Property
RUN-1001 : ----------------------------------------------------------------
RUN-1001 :       Parameters       |  Settings  |  Default Values  |  Note  
RUN-1001 : ----------------------------------------------------------------
RUN-1001 :   default_reg_initial  |    auto    |       auto       |        
RUN-1001 :    hdl_warning_level   |   normal   |      normal      |        
RUN-1001 : ----------------------------------------------------------------
HDL-1007 : analyze verilog file al_ip/TEMAC_CORE/RTL/mac_core_aead6cd6dadd.v
HDL-1007 : analyze verilog file al_ip/TEMAC_CORE/RTL/TEMAC_CORE_aead6cd6dadd.v
HDL-5007 WARNING: column 1032 exceeds maximum value 1023 in al_ip/TEMAC_CORE/RTL/TEMAC_CORE_aead6cd6dadd.v(30)
HDL-1007 : back to file 'al_ip/TEMAC_CORE/RTL/TEMAC_CORE_aead6cd6dadd.v' in al_ip/TEMAC_CORE/RTL/TEMAC_CORE_aead6cd6dadd.v(86)
HDL-5007 WARNING: event expressions must result in a singular type in al_ip/TEMAC_CORE/RTL/TEMAC_CORE_aead6cd6dadd.v(3001)
HDL-1007 : undeclared symbol '**', assumed default net type '**' in al_ip/TEMAC_CORE/RTL/TEMAC_CORE_aead6cd6dadd.v(5050)
HDL-1007 : undeclared symbol '**', assumed default net type '**' in al_ip/TEMAC_CORE/RTL/TEMAC_CORE_aead6cd6dadd.v(5458)
HDL-5007 WARNING: column 1035 exceeds maximum value 1023 in al_ip/TEMAC_CORE/RTL/TEMAC_CORE_aead6cd6dadd.v(6001)
HDL-1007 : back to file 'al_ip/TEMAC_CORE/RTL/TEMAC_CORE_aead6cd6dadd.v' in al_ip/TEMAC_CORE/RTL/TEMAC_CORE_aead6cd6dadd.v(260)
HDL-1007 : analyze verilog file al_ip/TEMAC_CORE/TEMAC_CORE.v
HDL-1007 : analyze verilog file al_ip/clk_pll.v
HDL-1007 : undeclared symbol 'clk_pll_open0', assumed default net type 'wire' in al_ip/clk_pll.v(92)
HDL-1007 : undeclared symbol 'clk_pll_open8', assumed default net type 'wire' in al_ip/clk_pll.v(98)
HDL-1007 : undeclared symbol 'clk_pll_open7', assumed default net type 'wire' in al_ip/clk_pll.v(98)
HDL-1007 : undeclared symbol 'clk_pll_open6', assumed default net type 'wire' in al_ip/clk_pll.v(98)
HDL-1007 : undeclared symbol 'clk_pll_open5', assumed default net type 'wire' in al_ip/clk_pll.v(98)
HDL-1007 : undeclared symbol 'clk_pll_open4', assumed default net type 'wire' in al_ip/clk_pll.v(98)
HDL-1007 : undeclared symbol 'clk_pll_open3', assumed default net type 'wire' in al_ip/clk_pll.v(98)
HDL-1007 : undeclared symbol 'clk_pll_open2', assumed default net type 'wire' in al_ip/clk_pll.v(98)
HDL-1007 : undeclared symbol 'clk_pll_open1', assumed default net type 'wire' in al_ip/clk_pll.v(98)
HDL-1007 : undeclared symbol 'clk_pll_open9', assumed default net type 'wire' in al_ip/clk_pll.v(100)
HDL-1007 : analyze verilog file al_ip/fifo_sdr_data_2.v
HDL-1007 : analyze verilog file al_ip/pll_50.v
HDL-1007 : undeclared symbol 'open', assumed default net type 'wire' in al_ip/pll_50.v(85)
HDL-1007 : analyze verilog file al_ip/pll_gen.v
HDL-1007 : undeclared symbol 'pll_gen_open0', assumed default net type 'wire' in al_ip/pll_gen.v(99)
HDL-1007 : undeclared symbol 'pll_gen_open8', assumed default net type 'wire' in al_ip/pll_gen.v(105)
HDL-1007 : undeclared symbol 'pll_gen_open7', assumed default net type 'wire' in al_ip/pll_gen.v(105)
HDL-1007 : undeclared symbol 'pll_gen_open6', assumed default net type 'wire' in al_ip/pll_gen.v(105)
HDL-1007 : undeclared symbol 'pll_gen_open5', assumed default net type 'wire' in al_ip/pll_gen.v(105)
HDL-1007 : undeclared symbol 'pll_gen_open4', assumed default net type 'wire' in al_ip/pll_gen.v(105)
HDL-1007 : undeclared symbol 'pll_gen_open3', assumed default net type 'wire' in al_ip/pll_gen.v(105)
HDL-1007 : undeclared symbol 'pll_gen_open2', assumed default net type 'wire' in al_ip/pll_gen.v(105)
HDL-1007 : undeclared symbol 'pll_gen_open1', assumed default net type 'wire' in al_ip/pll_gen.v(105)
HDL-1007 : analyze verilog file al_ip/rx_pll.v
HDL-1007 : undeclared symbol 'open', assumed default net type 'wire' in al_ip/rx_pll.v(78)
HDL-1007 : analyze verilog file al_ip/video_pll.v
HDL-1007 : undeclared symbol 'video_pll_open0', assumed default net type 'wire' in al_ip/video_pll.v(70)
HDL-1007 : undeclared symbol 'video_pll_open1', assumed default net type 'wire' in al_ip/video_pll.v(76)
HDL-1007 : undeclared symbol 'video_pll_open9', assumed default net type 'wire' in al_ip/video_pll.v(82)
HDL-1007 : undeclared symbol 'video_pll_open8', assumed default net type 'wire' in al_ip/video_pll.v(82)
HDL-1007 : undeclared symbol 'video_pll_open7', assumed default net type 'wire' in al_ip/video_pll.v(82)
HDL-1007 : undeclared symbol 'video_pll_open6', assumed default net type 'wire' in al_ip/video_pll.v(82)
HDL-1007 : undeclared symbol 'video_pll_open5', assumed default net type 'wire' in al_ip/video_pll.v(82)
HDL-1007 : undeclared symbol 'video_pll_open4', assumed default net type 'wire' in al_ip/video_pll.v(82)
HDL-1007 : undeclared symbol 'video_pll_open3', assumed default net type 'wire' in al_ip/video_pll.v(82)
HDL-1007 : undeclared symbol 'video_pll_open2', assumed default net type 'wire' in al_ip/video_pll.v(82)
HDL-1007 : undeclared symbol 'video_pll_open12', assumed default net type 'wire' in al_ip/video_pll.v(84)
HDL-1007 : undeclared symbol 'video_pll_open11', assumed default net type 'wire' in al_ip/video_pll.v(84)
HDL-1007 : undeclared symbol 'video_pll_open10', assumed default net type 'wire' in al_ip/video_pll.v(84)
HDL-1007 : analyze verilog file ../../source_code/rtl/BUFGMUX.v
HDL-1007 : analyze verilog file ../../source_code/rtl/clk_gen_rst_gen.v
HDL-1007 : analyze verilog file ../../source_code/rtl/div_clk_gen.v
HDL-1007 : analyze verilog file ../../source_code/rtl/IDDR.v
HDL-1007 : analyze verilog file ../../source_code/rtl/ODDR.v
HDL-1007 : analyze verilog file ../../source_code/rtl/RAMB16_S9_S9.v
HDL-1007 : undeclared symbol 'open', assumed default net type 'wire' in ../../source_code/rtl/RAMB16_S9_S9.v(109)
HDL-1007 : analyze verilog file ../../source_code/rtl/rgmii_interface.v
HDL-1007 : analyze verilog file ../../source_code/rtl/rx_client_fifo.v
HDL-5370 WARNING: parameter 'WAIT_s' becomes localparam in 'rx_client_fifo' with formal parameter declaration list in ../../source_code/rtl/rx_client_fifo.v(49)
HDL-5370 WARNING: parameter 'QUEUE1_s' becomes localparam in 'rx_client_fifo' with formal parameter declaration list in ../../source_code/rtl/rx_client_fifo.v(50)
HDL-5370 WARNING: parameter 'QUEUE2_s' becomes localparam in 'rx_client_fifo' with formal parameter declaration list in ../../source_code/rtl/rx_client_fifo.v(51)
HDL-5370 WARNING: parameter 'QUEUE3_s' becomes localparam in 'rx_client_fifo' with formal parameter declaration list in ../../source_code/rtl/rx_client_fifo.v(52)
HDL-5370 WARNING: parameter 'QUEUE_SOF_s' becomes localparam in 'rx_client_fifo' with formal parameter declaration list in ../../source_code/rtl/rx_client_fifo.v(53)
HDL-5370 WARNING: parameter 'SOF_s' becomes localparam in 'rx_client_fifo' with formal parameter declaration list in ../../source_code/rtl/rx_client_fifo.v(54)
HDL-5370 WARNING: parameter 'DATA_s' becomes localparam in 'rx_client_fifo' with formal parameter declaration list in ../../source_code/rtl/rx_client_fifo.v(55)
HDL-5370 WARNING: parameter 'EOF_s' becomes localparam in 'rx_client_fifo' with formal parameter declaration list in ../../source_code/rtl/rx_client_fifo.v(56)
HDL-5370 WARNING: parameter 'IDLE_s' becomes localparam in 'rx_client_fifo' with formal parameter declaration list in ../../source_code/rtl/rx_client_fifo.v(62)
HDL-5370 WARNING: parameter 'FRAME_s' becomes localparam in 'rx_client_fifo' with formal parameter declaration list in ../../source_code/rtl/rx_client_fifo.v(63)
HDL-5370 Similar messages will be suppressed.
HDL-1007 : analyze verilog file ../../source_code/rtl/temac_block.v
HDL-1007 : analyze verilog file ../../source_code/rtl/temac_clk_gen.v
HDL-1007 : analyze verilog file ../../source_code/rtl/tx_client_fifo.v
HDL-5370 WARNING: parameter 'IDLE_s' becomes localparam in 'tx_client_fifo' with formal parameter declaration list in ../../source_code/rtl/tx_client_fifo.v(53)
HDL-5370 WARNING: parameter 'QUEUE1_s' becomes localparam in 'tx_client_fifo' with formal parameter declaration list in ../../source_code/rtl/tx_client_fifo.v(54)
HDL-5370 WARNING: parameter 'QUEUE2_s' becomes localparam in 'tx_client_fifo' with formal parameter declaration list in ../../source_code/rtl/tx_client_fifo.v(55)
HDL-5370 WARNING: parameter 'QUEUE3_s' becomes localparam in 'tx_client_fifo' with formal parameter declaration list in ../../source_code/rtl/tx_client_fifo.v(56)
HDL-5370 WARNING: parameter 'QUEUE_ACK_s' becomes localparam in 'tx_client_fifo' with formal parameter declaration list in ../../source_code/rtl/tx_client_fifo.v(57)
HDL-5370 WARNING: parameter 'WAIT_ACK_s' becomes localparam in 'tx_client_fifo' with formal parameter declaration list in ../../source_code/rtl/tx_client_fifo.v(58)
HDL-5370 WARNING: parameter 'FRAME_s' becomes localparam in 'tx_client_fifo' with formal parameter declaration list in ../../source_code/rtl/tx_client_fifo.v(59)
HDL-5370 WARNING: parameter 'DROP_s' becomes localparam in 'tx_client_fifo' with formal parameter declaration list in ../../source_code/rtl/tx_client_fifo.v(60)
HDL-5370 WARNING: parameter 'RETRANSMIT_s' becomes localparam in 'tx_client_fifo' with formal parameter declaration list in ../../source_code/rtl/tx_client_fifo.v(61)
HDL-5370 WARNING: parameter 'WAIT_s' becomes localparam in 'tx_client_fifo' with formal parameter declaration list in ../../source_code/rtl/tx_client_fifo.v(67)
HDL-5370 Similar messages will be suppressed.
HDL-1007 : analyze verilog file ../../source_code/rtl/tx_clk_en_gen.v
HDL-1007 : analyze verilog file ../../source_code/rtl/udp_data_tpg.v
HDL-1007 : analyze verilog file ../../source_code/rtl/UDP_Example_Top.v
HDL-1007 : undeclared symbol 'video_clk', assumed default net type 'wire' in ../../source_code/rtl/UDP_Example_Top.v(226)
HDL-1007 : undeclared symbol 'hdmi_5x_clk', assumed default net type 'wire' in ../../source_code/rtl/UDP_Example_Top.v(227)
HDL-1007 : undeclared symbol 'phy_reset', assumed default net type 'wire' in ../../source_code/rtl/UDP_Example_Top.v(435)
HDL-5333 WARNING: data object 'rst_n' is already declared in ../../source_code/rtl/UDP_Example_Top.v(482)
HDL-1007 : previous declaration of 'rst_n' is from here in ../../source_code/rtl/UDP_Example_Top.v(246)
HDL-5007 WARNING: second declaration of 'rst_n' is ignored in ../../source_code/rtl/UDP_Example_Top.v(482)
HDL-1007 : undeclared symbol 'tpg_data_done', assumed default net type 'wire' in ../../source_code/rtl/UDP_Example_Top.v(590)
HDL-1007 : undeclared symbol 'Sdr_rd_en_aligned', assumed default net type 'wire' in ../../source_code/rtl/UDP_Example_Top.v(606)
HDL-1007 : undeclared symbol 'image_r', assumed default net type 'wire' in ../../source_code/rtl/UDP_Example_Top.v(607)
HDL-1007 : undeclared symbol 'image_g', assumed default net type 'wire' in ../../source_code/rtl/UDP_Example_Top.v(608)
HDL-1007 : undeclared symbol 'image_b', assumed default net type 'wire' in ../../source_code/rtl/UDP_Example_Top.v(609)
HDL-1007 : undeclared symbol 'vga_out_de', assumed default net type 'wire' in ../../source_code/rtl/UDP_Example_Top.v(623)
HDL-1007 : undeclared symbol 'hs', assumed default net type 'wire' in ../../source_code/rtl/UDP_Example_Top.v(673)
HDL-1007 : undeclared symbol 'vs', assumed default net type 'wire' in ../../source_code/rtl/UDP_Example_Top.v(674)
HDL-1007 : undeclared symbol 'de', assumed default net type 'wire' in ../../source_code/rtl/UDP_Example_Top.v(675)
HDL-1007 : analyze verilog file ../../source_code/rtl/udp_ip_protocol_stack_merge.enc.v
HDL-1007 : back to file '../../source_code/rtl/udp_ip_protocol_stack_merge.enc.v' in ../../source_code/rtl/udp_ip_protocol_stack_merge.enc.v(56)
HDL-1007 : undeclared symbol '**', assumed default net type '**' in ../../source_code/rtl/udp_ip_protocol_stack_merge.enc.v(2638)
HDL-1007 : back to file '../../source_code/rtl/udp_ip_protocol_stack_merge.enc.v' in ../../source_code/rtl/udp_ip_protocol_stack_merge.enc.v(420)
HDL-1007 : analyze verilog file ../../source_code/rtl/udp_loopback.v
HDL-1007 : analyze verilog file ../../source_code/rtl/sdr/rtl/app_wrrd.v
HDL-1007 : analyze included file ../../source_code/rtl/sdr/rtl/../include/global_def.v in ../../source_code/rtl/sdr/rtl/app_wrrd.v(10)
HDL-1007 : back to file '../../source_code/rtl/sdr/rtl/app_wrrd.v' in ../../source_code/rtl/sdr/rtl/app_wrrd.v(10)
HDL-5372 WARNING: redeclaration of ANSI port 'full_flag' is not allowed in ../../source_code/rtl/sdr/rtl/app_wrrd.v(61)
HDL-1007 : undeclared symbol 'afull', assumed default net type 'wire' in ../../source_code/rtl/sdr/rtl/app_wrrd.v(74)
HDL-1007 : undeclared symbol 'aempty', assumed default net type 'wire' in ../../source_code/rtl/sdr/rtl/app_wrrd.v(75)
HDL-1007 : undeclared symbol 'wrusedw', assumed default net type 'wire' in ../../source_code/rtl/sdr/rtl/app_wrrd.v(76)
HDL-5333 WARNING: data object 'w_addr_cnt' is already declared in ../../source_code/rtl/sdr/rtl/app_wrrd.v(139)
HDL-1007 : previous declaration of 'w_addr_cnt' is from here in ../../source_code/rtl/sdr/rtl/app_wrrd.v(38)
HDL-5007 WARNING: second declaration of 'w_addr_cnt' is ignored in ../../source_code/rtl/sdr/rtl/app_wrrd.v(139)
HDL-1007 : analyze verilog file ../../source_code/rtl/sdr/rtl/sdram_top.v
HDL-1007 : analyze included file ../../source_code/rtl/sdr/rtl/../include/global_def.v in ../../source_code/rtl/sdr/rtl/sdram_top.v(10)
HDL-1007 : back to file '../../source_code/rtl/sdr/rtl/sdram_top.v' in ../../source_code/rtl/sdr/rtl/sdram_top.v(10)
HDL-1007 : undeclared symbol 'Rst_n', assumed default net type 'wire' in ../../source_code/rtl/sdr/rtl/sdram_top.v(70)
HDL-5372 WARNING: redeclaration of ANSI port 'wr_done' is not allowed in ../../source_code/rtl/sdr/rtl/sdram_top.v(73)
HDL-1007 : undeclared symbol 'SDR_CKE', assumed default net type 'wire' in ../../source_code/rtl/sdr/rtl/sdram_top.v(132)
HDL-1007 : analyze verilog file ../../source_code/rtl/sd/sd_ctrl_top.v
HDL-1007 : analyze verilog file ../../source_code/rtl/sd/sd_init.v
HDL-1007 : analyze verilog file ../../source_code/rtl/sd/sd_read.v
HDL-1007 : analyze verilog file ../../source_code/rtl/sd/sd_read_photo.v
HDL-1007 : analyze verilog file ../../source_code/rtl/sdr/rtl/enc_file/sdr_as_ram.enc.v
HDL-1007 : back to file '../../source_code/rtl/sdr/rtl/enc_file/sdr_as_ram.enc.v' in ../../source_code/rtl/sdr/rtl/enc_file/sdr_as_ram.enc.v(45)
HDL-1007 : analyze verilog file ../../source_code/rtl/sdr/rtl/enc_file/sdr_init_ref.enc.v
HDL-1007 : undeclared symbol '**', assumed default net type '**' in ../../source_code/rtl/sdr/rtl/enc_file/sdr_init_ref.enc.v(57)
HDL-1007 : back to file '../../source_code/rtl/sdr/rtl/enc_file/sdr_init_ref.enc.v' in ../../source_code/rtl/sdr/rtl/enc_file/sdr_init_ref.enc.v(148)
HDL-5007 WARNING: concatenation with an unsized literal will be treated as 32 bits in ../../source_code/rtl/sdr/rtl/enc_file/sdr_init_ref.enc.v(47)
HDL-1007 : analyze verilog file ../../source_code/rtl/sdr/rtl/enc_file/sdr_wrrd.enc.v
HDL-5007 WARNING: concatenation with an unsized literal will be treated as 32 bits in ../../source_code/rtl/sdr/rtl/enc_file/sdr_wrrd.enc.v(283)
HDL-1007 : back to file '../../source_code/rtl/sdr/rtl/enc_file/sdr_wrrd.enc.v' in ../../source_code/rtl/sdr/rtl/enc_file/sdr_wrrd.enc.v(19)
HDL-1007 : analyze verilog file ../../source_code/rtl/camera_data_gen.v
HDL-1007 : analyze verilog file ../../source_code/rtl/ov5640/ov5640_dri.v
HDL-1007 : analyze verilog file ../../source_code/rtl/ov5640/ov5640_delay.v
HDL-1007 : analyze verilog file ../../source_code/rtl/ov5640/i2c_ov5640_rgb565_cfg.v
HDL-1007 : analyze verilog file ../../source_code/rtl/ov5640/i2c_dri.v
HDL-1007 : analyze verilog file ../../source_code/rtl/ov5640/cmos_capture_data.v
HDL-1007 : analyze verilog file ../../source_code/rtl/sdram_write_static_sel.v
HDL-1007 : analyze verilog file ../../source_code/rtl/uart/cmd_ctrl.v
HDL-1007 : analyze verilog file ../../source_code/rtl/uart/uart_rx.v
HDL-1007 : analyze verilog file ../../source_code/rtl/uart/uart_test.v
HDL-1007 : analyze verilog file ../../source_code/rtl/uart/uart_tx.v
HDL-1007 : analyze verilog file ../../source_code/rtl/display/video_delay.v
HDL-1007 : analyze verilog file ../../source_code/rtl/display/video_timing_data.v
HDL-1007 : analyze verilog file ../../source_code/rtl/sdram_read_align.v
HDL-1007 : analyze VHDL file ../../source_code/rtl/hdmi/hdmi_tx.vhd
HDL-1007 : analyze entity hdmi_tx in ../../source_code/rtl/hdmi/hdmi_tx.vhd(11)
HDL-1007 : analyze architecture behavioral in ../../source_code/rtl/hdmi/hdmi_tx.vhd(33)
HDL-1007 : analyze verilog file ../../source_code/rtl/sd/sd_card_ctrl.v
HDL-1007 : analyze VHDL file ../../source_code/rtl/hdmi/enc_file/DVITransmitter.enc.vhd
HDL-1007 : analyze entity dvitransmitter in ../../source_code/rtl/hdmi/enc_file/DVITransmitter.enc.vhd(13)
HDL-1007 : analyze architecture ** in ../../source_code/rtl/hdmi/enc_file/DVITransmitter.enc.vhd(2)
HDL-1007 : analyze VHDL file ../../source_code/rtl/hdmi/enc_file/SerializerN_1_lvds.enc.vhd
HDL-1007 : analyze entity ** in ../../source_code/rtl/hdmi/enc_file/SerializerN_1_lvds.enc.vhd(12)
HDL-1007 : analyze architecture ** in ../../source_code/rtl/hdmi/enc_file/SerializerN_1_lvds.enc.vhd(25)
HDL-1007 : analyze VHDL file ../../source_code/rtl/hdmi/enc_file/SerializerN_1_lvds_dat.enc.vhd
HDL-1007 : analyze entity ** in ../../source_code/rtl/hdmi/enc_file/SerializerN_1_lvds_dat.enc.vhd(14)
HDL-1007 : analyze architecture ** in ../../source_code/rtl/hdmi/enc_file/SerializerN_1_lvds_dat.enc.vhd(28)
HDL-1007 : analyze VHDL file ../../source_code/rtl/hdmi/enc_file/TMDSEncoder.enc.vhd
HDL-1007 : analyze entity ** in ../../source_code/rtl/hdmi/enc_file/TMDSEncoder.enc.vhd(13)
HDL-1007 : analyze architecture ** in ../../source_code/rtl/hdmi/enc_file/TMDSEncoder.enc.vhd(24)
HDL-1007 : analyze verilog file ../../source_code/rtl/display/color_bar.v
HDL-1007 : analyze included file ../../source_code/rtl/display/video_define.v in ../../source_code/rtl/display/color_bar.v(1)
HDL-1007 : back to file '../../source_code/rtl/display/color_bar.v' in ../../source_code/rtl/display/color_bar.v(1)
PRJ-1412 : reset_run syn_1 phy_1.
PRJ-1409 : launch_runs syn_1 phy_1  -jobs 6.
PRJ-1410 : Run syn_1 success.
PRJ-1410 : Run phy_1 success.
RUN-1002 : start command "save_best_bits"
PRJ-1424 : The implemented result of phy_1 is saved as best result.
RUN-1002 : start command "commit_param -step design"
RUN-1001 : Print Global Property
RUN-1001 : --------------------------------------------------------
RUN-1001 :   Parameters   |  Settings  |  Default Values  |  Note  
RUN-1001 : --------------------------------------------------------
RUN-1001 :   enable_seed  |    off     |       off        |        
RUN-1001 :     message    |  standard  |     standard     |        
RUN-1001 :   qor_monitor  |     on     |        on        |        
RUN-1001 :   syn_ip_flow  |    off     |       off        |        
RUN-1001 :     thread     |    auto    |       auto       |        
RUN-1001 : --------------------------------------------------------
RUN-1001 : Print Design Property
RUN-1001 : ----------------------------------------------------------------
RUN-1001 :       Parameters       |  Settings  |  Default Values  |  Note  
RUN-1001 : ----------------------------------------------------------------
RUN-1001 :   default_reg_initial  |    auto    |       auto       |        
RUN-1001 :    hdl_warning_level   |   normal   |      normal      |        
RUN-1001 : ----------------------------------------------------------------
HDL-1007 : analyze verilog file al_ip/TEMAC_CORE/RTL/mac_core_aead6cd6dadd.v
HDL-1007 : analyze verilog file al_ip/TEMAC_CORE/RTL/TEMAC_CORE_aead6cd6dadd.v
HDL-5007 WARNING: column 1032 exceeds maximum value 1023 in al_ip/TEMAC_CORE/RTL/TEMAC_CORE_aead6cd6dadd.v(30)
HDL-1007 : back to file 'al_ip/TEMAC_CORE/RTL/TEMAC_CORE_aead6cd6dadd.v' in al_ip/TEMAC_CORE/RTL/TEMAC_CORE_aead6cd6dadd.v(86)
HDL-5007 WARNING: event expressions must result in a singular type in al_ip/TEMAC_CORE/RTL/TEMAC_CORE_aead6cd6dadd.v(3001)
HDL-1007 : undeclared symbol '**', assumed default net type '**' in al_ip/TEMAC_CORE/RTL/TEMAC_CORE_aead6cd6dadd.v(5050)
HDL-1007 : undeclared symbol '**', assumed default net type '**' in al_ip/TEMAC_CORE/RTL/TEMAC_CORE_aead6cd6dadd.v(5458)
HDL-5007 WARNING: column 1035 exceeds maximum value 1023 in al_ip/TEMAC_CORE/RTL/TEMAC_CORE_aead6cd6dadd.v(6001)
HDL-1007 : back to file 'al_ip/TEMAC_CORE/RTL/TEMAC_CORE_aead6cd6dadd.v' in al_ip/TEMAC_CORE/RTL/TEMAC_CORE_aead6cd6dadd.v(260)
HDL-1007 : analyze verilog file al_ip/TEMAC_CORE/TEMAC_CORE.v
HDL-1007 : analyze verilog file al_ip/clk_pll.v
HDL-1007 : undeclared symbol 'clk_pll_open0', assumed default net type 'wire' in al_ip/clk_pll.v(92)
HDL-1007 : undeclared symbol 'clk_pll_open8', assumed default net type 'wire' in al_ip/clk_pll.v(98)
HDL-1007 : undeclared symbol 'clk_pll_open7', assumed default net type 'wire' in al_ip/clk_pll.v(98)
HDL-1007 : undeclared symbol 'clk_pll_open6', assumed default net type 'wire' in al_ip/clk_pll.v(98)
HDL-1007 : undeclared symbol 'clk_pll_open5', assumed default net type 'wire' in al_ip/clk_pll.v(98)
HDL-1007 : undeclared symbol 'clk_pll_open4', assumed default net type 'wire' in al_ip/clk_pll.v(98)
HDL-1007 : undeclared symbol 'clk_pll_open3', assumed default net type 'wire' in al_ip/clk_pll.v(98)
HDL-1007 : undeclared symbol 'clk_pll_open2', assumed default net type 'wire' in al_ip/clk_pll.v(98)
HDL-1007 : undeclared symbol 'clk_pll_open1', assumed default net type 'wire' in al_ip/clk_pll.v(98)
HDL-1007 : undeclared symbol 'clk_pll_open9', assumed default net type 'wire' in al_ip/clk_pll.v(100)
HDL-1007 : analyze verilog file al_ip/fifo_sdr_data_2.v
HDL-1007 : analyze verilog file al_ip/pll_50.v
HDL-1007 : undeclared symbol 'open', assumed default net type 'wire' in al_ip/pll_50.v(85)
HDL-1007 : analyze verilog file al_ip/pll_gen.v
HDL-1007 : undeclared symbol 'pll_gen_open0', assumed default net type 'wire' in al_ip/pll_gen.v(99)
HDL-1007 : undeclared symbol 'pll_gen_open8', assumed default net type 'wire' in al_ip/pll_gen.v(105)
HDL-1007 : undeclared symbol 'pll_gen_open7', assumed default net type 'wire' in al_ip/pll_gen.v(105)
HDL-1007 : undeclared symbol 'pll_gen_open6', assumed default net type 'wire' in al_ip/pll_gen.v(105)
HDL-1007 : undeclared symbol 'pll_gen_open5', assumed default net type 'wire' in al_ip/pll_gen.v(105)
HDL-1007 : undeclared symbol 'pll_gen_open4', assumed default net type 'wire' in al_ip/pll_gen.v(105)
HDL-1007 : undeclared symbol 'pll_gen_open3', assumed default net type 'wire' in al_ip/pll_gen.v(105)
HDL-1007 : undeclared symbol 'pll_gen_open2', assumed default net type 'wire' in al_ip/pll_gen.v(105)
HDL-1007 : undeclared symbol 'pll_gen_open1', assumed default net type 'wire' in al_ip/pll_gen.v(105)
HDL-1007 : analyze verilog file al_ip/rx_pll.v
HDL-1007 : undeclared symbol 'open', assumed default net type 'wire' in al_ip/rx_pll.v(78)
HDL-1007 : analyze verilog file al_ip/video_pll.v
HDL-1007 : undeclared symbol 'video_pll_open0', assumed default net type 'wire' in al_ip/video_pll.v(70)
HDL-1007 : undeclared symbol 'video_pll_open1', assumed default net type 'wire' in al_ip/video_pll.v(76)
HDL-1007 : undeclared symbol 'video_pll_open9', assumed default net type 'wire' in al_ip/video_pll.v(82)
HDL-1007 : undeclared symbol 'video_pll_open8', assumed default net type 'wire' in al_ip/video_pll.v(82)
HDL-1007 : undeclared symbol 'video_pll_open7', assumed default net type 'wire' in al_ip/video_pll.v(82)
HDL-1007 : undeclared symbol 'video_pll_open6', assumed default net type 'wire' in al_ip/video_pll.v(82)
HDL-1007 : undeclared symbol 'video_pll_open5', assumed default net type 'wire' in al_ip/video_pll.v(82)
HDL-1007 : undeclared symbol 'video_pll_open4', assumed default net type 'wire' in al_ip/video_pll.v(82)
HDL-1007 : undeclared symbol 'video_pll_open3', assumed default net type 'wire' in al_ip/video_pll.v(82)
HDL-1007 : undeclared symbol 'video_pll_open2', assumed default net type 'wire' in al_ip/video_pll.v(82)
HDL-1007 : undeclared symbol 'video_pll_open12', assumed default net type 'wire' in al_ip/video_pll.v(84)
HDL-1007 : undeclared symbol 'video_pll_open11', assumed default net type 'wire' in al_ip/video_pll.v(84)
HDL-1007 : undeclared symbol 'video_pll_open10', assumed default net type 'wire' in al_ip/video_pll.v(84)
HDL-1007 : analyze verilog file ../../source_code/rtl/BUFGMUX.v
HDL-1007 : analyze verilog file ../../source_code/rtl/clk_gen_rst_gen.v
HDL-1007 : analyze verilog file ../../source_code/rtl/div_clk_gen.v
HDL-1007 : analyze verilog file ../../source_code/rtl/IDDR.v
HDL-1007 : analyze verilog file ../../source_code/rtl/ODDR.v
HDL-1007 : analyze verilog file ../../source_code/rtl/RAMB16_S9_S9.v
HDL-1007 : undeclared symbol 'open', assumed default net type 'wire' in ../../source_code/rtl/RAMB16_S9_S9.v(109)
HDL-1007 : analyze verilog file ../../source_code/rtl/rgmii_interface.v
HDL-1007 : analyze verilog file ../../source_code/rtl/rx_client_fifo.v
HDL-5370 WARNING: parameter 'WAIT_s' becomes localparam in 'rx_client_fifo' with formal parameter declaration list in ../../source_code/rtl/rx_client_fifo.v(49)
HDL-5370 WARNING: parameter 'QUEUE1_s' becomes localparam in 'rx_client_fifo' with formal parameter declaration list in ../../source_code/rtl/rx_client_fifo.v(50)
HDL-5370 WARNING: parameter 'QUEUE2_s' becomes localparam in 'rx_client_fifo' with formal parameter declaration list in ../../source_code/rtl/rx_client_fifo.v(51)
HDL-5370 WARNING: parameter 'QUEUE3_s' becomes localparam in 'rx_client_fifo' with formal parameter declaration list in ../../source_code/rtl/rx_client_fifo.v(52)
HDL-5370 WARNING: parameter 'QUEUE_SOF_s' becomes localparam in 'rx_client_fifo' with formal parameter declaration list in ../../source_code/rtl/rx_client_fifo.v(53)
HDL-5370 WARNING: parameter 'SOF_s' becomes localparam in 'rx_client_fifo' with formal parameter declaration list in ../../source_code/rtl/rx_client_fifo.v(54)
HDL-5370 WARNING: parameter 'DATA_s' becomes localparam in 'rx_client_fifo' with formal parameter declaration list in ../../source_code/rtl/rx_client_fifo.v(55)
HDL-5370 WARNING: parameter 'EOF_s' becomes localparam in 'rx_client_fifo' with formal parameter declaration list in ../../source_code/rtl/rx_client_fifo.v(56)
HDL-5370 WARNING: parameter 'IDLE_s' becomes localparam in 'rx_client_fifo' with formal parameter declaration list in ../../source_code/rtl/rx_client_fifo.v(62)
HDL-5370 WARNING: parameter 'FRAME_s' becomes localparam in 'rx_client_fifo' with formal parameter declaration list in ../../source_code/rtl/rx_client_fifo.v(63)
HDL-5370 Similar messages will be suppressed.
HDL-1007 : analyze verilog file ../../source_code/rtl/temac_block.v
HDL-1007 : analyze verilog file ../../source_code/rtl/temac_clk_gen.v
HDL-1007 : analyze verilog file ../../source_code/rtl/tx_client_fifo.v
HDL-5370 WARNING: parameter 'IDLE_s' becomes localparam in 'tx_client_fifo' with formal parameter declaration list in ../../source_code/rtl/tx_client_fifo.v(53)
HDL-5370 WARNING: parameter 'QUEUE1_s' becomes localparam in 'tx_client_fifo' with formal parameter declaration list in ../../source_code/rtl/tx_client_fifo.v(54)
HDL-5370 WARNING: parameter 'QUEUE2_s' becomes localparam in 'tx_client_fifo' with formal parameter declaration list in ../../source_code/rtl/tx_client_fifo.v(55)
HDL-5370 WARNING: parameter 'QUEUE3_s' becomes localparam in 'tx_client_fifo' with formal parameter declaration list in ../../source_code/rtl/tx_client_fifo.v(56)
HDL-5370 WARNING: parameter 'QUEUE_ACK_s' becomes localparam in 'tx_client_fifo' with formal parameter declaration list in ../../source_code/rtl/tx_client_fifo.v(57)
HDL-5370 WARNING: parameter 'WAIT_ACK_s' becomes localparam in 'tx_client_fifo' with formal parameter declaration list in ../../source_code/rtl/tx_client_fifo.v(58)
HDL-5370 WARNING: parameter 'FRAME_s' becomes localparam in 'tx_client_fifo' with formal parameter declaration list in ../../source_code/rtl/tx_client_fifo.v(59)
HDL-5370 WARNING: parameter 'DROP_s' becomes localparam in 'tx_client_fifo' with formal parameter declaration list in ../../source_code/rtl/tx_client_fifo.v(60)
HDL-5370 WARNING: parameter 'RETRANSMIT_s' becomes localparam in 'tx_client_fifo' with formal parameter declaration list in ../../source_code/rtl/tx_client_fifo.v(61)
HDL-5370 WARNING: parameter 'WAIT_s' becomes localparam in 'tx_client_fifo' with formal parameter declaration list in ../../source_code/rtl/tx_client_fifo.v(67)
HDL-5370 Similar messages will be suppressed.
HDL-1007 : analyze verilog file ../../source_code/rtl/tx_clk_en_gen.v
HDL-1007 : analyze verilog file ../../source_code/rtl/udp_data_tpg.v
HDL-1007 : analyze verilog file ../../source_code/rtl/UDP_Example_Top.v
HDL-1007 : undeclared symbol 'video_clk', assumed default net type 'wire' in ../../source_code/rtl/UDP_Example_Top.v(226)
HDL-1007 : undeclared symbol 'hdmi_5x_clk', assumed default net type 'wire' in ../../source_code/rtl/UDP_Example_Top.v(227)
HDL-1007 : undeclared symbol 'phy_reset', assumed default net type 'wire' in ../../source_code/rtl/UDP_Example_Top.v(435)
HDL-5333 WARNING: data object 'rst_n' is already declared in ../../source_code/rtl/UDP_Example_Top.v(482)
HDL-1007 : previous declaration of 'rst_n' is from here in ../../source_code/rtl/UDP_Example_Top.v(246)
HDL-5007 WARNING: second declaration of 'rst_n' is ignored in ../../source_code/rtl/UDP_Example_Top.v(482)
HDL-1007 : undeclared symbol 'tpg_data_done', assumed default net type 'wire' in ../../source_code/rtl/UDP_Example_Top.v(590)
HDL-1007 : undeclared symbol 'Sdr_rd_en_aligned', assumed default net type 'wire' in ../../source_code/rtl/UDP_Example_Top.v(606)
HDL-1007 : undeclared symbol 'image_r', assumed default net type 'wire' in ../../source_code/rtl/UDP_Example_Top.v(607)
HDL-1007 : undeclared symbol 'image_g', assumed default net type 'wire' in ../../source_code/rtl/UDP_Example_Top.v(608)
HDL-1007 : undeclared symbol 'image_b', assumed default net type 'wire' in ../../source_code/rtl/UDP_Example_Top.v(609)
HDL-1007 : undeclared symbol 'vga_out_de', assumed default net type 'wire' in ../../source_code/rtl/UDP_Example_Top.v(628)
HDL-1007 : undeclared symbol 'hs', assumed default net type 'wire' in ../../source_code/rtl/UDP_Example_Top.v(678)
HDL-1007 : undeclared symbol 'vs', assumed default net type 'wire' in ../../source_code/rtl/UDP_Example_Top.v(679)
HDL-1007 : undeclared symbol 'de', assumed default net type 'wire' in ../../source_code/rtl/UDP_Example_Top.v(680)
HDL-1007 : analyze verilog file ../../source_code/rtl/udp_ip_protocol_stack_merge.enc.v
HDL-1007 : back to file '../../source_code/rtl/udp_ip_protocol_stack_merge.enc.v' in ../../source_code/rtl/udp_ip_protocol_stack_merge.enc.v(56)
HDL-1007 : undeclared symbol '**', assumed default net type '**' in ../../source_code/rtl/udp_ip_protocol_stack_merge.enc.v(2638)
HDL-1007 : back to file '../../source_code/rtl/udp_ip_protocol_stack_merge.enc.v' in ../../source_code/rtl/udp_ip_protocol_stack_merge.enc.v(420)
HDL-1007 : analyze verilog file ../../source_code/rtl/udp_loopback.v
HDL-1007 : analyze verilog file ../../source_code/rtl/sdr/rtl/app_wrrd.v
HDL-1007 : analyze included file ../../source_code/rtl/sdr/rtl/../include/global_def.v in ../../source_code/rtl/sdr/rtl/app_wrrd.v(10)
HDL-1007 : back to file '../../source_code/rtl/sdr/rtl/app_wrrd.v' in ../../source_code/rtl/sdr/rtl/app_wrrd.v(10)
HDL-5372 WARNING: redeclaration of ANSI port 'full_flag' is not allowed in ../../source_code/rtl/sdr/rtl/app_wrrd.v(61)
HDL-1007 : undeclared symbol 'afull', assumed default net type 'wire' in ../../source_code/rtl/sdr/rtl/app_wrrd.v(74)
HDL-1007 : undeclared symbol 'aempty', assumed default net type 'wire' in ../../source_code/rtl/sdr/rtl/app_wrrd.v(75)
HDL-1007 : undeclared symbol 'wrusedw', assumed default net type 'wire' in ../../source_code/rtl/sdr/rtl/app_wrrd.v(76)
HDL-5333 WARNING: data object 'w_addr_cnt' is already declared in ../../source_code/rtl/sdr/rtl/app_wrrd.v(139)
HDL-1007 : previous declaration of 'w_addr_cnt' is from here in ../../source_code/rtl/sdr/rtl/app_wrrd.v(38)
HDL-5007 WARNING: second declaration of 'w_addr_cnt' is ignored in ../../source_code/rtl/sdr/rtl/app_wrrd.v(139)
HDL-1007 : analyze verilog file ../../source_code/rtl/sdr/rtl/sdram_top.v
HDL-1007 : analyze included file ../../source_code/rtl/sdr/rtl/../include/global_def.v in ../../source_code/rtl/sdr/rtl/sdram_top.v(10)
HDL-1007 : back to file '../../source_code/rtl/sdr/rtl/sdram_top.v' in ../../source_code/rtl/sdr/rtl/sdram_top.v(10)
HDL-1007 : undeclared symbol 'Rst_n', assumed default net type 'wire' in ../../source_code/rtl/sdr/rtl/sdram_top.v(70)
HDL-5372 WARNING: redeclaration of ANSI port 'wr_done' is not allowed in ../../source_code/rtl/sdr/rtl/sdram_top.v(73)
HDL-1007 : undeclared symbol 'SDR_CKE', assumed default net type 'wire' in ../../source_code/rtl/sdr/rtl/sdram_top.v(132)
HDL-1007 : analyze verilog file ../../source_code/rtl/sd/sd_ctrl_top.v
HDL-1007 : analyze verilog file ../../source_code/rtl/sd/sd_init.v
HDL-1007 : analyze verilog file ../../source_code/rtl/sd/sd_read.v
HDL-1007 : analyze verilog file ../../source_code/rtl/sd/sd_read_photo.v
HDL-1007 : analyze verilog file ../../source_code/rtl/sdr/rtl/enc_file/sdr_as_ram.enc.v
HDL-1007 : back to file '../../source_code/rtl/sdr/rtl/enc_file/sdr_as_ram.enc.v' in ../../source_code/rtl/sdr/rtl/enc_file/sdr_as_ram.enc.v(45)
HDL-1007 : analyze verilog file ../../source_code/rtl/sdr/rtl/enc_file/sdr_init_ref.enc.v
HDL-1007 : undeclared symbol '**', assumed default net type '**' in ../../source_code/rtl/sdr/rtl/enc_file/sdr_init_ref.enc.v(57)
HDL-1007 : back to file '../../source_code/rtl/sdr/rtl/enc_file/sdr_init_ref.enc.v' in ../../source_code/rtl/sdr/rtl/enc_file/sdr_init_ref.enc.v(148)
HDL-5007 WARNING: concatenation with an unsized literal will be treated as 32 bits in ../../source_code/rtl/sdr/rtl/enc_file/sdr_init_ref.enc.v(47)
HDL-1007 : analyze verilog file ../../source_code/rtl/sdr/rtl/enc_file/sdr_wrrd.enc.v
HDL-5007 WARNING: concatenation with an unsized literal will be treated as 32 bits in ../../source_code/rtl/sdr/rtl/enc_file/sdr_wrrd.enc.v(283)
HDL-1007 : back to file '../../source_code/rtl/sdr/rtl/enc_file/sdr_wrrd.enc.v' in ../../source_code/rtl/sdr/rtl/enc_file/sdr_wrrd.enc.v(19)
HDL-1007 : analyze verilog file ../../source_code/rtl/camera_data_gen.v
HDL-1007 : analyze verilog file ../../source_code/rtl/ov5640/ov5640_dri.v
HDL-1007 : analyze verilog file ../../source_code/rtl/ov5640/ov5640_delay.v
HDL-1007 : analyze verilog file ../../source_code/rtl/ov5640/i2c_ov5640_rgb565_cfg.v
HDL-1007 : analyze verilog file ../../source_code/rtl/ov5640/i2c_dri.v
HDL-1007 : analyze verilog file ../../source_code/rtl/ov5640/cmos_capture_data.v
HDL-1007 : analyze verilog file ../../source_code/rtl/sdram_write_static_sel.v
HDL-1007 : analyze verilog file ../../source_code/rtl/uart/cmd_ctrl.v
HDL-1007 : analyze verilog file ../../source_code/rtl/uart/uart_rx.v
HDL-1007 : analyze verilog file ../../source_code/rtl/uart/uart_test.v
HDL-1007 : analyze verilog file ../../source_code/rtl/uart/uart_tx.v
HDL-1007 : analyze verilog file ../../source_code/rtl/display/video_delay.v
HDL-1007 : analyze verilog file ../../source_code/rtl/display/video_timing_data.v
HDL-1007 : analyze verilog file ../../source_code/rtl/sdram_read_align.v
HDL-1007 : analyze VHDL file ../../source_code/rtl/hdmi/hdmi_tx.vhd
HDL-1007 : analyze entity hdmi_tx in ../../source_code/rtl/hdmi/hdmi_tx.vhd(11)
HDL-1007 : analyze architecture behavioral in ../../source_code/rtl/hdmi/hdmi_tx.vhd(33)
HDL-1007 : analyze verilog file ../../source_code/rtl/sd/sd_card_ctrl.v
HDL-1007 : analyze VHDL file ../../source_code/rtl/hdmi/enc_file/DVITransmitter.enc.vhd
HDL-1007 : analyze entity dvitransmitter in ../../source_code/rtl/hdmi/enc_file/DVITransmitter.enc.vhd(13)
HDL-1007 : analyze architecture ** in ../../source_code/rtl/hdmi/enc_file/DVITransmitter.enc.vhd(2)
HDL-1007 : analyze VHDL file ../../source_code/rtl/hdmi/enc_file/SerializerN_1_lvds.enc.vhd
HDL-1007 : analyze entity ** in ../../source_code/rtl/hdmi/enc_file/SerializerN_1_lvds.enc.vhd(12)
HDL-1007 : analyze architecture ** in ../../source_code/rtl/hdmi/enc_file/SerializerN_1_lvds.enc.vhd(25)
HDL-1007 : analyze VHDL file ../../source_code/rtl/hdmi/enc_file/SerializerN_1_lvds_dat.enc.vhd
HDL-1007 : analyze entity ** in ../../source_code/rtl/hdmi/enc_file/SerializerN_1_lvds_dat.enc.vhd(14)
HDL-1007 : analyze architecture ** in ../../source_code/rtl/hdmi/enc_file/SerializerN_1_lvds_dat.enc.vhd(28)
HDL-1007 : analyze VHDL file ../../source_code/rtl/hdmi/enc_file/TMDSEncoder.enc.vhd
HDL-1007 : analyze entity ** in ../../source_code/rtl/hdmi/enc_file/TMDSEncoder.enc.vhd(13)
HDL-1007 : analyze architecture ** in ../../source_code/rtl/hdmi/enc_file/TMDSEncoder.enc.vhd(24)
HDL-1007 : analyze verilog file ../../source_code/rtl/display/color_bar.v
HDL-1007 : analyze included file ../../source_code/rtl/display/video_define.v in ../../source_code/rtl/display/color_bar.v(1)
HDL-1007 : back to file '../../source_code/rtl/display/color_bar.v' in ../../source_code/rtl/display/color_bar.v(1)
RUN-1002 : start command "import_db D:/Anlu/double_fpga_udp/tx/sdram_switch/UDP_EG4_6.2/prj/UDP_EXAMPLE/UDP_EXAMPLE_Runs/phy_1/UDP_EXAMPLE_pr.db"
RUN-1001 : Importing database generated by Tang Dynasty, V6.2.168116.
RUN-1001 : Database version number 46207
RUN-1001 : Import flow parameters
RUN-1001 : Import netlist
PHY-1001 : Generate detailed routing grids ...
PHY-1001 : End build routing graph; 1.350202s wall, 1.234375s user + 0.281250s system = 1.515625s CPU (112.3%)

PHY-1001 : Processed IO instance sd_miso_syn_4 with INV attribute.
PHY-1001 : Build lut bridge;  0.267675s wall, 0.250000s user + 0.031250s system = 0.281250s CPU (105.1%)

PHY-1001 : Generate nets ...
PHY-1001 : net cam_pclk_dup_1 will be routed on clock mesh
PHY-1001 : net clk_50_dup_1 will be routed on clock mesh
PHY-1001 : net clk_50m_180deg will be routed on clock mesh
PHY-1001 : clock net temac_clk will be merged with clock u_clk_gen/u_pll_0/clk0_buf
PHY-1001 : net temac_clk90 will be routed on clock mesh
PHY-1001 : net udp_clk will be routed on clock mesh
PHY-1001 : clock net t3_sdram/u0_clk/clk0_out will be merged with clock t3_sdram/u0_clk/clk0_buf
PHY-1001 : net t3_sdram/u1_app_wrrd/clk will be routed on clock mesh
PHY-1001 : net t3_sdram/u1_app_wrrd/sd_clk will be routed on clock mesh
PHY-1001 : net t3_sdram/u2_ram/SDRAM_CLK will be routed on clock mesh
PHY-1001 : clock net u_sd_ctrl_top/u_sd_init/div_clk_syn_4 will be merged with clock u_sd_ctrl_top/u_sd_init/div_clk
PHY-1001 : clock net u_ov5640_dri/u_i2c_dr/dri_clk_syn_4 will be merged with clock u_ov5640_dri/u_i2c_dr/dri_clk
PHY-1001 : clock net u3_hdmi_tx/Inst_DVITransmitter/PCLK_I will be merged with clock video_pll_m0/clk0_buf
PHY-1001 : net u3_hdmi_tx/Inst_DVITransmitter/PCLK_X5_I will be routed on clock mesh
PHY-1001 : clock net u_sdram_write_sel/clk_cfg will be merged with clock u_pll_50/clk0_buf
PHY-1001 : eco open net = 0
PHY-1001 : 155 feed throughs used by 130 nets
RUN-1001 : Import phy database
RUN-1001 : Import timing constraints
RUN-1001 : Import IO constraints
RUN-1001 : Import Inst constraints
RUN-1001 : Import ChipWatcher
RUN-1001 : Import design success TD_VERSION=6.2.168116 , DB_VERSION=46207
RUN-1003 : finish command "import_db D:/Anlu/double_fpga_udp/tx/sdram_switch/UDP_EG4_6.2/prj/UDP_EXAMPLE/UDP_EXAMPLE_Runs/phy_1/UDP_EXAMPLE_pr.db" in  6.649596s wall, 6.375000s user + 0.937500s system = 7.312500s CPU (110.0%)

RUN-1004 : used memory is 670 MB, reserved memory is 849 MB, peak memory is 767 MB
RUN-1002 : start command "commit_param -step design"
RUN-1001 : Print Global Property
RUN-1001 : --------------------------------------------------------
RUN-1001 :   Parameters   |  Settings  |  Default Values  |  Note  
RUN-1001 : --------------------------------------------------------
RUN-1001 :   enable_seed  |    off     |       off        |        
RUN-1001 :     message    |  standard  |     standard     |        
RUN-1001 :   qor_monitor  |     on     |        on        |        
RUN-1001 :   syn_ip_flow  |    off     |       off        |        
RUN-1001 :     thread     |    auto    |       auto       |        
RUN-1001 : --------------------------------------------------------
RUN-1001 : Print Design Property
RUN-1001 : ----------------------------------------------------------------
RUN-1001 :       Parameters       |  Settings  |  Default Values  |  Note  
RUN-1001 : ----------------------------------------------------------------
RUN-1001 :   default_reg_initial  |    auto    |       auto       |        
RUN-1001 :    hdl_warning_level   |   normal   |      normal      |        
RUN-1001 : ----------------------------------------------------------------
HDL-1007 : analyze verilog file al_ip/TEMAC_CORE/RTL/mac_core_aead6cd6dadd.v
HDL-1007 : analyze verilog file al_ip/TEMAC_CORE/RTL/TEMAC_CORE_aead6cd6dadd.v
HDL-5007 WARNING: column 1032 exceeds maximum value 1023 in al_ip/TEMAC_CORE/RTL/TEMAC_CORE_aead6cd6dadd.v(30)
HDL-1007 : back to file 'al_ip/TEMAC_CORE/RTL/TEMAC_CORE_aead6cd6dadd.v' in al_ip/TEMAC_CORE/RTL/TEMAC_CORE_aead6cd6dadd.v(86)
HDL-5007 WARNING: event expressions must result in a singular type in al_ip/TEMAC_CORE/RTL/TEMAC_CORE_aead6cd6dadd.v(3001)
HDL-1007 : undeclared symbol '**', assumed default net type '**' in al_ip/TEMAC_CORE/RTL/TEMAC_CORE_aead6cd6dadd.v(5050)
HDL-1007 : undeclared symbol '**', assumed default net type '**' in al_ip/TEMAC_CORE/RTL/TEMAC_CORE_aead6cd6dadd.v(5458)
HDL-5007 WARNING: column 1035 exceeds maximum value 1023 in al_ip/TEMAC_CORE/RTL/TEMAC_CORE_aead6cd6dadd.v(6001)
HDL-1007 : back to file 'al_ip/TEMAC_CORE/RTL/TEMAC_CORE_aead6cd6dadd.v' in al_ip/TEMAC_CORE/RTL/TEMAC_CORE_aead6cd6dadd.v(260)
HDL-1007 : analyze verilog file al_ip/TEMAC_CORE/TEMAC_CORE.v
HDL-1007 : analyze verilog file al_ip/clk_pll.v
HDL-1007 : undeclared symbol 'clk_pll_open0', assumed default net type 'wire' in al_ip/clk_pll.v(92)
HDL-1007 : undeclared symbol 'clk_pll_open8', assumed default net type 'wire' in al_ip/clk_pll.v(98)
HDL-1007 : undeclared symbol 'clk_pll_open7', assumed default net type 'wire' in al_ip/clk_pll.v(98)
HDL-1007 : undeclared symbol 'clk_pll_open6', assumed default net type 'wire' in al_ip/clk_pll.v(98)
HDL-1007 : undeclared symbol 'clk_pll_open5', assumed default net type 'wire' in al_ip/clk_pll.v(98)
HDL-1007 : undeclared symbol 'clk_pll_open4', assumed default net type 'wire' in al_ip/clk_pll.v(98)
HDL-1007 : undeclared symbol 'clk_pll_open3', assumed default net type 'wire' in al_ip/clk_pll.v(98)
HDL-1007 : undeclared symbol 'clk_pll_open2', assumed default net type 'wire' in al_ip/clk_pll.v(98)
HDL-1007 : undeclared symbol 'clk_pll_open1', assumed default net type 'wire' in al_ip/clk_pll.v(98)
HDL-1007 : undeclared symbol 'clk_pll_open9', assumed default net type 'wire' in al_ip/clk_pll.v(100)
HDL-1007 : analyze verilog file al_ip/fifo_sdr_data_2.v
HDL-1007 : analyze verilog file al_ip/pll_50.v
HDL-1007 : undeclared symbol 'open', assumed default net type 'wire' in al_ip/pll_50.v(85)
HDL-1007 : analyze verilog file al_ip/pll_gen.v
HDL-1007 : undeclared symbol 'pll_gen_open0', assumed default net type 'wire' in al_ip/pll_gen.v(99)
HDL-1007 : undeclared symbol 'pll_gen_open8', assumed default net type 'wire' in al_ip/pll_gen.v(105)
HDL-1007 : undeclared symbol 'pll_gen_open7', assumed default net type 'wire' in al_ip/pll_gen.v(105)
HDL-1007 : undeclared symbol 'pll_gen_open6', assumed default net type 'wire' in al_ip/pll_gen.v(105)
HDL-1007 : undeclared symbol 'pll_gen_open5', assumed default net type 'wire' in al_ip/pll_gen.v(105)
HDL-1007 : undeclared symbol 'pll_gen_open4', assumed default net type 'wire' in al_ip/pll_gen.v(105)
HDL-1007 : undeclared symbol 'pll_gen_open3', assumed default net type 'wire' in al_ip/pll_gen.v(105)
HDL-1007 : undeclared symbol 'pll_gen_open2', assumed default net type 'wire' in al_ip/pll_gen.v(105)
HDL-1007 : undeclared symbol 'pll_gen_open1', assumed default net type 'wire' in al_ip/pll_gen.v(105)
HDL-1007 : analyze verilog file al_ip/rx_pll.v
HDL-1007 : undeclared symbol 'open', assumed default net type 'wire' in al_ip/rx_pll.v(78)
HDL-1007 : analyze verilog file al_ip/video_pll.v
HDL-1007 : undeclared symbol 'video_pll_open0', assumed default net type 'wire' in al_ip/video_pll.v(70)
HDL-1007 : undeclared symbol 'video_pll_open1', assumed default net type 'wire' in al_ip/video_pll.v(76)
HDL-1007 : undeclared symbol 'video_pll_open9', assumed default net type 'wire' in al_ip/video_pll.v(82)
HDL-1007 : undeclared symbol 'video_pll_open8', assumed default net type 'wire' in al_ip/video_pll.v(82)
HDL-1007 : undeclared symbol 'video_pll_open7', assumed default net type 'wire' in al_ip/video_pll.v(82)
HDL-1007 : undeclared symbol 'video_pll_open6', assumed default net type 'wire' in al_ip/video_pll.v(82)
HDL-1007 : undeclared symbol 'video_pll_open5', assumed default net type 'wire' in al_ip/video_pll.v(82)
HDL-1007 : undeclared symbol 'video_pll_open4', assumed default net type 'wire' in al_ip/video_pll.v(82)
HDL-1007 : undeclared symbol 'video_pll_open3', assumed default net type 'wire' in al_ip/video_pll.v(82)
HDL-1007 : undeclared symbol 'video_pll_open2', assumed default net type 'wire' in al_ip/video_pll.v(82)
HDL-1007 : undeclared symbol 'video_pll_open12', assumed default net type 'wire' in al_ip/video_pll.v(84)
HDL-1007 : undeclared symbol 'video_pll_open11', assumed default net type 'wire' in al_ip/video_pll.v(84)
HDL-1007 : undeclared symbol 'video_pll_open10', assumed default net type 'wire' in al_ip/video_pll.v(84)
HDL-1007 : analyze verilog file ../../source_code/rtl/BUFGMUX.v
HDL-1007 : analyze verilog file ../../source_code/rtl/clk_gen_rst_gen.v
HDL-1007 : analyze verilog file ../../source_code/rtl/div_clk_gen.v
HDL-1007 : analyze verilog file ../../source_code/rtl/IDDR.v
HDL-1007 : analyze verilog file ../../source_code/rtl/ODDR.v
HDL-1007 : analyze verilog file ../../source_code/rtl/RAMB16_S9_S9.v
HDL-1007 : undeclared symbol 'open', assumed default net type 'wire' in ../../source_code/rtl/RAMB16_S9_S9.v(109)
HDL-1007 : analyze verilog file ../../source_code/rtl/rgmii_interface.v
HDL-1007 : analyze verilog file ../../source_code/rtl/rx_client_fifo.v
HDL-5370 WARNING: parameter 'WAIT_s' becomes localparam in 'rx_client_fifo' with formal parameter declaration list in ../../source_code/rtl/rx_client_fifo.v(49)
HDL-5370 WARNING: parameter 'QUEUE1_s' becomes localparam in 'rx_client_fifo' with formal parameter declaration list in ../../source_code/rtl/rx_client_fifo.v(50)
HDL-5370 WARNING: parameter 'QUEUE2_s' becomes localparam in 'rx_client_fifo' with formal parameter declaration list in ../../source_code/rtl/rx_client_fifo.v(51)
HDL-5370 WARNING: parameter 'QUEUE3_s' becomes localparam in 'rx_client_fifo' with formal parameter declaration list in ../../source_code/rtl/rx_client_fifo.v(52)
HDL-5370 WARNING: parameter 'QUEUE_SOF_s' becomes localparam in 'rx_client_fifo' with formal parameter declaration list in ../../source_code/rtl/rx_client_fifo.v(53)
HDL-5370 WARNING: parameter 'SOF_s' becomes localparam in 'rx_client_fifo' with formal parameter declaration list in ../../source_code/rtl/rx_client_fifo.v(54)
HDL-5370 WARNING: parameter 'DATA_s' becomes localparam in 'rx_client_fifo' with formal parameter declaration list in ../../source_code/rtl/rx_client_fifo.v(55)
HDL-5370 WARNING: parameter 'EOF_s' becomes localparam in 'rx_client_fifo' with formal parameter declaration list in ../../source_code/rtl/rx_client_fifo.v(56)
HDL-5370 WARNING: parameter 'IDLE_s' becomes localparam in 'rx_client_fifo' with formal parameter declaration list in ../../source_code/rtl/rx_client_fifo.v(62)
HDL-5370 WARNING: parameter 'FRAME_s' becomes localparam in 'rx_client_fifo' with formal parameter declaration list in ../../source_code/rtl/rx_client_fifo.v(63)
HDL-5370 Similar messages will be suppressed.
HDL-1007 : analyze verilog file ../../source_code/rtl/temac_block.v
HDL-1007 : analyze verilog file ../../source_code/rtl/temac_clk_gen.v
HDL-1007 : analyze verilog file ../../source_code/rtl/tx_client_fifo.v
HDL-5370 WARNING: parameter 'IDLE_s' becomes localparam in 'tx_client_fifo' with formal parameter declaration list in ../../source_code/rtl/tx_client_fifo.v(53)
HDL-5370 WARNING: parameter 'QUEUE1_s' becomes localparam in 'tx_client_fifo' with formal parameter declaration list in ../../source_code/rtl/tx_client_fifo.v(54)
HDL-5370 WARNING: parameter 'QUEUE2_s' becomes localparam in 'tx_client_fifo' with formal parameter declaration list in ../../source_code/rtl/tx_client_fifo.v(55)
HDL-5370 WARNING: parameter 'QUEUE3_s' becomes localparam in 'tx_client_fifo' with formal parameter declaration list in ../../source_code/rtl/tx_client_fifo.v(56)
HDL-5370 WARNING: parameter 'QUEUE_ACK_s' becomes localparam in 'tx_client_fifo' with formal parameter declaration list in ../../source_code/rtl/tx_client_fifo.v(57)
HDL-5370 WARNING: parameter 'WAIT_ACK_s' becomes localparam in 'tx_client_fifo' with formal parameter declaration list in ../../source_code/rtl/tx_client_fifo.v(58)
HDL-5370 WARNING: parameter 'FRAME_s' becomes localparam in 'tx_client_fifo' with formal parameter declaration list in ../../source_code/rtl/tx_client_fifo.v(59)
HDL-5370 WARNING: parameter 'DROP_s' becomes localparam in 'tx_client_fifo' with formal parameter declaration list in ../../source_code/rtl/tx_client_fifo.v(60)
HDL-5370 WARNING: parameter 'RETRANSMIT_s' becomes localparam in 'tx_client_fifo' with formal parameter declaration list in ../../source_code/rtl/tx_client_fifo.v(61)
HDL-5370 WARNING: parameter 'WAIT_s' becomes localparam in 'tx_client_fifo' with formal parameter declaration list in ../../source_code/rtl/tx_client_fifo.v(67)
HDL-5370 Similar messages will be suppressed.
HDL-1007 : analyze verilog file ../../source_code/rtl/tx_clk_en_gen.v
HDL-1007 : analyze verilog file ../../source_code/rtl/udp_data_tpg.v
HDL-1007 : analyze verilog file ../../source_code/rtl/UDP_Example_Top.v
HDL-1007 : undeclared symbol 'video_clk', assumed default net type 'wire' in ../../source_code/rtl/UDP_Example_Top.v(226)
HDL-1007 : undeclared symbol 'hdmi_5x_clk', assumed default net type 'wire' in ../../source_code/rtl/UDP_Example_Top.v(227)
HDL-1007 : undeclared symbol 'phy_reset', assumed default net type 'wire' in ../../source_code/rtl/UDP_Example_Top.v(435)
HDL-5333 WARNING: data object 'rst_n' is already declared in ../../source_code/rtl/UDP_Example_Top.v(482)
HDL-1007 : previous declaration of 'rst_n' is from here in ../../source_code/rtl/UDP_Example_Top.v(246)
HDL-5007 WARNING: second declaration of 'rst_n' is ignored in ../../source_code/rtl/UDP_Example_Top.v(482)
HDL-1007 : undeclared symbol 'tpg_data_done', assumed default net type 'wire' in ../../source_code/rtl/UDP_Example_Top.v(590)
HDL-1007 : undeclared symbol 'Sdr_rd_en_aligned', assumed default net type 'wire' in ../../source_code/rtl/UDP_Example_Top.v(606)
HDL-1007 : undeclared symbol 'image_r', assumed default net type 'wire' in ../../source_code/rtl/UDP_Example_Top.v(607)
HDL-1007 : undeclared symbol 'image_g', assumed default net type 'wire' in ../../source_code/rtl/UDP_Example_Top.v(608)
HDL-1007 : undeclared symbol 'image_b', assumed default net type 'wire' in ../../source_code/rtl/UDP_Example_Top.v(609)
HDL-1007 : undeclared symbol 'vga_out_de', assumed default net type 'wire' in ../../source_code/rtl/UDP_Example_Top.v(633)
HDL-1007 : undeclared symbol 'hs', assumed default net type 'wire' in ../../source_code/rtl/UDP_Example_Top.v(684)
HDL-1007 : undeclared symbol 'vs', assumed default net type 'wire' in ../../source_code/rtl/UDP_Example_Top.v(685)
HDL-1007 : undeclared symbol 'de', assumed default net type 'wire' in ../../source_code/rtl/UDP_Example_Top.v(686)
HDL-1007 : analyze verilog file ../../source_code/rtl/udp_ip_protocol_stack_merge.enc.v
HDL-1007 : back to file '../../source_code/rtl/udp_ip_protocol_stack_merge.enc.v' in ../../source_code/rtl/udp_ip_protocol_stack_merge.enc.v(56)
HDL-1007 : undeclared symbol '**', assumed default net type '**' in ../../source_code/rtl/udp_ip_protocol_stack_merge.enc.v(2638)
HDL-1007 : back to file '../../source_code/rtl/udp_ip_protocol_stack_merge.enc.v' in ../../source_code/rtl/udp_ip_protocol_stack_merge.enc.v(420)
HDL-1007 : analyze verilog file ../../source_code/rtl/udp_loopback.v
HDL-1007 : analyze verilog file ../../source_code/rtl/sdr/rtl/app_wrrd.v
HDL-1007 : analyze included file ../../source_code/rtl/sdr/rtl/../include/global_def.v in ../../source_code/rtl/sdr/rtl/app_wrrd.v(10)
HDL-1007 : back to file '../../source_code/rtl/sdr/rtl/app_wrrd.v' in ../../source_code/rtl/sdr/rtl/app_wrrd.v(10)
HDL-5372 WARNING: redeclaration of ANSI port 'full_flag' is not allowed in ../../source_code/rtl/sdr/rtl/app_wrrd.v(61)
HDL-1007 : undeclared symbol 'afull', assumed default net type 'wire' in ../../source_code/rtl/sdr/rtl/app_wrrd.v(74)
HDL-1007 : undeclared symbol 'aempty', assumed default net type 'wire' in ../../source_code/rtl/sdr/rtl/app_wrrd.v(75)
HDL-1007 : undeclared symbol 'wrusedw', assumed default net type 'wire' in ../../source_code/rtl/sdr/rtl/app_wrrd.v(76)
HDL-5333 WARNING: data object 'w_addr_cnt' is already declared in ../../source_code/rtl/sdr/rtl/app_wrrd.v(139)
HDL-1007 : previous declaration of 'w_addr_cnt' is from here in ../../source_code/rtl/sdr/rtl/app_wrrd.v(38)
HDL-5007 WARNING: second declaration of 'w_addr_cnt' is ignored in ../../source_code/rtl/sdr/rtl/app_wrrd.v(139)
HDL-1007 : analyze verilog file ../../source_code/rtl/sdr/rtl/sdram_top.v
HDL-1007 : analyze included file ../../source_code/rtl/sdr/rtl/../include/global_def.v in ../../source_code/rtl/sdr/rtl/sdram_top.v(10)
HDL-1007 : back to file '../../source_code/rtl/sdr/rtl/sdram_top.v' in ../../source_code/rtl/sdr/rtl/sdram_top.v(10)
HDL-1007 : undeclared symbol 'Rst_n', assumed default net type 'wire' in ../../source_code/rtl/sdr/rtl/sdram_top.v(70)
HDL-5372 WARNING: redeclaration of ANSI port 'wr_done' is not allowed in ../../source_code/rtl/sdr/rtl/sdram_top.v(73)
HDL-1007 : undeclared symbol 'SDR_CKE', assumed default net type 'wire' in ../../source_code/rtl/sdr/rtl/sdram_top.v(132)
HDL-1007 : analyze verilog file ../../source_code/rtl/sd/sd_ctrl_top.v
HDL-1007 : analyze verilog file ../../source_code/rtl/sd/sd_init.v
HDL-1007 : analyze verilog file ../../source_code/rtl/sd/sd_read.v
HDL-1007 : analyze verilog file ../../source_code/rtl/sd/sd_read_photo.v
HDL-1007 : analyze verilog file ../../source_code/rtl/sdr/rtl/enc_file/sdr_as_ram.enc.v
HDL-1007 : back to file '../../source_code/rtl/sdr/rtl/enc_file/sdr_as_ram.enc.v' in ../../source_code/rtl/sdr/rtl/enc_file/sdr_as_ram.enc.v(45)
HDL-1007 : analyze verilog file ../../source_code/rtl/sdr/rtl/enc_file/sdr_init_ref.enc.v
HDL-1007 : undeclared symbol '**', assumed default net type '**' in ../../source_code/rtl/sdr/rtl/enc_file/sdr_init_ref.enc.v(57)
HDL-1007 : back to file '../../source_code/rtl/sdr/rtl/enc_file/sdr_init_ref.enc.v' in ../../source_code/rtl/sdr/rtl/enc_file/sdr_init_ref.enc.v(148)
HDL-5007 WARNING: concatenation with an unsized literal will be treated as 32 bits in ../../source_code/rtl/sdr/rtl/enc_file/sdr_init_ref.enc.v(47)
HDL-1007 : analyze verilog file ../../source_code/rtl/sdr/rtl/enc_file/sdr_wrrd.enc.v
HDL-5007 WARNING: concatenation with an unsized literal will be treated as 32 bits in ../../source_code/rtl/sdr/rtl/enc_file/sdr_wrrd.enc.v(283)
HDL-1007 : back to file '../../source_code/rtl/sdr/rtl/enc_file/sdr_wrrd.enc.v' in ../../source_code/rtl/sdr/rtl/enc_file/sdr_wrrd.enc.v(19)
HDL-1007 : analyze verilog file ../../source_code/rtl/camera_data_gen.v
HDL-1007 : analyze verilog file ../../source_code/rtl/ov5640/ov5640_dri.v
HDL-1007 : analyze verilog file ../../source_code/rtl/ov5640/ov5640_delay.v
HDL-1007 : analyze verilog file ../../source_code/rtl/ov5640/i2c_ov5640_rgb565_cfg.v
HDL-1007 : analyze verilog file ../../source_code/rtl/ov5640/i2c_dri.v
HDL-1007 : analyze verilog file ../../source_code/rtl/ov5640/cmos_capture_data.v
HDL-1007 : analyze verilog file ../../source_code/rtl/sdram_write_static_sel.v
HDL-1007 : analyze verilog file ../../source_code/rtl/uart/cmd_ctrl.v
HDL-1007 : analyze verilog file ../../source_code/rtl/uart/uart_rx.v
HDL-1007 : analyze verilog file ../../source_code/rtl/uart/uart_test.v
HDL-1007 : analyze verilog file ../../source_code/rtl/uart/uart_tx.v
HDL-1007 : analyze verilog file ../../source_code/rtl/display/video_delay.v
HDL-1007 : analyze verilog file ../../source_code/rtl/display/video_timing_data.v
HDL-1007 : analyze verilog file ../../source_code/rtl/sdram_read_align.v
HDL-1007 : analyze VHDL file ../../source_code/rtl/hdmi/hdmi_tx.vhd
HDL-1007 : analyze entity hdmi_tx in ../../source_code/rtl/hdmi/hdmi_tx.vhd(11)
HDL-1007 : analyze architecture behavioral in ../../source_code/rtl/hdmi/hdmi_tx.vhd(33)
HDL-1007 : analyze verilog file ../../source_code/rtl/sd/sd_card_ctrl.v
HDL-1007 : analyze VHDL file ../../source_code/rtl/hdmi/enc_file/DVITransmitter.enc.vhd
HDL-1007 : analyze entity dvitransmitter in ../../source_code/rtl/hdmi/enc_file/DVITransmitter.enc.vhd(13)
HDL-1007 : analyze architecture ** in ../../source_code/rtl/hdmi/enc_file/DVITransmitter.enc.vhd(2)
HDL-1007 : analyze VHDL file ../../source_code/rtl/hdmi/enc_file/SerializerN_1_lvds.enc.vhd
HDL-1007 : analyze entity ** in ../../source_code/rtl/hdmi/enc_file/SerializerN_1_lvds.enc.vhd(12)
HDL-1007 : analyze architecture ** in ../../source_code/rtl/hdmi/enc_file/SerializerN_1_lvds.enc.vhd(25)
HDL-1007 : analyze VHDL file ../../source_code/rtl/hdmi/enc_file/SerializerN_1_lvds_dat.enc.vhd
HDL-1007 : analyze entity ** in ../../source_code/rtl/hdmi/enc_file/SerializerN_1_lvds_dat.enc.vhd(14)
HDL-1007 : analyze architecture ** in ../../source_code/rtl/hdmi/enc_file/SerializerN_1_lvds_dat.enc.vhd(28)
HDL-1007 : analyze VHDL file ../../source_code/rtl/hdmi/enc_file/TMDSEncoder.enc.vhd
HDL-1007 : analyze entity ** in ../../source_code/rtl/hdmi/enc_file/TMDSEncoder.enc.vhd(13)
HDL-1007 : analyze architecture ** in ../../source_code/rtl/hdmi/enc_file/TMDSEncoder.enc.vhd(24)
HDL-1007 : analyze verilog file ../../source_code/rtl/display/color_bar.v
HDL-1007 : analyze included file ../../source_code/rtl/display/video_define.v in ../../source_code/rtl/display/color_bar.v(1)
HDL-1007 : back to file '../../source_code/rtl/display/color_bar.v' in ../../source_code/rtl/display/color_bar.v(1)
RUN-1002 : start command "commit_param -step design"
RUN-1001 : Print Global Property
RUN-1001 : --------------------------------------------------------
RUN-1001 :   Parameters   |  Settings  |  Default Values  |  Note  
RUN-1001 : --------------------------------------------------------
RUN-1001 :   enable_seed  |    off     |       off        |        
RUN-1001 :     message    |  standard  |     standard     |        
RUN-1001 :   qor_monitor  |     on     |        on        |        
RUN-1001 :   syn_ip_flow  |    off     |       off        |        
RUN-1001 :     thread     |    auto    |       auto       |        
RUN-1001 : --------------------------------------------------------
RUN-1001 : Print Design Property
RUN-1001 : ----------------------------------------------------------------
RUN-1001 :       Parameters       |  Settings  |  Default Values  |  Note  
RUN-1001 : ----------------------------------------------------------------
RUN-1001 :   default_reg_initial  |    auto    |       auto       |        
RUN-1001 :    hdl_warning_level   |   normal   |      normal      |        
RUN-1001 : ----------------------------------------------------------------
HDL-1007 : analyze verilog file al_ip/TEMAC_CORE/RTL/mac_core_aead6cd6dadd.v
HDL-1007 : analyze verilog file al_ip/TEMAC_CORE/RTL/TEMAC_CORE_aead6cd6dadd.v
HDL-5007 WARNING: column 1032 exceeds maximum value 1023 in al_ip/TEMAC_CORE/RTL/TEMAC_CORE_aead6cd6dadd.v(30)
HDL-1007 : back to file 'al_ip/TEMAC_CORE/RTL/TEMAC_CORE_aead6cd6dadd.v' in al_ip/TEMAC_CORE/RTL/TEMAC_CORE_aead6cd6dadd.v(86)
HDL-5007 WARNING: event expressions must result in a singular type in al_ip/TEMAC_CORE/RTL/TEMAC_CORE_aead6cd6dadd.v(3001)
HDL-1007 : undeclared symbol '**', assumed default net type '**' in al_ip/TEMAC_CORE/RTL/TEMAC_CORE_aead6cd6dadd.v(5050)
HDL-1007 : undeclared symbol '**', assumed default net type '**' in al_ip/TEMAC_CORE/RTL/TEMAC_CORE_aead6cd6dadd.v(5458)
HDL-5007 WARNING: column 1035 exceeds maximum value 1023 in al_ip/TEMAC_CORE/RTL/TEMAC_CORE_aead6cd6dadd.v(6001)
HDL-1007 : back to file 'al_ip/TEMAC_CORE/RTL/TEMAC_CORE_aead6cd6dadd.v' in al_ip/TEMAC_CORE/RTL/TEMAC_CORE_aead6cd6dadd.v(260)
HDL-1007 : analyze verilog file al_ip/TEMAC_CORE/TEMAC_CORE.v
HDL-1007 : analyze verilog file al_ip/clk_pll.v
HDL-1007 : undeclared symbol 'clk_pll_open0', assumed default net type 'wire' in al_ip/clk_pll.v(92)
HDL-1007 : undeclared symbol 'clk_pll_open8', assumed default net type 'wire' in al_ip/clk_pll.v(98)
HDL-1007 : undeclared symbol 'clk_pll_open7', assumed default net type 'wire' in al_ip/clk_pll.v(98)
HDL-1007 : undeclared symbol 'clk_pll_open6', assumed default net type 'wire' in al_ip/clk_pll.v(98)
HDL-1007 : undeclared symbol 'clk_pll_open5', assumed default net type 'wire' in al_ip/clk_pll.v(98)
HDL-1007 : undeclared symbol 'clk_pll_open4', assumed default net type 'wire' in al_ip/clk_pll.v(98)
HDL-1007 : undeclared symbol 'clk_pll_open3', assumed default net type 'wire' in al_ip/clk_pll.v(98)
HDL-1007 : undeclared symbol 'clk_pll_open2', assumed default net type 'wire' in al_ip/clk_pll.v(98)
HDL-1007 : undeclared symbol 'clk_pll_open1', assumed default net type 'wire' in al_ip/clk_pll.v(98)
HDL-1007 : undeclared symbol 'clk_pll_open9', assumed default net type 'wire' in al_ip/clk_pll.v(100)
HDL-1007 : analyze verilog file al_ip/fifo_sdr_data_2.v
HDL-1007 : analyze verilog file al_ip/pll_50.v
HDL-1007 : undeclared symbol 'open', assumed default net type 'wire' in al_ip/pll_50.v(85)
HDL-1007 : analyze verilog file al_ip/pll_gen.v
HDL-1007 : undeclared symbol 'pll_gen_open0', assumed default net type 'wire' in al_ip/pll_gen.v(99)
HDL-1007 : undeclared symbol 'pll_gen_open8', assumed default net type 'wire' in al_ip/pll_gen.v(105)
HDL-1007 : undeclared symbol 'pll_gen_open7', assumed default net type 'wire' in al_ip/pll_gen.v(105)
HDL-1007 : undeclared symbol 'pll_gen_open6', assumed default net type 'wire' in al_ip/pll_gen.v(105)
HDL-1007 : undeclared symbol 'pll_gen_open5', assumed default net type 'wire' in al_ip/pll_gen.v(105)
HDL-1007 : undeclared symbol 'pll_gen_open4', assumed default net type 'wire' in al_ip/pll_gen.v(105)
HDL-1007 : undeclared symbol 'pll_gen_open3', assumed default net type 'wire' in al_ip/pll_gen.v(105)
HDL-1007 : undeclared symbol 'pll_gen_open2', assumed default net type 'wire' in al_ip/pll_gen.v(105)
HDL-1007 : undeclared symbol 'pll_gen_open1', assumed default net type 'wire' in al_ip/pll_gen.v(105)
HDL-1007 : analyze verilog file al_ip/rx_pll.v
HDL-1007 : undeclared symbol 'open', assumed default net type 'wire' in al_ip/rx_pll.v(78)
HDL-1007 : analyze verilog file al_ip/video_pll.v
HDL-1007 : undeclared symbol 'video_pll_open0', assumed default net type 'wire' in al_ip/video_pll.v(70)
HDL-1007 : undeclared symbol 'video_pll_open1', assumed default net type 'wire' in al_ip/video_pll.v(76)
HDL-1007 : undeclared symbol 'video_pll_open9', assumed default net type 'wire' in al_ip/video_pll.v(82)
HDL-1007 : undeclared symbol 'video_pll_open8', assumed default net type 'wire' in al_ip/video_pll.v(82)
HDL-1007 : undeclared symbol 'video_pll_open7', assumed default net type 'wire' in al_ip/video_pll.v(82)
HDL-1007 : undeclared symbol 'video_pll_open6', assumed default net type 'wire' in al_ip/video_pll.v(82)
HDL-1007 : undeclared symbol 'video_pll_open5', assumed default net type 'wire' in al_ip/video_pll.v(82)
HDL-1007 : undeclared symbol 'video_pll_open4', assumed default net type 'wire' in al_ip/video_pll.v(82)
HDL-1007 : undeclared symbol 'video_pll_open3', assumed default net type 'wire' in al_ip/video_pll.v(82)
HDL-1007 : undeclared symbol 'video_pll_open2', assumed default net type 'wire' in al_ip/video_pll.v(82)
HDL-1007 : undeclared symbol 'video_pll_open12', assumed default net type 'wire' in al_ip/video_pll.v(84)
HDL-1007 : undeclared symbol 'video_pll_open11', assumed default net type 'wire' in al_ip/video_pll.v(84)
HDL-1007 : undeclared symbol 'video_pll_open10', assumed default net type 'wire' in al_ip/video_pll.v(84)
HDL-1007 : analyze verilog file ../../source_code/rtl/BUFGMUX.v
HDL-1007 : analyze verilog file ../../source_code/rtl/clk_gen_rst_gen.v
HDL-1007 : analyze verilog file ../../source_code/rtl/div_clk_gen.v
HDL-1007 : analyze verilog file ../../source_code/rtl/IDDR.v
HDL-1007 : analyze verilog file ../../source_code/rtl/ODDR.v
HDL-1007 : analyze verilog file ../../source_code/rtl/RAMB16_S9_S9.v
HDL-1007 : undeclared symbol 'open', assumed default net type 'wire' in ../../source_code/rtl/RAMB16_S9_S9.v(109)
HDL-1007 : analyze verilog file ../../source_code/rtl/rgmii_interface.v
HDL-1007 : analyze verilog file ../../source_code/rtl/rx_client_fifo.v
HDL-5370 WARNING: parameter 'WAIT_s' becomes localparam in 'rx_client_fifo' with formal parameter declaration list in ../../source_code/rtl/rx_client_fifo.v(49)
HDL-5370 WARNING: parameter 'QUEUE1_s' becomes localparam in 'rx_client_fifo' with formal parameter declaration list in ../../source_code/rtl/rx_client_fifo.v(50)
HDL-5370 WARNING: parameter 'QUEUE2_s' becomes localparam in 'rx_client_fifo' with formal parameter declaration list in ../../source_code/rtl/rx_client_fifo.v(51)
HDL-5370 WARNING: parameter 'QUEUE3_s' becomes localparam in 'rx_client_fifo' with formal parameter declaration list in ../../source_code/rtl/rx_client_fifo.v(52)
HDL-5370 WARNING: parameter 'QUEUE_SOF_s' becomes localparam in 'rx_client_fifo' with formal parameter declaration list in ../../source_code/rtl/rx_client_fifo.v(53)
HDL-5370 WARNING: parameter 'SOF_s' becomes localparam in 'rx_client_fifo' with formal parameter declaration list in ../../source_code/rtl/rx_client_fifo.v(54)
HDL-5370 WARNING: parameter 'DATA_s' becomes localparam in 'rx_client_fifo' with formal parameter declaration list in ../../source_code/rtl/rx_client_fifo.v(55)
HDL-5370 WARNING: parameter 'EOF_s' becomes localparam in 'rx_client_fifo' with formal parameter declaration list in ../../source_code/rtl/rx_client_fifo.v(56)
HDL-5370 WARNING: parameter 'IDLE_s' becomes localparam in 'rx_client_fifo' with formal parameter declaration list in ../../source_code/rtl/rx_client_fifo.v(62)
HDL-5370 WARNING: parameter 'FRAME_s' becomes localparam in 'rx_client_fifo' with formal parameter declaration list in ../../source_code/rtl/rx_client_fifo.v(63)
HDL-5370 Similar messages will be suppressed.
HDL-1007 : analyze verilog file ../../source_code/rtl/temac_block.v
HDL-1007 : analyze verilog file ../../source_code/rtl/temac_clk_gen.v
HDL-1007 : analyze verilog file ../../source_code/rtl/tx_client_fifo.v
HDL-5370 WARNING: parameter 'IDLE_s' becomes localparam in 'tx_client_fifo' with formal parameter declaration list in ../../source_code/rtl/tx_client_fifo.v(53)
HDL-5370 WARNING: parameter 'QUEUE1_s' becomes localparam in 'tx_client_fifo' with formal parameter declaration list in ../../source_code/rtl/tx_client_fifo.v(54)
HDL-5370 WARNING: parameter 'QUEUE2_s' becomes localparam in 'tx_client_fifo' with formal parameter declaration list in ../../source_code/rtl/tx_client_fifo.v(55)
HDL-5370 WARNING: parameter 'QUEUE3_s' becomes localparam in 'tx_client_fifo' with formal parameter declaration list in ../../source_code/rtl/tx_client_fifo.v(56)
HDL-5370 WARNING: parameter 'QUEUE_ACK_s' becomes localparam in 'tx_client_fifo' with formal parameter declaration list in ../../source_code/rtl/tx_client_fifo.v(57)
HDL-5370 WARNING: parameter 'WAIT_ACK_s' becomes localparam in 'tx_client_fifo' with formal parameter declaration list in ../../source_code/rtl/tx_client_fifo.v(58)
HDL-5370 WARNING: parameter 'FRAME_s' becomes localparam in 'tx_client_fifo' with formal parameter declaration list in ../../source_code/rtl/tx_client_fifo.v(59)
HDL-5370 WARNING: parameter 'DROP_s' becomes localparam in 'tx_client_fifo' with formal parameter declaration list in ../../source_code/rtl/tx_client_fifo.v(60)
HDL-5370 WARNING: parameter 'RETRANSMIT_s' becomes localparam in 'tx_client_fifo' with formal parameter declaration list in ../../source_code/rtl/tx_client_fifo.v(61)
HDL-5370 WARNING: parameter 'WAIT_s' becomes localparam in 'tx_client_fifo' with formal parameter declaration list in ../../source_code/rtl/tx_client_fifo.v(67)
HDL-5370 Similar messages will be suppressed.
HDL-1007 : analyze verilog file ../../source_code/rtl/tx_clk_en_gen.v
HDL-1007 : analyze verilog file ../../source_code/rtl/udp_data_tpg.v
HDL-1007 : analyze verilog file ../../source_code/rtl/UDP_Example_Top.v
HDL-1007 : undeclared symbol 'video_clk', assumed default net type 'wire' in ../../source_code/rtl/UDP_Example_Top.v(226)
HDL-1007 : undeclared symbol 'hdmi_5x_clk', assumed default net type 'wire' in ../../source_code/rtl/UDP_Example_Top.v(227)
HDL-1007 : undeclared symbol 'phy_reset', assumed default net type 'wire' in ../../source_code/rtl/UDP_Example_Top.v(435)
HDL-5333 WARNING: data object 'rst_n' is already declared in ../../source_code/rtl/UDP_Example_Top.v(482)
HDL-1007 : previous declaration of 'rst_n' is from here in ../../source_code/rtl/UDP_Example_Top.v(246)
HDL-5007 WARNING: second declaration of 'rst_n' is ignored in ../../source_code/rtl/UDP_Example_Top.v(482)
HDL-1007 : undeclared symbol 'tpg_data_done', assumed default net type 'wire' in ../../source_code/rtl/UDP_Example_Top.v(590)
HDL-1007 : undeclared symbol 'Sdr_rd_en_aligned', assumed default net type 'wire' in ../../source_code/rtl/UDP_Example_Top.v(606)
HDL-1007 : undeclared symbol 'image_r', assumed default net type 'wire' in ../../source_code/rtl/UDP_Example_Top.v(607)
HDL-1007 : undeclared symbol 'image_g', assumed default net type 'wire' in ../../source_code/rtl/UDP_Example_Top.v(608)
HDL-1007 : undeclared symbol 'image_b', assumed default net type 'wire' in ../../source_code/rtl/UDP_Example_Top.v(609)
HDL-1007 : undeclared symbol 'vga_out_de', assumed default net type 'wire' in ../../source_code/rtl/UDP_Example_Top.v(633)
HDL-1007 : undeclared symbol 'hs', assumed default net type 'wire' in ../../source_code/rtl/UDP_Example_Top.v(685)
HDL-1007 : undeclared symbol 'vs', assumed default net type 'wire' in ../../source_code/rtl/UDP_Example_Top.v(686)
HDL-1007 : undeclared symbol 'de', assumed default net type 'wire' in ../../source_code/rtl/UDP_Example_Top.v(687)
HDL-1007 : analyze verilog file ../../source_code/rtl/udp_ip_protocol_stack_merge.enc.v
HDL-1007 : back to file '../../source_code/rtl/udp_ip_protocol_stack_merge.enc.v' in ../../source_code/rtl/udp_ip_protocol_stack_merge.enc.v(56)
HDL-1007 : undeclared symbol '**', assumed default net type '**' in ../../source_code/rtl/udp_ip_protocol_stack_merge.enc.v(2638)
HDL-1007 : back to file '../../source_code/rtl/udp_ip_protocol_stack_merge.enc.v' in ../../source_code/rtl/udp_ip_protocol_stack_merge.enc.v(420)
HDL-1007 : analyze verilog file ../../source_code/rtl/udp_loopback.v
HDL-1007 : analyze verilog file ../../source_code/rtl/sdr/rtl/app_wrrd.v
HDL-1007 : analyze included file ../../source_code/rtl/sdr/rtl/../include/global_def.v in ../../source_code/rtl/sdr/rtl/app_wrrd.v(10)
HDL-1007 : back to file '../../source_code/rtl/sdr/rtl/app_wrrd.v' in ../../source_code/rtl/sdr/rtl/app_wrrd.v(10)
HDL-5372 WARNING: redeclaration of ANSI port 'full_flag' is not allowed in ../../source_code/rtl/sdr/rtl/app_wrrd.v(61)
HDL-1007 : undeclared symbol 'afull', assumed default net type 'wire' in ../../source_code/rtl/sdr/rtl/app_wrrd.v(74)
HDL-1007 : undeclared symbol 'aempty', assumed default net type 'wire' in ../../source_code/rtl/sdr/rtl/app_wrrd.v(75)
HDL-1007 : undeclared symbol 'wrusedw', assumed default net type 'wire' in ../../source_code/rtl/sdr/rtl/app_wrrd.v(76)
HDL-5333 WARNING: data object 'w_addr_cnt' is already declared in ../../source_code/rtl/sdr/rtl/app_wrrd.v(139)
HDL-1007 : previous declaration of 'w_addr_cnt' is from here in ../../source_code/rtl/sdr/rtl/app_wrrd.v(38)
HDL-5007 WARNING: second declaration of 'w_addr_cnt' is ignored in ../../source_code/rtl/sdr/rtl/app_wrrd.v(139)
HDL-1007 : analyze verilog file ../../source_code/rtl/sdr/rtl/sdram_top.v
HDL-1007 : analyze included file ../../source_code/rtl/sdr/rtl/../include/global_def.v in ../../source_code/rtl/sdr/rtl/sdram_top.v(10)
HDL-1007 : back to file '../../source_code/rtl/sdr/rtl/sdram_top.v' in ../../source_code/rtl/sdr/rtl/sdram_top.v(10)
HDL-1007 : undeclared symbol 'Rst_n', assumed default net type 'wire' in ../../source_code/rtl/sdr/rtl/sdram_top.v(70)
HDL-5372 WARNING: redeclaration of ANSI port 'wr_done' is not allowed in ../../source_code/rtl/sdr/rtl/sdram_top.v(73)
HDL-1007 : undeclared symbol 'SDR_CKE', assumed default net type 'wire' in ../../source_code/rtl/sdr/rtl/sdram_top.v(132)
HDL-1007 : analyze verilog file ../../source_code/rtl/sd/sd_ctrl_top.v
HDL-1007 : analyze verilog file ../../source_code/rtl/sd/sd_init.v
HDL-1007 : analyze verilog file ../../source_code/rtl/sd/sd_read.v
HDL-1007 : analyze verilog file ../../source_code/rtl/sd/sd_read_photo.v
HDL-1007 : analyze verilog file ../../source_code/rtl/sdr/rtl/enc_file/sdr_as_ram.enc.v
HDL-1007 : back to file '../../source_code/rtl/sdr/rtl/enc_file/sdr_as_ram.enc.v' in ../../source_code/rtl/sdr/rtl/enc_file/sdr_as_ram.enc.v(45)
HDL-1007 : analyze verilog file ../../source_code/rtl/sdr/rtl/enc_file/sdr_init_ref.enc.v
HDL-1007 : undeclared symbol '**', assumed default net type '**' in ../../source_code/rtl/sdr/rtl/enc_file/sdr_init_ref.enc.v(57)
HDL-1007 : back to file '../../source_code/rtl/sdr/rtl/enc_file/sdr_init_ref.enc.v' in ../../source_code/rtl/sdr/rtl/enc_file/sdr_init_ref.enc.v(148)
HDL-5007 WARNING: concatenation with an unsized literal will be treated as 32 bits in ../../source_code/rtl/sdr/rtl/enc_file/sdr_init_ref.enc.v(47)
HDL-1007 : analyze verilog file ../../source_code/rtl/sdr/rtl/enc_file/sdr_wrrd.enc.v
HDL-5007 WARNING: concatenation with an unsized literal will be treated as 32 bits in ../../source_code/rtl/sdr/rtl/enc_file/sdr_wrrd.enc.v(283)
HDL-1007 : back to file '../../source_code/rtl/sdr/rtl/enc_file/sdr_wrrd.enc.v' in ../../source_code/rtl/sdr/rtl/enc_file/sdr_wrrd.enc.v(19)
HDL-1007 : analyze verilog file ../../source_code/rtl/camera_data_gen.v
HDL-1007 : analyze verilog file ../../source_code/rtl/ov5640/ov5640_dri.v
HDL-1007 : analyze verilog file ../../source_code/rtl/ov5640/ov5640_delay.v
HDL-1007 : analyze verilog file ../../source_code/rtl/ov5640/i2c_ov5640_rgb565_cfg.v
HDL-1007 : analyze verilog file ../../source_code/rtl/ov5640/i2c_dri.v
HDL-1007 : analyze verilog file ../../source_code/rtl/ov5640/cmos_capture_data.v
HDL-1007 : analyze verilog file ../../source_code/rtl/sdram_write_static_sel.v
HDL-1007 : analyze verilog file ../../source_code/rtl/uart/cmd_ctrl.v
HDL-1007 : analyze verilog file ../../source_code/rtl/uart/uart_rx.v
HDL-1007 : analyze verilog file ../../source_code/rtl/uart/uart_test.v
HDL-1007 : analyze verilog file ../../source_code/rtl/uart/uart_tx.v
HDL-1007 : analyze verilog file ../../source_code/rtl/display/video_delay.v
HDL-1007 : analyze verilog file ../../source_code/rtl/display/video_timing_data.v
HDL-1007 : analyze verilog file ../../source_code/rtl/sdram_read_align.v
HDL-1007 : analyze VHDL file ../../source_code/rtl/hdmi/hdmi_tx.vhd
HDL-1007 : analyze entity hdmi_tx in ../../source_code/rtl/hdmi/hdmi_tx.vhd(11)
HDL-1007 : analyze architecture behavioral in ../../source_code/rtl/hdmi/hdmi_tx.vhd(33)
HDL-1007 : analyze verilog file ../../source_code/rtl/sd/sd_card_ctrl.v
HDL-1007 : analyze VHDL file ../../source_code/rtl/hdmi/enc_file/DVITransmitter.enc.vhd
HDL-1007 : analyze entity dvitransmitter in ../../source_code/rtl/hdmi/enc_file/DVITransmitter.enc.vhd(13)
HDL-1007 : analyze architecture ** in ../../source_code/rtl/hdmi/enc_file/DVITransmitter.enc.vhd(2)
HDL-1007 : analyze VHDL file ../../source_code/rtl/hdmi/enc_file/SerializerN_1_lvds.enc.vhd
HDL-1007 : analyze entity ** in ../../source_code/rtl/hdmi/enc_file/SerializerN_1_lvds.enc.vhd(12)
HDL-1007 : analyze architecture ** in ../../source_code/rtl/hdmi/enc_file/SerializerN_1_lvds.enc.vhd(25)
HDL-1007 : analyze VHDL file ../../source_code/rtl/hdmi/enc_file/SerializerN_1_lvds_dat.enc.vhd
HDL-1007 : analyze entity ** in ../../source_code/rtl/hdmi/enc_file/SerializerN_1_lvds_dat.enc.vhd(14)
HDL-1007 : analyze architecture ** in ../../source_code/rtl/hdmi/enc_file/SerializerN_1_lvds_dat.enc.vhd(28)
HDL-1007 : analyze VHDL file ../../source_code/rtl/hdmi/enc_file/TMDSEncoder.enc.vhd
HDL-1007 : analyze entity ** in ../../source_code/rtl/hdmi/enc_file/TMDSEncoder.enc.vhd(13)
HDL-1007 : analyze architecture ** in ../../source_code/rtl/hdmi/enc_file/TMDSEncoder.enc.vhd(24)
HDL-1007 : analyze verilog file ../../source_code/rtl/display/color_bar.v
HDL-1007 : analyze included file ../../source_code/rtl/display/video_define.v in ../../source_code/rtl/display/color_bar.v(1)
HDL-1007 : back to file '../../source_code/rtl/display/color_bar.v' in ../../source_code/rtl/display/color_bar.v(1)
RUN-1002 : start command "commit_param -step design"
RUN-1001 : Print Global Property
RUN-1001 : --------------------------------------------------------
RUN-1001 :   Parameters   |  Settings  |  Default Values  |  Note  
RUN-1001 : --------------------------------------------------------
RUN-1001 :   enable_seed  |    off     |       off        |        
RUN-1001 :     message    |  standard  |     standard     |        
RUN-1001 :   qor_monitor  |     on     |        on        |        
RUN-1001 :   syn_ip_flow  |    off     |       off        |        
RUN-1001 :     thread     |    auto    |       auto       |        
RUN-1001 : --------------------------------------------------------
RUN-1001 : Print Design Property
RUN-1001 : ----------------------------------------------------------------
RUN-1001 :       Parameters       |  Settings  |  Default Values  |  Note  
RUN-1001 : ----------------------------------------------------------------
RUN-1001 :   default_reg_initial  |    auto    |       auto       |        
RUN-1001 :    hdl_warning_level   |   normal   |      normal      |        
RUN-1001 : ----------------------------------------------------------------
HDL-1007 : analyze verilog file al_ip/TEMAC_CORE/RTL/mac_core_aead6cd6dadd.v
HDL-1007 : analyze verilog file al_ip/TEMAC_CORE/RTL/TEMAC_CORE_aead6cd6dadd.v
HDL-5007 WARNING: column 1032 exceeds maximum value 1023 in al_ip/TEMAC_CORE/RTL/TEMAC_CORE_aead6cd6dadd.v(30)
HDL-1007 : back to file 'al_ip/TEMAC_CORE/RTL/TEMAC_CORE_aead6cd6dadd.v' in al_ip/TEMAC_CORE/RTL/TEMAC_CORE_aead6cd6dadd.v(86)
HDL-5007 WARNING: event expressions must result in a singular type in al_ip/TEMAC_CORE/RTL/TEMAC_CORE_aead6cd6dadd.v(3001)
HDL-1007 : undeclared symbol '**', assumed default net type '**' in al_ip/TEMAC_CORE/RTL/TEMAC_CORE_aead6cd6dadd.v(5050)
HDL-1007 : undeclared symbol '**', assumed default net type '**' in al_ip/TEMAC_CORE/RTL/TEMAC_CORE_aead6cd6dadd.v(5458)
HDL-5007 WARNING: column 1035 exceeds maximum value 1023 in al_ip/TEMAC_CORE/RTL/TEMAC_CORE_aead6cd6dadd.v(6001)
HDL-1007 : back to file 'al_ip/TEMAC_CORE/RTL/TEMAC_CORE_aead6cd6dadd.v' in al_ip/TEMAC_CORE/RTL/TEMAC_CORE_aead6cd6dadd.v(260)
HDL-1007 : analyze verilog file al_ip/TEMAC_CORE/TEMAC_CORE.v
HDL-1007 : analyze verilog file al_ip/clk_pll.v
HDL-1007 : undeclared symbol 'clk_pll_open0', assumed default net type 'wire' in al_ip/clk_pll.v(92)
HDL-1007 : undeclared symbol 'clk_pll_open8', assumed default net type 'wire' in al_ip/clk_pll.v(98)
HDL-1007 : undeclared symbol 'clk_pll_open7', assumed default net type 'wire' in al_ip/clk_pll.v(98)
HDL-1007 : undeclared symbol 'clk_pll_open6', assumed default net type 'wire' in al_ip/clk_pll.v(98)
HDL-1007 : undeclared symbol 'clk_pll_open5', assumed default net type 'wire' in al_ip/clk_pll.v(98)
HDL-1007 : undeclared symbol 'clk_pll_open4', assumed default net type 'wire' in al_ip/clk_pll.v(98)
HDL-1007 : undeclared symbol 'clk_pll_open3', assumed default net type 'wire' in al_ip/clk_pll.v(98)
HDL-1007 : undeclared symbol 'clk_pll_open2', assumed default net type 'wire' in al_ip/clk_pll.v(98)
HDL-1007 : undeclared symbol 'clk_pll_open1', assumed default net type 'wire' in al_ip/clk_pll.v(98)
HDL-1007 : undeclared symbol 'clk_pll_open9', assumed default net type 'wire' in al_ip/clk_pll.v(100)
HDL-1007 : analyze verilog file al_ip/fifo_sdr_data_2.v
HDL-1007 : analyze verilog file al_ip/pll_50.v
HDL-1007 : undeclared symbol 'open', assumed default net type 'wire' in al_ip/pll_50.v(85)
HDL-1007 : analyze verilog file al_ip/pll_gen.v
HDL-1007 : undeclared symbol 'pll_gen_open0', assumed default net type 'wire' in al_ip/pll_gen.v(99)
HDL-1007 : undeclared symbol 'pll_gen_open8', assumed default net type 'wire' in al_ip/pll_gen.v(105)
HDL-1007 : undeclared symbol 'pll_gen_open7', assumed default net type 'wire' in al_ip/pll_gen.v(105)
HDL-1007 : undeclared symbol 'pll_gen_open6', assumed default net type 'wire' in al_ip/pll_gen.v(105)
HDL-1007 : undeclared symbol 'pll_gen_open5', assumed default net type 'wire' in al_ip/pll_gen.v(105)
HDL-1007 : undeclared symbol 'pll_gen_open4', assumed default net type 'wire' in al_ip/pll_gen.v(105)
HDL-1007 : undeclared symbol 'pll_gen_open3', assumed default net type 'wire' in al_ip/pll_gen.v(105)
HDL-1007 : undeclared symbol 'pll_gen_open2', assumed default net type 'wire' in al_ip/pll_gen.v(105)
HDL-1007 : undeclared symbol 'pll_gen_open1', assumed default net type 'wire' in al_ip/pll_gen.v(105)
HDL-1007 : analyze verilog file al_ip/rx_pll.v
HDL-1007 : undeclared symbol 'open', assumed default net type 'wire' in al_ip/rx_pll.v(78)
HDL-1007 : analyze verilog file al_ip/video_pll.v
HDL-1007 : undeclared symbol 'video_pll_open0', assumed default net type 'wire' in al_ip/video_pll.v(70)
HDL-1007 : undeclared symbol 'video_pll_open1', assumed default net type 'wire' in al_ip/video_pll.v(76)
HDL-1007 : undeclared symbol 'video_pll_open9', assumed default net type 'wire' in al_ip/video_pll.v(82)
HDL-1007 : undeclared symbol 'video_pll_open8', assumed default net type 'wire' in al_ip/video_pll.v(82)
HDL-1007 : undeclared symbol 'video_pll_open7', assumed default net type 'wire' in al_ip/video_pll.v(82)
HDL-1007 : undeclared symbol 'video_pll_open6', assumed default net type 'wire' in al_ip/video_pll.v(82)
HDL-1007 : undeclared symbol 'video_pll_open5', assumed default net type 'wire' in al_ip/video_pll.v(82)
HDL-1007 : undeclared symbol 'video_pll_open4', assumed default net type 'wire' in al_ip/video_pll.v(82)
HDL-1007 : undeclared symbol 'video_pll_open3', assumed default net type 'wire' in al_ip/video_pll.v(82)
HDL-1007 : undeclared symbol 'video_pll_open2', assumed default net type 'wire' in al_ip/video_pll.v(82)
HDL-1007 : undeclared symbol 'video_pll_open12', assumed default net type 'wire' in al_ip/video_pll.v(84)
HDL-1007 : undeclared symbol 'video_pll_open11', assumed default net type 'wire' in al_ip/video_pll.v(84)
HDL-1007 : undeclared symbol 'video_pll_open10', assumed default net type 'wire' in al_ip/video_pll.v(84)
HDL-1007 : analyze verilog file ../../source_code/rtl/BUFGMUX.v
HDL-1007 : analyze verilog file ../../source_code/rtl/clk_gen_rst_gen.v
HDL-1007 : analyze verilog file ../../source_code/rtl/div_clk_gen.v
HDL-1007 : analyze verilog file ../../source_code/rtl/IDDR.v
HDL-1007 : analyze verilog file ../../source_code/rtl/ODDR.v
HDL-1007 : analyze verilog file ../../source_code/rtl/RAMB16_S9_S9.v
HDL-1007 : undeclared symbol 'open', assumed default net type 'wire' in ../../source_code/rtl/RAMB16_S9_S9.v(109)
HDL-1007 : analyze verilog file ../../source_code/rtl/rgmii_interface.v
HDL-1007 : analyze verilog file ../../source_code/rtl/rx_client_fifo.v
HDL-5370 WARNING: parameter 'WAIT_s' becomes localparam in 'rx_client_fifo' with formal parameter declaration list in ../../source_code/rtl/rx_client_fifo.v(49)
HDL-5370 WARNING: parameter 'QUEUE1_s' becomes localparam in 'rx_client_fifo' with formal parameter declaration list in ../../source_code/rtl/rx_client_fifo.v(50)
HDL-5370 WARNING: parameter 'QUEUE2_s' becomes localparam in 'rx_client_fifo' with formal parameter declaration list in ../../source_code/rtl/rx_client_fifo.v(51)
HDL-5370 WARNING: parameter 'QUEUE3_s' becomes localparam in 'rx_client_fifo' with formal parameter declaration list in ../../source_code/rtl/rx_client_fifo.v(52)
HDL-5370 WARNING: parameter 'QUEUE_SOF_s' becomes localparam in 'rx_client_fifo' with formal parameter declaration list in ../../source_code/rtl/rx_client_fifo.v(53)
HDL-5370 WARNING: parameter 'SOF_s' becomes localparam in 'rx_client_fifo' with formal parameter declaration list in ../../source_code/rtl/rx_client_fifo.v(54)
HDL-5370 WARNING: parameter 'DATA_s' becomes localparam in 'rx_client_fifo' with formal parameter declaration list in ../../source_code/rtl/rx_client_fifo.v(55)
HDL-5370 WARNING: parameter 'EOF_s' becomes localparam in 'rx_client_fifo' with formal parameter declaration list in ../../source_code/rtl/rx_client_fifo.v(56)
HDL-5370 WARNING: parameter 'IDLE_s' becomes localparam in 'rx_client_fifo' with formal parameter declaration list in ../../source_code/rtl/rx_client_fifo.v(62)
HDL-5370 WARNING: parameter 'FRAME_s' becomes localparam in 'rx_client_fifo' with formal parameter declaration list in ../../source_code/rtl/rx_client_fifo.v(63)
HDL-5370 Similar messages will be suppressed.
HDL-1007 : analyze verilog file ../../source_code/rtl/temac_block.v
HDL-1007 : analyze verilog file ../../source_code/rtl/temac_clk_gen.v
HDL-1007 : analyze verilog file ../../source_code/rtl/tx_client_fifo.v
HDL-5370 WARNING: parameter 'IDLE_s' becomes localparam in 'tx_client_fifo' with formal parameter declaration list in ../../source_code/rtl/tx_client_fifo.v(53)
HDL-5370 WARNING: parameter 'QUEUE1_s' becomes localparam in 'tx_client_fifo' with formal parameter declaration list in ../../source_code/rtl/tx_client_fifo.v(54)
HDL-5370 WARNING: parameter 'QUEUE2_s' becomes localparam in 'tx_client_fifo' with formal parameter declaration list in ../../source_code/rtl/tx_client_fifo.v(55)
HDL-5370 WARNING: parameter 'QUEUE3_s' becomes localparam in 'tx_client_fifo' with formal parameter declaration list in ../../source_code/rtl/tx_client_fifo.v(56)
HDL-5370 WARNING: parameter 'QUEUE_ACK_s' becomes localparam in 'tx_client_fifo' with formal parameter declaration list in ../../source_code/rtl/tx_client_fifo.v(57)
HDL-5370 WARNING: parameter 'WAIT_ACK_s' becomes localparam in 'tx_client_fifo' with formal parameter declaration list in ../../source_code/rtl/tx_client_fifo.v(58)
HDL-5370 WARNING: parameter 'FRAME_s' becomes localparam in 'tx_client_fifo' with formal parameter declaration list in ../../source_code/rtl/tx_client_fifo.v(59)
HDL-5370 WARNING: parameter 'DROP_s' becomes localparam in 'tx_client_fifo' with formal parameter declaration list in ../../source_code/rtl/tx_client_fifo.v(60)
HDL-5370 WARNING: parameter 'RETRANSMIT_s' becomes localparam in 'tx_client_fifo' with formal parameter declaration list in ../../source_code/rtl/tx_client_fifo.v(61)
HDL-5370 WARNING: parameter 'WAIT_s' becomes localparam in 'tx_client_fifo' with formal parameter declaration list in ../../source_code/rtl/tx_client_fifo.v(67)
HDL-5370 Similar messages will be suppressed.
HDL-1007 : analyze verilog file ../../source_code/rtl/tx_clk_en_gen.v
HDL-1007 : analyze verilog file ../../source_code/rtl/udp_data_tpg.v
HDL-1007 : analyze verilog file ../../source_code/rtl/UDP_Example_Top.v
HDL-1007 : undeclared symbol 'video_clk', assumed default net type 'wire' in ../../source_code/rtl/UDP_Example_Top.v(226)
HDL-1007 : undeclared symbol 'hdmi_5x_clk', assumed default net type 'wire' in ../../source_code/rtl/UDP_Example_Top.v(227)
HDL-1007 : undeclared symbol 'phy_reset', assumed default net type 'wire' in ../../source_code/rtl/UDP_Example_Top.v(435)
HDL-5333 WARNING: data object 'rst_n' is already declared in ../../source_code/rtl/UDP_Example_Top.v(482)
HDL-1007 : previous declaration of 'rst_n' is from here in ../../source_code/rtl/UDP_Example_Top.v(246)
HDL-5007 WARNING: second declaration of 'rst_n' is ignored in ../../source_code/rtl/UDP_Example_Top.v(482)
HDL-1007 : undeclared symbol 'tpg_data_done', assumed default net type 'wire' in ../../source_code/rtl/UDP_Example_Top.v(590)
HDL-1007 : undeclared symbol 'Sdr_rd_en_aligned', assumed default net type 'wire' in ../../source_code/rtl/UDP_Example_Top.v(606)
HDL-1007 : undeclared symbol 'image_r', assumed default net type 'wire' in ../../source_code/rtl/UDP_Example_Top.v(607)
HDL-1007 : undeclared symbol 'image_g', assumed default net type 'wire' in ../../source_code/rtl/UDP_Example_Top.v(608)
HDL-1007 : undeclared symbol 'image_b', assumed default net type 'wire' in ../../source_code/rtl/UDP_Example_Top.v(609)
HDL-1007 : undeclared symbol 'vga_out_de', assumed default net type 'wire' in ../../source_code/rtl/UDP_Example_Top.v(633)
HDL-1007 : undeclared symbol 'hs', assumed default net type 'wire' in ../../source_code/rtl/UDP_Example_Top.v(720)
HDL-1007 : undeclared symbol 'vs', assumed default net type 'wire' in ../../source_code/rtl/UDP_Example_Top.v(721)
HDL-1007 : undeclared symbol 'de', assumed default net type 'wire' in ../../source_code/rtl/UDP_Example_Top.v(722)
HDL-1007 : analyze verilog file ../../source_code/rtl/udp_ip_protocol_stack_merge.enc.v
HDL-1007 : back to file '../../source_code/rtl/udp_ip_protocol_stack_merge.enc.v' in ../../source_code/rtl/udp_ip_protocol_stack_merge.enc.v(56)
HDL-1007 : undeclared symbol '**', assumed default net type '**' in ../../source_code/rtl/udp_ip_protocol_stack_merge.enc.v(2638)
HDL-1007 : back to file '../../source_code/rtl/udp_ip_protocol_stack_merge.enc.v' in ../../source_code/rtl/udp_ip_protocol_stack_merge.enc.v(420)
HDL-1007 : analyze verilog file ../../source_code/rtl/udp_loopback.v
HDL-1007 : analyze verilog file ../../source_code/rtl/sdr/rtl/app_wrrd.v
HDL-1007 : analyze included file ../../source_code/rtl/sdr/rtl/../include/global_def.v in ../../source_code/rtl/sdr/rtl/app_wrrd.v(10)
HDL-1007 : back to file '../../source_code/rtl/sdr/rtl/app_wrrd.v' in ../../source_code/rtl/sdr/rtl/app_wrrd.v(10)
HDL-5372 WARNING: redeclaration of ANSI port 'full_flag' is not allowed in ../../source_code/rtl/sdr/rtl/app_wrrd.v(61)
HDL-1007 : undeclared symbol 'afull', assumed default net type 'wire' in ../../source_code/rtl/sdr/rtl/app_wrrd.v(74)
HDL-1007 : undeclared symbol 'aempty', assumed default net type 'wire' in ../../source_code/rtl/sdr/rtl/app_wrrd.v(75)
HDL-1007 : undeclared symbol 'wrusedw', assumed default net type 'wire' in ../../source_code/rtl/sdr/rtl/app_wrrd.v(76)
HDL-5333 WARNING: data object 'w_addr_cnt' is already declared in ../../source_code/rtl/sdr/rtl/app_wrrd.v(139)
HDL-1007 : previous declaration of 'w_addr_cnt' is from here in ../../source_code/rtl/sdr/rtl/app_wrrd.v(38)
HDL-5007 WARNING: second declaration of 'w_addr_cnt' is ignored in ../../source_code/rtl/sdr/rtl/app_wrrd.v(139)
HDL-1007 : analyze verilog file ../../source_code/rtl/sdr/rtl/sdram_top.v
HDL-1007 : analyze included file ../../source_code/rtl/sdr/rtl/../include/global_def.v in ../../source_code/rtl/sdr/rtl/sdram_top.v(10)
HDL-1007 : back to file '../../source_code/rtl/sdr/rtl/sdram_top.v' in ../../source_code/rtl/sdr/rtl/sdram_top.v(10)
HDL-1007 : undeclared symbol 'Rst_n', assumed default net type 'wire' in ../../source_code/rtl/sdr/rtl/sdram_top.v(70)
HDL-5372 WARNING: redeclaration of ANSI port 'wr_done' is not allowed in ../../source_code/rtl/sdr/rtl/sdram_top.v(73)
HDL-1007 : undeclared symbol 'SDR_CKE', assumed default net type 'wire' in ../../source_code/rtl/sdr/rtl/sdram_top.v(132)
HDL-1007 : analyze verilog file ../../source_code/rtl/sd/sd_ctrl_top.v
HDL-1007 : analyze verilog file ../../source_code/rtl/sd/sd_init.v
HDL-1007 : analyze verilog file ../../source_code/rtl/sd/sd_read.v
HDL-1007 : analyze verilog file ../../source_code/rtl/sd/sd_read_photo.v
HDL-1007 : analyze verilog file ../../source_code/rtl/sdr/rtl/enc_file/sdr_as_ram.enc.v
HDL-1007 : back to file '../../source_code/rtl/sdr/rtl/enc_file/sdr_as_ram.enc.v' in ../../source_code/rtl/sdr/rtl/enc_file/sdr_as_ram.enc.v(45)
HDL-1007 : analyze verilog file ../../source_code/rtl/sdr/rtl/enc_file/sdr_init_ref.enc.v
HDL-1007 : undeclared symbol '**', assumed default net type '**' in ../../source_code/rtl/sdr/rtl/enc_file/sdr_init_ref.enc.v(57)
HDL-1007 : back to file '../../source_code/rtl/sdr/rtl/enc_file/sdr_init_ref.enc.v' in ../../source_code/rtl/sdr/rtl/enc_file/sdr_init_ref.enc.v(148)
HDL-5007 WARNING: concatenation with an unsized literal will be treated as 32 bits in ../../source_code/rtl/sdr/rtl/enc_file/sdr_init_ref.enc.v(47)
HDL-1007 : analyze verilog file ../../source_code/rtl/sdr/rtl/enc_file/sdr_wrrd.enc.v
HDL-5007 WARNING: concatenation with an unsized literal will be treated as 32 bits in ../../source_code/rtl/sdr/rtl/enc_file/sdr_wrrd.enc.v(283)
HDL-1007 : back to file '../../source_code/rtl/sdr/rtl/enc_file/sdr_wrrd.enc.v' in ../../source_code/rtl/sdr/rtl/enc_file/sdr_wrrd.enc.v(19)
HDL-1007 : analyze verilog file ../../source_code/rtl/camera_data_gen.v
HDL-1007 : analyze verilog file ../../source_code/rtl/ov5640/ov5640_dri.v
HDL-1007 : analyze verilog file ../../source_code/rtl/ov5640/ov5640_delay.v
HDL-1007 : analyze verilog file ../../source_code/rtl/ov5640/i2c_ov5640_rgb565_cfg.v
HDL-1007 : analyze verilog file ../../source_code/rtl/ov5640/i2c_dri.v
HDL-1007 : analyze verilog file ../../source_code/rtl/ov5640/cmos_capture_data.v
HDL-1007 : analyze verilog file ../../source_code/rtl/sdram_write_static_sel.v
HDL-1007 : analyze verilog file ../../source_code/rtl/uart/cmd_ctrl.v
HDL-1007 : analyze verilog file ../../source_code/rtl/uart/uart_rx.v
HDL-1007 : analyze verilog file ../../source_code/rtl/uart/uart_test.v
HDL-1007 : analyze verilog file ../../source_code/rtl/uart/uart_tx.v
HDL-1007 : analyze verilog file ../../source_code/rtl/display/video_delay.v
HDL-1007 : analyze verilog file ../../source_code/rtl/display/video_timing_data.v
HDL-1007 : analyze verilog file ../../source_code/rtl/sdram_read_align.v
HDL-1007 : analyze VHDL file ../../source_code/rtl/hdmi/hdmi_tx.vhd
HDL-1007 : analyze entity hdmi_tx in ../../source_code/rtl/hdmi/hdmi_tx.vhd(11)
HDL-1007 : analyze architecture behavioral in ../../source_code/rtl/hdmi/hdmi_tx.vhd(33)
HDL-1007 : analyze verilog file ../../source_code/rtl/sd/sd_card_ctrl.v
HDL-1007 : analyze VHDL file ../../source_code/rtl/hdmi/enc_file/DVITransmitter.enc.vhd
HDL-1007 : analyze entity dvitransmitter in ../../source_code/rtl/hdmi/enc_file/DVITransmitter.enc.vhd(13)
HDL-1007 : analyze architecture ** in ../../source_code/rtl/hdmi/enc_file/DVITransmitter.enc.vhd(2)
HDL-1007 : analyze VHDL file ../../source_code/rtl/hdmi/enc_file/SerializerN_1_lvds.enc.vhd
HDL-1007 : analyze entity ** in ../../source_code/rtl/hdmi/enc_file/SerializerN_1_lvds.enc.vhd(12)
HDL-1007 : analyze architecture ** in ../../source_code/rtl/hdmi/enc_file/SerializerN_1_lvds.enc.vhd(25)
HDL-1007 : analyze VHDL file ../../source_code/rtl/hdmi/enc_file/SerializerN_1_lvds_dat.enc.vhd
HDL-1007 : analyze entity ** in ../../source_code/rtl/hdmi/enc_file/SerializerN_1_lvds_dat.enc.vhd(14)
HDL-1007 : analyze architecture ** in ../../source_code/rtl/hdmi/enc_file/SerializerN_1_lvds_dat.enc.vhd(28)
HDL-1007 : analyze VHDL file ../../source_code/rtl/hdmi/enc_file/TMDSEncoder.enc.vhd
HDL-1007 : analyze entity ** in ../../source_code/rtl/hdmi/enc_file/TMDSEncoder.enc.vhd(13)
HDL-1007 : analyze architecture ** in ../../source_code/rtl/hdmi/enc_file/TMDSEncoder.enc.vhd(24)
HDL-1007 : analyze verilog file ../../source_code/rtl/display/color_bar.v
HDL-1007 : analyze included file ../../source_code/rtl/display/video_define.v in ../../source_code/rtl/display/color_bar.v(1)
HDL-1007 : back to file '../../source_code/rtl/display/color_bar.v' in ../../source_code/rtl/display/color_bar.v(1)
RUN-1002 : start command "commit_param -step design"
RUN-1001 : Print Global Property
RUN-1001 : --------------------------------------------------------
RUN-1001 :   Parameters   |  Settings  |  Default Values  |  Note  
RUN-1001 : --------------------------------------------------------
RUN-1001 :   enable_seed  |    off     |       off        |        
RUN-1001 :     message    |  standard  |     standard     |        
RUN-1001 :   qor_monitor  |     on     |        on        |        
RUN-1001 :   syn_ip_flow  |    off     |       off        |        
RUN-1001 :     thread     |    auto    |       auto       |        
RUN-1001 : --------------------------------------------------------
RUN-1001 : Print Design Property
RUN-1001 : ----------------------------------------------------------------
RUN-1001 :       Parameters       |  Settings  |  Default Values  |  Note  
RUN-1001 : ----------------------------------------------------------------
RUN-1001 :   default_reg_initial  |    auto    |       auto       |        
RUN-1001 :    hdl_warning_level   |   normal   |      normal      |        
RUN-1001 : ----------------------------------------------------------------
HDL-1007 : analyze verilog file al_ip/TEMAC_CORE/RTL/mac_core_aead6cd6dadd.v
HDL-1007 : analyze verilog file al_ip/TEMAC_CORE/RTL/TEMAC_CORE_aead6cd6dadd.v
HDL-5007 WARNING: column 1032 exceeds maximum value 1023 in al_ip/TEMAC_CORE/RTL/TEMAC_CORE_aead6cd6dadd.v(30)
HDL-1007 : back to file 'al_ip/TEMAC_CORE/RTL/TEMAC_CORE_aead6cd6dadd.v' in al_ip/TEMAC_CORE/RTL/TEMAC_CORE_aead6cd6dadd.v(86)
HDL-5007 WARNING: event expressions must result in a singular type in al_ip/TEMAC_CORE/RTL/TEMAC_CORE_aead6cd6dadd.v(3001)
HDL-1007 : undeclared symbol '**', assumed default net type '**' in al_ip/TEMAC_CORE/RTL/TEMAC_CORE_aead6cd6dadd.v(5050)
HDL-1007 : undeclared symbol '**', assumed default net type '**' in al_ip/TEMAC_CORE/RTL/TEMAC_CORE_aead6cd6dadd.v(5458)
HDL-5007 WARNING: column 1035 exceeds maximum value 1023 in al_ip/TEMAC_CORE/RTL/TEMAC_CORE_aead6cd6dadd.v(6001)
HDL-1007 : back to file 'al_ip/TEMAC_CORE/RTL/TEMAC_CORE_aead6cd6dadd.v' in al_ip/TEMAC_CORE/RTL/TEMAC_CORE_aead6cd6dadd.v(260)
HDL-1007 : analyze verilog file al_ip/TEMAC_CORE/TEMAC_CORE.v
HDL-1007 : analyze verilog file al_ip/clk_pll.v
HDL-1007 : undeclared symbol 'clk_pll_open0', assumed default net type 'wire' in al_ip/clk_pll.v(92)
HDL-1007 : undeclared symbol 'clk_pll_open8', assumed default net type 'wire' in al_ip/clk_pll.v(98)
HDL-1007 : undeclared symbol 'clk_pll_open7', assumed default net type 'wire' in al_ip/clk_pll.v(98)
HDL-1007 : undeclared symbol 'clk_pll_open6', assumed default net type 'wire' in al_ip/clk_pll.v(98)
HDL-1007 : undeclared symbol 'clk_pll_open5', assumed default net type 'wire' in al_ip/clk_pll.v(98)
HDL-1007 : undeclared symbol 'clk_pll_open4', assumed default net type 'wire' in al_ip/clk_pll.v(98)
HDL-1007 : undeclared symbol 'clk_pll_open3', assumed default net type 'wire' in al_ip/clk_pll.v(98)
HDL-1007 : undeclared symbol 'clk_pll_open2', assumed default net type 'wire' in al_ip/clk_pll.v(98)
HDL-1007 : undeclared symbol 'clk_pll_open1', assumed default net type 'wire' in al_ip/clk_pll.v(98)
HDL-1007 : undeclared symbol 'clk_pll_open9', assumed default net type 'wire' in al_ip/clk_pll.v(100)
HDL-1007 : analyze verilog file al_ip/fifo_sdr_data_2.v
HDL-1007 : analyze verilog file al_ip/pll_50.v
HDL-1007 : undeclared symbol 'open', assumed default net type 'wire' in al_ip/pll_50.v(85)
HDL-1007 : analyze verilog file al_ip/pll_gen.v
HDL-1007 : undeclared symbol 'pll_gen_open0', assumed default net type 'wire' in al_ip/pll_gen.v(99)
HDL-1007 : undeclared symbol 'pll_gen_open8', assumed default net type 'wire' in al_ip/pll_gen.v(105)
HDL-1007 : undeclared symbol 'pll_gen_open7', assumed default net type 'wire' in al_ip/pll_gen.v(105)
HDL-1007 : undeclared symbol 'pll_gen_open6', assumed default net type 'wire' in al_ip/pll_gen.v(105)
HDL-1007 : undeclared symbol 'pll_gen_open5', assumed default net type 'wire' in al_ip/pll_gen.v(105)
HDL-1007 : undeclared symbol 'pll_gen_open4', assumed default net type 'wire' in al_ip/pll_gen.v(105)
HDL-1007 : undeclared symbol 'pll_gen_open3', assumed default net type 'wire' in al_ip/pll_gen.v(105)
HDL-1007 : undeclared symbol 'pll_gen_open2', assumed default net type 'wire' in al_ip/pll_gen.v(105)
HDL-1007 : undeclared symbol 'pll_gen_open1', assumed default net type 'wire' in al_ip/pll_gen.v(105)
HDL-1007 : analyze verilog file al_ip/rx_pll.v
HDL-1007 : undeclared symbol 'open', assumed default net type 'wire' in al_ip/rx_pll.v(78)
HDL-1007 : analyze verilog file al_ip/video_pll.v
HDL-1007 : undeclared symbol 'video_pll_open0', assumed default net type 'wire' in al_ip/video_pll.v(70)
HDL-1007 : undeclared symbol 'video_pll_open1', assumed default net type 'wire' in al_ip/video_pll.v(76)
HDL-1007 : undeclared symbol 'video_pll_open9', assumed default net type 'wire' in al_ip/video_pll.v(82)
HDL-1007 : undeclared symbol 'video_pll_open8', assumed default net type 'wire' in al_ip/video_pll.v(82)
HDL-1007 : undeclared symbol 'video_pll_open7', assumed default net type 'wire' in al_ip/video_pll.v(82)
HDL-1007 : undeclared symbol 'video_pll_open6', assumed default net type 'wire' in al_ip/video_pll.v(82)
HDL-1007 : undeclared symbol 'video_pll_open5', assumed default net type 'wire' in al_ip/video_pll.v(82)
HDL-1007 : undeclared symbol 'video_pll_open4', assumed default net type 'wire' in al_ip/video_pll.v(82)
HDL-1007 : undeclared symbol 'video_pll_open3', assumed default net type 'wire' in al_ip/video_pll.v(82)
HDL-1007 : undeclared symbol 'video_pll_open2', assumed default net type 'wire' in al_ip/video_pll.v(82)
HDL-1007 : undeclared symbol 'video_pll_open12', assumed default net type 'wire' in al_ip/video_pll.v(84)
HDL-1007 : undeclared symbol 'video_pll_open11', assumed default net type 'wire' in al_ip/video_pll.v(84)
HDL-1007 : undeclared symbol 'video_pll_open10', assumed default net type 'wire' in al_ip/video_pll.v(84)
HDL-1007 : analyze verilog file ../../source_code/rtl/BUFGMUX.v
HDL-1007 : analyze verilog file ../../source_code/rtl/clk_gen_rst_gen.v
HDL-1007 : analyze verilog file ../../source_code/rtl/div_clk_gen.v
HDL-1007 : analyze verilog file ../../source_code/rtl/IDDR.v
HDL-1007 : analyze verilog file ../../source_code/rtl/ODDR.v
HDL-1007 : analyze verilog file ../../source_code/rtl/RAMB16_S9_S9.v
HDL-1007 : undeclared symbol 'open', assumed default net type 'wire' in ../../source_code/rtl/RAMB16_S9_S9.v(109)
HDL-1007 : analyze verilog file ../../source_code/rtl/rgmii_interface.v
HDL-1007 : analyze verilog file ../../source_code/rtl/rx_client_fifo.v
HDL-5370 WARNING: parameter 'WAIT_s' becomes localparam in 'rx_client_fifo' with formal parameter declaration list in ../../source_code/rtl/rx_client_fifo.v(49)
HDL-5370 WARNING: parameter 'QUEUE1_s' becomes localparam in 'rx_client_fifo' with formal parameter declaration list in ../../source_code/rtl/rx_client_fifo.v(50)
HDL-5370 WARNING: parameter 'QUEUE2_s' becomes localparam in 'rx_client_fifo' with formal parameter declaration list in ../../source_code/rtl/rx_client_fifo.v(51)
HDL-5370 WARNING: parameter 'QUEUE3_s' becomes localparam in 'rx_client_fifo' with formal parameter declaration list in ../../source_code/rtl/rx_client_fifo.v(52)
HDL-5370 WARNING: parameter 'QUEUE_SOF_s' becomes localparam in 'rx_client_fifo' with formal parameter declaration list in ../../source_code/rtl/rx_client_fifo.v(53)
HDL-5370 WARNING: parameter 'SOF_s' becomes localparam in 'rx_client_fifo' with formal parameter declaration list in ../../source_code/rtl/rx_client_fifo.v(54)
HDL-5370 WARNING: parameter 'DATA_s' becomes localparam in 'rx_client_fifo' with formal parameter declaration list in ../../source_code/rtl/rx_client_fifo.v(55)
HDL-5370 WARNING: parameter 'EOF_s' becomes localparam in 'rx_client_fifo' with formal parameter declaration list in ../../source_code/rtl/rx_client_fifo.v(56)
HDL-5370 WARNING: parameter 'IDLE_s' becomes localparam in 'rx_client_fifo' with formal parameter declaration list in ../../source_code/rtl/rx_client_fifo.v(62)
HDL-5370 WARNING: parameter 'FRAME_s' becomes localparam in 'rx_client_fifo' with formal parameter declaration list in ../../source_code/rtl/rx_client_fifo.v(63)
HDL-5370 Similar messages will be suppressed.
HDL-1007 : analyze verilog file ../../source_code/rtl/temac_block.v
HDL-1007 : analyze verilog file ../../source_code/rtl/temac_clk_gen.v
HDL-1007 : analyze verilog file ../../source_code/rtl/tx_client_fifo.v
HDL-5370 WARNING: parameter 'IDLE_s' becomes localparam in 'tx_client_fifo' with formal parameter declaration list in ../../source_code/rtl/tx_client_fifo.v(53)
HDL-5370 WARNING: parameter 'QUEUE1_s' becomes localparam in 'tx_client_fifo' with formal parameter declaration list in ../../source_code/rtl/tx_client_fifo.v(54)
HDL-5370 WARNING: parameter 'QUEUE2_s' becomes localparam in 'tx_client_fifo' with formal parameter declaration list in ../../source_code/rtl/tx_client_fifo.v(55)
HDL-5370 WARNING: parameter 'QUEUE3_s' becomes localparam in 'tx_client_fifo' with formal parameter declaration list in ../../source_code/rtl/tx_client_fifo.v(56)
HDL-5370 WARNING: parameter 'QUEUE_ACK_s' becomes localparam in 'tx_client_fifo' with formal parameter declaration list in ../../source_code/rtl/tx_client_fifo.v(57)
HDL-5370 WARNING: parameter 'WAIT_ACK_s' becomes localparam in 'tx_client_fifo' with formal parameter declaration list in ../../source_code/rtl/tx_client_fifo.v(58)
HDL-5370 WARNING: parameter 'FRAME_s' becomes localparam in 'tx_client_fifo' with formal parameter declaration list in ../../source_code/rtl/tx_client_fifo.v(59)
HDL-5370 WARNING: parameter 'DROP_s' becomes localparam in 'tx_client_fifo' with formal parameter declaration list in ../../source_code/rtl/tx_client_fifo.v(60)
HDL-5370 WARNING: parameter 'RETRANSMIT_s' becomes localparam in 'tx_client_fifo' with formal parameter declaration list in ../../source_code/rtl/tx_client_fifo.v(61)
HDL-5370 WARNING: parameter 'WAIT_s' becomes localparam in 'tx_client_fifo' with formal parameter declaration list in ../../source_code/rtl/tx_client_fifo.v(67)
HDL-5370 Similar messages will be suppressed.
HDL-1007 : analyze verilog file ../../source_code/rtl/tx_clk_en_gen.v
HDL-1007 : analyze verilog file ../../source_code/rtl/udp_data_tpg.v
HDL-1007 : analyze verilog file ../../source_code/rtl/UDP_Example_Top.v
HDL-1007 : undeclared symbol 'video_clk', assumed default net type 'wire' in ../../source_code/rtl/UDP_Example_Top.v(226)
HDL-1007 : undeclared symbol 'hdmi_5x_clk', assumed default net type 'wire' in ../../source_code/rtl/UDP_Example_Top.v(227)
HDL-1007 : undeclared symbol 'phy_reset', assumed default net type 'wire' in ../../source_code/rtl/UDP_Example_Top.v(435)
HDL-5333 WARNING: data object 'rst_n' is already declared in ../../source_code/rtl/UDP_Example_Top.v(482)
HDL-1007 : previous declaration of 'rst_n' is from here in ../../source_code/rtl/UDP_Example_Top.v(246)
HDL-5007 WARNING: second declaration of 'rst_n' is ignored in ../../source_code/rtl/UDP_Example_Top.v(482)
HDL-1007 : undeclared symbol 'tpg_data_done', assumed default net type 'wire' in ../../source_code/rtl/UDP_Example_Top.v(590)
HDL-1007 : undeclared symbol 'Sdr_rd_en_aligned', assumed default net type 'wire' in ../../source_code/rtl/UDP_Example_Top.v(606)
HDL-1007 : undeclared symbol 'image_r', assumed default net type 'wire' in ../../source_code/rtl/UDP_Example_Top.v(607)
HDL-1007 : undeclared symbol 'image_g', assumed default net type 'wire' in ../../source_code/rtl/UDP_Example_Top.v(608)
HDL-1007 : undeclared symbol 'image_b', assumed default net type 'wire' in ../../source_code/rtl/UDP_Example_Top.v(609)
HDL-1007 : undeclared symbol 'vga_out_de', assumed default net type 'wire' in ../../source_code/rtl/UDP_Example_Top.v(633)
HDL-8007 ERROR: 'u_video_frame_fifo' is already declared in ../../source_code/rtl/UDP_Example_Top.v(684)
HDL-1007 : previous declaration of 'u_video_frame_fifo' is from here in ../../source_code/rtl/UDP_Example_Top.v(644)
HDL-1007 : undeclared symbol 'hs', assumed default net type 'wire' in ../../source_code/rtl/UDP_Example_Top.v(790)
HDL-1007 : undeclared symbol 'vs', assumed default net type 'wire' in ../../source_code/rtl/UDP_Example_Top.v(791)
HDL-1007 : undeclared symbol 'de', assumed default net type 'wire' in ../../source_code/rtl/UDP_Example_Top.v(792)
HDL-8007 ERROR: ignore module module due to previous errors in ../../source_code/rtl/UDP_Example_Top.v(30)
HDL-1007 : analyze VHDL file ../../source_code/rtl/hdmi/hdmi_tx.vhd
HDL-1007 : analyze entity hdmi_tx in ../../source_code/rtl/hdmi/hdmi_tx.vhd(11)
HDL-1007 : analyze architecture behavioral in ../../source_code/rtl/hdmi/hdmi_tx.vhd(33)
HDL-1007 : analyze verilog file ../../source_code/rtl/sd/sd_card_ctrl.v
HDL-1007 : analyze VHDL file ../../source_code/rtl/hdmi/enc_file/DVITransmitter.enc.vhd
HDL-1007 : analyze entity dvitransmitter in ../../source_code/rtl/hdmi/enc_file/DVITransmitter.enc.vhd(13)
HDL-1007 : analyze architecture ** in ../../source_code/rtl/hdmi/enc_file/DVITransmitter.enc.vhd(2)
HDL-1007 : analyze VHDL file ../../source_code/rtl/hdmi/enc_file/SerializerN_1_lvds.enc.vhd
HDL-1007 : analyze entity ** in ../../source_code/rtl/hdmi/enc_file/SerializerN_1_lvds.enc.vhd(12)
HDL-1007 : analyze architecture ** in ../../source_code/rtl/hdmi/enc_file/SerializerN_1_lvds.enc.vhd(25)
HDL-1007 : analyze VHDL file ../../source_code/rtl/hdmi/enc_file/SerializerN_1_lvds_dat.enc.vhd
HDL-1007 : analyze entity ** in ../../source_code/rtl/hdmi/enc_file/SerializerN_1_lvds_dat.enc.vhd(14)
HDL-1007 : analyze architecture ** in ../../source_code/rtl/hdmi/enc_file/SerializerN_1_lvds_dat.enc.vhd(28)
HDL-1007 : analyze VHDL file ../../source_code/rtl/hdmi/enc_file/TMDSEncoder.enc.vhd
HDL-1007 : analyze entity ** in ../../source_code/rtl/hdmi/enc_file/TMDSEncoder.enc.vhd(13)
HDL-1007 : analyze architecture ** in ../../source_code/rtl/hdmi/enc_file/TMDSEncoder.enc.vhd(24)
HDL-1007 : analyze verilog file ../../source_code/rtl/display/color_bar.v
HDL-1007 : analyze included file ../../source_code/rtl/display/video_define.v in ../../source_code/rtl/display/color_bar.v(1)
HDL-1007 : back to file '../../source_code/rtl/display/color_bar.v' in ../../source_code/rtl/display/color_bar.v(1)
HDL-5007 WARNING: The file ../../source_code/rtl/UDP_Example_Top.v will not be compiled since it is not included by any other files. Set it as 'global include' if it should be compiled.
RUN-1002 : start command "commit_param -step design"
RUN-1001 : Print Global Property
RUN-1001 : --------------------------------------------------------
RUN-1001 :   Parameters   |  Settings  |  Default Values  |  Note  
RUN-1001 : --------------------------------------------------------
RUN-1001 :   enable_seed  |    off     |       off        |        
RUN-1001 :     message    |  standard  |     standard     |        
RUN-1001 :   qor_monitor  |     on     |        on        |        
RUN-1001 :   syn_ip_flow  |    off     |       off        |        
RUN-1001 :     thread     |    auto    |       auto       |        
RUN-1001 : --------------------------------------------------------
RUN-1001 : Print Design Property
RUN-1001 : ----------------------------------------------------------------
RUN-1001 :       Parameters       |  Settings  |  Default Values  |  Note  
RUN-1001 : ----------------------------------------------------------------
RUN-1001 :   default_reg_initial  |    auto    |       auto       |        
RUN-1001 :    hdl_warning_level   |   normal   |      normal      |        
RUN-1001 : ----------------------------------------------------------------
HDL-1007 : analyze verilog file al_ip/TEMAC_CORE/RTL/mac_core_aead6cd6dadd.v
HDL-1007 : analyze verilog file al_ip/TEMAC_CORE/RTL/TEMAC_CORE_aead6cd6dadd.v
HDL-5007 WARNING: column 1032 exceeds maximum value 1023 in al_ip/TEMAC_CORE/RTL/TEMAC_CORE_aead6cd6dadd.v(30)
HDL-1007 : back to file 'al_ip/TEMAC_CORE/RTL/TEMAC_CORE_aead6cd6dadd.v' in al_ip/TEMAC_CORE/RTL/TEMAC_CORE_aead6cd6dadd.v(86)
HDL-5007 WARNING: event expressions must result in a singular type in al_ip/TEMAC_CORE/RTL/TEMAC_CORE_aead6cd6dadd.v(3001)
HDL-1007 : undeclared symbol '**', assumed default net type '**' in al_ip/TEMAC_CORE/RTL/TEMAC_CORE_aead6cd6dadd.v(5050)
HDL-1007 : undeclared symbol '**', assumed default net type '**' in al_ip/TEMAC_CORE/RTL/TEMAC_CORE_aead6cd6dadd.v(5458)
HDL-5007 WARNING: column 1035 exceeds maximum value 1023 in al_ip/TEMAC_CORE/RTL/TEMAC_CORE_aead6cd6dadd.v(6001)
HDL-1007 : back to file 'al_ip/TEMAC_CORE/RTL/TEMAC_CORE_aead6cd6dadd.v' in al_ip/TEMAC_CORE/RTL/TEMAC_CORE_aead6cd6dadd.v(260)
HDL-1007 : analyze verilog file al_ip/TEMAC_CORE/TEMAC_CORE.v
HDL-1007 : analyze verilog file al_ip/clk_pll.v
HDL-1007 : undeclared symbol 'clk_pll_open0', assumed default net type 'wire' in al_ip/clk_pll.v(92)
HDL-1007 : undeclared symbol 'clk_pll_open8', assumed default net type 'wire' in al_ip/clk_pll.v(98)
HDL-1007 : undeclared symbol 'clk_pll_open7', assumed default net type 'wire' in al_ip/clk_pll.v(98)
HDL-1007 : undeclared symbol 'clk_pll_open6', assumed default net type 'wire' in al_ip/clk_pll.v(98)
HDL-1007 : undeclared symbol 'clk_pll_open5', assumed default net type 'wire' in al_ip/clk_pll.v(98)
HDL-1007 : undeclared symbol 'clk_pll_open4', assumed default net type 'wire' in al_ip/clk_pll.v(98)
HDL-1007 : undeclared symbol 'clk_pll_open3', assumed default net type 'wire' in al_ip/clk_pll.v(98)
HDL-1007 : undeclared symbol 'clk_pll_open2', assumed default net type 'wire' in al_ip/clk_pll.v(98)
HDL-1007 : undeclared symbol 'clk_pll_open1', assumed default net type 'wire' in al_ip/clk_pll.v(98)
HDL-1007 : undeclared symbol 'clk_pll_open9', assumed default net type 'wire' in al_ip/clk_pll.v(100)
HDL-1007 : analyze verilog file al_ip/fifo_sdr_data_2.v
HDL-1007 : analyze verilog file al_ip/pll_50.v
HDL-1007 : undeclared symbol 'open', assumed default net type 'wire' in al_ip/pll_50.v(85)
HDL-1007 : analyze verilog file al_ip/pll_gen.v
HDL-1007 : undeclared symbol 'pll_gen_open0', assumed default net type 'wire' in al_ip/pll_gen.v(99)
HDL-1007 : undeclared symbol 'pll_gen_open8', assumed default net type 'wire' in al_ip/pll_gen.v(105)
HDL-1007 : undeclared symbol 'pll_gen_open7', assumed default net type 'wire' in al_ip/pll_gen.v(105)
HDL-1007 : undeclared symbol 'pll_gen_open6', assumed default net type 'wire' in al_ip/pll_gen.v(105)
HDL-1007 : undeclared symbol 'pll_gen_open5', assumed default net type 'wire' in al_ip/pll_gen.v(105)
HDL-1007 : undeclared symbol 'pll_gen_open4', assumed default net type 'wire' in al_ip/pll_gen.v(105)
HDL-1007 : undeclared symbol 'pll_gen_open3', assumed default net type 'wire' in al_ip/pll_gen.v(105)
HDL-1007 : undeclared symbol 'pll_gen_open2', assumed default net type 'wire' in al_ip/pll_gen.v(105)
HDL-1007 : undeclared symbol 'pll_gen_open1', assumed default net type 'wire' in al_ip/pll_gen.v(105)
HDL-1007 : analyze verilog file al_ip/rx_pll.v
HDL-1007 : undeclared symbol 'open', assumed default net type 'wire' in al_ip/rx_pll.v(78)
HDL-1007 : analyze verilog file al_ip/video_pll.v
HDL-1007 : undeclared symbol 'video_pll_open0', assumed default net type 'wire' in al_ip/video_pll.v(70)
HDL-1007 : undeclared symbol 'video_pll_open1', assumed default net type 'wire' in al_ip/video_pll.v(76)
HDL-1007 : undeclared symbol 'video_pll_open9', assumed default net type 'wire' in al_ip/video_pll.v(82)
HDL-1007 : undeclared symbol 'video_pll_open8', assumed default net type 'wire' in al_ip/video_pll.v(82)
HDL-1007 : undeclared symbol 'video_pll_open7', assumed default net type 'wire' in al_ip/video_pll.v(82)
HDL-1007 : undeclared symbol 'video_pll_open6', assumed default net type 'wire' in al_ip/video_pll.v(82)
HDL-1007 : undeclared symbol 'video_pll_open5', assumed default net type 'wire' in al_ip/video_pll.v(82)
HDL-1007 : undeclared symbol 'video_pll_open4', assumed default net type 'wire' in al_ip/video_pll.v(82)
HDL-1007 : undeclared symbol 'video_pll_open3', assumed default net type 'wire' in al_ip/video_pll.v(82)
HDL-1007 : undeclared symbol 'video_pll_open2', assumed default net type 'wire' in al_ip/video_pll.v(82)
HDL-1007 : undeclared symbol 'video_pll_open12', assumed default net type 'wire' in al_ip/video_pll.v(84)
HDL-1007 : undeclared symbol 'video_pll_open11', assumed default net type 'wire' in al_ip/video_pll.v(84)
HDL-1007 : undeclared symbol 'video_pll_open10', assumed default net type 'wire' in al_ip/video_pll.v(84)
HDL-1007 : analyze verilog file ../../source_code/rtl/BUFGMUX.v
HDL-1007 : analyze verilog file ../../source_code/rtl/clk_gen_rst_gen.v
HDL-1007 : analyze verilog file ../../source_code/rtl/div_clk_gen.v
HDL-1007 : analyze verilog file ../../source_code/rtl/IDDR.v
HDL-1007 : analyze verilog file ../../source_code/rtl/ODDR.v
HDL-1007 : analyze verilog file ../../source_code/rtl/RAMB16_S9_S9.v
HDL-1007 : undeclared symbol 'open', assumed default net type 'wire' in ../../source_code/rtl/RAMB16_S9_S9.v(109)
HDL-1007 : analyze verilog file ../../source_code/rtl/rgmii_interface.v
HDL-1007 : analyze verilog file ../../source_code/rtl/rx_client_fifo.v
HDL-5370 WARNING: parameter 'WAIT_s' becomes localparam in 'rx_client_fifo' with formal parameter declaration list in ../../source_code/rtl/rx_client_fifo.v(49)
HDL-5370 WARNING: parameter 'QUEUE1_s' becomes localparam in 'rx_client_fifo' with formal parameter declaration list in ../../source_code/rtl/rx_client_fifo.v(50)
HDL-5370 WARNING: parameter 'QUEUE2_s' becomes localparam in 'rx_client_fifo' with formal parameter declaration list in ../../source_code/rtl/rx_client_fifo.v(51)
HDL-5370 WARNING: parameter 'QUEUE3_s' becomes localparam in 'rx_client_fifo' with formal parameter declaration list in ../../source_code/rtl/rx_client_fifo.v(52)
HDL-5370 WARNING: parameter 'QUEUE_SOF_s' becomes localparam in 'rx_client_fifo' with formal parameter declaration list in ../../source_code/rtl/rx_client_fifo.v(53)
HDL-5370 WARNING: parameter 'SOF_s' becomes localparam in 'rx_client_fifo' with formal parameter declaration list in ../../source_code/rtl/rx_client_fifo.v(54)
HDL-5370 WARNING: parameter 'DATA_s' becomes localparam in 'rx_client_fifo' with formal parameter declaration list in ../../source_code/rtl/rx_client_fifo.v(55)
HDL-5370 WARNING: parameter 'EOF_s' becomes localparam in 'rx_client_fifo' with formal parameter declaration list in ../../source_code/rtl/rx_client_fifo.v(56)
HDL-5370 WARNING: parameter 'IDLE_s' becomes localparam in 'rx_client_fifo' with formal parameter declaration list in ../../source_code/rtl/rx_client_fifo.v(62)
HDL-5370 WARNING: parameter 'FRAME_s' becomes localparam in 'rx_client_fifo' with formal parameter declaration list in ../../source_code/rtl/rx_client_fifo.v(63)
HDL-5370 Similar messages will be suppressed.
HDL-1007 : analyze verilog file ../../source_code/rtl/temac_block.v
HDL-1007 : analyze verilog file ../../source_code/rtl/temac_clk_gen.v
HDL-1007 : analyze verilog file ../../source_code/rtl/tx_client_fifo.v
HDL-5370 WARNING: parameter 'IDLE_s' becomes localparam in 'tx_client_fifo' with formal parameter declaration list in ../../source_code/rtl/tx_client_fifo.v(53)
HDL-5370 WARNING: parameter 'QUEUE1_s' becomes localparam in 'tx_client_fifo' with formal parameter declaration list in ../../source_code/rtl/tx_client_fifo.v(54)
HDL-5370 WARNING: parameter 'QUEUE2_s' becomes localparam in 'tx_client_fifo' with formal parameter declaration list in ../../source_code/rtl/tx_client_fifo.v(55)
HDL-5370 WARNING: parameter 'QUEUE3_s' becomes localparam in 'tx_client_fifo' with formal parameter declaration list in ../../source_code/rtl/tx_client_fifo.v(56)
HDL-5370 WARNING: parameter 'QUEUE_ACK_s' becomes localparam in 'tx_client_fifo' with formal parameter declaration list in ../../source_code/rtl/tx_client_fifo.v(57)
HDL-5370 WARNING: parameter 'WAIT_ACK_s' becomes localparam in 'tx_client_fifo' with formal parameter declaration list in ../../source_code/rtl/tx_client_fifo.v(58)
HDL-5370 WARNING: parameter 'FRAME_s' becomes localparam in 'tx_client_fifo' with formal parameter declaration list in ../../source_code/rtl/tx_client_fifo.v(59)
HDL-5370 WARNING: parameter 'DROP_s' becomes localparam in 'tx_client_fifo' with formal parameter declaration list in ../../source_code/rtl/tx_client_fifo.v(60)
HDL-5370 WARNING: parameter 'RETRANSMIT_s' becomes localparam in 'tx_client_fifo' with formal parameter declaration list in ../../source_code/rtl/tx_client_fifo.v(61)
HDL-5370 WARNING: parameter 'WAIT_s' becomes localparam in 'tx_client_fifo' with formal parameter declaration list in ../../source_code/rtl/tx_client_fifo.v(67)
HDL-5370 Similar messages will be suppressed.
HDL-1007 : analyze verilog file ../../source_code/rtl/tx_clk_en_gen.v
HDL-1007 : analyze verilog file ../../source_code/rtl/udp_data_tpg.v
HDL-1007 : analyze verilog file ../../source_code/rtl/UDP_Example_Top.v
HDL-1007 : undeclared symbol 'video_clk', assumed default net type 'wire' in ../../source_code/rtl/UDP_Example_Top.v(226)
HDL-1007 : undeclared symbol 'hdmi_5x_clk', assumed default net type 'wire' in ../../source_code/rtl/UDP_Example_Top.v(227)
HDL-1007 : undeclared symbol 'phy_reset', assumed default net type 'wire' in ../../source_code/rtl/UDP_Example_Top.v(435)
HDL-5333 WARNING: data object 'rst_n' is already declared in ../../source_code/rtl/UDP_Example_Top.v(482)
HDL-1007 : previous declaration of 'rst_n' is from here in ../../source_code/rtl/UDP_Example_Top.v(246)
HDL-5007 WARNING: second declaration of 'rst_n' is ignored in ../../source_code/rtl/UDP_Example_Top.v(482)
HDL-1007 : undeclared symbol 'tpg_data_done', assumed default net type 'wire' in ../../source_code/rtl/UDP_Example_Top.v(590)
HDL-1007 : undeclared symbol 'Sdr_rd_en_aligned', assumed default net type 'wire' in ../../source_code/rtl/UDP_Example_Top.v(606)
HDL-1007 : undeclared symbol 'image_r', assumed default net type 'wire' in ../../source_code/rtl/UDP_Example_Top.v(607)
HDL-1007 : undeclared symbol 'image_g', assumed default net type 'wire' in ../../source_code/rtl/UDP_Example_Top.v(608)
HDL-1007 : undeclared symbol 'image_b', assumed default net type 'wire' in ../../source_code/rtl/UDP_Example_Top.v(609)
HDL-1007 : undeclared symbol 'vga_out_de', assumed default net type 'wire' in ../../source_code/rtl/UDP_Example_Top.v(633)
HDL-8007 ERROR: 'u_video_frame_fifo' is already declared in ../../source_code/rtl/UDP_Example_Top.v(683)
HDL-1007 : previous declaration of 'u_video_frame_fifo' is from here in ../../source_code/rtl/UDP_Example_Top.v(643)
HDL-8007 ERROR: 'u_video_frame_fifo' is already declared in ../../source_code/rtl/UDP_Example_Top.v(753)
HDL-1007 : previous declaration of 'u_video_frame_fifo' is from here in ../../source_code/rtl/UDP_Example_Top.v(683)
HDL-8007 ERROR: 'u_video_frame_fifo' is already declared in ../../source_code/rtl/UDP_Example_Top.v(821)
HDL-1007 : previous declaration of 'u_video_frame_fifo' is from here in ../../source_code/rtl/UDP_Example_Top.v(753)
HDL-1007 : undeclared symbol 'hs', assumed default net type 'wire' in ../../source_code/rtl/UDP_Example_Top.v(927)
HDL-1007 : undeclared symbol 'vs', assumed default net type 'wire' in ../../source_code/rtl/UDP_Example_Top.v(928)
HDL-1007 : undeclared symbol 'de', assumed default net type 'wire' in ../../source_code/rtl/UDP_Example_Top.v(929)
HDL-8007 ERROR: ignore module module due to previous errors in ../../source_code/rtl/UDP_Example_Top.v(30)
HDL-1007 : analyze VHDL file ../../source_code/rtl/hdmi/hdmi_tx.vhd
HDL-1007 : analyze entity hdmi_tx in ../../source_code/rtl/hdmi/hdmi_tx.vhd(11)
HDL-1007 : analyze architecture behavioral in ../../source_code/rtl/hdmi/hdmi_tx.vhd(33)
HDL-1007 : analyze verilog file ../../source_code/rtl/sd/sd_card_ctrl.v
HDL-1007 : analyze VHDL file ../../source_code/rtl/hdmi/enc_file/DVITransmitter.enc.vhd
HDL-1007 : analyze entity dvitransmitter in ../../source_code/rtl/hdmi/enc_file/DVITransmitter.enc.vhd(13)
HDL-1007 : analyze architecture ** in ../../source_code/rtl/hdmi/enc_file/DVITransmitter.enc.vhd(2)
HDL-1007 : analyze VHDL file ../../source_code/rtl/hdmi/enc_file/SerializerN_1_lvds.enc.vhd
HDL-1007 : analyze entity ** in ../../source_code/rtl/hdmi/enc_file/SerializerN_1_lvds.enc.vhd(12)
HDL-1007 : analyze architecture ** in ../../source_code/rtl/hdmi/enc_file/SerializerN_1_lvds.enc.vhd(25)
HDL-1007 : analyze VHDL file ../../source_code/rtl/hdmi/enc_file/SerializerN_1_lvds_dat.enc.vhd
HDL-1007 : analyze entity ** in ../../source_code/rtl/hdmi/enc_file/SerializerN_1_lvds_dat.enc.vhd(14)
HDL-1007 : analyze architecture ** in ../../source_code/rtl/hdmi/enc_file/SerializerN_1_lvds_dat.enc.vhd(28)
HDL-1007 : analyze VHDL file ../../source_code/rtl/hdmi/enc_file/TMDSEncoder.enc.vhd
HDL-1007 : analyze entity ** in ../../source_code/rtl/hdmi/enc_file/TMDSEncoder.enc.vhd(13)
HDL-1007 : analyze architecture ** in ../../source_code/rtl/hdmi/enc_file/TMDSEncoder.enc.vhd(24)
HDL-1007 : analyze verilog file ../../source_code/rtl/display/color_bar.v
HDL-1007 : analyze included file ../../source_code/rtl/display/video_define.v in ../../source_code/rtl/display/color_bar.v(1)
HDL-1007 : back to file '../../source_code/rtl/display/color_bar.v' in ../../source_code/rtl/display/color_bar.v(1)
HDL-5007 WARNING: The file ../../source_code/rtl/UDP_Example_Top.v will not be compiled since it is not included by any other files. Set it as 'global include' if it should be compiled.
RUN-1002 : start command "commit_param -step design"
RUN-1001 : Print Global Property
RUN-1001 : --------------------------------------------------------
RUN-1001 :   Parameters   |  Settings  |  Default Values  |  Note  
RUN-1001 : --------------------------------------------------------
RUN-1001 :   enable_seed  |    off     |       off        |        
RUN-1001 :     message    |  standard  |     standard     |        
RUN-1001 :   qor_monitor  |     on     |        on        |        
RUN-1001 :   syn_ip_flow  |    off     |       off        |        
RUN-1001 :     thread     |    auto    |       auto       |        
RUN-1001 : --------------------------------------------------------
RUN-1001 : Print Design Property
RUN-1001 : ----------------------------------------------------------------
RUN-1001 :       Parameters       |  Settings  |  Default Values  |  Note  
RUN-1001 : ----------------------------------------------------------------
RUN-1001 :   default_reg_initial  |    auto    |       auto       |        
RUN-1001 :    hdl_warning_level   |   normal   |      normal      |        
RUN-1001 : ----------------------------------------------------------------
HDL-1007 : analyze verilog file al_ip/TEMAC_CORE/RTL/mac_core_aead6cd6dadd.v
HDL-1007 : analyze verilog file al_ip/TEMAC_CORE/RTL/TEMAC_CORE_aead6cd6dadd.v
HDL-5007 WARNING: column 1032 exceeds maximum value 1023 in al_ip/TEMAC_CORE/RTL/TEMAC_CORE_aead6cd6dadd.v(30)
HDL-1007 : back to file 'al_ip/TEMAC_CORE/RTL/TEMAC_CORE_aead6cd6dadd.v' in al_ip/TEMAC_CORE/RTL/TEMAC_CORE_aead6cd6dadd.v(86)
HDL-5007 WARNING: event expressions must result in a singular type in al_ip/TEMAC_CORE/RTL/TEMAC_CORE_aead6cd6dadd.v(3001)
HDL-1007 : undeclared symbol '**', assumed default net type '**' in al_ip/TEMAC_CORE/RTL/TEMAC_CORE_aead6cd6dadd.v(5050)
HDL-1007 : undeclared symbol '**', assumed default net type '**' in al_ip/TEMAC_CORE/RTL/TEMAC_CORE_aead6cd6dadd.v(5458)
HDL-5007 WARNING: column 1035 exceeds maximum value 1023 in al_ip/TEMAC_CORE/RTL/TEMAC_CORE_aead6cd6dadd.v(6001)
HDL-1007 : back to file 'al_ip/TEMAC_CORE/RTL/TEMAC_CORE_aead6cd6dadd.v' in al_ip/TEMAC_CORE/RTL/TEMAC_CORE_aead6cd6dadd.v(260)
HDL-1007 : analyze verilog file al_ip/TEMAC_CORE/TEMAC_CORE.v
HDL-1007 : analyze verilog file al_ip/clk_pll.v
HDL-1007 : undeclared symbol 'clk_pll_open0', assumed default net type 'wire' in al_ip/clk_pll.v(92)
HDL-1007 : undeclared symbol 'clk_pll_open8', assumed default net type 'wire' in al_ip/clk_pll.v(98)
HDL-1007 : undeclared symbol 'clk_pll_open7', assumed default net type 'wire' in al_ip/clk_pll.v(98)
HDL-1007 : undeclared symbol 'clk_pll_open6', assumed default net type 'wire' in al_ip/clk_pll.v(98)
HDL-1007 : undeclared symbol 'clk_pll_open5', assumed default net type 'wire' in al_ip/clk_pll.v(98)
HDL-1007 : undeclared symbol 'clk_pll_open4', assumed default net type 'wire' in al_ip/clk_pll.v(98)
HDL-1007 : undeclared symbol 'clk_pll_open3', assumed default net type 'wire' in al_ip/clk_pll.v(98)
HDL-1007 : undeclared symbol 'clk_pll_open2', assumed default net type 'wire' in al_ip/clk_pll.v(98)
HDL-1007 : undeclared symbol 'clk_pll_open1', assumed default net type 'wire' in al_ip/clk_pll.v(98)
HDL-1007 : undeclared symbol 'clk_pll_open9', assumed default net type 'wire' in al_ip/clk_pll.v(100)
HDL-1007 : analyze verilog file al_ip/fifo_sdr_data_2.v
HDL-1007 : analyze verilog file al_ip/pll_50.v
HDL-1007 : undeclared symbol 'open', assumed default net type 'wire' in al_ip/pll_50.v(85)
HDL-1007 : analyze verilog file al_ip/pll_gen.v
HDL-1007 : undeclared symbol 'pll_gen_open0', assumed default net type 'wire' in al_ip/pll_gen.v(99)
HDL-1007 : undeclared symbol 'pll_gen_open8', assumed default net type 'wire' in al_ip/pll_gen.v(105)
HDL-1007 : undeclared symbol 'pll_gen_open7', assumed default net type 'wire' in al_ip/pll_gen.v(105)
HDL-1007 : undeclared symbol 'pll_gen_open6', assumed default net type 'wire' in al_ip/pll_gen.v(105)
HDL-1007 : undeclared symbol 'pll_gen_open5', assumed default net type 'wire' in al_ip/pll_gen.v(105)
HDL-1007 : undeclared symbol 'pll_gen_open4', assumed default net type 'wire' in al_ip/pll_gen.v(105)
HDL-1007 : undeclared symbol 'pll_gen_open3', assumed default net type 'wire' in al_ip/pll_gen.v(105)
HDL-1007 : undeclared symbol 'pll_gen_open2', assumed default net type 'wire' in al_ip/pll_gen.v(105)
HDL-1007 : undeclared symbol 'pll_gen_open1', assumed default net type 'wire' in al_ip/pll_gen.v(105)
HDL-1007 : analyze verilog file al_ip/rx_pll.v
HDL-1007 : undeclared symbol 'open', assumed default net type 'wire' in al_ip/rx_pll.v(78)
HDL-1007 : analyze verilog file al_ip/video_pll.v
HDL-1007 : undeclared symbol 'video_pll_open0', assumed default net type 'wire' in al_ip/video_pll.v(70)
HDL-1007 : undeclared symbol 'video_pll_open1', assumed default net type 'wire' in al_ip/video_pll.v(76)
HDL-1007 : undeclared symbol 'video_pll_open9', assumed default net type 'wire' in al_ip/video_pll.v(82)
HDL-1007 : undeclared symbol 'video_pll_open8', assumed default net type 'wire' in al_ip/video_pll.v(82)
HDL-1007 : undeclared symbol 'video_pll_open7', assumed default net type 'wire' in al_ip/video_pll.v(82)
HDL-1007 : undeclared symbol 'video_pll_open6', assumed default net type 'wire' in al_ip/video_pll.v(82)
HDL-1007 : undeclared symbol 'video_pll_open5', assumed default net type 'wire' in al_ip/video_pll.v(82)
HDL-1007 : undeclared symbol 'video_pll_open4', assumed default net type 'wire' in al_ip/video_pll.v(82)
HDL-1007 : undeclared symbol 'video_pll_open3', assumed default net type 'wire' in al_ip/video_pll.v(82)
HDL-1007 : undeclared symbol 'video_pll_open2', assumed default net type 'wire' in al_ip/video_pll.v(82)
HDL-1007 : undeclared symbol 'video_pll_open12', assumed default net type 'wire' in al_ip/video_pll.v(84)
HDL-1007 : undeclared symbol 'video_pll_open11', assumed default net type 'wire' in al_ip/video_pll.v(84)
HDL-1007 : undeclared symbol 'video_pll_open10', assumed default net type 'wire' in al_ip/video_pll.v(84)
HDL-1007 : analyze verilog file ../../source_code/rtl/BUFGMUX.v
HDL-1007 : analyze verilog file ../../source_code/rtl/clk_gen_rst_gen.v
HDL-1007 : analyze verilog file ../../source_code/rtl/div_clk_gen.v
HDL-1007 : analyze verilog file ../../source_code/rtl/IDDR.v
HDL-1007 : analyze verilog file ../../source_code/rtl/ODDR.v
HDL-1007 : analyze verilog file ../../source_code/rtl/RAMB16_S9_S9.v
HDL-1007 : undeclared symbol 'open', assumed default net type 'wire' in ../../source_code/rtl/RAMB16_S9_S9.v(109)
HDL-1007 : analyze verilog file ../../source_code/rtl/rgmii_interface.v
HDL-1007 : analyze verilog file ../../source_code/rtl/rx_client_fifo.v
HDL-5370 WARNING: parameter 'WAIT_s' becomes localparam in 'rx_client_fifo' with formal parameter declaration list in ../../source_code/rtl/rx_client_fifo.v(49)
HDL-5370 WARNING: parameter 'QUEUE1_s' becomes localparam in 'rx_client_fifo' with formal parameter declaration list in ../../source_code/rtl/rx_client_fifo.v(50)
HDL-5370 WARNING: parameter 'QUEUE2_s' becomes localparam in 'rx_client_fifo' with formal parameter declaration list in ../../source_code/rtl/rx_client_fifo.v(51)
HDL-5370 WARNING: parameter 'QUEUE3_s' becomes localparam in 'rx_client_fifo' with formal parameter declaration list in ../../source_code/rtl/rx_client_fifo.v(52)
HDL-5370 WARNING: parameter 'QUEUE_SOF_s' becomes localparam in 'rx_client_fifo' with formal parameter declaration list in ../../source_code/rtl/rx_client_fifo.v(53)
HDL-5370 WARNING: parameter 'SOF_s' becomes localparam in 'rx_client_fifo' with formal parameter declaration list in ../../source_code/rtl/rx_client_fifo.v(54)
HDL-5370 WARNING: parameter 'DATA_s' becomes localparam in 'rx_client_fifo' with formal parameter declaration list in ../../source_code/rtl/rx_client_fifo.v(55)
HDL-5370 WARNING: parameter 'EOF_s' becomes localparam in 'rx_client_fifo' with formal parameter declaration list in ../../source_code/rtl/rx_client_fifo.v(56)
HDL-5370 WARNING: parameter 'IDLE_s' becomes localparam in 'rx_client_fifo' with formal parameter declaration list in ../../source_code/rtl/rx_client_fifo.v(62)
HDL-5370 WARNING: parameter 'FRAME_s' becomes localparam in 'rx_client_fifo' with formal parameter declaration list in ../../source_code/rtl/rx_client_fifo.v(63)
HDL-5370 Similar messages will be suppressed.
HDL-1007 : analyze verilog file ../../source_code/rtl/temac_block.v
HDL-1007 : analyze verilog file ../../source_code/rtl/temac_clk_gen.v
HDL-1007 : analyze verilog file ../../source_code/rtl/tx_client_fifo.v
HDL-5370 WARNING: parameter 'IDLE_s' becomes localparam in 'tx_client_fifo' with formal parameter declaration list in ../../source_code/rtl/tx_client_fifo.v(53)
HDL-5370 WARNING: parameter 'QUEUE1_s' becomes localparam in 'tx_client_fifo' with formal parameter declaration list in ../../source_code/rtl/tx_client_fifo.v(54)
HDL-5370 WARNING: parameter 'QUEUE2_s' becomes localparam in 'tx_client_fifo' with formal parameter declaration list in ../../source_code/rtl/tx_client_fifo.v(55)
HDL-5370 WARNING: parameter 'QUEUE3_s' becomes localparam in 'tx_client_fifo' with formal parameter declaration list in ../../source_code/rtl/tx_client_fifo.v(56)
HDL-5370 WARNING: parameter 'QUEUE_ACK_s' becomes localparam in 'tx_client_fifo' with formal parameter declaration list in ../../source_code/rtl/tx_client_fifo.v(57)
HDL-5370 WARNING: parameter 'WAIT_ACK_s' becomes localparam in 'tx_client_fifo' with formal parameter declaration list in ../../source_code/rtl/tx_client_fifo.v(58)
HDL-5370 WARNING: parameter 'FRAME_s' becomes localparam in 'tx_client_fifo' with formal parameter declaration list in ../../source_code/rtl/tx_client_fifo.v(59)
HDL-5370 WARNING: parameter 'DROP_s' becomes localparam in 'tx_client_fifo' with formal parameter declaration list in ../../source_code/rtl/tx_client_fifo.v(60)
HDL-5370 WARNING: parameter 'RETRANSMIT_s' becomes localparam in 'tx_client_fifo' with formal parameter declaration list in ../../source_code/rtl/tx_client_fifo.v(61)
HDL-5370 WARNING: parameter 'WAIT_s' becomes localparam in 'tx_client_fifo' with formal parameter declaration list in ../../source_code/rtl/tx_client_fifo.v(67)
HDL-5370 Similar messages will be suppressed.
HDL-1007 : analyze verilog file ../../source_code/rtl/tx_clk_en_gen.v
HDL-1007 : analyze verilog file ../../source_code/rtl/udp_data_tpg.v
HDL-1007 : analyze verilog file ../../source_code/rtl/UDP_Example_Top.v
HDL-1007 : undeclared symbol 'video_clk', assumed default net type 'wire' in ../../source_code/rtl/UDP_Example_Top.v(226)
HDL-1007 : undeclared symbol 'hdmi_5x_clk', assumed default net type 'wire' in ../../source_code/rtl/UDP_Example_Top.v(227)
HDL-1007 : undeclared symbol 'phy_reset', assumed default net type 'wire' in ../../source_code/rtl/UDP_Example_Top.v(435)
HDL-5333 WARNING: data object 'rst_n' is already declared in ../../source_code/rtl/UDP_Example_Top.v(482)
HDL-1007 : previous declaration of 'rst_n' is from here in ../../source_code/rtl/UDP_Example_Top.v(246)
HDL-5007 WARNING: second declaration of 'rst_n' is ignored in ../../source_code/rtl/UDP_Example_Top.v(482)
HDL-1007 : undeclared symbol 'tpg_data_done', assumed default net type 'wire' in ../../source_code/rtl/UDP_Example_Top.v(590)
HDL-1007 : undeclared symbol 'Sdr_rd_en_aligned', assumed default net type 'wire' in ../../source_code/rtl/UDP_Example_Top.v(606)
HDL-1007 : undeclared symbol 'image_r', assumed default net type 'wire' in ../../source_code/rtl/UDP_Example_Top.v(607)
HDL-1007 : undeclared symbol 'image_g', assumed default net type 'wire' in ../../source_code/rtl/UDP_Example_Top.v(608)
HDL-1007 : undeclared symbol 'image_b', assumed default net type 'wire' in ../../source_code/rtl/UDP_Example_Top.v(609)
HDL-1007 : undeclared symbol 'vga_out_de', assumed default net type 'wire' in ../../source_code/rtl/UDP_Example_Top.v(633)
HDL-1007 : undeclared symbol 'hs', assumed default net type 'wire' in ../../source_code/rtl/UDP_Example_Top.v(721)
HDL-1007 : undeclared symbol 'vs', assumed default net type 'wire' in ../../source_code/rtl/UDP_Example_Top.v(722)
HDL-1007 : undeclared symbol 'de', assumed default net type 'wire' in ../../source_code/rtl/UDP_Example_Top.v(723)
HDL-8007 ERROR: 'ire' is an unknown type in ../../source_code/rtl/UDP_Example_Top.v(675)
HDL-8007 ERROR: ignore module module due to previous errors in ../../source_code/rtl/UDP_Example_Top.v(30)
HDL-1007 : analyze VHDL file ../../source_code/rtl/hdmi/hdmi_tx.vhd
HDL-1007 : analyze entity hdmi_tx in ../../source_code/rtl/hdmi/hdmi_tx.vhd(11)
HDL-1007 : analyze architecture behavioral in ../../source_code/rtl/hdmi/hdmi_tx.vhd(33)
HDL-1007 : analyze verilog file ../../source_code/rtl/sd/sd_card_ctrl.v
HDL-1007 : analyze VHDL file ../../source_code/rtl/hdmi/enc_file/DVITransmitter.enc.vhd
HDL-1007 : analyze entity dvitransmitter in ../../source_code/rtl/hdmi/enc_file/DVITransmitter.enc.vhd(13)
HDL-1007 : analyze architecture ** in ../../source_code/rtl/hdmi/enc_file/DVITransmitter.enc.vhd(2)
HDL-1007 : analyze VHDL file ../../source_code/rtl/hdmi/enc_file/SerializerN_1_lvds.enc.vhd
HDL-1007 : analyze entity ** in ../../source_code/rtl/hdmi/enc_file/SerializerN_1_lvds.enc.vhd(12)
HDL-1007 : analyze architecture ** in ../../source_code/rtl/hdmi/enc_file/SerializerN_1_lvds.enc.vhd(25)
HDL-1007 : analyze VHDL file ../../source_code/rtl/hdmi/enc_file/SerializerN_1_lvds_dat.enc.vhd
HDL-1007 : analyze entity ** in ../../source_code/rtl/hdmi/enc_file/SerializerN_1_lvds_dat.enc.vhd(14)
HDL-1007 : analyze architecture ** in ../../source_code/rtl/hdmi/enc_file/SerializerN_1_lvds_dat.enc.vhd(28)
HDL-1007 : analyze VHDL file ../../source_code/rtl/hdmi/enc_file/TMDSEncoder.enc.vhd
HDL-1007 : analyze entity ** in ../../source_code/rtl/hdmi/enc_file/TMDSEncoder.enc.vhd(13)
HDL-1007 : analyze architecture ** in ../../source_code/rtl/hdmi/enc_file/TMDSEncoder.enc.vhd(24)
HDL-1007 : analyze verilog file ../../source_code/rtl/display/color_bar.v
HDL-1007 : analyze included file ../../source_code/rtl/display/video_define.v in ../../source_code/rtl/display/color_bar.v(1)
HDL-1007 : back to file '../../source_code/rtl/display/color_bar.v' in ../../source_code/rtl/display/color_bar.v(1)
HDL-5007 WARNING: The file ../../source_code/rtl/UDP_Example_Top.v will not be compiled since it is not included by any other files. Set it as 'global include' if it should be compiled.
RUN-1002 : start command "commit_param -step design"
RUN-1001 : Print Global Property
RUN-1001 : --------------------------------------------------------
RUN-1001 :   Parameters   |  Settings  |  Default Values  |  Note  
RUN-1001 : --------------------------------------------------------
RUN-1001 :   enable_seed  |    off     |       off        |        
RUN-1001 :     message    |  standard  |     standard     |        
RUN-1001 :   qor_monitor  |     on     |        on        |        
RUN-1001 :   syn_ip_flow  |    off     |       off        |        
RUN-1001 :     thread     |    auto    |       auto       |        
RUN-1001 : --------------------------------------------------------
RUN-1001 : Print Design Property
RUN-1001 : ----------------------------------------------------------------
RUN-1001 :       Parameters       |  Settings  |  Default Values  |  Note  
RUN-1001 : ----------------------------------------------------------------
RUN-1001 :   default_reg_initial  |    auto    |       auto       |        
RUN-1001 :    hdl_warning_level   |   normal   |      normal      |        
RUN-1001 : ----------------------------------------------------------------
HDL-1007 : analyze verilog file al_ip/TEMAC_CORE/RTL/mac_core_aead6cd6dadd.v
HDL-1007 : analyze verilog file al_ip/TEMAC_CORE/RTL/TEMAC_CORE_aead6cd6dadd.v
HDL-5007 WARNING: column 1032 exceeds maximum value 1023 in al_ip/TEMAC_CORE/RTL/TEMAC_CORE_aead6cd6dadd.v(30)
HDL-1007 : back to file 'al_ip/TEMAC_CORE/RTL/TEMAC_CORE_aead6cd6dadd.v' in al_ip/TEMAC_CORE/RTL/TEMAC_CORE_aead6cd6dadd.v(86)
HDL-5007 WARNING: event expressions must result in a singular type in al_ip/TEMAC_CORE/RTL/TEMAC_CORE_aead6cd6dadd.v(3001)
HDL-1007 : undeclared symbol '**', assumed default net type '**' in al_ip/TEMAC_CORE/RTL/TEMAC_CORE_aead6cd6dadd.v(5050)
HDL-1007 : undeclared symbol '**', assumed default net type '**' in al_ip/TEMAC_CORE/RTL/TEMAC_CORE_aead6cd6dadd.v(5458)
HDL-5007 WARNING: column 1035 exceeds maximum value 1023 in al_ip/TEMAC_CORE/RTL/TEMAC_CORE_aead6cd6dadd.v(6001)
HDL-1007 : back to file 'al_ip/TEMAC_CORE/RTL/TEMAC_CORE_aead6cd6dadd.v' in al_ip/TEMAC_CORE/RTL/TEMAC_CORE_aead6cd6dadd.v(260)
HDL-1007 : analyze verilog file al_ip/TEMAC_CORE/TEMAC_CORE.v
HDL-1007 : analyze verilog file al_ip/clk_pll.v
HDL-1007 : undeclared symbol 'clk_pll_open0', assumed default net type 'wire' in al_ip/clk_pll.v(92)
HDL-1007 : undeclared symbol 'clk_pll_open8', assumed default net type 'wire' in al_ip/clk_pll.v(98)
HDL-1007 : undeclared symbol 'clk_pll_open7', assumed default net type 'wire' in al_ip/clk_pll.v(98)
HDL-1007 : undeclared symbol 'clk_pll_open6', assumed default net type 'wire' in al_ip/clk_pll.v(98)
HDL-1007 : undeclared symbol 'clk_pll_open5', assumed default net type 'wire' in al_ip/clk_pll.v(98)
HDL-1007 : undeclared symbol 'clk_pll_open4', assumed default net type 'wire' in al_ip/clk_pll.v(98)
HDL-1007 : undeclared symbol 'clk_pll_open3', assumed default net type 'wire' in al_ip/clk_pll.v(98)
HDL-1007 : undeclared symbol 'clk_pll_open2', assumed default net type 'wire' in al_ip/clk_pll.v(98)
HDL-1007 : undeclared symbol 'clk_pll_open1', assumed default net type 'wire' in al_ip/clk_pll.v(98)
HDL-1007 : undeclared symbol 'clk_pll_open9', assumed default net type 'wire' in al_ip/clk_pll.v(100)
HDL-1007 : analyze verilog file al_ip/fifo_sdr_data_2.v
HDL-1007 : analyze verilog file al_ip/pll_50.v
HDL-1007 : undeclared symbol 'open', assumed default net type 'wire' in al_ip/pll_50.v(85)
HDL-1007 : analyze verilog file al_ip/pll_gen.v
HDL-1007 : undeclared symbol 'pll_gen_open0', assumed default net type 'wire' in al_ip/pll_gen.v(99)
HDL-1007 : undeclared symbol 'pll_gen_open8', assumed default net type 'wire' in al_ip/pll_gen.v(105)
HDL-1007 : undeclared symbol 'pll_gen_open7', assumed default net type 'wire' in al_ip/pll_gen.v(105)
HDL-1007 : undeclared symbol 'pll_gen_open6', assumed default net type 'wire' in al_ip/pll_gen.v(105)
HDL-1007 : undeclared symbol 'pll_gen_open5', assumed default net type 'wire' in al_ip/pll_gen.v(105)
HDL-1007 : undeclared symbol 'pll_gen_open4', assumed default net type 'wire' in al_ip/pll_gen.v(105)
HDL-1007 : undeclared symbol 'pll_gen_open3', assumed default net type 'wire' in al_ip/pll_gen.v(105)
HDL-1007 : undeclared symbol 'pll_gen_open2', assumed default net type 'wire' in al_ip/pll_gen.v(105)
HDL-1007 : undeclared symbol 'pll_gen_open1', assumed default net type 'wire' in al_ip/pll_gen.v(105)
HDL-1007 : analyze verilog file al_ip/rx_pll.v
HDL-1007 : undeclared symbol 'open', assumed default net type 'wire' in al_ip/rx_pll.v(78)
HDL-1007 : analyze verilog file al_ip/video_pll.v
HDL-1007 : undeclared symbol 'video_pll_open0', assumed default net type 'wire' in al_ip/video_pll.v(70)
HDL-1007 : undeclared symbol 'video_pll_open1', assumed default net type 'wire' in al_ip/video_pll.v(76)
HDL-1007 : undeclared symbol 'video_pll_open9', assumed default net type 'wire' in al_ip/video_pll.v(82)
HDL-1007 : undeclared symbol 'video_pll_open8', assumed default net type 'wire' in al_ip/video_pll.v(82)
HDL-1007 : undeclared symbol 'video_pll_open7', assumed default net type 'wire' in al_ip/video_pll.v(82)
HDL-1007 : undeclared symbol 'video_pll_open6', assumed default net type 'wire' in al_ip/video_pll.v(82)
HDL-1007 : undeclared symbol 'video_pll_open5', assumed default net type 'wire' in al_ip/video_pll.v(82)
HDL-1007 : undeclared symbol 'video_pll_open4', assumed default net type 'wire' in al_ip/video_pll.v(82)
HDL-1007 : undeclared symbol 'video_pll_open3', assumed default net type 'wire' in al_ip/video_pll.v(82)
HDL-1007 : undeclared symbol 'video_pll_open2', assumed default net type 'wire' in al_ip/video_pll.v(82)
HDL-1007 : undeclared symbol 'video_pll_open12', assumed default net type 'wire' in al_ip/video_pll.v(84)
HDL-1007 : undeclared symbol 'video_pll_open11', assumed default net type 'wire' in al_ip/video_pll.v(84)
HDL-1007 : undeclared symbol 'video_pll_open10', assumed default net type 'wire' in al_ip/video_pll.v(84)
HDL-1007 : analyze verilog file ../../source_code/rtl/BUFGMUX.v
HDL-1007 : analyze verilog file ../../source_code/rtl/clk_gen_rst_gen.v
HDL-1007 : analyze verilog file ../../source_code/rtl/div_clk_gen.v
HDL-1007 : analyze verilog file ../../source_code/rtl/IDDR.v
HDL-1007 : analyze verilog file ../../source_code/rtl/ODDR.v
HDL-1007 : analyze verilog file ../../source_code/rtl/RAMB16_S9_S9.v
HDL-1007 : undeclared symbol 'open', assumed default net type 'wire' in ../../source_code/rtl/RAMB16_S9_S9.v(109)
HDL-1007 : analyze verilog file ../../source_code/rtl/rgmii_interface.v
HDL-1007 : analyze verilog file ../../source_code/rtl/rx_client_fifo.v
HDL-5370 WARNING: parameter 'WAIT_s' becomes localparam in 'rx_client_fifo' with formal parameter declaration list in ../../source_code/rtl/rx_client_fifo.v(49)
HDL-5370 WARNING: parameter 'QUEUE1_s' becomes localparam in 'rx_client_fifo' with formal parameter declaration list in ../../source_code/rtl/rx_client_fifo.v(50)
HDL-5370 WARNING: parameter 'QUEUE2_s' becomes localparam in 'rx_client_fifo' with formal parameter declaration list in ../../source_code/rtl/rx_client_fifo.v(51)
HDL-5370 WARNING: parameter 'QUEUE3_s' becomes localparam in 'rx_client_fifo' with formal parameter declaration list in ../../source_code/rtl/rx_client_fifo.v(52)
HDL-5370 WARNING: parameter 'QUEUE_SOF_s' becomes localparam in 'rx_client_fifo' with formal parameter declaration list in ../../source_code/rtl/rx_client_fifo.v(53)
HDL-5370 WARNING: parameter 'SOF_s' becomes localparam in 'rx_client_fifo' with formal parameter declaration list in ../../source_code/rtl/rx_client_fifo.v(54)
HDL-5370 WARNING: parameter 'DATA_s' becomes localparam in 'rx_client_fifo' with formal parameter declaration list in ../../source_code/rtl/rx_client_fifo.v(55)
HDL-5370 WARNING: parameter 'EOF_s' becomes localparam in 'rx_client_fifo' with formal parameter declaration list in ../../source_code/rtl/rx_client_fifo.v(56)
HDL-5370 WARNING: parameter 'IDLE_s' becomes localparam in 'rx_client_fifo' with formal parameter declaration list in ../../source_code/rtl/rx_client_fifo.v(62)
HDL-5370 WARNING: parameter 'FRAME_s' becomes localparam in 'rx_client_fifo' with formal parameter declaration list in ../../source_code/rtl/rx_client_fifo.v(63)
HDL-5370 Similar messages will be suppressed.
HDL-1007 : analyze verilog file ../../source_code/rtl/temac_block.v
HDL-1007 : analyze verilog file ../../source_code/rtl/temac_clk_gen.v
HDL-1007 : analyze verilog file ../../source_code/rtl/tx_client_fifo.v
HDL-5370 WARNING: parameter 'IDLE_s' becomes localparam in 'tx_client_fifo' with formal parameter declaration list in ../../source_code/rtl/tx_client_fifo.v(53)
HDL-5370 WARNING: parameter 'QUEUE1_s' becomes localparam in 'tx_client_fifo' with formal parameter declaration list in ../../source_code/rtl/tx_client_fifo.v(54)
HDL-5370 WARNING: parameter 'QUEUE2_s' becomes localparam in 'tx_client_fifo' with formal parameter declaration list in ../../source_code/rtl/tx_client_fifo.v(55)
HDL-5370 WARNING: parameter 'QUEUE3_s' becomes localparam in 'tx_client_fifo' with formal parameter declaration list in ../../source_code/rtl/tx_client_fifo.v(56)
HDL-5370 WARNING: parameter 'QUEUE_ACK_s' becomes localparam in 'tx_client_fifo' with formal parameter declaration list in ../../source_code/rtl/tx_client_fifo.v(57)
HDL-5370 WARNING: parameter 'WAIT_ACK_s' becomes localparam in 'tx_client_fifo' with formal parameter declaration list in ../../source_code/rtl/tx_client_fifo.v(58)
HDL-5370 WARNING: parameter 'FRAME_s' becomes localparam in 'tx_client_fifo' with formal parameter declaration list in ../../source_code/rtl/tx_client_fifo.v(59)
HDL-5370 WARNING: parameter 'DROP_s' becomes localparam in 'tx_client_fifo' with formal parameter declaration list in ../../source_code/rtl/tx_client_fifo.v(60)
HDL-5370 WARNING: parameter 'RETRANSMIT_s' becomes localparam in 'tx_client_fifo' with formal parameter declaration list in ../../source_code/rtl/tx_client_fifo.v(61)
HDL-5370 WARNING: parameter 'WAIT_s' becomes localparam in 'tx_client_fifo' with formal parameter declaration list in ../../source_code/rtl/tx_client_fifo.v(67)
HDL-5370 Similar messages will be suppressed.
HDL-1007 : analyze verilog file ../../source_code/rtl/tx_clk_en_gen.v
HDL-1007 : analyze verilog file ../../source_code/rtl/udp_data_tpg.v
HDL-1007 : analyze verilog file ../../source_code/rtl/UDP_Example_Top.v
HDL-1007 : undeclared symbol 'video_clk', assumed default net type 'wire' in ../../source_code/rtl/UDP_Example_Top.v(226)
HDL-1007 : undeclared symbol 'hdmi_5x_clk', assumed default net type 'wire' in ../../source_code/rtl/UDP_Example_Top.v(227)
HDL-1007 : undeclared symbol 'phy_reset', assumed default net type 'wire' in ../../source_code/rtl/UDP_Example_Top.v(435)
HDL-5333 WARNING: data object 'rst_n' is already declared in ../../source_code/rtl/UDP_Example_Top.v(482)
HDL-1007 : previous declaration of 'rst_n' is from here in ../../source_code/rtl/UDP_Example_Top.v(246)
HDL-5007 WARNING: second declaration of 'rst_n' is ignored in ../../source_code/rtl/UDP_Example_Top.v(482)
HDL-1007 : undeclared symbol 'tpg_data_done', assumed default net type 'wire' in ../../source_code/rtl/UDP_Example_Top.v(590)
HDL-1007 : undeclared symbol 'Sdr_rd_en_aligned', assumed default net type 'wire' in ../../source_code/rtl/UDP_Example_Top.v(606)
HDL-1007 : undeclared symbol 'image_r', assumed default net type 'wire' in ../../source_code/rtl/UDP_Example_Top.v(607)
HDL-1007 : undeclared symbol 'image_g', assumed default net type 'wire' in ../../source_code/rtl/UDP_Example_Top.v(608)
HDL-1007 : undeclared symbol 'image_b', assumed default net type 'wire' in ../../source_code/rtl/UDP_Example_Top.v(609)
HDL-1007 : undeclared symbol 'vga_out_de', assumed default net type 'wire' in ../../source_code/rtl/UDP_Example_Top.v(633)
HDL-1007 : undeclared symbol 'hs', assumed default net type 'wire' in ../../source_code/rtl/UDP_Example_Top.v(749)
HDL-1007 : undeclared symbol 'vs', assumed default net type 'wire' in ../../source_code/rtl/UDP_Example_Top.v(750)
HDL-1007 : undeclared symbol 'de', assumed default net type 'wire' in ../../source_code/rtl/UDP_Example_Top.v(751)
HDL-8007 ERROR: 'ire' is an unknown type in ../../source_code/rtl/UDP_Example_Top.v(703)
HDL-8007 ERROR: ignore module module due to previous errors in ../../source_code/rtl/UDP_Example_Top.v(30)
HDL-1007 : analyze VHDL file ../../source_code/rtl/hdmi/hdmi_tx.vhd
HDL-1007 : analyze entity hdmi_tx in ../../source_code/rtl/hdmi/hdmi_tx.vhd(11)
HDL-1007 : analyze architecture behavioral in ../../source_code/rtl/hdmi/hdmi_tx.vhd(33)
HDL-1007 : analyze verilog file ../../source_code/rtl/sd/sd_card_ctrl.v
HDL-1007 : analyze VHDL file ../../source_code/rtl/hdmi/enc_file/DVITransmitter.enc.vhd
HDL-1007 : analyze entity dvitransmitter in ../../source_code/rtl/hdmi/enc_file/DVITransmitter.enc.vhd(13)
HDL-1007 : analyze architecture ** in ../../source_code/rtl/hdmi/enc_file/DVITransmitter.enc.vhd(2)
HDL-1007 : analyze VHDL file ../../source_code/rtl/hdmi/enc_file/SerializerN_1_lvds.enc.vhd
HDL-1007 : analyze entity ** in ../../source_code/rtl/hdmi/enc_file/SerializerN_1_lvds.enc.vhd(12)
HDL-1007 : analyze architecture ** in ../../source_code/rtl/hdmi/enc_file/SerializerN_1_lvds.enc.vhd(25)
HDL-1007 : analyze VHDL file ../../source_code/rtl/hdmi/enc_file/SerializerN_1_lvds_dat.enc.vhd
HDL-1007 : analyze entity ** in ../../source_code/rtl/hdmi/enc_file/SerializerN_1_lvds_dat.enc.vhd(14)
HDL-1007 : analyze architecture ** in ../../source_code/rtl/hdmi/enc_file/SerializerN_1_lvds_dat.enc.vhd(28)
HDL-1007 : analyze VHDL file ../../source_code/rtl/hdmi/enc_file/TMDSEncoder.enc.vhd
HDL-1007 : analyze entity ** in ../../source_code/rtl/hdmi/enc_file/TMDSEncoder.enc.vhd(13)
HDL-1007 : analyze architecture ** in ../../source_code/rtl/hdmi/enc_file/TMDSEncoder.enc.vhd(24)
HDL-1007 : analyze verilog file ../../source_code/rtl/display/color_bar.v
HDL-1007 : analyze included file ../../source_code/rtl/display/video_define.v in ../../source_code/rtl/display/color_bar.v(1)
HDL-1007 : back to file '../../source_code/rtl/display/color_bar.v' in ../../source_code/rtl/display/color_bar.v(1)
HDL-5007 WARNING: The file ../../source_code/rtl/UDP_Example_Top.v will not be compiled since it is not included by any other files. Set it as 'global include' if it should be compiled.
RUN-1002 : start command "commit_param -step design"
RUN-1001 : Print Global Property
RUN-1001 : --------------------------------------------------------
RUN-1001 :   Parameters   |  Settings  |  Default Values  |  Note  
RUN-1001 : --------------------------------------------------------
RUN-1001 :   enable_seed  |    off     |       off        |        
RUN-1001 :     message    |  standard  |     standard     |        
RUN-1001 :   qor_monitor  |     on     |        on        |        
RUN-1001 :   syn_ip_flow  |    off     |       off        |        
RUN-1001 :     thread     |    auto    |       auto       |        
RUN-1001 : --------------------------------------------------------
RUN-1001 : Print Design Property
RUN-1001 : ----------------------------------------------------------------
RUN-1001 :       Parameters       |  Settings  |  Default Values  |  Note  
RUN-1001 : ----------------------------------------------------------------
RUN-1001 :   default_reg_initial  |    auto    |       auto       |        
RUN-1001 :    hdl_warning_level   |   normal   |      normal      |        
RUN-1001 : ----------------------------------------------------------------
HDL-1007 : analyze verilog file al_ip/TEMAC_CORE/RTL/mac_core_aead6cd6dadd.v
HDL-1007 : analyze verilog file al_ip/TEMAC_CORE/RTL/TEMAC_CORE_aead6cd6dadd.v
HDL-5007 WARNING: column 1032 exceeds maximum value 1023 in al_ip/TEMAC_CORE/RTL/TEMAC_CORE_aead6cd6dadd.v(30)
HDL-1007 : back to file 'al_ip/TEMAC_CORE/RTL/TEMAC_CORE_aead6cd6dadd.v' in al_ip/TEMAC_CORE/RTL/TEMAC_CORE_aead6cd6dadd.v(86)
HDL-5007 WARNING: event expressions must result in a singular type in al_ip/TEMAC_CORE/RTL/TEMAC_CORE_aead6cd6dadd.v(3001)
HDL-1007 : undeclared symbol '**', assumed default net type '**' in al_ip/TEMAC_CORE/RTL/TEMAC_CORE_aead6cd6dadd.v(5050)
HDL-1007 : undeclared symbol '**', assumed default net type '**' in al_ip/TEMAC_CORE/RTL/TEMAC_CORE_aead6cd6dadd.v(5458)
HDL-5007 WARNING: column 1035 exceeds maximum value 1023 in al_ip/TEMAC_CORE/RTL/TEMAC_CORE_aead6cd6dadd.v(6001)
HDL-1007 : back to file 'al_ip/TEMAC_CORE/RTL/TEMAC_CORE_aead6cd6dadd.v' in al_ip/TEMAC_CORE/RTL/TEMAC_CORE_aead6cd6dadd.v(260)
HDL-1007 : analyze verilog file al_ip/TEMAC_CORE/TEMAC_CORE.v
HDL-1007 : analyze verilog file al_ip/clk_pll.v
HDL-1007 : undeclared symbol 'clk_pll_open0', assumed default net type 'wire' in al_ip/clk_pll.v(92)
HDL-1007 : undeclared symbol 'clk_pll_open8', assumed default net type 'wire' in al_ip/clk_pll.v(98)
HDL-1007 : undeclared symbol 'clk_pll_open7', assumed default net type 'wire' in al_ip/clk_pll.v(98)
HDL-1007 : undeclared symbol 'clk_pll_open6', assumed default net type 'wire' in al_ip/clk_pll.v(98)
HDL-1007 : undeclared symbol 'clk_pll_open5', assumed default net type 'wire' in al_ip/clk_pll.v(98)
HDL-1007 : undeclared symbol 'clk_pll_open4', assumed default net type 'wire' in al_ip/clk_pll.v(98)
HDL-1007 : undeclared symbol 'clk_pll_open3', assumed default net type 'wire' in al_ip/clk_pll.v(98)
HDL-1007 : undeclared symbol 'clk_pll_open2', assumed default net type 'wire' in al_ip/clk_pll.v(98)
HDL-1007 : undeclared symbol 'clk_pll_open1', assumed default net type 'wire' in al_ip/clk_pll.v(98)
HDL-1007 : undeclared symbol 'clk_pll_open9', assumed default net type 'wire' in al_ip/clk_pll.v(100)
HDL-1007 : analyze verilog file al_ip/fifo_sdr_data_2.v
HDL-1007 : analyze verilog file al_ip/pll_50.v
HDL-1007 : undeclared symbol 'open', assumed default net type 'wire' in al_ip/pll_50.v(85)
HDL-1007 : analyze verilog file al_ip/pll_gen.v
HDL-1007 : undeclared symbol 'pll_gen_open0', assumed default net type 'wire' in al_ip/pll_gen.v(99)
HDL-1007 : undeclared symbol 'pll_gen_open8', assumed default net type 'wire' in al_ip/pll_gen.v(105)
HDL-1007 : undeclared symbol 'pll_gen_open7', assumed default net type 'wire' in al_ip/pll_gen.v(105)
HDL-1007 : undeclared symbol 'pll_gen_open6', assumed default net type 'wire' in al_ip/pll_gen.v(105)
HDL-1007 : undeclared symbol 'pll_gen_open5', assumed default net type 'wire' in al_ip/pll_gen.v(105)
HDL-1007 : undeclared symbol 'pll_gen_open4', assumed default net type 'wire' in al_ip/pll_gen.v(105)
HDL-1007 : undeclared symbol 'pll_gen_open3', assumed default net type 'wire' in al_ip/pll_gen.v(105)
HDL-1007 : undeclared symbol 'pll_gen_open2', assumed default net type 'wire' in al_ip/pll_gen.v(105)
HDL-1007 : undeclared symbol 'pll_gen_open1', assumed default net type 'wire' in al_ip/pll_gen.v(105)
HDL-1007 : analyze verilog file al_ip/rx_pll.v
HDL-1007 : undeclared symbol 'open', assumed default net type 'wire' in al_ip/rx_pll.v(78)
HDL-1007 : analyze verilog file al_ip/video_pll.v
HDL-1007 : undeclared symbol 'video_pll_open0', assumed default net type 'wire' in al_ip/video_pll.v(70)
HDL-1007 : undeclared symbol 'video_pll_open1', assumed default net type 'wire' in al_ip/video_pll.v(76)
HDL-1007 : undeclared symbol 'video_pll_open9', assumed default net type 'wire' in al_ip/video_pll.v(82)
HDL-1007 : undeclared symbol 'video_pll_open8', assumed default net type 'wire' in al_ip/video_pll.v(82)
HDL-1007 : undeclared symbol 'video_pll_open7', assumed default net type 'wire' in al_ip/video_pll.v(82)
HDL-1007 : undeclared symbol 'video_pll_open6', assumed default net type 'wire' in al_ip/video_pll.v(82)
HDL-1007 : undeclared symbol 'video_pll_open5', assumed default net type 'wire' in al_ip/video_pll.v(82)
HDL-1007 : undeclared symbol 'video_pll_open4', assumed default net type 'wire' in al_ip/video_pll.v(82)
HDL-1007 : undeclared symbol 'video_pll_open3', assumed default net type 'wire' in al_ip/video_pll.v(82)
HDL-1007 : undeclared symbol 'video_pll_open2', assumed default net type 'wire' in al_ip/video_pll.v(82)
HDL-1007 : undeclared symbol 'video_pll_open12', assumed default net type 'wire' in al_ip/video_pll.v(84)
HDL-1007 : undeclared symbol 'video_pll_open11', assumed default net type 'wire' in al_ip/video_pll.v(84)
HDL-1007 : undeclared symbol 'video_pll_open10', assumed default net type 'wire' in al_ip/video_pll.v(84)
HDL-1007 : analyze verilog file ../../source_code/rtl/BUFGMUX.v
HDL-1007 : analyze verilog file ../../source_code/rtl/clk_gen_rst_gen.v
HDL-1007 : analyze verilog file ../../source_code/rtl/div_clk_gen.v
HDL-1007 : analyze verilog file ../../source_code/rtl/IDDR.v
HDL-1007 : analyze verilog file ../../source_code/rtl/ODDR.v
HDL-1007 : analyze verilog file ../../source_code/rtl/RAMB16_S9_S9.v
HDL-1007 : undeclared symbol 'open', assumed default net type 'wire' in ../../source_code/rtl/RAMB16_S9_S9.v(109)
HDL-1007 : analyze verilog file ../../source_code/rtl/rgmii_interface.v
HDL-1007 : analyze verilog file ../../source_code/rtl/rx_client_fifo.v
HDL-5370 WARNING: parameter 'WAIT_s' becomes localparam in 'rx_client_fifo' with formal parameter declaration list in ../../source_code/rtl/rx_client_fifo.v(49)
HDL-5370 WARNING: parameter 'QUEUE1_s' becomes localparam in 'rx_client_fifo' with formal parameter declaration list in ../../source_code/rtl/rx_client_fifo.v(50)
HDL-5370 WARNING: parameter 'QUEUE2_s' becomes localparam in 'rx_client_fifo' with formal parameter declaration list in ../../source_code/rtl/rx_client_fifo.v(51)
HDL-5370 WARNING: parameter 'QUEUE3_s' becomes localparam in 'rx_client_fifo' with formal parameter declaration list in ../../source_code/rtl/rx_client_fifo.v(52)
HDL-5370 WARNING: parameter 'QUEUE_SOF_s' becomes localparam in 'rx_client_fifo' with formal parameter declaration list in ../../source_code/rtl/rx_client_fifo.v(53)
HDL-5370 WARNING: parameter 'SOF_s' becomes localparam in 'rx_client_fifo' with formal parameter declaration list in ../../source_code/rtl/rx_client_fifo.v(54)
HDL-5370 WARNING: parameter 'DATA_s' becomes localparam in 'rx_client_fifo' with formal parameter declaration list in ../../source_code/rtl/rx_client_fifo.v(55)
HDL-5370 WARNING: parameter 'EOF_s' becomes localparam in 'rx_client_fifo' with formal parameter declaration list in ../../source_code/rtl/rx_client_fifo.v(56)
HDL-5370 WARNING: parameter 'IDLE_s' becomes localparam in 'rx_client_fifo' with formal parameter declaration list in ../../source_code/rtl/rx_client_fifo.v(62)
HDL-5370 WARNING: parameter 'FRAME_s' becomes localparam in 'rx_client_fifo' with formal parameter declaration list in ../../source_code/rtl/rx_client_fifo.v(63)
HDL-5370 Similar messages will be suppressed.
HDL-1007 : analyze verilog file ../../source_code/rtl/temac_block.v
HDL-1007 : analyze verilog file ../../source_code/rtl/temac_clk_gen.v
HDL-1007 : analyze verilog file ../../source_code/rtl/tx_client_fifo.v
HDL-5370 WARNING: parameter 'IDLE_s' becomes localparam in 'tx_client_fifo' with formal parameter declaration list in ../../source_code/rtl/tx_client_fifo.v(53)
HDL-5370 WARNING: parameter 'QUEUE1_s' becomes localparam in 'tx_client_fifo' with formal parameter declaration list in ../../source_code/rtl/tx_client_fifo.v(54)
HDL-5370 WARNING: parameter 'QUEUE2_s' becomes localparam in 'tx_client_fifo' with formal parameter declaration list in ../../source_code/rtl/tx_client_fifo.v(55)
HDL-5370 WARNING: parameter 'QUEUE3_s' becomes localparam in 'tx_client_fifo' with formal parameter declaration list in ../../source_code/rtl/tx_client_fifo.v(56)
HDL-5370 WARNING: parameter 'QUEUE_ACK_s' becomes localparam in 'tx_client_fifo' with formal parameter declaration list in ../../source_code/rtl/tx_client_fifo.v(57)
HDL-5370 WARNING: parameter 'WAIT_ACK_s' becomes localparam in 'tx_client_fifo' with formal parameter declaration list in ../../source_code/rtl/tx_client_fifo.v(58)
HDL-5370 WARNING: parameter 'FRAME_s' becomes localparam in 'tx_client_fifo' with formal parameter declaration list in ../../source_code/rtl/tx_client_fifo.v(59)
HDL-5370 WARNING: parameter 'DROP_s' becomes localparam in 'tx_client_fifo' with formal parameter declaration list in ../../source_code/rtl/tx_client_fifo.v(60)
HDL-5370 WARNING: parameter 'RETRANSMIT_s' becomes localparam in 'tx_client_fifo' with formal parameter declaration list in ../../source_code/rtl/tx_client_fifo.v(61)
HDL-5370 WARNING: parameter 'WAIT_s' becomes localparam in 'tx_client_fifo' with formal parameter declaration list in ../../source_code/rtl/tx_client_fifo.v(67)
HDL-5370 Similar messages will be suppressed.
HDL-1007 : analyze verilog file ../../source_code/rtl/tx_clk_en_gen.v
HDL-1007 : analyze verilog file ../../source_code/rtl/udp_data_tpg.v
HDL-1007 : analyze verilog file ../../source_code/rtl/UDP_Example_Top.v
HDL-1007 : undeclared symbol 'video_clk', assumed default net type 'wire' in ../../source_code/rtl/UDP_Example_Top.v(226)
HDL-1007 : undeclared symbol 'hdmi_5x_clk', assumed default net type 'wire' in ../../source_code/rtl/UDP_Example_Top.v(227)
HDL-1007 : undeclared symbol 'phy_reset', assumed default net type 'wire' in ../../source_code/rtl/UDP_Example_Top.v(435)
HDL-5333 WARNING: data object 'rst_n' is already declared in ../../source_code/rtl/UDP_Example_Top.v(482)
HDL-1007 : previous declaration of 'rst_n' is from here in ../../source_code/rtl/UDP_Example_Top.v(246)
HDL-5007 WARNING: second declaration of 'rst_n' is ignored in ../../source_code/rtl/UDP_Example_Top.v(482)
HDL-1007 : undeclared symbol 'tpg_data_done', assumed default net type 'wire' in ../../source_code/rtl/UDP_Example_Top.v(590)
HDL-1007 : undeclared symbol 'video_pixel_data', assumed default net type 'wire' in ../../source_code/rtl/UDP_Example_Top.v(605)
HDL-1007 : undeclared symbol 'Sdr_rd_en_aligned', assumed default net type 'wire' in ../../source_code/rtl/UDP_Example_Top.v(606)
HDL-1007 : undeclared symbol 'image_r', assumed default net type 'wire' in ../../source_code/rtl/UDP_Example_Top.v(607)
HDL-1007 : undeclared symbol 'image_g', assumed default net type 'wire' in ../../source_code/rtl/UDP_Example_Top.v(608)
HDL-1007 : undeclared symbol 'image_b', assumed default net type 'wire' in ../../source_code/rtl/UDP_Example_Top.v(609)
HDL-7225 CRITICAL-WARNING: 'video_pixel_data' is already implicitly declared on line 605 in ../../source_code/rtl/UDP_Example_Top.v(624)
HDL-1007 : undeclared symbol 'vga_out_de', assumed default net type 'wire' in ../../source_code/rtl/UDP_Example_Top.v(633)
HDL-1007 : undeclared symbol 'hs', assumed default net type 'wire' in ../../source_code/rtl/UDP_Example_Top.v(749)
HDL-1007 : undeclared symbol 'vs', assumed default net type 'wire' in ../../source_code/rtl/UDP_Example_Top.v(750)
HDL-1007 : undeclared symbol 'de', assumed default net type 'wire' in ../../source_code/rtl/UDP_Example_Top.v(751)
HDL-8007 ERROR: 'ire' is an unknown type in ../../source_code/rtl/UDP_Example_Top.v(703)
HDL-8007 ERROR: ignore module module due to previous errors in ../../source_code/rtl/UDP_Example_Top.v(30)
HDL-1007 : analyze VHDL file ../../source_code/rtl/hdmi/hdmi_tx.vhd
HDL-1007 : analyze entity hdmi_tx in ../../source_code/rtl/hdmi/hdmi_tx.vhd(11)
HDL-1007 : analyze architecture behavioral in ../../source_code/rtl/hdmi/hdmi_tx.vhd(33)
HDL-1007 : analyze verilog file ../../source_code/rtl/sd/sd_card_ctrl.v
HDL-1007 : analyze VHDL file ../../source_code/rtl/hdmi/enc_file/DVITransmitter.enc.vhd
HDL-1007 : analyze entity dvitransmitter in ../../source_code/rtl/hdmi/enc_file/DVITransmitter.enc.vhd(13)
HDL-1007 : analyze architecture ** in ../../source_code/rtl/hdmi/enc_file/DVITransmitter.enc.vhd(2)
HDL-1007 : analyze VHDL file ../../source_code/rtl/hdmi/enc_file/SerializerN_1_lvds.enc.vhd
HDL-1007 : analyze entity ** in ../../source_code/rtl/hdmi/enc_file/SerializerN_1_lvds.enc.vhd(12)
HDL-1007 : analyze architecture ** in ../../source_code/rtl/hdmi/enc_file/SerializerN_1_lvds.enc.vhd(25)
HDL-1007 : analyze VHDL file ../../source_code/rtl/hdmi/enc_file/SerializerN_1_lvds_dat.enc.vhd
HDL-1007 : analyze entity ** in ../../source_code/rtl/hdmi/enc_file/SerializerN_1_lvds_dat.enc.vhd(14)
HDL-1007 : analyze architecture ** in ../../source_code/rtl/hdmi/enc_file/SerializerN_1_lvds_dat.enc.vhd(28)
HDL-1007 : analyze VHDL file ../../source_code/rtl/hdmi/enc_file/TMDSEncoder.enc.vhd
HDL-1007 : analyze entity ** in ../../source_code/rtl/hdmi/enc_file/TMDSEncoder.enc.vhd(13)
HDL-1007 : analyze architecture ** in ../../source_code/rtl/hdmi/enc_file/TMDSEncoder.enc.vhd(24)
HDL-1007 : analyze verilog file ../../source_code/rtl/display/color_bar.v
HDL-1007 : analyze included file ../../source_code/rtl/display/video_define.v in ../../source_code/rtl/display/color_bar.v(1)
HDL-1007 : back to file '../../source_code/rtl/display/color_bar.v' in ../../source_code/rtl/display/color_bar.v(1)
HDL-5007 WARNING: The file ../../source_code/rtl/UDP_Example_Top.v will not be compiled since it is not included by any other files. Set it as 'global include' if it should be compiled.
RUN-1002 : start command "commit_param -step design"
RUN-1001 : Print Global Property
RUN-1001 : --------------------------------------------------------
RUN-1001 :   Parameters   |  Settings  |  Default Values  |  Note  
RUN-1001 : --------------------------------------------------------
RUN-1001 :   enable_seed  |    off     |       off        |        
RUN-1001 :     message    |  standard  |     standard     |        
RUN-1001 :   qor_monitor  |     on     |        on        |        
RUN-1001 :   syn_ip_flow  |    off     |       off        |        
RUN-1001 :     thread     |    auto    |       auto       |        
RUN-1001 : --------------------------------------------------------
RUN-1001 : Print Design Property
RUN-1001 : ----------------------------------------------------------------
RUN-1001 :       Parameters       |  Settings  |  Default Values  |  Note  
RUN-1001 : ----------------------------------------------------------------
RUN-1001 :   default_reg_initial  |    auto    |       auto       |        
RUN-1001 :    hdl_warning_level   |   normal   |      normal      |        
RUN-1001 : ----------------------------------------------------------------
HDL-1007 : analyze verilog file al_ip/TEMAC_CORE/RTL/mac_core_aead6cd6dadd.v
HDL-1007 : analyze verilog file al_ip/TEMAC_CORE/RTL/TEMAC_CORE_aead6cd6dadd.v
HDL-5007 WARNING: column 1032 exceeds maximum value 1023 in al_ip/TEMAC_CORE/RTL/TEMAC_CORE_aead6cd6dadd.v(30)
HDL-1007 : back to file 'al_ip/TEMAC_CORE/RTL/TEMAC_CORE_aead6cd6dadd.v' in al_ip/TEMAC_CORE/RTL/TEMAC_CORE_aead6cd6dadd.v(86)
HDL-5007 WARNING: event expressions must result in a singular type in al_ip/TEMAC_CORE/RTL/TEMAC_CORE_aead6cd6dadd.v(3001)
HDL-1007 : undeclared symbol '**', assumed default net type '**' in al_ip/TEMAC_CORE/RTL/TEMAC_CORE_aead6cd6dadd.v(5050)
HDL-1007 : undeclared symbol '**', assumed default net type '**' in al_ip/TEMAC_CORE/RTL/TEMAC_CORE_aead6cd6dadd.v(5458)
HDL-5007 WARNING: column 1035 exceeds maximum value 1023 in al_ip/TEMAC_CORE/RTL/TEMAC_CORE_aead6cd6dadd.v(6001)
HDL-1007 : back to file 'al_ip/TEMAC_CORE/RTL/TEMAC_CORE_aead6cd6dadd.v' in al_ip/TEMAC_CORE/RTL/TEMAC_CORE_aead6cd6dadd.v(260)
HDL-1007 : analyze verilog file al_ip/TEMAC_CORE/TEMAC_CORE.v
HDL-1007 : analyze verilog file al_ip/clk_pll.v
HDL-1007 : undeclared symbol 'clk_pll_open0', assumed default net type 'wire' in al_ip/clk_pll.v(92)
HDL-1007 : undeclared symbol 'clk_pll_open8', assumed default net type 'wire' in al_ip/clk_pll.v(98)
HDL-1007 : undeclared symbol 'clk_pll_open7', assumed default net type 'wire' in al_ip/clk_pll.v(98)
HDL-1007 : undeclared symbol 'clk_pll_open6', assumed default net type 'wire' in al_ip/clk_pll.v(98)
HDL-1007 : undeclared symbol 'clk_pll_open5', assumed default net type 'wire' in al_ip/clk_pll.v(98)
HDL-1007 : undeclared symbol 'clk_pll_open4', assumed default net type 'wire' in al_ip/clk_pll.v(98)
HDL-1007 : undeclared symbol 'clk_pll_open3', assumed default net type 'wire' in al_ip/clk_pll.v(98)
HDL-1007 : undeclared symbol 'clk_pll_open2', assumed default net type 'wire' in al_ip/clk_pll.v(98)
HDL-1007 : undeclared symbol 'clk_pll_open1', assumed default net type 'wire' in al_ip/clk_pll.v(98)
HDL-1007 : undeclared symbol 'clk_pll_open9', assumed default net type 'wire' in al_ip/clk_pll.v(100)
HDL-1007 : analyze verilog file al_ip/fifo_sdr_data_2.v
HDL-1007 : analyze verilog file al_ip/pll_50.v
HDL-1007 : undeclared symbol 'open', assumed default net type 'wire' in al_ip/pll_50.v(85)
HDL-1007 : analyze verilog file al_ip/pll_gen.v
HDL-1007 : undeclared symbol 'pll_gen_open0', assumed default net type 'wire' in al_ip/pll_gen.v(99)
HDL-1007 : undeclared symbol 'pll_gen_open8', assumed default net type 'wire' in al_ip/pll_gen.v(105)
HDL-1007 : undeclared symbol 'pll_gen_open7', assumed default net type 'wire' in al_ip/pll_gen.v(105)
HDL-1007 : undeclared symbol 'pll_gen_open6', assumed default net type 'wire' in al_ip/pll_gen.v(105)
HDL-1007 : undeclared symbol 'pll_gen_open5', assumed default net type 'wire' in al_ip/pll_gen.v(105)
HDL-1007 : undeclared symbol 'pll_gen_open4', assumed default net type 'wire' in al_ip/pll_gen.v(105)
HDL-1007 : undeclared symbol 'pll_gen_open3', assumed default net type 'wire' in al_ip/pll_gen.v(105)
HDL-1007 : undeclared symbol 'pll_gen_open2', assumed default net type 'wire' in al_ip/pll_gen.v(105)
HDL-1007 : undeclared symbol 'pll_gen_open1', assumed default net type 'wire' in al_ip/pll_gen.v(105)
HDL-1007 : analyze verilog file al_ip/rx_pll.v
HDL-1007 : undeclared symbol 'open', assumed default net type 'wire' in al_ip/rx_pll.v(78)
HDL-1007 : analyze verilog file al_ip/video_pll.v
HDL-1007 : undeclared symbol 'video_pll_open0', assumed default net type 'wire' in al_ip/video_pll.v(70)
HDL-1007 : undeclared symbol 'video_pll_open1', assumed default net type 'wire' in al_ip/video_pll.v(76)
HDL-1007 : undeclared symbol 'video_pll_open9', assumed default net type 'wire' in al_ip/video_pll.v(82)
HDL-1007 : undeclared symbol 'video_pll_open8', assumed default net type 'wire' in al_ip/video_pll.v(82)
HDL-1007 : undeclared symbol 'video_pll_open7', assumed default net type 'wire' in al_ip/video_pll.v(82)
HDL-1007 : undeclared symbol 'video_pll_open6', assumed default net type 'wire' in al_ip/video_pll.v(82)
HDL-1007 : undeclared symbol 'video_pll_open5', assumed default net type 'wire' in al_ip/video_pll.v(82)
HDL-1007 : undeclared symbol 'video_pll_open4', assumed default net type 'wire' in al_ip/video_pll.v(82)
HDL-1007 : undeclared symbol 'video_pll_open3', assumed default net type 'wire' in al_ip/video_pll.v(82)
HDL-1007 : undeclared symbol 'video_pll_open2', assumed default net type 'wire' in al_ip/video_pll.v(82)
HDL-1007 : undeclared symbol 'video_pll_open12', assumed default net type 'wire' in al_ip/video_pll.v(84)
HDL-1007 : undeclared symbol 'video_pll_open11', assumed default net type 'wire' in al_ip/video_pll.v(84)
HDL-1007 : undeclared symbol 'video_pll_open10', assumed default net type 'wire' in al_ip/video_pll.v(84)
HDL-1007 : analyze verilog file ../../source_code/rtl/BUFGMUX.v
HDL-1007 : analyze verilog file ../../source_code/rtl/clk_gen_rst_gen.v
HDL-1007 : analyze verilog file ../../source_code/rtl/div_clk_gen.v
HDL-1007 : analyze verilog file ../../source_code/rtl/IDDR.v
HDL-1007 : analyze verilog file ../../source_code/rtl/ODDR.v
HDL-1007 : analyze verilog file ../../source_code/rtl/RAMB16_S9_S9.v
HDL-1007 : undeclared symbol 'open', assumed default net type 'wire' in ../../source_code/rtl/RAMB16_S9_S9.v(109)
HDL-1007 : analyze verilog file ../../source_code/rtl/rgmii_interface.v
HDL-1007 : analyze verilog file ../../source_code/rtl/rx_client_fifo.v
HDL-5370 WARNING: parameter 'WAIT_s' becomes localparam in 'rx_client_fifo' with formal parameter declaration list in ../../source_code/rtl/rx_client_fifo.v(49)
HDL-5370 WARNING: parameter 'QUEUE1_s' becomes localparam in 'rx_client_fifo' with formal parameter declaration list in ../../source_code/rtl/rx_client_fifo.v(50)
HDL-5370 WARNING: parameter 'QUEUE2_s' becomes localparam in 'rx_client_fifo' with formal parameter declaration list in ../../source_code/rtl/rx_client_fifo.v(51)
HDL-5370 WARNING: parameter 'QUEUE3_s' becomes localparam in 'rx_client_fifo' with formal parameter declaration list in ../../source_code/rtl/rx_client_fifo.v(52)
HDL-5370 WARNING: parameter 'QUEUE_SOF_s' becomes localparam in 'rx_client_fifo' with formal parameter declaration list in ../../source_code/rtl/rx_client_fifo.v(53)
HDL-5370 WARNING: parameter 'SOF_s' becomes localparam in 'rx_client_fifo' with formal parameter declaration list in ../../source_code/rtl/rx_client_fifo.v(54)
HDL-5370 WARNING: parameter 'DATA_s' becomes localparam in 'rx_client_fifo' with formal parameter declaration list in ../../source_code/rtl/rx_client_fifo.v(55)
HDL-5370 WARNING: parameter 'EOF_s' becomes localparam in 'rx_client_fifo' with formal parameter declaration list in ../../source_code/rtl/rx_client_fifo.v(56)
HDL-5370 WARNING: parameter 'IDLE_s' becomes localparam in 'rx_client_fifo' with formal parameter declaration list in ../../source_code/rtl/rx_client_fifo.v(62)
HDL-5370 WARNING: parameter 'FRAME_s' becomes localparam in 'rx_client_fifo' with formal parameter declaration list in ../../source_code/rtl/rx_client_fifo.v(63)
HDL-5370 Similar messages will be suppressed.
HDL-1007 : analyze verilog file ../../source_code/rtl/temac_block.v
HDL-1007 : analyze verilog file ../../source_code/rtl/temac_clk_gen.v
HDL-1007 : analyze verilog file ../../source_code/rtl/tx_client_fifo.v
HDL-5370 WARNING: parameter 'IDLE_s' becomes localparam in 'tx_client_fifo' with formal parameter declaration list in ../../source_code/rtl/tx_client_fifo.v(53)
HDL-5370 WARNING: parameter 'QUEUE1_s' becomes localparam in 'tx_client_fifo' with formal parameter declaration list in ../../source_code/rtl/tx_client_fifo.v(54)
HDL-5370 WARNING: parameter 'QUEUE2_s' becomes localparam in 'tx_client_fifo' with formal parameter declaration list in ../../source_code/rtl/tx_client_fifo.v(55)
HDL-5370 WARNING: parameter 'QUEUE3_s' becomes localparam in 'tx_client_fifo' with formal parameter declaration list in ../../source_code/rtl/tx_client_fifo.v(56)
HDL-5370 WARNING: parameter 'QUEUE_ACK_s' becomes localparam in 'tx_client_fifo' with formal parameter declaration list in ../../source_code/rtl/tx_client_fifo.v(57)
HDL-5370 WARNING: parameter 'WAIT_ACK_s' becomes localparam in 'tx_client_fifo' with formal parameter declaration list in ../../source_code/rtl/tx_client_fifo.v(58)
HDL-5370 WARNING: parameter 'FRAME_s' becomes localparam in 'tx_client_fifo' with formal parameter declaration list in ../../source_code/rtl/tx_client_fifo.v(59)
HDL-5370 WARNING: parameter 'DROP_s' becomes localparam in 'tx_client_fifo' with formal parameter declaration list in ../../source_code/rtl/tx_client_fifo.v(60)
HDL-5370 WARNING: parameter 'RETRANSMIT_s' becomes localparam in 'tx_client_fifo' with formal parameter declaration list in ../../source_code/rtl/tx_client_fifo.v(61)
HDL-5370 WARNING: parameter 'WAIT_s' becomes localparam in 'tx_client_fifo' with formal parameter declaration list in ../../source_code/rtl/tx_client_fifo.v(67)
HDL-5370 Similar messages will be suppressed.
HDL-1007 : analyze verilog file ../../source_code/rtl/tx_clk_en_gen.v
HDL-1007 : analyze verilog file ../../source_code/rtl/udp_data_tpg.v
HDL-1007 : analyze verilog file ../../source_code/rtl/UDP_Example_Top.v
HDL-1007 : undeclared symbol 'video_clk', assumed default net type 'wire' in ../../source_code/rtl/UDP_Example_Top.v(226)
HDL-1007 : undeclared symbol 'hdmi_5x_clk', assumed default net type 'wire' in ../../source_code/rtl/UDP_Example_Top.v(227)
HDL-1007 : undeclared symbol 'phy_reset', assumed default net type 'wire' in ../../source_code/rtl/UDP_Example_Top.v(435)
HDL-5333 WARNING: data object 'rst_n' is already declared in ../../source_code/rtl/UDP_Example_Top.v(482)
HDL-1007 : previous declaration of 'rst_n' is from here in ../../source_code/rtl/UDP_Example_Top.v(246)
HDL-5007 WARNING: second declaration of 'rst_n' is ignored in ../../source_code/rtl/UDP_Example_Top.v(482)
HDL-1007 : undeclared symbol 'tpg_data_done', assumed default net type 'wire' in ../../source_code/rtl/UDP_Example_Top.v(590)
HDL-1007 : undeclared symbol 'video_pixel_data', assumed default net type 'wire' in ../../source_code/rtl/UDP_Example_Top.v(605)
HDL-1007 : undeclared symbol 'Sdr_rd_en_aligned', assumed default net type 'wire' in ../../source_code/rtl/UDP_Example_Top.v(606)
HDL-1007 : undeclared symbol 'image_r', assumed default net type 'wire' in ../../source_code/rtl/UDP_Example_Top.v(607)
HDL-1007 : undeclared symbol 'image_g', assumed default net type 'wire' in ../../source_code/rtl/UDP_Example_Top.v(608)
HDL-1007 : undeclared symbol 'image_b', assumed default net type 'wire' in ../../source_code/rtl/UDP_Example_Top.v(609)
HDL-7225 CRITICAL-WARNING: 'video_pixel_data' is already implicitly declared on line 605 in ../../source_code/rtl/UDP_Example_Top.v(624)
HDL-1007 : undeclared symbol 'vga_out_de', assumed default net type 'wire' in ../../source_code/rtl/UDP_Example_Top.v(633)
HDL-1007 : undeclared symbol 'hs', assumed default net type 'wire' in ../../source_code/rtl/UDP_Example_Top.v(749)
HDL-1007 : undeclared symbol 'vs', assumed default net type 'wire' in ../../source_code/rtl/UDP_Example_Top.v(750)
HDL-1007 : undeclared symbol 'de', assumed default net type 'wire' in ../../source_code/rtl/UDP_Example_Top.v(751)
HDL-8007 ERROR: 'ire' is an unknown type in ../../source_code/rtl/UDP_Example_Top.v(703)
HDL-8007 ERROR: ignore module module due to previous errors in ../../source_code/rtl/UDP_Example_Top.v(30)
HDL-1007 : analyze VHDL file ../../source_code/rtl/hdmi/hdmi_tx.vhd
HDL-1007 : analyze entity hdmi_tx in ../../source_code/rtl/hdmi/hdmi_tx.vhd(11)
HDL-1007 : analyze architecture behavioral in ../../source_code/rtl/hdmi/hdmi_tx.vhd(33)
HDL-1007 : analyze verilog file ../../source_code/rtl/sd/sd_card_ctrl.v
HDL-1007 : analyze VHDL file ../../source_code/rtl/hdmi/enc_file/DVITransmitter.enc.vhd
HDL-1007 : analyze entity dvitransmitter in ../../source_code/rtl/hdmi/enc_file/DVITransmitter.enc.vhd(13)
HDL-1007 : analyze architecture ** in ../../source_code/rtl/hdmi/enc_file/DVITransmitter.enc.vhd(2)
HDL-1007 : analyze VHDL file ../../source_code/rtl/hdmi/enc_file/SerializerN_1_lvds.enc.vhd
HDL-1007 : analyze entity ** in ../../source_code/rtl/hdmi/enc_file/SerializerN_1_lvds.enc.vhd(12)
HDL-1007 : analyze architecture ** in ../../source_code/rtl/hdmi/enc_file/SerializerN_1_lvds.enc.vhd(25)
HDL-1007 : analyze VHDL file ../../source_code/rtl/hdmi/enc_file/SerializerN_1_lvds_dat.enc.vhd
HDL-1007 : analyze entity ** in ../../source_code/rtl/hdmi/enc_file/SerializerN_1_lvds_dat.enc.vhd(14)
HDL-1007 : analyze architecture ** in ../../source_code/rtl/hdmi/enc_file/SerializerN_1_lvds_dat.enc.vhd(28)
HDL-1007 : analyze VHDL file ../../source_code/rtl/hdmi/enc_file/TMDSEncoder.enc.vhd
HDL-1007 : analyze entity ** in ../../source_code/rtl/hdmi/enc_file/TMDSEncoder.enc.vhd(13)
HDL-1007 : analyze architecture ** in ../../source_code/rtl/hdmi/enc_file/TMDSEncoder.enc.vhd(24)
HDL-1007 : analyze verilog file ../../source_code/rtl/display/color_bar.v
HDL-1007 : analyze included file ../../source_code/rtl/display/video_define.v in ../../source_code/rtl/display/color_bar.v(1)
HDL-1007 : back to file '../../source_code/rtl/display/color_bar.v' in ../../source_code/rtl/display/color_bar.v(1)
HDL-5007 WARNING: The file ../../source_code/rtl/UDP_Example_Top.v will not be compiled since it is not included by any other files. Set it as 'global include' if it should be compiled.
RUN-1002 : start command "commit_param -step design"
RUN-1001 : Print Global Property
RUN-1001 : --------------------------------------------------------
RUN-1001 :   Parameters   |  Settings  |  Default Values  |  Note  
RUN-1001 : --------------------------------------------------------
RUN-1001 :   enable_seed  |    off     |       off        |        
RUN-1001 :     message    |  standard  |     standard     |        
RUN-1001 :   qor_monitor  |     on     |        on        |        
RUN-1001 :   syn_ip_flow  |    off     |       off        |        
RUN-1001 :     thread     |    auto    |       auto       |        
RUN-1001 : --------------------------------------------------------
RUN-1001 : Print Design Property
RUN-1001 : ----------------------------------------------------------------
RUN-1001 :       Parameters       |  Settings  |  Default Values  |  Note  
RUN-1001 : ----------------------------------------------------------------
RUN-1001 :   default_reg_initial  |    auto    |       auto       |        
RUN-1001 :    hdl_warning_level   |   normal   |      normal      |        
RUN-1001 : ----------------------------------------------------------------
HDL-1007 : analyze verilog file al_ip/TEMAC_CORE/RTL/mac_core_aead6cd6dadd.v
HDL-1007 : analyze verilog file al_ip/TEMAC_CORE/RTL/TEMAC_CORE_aead6cd6dadd.v
HDL-5007 WARNING: column 1032 exceeds maximum value 1023 in al_ip/TEMAC_CORE/RTL/TEMAC_CORE_aead6cd6dadd.v(30)
HDL-1007 : back to file 'al_ip/TEMAC_CORE/RTL/TEMAC_CORE_aead6cd6dadd.v' in al_ip/TEMAC_CORE/RTL/TEMAC_CORE_aead6cd6dadd.v(86)
HDL-5007 WARNING: event expressions must result in a singular type in al_ip/TEMAC_CORE/RTL/TEMAC_CORE_aead6cd6dadd.v(3001)
HDL-1007 : undeclared symbol '**', assumed default net type '**' in al_ip/TEMAC_CORE/RTL/TEMAC_CORE_aead6cd6dadd.v(5050)
HDL-1007 : undeclared symbol '**', assumed default net type '**' in al_ip/TEMAC_CORE/RTL/TEMAC_CORE_aead6cd6dadd.v(5458)
HDL-5007 WARNING: column 1035 exceeds maximum value 1023 in al_ip/TEMAC_CORE/RTL/TEMAC_CORE_aead6cd6dadd.v(6001)
HDL-1007 : back to file 'al_ip/TEMAC_CORE/RTL/TEMAC_CORE_aead6cd6dadd.v' in al_ip/TEMAC_CORE/RTL/TEMAC_CORE_aead6cd6dadd.v(260)
HDL-1007 : analyze verilog file al_ip/TEMAC_CORE/TEMAC_CORE.v
HDL-1007 : analyze verilog file al_ip/clk_pll.v
HDL-1007 : undeclared symbol 'clk_pll_open0', assumed default net type 'wire' in al_ip/clk_pll.v(92)
HDL-1007 : undeclared symbol 'clk_pll_open8', assumed default net type 'wire' in al_ip/clk_pll.v(98)
HDL-1007 : undeclared symbol 'clk_pll_open7', assumed default net type 'wire' in al_ip/clk_pll.v(98)
HDL-1007 : undeclared symbol 'clk_pll_open6', assumed default net type 'wire' in al_ip/clk_pll.v(98)
HDL-1007 : undeclared symbol 'clk_pll_open5', assumed default net type 'wire' in al_ip/clk_pll.v(98)
HDL-1007 : undeclared symbol 'clk_pll_open4', assumed default net type 'wire' in al_ip/clk_pll.v(98)
HDL-1007 : undeclared symbol 'clk_pll_open3', assumed default net type 'wire' in al_ip/clk_pll.v(98)
HDL-1007 : undeclared symbol 'clk_pll_open2', assumed default net type 'wire' in al_ip/clk_pll.v(98)
HDL-1007 : undeclared symbol 'clk_pll_open1', assumed default net type 'wire' in al_ip/clk_pll.v(98)
HDL-1007 : undeclared symbol 'clk_pll_open9', assumed default net type 'wire' in al_ip/clk_pll.v(100)
HDL-1007 : analyze verilog file al_ip/fifo_sdr_data_2.v
HDL-1007 : analyze verilog file al_ip/pll_50.v
HDL-1007 : undeclared symbol 'open', assumed default net type 'wire' in al_ip/pll_50.v(85)
HDL-1007 : analyze verilog file al_ip/pll_gen.v
HDL-1007 : undeclared symbol 'pll_gen_open0', assumed default net type 'wire' in al_ip/pll_gen.v(99)
HDL-1007 : undeclared symbol 'pll_gen_open8', assumed default net type 'wire' in al_ip/pll_gen.v(105)
HDL-1007 : undeclared symbol 'pll_gen_open7', assumed default net type 'wire' in al_ip/pll_gen.v(105)
HDL-1007 : undeclared symbol 'pll_gen_open6', assumed default net type 'wire' in al_ip/pll_gen.v(105)
HDL-1007 : undeclared symbol 'pll_gen_open5', assumed default net type 'wire' in al_ip/pll_gen.v(105)
HDL-1007 : undeclared symbol 'pll_gen_open4', assumed default net type 'wire' in al_ip/pll_gen.v(105)
HDL-1007 : undeclared symbol 'pll_gen_open3', assumed default net type 'wire' in al_ip/pll_gen.v(105)
HDL-1007 : undeclared symbol 'pll_gen_open2', assumed default net type 'wire' in al_ip/pll_gen.v(105)
HDL-1007 : undeclared symbol 'pll_gen_open1', assumed default net type 'wire' in al_ip/pll_gen.v(105)
HDL-1007 : analyze verilog file al_ip/rx_pll.v
HDL-1007 : undeclared symbol 'open', assumed default net type 'wire' in al_ip/rx_pll.v(78)
HDL-1007 : analyze verilog file al_ip/video_pll.v
HDL-1007 : undeclared symbol 'video_pll_open0', assumed default net type 'wire' in al_ip/video_pll.v(70)
HDL-1007 : undeclared symbol 'video_pll_open1', assumed default net type 'wire' in al_ip/video_pll.v(76)
HDL-1007 : undeclared symbol 'video_pll_open9', assumed default net type 'wire' in al_ip/video_pll.v(82)
HDL-1007 : undeclared symbol 'video_pll_open8', assumed default net type 'wire' in al_ip/video_pll.v(82)
HDL-1007 : undeclared symbol 'video_pll_open7', assumed default net type 'wire' in al_ip/video_pll.v(82)
HDL-1007 : undeclared symbol 'video_pll_open6', assumed default net type 'wire' in al_ip/video_pll.v(82)
HDL-1007 : undeclared symbol 'video_pll_open5', assumed default net type 'wire' in al_ip/video_pll.v(82)
HDL-1007 : undeclared symbol 'video_pll_open4', assumed default net type 'wire' in al_ip/video_pll.v(82)
HDL-1007 : undeclared symbol 'video_pll_open3', assumed default net type 'wire' in al_ip/video_pll.v(82)
HDL-1007 : undeclared symbol 'video_pll_open2', assumed default net type 'wire' in al_ip/video_pll.v(82)
HDL-1007 : undeclared symbol 'video_pll_open12', assumed default net type 'wire' in al_ip/video_pll.v(84)
HDL-1007 : undeclared symbol 'video_pll_open11', assumed default net type 'wire' in al_ip/video_pll.v(84)
HDL-1007 : undeclared symbol 'video_pll_open10', assumed default net type 'wire' in al_ip/video_pll.v(84)
HDL-1007 : analyze verilog file ../../source_code/rtl/BUFGMUX.v
HDL-1007 : analyze verilog file ../../source_code/rtl/clk_gen_rst_gen.v
HDL-1007 : analyze verilog file ../../source_code/rtl/div_clk_gen.v
HDL-1007 : analyze verilog file ../../source_code/rtl/IDDR.v
HDL-1007 : analyze verilog file ../../source_code/rtl/ODDR.v
HDL-1007 : analyze verilog file ../../source_code/rtl/RAMB16_S9_S9.v
HDL-1007 : undeclared symbol 'open', assumed default net type 'wire' in ../../source_code/rtl/RAMB16_S9_S9.v(109)
HDL-1007 : analyze verilog file ../../source_code/rtl/rgmii_interface.v
HDL-1007 : analyze verilog file ../../source_code/rtl/rx_client_fifo.v
HDL-5370 WARNING: parameter 'WAIT_s' becomes localparam in 'rx_client_fifo' with formal parameter declaration list in ../../source_code/rtl/rx_client_fifo.v(49)
HDL-5370 WARNING: parameter 'QUEUE1_s' becomes localparam in 'rx_client_fifo' with formal parameter declaration list in ../../source_code/rtl/rx_client_fifo.v(50)
HDL-5370 WARNING: parameter 'QUEUE2_s' becomes localparam in 'rx_client_fifo' with formal parameter declaration list in ../../source_code/rtl/rx_client_fifo.v(51)
HDL-5370 WARNING: parameter 'QUEUE3_s' becomes localparam in 'rx_client_fifo' with formal parameter declaration list in ../../source_code/rtl/rx_client_fifo.v(52)
HDL-5370 WARNING: parameter 'QUEUE_SOF_s' becomes localparam in 'rx_client_fifo' with formal parameter declaration list in ../../source_code/rtl/rx_client_fifo.v(53)
HDL-5370 WARNING: parameter 'SOF_s' becomes localparam in 'rx_client_fifo' with formal parameter declaration list in ../../source_code/rtl/rx_client_fifo.v(54)
HDL-5370 WARNING: parameter 'DATA_s' becomes localparam in 'rx_client_fifo' with formal parameter declaration list in ../../source_code/rtl/rx_client_fifo.v(55)
HDL-5370 WARNING: parameter 'EOF_s' becomes localparam in 'rx_client_fifo' with formal parameter declaration list in ../../source_code/rtl/rx_client_fifo.v(56)
HDL-5370 WARNING: parameter 'IDLE_s' becomes localparam in 'rx_client_fifo' with formal parameter declaration list in ../../source_code/rtl/rx_client_fifo.v(62)
HDL-5370 WARNING: parameter 'FRAME_s' becomes localparam in 'rx_client_fifo' with formal parameter declaration list in ../../source_code/rtl/rx_client_fifo.v(63)
HDL-5370 Similar messages will be suppressed.
HDL-1007 : analyze verilog file ../../source_code/rtl/temac_block.v
HDL-1007 : analyze verilog file ../../source_code/rtl/temac_clk_gen.v
HDL-1007 : analyze verilog file ../../source_code/rtl/tx_client_fifo.v
HDL-5370 WARNING: parameter 'IDLE_s' becomes localparam in 'tx_client_fifo' with formal parameter declaration list in ../../source_code/rtl/tx_client_fifo.v(53)
HDL-5370 WARNING: parameter 'QUEUE1_s' becomes localparam in 'tx_client_fifo' with formal parameter declaration list in ../../source_code/rtl/tx_client_fifo.v(54)
HDL-5370 WARNING: parameter 'QUEUE2_s' becomes localparam in 'tx_client_fifo' with formal parameter declaration list in ../../source_code/rtl/tx_client_fifo.v(55)
HDL-5370 WARNING: parameter 'QUEUE3_s' becomes localparam in 'tx_client_fifo' with formal parameter declaration list in ../../source_code/rtl/tx_client_fifo.v(56)
HDL-5370 WARNING: parameter 'QUEUE_ACK_s' becomes localparam in 'tx_client_fifo' with formal parameter declaration list in ../../source_code/rtl/tx_client_fifo.v(57)
HDL-5370 WARNING: parameter 'WAIT_ACK_s' becomes localparam in 'tx_client_fifo' with formal parameter declaration list in ../../source_code/rtl/tx_client_fifo.v(58)
HDL-5370 WARNING: parameter 'FRAME_s' becomes localparam in 'tx_client_fifo' with formal parameter declaration list in ../../source_code/rtl/tx_client_fifo.v(59)
HDL-5370 WARNING: parameter 'DROP_s' becomes localparam in 'tx_client_fifo' with formal parameter declaration list in ../../source_code/rtl/tx_client_fifo.v(60)
HDL-5370 WARNING: parameter 'RETRANSMIT_s' becomes localparam in 'tx_client_fifo' with formal parameter declaration list in ../../source_code/rtl/tx_client_fifo.v(61)
HDL-5370 WARNING: parameter 'WAIT_s' becomes localparam in 'tx_client_fifo' with formal parameter declaration list in ../../source_code/rtl/tx_client_fifo.v(67)
HDL-5370 Similar messages will be suppressed.
HDL-1007 : analyze verilog file ../../source_code/rtl/tx_clk_en_gen.v
HDL-1007 : analyze verilog file ../../source_code/rtl/udp_data_tpg.v
HDL-1007 : analyze verilog file ../../source_code/rtl/UDP_Example_Top.v
HDL-1007 : undeclared symbol 'video_clk', assumed default net type 'wire' in ../../source_code/rtl/UDP_Example_Top.v(226)
HDL-1007 : undeclared symbol 'hdmi_5x_clk', assumed default net type 'wire' in ../../source_code/rtl/UDP_Example_Top.v(227)
HDL-1007 : undeclared symbol 'phy_reset', assumed default net type 'wire' in ../../source_code/rtl/UDP_Example_Top.v(435)
HDL-5333 WARNING: data object 'rst_n' is already declared in ../../source_code/rtl/UDP_Example_Top.v(482)
HDL-1007 : previous declaration of 'rst_n' is from here in ../../source_code/rtl/UDP_Example_Top.v(246)
HDL-5007 WARNING: second declaration of 'rst_n' is ignored in ../../source_code/rtl/UDP_Example_Top.v(482)
HDL-1007 : undeclared symbol 'tpg_data_done', assumed default net type 'wire' in ../../source_code/rtl/UDP_Example_Top.v(590)
HDL-1007 : undeclared symbol 'Sdr_rd_en_aligned', assumed default net type 'wire' in ../../source_code/rtl/UDP_Example_Top.v(606)
HDL-1007 : undeclared symbol 'image_r', assumed default net type 'wire' in ../../source_code/rtl/UDP_Example_Top.v(607)
HDL-1007 : undeclared symbol 'image_g', assumed default net type 'wire' in ../../source_code/rtl/UDP_Example_Top.v(608)
HDL-1007 : undeclared symbol 'image_b', assumed default net type 'wire' in ../../source_code/rtl/UDP_Example_Top.v(609)
HDL-1007 : undeclared symbol 'vga_out_de', assumed default net type 'wire' in ../../source_code/rtl/UDP_Example_Top.v(633)
HDL-1007 : undeclared symbol 'hs', assumed default net type 'wire' in ../../source_code/rtl/UDP_Example_Top.v(749)
HDL-1007 : undeclared symbol 'vs', assumed default net type 'wire' in ../../source_code/rtl/UDP_Example_Top.v(750)
HDL-1007 : undeclared symbol 'de', assumed default net type 'wire' in ../../source_code/rtl/UDP_Example_Top.v(751)
HDL-1007 : analyze verilog file ../../source_code/rtl/udp_ip_protocol_stack_merge.enc.v
HDL-1007 : back to file '../../source_code/rtl/udp_ip_protocol_stack_merge.enc.v' in ../../source_code/rtl/udp_ip_protocol_stack_merge.enc.v(56)
HDL-1007 : undeclared symbol '**', assumed default net type '**' in ../../source_code/rtl/udp_ip_protocol_stack_merge.enc.v(2638)
HDL-1007 : back to file '../../source_code/rtl/udp_ip_protocol_stack_merge.enc.v' in ../../source_code/rtl/udp_ip_protocol_stack_merge.enc.v(420)
HDL-1007 : analyze verilog file ../../source_code/rtl/udp_loopback.v
HDL-1007 : analyze verilog file ../../source_code/rtl/sdr/rtl/app_wrrd.v
HDL-1007 : analyze included file ../../source_code/rtl/sdr/rtl/../include/global_def.v in ../../source_code/rtl/sdr/rtl/app_wrrd.v(10)
HDL-1007 : back to file '../../source_code/rtl/sdr/rtl/app_wrrd.v' in ../../source_code/rtl/sdr/rtl/app_wrrd.v(10)
HDL-5372 WARNING: redeclaration of ANSI port 'full_flag' is not allowed in ../../source_code/rtl/sdr/rtl/app_wrrd.v(61)
HDL-1007 : undeclared symbol 'afull', assumed default net type 'wire' in ../../source_code/rtl/sdr/rtl/app_wrrd.v(74)
HDL-1007 : undeclared symbol 'aempty', assumed default net type 'wire' in ../../source_code/rtl/sdr/rtl/app_wrrd.v(75)
HDL-1007 : undeclared symbol 'wrusedw', assumed default net type 'wire' in ../../source_code/rtl/sdr/rtl/app_wrrd.v(76)
HDL-5333 WARNING: data object 'w_addr_cnt' is already declared in ../../source_code/rtl/sdr/rtl/app_wrrd.v(139)
HDL-1007 : previous declaration of 'w_addr_cnt' is from here in ../../source_code/rtl/sdr/rtl/app_wrrd.v(38)
HDL-5007 WARNING: second declaration of 'w_addr_cnt' is ignored in ../../source_code/rtl/sdr/rtl/app_wrrd.v(139)
HDL-1007 : analyze verilog file ../../source_code/rtl/sdr/rtl/sdram_top.v
HDL-1007 : analyze included file ../../source_code/rtl/sdr/rtl/../include/global_def.v in ../../source_code/rtl/sdr/rtl/sdram_top.v(10)
HDL-1007 : back to file '../../source_code/rtl/sdr/rtl/sdram_top.v' in ../../source_code/rtl/sdr/rtl/sdram_top.v(10)
HDL-1007 : undeclared symbol 'Rst_n', assumed default net type 'wire' in ../../source_code/rtl/sdr/rtl/sdram_top.v(70)
HDL-5372 WARNING: redeclaration of ANSI port 'wr_done' is not allowed in ../../source_code/rtl/sdr/rtl/sdram_top.v(73)
HDL-1007 : undeclared symbol 'SDR_CKE', assumed default net type 'wire' in ../../source_code/rtl/sdr/rtl/sdram_top.v(132)
HDL-1007 : analyze verilog file ../../source_code/rtl/sd/sd_ctrl_top.v
HDL-1007 : analyze verilog file ../../source_code/rtl/sd/sd_init.v
HDL-1007 : analyze verilog file ../../source_code/rtl/sd/sd_read.v
HDL-1007 : analyze verilog file ../../source_code/rtl/sd/sd_read_photo.v
HDL-1007 : analyze verilog file ../../source_code/rtl/sdr/rtl/enc_file/sdr_as_ram.enc.v
HDL-1007 : back to file '../../source_code/rtl/sdr/rtl/enc_file/sdr_as_ram.enc.v' in ../../source_code/rtl/sdr/rtl/enc_file/sdr_as_ram.enc.v(45)
HDL-1007 : analyze verilog file ../../source_code/rtl/sdr/rtl/enc_file/sdr_init_ref.enc.v
HDL-1007 : undeclared symbol '**', assumed default net type '**' in ../../source_code/rtl/sdr/rtl/enc_file/sdr_init_ref.enc.v(57)
HDL-1007 : back to file '../../source_code/rtl/sdr/rtl/enc_file/sdr_init_ref.enc.v' in ../../source_code/rtl/sdr/rtl/enc_file/sdr_init_ref.enc.v(148)
HDL-5007 WARNING: concatenation with an unsized literal will be treated as 32 bits in ../../source_code/rtl/sdr/rtl/enc_file/sdr_init_ref.enc.v(47)
HDL-1007 : analyze verilog file ../../source_code/rtl/sdr/rtl/enc_file/sdr_wrrd.enc.v
HDL-5007 WARNING: concatenation with an unsized literal will be treated as 32 bits in ../../source_code/rtl/sdr/rtl/enc_file/sdr_wrrd.enc.v(283)
HDL-1007 : back to file '../../source_code/rtl/sdr/rtl/enc_file/sdr_wrrd.enc.v' in ../../source_code/rtl/sdr/rtl/enc_file/sdr_wrrd.enc.v(19)
HDL-1007 : analyze verilog file ../../source_code/rtl/camera_data_gen.v
HDL-1007 : analyze verilog file ../../source_code/rtl/ov5640/ov5640_dri.v
HDL-1007 : analyze verilog file ../../source_code/rtl/ov5640/ov5640_delay.v
HDL-1007 : analyze verilog file ../../source_code/rtl/ov5640/i2c_ov5640_rgb565_cfg.v
HDL-1007 : analyze verilog file ../../source_code/rtl/ov5640/i2c_dri.v
HDL-1007 : analyze verilog file ../../source_code/rtl/ov5640/cmos_capture_data.v
HDL-1007 : analyze verilog file ../../source_code/rtl/sdram_write_static_sel.v
HDL-1007 : analyze verilog file ../../source_code/rtl/uart/cmd_ctrl.v
HDL-1007 : analyze verilog file ../../source_code/rtl/uart/uart_rx.v
HDL-1007 : analyze verilog file ../../source_code/rtl/uart/uart_test.v
HDL-1007 : analyze verilog file ../../source_code/rtl/uart/uart_tx.v
HDL-1007 : analyze verilog file ../../source_code/rtl/display/video_delay.v
HDL-1007 : analyze verilog file ../../source_code/rtl/display/video_timing_data.v
HDL-1007 : analyze verilog file ../../source_code/rtl/sdram_read_align.v
HDL-1007 : analyze VHDL file ../../source_code/rtl/hdmi/hdmi_tx.vhd
HDL-1007 : analyze entity hdmi_tx in ../../source_code/rtl/hdmi/hdmi_tx.vhd(11)
HDL-1007 : analyze architecture behavioral in ../../source_code/rtl/hdmi/hdmi_tx.vhd(33)
HDL-1007 : analyze verilog file ../../source_code/rtl/sd/sd_card_ctrl.v
HDL-1007 : analyze VHDL file ../../source_code/rtl/hdmi/enc_file/DVITransmitter.enc.vhd
HDL-1007 : analyze entity dvitransmitter in ../../source_code/rtl/hdmi/enc_file/DVITransmitter.enc.vhd(13)
HDL-1007 : analyze architecture ** in ../../source_code/rtl/hdmi/enc_file/DVITransmitter.enc.vhd(2)
HDL-1007 : analyze VHDL file ../../source_code/rtl/hdmi/enc_file/SerializerN_1_lvds.enc.vhd
HDL-1007 : analyze entity ** in ../../source_code/rtl/hdmi/enc_file/SerializerN_1_lvds.enc.vhd(12)
HDL-1007 : analyze architecture ** in ../../source_code/rtl/hdmi/enc_file/SerializerN_1_lvds.enc.vhd(25)
HDL-1007 : analyze VHDL file ../../source_code/rtl/hdmi/enc_file/SerializerN_1_lvds_dat.enc.vhd
HDL-1007 : analyze entity ** in ../../source_code/rtl/hdmi/enc_file/SerializerN_1_lvds_dat.enc.vhd(14)
HDL-1007 : analyze architecture ** in ../../source_code/rtl/hdmi/enc_file/SerializerN_1_lvds_dat.enc.vhd(28)
HDL-1007 : analyze VHDL file ../../source_code/rtl/hdmi/enc_file/TMDSEncoder.enc.vhd
HDL-1007 : analyze entity ** in ../../source_code/rtl/hdmi/enc_file/TMDSEncoder.enc.vhd(13)
HDL-1007 : analyze architecture ** in ../../source_code/rtl/hdmi/enc_file/TMDSEncoder.enc.vhd(24)
HDL-1007 : analyze verilog file ../../source_code/rtl/display/color_bar.v
HDL-1007 : analyze included file ../../source_code/rtl/display/video_define.v in ../../source_code/rtl/display/color_bar.v(1)
HDL-1007 : back to file '../../source_code/rtl/display/color_bar.v' in ../../source_code/rtl/display/color_bar.v(1)
PRJ-1412 : reset_run syn_1 phy_1.
PRJ-1409 : launch_runs syn_1 phy_1  -jobs 6.
RUN-1002 : start command "commit_param -step design"
RUN-1001 : Print Global Property
RUN-1001 : --------------------------------------------------------
RUN-1001 :   Parameters   |  Settings  |  Default Values  |  Note  
RUN-1001 : --------------------------------------------------------
RUN-1001 :   enable_seed  |    off     |       off        |        
RUN-1001 :     message    |  standard  |     standard     |        
RUN-1001 :   qor_monitor  |     on     |        on        |        
RUN-1001 :   syn_ip_flow  |    off     |       off        |        
RUN-1001 :     thread     |    auto    |       auto       |        
RUN-1001 : --------------------------------------------------------
RUN-1001 : Print Design Property
RUN-1001 : ----------------------------------------------------------------
RUN-1001 :       Parameters       |  Settings  |  Default Values  |  Note  
RUN-1001 : ----------------------------------------------------------------
RUN-1001 :   default_reg_initial  |    auto    |       auto       |        
RUN-1001 :    hdl_warning_level   |   normal   |      normal      |        
RUN-1001 : ----------------------------------------------------------------
HDL-1007 : analyze verilog file al_ip/TEMAC_CORE/RTL/mac_core_aead6cd6dadd.v
HDL-1007 : analyze verilog file al_ip/TEMAC_CORE/RTL/TEMAC_CORE_aead6cd6dadd.v
HDL-5007 WARNING: column 1032 exceeds maximum value 1023 in al_ip/TEMAC_CORE/RTL/TEMAC_CORE_aead6cd6dadd.v(30)
HDL-1007 : back to file 'al_ip/TEMAC_CORE/RTL/TEMAC_CORE_aead6cd6dadd.v' in al_ip/TEMAC_CORE/RTL/TEMAC_CORE_aead6cd6dadd.v(86)
HDL-5007 WARNING: event expressions must result in a singular type in al_ip/TEMAC_CORE/RTL/TEMAC_CORE_aead6cd6dadd.v(3001)
HDL-1007 : undeclared symbol '**', assumed default net type '**' in al_ip/TEMAC_CORE/RTL/TEMAC_CORE_aead6cd6dadd.v(5050)
HDL-1007 : undeclared symbol '**', assumed default net type '**' in al_ip/TEMAC_CORE/RTL/TEMAC_CORE_aead6cd6dadd.v(5458)
HDL-5007 WARNING: column 1035 exceeds maximum value 1023 in al_ip/TEMAC_CORE/RTL/TEMAC_CORE_aead6cd6dadd.v(6001)
HDL-1007 : back to file 'al_ip/TEMAC_CORE/RTL/TEMAC_CORE_aead6cd6dadd.v' in al_ip/TEMAC_CORE/RTL/TEMAC_CORE_aead6cd6dadd.v(260)
HDL-1007 : analyze verilog file al_ip/TEMAC_CORE/TEMAC_CORE.v
HDL-1007 : analyze verilog file al_ip/clk_pll.v
HDL-1007 : undeclared symbol 'clk_pll_open0', assumed default net type 'wire' in al_ip/clk_pll.v(92)
HDL-1007 : undeclared symbol 'clk_pll_open8', assumed default net type 'wire' in al_ip/clk_pll.v(98)
HDL-1007 : undeclared symbol 'clk_pll_open7', assumed default net type 'wire' in al_ip/clk_pll.v(98)
HDL-1007 : undeclared symbol 'clk_pll_open6', assumed default net type 'wire' in al_ip/clk_pll.v(98)
HDL-1007 : undeclared symbol 'clk_pll_open5', assumed default net type 'wire' in al_ip/clk_pll.v(98)
HDL-1007 : undeclared symbol 'clk_pll_open4', assumed default net type 'wire' in al_ip/clk_pll.v(98)
HDL-1007 : undeclared symbol 'clk_pll_open3', assumed default net type 'wire' in al_ip/clk_pll.v(98)
HDL-1007 : undeclared symbol 'clk_pll_open2', assumed default net type 'wire' in al_ip/clk_pll.v(98)
HDL-1007 : undeclared symbol 'clk_pll_open1', assumed default net type 'wire' in al_ip/clk_pll.v(98)
HDL-1007 : undeclared symbol 'clk_pll_open9', assumed default net type 'wire' in al_ip/clk_pll.v(100)
HDL-1007 : analyze verilog file al_ip/fifo_sdr_data_2.v
HDL-1007 : analyze verilog file al_ip/pll_50.v
HDL-1007 : undeclared symbol 'open', assumed default net type 'wire' in al_ip/pll_50.v(85)
HDL-1007 : analyze verilog file al_ip/pll_gen.v
HDL-1007 : undeclared symbol 'pll_gen_open0', assumed default net type 'wire' in al_ip/pll_gen.v(99)
HDL-1007 : undeclared symbol 'pll_gen_open8', assumed default net type 'wire' in al_ip/pll_gen.v(105)
HDL-1007 : undeclared symbol 'pll_gen_open7', assumed default net type 'wire' in al_ip/pll_gen.v(105)
HDL-1007 : undeclared symbol 'pll_gen_open6', assumed default net type 'wire' in al_ip/pll_gen.v(105)
HDL-1007 : undeclared symbol 'pll_gen_open5', assumed default net type 'wire' in al_ip/pll_gen.v(105)
HDL-1007 : undeclared symbol 'pll_gen_open4', assumed default net type 'wire' in al_ip/pll_gen.v(105)
HDL-1007 : undeclared symbol 'pll_gen_open3', assumed default net type 'wire' in al_ip/pll_gen.v(105)
HDL-1007 : undeclared symbol 'pll_gen_open2', assumed default net type 'wire' in al_ip/pll_gen.v(105)
HDL-1007 : undeclared symbol 'pll_gen_open1', assumed default net type 'wire' in al_ip/pll_gen.v(105)
HDL-1007 : analyze verilog file al_ip/rx_pll.v
HDL-1007 : undeclared symbol 'open', assumed default net type 'wire' in al_ip/rx_pll.v(78)
HDL-1007 : analyze verilog file al_ip/video_pll.v
HDL-1007 : undeclared symbol 'video_pll_open0', assumed default net type 'wire' in al_ip/video_pll.v(70)
HDL-1007 : undeclared symbol 'video_pll_open1', assumed default net type 'wire' in al_ip/video_pll.v(76)
HDL-1007 : undeclared symbol 'video_pll_open9', assumed default net type 'wire' in al_ip/video_pll.v(82)
HDL-1007 : undeclared symbol 'video_pll_open8', assumed default net type 'wire' in al_ip/video_pll.v(82)
HDL-1007 : undeclared symbol 'video_pll_open7', assumed default net type 'wire' in al_ip/video_pll.v(82)
HDL-1007 : undeclared symbol 'video_pll_open6', assumed default net type 'wire' in al_ip/video_pll.v(82)
HDL-1007 : undeclared symbol 'video_pll_open5', assumed default net type 'wire' in al_ip/video_pll.v(82)
HDL-1007 : undeclared symbol 'video_pll_open4', assumed default net type 'wire' in al_ip/video_pll.v(82)
HDL-1007 : undeclared symbol 'video_pll_open3', assumed default net type 'wire' in al_ip/video_pll.v(82)
HDL-1007 : undeclared symbol 'video_pll_open2', assumed default net type 'wire' in al_ip/video_pll.v(82)
HDL-1007 : undeclared symbol 'video_pll_open12', assumed default net type 'wire' in al_ip/video_pll.v(84)
HDL-1007 : undeclared symbol 'video_pll_open11', assumed default net type 'wire' in al_ip/video_pll.v(84)
HDL-1007 : undeclared symbol 'video_pll_open10', assumed default net type 'wire' in al_ip/video_pll.v(84)
HDL-1007 : analyze verilog file ../../source_code/rtl/BUFGMUX.v
HDL-1007 : analyze verilog file ../../source_code/rtl/clk_gen_rst_gen.v
HDL-1007 : analyze verilog file ../../source_code/rtl/div_clk_gen.v
HDL-1007 : analyze verilog file ../../source_code/rtl/IDDR.v
HDL-1007 : analyze verilog file ../../source_code/rtl/ODDR.v
HDL-1007 : analyze verilog file ../../source_code/rtl/RAMB16_S9_S9.v
HDL-1007 : undeclared symbol 'open', assumed default net type 'wire' in ../../source_code/rtl/RAMB16_S9_S9.v(109)
HDL-1007 : analyze verilog file ../../source_code/rtl/rgmii_interface.v
HDL-1007 : analyze verilog file ../../source_code/rtl/rx_client_fifo.v
HDL-5370 WARNING: parameter 'WAIT_s' becomes localparam in 'rx_client_fifo' with formal parameter declaration list in ../../source_code/rtl/rx_client_fifo.v(49)
HDL-5370 WARNING: parameter 'QUEUE1_s' becomes localparam in 'rx_client_fifo' with formal parameter declaration list in ../../source_code/rtl/rx_client_fifo.v(50)
HDL-5370 WARNING: parameter 'QUEUE2_s' becomes localparam in 'rx_client_fifo' with formal parameter declaration list in ../../source_code/rtl/rx_client_fifo.v(51)
HDL-5370 WARNING: parameter 'QUEUE3_s' becomes localparam in 'rx_client_fifo' with formal parameter declaration list in ../../source_code/rtl/rx_client_fifo.v(52)
HDL-5370 WARNING: parameter 'QUEUE_SOF_s' becomes localparam in 'rx_client_fifo' with formal parameter declaration list in ../../source_code/rtl/rx_client_fifo.v(53)
HDL-5370 WARNING: parameter 'SOF_s' becomes localparam in 'rx_client_fifo' with formal parameter declaration list in ../../source_code/rtl/rx_client_fifo.v(54)
HDL-5370 WARNING: parameter 'DATA_s' becomes localparam in 'rx_client_fifo' with formal parameter declaration list in ../../source_code/rtl/rx_client_fifo.v(55)
HDL-5370 WARNING: parameter 'EOF_s' becomes localparam in 'rx_client_fifo' with formal parameter declaration list in ../../source_code/rtl/rx_client_fifo.v(56)
HDL-5370 WARNING: parameter 'IDLE_s' becomes localparam in 'rx_client_fifo' with formal parameter declaration list in ../../source_code/rtl/rx_client_fifo.v(62)
HDL-5370 WARNING: parameter 'FRAME_s' becomes localparam in 'rx_client_fifo' with formal parameter declaration list in ../../source_code/rtl/rx_client_fifo.v(63)
HDL-5370 Similar messages will be suppressed.
HDL-1007 : analyze verilog file ../../source_code/rtl/temac_block.v
HDL-1007 : analyze verilog file ../../source_code/rtl/temac_clk_gen.v
HDL-1007 : analyze verilog file ../../source_code/rtl/tx_client_fifo.v
HDL-5370 WARNING: parameter 'IDLE_s' becomes localparam in 'tx_client_fifo' with formal parameter declaration list in ../../source_code/rtl/tx_client_fifo.v(53)
HDL-5370 WARNING: parameter 'QUEUE1_s' becomes localparam in 'tx_client_fifo' with formal parameter declaration list in ../../source_code/rtl/tx_client_fifo.v(54)
HDL-5370 WARNING: parameter 'QUEUE2_s' becomes localparam in 'tx_client_fifo' with formal parameter declaration list in ../../source_code/rtl/tx_client_fifo.v(55)
HDL-5370 WARNING: parameter 'QUEUE3_s' becomes localparam in 'tx_client_fifo' with formal parameter declaration list in ../../source_code/rtl/tx_client_fifo.v(56)
HDL-5370 WARNING: parameter 'QUEUE_ACK_s' becomes localparam in 'tx_client_fifo' with formal parameter declaration list in ../../source_code/rtl/tx_client_fifo.v(57)
HDL-5370 WARNING: parameter 'WAIT_ACK_s' becomes localparam in 'tx_client_fifo' with formal parameter declaration list in ../../source_code/rtl/tx_client_fifo.v(58)
HDL-5370 WARNING: parameter 'FRAME_s' becomes localparam in 'tx_client_fifo' with formal parameter declaration list in ../../source_code/rtl/tx_client_fifo.v(59)
HDL-5370 WARNING: parameter 'DROP_s' becomes localparam in 'tx_client_fifo' with formal parameter declaration list in ../../source_code/rtl/tx_client_fifo.v(60)
HDL-5370 WARNING: parameter 'RETRANSMIT_s' becomes localparam in 'tx_client_fifo' with formal parameter declaration list in ../../source_code/rtl/tx_client_fifo.v(61)
HDL-5370 WARNING: parameter 'WAIT_s' becomes localparam in 'tx_client_fifo' with formal parameter declaration list in ../../source_code/rtl/tx_client_fifo.v(67)
HDL-5370 Similar messages will be suppressed.
HDL-1007 : analyze verilog file ../../source_code/rtl/tx_clk_en_gen.v
HDL-1007 : analyze verilog file ../../source_code/rtl/udp_data_tpg.v
HDL-1007 : analyze verilog file ../../source_code/rtl/UDP_Example_Top.v
HDL-1007 : undeclared symbol 'video_clk', assumed default net type 'wire' in ../../source_code/rtl/UDP_Example_Top.v(226)
HDL-1007 : undeclared symbol 'hdmi_5x_clk', assumed default net type 'wire' in ../../source_code/rtl/UDP_Example_Top.v(227)
HDL-1007 : undeclared symbol 'phy_reset', assumed default net type 'wire' in ../../source_code/rtl/UDP_Example_Top.v(435)
HDL-5333 WARNING: data object 'rst_n' is already declared in ../../source_code/rtl/UDP_Example_Top.v(482)
HDL-1007 : previous declaration of 'rst_n' is from here in ../../source_code/rtl/UDP_Example_Top.v(246)
HDL-5007 WARNING: second declaration of 'rst_n' is ignored in ../../source_code/rtl/UDP_Example_Top.v(482)
HDL-1007 : undeclared symbol 'tpg_data_done', assumed default net type 'wire' in ../../source_code/rtl/UDP_Example_Top.v(590)
HDL-1007 : undeclared symbol 'Sdr_rd_en_aligned', assumed default net type 'wire' in ../../source_code/rtl/UDP_Example_Top.v(606)
HDL-1007 : undeclared symbol 'image_r', assumed default net type 'wire' in ../../source_code/rtl/UDP_Example_Top.v(607)
HDL-1007 : undeclared symbol 'image_g', assumed default net type 'wire' in ../../source_code/rtl/UDP_Example_Top.v(608)
HDL-1007 : undeclared symbol 'image_b', assumed default net type 'wire' in ../../source_code/rtl/UDP_Example_Top.v(609)
HDL-1007 : undeclared symbol 'vga_out_de', assumed default net type 'wire' in ../../source_code/rtl/UDP_Example_Top.v(633)
HDL-1007 : undeclared symbol 'hs', assumed default net type 'wire' in ../../source_code/rtl/UDP_Example_Top.v(749)
HDL-1007 : undeclared symbol 'vs', assumed default net type 'wire' in ../../source_code/rtl/UDP_Example_Top.v(750)
HDL-1007 : undeclared symbol 'de', assumed default net type 'wire' in ../../source_code/rtl/UDP_Example_Top.v(751)
HDL-1007 : analyze verilog file ../../source_code/rtl/udp_ip_protocol_stack_merge.enc.v
HDL-1007 : back to file '../../source_code/rtl/udp_ip_protocol_stack_merge.enc.v' in ../../source_code/rtl/udp_ip_protocol_stack_merge.enc.v(56)
HDL-1007 : undeclared symbol '**', assumed default net type '**' in ../../source_code/rtl/udp_ip_protocol_stack_merge.enc.v(2638)
HDL-1007 : back to file '../../source_code/rtl/udp_ip_protocol_stack_merge.enc.v' in ../../source_code/rtl/udp_ip_protocol_stack_merge.enc.v(420)
HDL-1007 : analyze verilog file ../../source_code/rtl/udp_loopback.v
HDL-1007 : analyze verilog file ../../source_code/rtl/sdr/rtl/app_wrrd.v
HDL-1007 : analyze included file ../../source_code/rtl/sdr/rtl/../include/global_def.v in ../../source_code/rtl/sdr/rtl/app_wrrd.v(10)
HDL-1007 : back to file '../../source_code/rtl/sdr/rtl/app_wrrd.v' in ../../source_code/rtl/sdr/rtl/app_wrrd.v(10)
HDL-5372 WARNING: redeclaration of ANSI port 'full_flag' is not allowed in ../../source_code/rtl/sdr/rtl/app_wrrd.v(61)
HDL-1007 : undeclared symbol 'afull', assumed default net type 'wire' in ../../source_code/rtl/sdr/rtl/app_wrrd.v(74)
HDL-1007 : undeclared symbol 'aempty', assumed default net type 'wire' in ../../source_code/rtl/sdr/rtl/app_wrrd.v(75)
HDL-1007 : undeclared symbol 'wrusedw', assumed default net type 'wire' in ../../source_code/rtl/sdr/rtl/app_wrrd.v(76)
HDL-5333 WARNING: data object 'w_addr_cnt' is already declared in ../../source_code/rtl/sdr/rtl/app_wrrd.v(139)
HDL-1007 : previous declaration of 'w_addr_cnt' is from here in ../../source_code/rtl/sdr/rtl/app_wrrd.v(38)
HDL-5007 WARNING: second declaration of 'w_addr_cnt' is ignored in ../../source_code/rtl/sdr/rtl/app_wrrd.v(139)
HDL-1007 : analyze verilog file ../../source_code/rtl/sdr/rtl/sdram_top.v
HDL-1007 : analyze included file ../../source_code/rtl/sdr/rtl/../include/global_def.v in ../../source_code/rtl/sdr/rtl/sdram_top.v(10)
HDL-1007 : back to file '../../source_code/rtl/sdr/rtl/sdram_top.v' in ../../source_code/rtl/sdr/rtl/sdram_top.v(10)
HDL-1007 : undeclared symbol 'Rst_n', assumed default net type 'wire' in ../../source_code/rtl/sdr/rtl/sdram_top.v(70)
HDL-5372 WARNING: redeclaration of ANSI port 'wr_done' is not allowed in ../../source_code/rtl/sdr/rtl/sdram_top.v(73)
HDL-1007 : undeclared symbol 'SDR_CKE', assumed default net type 'wire' in ../../source_code/rtl/sdr/rtl/sdram_top.v(132)
HDL-1007 : analyze verilog file ../../source_code/rtl/sd/sd_ctrl_top.v
HDL-1007 : analyze verilog file ../../source_code/rtl/sd/sd_init.v
HDL-1007 : analyze verilog file ../../source_code/rtl/sd/sd_read.v
HDL-1007 : analyze verilog file ../../source_code/rtl/sd/sd_read_photo.v
HDL-1007 : analyze verilog file ../../source_code/rtl/sdr/rtl/enc_file/sdr_as_ram.enc.v
HDL-1007 : back to file '../../source_code/rtl/sdr/rtl/enc_file/sdr_as_ram.enc.v' in ../../source_code/rtl/sdr/rtl/enc_file/sdr_as_ram.enc.v(45)
HDL-1007 : analyze verilog file ../../source_code/rtl/sdr/rtl/enc_file/sdr_init_ref.enc.v
HDL-1007 : undeclared symbol '**', assumed default net type '**' in ../../source_code/rtl/sdr/rtl/enc_file/sdr_init_ref.enc.v(57)
HDL-1007 : back to file '../../source_code/rtl/sdr/rtl/enc_file/sdr_init_ref.enc.v' in ../../source_code/rtl/sdr/rtl/enc_file/sdr_init_ref.enc.v(148)
HDL-5007 WARNING: concatenation with an unsized literal will be treated as 32 bits in ../../source_code/rtl/sdr/rtl/enc_file/sdr_init_ref.enc.v(47)
HDL-1007 : analyze verilog file ../../source_code/rtl/sdr/rtl/enc_file/sdr_wrrd.enc.v
HDL-5007 WARNING: concatenation with an unsized literal will be treated as 32 bits in ../../source_code/rtl/sdr/rtl/enc_file/sdr_wrrd.enc.v(283)
HDL-1007 : back to file '../../source_code/rtl/sdr/rtl/enc_file/sdr_wrrd.enc.v' in ../../source_code/rtl/sdr/rtl/enc_file/sdr_wrrd.enc.v(19)
HDL-1007 : analyze verilog file ../../source_code/rtl/camera_data_gen.v
HDL-1007 : analyze verilog file ../../source_code/rtl/ov5640/ov5640_dri.v
HDL-1007 : analyze verilog file ../../source_code/rtl/ov5640/ov5640_delay.v
HDL-1007 : analyze verilog file ../../source_code/rtl/ov5640/i2c_ov5640_rgb565_cfg.v
HDL-1007 : analyze verilog file ../../source_code/rtl/ov5640/i2c_dri.v
HDL-1007 : analyze verilog file ../../source_code/rtl/ov5640/cmos_capture_data.v
HDL-1007 : analyze verilog file ../../source_code/rtl/sdram_write_static_sel.v
HDL-1007 : analyze verilog file ../../source_code/rtl/uart/cmd_ctrl.v
HDL-1007 : analyze verilog file ../../source_code/rtl/uart/uart_rx.v
HDL-1007 : analyze verilog file ../../source_code/rtl/uart/uart_test.v
HDL-1007 : analyze verilog file ../../source_code/rtl/uart/uart_tx.v
HDL-1007 : analyze verilog file ../../source_code/rtl/display/video_delay.v
HDL-1007 : analyze verilog file ../../source_code/rtl/display/video_timing_data.v
HDL-1007 : analyze verilog file ../../source_code/rtl/sdram_read_align.v
HDL-1007 : analyze VHDL file ../../source_code/rtl/hdmi/hdmi_tx.vhd
HDL-1007 : analyze entity hdmi_tx in ../../source_code/rtl/hdmi/hdmi_tx.vhd(11)
HDL-1007 : analyze architecture behavioral in ../../source_code/rtl/hdmi/hdmi_tx.vhd(33)
HDL-1007 : analyze verilog file ../../source_code/rtl/sd/sd_card_ctrl.v
HDL-1007 : analyze VHDL file ../../source_code/rtl/hdmi/enc_file/DVITransmitter.enc.vhd
HDL-1007 : analyze entity dvitransmitter in ../../source_code/rtl/hdmi/enc_file/DVITransmitter.enc.vhd(13)
HDL-1007 : analyze architecture ** in ../../source_code/rtl/hdmi/enc_file/DVITransmitter.enc.vhd(2)
HDL-1007 : analyze VHDL file ../../source_code/rtl/hdmi/enc_file/SerializerN_1_lvds.enc.vhd
HDL-1007 : analyze entity ** in ../../source_code/rtl/hdmi/enc_file/SerializerN_1_lvds.enc.vhd(12)
HDL-1007 : analyze architecture ** in ../../source_code/rtl/hdmi/enc_file/SerializerN_1_lvds.enc.vhd(25)
HDL-1007 : analyze VHDL file ../../source_code/rtl/hdmi/enc_file/SerializerN_1_lvds_dat.enc.vhd
HDL-1007 : analyze entity ** in ../../source_code/rtl/hdmi/enc_file/SerializerN_1_lvds_dat.enc.vhd(14)
HDL-1007 : analyze architecture ** in ../../source_code/rtl/hdmi/enc_file/SerializerN_1_lvds_dat.enc.vhd(28)
HDL-1007 : analyze VHDL file ../../source_code/rtl/hdmi/enc_file/TMDSEncoder.enc.vhd
HDL-1007 : analyze entity ** in ../../source_code/rtl/hdmi/enc_file/TMDSEncoder.enc.vhd(13)
HDL-1007 : analyze architecture ** in ../../source_code/rtl/hdmi/enc_file/TMDSEncoder.enc.vhd(24)
HDL-1007 : analyze verilog file ../../source_code/rtl/display/color_bar.v
HDL-1007 : analyze included file ../../source_code/rtl/display/video_define.v in ../../source_code/rtl/display/color_bar.v(1)
HDL-1007 : back to file '../../source_code/rtl/display/color_bar.v' in ../../source_code/rtl/display/color_bar.v(1)
PRJ-1410 : Run syn_1 success.
PRJ-1410 : Run phy_1 success.
RUN-1002 : start command "save_best_bits"
PRJ-1424 : The implemented result of phy_1 is saved as best result.
RUN-1002 : start command "commit_param -step design"
RUN-1001 : Print Global Property
RUN-1001 : --------------------------------------------------------
RUN-1001 :   Parameters   |  Settings  |  Default Values  |  Note  
RUN-1001 : --------------------------------------------------------
RUN-1001 :   enable_seed  |    off     |       off        |        
RUN-1001 :     message    |  standard  |     standard     |        
RUN-1001 :   qor_monitor  |     on     |        on        |        
RUN-1001 :   syn_ip_flow  |    off     |       off        |        
RUN-1001 :     thread     |    auto    |       auto       |        
RUN-1001 : --------------------------------------------------------
RUN-1001 : Print Design Property
RUN-1001 : ----------------------------------------------------------------
RUN-1001 :       Parameters       |  Settings  |  Default Values  |  Note  
RUN-1001 : ----------------------------------------------------------------
RUN-1001 :   default_reg_initial  |    auto    |       auto       |        
RUN-1001 :    hdl_warning_level   |   normal   |      normal      |        
RUN-1001 : ----------------------------------------------------------------
HDL-1007 : analyze verilog file al_ip/TEMAC_CORE/RTL/mac_core_aead6cd6dadd.v
HDL-1007 : analyze verilog file al_ip/TEMAC_CORE/RTL/TEMAC_CORE_aead6cd6dadd.v
HDL-5007 WARNING: column 1032 exceeds maximum value 1023 in al_ip/TEMAC_CORE/RTL/TEMAC_CORE_aead6cd6dadd.v(30)
HDL-1007 : back to file 'al_ip/TEMAC_CORE/RTL/TEMAC_CORE_aead6cd6dadd.v' in al_ip/TEMAC_CORE/RTL/TEMAC_CORE_aead6cd6dadd.v(86)
HDL-5007 WARNING: event expressions must result in a singular type in al_ip/TEMAC_CORE/RTL/TEMAC_CORE_aead6cd6dadd.v(3001)
HDL-1007 : undeclared symbol '**', assumed default net type '**' in al_ip/TEMAC_CORE/RTL/TEMAC_CORE_aead6cd6dadd.v(5050)
HDL-1007 : undeclared symbol '**', assumed default net type '**' in al_ip/TEMAC_CORE/RTL/TEMAC_CORE_aead6cd6dadd.v(5458)
HDL-5007 WARNING: column 1035 exceeds maximum value 1023 in al_ip/TEMAC_CORE/RTL/TEMAC_CORE_aead6cd6dadd.v(6001)
HDL-1007 : back to file 'al_ip/TEMAC_CORE/RTL/TEMAC_CORE_aead6cd6dadd.v' in al_ip/TEMAC_CORE/RTL/TEMAC_CORE_aead6cd6dadd.v(260)
HDL-1007 : analyze verilog file al_ip/TEMAC_CORE/TEMAC_CORE.v
HDL-1007 : analyze verilog file al_ip/clk_pll.v
HDL-1007 : undeclared symbol 'clk_pll_open0', assumed default net type 'wire' in al_ip/clk_pll.v(92)
HDL-1007 : undeclared symbol 'clk_pll_open8', assumed default net type 'wire' in al_ip/clk_pll.v(98)
HDL-1007 : undeclared symbol 'clk_pll_open7', assumed default net type 'wire' in al_ip/clk_pll.v(98)
HDL-1007 : undeclared symbol 'clk_pll_open6', assumed default net type 'wire' in al_ip/clk_pll.v(98)
HDL-1007 : undeclared symbol 'clk_pll_open5', assumed default net type 'wire' in al_ip/clk_pll.v(98)
HDL-1007 : undeclared symbol 'clk_pll_open4', assumed default net type 'wire' in al_ip/clk_pll.v(98)
HDL-1007 : undeclared symbol 'clk_pll_open3', assumed default net type 'wire' in al_ip/clk_pll.v(98)
HDL-1007 : undeclared symbol 'clk_pll_open2', assumed default net type 'wire' in al_ip/clk_pll.v(98)
HDL-1007 : undeclared symbol 'clk_pll_open1', assumed default net type 'wire' in al_ip/clk_pll.v(98)
HDL-1007 : undeclared symbol 'clk_pll_open9', assumed default net type 'wire' in al_ip/clk_pll.v(100)
HDL-1007 : analyze verilog file al_ip/fifo_sdr_data_2.v
HDL-1007 : analyze verilog file al_ip/pll_50.v
HDL-1007 : undeclared symbol 'open', assumed default net type 'wire' in al_ip/pll_50.v(85)
HDL-1007 : analyze verilog file al_ip/pll_gen.v
HDL-1007 : undeclared symbol 'pll_gen_open0', assumed default net type 'wire' in al_ip/pll_gen.v(99)
HDL-1007 : undeclared symbol 'pll_gen_open8', assumed default net type 'wire' in al_ip/pll_gen.v(105)
HDL-1007 : undeclared symbol 'pll_gen_open7', assumed default net type 'wire' in al_ip/pll_gen.v(105)
HDL-1007 : undeclared symbol 'pll_gen_open6', assumed default net type 'wire' in al_ip/pll_gen.v(105)
HDL-1007 : undeclared symbol 'pll_gen_open5', assumed default net type 'wire' in al_ip/pll_gen.v(105)
HDL-1007 : undeclared symbol 'pll_gen_open4', assumed default net type 'wire' in al_ip/pll_gen.v(105)
HDL-1007 : undeclared symbol 'pll_gen_open3', assumed default net type 'wire' in al_ip/pll_gen.v(105)
HDL-1007 : undeclared symbol 'pll_gen_open2', assumed default net type 'wire' in al_ip/pll_gen.v(105)
HDL-1007 : undeclared symbol 'pll_gen_open1', assumed default net type 'wire' in al_ip/pll_gen.v(105)
HDL-1007 : analyze verilog file al_ip/rx_pll.v
HDL-1007 : undeclared symbol 'open', assumed default net type 'wire' in al_ip/rx_pll.v(78)
HDL-1007 : analyze verilog file al_ip/video_pll.v
HDL-1007 : undeclared symbol 'video_pll_open0', assumed default net type 'wire' in al_ip/video_pll.v(70)
HDL-1007 : undeclared symbol 'video_pll_open1', assumed default net type 'wire' in al_ip/video_pll.v(76)
HDL-1007 : undeclared symbol 'video_pll_open9', assumed default net type 'wire' in al_ip/video_pll.v(82)
HDL-1007 : undeclared symbol 'video_pll_open8', assumed default net type 'wire' in al_ip/video_pll.v(82)
HDL-1007 : undeclared symbol 'video_pll_open7', assumed default net type 'wire' in al_ip/video_pll.v(82)
HDL-1007 : undeclared symbol 'video_pll_open6', assumed default net type 'wire' in al_ip/video_pll.v(82)
HDL-1007 : undeclared symbol 'video_pll_open5', assumed default net type 'wire' in al_ip/video_pll.v(82)
HDL-1007 : undeclared symbol 'video_pll_open4', assumed default net type 'wire' in al_ip/video_pll.v(82)
HDL-1007 : undeclared symbol 'video_pll_open3', assumed default net type 'wire' in al_ip/video_pll.v(82)
HDL-1007 : undeclared symbol 'video_pll_open2', assumed default net type 'wire' in al_ip/video_pll.v(82)
HDL-1007 : undeclared symbol 'video_pll_open12', assumed default net type 'wire' in al_ip/video_pll.v(84)
HDL-1007 : undeclared symbol 'video_pll_open11', assumed default net type 'wire' in al_ip/video_pll.v(84)
HDL-1007 : undeclared symbol 'video_pll_open10', assumed default net type 'wire' in al_ip/video_pll.v(84)
HDL-1007 : analyze verilog file ../../source_code/rtl/BUFGMUX.v
HDL-1007 : analyze verilog file ../../source_code/rtl/clk_gen_rst_gen.v
HDL-1007 : analyze verilog file ../../source_code/rtl/div_clk_gen.v
HDL-1007 : analyze verilog file ../../source_code/rtl/IDDR.v
HDL-1007 : analyze verilog file ../../source_code/rtl/ODDR.v
HDL-1007 : analyze verilog file ../../source_code/rtl/RAMB16_S9_S9.v
HDL-1007 : undeclared symbol 'open', assumed default net type 'wire' in ../../source_code/rtl/RAMB16_S9_S9.v(109)
HDL-1007 : analyze verilog file ../../source_code/rtl/rgmii_interface.v
HDL-1007 : analyze verilog file ../../source_code/rtl/rx_client_fifo.v
HDL-5370 WARNING: parameter 'WAIT_s' becomes localparam in 'rx_client_fifo' with formal parameter declaration list in ../../source_code/rtl/rx_client_fifo.v(49)
HDL-5370 WARNING: parameter 'QUEUE1_s' becomes localparam in 'rx_client_fifo' with formal parameter declaration list in ../../source_code/rtl/rx_client_fifo.v(50)
HDL-5370 WARNING: parameter 'QUEUE2_s' becomes localparam in 'rx_client_fifo' with formal parameter declaration list in ../../source_code/rtl/rx_client_fifo.v(51)
HDL-5370 WARNING: parameter 'QUEUE3_s' becomes localparam in 'rx_client_fifo' with formal parameter declaration list in ../../source_code/rtl/rx_client_fifo.v(52)
HDL-5370 WARNING: parameter 'QUEUE_SOF_s' becomes localparam in 'rx_client_fifo' with formal parameter declaration list in ../../source_code/rtl/rx_client_fifo.v(53)
HDL-5370 WARNING: parameter 'SOF_s' becomes localparam in 'rx_client_fifo' with formal parameter declaration list in ../../source_code/rtl/rx_client_fifo.v(54)
HDL-5370 WARNING: parameter 'DATA_s' becomes localparam in 'rx_client_fifo' with formal parameter declaration list in ../../source_code/rtl/rx_client_fifo.v(55)
HDL-5370 WARNING: parameter 'EOF_s' becomes localparam in 'rx_client_fifo' with formal parameter declaration list in ../../source_code/rtl/rx_client_fifo.v(56)
HDL-5370 WARNING: parameter 'IDLE_s' becomes localparam in 'rx_client_fifo' with formal parameter declaration list in ../../source_code/rtl/rx_client_fifo.v(62)
HDL-5370 WARNING: parameter 'FRAME_s' becomes localparam in 'rx_client_fifo' with formal parameter declaration list in ../../source_code/rtl/rx_client_fifo.v(63)
HDL-5370 Similar messages will be suppressed.
HDL-1007 : analyze verilog file ../../source_code/rtl/temac_block.v
HDL-1007 : analyze verilog file ../../source_code/rtl/temac_clk_gen.v
HDL-1007 : analyze verilog file ../../source_code/rtl/tx_client_fifo.v
HDL-5370 WARNING: parameter 'IDLE_s' becomes localparam in 'tx_client_fifo' with formal parameter declaration list in ../../source_code/rtl/tx_client_fifo.v(53)
HDL-5370 WARNING: parameter 'QUEUE1_s' becomes localparam in 'tx_client_fifo' with formal parameter declaration list in ../../source_code/rtl/tx_client_fifo.v(54)
HDL-5370 WARNING: parameter 'QUEUE2_s' becomes localparam in 'tx_client_fifo' with formal parameter declaration list in ../../source_code/rtl/tx_client_fifo.v(55)
HDL-5370 WARNING: parameter 'QUEUE3_s' becomes localparam in 'tx_client_fifo' with formal parameter declaration list in ../../source_code/rtl/tx_client_fifo.v(56)
HDL-5370 WARNING: parameter 'QUEUE_ACK_s' becomes localparam in 'tx_client_fifo' with formal parameter declaration list in ../../source_code/rtl/tx_client_fifo.v(57)
HDL-5370 WARNING: parameter 'WAIT_ACK_s' becomes localparam in 'tx_client_fifo' with formal parameter declaration list in ../../source_code/rtl/tx_client_fifo.v(58)
HDL-5370 WARNING: parameter 'FRAME_s' becomes localparam in 'tx_client_fifo' with formal parameter declaration list in ../../source_code/rtl/tx_client_fifo.v(59)
HDL-5370 WARNING: parameter 'DROP_s' becomes localparam in 'tx_client_fifo' with formal parameter declaration list in ../../source_code/rtl/tx_client_fifo.v(60)
HDL-5370 WARNING: parameter 'RETRANSMIT_s' becomes localparam in 'tx_client_fifo' with formal parameter declaration list in ../../source_code/rtl/tx_client_fifo.v(61)
HDL-5370 WARNING: parameter 'WAIT_s' becomes localparam in 'tx_client_fifo' with formal parameter declaration list in ../../source_code/rtl/tx_client_fifo.v(67)
HDL-5370 Similar messages will be suppressed.
HDL-1007 : analyze verilog file ../../source_code/rtl/tx_clk_en_gen.v
HDL-1007 : analyze verilog file ../../source_code/rtl/udp_data_tpg.v
HDL-1007 : analyze verilog file ../../source_code/rtl/UDP_Example_Top.v
HDL-1007 : undeclared symbol 'video_clk', assumed default net type 'wire' in ../../source_code/rtl/UDP_Example_Top.v(226)
HDL-1007 : undeclared symbol 'hdmi_5x_clk', assumed default net type 'wire' in ../../source_code/rtl/UDP_Example_Top.v(227)
HDL-1007 : undeclared symbol 'phy_reset', assumed default net type 'wire' in ../../source_code/rtl/UDP_Example_Top.v(435)
HDL-5333 WARNING: data object 'rst_n' is already declared in ../../source_code/rtl/UDP_Example_Top.v(482)
HDL-1007 : previous declaration of 'rst_n' is from here in ../../source_code/rtl/UDP_Example_Top.v(246)
HDL-5007 WARNING: second declaration of 'rst_n' is ignored in ../../source_code/rtl/UDP_Example_Top.v(482)
HDL-1007 : undeclared symbol 'tpg_data_done', assumed default net type 'wire' in ../../source_code/rtl/UDP_Example_Top.v(590)
HDL-1007 : undeclared symbol 'Sdr_rd_en_aligned', assumed default net type 'wire' in ../../source_code/rtl/UDP_Example_Top.v(606)
HDL-1007 : undeclared symbol 'image_r', assumed default net type 'wire' in ../../source_code/rtl/UDP_Example_Top.v(607)
HDL-1007 : undeclared symbol 'image_g', assumed default net type 'wire' in ../../source_code/rtl/UDP_Example_Top.v(608)
HDL-1007 : undeclared symbol 'image_b', assumed default net type 'wire' in ../../source_code/rtl/UDP_Example_Top.v(609)
HDL-1007 : undeclared symbol 'vga_out_de', assumed default net type 'wire' in ../../source_code/rtl/UDP_Example_Top.v(633)
HDL-1007 : undeclared symbol 'hs', assumed default net type 'wire' in ../../source_code/rtl/UDP_Example_Top.v(749)
HDL-1007 : undeclared symbol 'vs', assumed default net type 'wire' in ../../source_code/rtl/UDP_Example_Top.v(750)
HDL-1007 : undeclared symbol 'de', assumed default net type 'wire' in ../../source_code/rtl/UDP_Example_Top.v(751)
HDL-1007 : analyze verilog file ../../source_code/rtl/udp_ip_protocol_stack_merge.enc.v
HDL-1007 : back to file '../../source_code/rtl/udp_ip_protocol_stack_merge.enc.v' in ../../source_code/rtl/udp_ip_protocol_stack_merge.enc.v(56)
HDL-1007 : undeclared symbol '**', assumed default net type '**' in ../../source_code/rtl/udp_ip_protocol_stack_merge.enc.v(2638)
HDL-1007 : back to file '../../source_code/rtl/udp_ip_protocol_stack_merge.enc.v' in ../../source_code/rtl/udp_ip_protocol_stack_merge.enc.v(420)
HDL-1007 : analyze verilog file ../../source_code/rtl/udp_loopback.v
HDL-1007 : analyze verilog file ../../source_code/rtl/sdr/rtl/app_wrrd.v
HDL-1007 : analyze included file ../../source_code/rtl/sdr/rtl/../include/global_def.v in ../../source_code/rtl/sdr/rtl/app_wrrd.v(10)
HDL-1007 : back to file '../../source_code/rtl/sdr/rtl/app_wrrd.v' in ../../source_code/rtl/sdr/rtl/app_wrrd.v(10)
HDL-5372 WARNING: redeclaration of ANSI port 'full_flag' is not allowed in ../../source_code/rtl/sdr/rtl/app_wrrd.v(61)
HDL-1007 : undeclared symbol 'afull', assumed default net type 'wire' in ../../source_code/rtl/sdr/rtl/app_wrrd.v(74)
HDL-1007 : undeclared symbol 'aempty', assumed default net type 'wire' in ../../source_code/rtl/sdr/rtl/app_wrrd.v(75)
HDL-1007 : undeclared symbol 'wrusedw', assumed default net type 'wire' in ../../source_code/rtl/sdr/rtl/app_wrrd.v(76)
HDL-5333 WARNING: data object 'w_addr_cnt' is already declared in ../../source_code/rtl/sdr/rtl/app_wrrd.v(139)
HDL-1007 : previous declaration of 'w_addr_cnt' is from here in ../../source_code/rtl/sdr/rtl/app_wrrd.v(38)
HDL-5007 WARNING: second declaration of 'w_addr_cnt' is ignored in ../../source_code/rtl/sdr/rtl/app_wrrd.v(139)
HDL-1007 : analyze verilog file ../../source_code/rtl/sdr/rtl/sdram_top.v
HDL-1007 : analyze included file ../../source_code/rtl/sdr/rtl/../include/global_def.v in ../../source_code/rtl/sdr/rtl/sdram_top.v(10)
HDL-1007 : back to file '../../source_code/rtl/sdr/rtl/sdram_top.v' in ../../source_code/rtl/sdr/rtl/sdram_top.v(10)
HDL-1007 : undeclared symbol 'Rst_n', assumed default net type 'wire' in ../../source_code/rtl/sdr/rtl/sdram_top.v(70)
HDL-5372 WARNING: redeclaration of ANSI port 'wr_done' is not allowed in ../../source_code/rtl/sdr/rtl/sdram_top.v(73)
HDL-1007 : undeclared symbol 'SDR_CKE', assumed default net type 'wire' in ../../source_code/rtl/sdr/rtl/sdram_top.v(132)
HDL-1007 : analyze verilog file ../../source_code/rtl/sd/sd_ctrl_top.v
HDL-1007 : analyze verilog file ../../source_code/rtl/sd/sd_init.v
HDL-1007 : analyze verilog file ../../source_code/rtl/sd/sd_read.v
HDL-1007 : analyze verilog file ../../source_code/rtl/sd/sd_read_photo.v
HDL-1007 : analyze verilog file ../../source_code/rtl/sdr/rtl/enc_file/sdr_as_ram.enc.v
HDL-1007 : back to file '../../source_code/rtl/sdr/rtl/enc_file/sdr_as_ram.enc.v' in ../../source_code/rtl/sdr/rtl/enc_file/sdr_as_ram.enc.v(45)
HDL-1007 : analyze verilog file ../../source_code/rtl/sdr/rtl/enc_file/sdr_init_ref.enc.v
HDL-1007 : undeclared symbol '**', assumed default net type '**' in ../../source_code/rtl/sdr/rtl/enc_file/sdr_init_ref.enc.v(57)
HDL-1007 : back to file '../../source_code/rtl/sdr/rtl/enc_file/sdr_init_ref.enc.v' in ../../source_code/rtl/sdr/rtl/enc_file/sdr_init_ref.enc.v(148)
HDL-5007 WARNING: concatenation with an unsized literal will be treated as 32 bits in ../../source_code/rtl/sdr/rtl/enc_file/sdr_init_ref.enc.v(47)
HDL-1007 : analyze verilog file ../../source_code/rtl/sdr/rtl/enc_file/sdr_wrrd.enc.v
HDL-5007 WARNING: concatenation with an unsized literal will be treated as 32 bits in ../../source_code/rtl/sdr/rtl/enc_file/sdr_wrrd.enc.v(283)
HDL-1007 : back to file '../../source_code/rtl/sdr/rtl/enc_file/sdr_wrrd.enc.v' in ../../source_code/rtl/sdr/rtl/enc_file/sdr_wrrd.enc.v(19)
HDL-1007 : analyze verilog file ../../source_code/rtl/camera_data_gen.v
HDL-1007 : analyze verilog file ../../source_code/rtl/ov5640/ov5640_dri.v
HDL-1007 : analyze verilog file ../../source_code/rtl/ov5640/ov5640_delay.v
HDL-1007 : analyze verilog file ../../source_code/rtl/ov5640/i2c_ov5640_rgb565_cfg.v
HDL-1007 : analyze verilog file ../../source_code/rtl/ov5640/i2c_dri.v
HDL-1007 : analyze verilog file ../../source_code/rtl/ov5640/cmos_capture_data.v
HDL-1007 : analyze verilog file ../../source_code/rtl/sdram_write_static_sel.v
HDL-1007 : analyze verilog file ../../source_code/rtl/uart/cmd_ctrl.v
HDL-1007 : analyze verilog file ../../source_code/rtl/uart/uart_rx.v
HDL-1007 : analyze verilog file ../../source_code/rtl/uart/uart_test.v
HDL-1007 : analyze verilog file ../../source_code/rtl/uart/uart_tx.v
HDL-1007 : analyze verilog file ../../source_code/rtl/display/video_delay.v
HDL-1007 : analyze verilog file ../../source_code/rtl/display/video_timing_data.v
HDL-1007 : analyze verilog file ../../source_code/rtl/sdram_read_align.v
HDL-1007 : analyze VHDL file ../../source_code/rtl/hdmi/hdmi_tx.vhd
HDL-1007 : analyze entity hdmi_tx in ../../source_code/rtl/hdmi/hdmi_tx.vhd(11)
HDL-1007 : analyze architecture behavioral in ../../source_code/rtl/hdmi/hdmi_tx.vhd(33)
HDL-1007 : analyze verilog file ../../source_code/rtl/sd/sd_card_ctrl.v
HDL-1007 : analyze VHDL file ../../source_code/rtl/hdmi/enc_file/DVITransmitter.enc.vhd
HDL-1007 : analyze entity dvitransmitter in ../../source_code/rtl/hdmi/enc_file/DVITransmitter.enc.vhd(13)
HDL-1007 : analyze architecture ** in ../../source_code/rtl/hdmi/enc_file/DVITransmitter.enc.vhd(2)
HDL-1007 : analyze VHDL file ../../source_code/rtl/hdmi/enc_file/SerializerN_1_lvds.enc.vhd
HDL-1007 : analyze entity ** in ../../source_code/rtl/hdmi/enc_file/SerializerN_1_lvds.enc.vhd(12)
HDL-1007 : analyze architecture ** in ../../source_code/rtl/hdmi/enc_file/SerializerN_1_lvds.enc.vhd(25)
HDL-1007 : analyze VHDL file ../../source_code/rtl/hdmi/enc_file/SerializerN_1_lvds_dat.enc.vhd
HDL-1007 : analyze entity ** in ../../source_code/rtl/hdmi/enc_file/SerializerN_1_lvds_dat.enc.vhd(14)
HDL-1007 : analyze architecture ** in ../../source_code/rtl/hdmi/enc_file/SerializerN_1_lvds_dat.enc.vhd(28)
HDL-1007 : analyze VHDL file ../../source_code/rtl/hdmi/enc_file/TMDSEncoder.enc.vhd
HDL-1007 : analyze entity ** in ../../source_code/rtl/hdmi/enc_file/TMDSEncoder.enc.vhd(13)
HDL-1007 : analyze architecture ** in ../../source_code/rtl/hdmi/enc_file/TMDSEncoder.enc.vhd(24)
HDL-1007 : analyze verilog file ../../source_code/rtl/display/color_bar.v
HDL-1007 : analyze included file ../../source_code/rtl/display/video_define.v in ../../source_code/rtl/display/color_bar.v(1)
HDL-1007 : back to file '../../source_code/rtl/display/color_bar.v' in ../../source_code/rtl/display/color_bar.v(1)
RUN-1002 : start command "import_db D:/Anlu/double_fpga_udp/tx/sdram_switch/UDP_EG4_6.2/prj/UDP_EXAMPLE/UDP_EXAMPLE_Runs/phy_1/UDP_EXAMPLE_pr.db"
RUN-1001 : Importing database generated by Tang Dynasty, V6.2.168116.
RUN-1001 : Database version number 46207
RUN-1001 : Import flow parameters
RUN-1001 : Import netlist
PHY-1001 : Generate detailed routing grids ...
PHY-1001 : End build routing graph; 1.240760s wall, 1.093750s user + 0.234375s system = 1.328125s CPU (107.0%)

PHY-1001 : Processed IO instance sd_miso_syn_4 with INV attribute.
PHY-1001 : Build lut bridge;  0.240910s wall, 0.250000s user + 0.031250s system = 0.281250s CPU (116.7%)

PHY-1001 : Generate nets ...
PHY-1001 : net cam_pclk_dup_1 will be routed on clock mesh
PHY-1001 : net clk_50_dup_1 will be routed on clock mesh
PHY-1001 : net clk_50m_180deg will be routed on clock mesh
PHY-1001 : clock net temac_clk will be merged with clock u_clk_gen/u_pll_0/clk0_buf
PHY-1001 : net temac_clk90 will be routed on clock mesh
PHY-1001 : net udp_clk will be routed on clock mesh
PHY-1001 : clock net t3_sdram/u0_clk/clk0_out will be merged with clock t3_sdram/u0_clk/clk0_buf
PHY-1001 : net t3_sdram/u1_app_wrrd/clk will be routed on clock mesh
PHY-1001 : net t3_sdram/u1_app_wrrd/sd_clk will be routed on clock mesh
PHY-1001 : net t3_sdram/u2_ram/SDRAM_CLK will be routed on clock mesh
PHY-1001 : clock net u_sd_ctrl_top/u_sd_init/div_clk_syn_4 will be merged with clock u_sd_ctrl_top/u_sd_init/div_clk
PHY-1001 : clock net u_ov5640_dri/u_i2c_dr/dri_clk_syn_4 will be merged with clock u_ov5640_dri/u_i2c_dr/dri_clk
PHY-1001 : clock net u3_hdmi_tx/Inst_DVITransmitter/PCLK_I will be merged with clock video_pll_m0/clk0_buf
PHY-1001 : net u3_hdmi_tx/Inst_DVITransmitter/PCLK_X5_I will be routed on clock mesh
PHY-1001 : clock net u_sdram_write_sel/clk_cfg will be merged with clock u_pll_50/clk0_buf
PHY-1001 : eco open net = 0
PHY-1001 : 146 feed throughs used by 120 nets
RUN-1001 : Import phy database
RUN-1001 : Import timing constraints
RUN-1001 : Import IO constraints
RUN-1001 : Import Inst constraints
RUN-1001 : Import ChipWatcher
RUN-1001 : Import design success TD_VERSION=6.2.168116 , DB_VERSION=46207
RUN-1003 : finish command "import_db D:/Anlu/double_fpga_udp/tx/sdram_switch/UDP_EG4_6.2/prj/UDP_EXAMPLE/UDP_EXAMPLE_Runs/phy_1/UDP_EXAMPLE_pr.db" in  5.733119s wall, 4.984375s user + 1.296875s system = 6.281250s CPU (109.6%)

RUN-1004 : used memory is 673 MB, reserved memory is 855 MB, peak memory is 767 MB
RUN-1002 : start command "commit_param -step design"
RUN-1001 : Print Global Property
RUN-1001 : --------------------------------------------------------
RUN-1001 :   Parameters   |  Settings  |  Default Values  |  Note  
RUN-1001 : --------------------------------------------------------
RUN-1001 :   enable_seed  |    off     |       off        |        
RUN-1001 :     message    |  standard  |     standard     |        
RUN-1001 :   qor_monitor  |     on     |        on        |        
RUN-1001 :   syn_ip_flow  |    off     |       off        |        
RUN-1001 :     thread     |    auto    |       auto       |        
RUN-1001 : --------------------------------------------------------
RUN-1001 : Print Design Property
RUN-1001 : ----------------------------------------------------------------
RUN-1001 :       Parameters       |  Settings  |  Default Values  |  Note  
RUN-1001 : ----------------------------------------------------------------
RUN-1001 :   default_reg_initial  |    auto    |       auto       |        
RUN-1001 :    hdl_warning_level   |   normal   |      normal      |        
RUN-1001 : ----------------------------------------------------------------
HDL-1007 : analyze verilog file al_ip/TEMAC_CORE/RTL/mac_core_aead6cd6dadd.v
HDL-1007 : analyze verilog file al_ip/TEMAC_CORE/RTL/TEMAC_CORE_aead6cd6dadd.v
HDL-5007 WARNING: column 1032 exceeds maximum value 1023 in al_ip/TEMAC_CORE/RTL/TEMAC_CORE_aead6cd6dadd.v(30)
HDL-1007 : back to file 'al_ip/TEMAC_CORE/RTL/TEMAC_CORE_aead6cd6dadd.v' in al_ip/TEMAC_CORE/RTL/TEMAC_CORE_aead6cd6dadd.v(86)
HDL-5007 WARNING: event expressions must result in a singular type in al_ip/TEMAC_CORE/RTL/TEMAC_CORE_aead6cd6dadd.v(3001)
HDL-1007 : undeclared symbol '**', assumed default net type '**' in al_ip/TEMAC_CORE/RTL/TEMAC_CORE_aead6cd6dadd.v(5050)
HDL-1007 : undeclared symbol '**', assumed default net type '**' in al_ip/TEMAC_CORE/RTL/TEMAC_CORE_aead6cd6dadd.v(5458)
HDL-5007 WARNING: column 1035 exceeds maximum value 1023 in al_ip/TEMAC_CORE/RTL/TEMAC_CORE_aead6cd6dadd.v(6001)
HDL-1007 : back to file 'al_ip/TEMAC_CORE/RTL/TEMAC_CORE_aead6cd6dadd.v' in al_ip/TEMAC_CORE/RTL/TEMAC_CORE_aead6cd6dadd.v(260)
HDL-1007 : analyze verilog file al_ip/TEMAC_CORE/TEMAC_CORE.v
HDL-1007 : analyze verilog file al_ip/clk_pll.v
HDL-1007 : undeclared symbol 'clk_pll_open0', assumed default net type 'wire' in al_ip/clk_pll.v(92)
HDL-1007 : undeclared symbol 'clk_pll_open8', assumed default net type 'wire' in al_ip/clk_pll.v(98)
HDL-1007 : undeclared symbol 'clk_pll_open7', assumed default net type 'wire' in al_ip/clk_pll.v(98)
HDL-1007 : undeclared symbol 'clk_pll_open6', assumed default net type 'wire' in al_ip/clk_pll.v(98)
HDL-1007 : undeclared symbol 'clk_pll_open5', assumed default net type 'wire' in al_ip/clk_pll.v(98)
HDL-1007 : undeclared symbol 'clk_pll_open4', assumed default net type 'wire' in al_ip/clk_pll.v(98)
HDL-1007 : undeclared symbol 'clk_pll_open3', assumed default net type 'wire' in al_ip/clk_pll.v(98)
HDL-1007 : undeclared symbol 'clk_pll_open2', assumed default net type 'wire' in al_ip/clk_pll.v(98)
HDL-1007 : undeclared symbol 'clk_pll_open1', assumed default net type 'wire' in al_ip/clk_pll.v(98)
HDL-1007 : undeclared symbol 'clk_pll_open9', assumed default net type 'wire' in al_ip/clk_pll.v(100)
HDL-1007 : analyze verilog file al_ip/fifo_sdr_data_2.v
HDL-1007 : analyze verilog file al_ip/pll_50.v
HDL-1007 : undeclared symbol 'open', assumed default net type 'wire' in al_ip/pll_50.v(85)
HDL-1007 : analyze verilog file al_ip/pll_gen.v
HDL-1007 : undeclared symbol 'pll_gen_open0', assumed default net type 'wire' in al_ip/pll_gen.v(99)
HDL-1007 : undeclared symbol 'pll_gen_open8', assumed default net type 'wire' in al_ip/pll_gen.v(105)
HDL-1007 : undeclared symbol 'pll_gen_open7', assumed default net type 'wire' in al_ip/pll_gen.v(105)
HDL-1007 : undeclared symbol 'pll_gen_open6', assumed default net type 'wire' in al_ip/pll_gen.v(105)
HDL-1007 : undeclared symbol 'pll_gen_open5', assumed default net type 'wire' in al_ip/pll_gen.v(105)
HDL-1007 : undeclared symbol 'pll_gen_open4', assumed default net type 'wire' in al_ip/pll_gen.v(105)
HDL-1007 : undeclared symbol 'pll_gen_open3', assumed default net type 'wire' in al_ip/pll_gen.v(105)
HDL-1007 : undeclared symbol 'pll_gen_open2', assumed default net type 'wire' in al_ip/pll_gen.v(105)
HDL-1007 : undeclared symbol 'pll_gen_open1', assumed default net type 'wire' in al_ip/pll_gen.v(105)
HDL-1007 : analyze verilog file al_ip/rx_pll.v
HDL-1007 : undeclared symbol 'open', assumed default net type 'wire' in al_ip/rx_pll.v(78)
HDL-1007 : analyze verilog file al_ip/video_pll.v
HDL-1007 : undeclared symbol 'video_pll_open0', assumed default net type 'wire' in al_ip/video_pll.v(70)
HDL-1007 : undeclared symbol 'video_pll_open1', assumed default net type 'wire' in al_ip/video_pll.v(76)
HDL-1007 : undeclared symbol 'video_pll_open9', assumed default net type 'wire' in al_ip/video_pll.v(82)
HDL-1007 : undeclared symbol 'video_pll_open8', assumed default net type 'wire' in al_ip/video_pll.v(82)
HDL-1007 : undeclared symbol 'video_pll_open7', assumed default net type 'wire' in al_ip/video_pll.v(82)
HDL-1007 : undeclared symbol 'video_pll_open6', assumed default net type 'wire' in al_ip/video_pll.v(82)
HDL-1007 : undeclared symbol 'video_pll_open5', assumed default net type 'wire' in al_ip/video_pll.v(82)
HDL-1007 : undeclared symbol 'video_pll_open4', assumed default net type 'wire' in al_ip/video_pll.v(82)
HDL-1007 : undeclared symbol 'video_pll_open3', assumed default net type 'wire' in al_ip/video_pll.v(82)
HDL-1007 : undeclared symbol 'video_pll_open2', assumed default net type 'wire' in al_ip/video_pll.v(82)
HDL-1007 : undeclared symbol 'video_pll_open12', assumed default net type 'wire' in al_ip/video_pll.v(84)
HDL-1007 : undeclared symbol 'video_pll_open11', assumed default net type 'wire' in al_ip/video_pll.v(84)
HDL-1007 : undeclared symbol 'video_pll_open10', assumed default net type 'wire' in al_ip/video_pll.v(84)
HDL-1007 : analyze verilog file ../../source_code/rtl/BUFGMUX.v
HDL-1007 : analyze verilog file ../../source_code/rtl/clk_gen_rst_gen.v
HDL-1007 : analyze verilog file ../../source_code/rtl/div_clk_gen.v
HDL-1007 : analyze verilog file ../../source_code/rtl/IDDR.v
HDL-1007 : analyze verilog file ../../source_code/rtl/ODDR.v
HDL-1007 : analyze verilog file ../../source_code/rtl/RAMB16_S9_S9.v
HDL-1007 : undeclared symbol 'open', assumed default net type 'wire' in ../../source_code/rtl/RAMB16_S9_S9.v(109)
HDL-1007 : analyze verilog file ../../source_code/rtl/rgmii_interface.v
HDL-1007 : analyze verilog file ../../source_code/rtl/rx_client_fifo.v
HDL-5370 WARNING: parameter 'WAIT_s' becomes localparam in 'rx_client_fifo' with formal parameter declaration list in ../../source_code/rtl/rx_client_fifo.v(49)
HDL-5370 WARNING: parameter 'QUEUE1_s' becomes localparam in 'rx_client_fifo' with formal parameter declaration list in ../../source_code/rtl/rx_client_fifo.v(50)
HDL-5370 WARNING: parameter 'QUEUE2_s' becomes localparam in 'rx_client_fifo' with formal parameter declaration list in ../../source_code/rtl/rx_client_fifo.v(51)
HDL-5370 WARNING: parameter 'QUEUE3_s' becomes localparam in 'rx_client_fifo' with formal parameter declaration list in ../../source_code/rtl/rx_client_fifo.v(52)
HDL-5370 WARNING: parameter 'QUEUE_SOF_s' becomes localparam in 'rx_client_fifo' with formal parameter declaration list in ../../source_code/rtl/rx_client_fifo.v(53)
HDL-5370 WARNING: parameter 'SOF_s' becomes localparam in 'rx_client_fifo' with formal parameter declaration list in ../../source_code/rtl/rx_client_fifo.v(54)
HDL-5370 WARNING: parameter 'DATA_s' becomes localparam in 'rx_client_fifo' with formal parameter declaration list in ../../source_code/rtl/rx_client_fifo.v(55)
HDL-5370 WARNING: parameter 'EOF_s' becomes localparam in 'rx_client_fifo' with formal parameter declaration list in ../../source_code/rtl/rx_client_fifo.v(56)
HDL-5370 WARNING: parameter 'IDLE_s' becomes localparam in 'rx_client_fifo' with formal parameter declaration list in ../../source_code/rtl/rx_client_fifo.v(62)
HDL-5370 WARNING: parameter 'FRAME_s' becomes localparam in 'rx_client_fifo' with formal parameter declaration list in ../../source_code/rtl/rx_client_fifo.v(63)
HDL-5370 Similar messages will be suppressed.
HDL-1007 : analyze verilog file ../../source_code/rtl/temac_block.v
HDL-1007 : analyze verilog file ../../source_code/rtl/temac_clk_gen.v
HDL-1007 : analyze verilog file ../../source_code/rtl/tx_client_fifo.v
HDL-5370 WARNING: parameter 'IDLE_s' becomes localparam in 'tx_client_fifo' with formal parameter declaration list in ../../source_code/rtl/tx_client_fifo.v(53)
HDL-5370 WARNING: parameter 'QUEUE1_s' becomes localparam in 'tx_client_fifo' with formal parameter declaration list in ../../source_code/rtl/tx_client_fifo.v(54)
HDL-5370 WARNING: parameter 'QUEUE2_s' becomes localparam in 'tx_client_fifo' with formal parameter declaration list in ../../source_code/rtl/tx_client_fifo.v(55)
HDL-5370 WARNING: parameter 'QUEUE3_s' becomes localparam in 'tx_client_fifo' with formal parameter declaration list in ../../source_code/rtl/tx_client_fifo.v(56)
HDL-5370 WARNING: parameter 'QUEUE_ACK_s' becomes localparam in 'tx_client_fifo' with formal parameter declaration list in ../../source_code/rtl/tx_client_fifo.v(57)
HDL-5370 WARNING: parameter 'WAIT_ACK_s' becomes localparam in 'tx_client_fifo' with formal parameter declaration list in ../../source_code/rtl/tx_client_fifo.v(58)
HDL-5370 WARNING: parameter 'FRAME_s' becomes localparam in 'tx_client_fifo' with formal parameter declaration list in ../../source_code/rtl/tx_client_fifo.v(59)
HDL-5370 WARNING: parameter 'DROP_s' becomes localparam in 'tx_client_fifo' with formal parameter declaration list in ../../source_code/rtl/tx_client_fifo.v(60)
HDL-5370 WARNING: parameter 'RETRANSMIT_s' becomes localparam in 'tx_client_fifo' with formal parameter declaration list in ../../source_code/rtl/tx_client_fifo.v(61)
HDL-5370 WARNING: parameter 'WAIT_s' becomes localparam in 'tx_client_fifo' with formal parameter declaration list in ../../source_code/rtl/tx_client_fifo.v(67)
HDL-5370 Similar messages will be suppressed.
HDL-1007 : analyze verilog file ../../source_code/rtl/tx_clk_en_gen.v
HDL-1007 : analyze verilog file ../../source_code/rtl/udp_data_tpg.v
HDL-1007 : analyze verilog file ../../source_code/rtl/UDP_Example_Top.v
HDL-1007 : undeclared symbol 'video_clk', assumed default net type 'wire' in ../../source_code/rtl/UDP_Example_Top.v(226)
HDL-1007 : undeclared symbol 'hdmi_5x_clk', assumed default net type 'wire' in ../../source_code/rtl/UDP_Example_Top.v(227)
HDL-1007 : undeclared symbol 'phy_reset', assumed default net type 'wire' in ../../source_code/rtl/UDP_Example_Top.v(435)
HDL-5333 WARNING: data object 'rst_n' is already declared in ../../source_code/rtl/UDP_Example_Top.v(482)
HDL-1007 : previous declaration of 'rst_n' is from here in ../../source_code/rtl/UDP_Example_Top.v(246)
HDL-5007 WARNING: second declaration of 'rst_n' is ignored in ../../source_code/rtl/UDP_Example_Top.v(482)
HDL-1007 : undeclared symbol 'tpg_data_done', assumed default net type 'wire' in ../../source_code/rtl/UDP_Example_Top.v(590)
HDL-1007 : undeclared symbol 'Sdr_rd_en_aligned', assumed default net type 'wire' in ../../source_code/rtl/UDP_Example_Top.v(606)
HDL-1007 : undeclared symbol 'image_r', assumed default net type 'wire' in ../../source_code/rtl/UDP_Example_Top.v(607)
HDL-1007 : undeclared symbol 'image_g', assumed default net type 'wire' in ../../source_code/rtl/UDP_Example_Top.v(608)
HDL-1007 : undeclared symbol 'image_b', assumed default net type 'wire' in ../../source_code/rtl/UDP_Example_Top.v(609)
HDL-1007 : undeclared symbol 'vga_out_de', assumed default net type 'wire' in ../../source_code/rtl/UDP_Example_Top.v(633)
HDL-1007 : undeclared symbol 'hs', assumed default net type 'wire' in ../../source_code/rtl/UDP_Example_Top.v(749)
HDL-1007 : undeclared symbol 'vs', assumed default net type 'wire' in ../../source_code/rtl/UDP_Example_Top.v(750)
HDL-1007 : undeclared symbol 'de', assumed default net type 'wire' in ../../source_code/rtl/UDP_Example_Top.v(751)
HDL-1007 : analyze verilog file ../../source_code/rtl/udp_ip_protocol_stack_merge.enc.v
HDL-1007 : back to file '../../source_code/rtl/udp_ip_protocol_stack_merge.enc.v' in ../../source_code/rtl/udp_ip_protocol_stack_merge.enc.v(56)
HDL-1007 : undeclared symbol '**', assumed default net type '**' in ../../source_code/rtl/udp_ip_protocol_stack_merge.enc.v(2638)
HDL-1007 : back to file '../../source_code/rtl/udp_ip_protocol_stack_merge.enc.v' in ../../source_code/rtl/udp_ip_protocol_stack_merge.enc.v(420)
HDL-1007 : analyze verilog file ../../source_code/rtl/udp_loopback.v
HDL-1007 : analyze verilog file ../../source_code/rtl/sdr/rtl/app_wrrd.v
HDL-1007 : analyze included file ../../source_code/rtl/sdr/rtl/../include/global_def.v in ../../source_code/rtl/sdr/rtl/app_wrrd.v(10)
HDL-1007 : back to file '../../source_code/rtl/sdr/rtl/app_wrrd.v' in ../../source_code/rtl/sdr/rtl/app_wrrd.v(10)
HDL-5372 WARNING: redeclaration of ANSI port 'full_flag' is not allowed in ../../source_code/rtl/sdr/rtl/app_wrrd.v(61)
HDL-1007 : undeclared symbol 'afull', assumed default net type 'wire' in ../../source_code/rtl/sdr/rtl/app_wrrd.v(74)
HDL-1007 : undeclared symbol 'aempty', assumed default net type 'wire' in ../../source_code/rtl/sdr/rtl/app_wrrd.v(75)
HDL-1007 : undeclared symbol 'wrusedw', assumed default net type 'wire' in ../../source_code/rtl/sdr/rtl/app_wrrd.v(76)
HDL-5333 WARNING: data object 'w_addr_cnt' is already declared in ../../source_code/rtl/sdr/rtl/app_wrrd.v(139)
HDL-1007 : previous declaration of 'w_addr_cnt' is from here in ../../source_code/rtl/sdr/rtl/app_wrrd.v(38)
HDL-5007 WARNING: second declaration of 'w_addr_cnt' is ignored in ../../source_code/rtl/sdr/rtl/app_wrrd.v(139)
HDL-1007 : analyze verilog file ../../source_code/rtl/sdr/rtl/sdram_top.v
HDL-1007 : analyze included file ../../source_code/rtl/sdr/rtl/../include/global_def.v in ../../source_code/rtl/sdr/rtl/sdram_top.v(10)
HDL-1007 : back to file '../../source_code/rtl/sdr/rtl/sdram_top.v' in ../../source_code/rtl/sdr/rtl/sdram_top.v(10)
HDL-1007 : undeclared symbol 'Rst_n', assumed default net type 'wire' in ../../source_code/rtl/sdr/rtl/sdram_top.v(70)
HDL-5372 WARNING: redeclaration of ANSI port 'wr_done' is not allowed in ../../source_code/rtl/sdr/rtl/sdram_top.v(73)
HDL-1007 : undeclared symbol 'SDR_CKE', assumed default net type 'wire' in ../../source_code/rtl/sdr/rtl/sdram_top.v(132)
HDL-1007 : analyze verilog file ../../source_code/rtl/sd/sd_ctrl_top.v
HDL-1007 : analyze verilog file ../../source_code/rtl/sd/sd_init.v
HDL-1007 : analyze verilog file ../../source_code/rtl/sd/sd_read.v
HDL-1007 : analyze verilog file ../../source_code/rtl/sd/sd_read_photo.v
HDL-1007 : analyze verilog file ../../source_code/rtl/sdr/rtl/enc_file/sdr_as_ram.enc.v
HDL-1007 : back to file '../../source_code/rtl/sdr/rtl/enc_file/sdr_as_ram.enc.v' in ../../source_code/rtl/sdr/rtl/enc_file/sdr_as_ram.enc.v(45)
HDL-1007 : analyze verilog file ../../source_code/rtl/sdr/rtl/enc_file/sdr_init_ref.enc.v
HDL-1007 : undeclared symbol '**', assumed default net type '**' in ../../source_code/rtl/sdr/rtl/enc_file/sdr_init_ref.enc.v(57)
HDL-1007 : back to file '../../source_code/rtl/sdr/rtl/enc_file/sdr_init_ref.enc.v' in ../../source_code/rtl/sdr/rtl/enc_file/sdr_init_ref.enc.v(148)
HDL-5007 WARNING: concatenation with an unsized literal will be treated as 32 bits in ../../source_code/rtl/sdr/rtl/enc_file/sdr_init_ref.enc.v(47)
HDL-1007 : analyze verilog file ../../source_code/rtl/sdr/rtl/enc_file/sdr_wrrd.enc.v
HDL-5007 WARNING: concatenation with an unsized literal will be treated as 32 bits in ../../source_code/rtl/sdr/rtl/enc_file/sdr_wrrd.enc.v(283)
HDL-1007 : back to file '../../source_code/rtl/sdr/rtl/enc_file/sdr_wrrd.enc.v' in ../../source_code/rtl/sdr/rtl/enc_file/sdr_wrrd.enc.v(19)
HDL-1007 : analyze verilog file ../../source_code/rtl/camera_data_gen.v
HDL-1007 : analyze verilog file ../../source_code/rtl/ov5640/ov5640_dri.v
HDL-1007 : analyze verilog file ../../source_code/rtl/ov5640/ov5640_delay.v
HDL-1007 : analyze verilog file ../../source_code/rtl/ov5640/i2c_ov5640_rgb565_cfg.v
HDL-1007 : analyze verilog file ../../source_code/rtl/ov5640/i2c_dri.v
HDL-1007 : analyze verilog file ../../source_code/rtl/ov5640/cmos_capture_data.v
HDL-1007 : analyze verilog file ../../source_code/rtl/sdram_write_static_sel.v
HDL-1007 : analyze verilog file ../../source_code/rtl/uart/cmd_ctrl.v
HDL-1007 : analyze verilog file ../../source_code/rtl/uart/uart_rx.v
HDL-1007 : analyze verilog file ../../source_code/rtl/uart/uart_test.v
HDL-1007 : analyze verilog file ../../source_code/rtl/uart/uart_tx.v
HDL-1007 : analyze verilog file ../../source_code/rtl/display/video_delay.v
HDL-1007 : analyze verilog file ../../source_code/rtl/display/video_timing_data.v
HDL-1007 : analyze verilog file ../../source_code/rtl/sdram_read_align.v
HDL-1007 : analyze VHDL file ../../source_code/rtl/hdmi/hdmi_tx.vhd
HDL-1007 : analyze entity hdmi_tx in ../../source_code/rtl/hdmi/hdmi_tx.vhd(11)
HDL-1007 : analyze architecture behavioral in ../../source_code/rtl/hdmi/hdmi_tx.vhd(33)
HDL-1007 : analyze verilog file ../../source_code/rtl/sd/sd_card_ctrl.v
HDL-1007 : analyze VHDL file ../../source_code/rtl/hdmi/enc_file/DVITransmitter.enc.vhd
HDL-1007 : analyze entity dvitransmitter in ../../source_code/rtl/hdmi/enc_file/DVITransmitter.enc.vhd(13)
HDL-1007 : analyze architecture ** in ../../source_code/rtl/hdmi/enc_file/DVITransmitter.enc.vhd(2)
HDL-1007 : analyze VHDL file ../../source_code/rtl/hdmi/enc_file/SerializerN_1_lvds.enc.vhd
HDL-1007 : analyze entity ** in ../../source_code/rtl/hdmi/enc_file/SerializerN_1_lvds.enc.vhd(12)
HDL-1007 : analyze architecture ** in ../../source_code/rtl/hdmi/enc_file/SerializerN_1_lvds.enc.vhd(25)
HDL-1007 : analyze VHDL file ../../source_code/rtl/hdmi/enc_file/SerializerN_1_lvds_dat.enc.vhd
HDL-1007 : analyze entity ** in ../../source_code/rtl/hdmi/enc_file/SerializerN_1_lvds_dat.enc.vhd(14)
HDL-1007 : analyze architecture ** in ../../source_code/rtl/hdmi/enc_file/SerializerN_1_lvds_dat.enc.vhd(28)
HDL-1007 : analyze VHDL file ../../source_code/rtl/hdmi/enc_file/TMDSEncoder.enc.vhd
HDL-1007 : analyze entity ** in ../../source_code/rtl/hdmi/enc_file/TMDSEncoder.enc.vhd(13)
HDL-1007 : analyze architecture ** in ../../source_code/rtl/hdmi/enc_file/TMDSEncoder.enc.vhd(24)
HDL-1007 : analyze verilog file ../../source_code/rtl/display/color_bar.v
HDL-1007 : analyze included file ../../source_code/rtl/display/video_define.v in ../../source_code/rtl/display/color_bar.v(1)
HDL-1007 : back to file '../../source_code/rtl/display/color_bar.v' in ../../source_code/rtl/display/color_bar.v(1)
RUN-1002 : start command "commit_param -step design"
RUN-1001 : Print Global Property
RUN-1001 : --------------------------------------------------------
RUN-1001 :   Parameters   |  Settings  |  Default Values  |  Note  
RUN-1001 : --------------------------------------------------------
RUN-1001 :   enable_seed  |    off     |       off        |        
RUN-1001 :     message    |  standard  |     standard     |        
RUN-1001 :   qor_monitor  |     on     |        on        |        
RUN-1001 :   syn_ip_flow  |    off     |       off        |        
RUN-1001 :     thread     |    auto    |       auto       |        
RUN-1001 : --------------------------------------------------------
RUN-1001 : Print Design Property
RUN-1001 : ----------------------------------------------------------------
RUN-1001 :       Parameters       |  Settings  |  Default Values  |  Note  
RUN-1001 : ----------------------------------------------------------------
RUN-1001 :   default_reg_initial  |    auto    |       auto       |        
RUN-1001 :    hdl_warning_level   |   normal   |      normal      |        
RUN-1001 : ----------------------------------------------------------------
HDL-1007 : analyze verilog file al_ip/TEMAC_CORE/RTL/mac_core_aead6cd6dadd.v
HDL-1007 : analyze verilog file al_ip/TEMAC_CORE/RTL/TEMAC_CORE_aead6cd6dadd.v
HDL-5007 WARNING: column 1032 exceeds maximum value 1023 in al_ip/TEMAC_CORE/RTL/TEMAC_CORE_aead6cd6dadd.v(30)
HDL-1007 : back to file 'al_ip/TEMAC_CORE/RTL/TEMAC_CORE_aead6cd6dadd.v' in al_ip/TEMAC_CORE/RTL/TEMAC_CORE_aead6cd6dadd.v(86)
HDL-5007 WARNING: event expressions must result in a singular type in al_ip/TEMAC_CORE/RTL/TEMAC_CORE_aead6cd6dadd.v(3001)
HDL-1007 : undeclared symbol '**', assumed default net type '**' in al_ip/TEMAC_CORE/RTL/TEMAC_CORE_aead6cd6dadd.v(5050)
HDL-1007 : undeclared symbol '**', assumed default net type '**' in al_ip/TEMAC_CORE/RTL/TEMAC_CORE_aead6cd6dadd.v(5458)
HDL-5007 WARNING: column 1035 exceeds maximum value 1023 in al_ip/TEMAC_CORE/RTL/TEMAC_CORE_aead6cd6dadd.v(6001)
HDL-1007 : back to file 'al_ip/TEMAC_CORE/RTL/TEMAC_CORE_aead6cd6dadd.v' in al_ip/TEMAC_CORE/RTL/TEMAC_CORE_aead6cd6dadd.v(260)
HDL-1007 : analyze verilog file al_ip/TEMAC_CORE/TEMAC_CORE.v
HDL-1007 : analyze verilog file al_ip/clk_pll.v
HDL-1007 : undeclared symbol 'clk_pll_open0', assumed default net type 'wire' in al_ip/clk_pll.v(92)
HDL-1007 : undeclared symbol 'clk_pll_open8', assumed default net type 'wire' in al_ip/clk_pll.v(98)
HDL-1007 : undeclared symbol 'clk_pll_open7', assumed default net type 'wire' in al_ip/clk_pll.v(98)
HDL-1007 : undeclared symbol 'clk_pll_open6', assumed default net type 'wire' in al_ip/clk_pll.v(98)
HDL-1007 : undeclared symbol 'clk_pll_open5', assumed default net type 'wire' in al_ip/clk_pll.v(98)
HDL-1007 : undeclared symbol 'clk_pll_open4', assumed default net type 'wire' in al_ip/clk_pll.v(98)
HDL-1007 : undeclared symbol 'clk_pll_open3', assumed default net type 'wire' in al_ip/clk_pll.v(98)
HDL-1007 : undeclared symbol 'clk_pll_open2', assumed default net type 'wire' in al_ip/clk_pll.v(98)
HDL-1007 : undeclared symbol 'clk_pll_open1', assumed default net type 'wire' in al_ip/clk_pll.v(98)
HDL-1007 : undeclared symbol 'clk_pll_open9', assumed default net type 'wire' in al_ip/clk_pll.v(100)
HDL-1007 : analyze verilog file al_ip/fifo_sdr_data_2.v
HDL-1007 : analyze verilog file al_ip/pll_50.v
HDL-1007 : undeclared symbol 'open', assumed default net type 'wire' in al_ip/pll_50.v(85)
HDL-1007 : analyze verilog file al_ip/pll_gen.v
HDL-1007 : undeclared symbol 'pll_gen_open0', assumed default net type 'wire' in al_ip/pll_gen.v(99)
HDL-1007 : undeclared symbol 'pll_gen_open8', assumed default net type 'wire' in al_ip/pll_gen.v(105)
HDL-1007 : undeclared symbol 'pll_gen_open7', assumed default net type 'wire' in al_ip/pll_gen.v(105)
HDL-1007 : undeclared symbol 'pll_gen_open6', assumed default net type 'wire' in al_ip/pll_gen.v(105)
HDL-1007 : undeclared symbol 'pll_gen_open5', assumed default net type 'wire' in al_ip/pll_gen.v(105)
HDL-1007 : undeclared symbol 'pll_gen_open4', assumed default net type 'wire' in al_ip/pll_gen.v(105)
HDL-1007 : undeclared symbol 'pll_gen_open3', assumed default net type 'wire' in al_ip/pll_gen.v(105)
HDL-1007 : undeclared symbol 'pll_gen_open2', assumed default net type 'wire' in al_ip/pll_gen.v(105)
HDL-1007 : undeclared symbol 'pll_gen_open1', assumed default net type 'wire' in al_ip/pll_gen.v(105)
HDL-1007 : analyze verilog file al_ip/rx_pll.v
HDL-1007 : undeclared symbol 'open', assumed default net type 'wire' in al_ip/rx_pll.v(78)
HDL-1007 : analyze verilog file al_ip/video_pll.v
HDL-1007 : undeclared symbol 'video_pll_open0', assumed default net type 'wire' in al_ip/video_pll.v(70)
HDL-1007 : undeclared symbol 'video_pll_open1', assumed default net type 'wire' in al_ip/video_pll.v(76)
HDL-1007 : undeclared symbol 'video_pll_open9', assumed default net type 'wire' in al_ip/video_pll.v(82)
HDL-1007 : undeclared symbol 'video_pll_open8', assumed default net type 'wire' in al_ip/video_pll.v(82)
HDL-1007 : undeclared symbol 'video_pll_open7', assumed default net type 'wire' in al_ip/video_pll.v(82)
HDL-1007 : undeclared symbol 'video_pll_open6', assumed default net type 'wire' in al_ip/video_pll.v(82)
HDL-1007 : undeclared symbol 'video_pll_open5', assumed default net type 'wire' in al_ip/video_pll.v(82)
HDL-1007 : undeclared symbol 'video_pll_open4', assumed default net type 'wire' in al_ip/video_pll.v(82)
HDL-1007 : undeclared symbol 'video_pll_open3', assumed default net type 'wire' in al_ip/video_pll.v(82)
HDL-1007 : undeclared symbol 'video_pll_open2', assumed default net type 'wire' in al_ip/video_pll.v(82)
HDL-1007 : undeclared symbol 'video_pll_open12', assumed default net type 'wire' in al_ip/video_pll.v(84)
HDL-1007 : undeclared symbol 'video_pll_open11', assumed default net type 'wire' in al_ip/video_pll.v(84)
HDL-1007 : undeclared symbol 'video_pll_open10', assumed default net type 'wire' in al_ip/video_pll.v(84)
HDL-1007 : analyze verilog file ../../source_code/rtl/BUFGMUX.v
HDL-1007 : analyze verilog file ../../source_code/rtl/clk_gen_rst_gen.v
HDL-1007 : analyze verilog file ../../source_code/rtl/div_clk_gen.v
HDL-1007 : analyze verilog file ../../source_code/rtl/IDDR.v
HDL-1007 : analyze verilog file ../../source_code/rtl/ODDR.v
HDL-1007 : analyze verilog file ../../source_code/rtl/RAMB16_S9_S9.v
HDL-1007 : undeclared symbol 'open', assumed default net type 'wire' in ../../source_code/rtl/RAMB16_S9_S9.v(109)
HDL-1007 : analyze verilog file ../../source_code/rtl/rgmii_interface.v
HDL-1007 : analyze verilog file ../../source_code/rtl/rx_client_fifo.v
HDL-5370 WARNING: parameter 'WAIT_s' becomes localparam in 'rx_client_fifo' with formal parameter declaration list in ../../source_code/rtl/rx_client_fifo.v(49)
HDL-5370 WARNING: parameter 'QUEUE1_s' becomes localparam in 'rx_client_fifo' with formal parameter declaration list in ../../source_code/rtl/rx_client_fifo.v(50)
HDL-5370 WARNING: parameter 'QUEUE2_s' becomes localparam in 'rx_client_fifo' with formal parameter declaration list in ../../source_code/rtl/rx_client_fifo.v(51)
HDL-5370 WARNING: parameter 'QUEUE3_s' becomes localparam in 'rx_client_fifo' with formal parameter declaration list in ../../source_code/rtl/rx_client_fifo.v(52)
HDL-5370 WARNING: parameter 'QUEUE_SOF_s' becomes localparam in 'rx_client_fifo' with formal parameter declaration list in ../../source_code/rtl/rx_client_fifo.v(53)
HDL-5370 WARNING: parameter 'SOF_s' becomes localparam in 'rx_client_fifo' with formal parameter declaration list in ../../source_code/rtl/rx_client_fifo.v(54)
HDL-5370 WARNING: parameter 'DATA_s' becomes localparam in 'rx_client_fifo' with formal parameter declaration list in ../../source_code/rtl/rx_client_fifo.v(55)
HDL-5370 WARNING: parameter 'EOF_s' becomes localparam in 'rx_client_fifo' with formal parameter declaration list in ../../source_code/rtl/rx_client_fifo.v(56)
HDL-5370 WARNING: parameter 'IDLE_s' becomes localparam in 'rx_client_fifo' with formal parameter declaration list in ../../source_code/rtl/rx_client_fifo.v(62)
HDL-5370 WARNING: parameter 'FRAME_s' becomes localparam in 'rx_client_fifo' with formal parameter declaration list in ../../source_code/rtl/rx_client_fifo.v(63)
HDL-5370 Similar messages will be suppressed.
HDL-1007 : analyze verilog file ../../source_code/rtl/temac_block.v
HDL-1007 : analyze verilog file ../../source_code/rtl/temac_clk_gen.v
HDL-1007 : analyze verilog file ../../source_code/rtl/tx_client_fifo.v
HDL-5370 WARNING: parameter 'IDLE_s' becomes localparam in 'tx_client_fifo' with formal parameter declaration list in ../../source_code/rtl/tx_client_fifo.v(53)
HDL-5370 WARNING: parameter 'QUEUE1_s' becomes localparam in 'tx_client_fifo' with formal parameter declaration list in ../../source_code/rtl/tx_client_fifo.v(54)
HDL-5370 WARNING: parameter 'QUEUE2_s' becomes localparam in 'tx_client_fifo' with formal parameter declaration list in ../../source_code/rtl/tx_client_fifo.v(55)
HDL-5370 WARNING: parameter 'QUEUE3_s' becomes localparam in 'tx_client_fifo' with formal parameter declaration list in ../../source_code/rtl/tx_client_fifo.v(56)
HDL-5370 WARNING: parameter 'QUEUE_ACK_s' becomes localparam in 'tx_client_fifo' with formal parameter declaration list in ../../source_code/rtl/tx_client_fifo.v(57)
HDL-5370 WARNING: parameter 'WAIT_ACK_s' becomes localparam in 'tx_client_fifo' with formal parameter declaration list in ../../source_code/rtl/tx_client_fifo.v(58)
HDL-5370 WARNING: parameter 'FRAME_s' becomes localparam in 'tx_client_fifo' with formal parameter declaration list in ../../source_code/rtl/tx_client_fifo.v(59)
HDL-5370 WARNING: parameter 'DROP_s' becomes localparam in 'tx_client_fifo' with formal parameter declaration list in ../../source_code/rtl/tx_client_fifo.v(60)
HDL-5370 WARNING: parameter 'RETRANSMIT_s' becomes localparam in 'tx_client_fifo' with formal parameter declaration list in ../../source_code/rtl/tx_client_fifo.v(61)
HDL-5370 WARNING: parameter 'WAIT_s' becomes localparam in 'tx_client_fifo' with formal parameter declaration list in ../../source_code/rtl/tx_client_fifo.v(67)
HDL-5370 Similar messages will be suppressed.
HDL-1007 : analyze verilog file ../../source_code/rtl/tx_clk_en_gen.v
HDL-1007 : analyze verilog file ../../source_code/rtl/udp_data_tpg.v
HDL-1007 : analyze verilog file ../../source_code/rtl/UDP_Example_Top.v
HDL-1007 : undeclared symbol 'video_clk', assumed default net type 'wire' in ../../source_code/rtl/UDP_Example_Top.v(226)
HDL-1007 : undeclared symbol 'hdmi_5x_clk', assumed default net type 'wire' in ../../source_code/rtl/UDP_Example_Top.v(227)
HDL-1007 : undeclared symbol 'phy_reset', assumed default net type 'wire' in ../../source_code/rtl/UDP_Example_Top.v(435)
HDL-5333 WARNING: data object 'rst_n' is already declared in ../../source_code/rtl/UDP_Example_Top.v(482)
HDL-1007 : previous declaration of 'rst_n' is from here in ../../source_code/rtl/UDP_Example_Top.v(246)
HDL-5007 WARNING: second declaration of 'rst_n' is ignored in ../../source_code/rtl/UDP_Example_Top.v(482)
HDL-1007 : undeclared symbol 'tpg_data_done', assumed default net type 'wire' in ../../source_code/rtl/UDP_Example_Top.v(590)
HDL-1007 : undeclared symbol 'Sdr_rd_en_aligned', assumed default net type 'wire' in ../../source_code/rtl/UDP_Example_Top.v(606)
HDL-1007 : undeclared symbol 'image_r', assumed default net type 'wire' in ../../source_code/rtl/UDP_Example_Top.v(607)
HDL-1007 : undeclared symbol 'image_g', assumed default net type 'wire' in ../../source_code/rtl/UDP_Example_Top.v(608)
HDL-1007 : undeclared symbol 'image_b', assumed default net type 'wire' in ../../source_code/rtl/UDP_Example_Top.v(609)
HDL-1007 : undeclared symbol 'vga_out_de', assumed default net type 'wire' in ../../source_code/rtl/UDP_Example_Top.v(633)
HDL-1007 : undeclared symbol 'hs', assumed default net type 'wire' in ../../source_code/rtl/UDP_Example_Top.v(733)
HDL-1007 : undeclared symbol 'vs', assumed default net type 'wire' in ../../source_code/rtl/UDP_Example_Top.v(734)
HDL-1007 : undeclared symbol 'de', assumed default net type 'wire' in ../../source_code/rtl/UDP_Example_Top.v(735)
HDL-1007 : analyze verilog file ../../source_code/rtl/udp_ip_protocol_stack_merge.enc.v
HDL-1007 : back to file '../../source_code/rtl/udp_ip_protocol_stack_merge.enc.v' in ../../source_code/rtl/udp_ip_protocol_stack_merge.enc.v(56)
HDL-1007 : undeclared symbol '**', assumed default net type '**' in ../../source_code/rtl/udp_ip_protocol_stack_merge.enc.v(2638)
HDL-1007 : back to file '../../source_code/rtl/udp_ip_protocol_stack_merge.enc.v' in ../../source_code/rtl/udp_ip_protocol_stack_merge.enc.v(420)
HDL-1007 : analyze verilog file ../../source_code/rtl/udp_loopback.v
HDL-1007 : analyze verilog file ../../source_code/rtl/sdr/rtl/app_wrrd.v
HDL-1007 : analyze included file ../../source_code/rtl/sdr/rtl/../include/global_def.v in ../../source_code/rtl/sdr/rtl/app_wrrd.v(10)
HDL-1007 : back to file '../../source_code/rtl/sdr/rtl/app_wrrd.v' in ../../source_code/rtl/sdr/rtl/app_wrrd.v(10)
HDL-5372 WARNING: redeclaration of ANSI port 'full_flag' is not allowed in ../../source_code/rtl/sdr/rtl/app_wrrd.v(61)
HDL-1007 : undeclared symbol 'afull', assumed default net type 'wire' in ../../source_code/rtl/sdr/rtl/app_wrrd.v(74)
HDL-1007 : undeclared symbol 'aempty', assumed default net type 'wire' in ../../source_code/rtl/sdr/rtl/app_wrrd.v(75)
HDL-1007 : undeclared symbol 'wrusedw', assumed default net type 'wire' in ../../source_code/rtl/sdr/rtl/app_wrrd.v(76)
HDL-5333 WARNING: data object 'w_addr_cnt' is already declared in ../../source_code/rtl/sdr/rtl/app_wrrd.v(139)
HDL-1007 : previous declaration of 'w_addr_cnt' is from here in ../../source_code/rtl/sdr/rtl/app_wrrd.v(38)
HDL-5007 WARNING: second declaration of 'w_addr_cnt' is ignored in ../../source_code/rtl/sdr/rtl/app_wrrd.v(139)
HDL-1007 : analyze verilog file ../../source_code/rtl/sdr/rtl/sdram_top.v
HDL-1007 : analyze included file ../../source_code/rtl/sdr/rtl/../include/global_def.v in ../../source_code/rtl/sdr/rtl/sdram_top.v(10)
HDL-1007 : back to file '../../source_code/rtl/sdr/rtl/sdram_top.v' in ../../source_code/rtl/sdr/rtl/sdram_top.v(10)
HDL-1007 : undeclared symbol 'Rst_n', assumed default net type 'wire' in ../../source_code/rtl/sdr/rtl/sdram_top.v(70)
HDL-5372 WARNING: redeclaration of ANSI port 'wr_done' is not allowed in ../../source_code/rtl/sdr/rtl/sdram_top.v(73)
HDL-1007 : undeclared symbol 'SDR_CKE', assumed default net type 'wire' in ../../source_code/rtl/sdr/rtl/sdram_top.v(132)
HDL-1007 : analyze verilog file ../../source_code/rtl/sd/sd_ctrl_top.v
HDL-1007 : analyze verilog file ../../source_code/rtl/sd/sd_init.v
HDL-1007 : analyze verilog file ../../source_code/rtl/sd/sd_read.v
HDL-1007 : analyze verilog file ../../source_code/rtl/sd/sd_read_photo.v
HDL-1007 : analyze verilog file ../../source_code/rtl/sdr/rtl/enc_file/sdr_as_ram.enc.v
HDL-1007 : back to file '../../source_code/rtl/sdr/rtl/enc_file/sdr_as_ram.enc.v' in ../../source_code/rtl/sdr/rtl/enc_file/sdr_as_ram.enc.v(45)
HDL-1007 : analyze verilog file ../../source_code/rtl/sdr/rtl/enc_file/sdr_init_ref.enc.v
HDL-1007 : undeclared symbol '**', assumed default net type '**' in ../../source_code/rtl/sdr/rtl/enc_file/sdr_init_ref.enc.v(57)
HDL-1007 : back to file '../../source_code/rtl/sdr/rtl/enc_file/sdr_init_ref.enc.v' in ../../source_code/rtl/sdr/rtl/enc_file/sdr_init_ref.enc.v(148)
HDL-5007 WARNING: concatenation with an unsized literal will be treated as 32 bits in ../../source_code/rtl/sdr/rtl/enc_file/sdr_init_ref.enc.v(47)
HDL-1007 : analyze verilog file ../../source_code/rtl/sdr/rtl/enc_file/sdr_wrrd.enc.v
HDL-5007 WARNING: concatenation with an unsized literal will be treated as 32 bits in ../../source_code/rtl/sdr/rtl/enc_file/sdr_wrrd.enc.v(283)
HDL-1007 : back to file '../../source_code/rtl/sdr/rtl/enc_file/sdr_wrrd.enc.v' in ../../source_code/rtl/sdr/rtl/enc_file/sdr_wrrd.enc.v(19)
HDL-1007 : analyze verilog file ../../source_code/rtl/camera_data_gen.v
HDL-1007 : analyze verilog file ../../source_code/rtl/ov5640/ov5640_dri.v
HDL-1007 : analyze verilog file ../../source_code/rtl/ov5640/ov5640_delay.v
HDL-1007 : analyze verilog file ../../source_code/rtl/ov5640/i2c_ov5640_rgb565_cfg.v
HDL-1007 : analyze verilog file ../../source_code/rtl/ov5640/i2c_dri.v
HDL-1007 : analyze verilog file ../../source_code/rtl/ov5640/cmos_capture_data.v
HDL-1007 : analyze verilog file ../../source_code/rtl/sdram_write_static_sel.v
HDL-1007 : analyze verilog file ../../source_code/rtl/uart/cmd_ctrl.v
HDL-1007 : analyze verilog file ../../source_code/rtl/uart/uart_rx.v
HDL-1007 : analyze verilog file ../../source_code/rtl/uart/uart_test.v
HDL-1007 : analyze verilog file ../../source_code/rtl/uart/uart_tx.v
HDL-1007 : analyze verilog file ../../source_code/rtl/display/video_delay.v
HDL-1007 : analyze verilog file ../../source_code/rtl/display/video_timing_data.v
HDL-1007 : analyze verilog file ../../source_code/rtl/sdram_read_align.v
HDL-1007 : analyze VHDL file ../../source_code/rtl/hdmi/hdmi_tx.vhd
HDL-1007 : analyze entity hdmi_tx in ../../source_code/rtl/hdmi/hdmi_tx.vhd(11)
HDL-1007 : analyze architecture behavioral in ../../source_code/rtl/hdmi/hdmi_tx.vhd(33)
HDL-1007 : analyze verilog file ../../source_code/rtl/sd/sd_card_ctrl.v
HDL-1007 : analyze VHDL file ../../source_code/rtl/hdmi/enc_file/DVITransmitter.enc.vhd
HDL-1007 : analyze entity dvitransmitter in ../../source_code/rtl/hdmi/enc_file/DVITransmitter.enc.vhd(13)
HDL-1007 : analyze architecture ** in ../../source_code/rtl/hdmi/enc_file/DVITransmitter.enc.vhd(2)
HDL-1007 : analyze VHDL file ../../source_code/rtl/hdmi/enc_file/SerializerN_1_lvds.enc.vhd
HDL-1007 : analyze entity ** in ../../source_code/rtl/hdmi/enc_file/SerializerN_1_lvds.enc.vhd(12)
HDL-1007 : analyze architecture ** in ../../source_code/rtl/hdmi/enc_file/SerializerN_1_lvds.enc.vhd(25)
HDL-1007 : analyze VHDL file ../../source_code/rtl/hdmi/enc_file/SerializerN_1_lvds_dat.enc.vhd
HDL-1007 : analyze entity ** in ../../source_code/rtl/hdmi/enc_file/SerializerN_1_lvds_dat.enc.vhd(14)
HDL-1007 : analyze architecture ** in ../../source_code/rtl/hdmi/enc_file/SerializerN_1_lvds_dat.enc.vhd(28)
HDL-1007 : analyze VHDL file ../../source_code/rtl/hdmi/enc_file/TMDSEncoder.enc.vhd
HDL-1007 : analyze entity ** in ../../source_code/rtl/hdmi/enc_file/TMDSEncoder.enc.vhd(13)
HDL-1007 : analyze architecture ** in ../../source_code/rtl/hdmi/enc_file/TMDSEncoder.enc.vhd(24)
HDL-1007 : analyze verilog file ../../source_code/rtl/display/color_bar.v
HDL-1007 : analyze included file ../../source_code/rtl/display/video_define.v in ../../source_code/rtl/display/color_bar.v(1)
HDL-1007 : back to file '../../source_code/rtl/display/color_bar.v' in ../../source_code/rtl/display/color_bar.v(1)
PRJ-1412 : reset_run syn_1 phy_1.
PRJ-1409 : launch_runs syn_1 phy_1  -jobs 6.
PRJ-1410 : Run syn_1 success.
RUN-1002 : start command "save_best_bits"
PRJ-1424 : The implemented result of phy_1 is saved as best result.
PRJ-1410 : Run phy_1 success.
RUN-1002 : start command "import_db D:/Anlu/double_fpga_udp/tx/sdram_switch/UDP_EG4_6.2/prj/UDP_EXAMPLE/UDP_EXAMPLE_Runs/phy_1/UDP_EXAMPLE_pr.db"
RUN-1001 : Importing database generated by Tang Dynasty, V6.2.168116.
RUN-1001 : Database version number 46207
RUN-1001 : Import flow parameters
RUN-1001 : Import netlist
PHY-1001 : Generate detailed routing grids ...
PHY-1001 : End build routing graph; 0.736628s wall, 0.656250s user + 0.125000s system = 0.781250s CPU (106.1%)

PHY-1001 : Processed IO instance sd_miso_syn_4 with INV attribute.
PHY-1001 : Build lut bridge;  0.167706s wall, 0.156250s user + 0.015625s system = 0.171875s CPU (102.5%)

PHY-1001 : Generate nets ...
PHY-1001 : net cam_pclk_dup_1 will be routed on clock mesh
PHY-1001 : net clk_50_dup_1 will be routed on clock mesh
PHY-1001 : net clk_50m_180deg will be routed on clock mesh
PHY-1001 : clock net temac_clk will be merged with clock u_clk_gen/u_pll_0/clk0_buf
PHY-1001 : net temac_clk90 will be routed on clock mesh
PHY-1001 : net udp_clk will be routed on clock mesh
PHY-1001 : clock net t3_sdram/u0_clk/clk0_out will be merged with clock t3_sdram/u0_clk/clk0_buf
PHY-1001 : net t3_sdram/u1_app_wrrd/clk will be routed on clock mesh
PHY-1001 : net t3_sdram/u1_app_wrrd/sd_clk will be routed on clock mesh
PHY-1001 : net t3_sdram/u2_ram/SDRAM_CLK will be routed on clock mesh
PHY-1001 : clock net u_sd_ctrl_top/u_sd_init/div_clk_syn_4 will be merged with clock u_sd_ctrl_top/u_sd_init/div_clk
PHY-1001 : clock net u_ov5640_dri/u_i2c_dr/dri_clk_syn_4 will be merged with clock u_ov5640_dri/u_i2c_dr/dri_clk
PHY-1001 : clock net u3_hdmi_tx/Inst_DVITransmitter/PCLK_I will be merged with clock video_pll_m0/clk0_buf
PHY-1001 : net u3_hdmi_tx/Inst_DVITransmitter/PCLK_X5_I will be routed on clock mesh
PHY-1001 : clock net u_sdram_write_sel/clk_cfg will be merged with clock u_pll_50/clk0_buf
PHY-1001 : eco open net = 0
PHY-1001 : 155 feed throughs used by 123 nets
RUN-1001 : Import phy database
RUN-1001 : Import timing constraints
RUN-1001 : Import IO constraints
RUN-1001 : Import Inst constraints
RUN-1001 : Import ChipWatcher
RUN-1001 : Import design success TD_VERSION=6.2.168116 , DB_VERSION=46207
RUN-1003 : finish command "import_db D:/Anlu/double_fpga_udp/tx/sdram_switch/UDP_EG4_6.2/prj/UDP_EXAMPLE/UDP_EXAMPLE_Runs/phy_1/UDP_EXAMPLE_pr.db" in  3.838360s wall, 3.578125s user + 0.468750s system = 4.046875s CPU (105.4%)

RUN-1004 : used memory is 685 MB, reserved memory is 860 MB, peak memory is 767 MB
