============================================================
   Tang Dynasty, V6.2.168116
   Copyright (c) 2012-2025 Anlogic Inc.
   Executable = D:/Anlogic/TD_6.2.1_Engineer_6.2.168.116/bin/run.exe
   Built at =   16:32:07 Jun 12 2025
   Run by =     Administrator
   Run Date =   Fri Oct 31 17:50:44 2025

   Run on =     WIN-61TPHHLRMOG
============================================================
RUN-1002 : start command "import_device eagle_s20.db -package EG4S20BG256"
RUN-1001 : Using default speed grade: NA
ARC-1001 : Device Initialization.
ARC-1001 : ------------------------------------------------------------------
ARC-1001 :            OPTION            |          IO          |   SETTING   
ARC-1001 : ------------------------------------------------------------------
ARC-1001 :   cso_b/cclk/mosi/miso/dout  |  T3/R11/T10/P10/S11  |    gpio    
ARC-1001 :             done             |         P13          |    gpio    
ARC-1001 :           program_b          |          T2          |  dedicate  
ARC-1001 :        tdi/tms/tck/tdo       |   C12/A15/C14/E14    |  dedicate  
ARC-1001 : ------------------------------------------------------------------
ARC-1004 : Device setting, marked 5 dedicate IOs in total.
RUN-1002 : start command "open_project UDP_EXAMPLE.prj -noanalyze"
RUN-1002 : start command "import_db ../syn_1/UDP_EXAMPLE_gate.db"
RUN-1001 : Importing database generated by Tang Dynasty, V6.2.168116.
RUN-1001 : Database version number 46207
RUN-1001 : Import flow parameters
RUN-1001 : Import netlist
RUN-1001 : Import timing constraints
RUN-1001 : Import IO constraints
RUN-1001 : Import Inst constraints
RUN-1001 : Import ChipWatcher
RUN-1001 : Import design success TD_VERSION=6.2.168116 , DB_VERSION=46207
RUN-1002 : start command "commit_param -step place"
RUN-1001 : Print Global Property
RUN-1001 : --------------------------------------------------------
RUN-1001 :   Parameters   |  Settings  |  Default Values  |  Note  
RUN-1001 : --------------------------------------------------------
RUN-1001 :   enable_seed  |    off     |       off        |        
RUN-1001 :     message    |  standard  |     standard     |        
RUN-1001 :   qor_monitor  |     on     |        on        |        
RUN-1001 :   syn_ip_flow  |    off     |       off        |        
RUN-1001 :     thread     |    auto    |       auto       |        
RUN-1001 : --------------------------------------------------------
RUN-1002 : start command "set_param place effort high"
RUN-1002 : start command "set_param place hfn_opt_effort high"
RUN-1002 : start command "set_param place opt_timing high"
RUN-1001 : Print Place Property
RUN-1001 : -----------------------------------------------------------
RUN-1001 :     Parameters    |  Settings  |  Default Values  |  Note  
RUN-1001 : -----------------------------------------------------------
RUN-1001 :       effort      |    high    |      medium      |   *    
RUN-1001 :   hfn_opt_effort  |    high    |      medium      |   *    
RUN-1001 :     max_fanout    |   999999   |      999999      |        
RUN-1001 :     opt_timing    |    high    |      medium      |   *    
RUN-1001 :   post_place_opt  |    auto    |       auto       |        
RUN-1001 :    pr_strategy    |     1      |        1         |        
RUN-1001 :     relaxation    |    1.00    |       1.00       |        
RUN-1001 : -----------------------------------------------------------
RUN-1002 : start command "insert_debugger ../../chip_debugger"
RUN-1002 : start command "config_chipwatcher ../../chip_debugger/user.cfg"
RUN-1002 : start command "update_timing"
RUN-1002 : start command "start_timer"
USR-1002 : Derived clock:  create_generated_clock -name {u_clk_gen/u_pll_0/pll_inst.clkc[0]} -source [get_ports {clk_50}] -master_clock {clk_in} -multiply_by 2.5000 -duty_cycle 50.0000 [get_pins {u_clk_gen/u_pll_0/pll_inst.clkc[0]}]
USR-1002 : Derived clock:  create_generated_clock -name {u_clk_gen/u_pll_0/pll_inst.clkc[1]} -source [get_ports {clk_50}] -master_clock {clk_in} -multiply_by 2.5000 -duty_cycle 50.0000 [get_pins {u_clk_gen/u_pll_0/pll_inst.clkc[1]}]
USR-1002 : Derived clock:  create_generated_clock -name {u_clk_gen/u_pll_0/pll_inst.clkc[4]} -source [get_ports {clk_50}] -master_clock {clk_in} -multiply_by 2.5000 -phase 90 -duty_cycle 50.0000 [get_pins {u_clk_gen/u_pll_0/pll_inst.clkc[4]}]
USR-1002 : Derived clock:  create_generated_clock -name {u_pll_50/pll_inst.clkc[0]} -source [get_ports {clk_50}] -master_clock {clk_in} -multiply_by 1.0000 -duty_cycle 50.0000 [get_pins {u_pll_50/pll_inst.clkc[0]}]
USR-1002 : Derived clock:  create_generated_clock -name {u_pll_50/pll_inst.clkc[1]} -source [get_ports {clk_50}] -master_clock {clk_in} -multiply_by 1.0000 -phase 180 -duty_cycle 50.0000 [get_pins {u_pll_50/pll_inst.clkc[1]}]
USR-1002 : Derived clock:  create_generated_clock -name {u_pll_50/pll_inst.clkc[2]} -source [get_ports {clk_50}] -master_clock {clk_in} -multiply_by 5.0000 -duty_cycle 50.0000 [get_pins {u_pll_50/pll_inst.clkc[2]}]
USR-1002 : Derived clock:  create_generated_clock -name {u_rx_pll/pll_inst.clkc[0]} -source [get_ports {phy1_rgmii_rx_clk}] -master_clock {phy1_rgmii_rx_clk} -multiply_by 1.0000 -duty_cycle 50.0000 [get_pins {u_rx_pll/pll_inst.clkc[0]}]
USR-1002 : Derived clock:  create_generated_clock -name {u_rx_pll/pll_inst.clkc[1]} -source [get_ports {phy1_rgmii_rx_clk}] -master_clock {phy1_rgmii_rx_clk} -multiply_by 1.0000 -duty_cycle 50.0000 [get_pins {u_rx_pll/pll_inst.clkc[1]}]
USR-1002 : Derived clock:  create_generated_clock -name {u_rx_pll/pll_inst.clkc[2]} -source [get_ports {phy1_rgmii_rx_clk}] -master_clock {phy1_rgmii_rx_clk} -multiply_by 2.0000 -duty_cycle 50.0000 [get_pins {u_rx_pll/pll_inst.clkc[2]}]
USR-1002 : Derived clock:  create_generated_clock -name {t3_sdram/u0_clk/pll_inst.clkc[0]} -source [get_pins {u_pll_50/pll_inst.clkc[0]}] -master_clock {u_pll_50/pll_inst.clkc[0]} -divide_by 4.0000 -duty_cycle 50.0000 [get_pins {t3_sdram/u0_clk/pll_inst.clkc[0]}]
USR-1002 : Derived clock:  create_generated_clock -name {t3_sdram/u0_clk/pll_inst.clkc[1]} -source [get_pins {u_pll_50/pll_inst.clkc[0]}] -master_clock {u_pll_50/pll_inst.clkc[0]} -multiply_by 2.5000 -duty_cycle 50.0000 [get_pins {t3_sdram/u0_clk/pll_inst.clkc[1]}]
USR-1002 : Derived clock:  create_generated_clock -name {t3_sdram/u0_clk/pll_inst.clkc[2]} -source [get_pins {u_pll_50/pll_inst.clkc[0]}] -master_clock {u_pll_50/pll_inst.clkc[0]} -multiply_by 2.5000 -phase 180 -duty_cycle 50.0000 [get_pins {t3_sdram/u0_clk/pll_inst.clkc[2]}]
8.000000
USR-8130 CRITICAL-WARNING: No clock match the pattern: u_clk_gen/u_pll_0/pll_inst.clkc\[3\].
USR-8124 CRITICAL-WARNING: Rename_clock: please specify object list.
USR-8159 CRITICAL-WARNING: Command rename_clock -name {pll_inst_25M} [get_clocks {u_clk_gen/u_pll_0/pll_inst.clkc[3]}] in D:/Anlu/video640 19fps/UDP_EG4_6.2/source_code/constraints/UDP.sdc(8) fails.
RUN-1003 : finish command "start_timer" in  2.410228s wall, 2.359375s user + 0.031250s system = 2.390625s CPU (99.2%)

RUN-1004 : used memory is 193 MB, reserved memory is 188 MB, peak memory is 193 MB
TMR-2502 : Net delay update with mode: Synthesized
RUN-1003 : finish command "update_timing" in  3.371238s wall, 3.312500s user + 0.046875s system = 3.359375s CPU (99.6%)

RUN-1004 : used memory is 264 MB, reserved memory is 259 MB, peak memory is 264 MB
KIT-5618 CRITICAL-WARNING: the bus debug_app_rx_data[7:0] is invalid in chipwatcher, ignored.
KIT-5603 WARNING: Net debug_app_rx_data_valid is invalid in chipwatcher, ignored.
KIT-5618 CRITICAL-WARNING: the bus debug_app_tx_data[7:0] is invalid in chipwatcher, ignored.
KIT-5603 WARNING: Net debug_app_tx_data_valid is invalid in chipwatcher, ignored.
KIT-5618 CRITICAL-WARNING: the bus debug_rx_data[7:0] is invalid in chipwatcher, ignored.
KIT-5603 WARNING: Net debug_rx_valid is invalid in chipwatcher, ignored.
KIT-5618 CRITICAL-WARNING: the bus debug_temac_rx_data[7:0] is invalid in chipwatcher, ignored.
KIT-5603 WARNING: Net debug_temac_rx_valid is invalid in chipwatcher, ignored.
KIT-5618 CRITICAL-WARNING: the bus debug_temac_tx_data[7:0] is invalid in chipwatcher, ignored.
KIT-5603 WARNING: Net debug_temac_tx_valid is invalid in chipwatcher, ignored.
KIT-5618 CRITICAL-WARNING: the bus debug_tx_data[7:0] is invalid in chipwatcher, ignored.
KIT-5603 WARNING: Net debug_tx_valid is invalid in chipwatcher, ignored.
KIT-1004 : chipwatcher: sanity check successfully
KIT-1004 : Chipwatcher code = 1001000110001111
KIT-1004 : import watcher inst auto_created_cwc1 completed, there are 7 view node(s), 21 trigger net(s), 21 data net(s).
RUN-1003 : finish command "config_chipwatcher ../../chip_debugger/user.cfg" in  3.374318s wall, 3.312500s user + 0.046875s system = 3.359375s CPU (99.6%)

RUN-1004 : used memory is 264 MB, reserved memory is 259 MB, peak memory is 264 MB
RUN-1002 : start command "compile_watcher"
KIT-1004 : Ooc flow for module top_debug_hub is running...
RUN-1002 : start command "import_db -mode ooc cw/debug_hub/top_debug_hub_ooc.db"
USR-1600 : Load OOC design OOC Model: top_debug_hub .
RUN-1001 : Import OOC design success TD_VERSION=6.2.168116 , DB_VERSION=46207
KIT-1004 : Ooc flow for module auto_created_cwc1 is running...
RUN-1002 : start command "import_db -mode ooc cw/auto_created_cwc1/auto_created_cwc1_ooc.db"
USR-1600 : Load OOC design OOC Model: auto_created_cwc1 .
RUN-1001 : Import OOC design success TD_VERSION=6.2.168116 , DB_VERSION=46207
RUN-1003 : finish command "compile_watcher" in  4.182542s wall, 0.109375s user + 0.078125s system = 0.187500s CPU (4.5%)

RUN-1004 : used memory is 285 MB, reserved memory is 301 MB, peak memory is 285 MB
RUN-1002 : start command "pack -eco"
SYN-4002 : Packing 0 DFF/LATCH to SEQ ...
RUN-1002 : start command "legalize_phy_inst"
SYN-1001 : Stage 1 | Legalize Phy Inst
SYN-1011 : Flatten model UDP_Example_Top
SYN-1001 : End Stage 1 | Legalize Phy Inst; Time: 0.040519s wall, 0.046875s user + 0.000000s system = 0.046875s CPU (115.7%); Memory(MB): used = 285, reserved = 301, peak = 285;

RUN-1003 : finish command "insert_debugger ../../chip_debugger" in  7.610305s wall, 3.468750s user + 0.125000s system = 3.593750s CPU (47.2%)

RUN-1004 : used memory is 285 MB, reserved memory is 301 MB, peak memory is 285 MB
RUN-1002 : start command "place"
RUN-1001 : Open license file D:/Anlogic/TD_6.2.1_Engineer_6.2.168.116/license/Anlogic.lic
PHY-3001 : Placer runs in 16 thread(s) with high effort.
PHY-1001 : Stage 1 | Initialize Design
PHY-1001 : Stage 1.1 | Build Design
PHY-1001 : 4215 luts, 5402 seqs, 237 mslices, 125 lslices, 89 pads, 37 brams, 0 dsps
RUN-1002 : start command "legalize_phy_inst"
SYN-1011 : Flatten model UDP_Example_Top
PHY-1001 : Remove keep and sweep redundant instances ...
PHY-1001 : 4121 luts, 5253 seqs, 221 mslices, 109 lslices, 89 pads, 37 brams, 0 dsps
PHY-1001 : End Stage 1.1 | Build Design; Time: 0.088628s wall, 0.078125s user + 0.000000s system = 0.078125s CPU (88.1%); Memory(MB): used = 285, reserved = 301, peak = 285;

PHY-1001 : Stage 1.2 | Optimize Design
OPT-1001 : Stage 1.2.1 | Simplify Lut
OPT-1001 : End Stage 1.2.1 | Simplify Lut; Time: 0.021855s wall, 0.031250s user + 0.000000s system = 0.031250s CPU (143.0%); Memory(MB): used = 285, reserved = 301, peak = 285;

OPT-1001 : Stage 1.2.2 | Sweep
OPT-1001 : End Stage 1.2.2 | Sweep; Time: 0.007772s wall, 0.000000s user + 0.000000s system = 0.000000s CPU (n/a%); Memory(MB): used = 285, reserved = 301, peak = 285;

OPT-1001 : Stage 1.2.3 | Synthesize High-fanout Net
OPT-1001 : Current memory(MB): used = 285, reserved = 301, peak = 285.
OPT-1001 : End Stage 1.2.3 | Synthesize High-fanout Net; Time: 0.000038s wall, 0.000000s user + 0.000000s system = 0.000000s CPU (n/a%); Memory(MB): used = 285, reserved = 301, peak = 285;

OPT-1001 : End physical optimization;  0.029877s wall, 0.031250s user + 0.000000s system = 0.031250s CPU (104.6%)

PHY-1001 : End Stage 1.2 | Optimize Design; Time: 0.029955s wall, 0.031250s user + 0.000000s system = 0.031250s CPU (104.3%); Memory(MB): used = 285, reserved = 301, peak = 285;

PHY-1001 : Stage 1.3 | Initialize Clock
SYN-4016 : Net t3_sdram/u0_clk/clk0_out driven by BUFG (0 clock/control pins, 1 other pins).
SYN-4016 : Net u4_trimac_block/rx_clk driven by BUFG (373 clock/control pins, 0 other pins).
SYN-4016 : Net temac_clk driven by BUFG (0 clock/control pins, 1 other pins).
SYN-4016 : Net u_ov5640_dri/u_i2c_dr/clk driven by BUFG (11 clock/control pins, 2 other pins).
SYN-4016 : Net u_rx_pll/clk0_out driven by BUFG (0 clock/control pins, 1 other pins).
SYN-4027 : Net t3_sdram/u1_app_wrrd/clk is clkc1 of pll t3_sdram/u0_clk/pll_inst.
SYN-4027 : Net t3_sdram/u2_ram/SDRAM_CLK is clkc2 of pll t3_sdram/u0_clk/pll_inst.
SYN-4019 : Net u_ov5640_dri/u_i2c_dr/clk is refclk of pll t3_sdram/u0_clk/pll_inst.
SYN-4020 : Net u_ov5640_dri/u_i2c_dr/clk is fbclk of pll t3_sdram/u0_clk/pll_inst.
SYN-4027 : Net udp_clk is clkc1 of pll u_clk_gen/u_pll_0/pll_inst.
SYN-4027 : Net temac_clk90 is clkc4 of pll u_clk_gen/u_pll_0/pll_inst.
SYN-4019 : Net clk_50_dup_1 is refclk of pll u_clk_gen/u_pll_0/pll_inst.
SYN-4020 : Net clk_50_dup_1 is fbclk of pll u_clk_gen/u_pll_0/pll_inst.
SYN-4019 : Net clk_50_dup_1 is refclk of pll u_pll_50/pll_inst.
SYN-4020 : Net clk_50_dup_1 is fbclk of pll u_pll_50/pll_inst.
SYN-4019 : Net auto_created_cwc1/wrapper_cwc_top/U_cwc_ram/clka is refclk of pll u_rx_pll/pll_inst.
SYN-4020 : Net auto_created_cwc1/wrapper_cwc_top/U_cwc_ram/clka is fbclk of pll u_rx_pll/pll_inst.
SYN-4024 : Net "cwc_jtck" drives clk pins.
SYN-4024 : Net "t3_sdram/u1_app_wrrd/u_wr_fifo_sdr_data/clkw" drives clk pins.
SYN-4024 : Net "u_ov5640_dri/u_i2c_dr/dri_clk" drives clk pins.
SYN-4025 : Tag rtl::Net auto_created_cwc1/wrapper_cwc_top/U_cwc_ram/clka as clock net
SYN-4025 : Tag rtl::Net clk_50_dup_1 as clock net
SYN-4025 : Tag rtl::Net cwc_jtck as clock net
SYN-4025 : Tag rtl::Net t3_sdram/u0_clk/clk0_out as clock net
SYN-4025 : Tag rtl::Net t3_sdram/u1_app_wrrd/clk as clock net
SYN-4025 : Tag rtl::Net t3_sdram/u1_app_wrrd/u_wr_fifo_sdr_data/clkw as clock net
SYN-4025 : Tag rtl::Net t3_sdram/u2_ram/SDRAM_CLK as clock net
SYN-4025 : Tag rtl::Net temac_clk as clock net
SYN-4025 : Tag rtl::Net temac_clk90 as clock net
SYN-4025 : Tag rtl::Net u4_trimac_block/rx_clk as clock net
SYN-4025 : Tag rtl::Net u_ov5640_dri/u_i2c_dr/clk as clock net
SYN-4025 : Tag rtl::Net u_ov5640_dri/u_i2c_dr/dri_clk as clock net
SYN-4025 : Tag rtl::Net u_rx_pll/clk0_out as clock net
SYN-4025 : Tag rtl::Net udp_clk as clock net
SYN-4026 : Tagged 14 rtl::Net as clock net
SYN-4015 : Create BUFG instance for clk Net cwc_jtck to drive 389 clock pins.
SYN-4015 : Create BUFG instance for clk Net t3_sdram/u1_app_wrrd/u_wr_fifo_sdr_data/clkw to drive 163 clock pins.
SYN-4015 : Create BUFG instance for clk Net u_ov5640_dri/u_i2c_dr/dri_clk to drive 65 clock pins.
PHY-1001 : Populate physical database on model UDP_Example_Top.
RUN-1001 : There are total 9847 instances
RUN-0007 : 4119 luts, 5253 seqs, 221 mslices, 109 lslices, 89 pads, 37 brams, 0 dsps
RUN-1001 : There are total 10729 nets
RUN-1001 : 7866 nets have 2 pins
RUN-1001 : 2049 nets have [3 - 5] pins
RUN-1001 : 495 nets have [6 - 10] pins
RUN-1001 : 187 nets have [11 - 20] pins
RUN-1001 : 109 nets have [21 - 99] pins
RUN-1001 : 23 nets have 100+ pins
PHY-1001 : End Stage 1.3 | Initialize Clock; Time: 0.037695s wall, 0.031250s user + 0.000000s system = 0.031250s CPU (82.9%); Memory(MB): used = 293, reserved = 301, peak = 293;

PHY-1001 : End Stage 1 | Initialize Design; Time: 0.170380s wall, 0.156250s user + 0.000000s system = 0.156250s CPU (91.7%); Memory(MB): used = 293, reserved = 301, peak = 293;

PHY-1001 : Stage 2 | Global Placement
RUN-1001 : Report Control nets information:
RUN-1001 : DFF Distribution
RUN-1001 : -------------------------------------
RUN-1001 :   CE   |  SSR  |  ASR  |  DFF Count  
RUN-1001 : -------------------------------------
RUN-1001 :   No   |  No   |  No   |     876     
RUN-1001 :   No   |  No   |  Yes  |    1110     
RUN-1001 :   No   |  Yes  |  No   |     81      
RUN-1001 :   Yes  |  No   |  No   |     207     
RUN-1001 :   Yes  |  No   |  Yes  |    2508     
RUN-1001 :   Yes  |  Yes  |  No   |     471     
RUN-1001 : -------------------------------------
RUN-1001 : Control Group Statistic
RUN-1001 : -----------------------------
RUN-1001 :   #CLK  |  #CE  |  #SSR/ASR  
RUN-1001 : -----------------------------
RUN-1001 :    9    |  145  |     22     
RUN-1001 : -----------------------------
RUN-0007 : Control Set = 175
PHY-1001 : Stage 2.1 | Place Fixed Instances
PHY-1001 : End Stage 2.1 | Place Fixed Instances; Time: 0.056123s wall, 0.062500s user + 0.000000s system = 0.062500s CPU (111.4%); Memory(MB): used = 306, reserved = 301, peak = 306;

PHY-1001 : Stage 2.2 | Pre-Place DRC Check
PHY-1001 : Stage 2.2.1 | Force Route Constraint Check
PHY-1001 : Check Pass.
PHY-1001 : End Stage 2.2.1 | Force Route Constraint Check; Time: 0.000910s wall, 0.000000s user + 0.000000s system = 0.000000s CPU (n/a%); Memory(MB): used = 306, reserved = 301, peak = 306;

PHY-1001 : End Stage 2.2 | Pre-Place DRC Check; Time: 0.000949s wall, 0.000000s user + 0.000000s system = 0.000000s CPU (n/a%); Memory(MB): used = 306, reserved = 301, peak = 306;

PHY-1001 : Stage 2.3 | Global Placement Step 1
PHY-3001 : Target density is 27%
PHY-1001 : Stage 2.3.1 | Update Timing
RUN-1002 : start command "start_timer"
PHY-1001 : SWNS: -5291, STNS: -283285, FEP: 119
PHY-1001 : End Stage 2.3.1 | Update Timing; Time: 1.703755s wall, 1.703125s user + 0.000000s system = 1.703125s CPU (100.0%); Memory(MB): used = 325, reserved = 317, peak = 325;

PHY-0007 : Cell area utilization is 27%
RUN-1001 : Huge Net Statistic
RUN-1001 : ---------------------------------------------
RUN-1001 :   Fanout  |  Slack  |          Net           
RUN-1001 : ---------------------------------------------
RUN-1001 :    2761   |  1221   |  u7_rx_fifo/wr_sreset  
RUN-1001 : ---------------------------------------------
PHY-3001 : Clustering ...
PHY-3001 : End clustering;  0.057843s wall, 0.046875s user + 0.000000s system = 0.046875s CPU (81.0%)

PHY-3001 : Target density is 27%
PHY-1001 : Stage 2.3.2 | GP Iteration
PHY-1001 : End Stage 2.3.2 | GP Iteration; Time: 0.943320s wall, 2.296875s user + 1.390625s system = 3.687500s CPU (390.9%); Memory(MB): used = 329, reserved = 320, peak = 329;

PHY-3001 : Multithread accelerating rate: 3.72
PHY-3001 : Low accelerating rate: 3.72. This may happen when it is heavy-loaded.
TMR-2502 : Net delay update with mode: Placed
PHY-3001 : No need to merge 9x9 Dsps.
PHY-1001 : Populate physical database on model UDP_Example_Top.
PHY-1001 : End Stage 2.3 | Global Placement Step 1; Time: 3.972743s wall, 5.265625s user + 1.437500s system = 6.703125s CPU (168.7%); Memory(MB): used = 330, reserved = 321, peak = 330;

PHY-1001 : Stage 2.4 | RAM/DSP Legalization and Detailed Placement
PHY-1001 : Stage 2.4.1 | Legalization
PHY-3001 : Before Legalized: Len = 237484
PHY-3001 : After Legalized: Len = 258246, Over = 3.1875
PHY-1001 : End Stage 2.4.1 | Legalization; Time: 1.150172s wall, 1.140625s user + 0.015625s system = 1.156250s CPU (100.5%); Memory(MB): used = 330, reserved = 321, peak = 330;

PHY-1001 : End Stage 2.4 | RAM/DSP Legalization and Detailed Placement; Time: 1.150623s wall, 1.140625s user + 0.015625s system = 1.156250s CPU (100.5%); Memory(MB): used = 330, reserved = 321, peak = 330;

PHY-1001 : Stage 2.5 | Global Placement Step 2
PHY-3001 : Target density is 33%
PHY-1001 : Stage 2.5.1 | Update Timing
PHY-1001 : SWNS: -7693, STNS: -294964, FEP: 81
PHY-1001 : End Stage 2.5.1 | Update Timing; Time: 0.092544s wall, 0.093750s user + 0.000000s system = 0.093750s CPU (101.3%); Memory(MB): used = 331, reserved = 322, peak = 331;

PHY-1001 : Stage 2.5.2 | Refresh Congestion
RUN-1001 : Generating global routing grids ...
RUN-1001 : Building simple global routing graph ...
PHY-1001 : Generate routing nets ...
PHY-1001 : Reuse net number 0/3496.
PHY-1001 : Global iterations in 16 thread ...
PHY-1002 : len = 296520, over cnt = 705(2%), over = 3221, worst = 41
PHY-1001 : End global iterations;  0.283833s wall, 0.343750s user + 0.031250s system = 0.375000s CPU (132.1%)

PHY-1001 : Congestion index:
PHY-1001 : top1  = 65.56(S 107.07, N 132.84, E 92.35, W 51.81, I 0.00, O 0.00)
PHY-1001 : top5  = 43.43(S 63.93, N 79.85, E 57.51, W 33.41, I 0.00, O 0.00)
PHY-1001 : top10 = 34.20(S 46.92, N 58.70, E 42.42, W 25.97, I 0.00, O 0.00)
PHY-1001 : top15 = 28.85(S 38.03, N 47.06, E 34.29, W 21.52, I 0.00, O 0.00)
PHY-1001 : End Stage 2.5.2 | Refresh Congestion; Time: 0.408429s wall, 0.468750s user + 0.031250s system = 0.500000s CPU (122.4%); Memory(MB): used = 366, reserved = 356, peak = 366;

PHY-1001 : Stage 2.5.3 | GP Iteration
PHY-1001 : End Stage 2.5.3 | GP Iteration; Time: 1.777793s wall, 7.562500s user + 0.593750s system = 8.156250s CPU (458.8%); Memory(MB): used = 366, reserved = 356, peak = 366;

PHY-3001 : Multithread accelerating rate: 4.58
PHY-1001 : End Stage 2.5 | Global Placement Step 2; Time: 3.459088s wall, 9.265625s user + 0.640625s system = 9.906250s CPU (286.4%); Memory(MB): used = 367, reserved = 357, peak = 367;

PHY-1001 : Stage 2.6 | RAM/DSP Detailed Placement
PHY-1001 : End Stage 2.6 | RAM/DSP Detailed Placement; Time: 0.006742s wall, 0.015625s user + 0.000000s system = 0.015625s CPU (231.7%); Memory(MB): used = 367, reserved = 357, peak = 367;

PHY-1001 : Stage 2.7 | Optimize Design
OPT-1001 : Start physical optimization ...
OPT-1001 : Total overflow 129.75 peak overflow 1.75
OPT-1001 : Stage 2.7.1 | Synthesize High-fanout Net
OPT-1001 : Start high-fanout net optimization in pre-pack flow with high effort ...
OPT-1001 : Update timing in Manhattan mode
OPT-1001 : End timing update;  1.138485s wall, 1.140625s user + 0.000000s system = 1.140625s CPU (100.2%)

OPT-1001 : Start: SWNS -7693 STNS -295414 NUM_FEPS 81
OPT-1001 : Total overflow 129.75 peak overflow 1.75
PHY-1001 : Populate physical database on model UDP_Example_Top.
OPT-1001 : 20 high-fanout net processed.
PHY-3001 : Start incremental placement ...
PHY-1001 : Populate physical database on model UDP_Example_Top.
PHY-3001 : Target density is 34%
PHY-3001 : Target density is 34%
PHY-1001 : Stage 2.7.1.1 | Update Timing
PHY-1001 : SWNS: -4713, STNS: -250670, FEP: 90
PHY-1001 : End Stage 2.7.1.1 | Update Timing; Time: 0.117772s wall, 0.109375s user + 0.000000s system = 0.109375s CPU (92.9%); Memory(MB): used = 370, reserved = 360, peak = 370;

PHY-1001 : Stage 2.7.1.2 | Refresh Congestion
RUN-1001 : Generating global routing grids ...
PHY-1001 : Generate routing nets ...
PHY-1001 : Reuse net number 31/9295.
PHY-1001 : Global iterations in 16 thread ...
PHY-1002 : len = 400800, over cnt = 1245(3%), over = 3911, worst = 23
PHY-1001 : End global iterations;  0.569114s wall, 0.968750s user + 0.015625s system = 0.984375s CPU (173.0%)

PHY-1001 : Congestion index:
PHY-1001 : top1  = 52.82(S 77.48, N 141.16, E 78.99, W 50.11, I 0.00, O 0.00)
PHY-1001 : top5  = 40.66(S 52.22, N 87.07, E 55.62, W 36.00, I 0.00, O 0.00)
PHY-1001 : top10 = 35.14(S 42.40, N 66.39, E 46.71, W 30.29, I 0.00, O 0.00)
PHY-1001 : top15 = 31.75(S 36.98, N 55.88, E 41.46, W 27.04, I 0.00, O 0.00)
PHY-1001 : End Stage 2.7.1.2 | Refresh Congestion; Time: 0.685666s wall, 1.078125s user + 0.015625s system = 1.093750s CPU (159.5%); Memory(MB): used = 377, reserved = 367, peak = 377;

PHY-1001 : Stage 2.7.1.3 | GP Iteration
PHY-1001 : End Stage 2.7.1.3 | GP Iteration; Time: 0.683828s wall, 3.031250s user + 0.125000s system = 3.156250s CPU (461.6%); Memory(MB): used = 377, reserved = 367, peak = 377;

PHY-3001 : Multithread accelerating rate: 4.60
PHY-3001 : Final: Len = 311238, Over = 12.6562
PHY-3001 : End incremental placement;  1.676223s wall, 4.421875s user + 0.140625s system = 4.562500s CPU (272.2%)

OPT-1001 : Total overflow 161.94 peak overflow 2.06
RUN-1001 : HFN opt statistic
RUN-1001 : ------------------------------------------------------
RUN-1001 :   DriverCell type  |  HFN count  |  Duplicated count  
RUN-1001 : ------------------------------------------------------
RUN-1001 :         REG        |     12      |         84         
RUN-1001 :        LUT6        |      0      |         0          
RUN-1001 :        LUT5        |      0      |         0          
RUN-1001 :        LUT4        |      1      |         6          
RUN-1001 :        LUT3        |      3      |         97         
RUN-1001 :        LUT2        |      4      |         39         
RUN-1001 :        TOTAL       |     20      |        226         
RUN-1001 : ------------------------------------------------------
OPT-1001 : End high-fanout net optimization;  4.853695s wall, 7.562500s user + 0.140625s system = 7.703125s CPU (158.7%)

OPT-1001 : Update timing in Manhattan mode
OPT-1001 : End timing update;  1.272926s wall, 1.250000s user + 0.015625s system = 1.265625s CPU (99.4%)

OPT-1001 : Current memory(MB): used = 377, reserved = 367, peak = 377.
OPT-1001 : End Stage 2.7.1 | Synthesize High-fanout Net; Time: 6.236572s wall, 8.921875s user + 0.156250s system = 9.078125s CPU (145.6%); Memory(MB): used = 377, reserved = 367, peak = 377;

OPT-1001 : Stage 2.7.2 | Optimize Bottleneck
OPT-1001 : Start bottleneck based optimization ...
OPT-0007 : Start: SWNS -4713 STNS -249246 NUM_FEPS 88
OPT-1001 : Start congestion update ...
RUN-1001 : Generating global routing grids ...
PHY-1001 : Generate routing nets ...
PHY-1001 : Reuse net number 1318/8996.
PHY-1001 : Global iterations in 16 thread ...
PHY-1002 : len = 370232, over cnt = 982(2%), over = 2091, worst = 11
PHY-1002 : len = 380784, over cnt = 686(1%), over = 1233, worst = 9
PHY-1002 : len = 389840, over cnt = 279(0%), over = 536, worst = 8
PHY-1002 : len = 394104, over cnt = 122(0%), over = 218, worst = 8
PHY-1002 : len = 397776, over cnt = 0(0%), over = 0, worst = 0
PHY-1001 : End global iterations;  0.988796s wall, 1.234375s user + 0.031250s system = 1.265625s CPU (128.0%)

PHY-1001 : Congestion index:
PHY-1001 : top1  = 41.04(S 54.91, N 70.86, E 54.40, W 43.60, I 0.00, O 0.00)
PHY-1001 : top5  = 34.29(S 43.31, N 57.05, E 44.19, W 33.98, I 0.00, O 0.00)
PHY-1001 : top10 = 30.63(S 36.72, N 48.95, E 38.64, W 28.96, I 0.00, O 0.00)
PHY-1001 : top15 = 28.20(S 32.85, N 43.86, E 35.22, W 26.06, I 0.00, O 0.00)
OPT-1001 : End congestion update;  1.189692s wall, 1.437500s user + 0.031250s system = 1.468750s CPU (123.5%)

OPT-0007 : Iter 1: improved SWNS -4713 STNS -249708 NUM_FEPS 89 with 22(64) cells processed with 1118 slack improved, crit_thod: 1541 ratio: 0.96(22/23) rt: 0.2s
OPT-0007 : Iter 2: improved SWNS -4713 STNS -249708 NUM_FEPS 89 with 3(65) cells processed with 100 slack improved, crit_thod: 1607 ratio: 1.00(3/3) rt: 0.2s
OPT-0007 : Iter 3: improved SWNS -4713 STNS -249708 NUM_FEPS 89 with 0(65) cells processed with 0 slack improved, crit_thod: 1623 ratio: -1.00(0/0) rt: 0.2s
OPT-1001 : End bottleneck based optimization;  1.688100s wall, 1.937500s user + 0.031250s system = 1.968750s CPU (116.6%)

OPT-1001 : Current memory(MB): used = 377, reserved = 367, peak = 377.
OPT-1001 : End Stage 2.7.2 | Optimize Bottleneck; Time: 1.797566s wall, 2.046875s user + 0.031250s system = 2.078125s CPU (115.6%); Memory(MB): used = 377, reserved = 367, peak = 377;

OPT-1001 : Stage 2.7.3 | Optimize Path
OPT-1001 : Start path based optimization ...
OPT-0007 : Start: SWNS -4713 STNS -249708 NUM_FEPS 89 with mode 0
OPT-1001 : Start congestion update ...
RUN-1001 : Generating global routing grids ...
PHY-1001 : Generate routing nets ...
PHY-1001 : Reuse net number 8927/8993.
PHY-1001 : Global iterations in 16 thread ...
PHY-1002 : len = 397784, over cnt = 14(0%), over = 16, worst = 2
PHY-1002 : len = 397880, over cnt = 9(0%), over = 9, worst = 1
PHY-1002 : len = 397928, over cnt = 1(0%), over = 1, worst = 1
PHY-1002 : len = 397944, over cnt = 0(0%), over = 0, worst = 0
PHY-1001 : End global iterations;  0.146918s wall, 0.140625s user + 0.000000s system = 0.140625s CPU (95.7%)

PHY-1001 : Congestion index:
PHY-1001 : top1  = 41.15(S 54.57, N 70.86, E 54.40, W 43.51, I 0.00, O 0.00)
PHY-1001 : top5  = 34.25(S 43.28, N 56.99, E 44.17, W 33.93, I 0.00, O 0.00)
PHY-1001 : top10 = 30.61(S 36.74, N 48.85, E 38.65, W 28.98, I 0.00, O 0.00)
PHY-1001 : top15 = 28.21(S 32.89, N 43.80, E 35.24, W 26.11, I 0.00, O 0.00)
OPT-1001 : End congestion update;  0.355311s wall, 0.359375s user + 0.000000s system = 0.359375s CPU (101.1%)

OPT-0007 : Iter 1: improved SWNS -4713 STNS -248172 NUM_FEPS 86 with 23(380) cells and 194(194) paths processed with 1600 slack improved, crit_thod: 1623 ratio: 1.00(23/23) rt: 0.2s
OPT-0007 : Iter 2: improved SWNS -4713 STNS -248172 NUM_FEPS 86 with 0(2) cells and 189(189) paths processed with 0 slack improved, crit_thod: 1643 ratio: -1.00(0/0) rt: 0.1s
OPT-1001 : End path based optimization;  0.623032s wall, 0.625000s user + 0.000000s system = 0.625000s CPU (100.3%)

OPT-1001 : Current memory(MB): used = 377, reserved = 367, peak = 377.
OPT-1001 : End Stage 2.7.3 | Optimize Path; Time: 0.731520s wall, 0.734375s user + 0.000000s system = 0.734375s CPU (100.4%); Memory(MB): used = 377, reserved = 367, peak = 377;

OPT-0007 : End flow prepack: SWNS -4713 STNS -248172 NUM_FEPS 86
OPT-1001 : End physical optimization;  8.795541s wall, 11.734375s user + 0.187500s system = 11.921875s CPU (135.5%)

PHY-1001 : End Stage 2.7 | Optimize Design; Time: 8.795632s wall, 11.734375s user + 0.187500s system = 11.921875s CPU (135.5%); Memory(MB): used = 377, reserved = 367, peak = 377;

PHY-1001 : Stage 2.8 | Place Packing
PHY-1001 : Stage 2.8.1 | Packing
SYN-4007 : Packing 0 MUX to BLE ...
SYN-4008 : Packed 0 MUX and 0 SEQ to BLE.
SYN-4007 : Packing 4261 LUT to BLE ...
SYN-4008 : Packed 4261 LUT and 2637 SEQ to BLE.
SYN-4003 : Packing 2700 remaining SEQ's ...
SYN-4005 : Packed 1161 SEQ with LUT/SLICE
SYN-4006 : 510 single LUT's are left
SYN-4006 : 1539 single SEQ's are left
SYN-4011 : Packing model "UDP_Example_Top" (AL_USER_NORMAL) with 5800/6275 primitive instances ...
PHY-1001 : Populate physical database on model UDP_Example_Top.
RUN-1001 : There are total 3857 instances
RUN-1001 : 1856 mslices, 1856 lslices, 89 pads, 37 brams, 0 dsps
RUN-1001 : There are total 8432 nets
RUN-1001 : 5257 nets have 2 pins
RUN-1001 : 2125 nets have [3 - 5] pins
RUN-1001 : 588 nets have [6 - 10] pins
RUN-1001 : 271 nets have [11 - 20] pins
RUN-1001 : 181 nets have [21 - 99] pins
RUN-1001 : 10 nets have 100+ pins
PHY-3001 : Target density is 46%
RUN-1002 : start command "start_timer"
USR-1002 : Derived clock:  create_generated_clock -name {u_clk_gen/u_pll_0/pll_inst.clkc[0]} -source [get_ports {clk_50}] -master_clock {clk_in} -multiply_by 2.5000 -duty_cycle 50.0000 [get_pins {u_clk_gen/u_pll_0/pll_inst.clkc[0]}]
USR-1002 : Derived clock:  create_generated_clock -name {u_clk_gen/u_pll_0/pll_inst.clkc[1]} -source [get_ports {clk_50}] -master_clock {clk_in} -multiply_by 2.5000 -duty_cycle 50.0000 [get_pins {u_clk_gen/u_pll_0/pll_inst.clkc[1]}]
USR-1002 : Derived clock:  create_generated_clock -name {u_clk_gen/u_pll_0/pll_inst.clkc[4]} -source [get_ports {clk_50}] -master_clock {clk_in} -multiply_by 2.5000 -phase 90 -duty_cycle 50.0000 [get_pins {u_clk_gen/u_pll_0/pll_inst.clkc[4]}]
USR-1002 : Derived clock:  create_generated_clock -name {u_pll_50/pll_inst.clkc[0]} -source [get_ports {clk_50}] -master_clock {clk_in} -multiply_by 1.0000 -duty_cycle 50.0000 [get_pins {u_pll_50/pll_inst.clkc[0]}]
USR-1002 : Derived clock:  create_generated_clock -name {u_rx_pll/pll_inst.clkc[0]} -source [get_ports {phy1_rgmii_rx_clk}] -master_clock {phy1_rgmii_rx_clk} -multiply_by 1.0000 -duty_cycle 50.0000 [get_pins {u_rx_pll/pll_inst.clkc[0]}]
USR-1002 : Derived clock:  create_generated_clock -name {u_rx_pll/pll_inst.clkc[1]} -source [get_ports {phy1_rgmii_rx_clk}] -master_clock {phy1_rgmii_rx_clk} -multiply_by 1.0000 -duty_cycle 50.0000 [get_pins {u_rx_pll/pll_inst.clkc[1]}]
USR-1002 : Derived clock:  create_generated_clock -name {t3_sdram/u0_clk/pll_inst.clkc[0]} -source [get_pins {u_pll_50/pll_inst.clkc[0]}] -master_clock {u_pll_50/pll_inst.clkc[0]} -divide_by 4.0000 -duty_cycle 50.0000 [get_pins {t3_sdram/u0_clk/pll_inst.clkc[0]}]
USR-1002 : Derived clock:  create_generated_clock -name {t3_sdram/u0_clk/pll_inst.clkc[1]} -source [get_pins {u_pll_50/pll_inst.clkc[0]}] -master_clock {u_pll_50/pll_inst.clkc[0]} -multiply_by 2.5000 -duty_cycle 50.0000 [get_pins {t3_sdram/u0_clk/pll_inst.clkc[1]}]
USR-1002 : Derived clock:  create_generated_clock -name {t3_sdram/u0_clk/pll_inst.clkc[2]} -source [get_pins {u_pll_50/pll_inst.clkc[0]}] -master_clock {u_pll_50/pll_inst.clkc[0]} -multiply_by 2.5000 -phase 180 -duty_cycle 50.0000 [get_pins {t3_sdram/u0_clk/pll_inst.clkc[2]}]
8.000000
USR-8130 CRITICAL-WARNING: No clock match the pattern: u_clk_gen/u_pll_0/pll_inst.clkc\[3\].
USR-8124 CRITICAL-WARNING: Rename_clock: please specify object list.
USR-8159 CRITICAL-WARNING: Command rename_clock -name {pll_inst_25M} [get_clocks {u_clk_gen/u_pll_0/pll_inst.clkc[3]}] in D:/Anlu/video640 19fps/UDP_EG4_6.2/source_code/constraints/UDP.sdc(8) fails.
RUN-1003 : finish command "start_timer" in  3.248180s wall, 3.203125s user + 0.031250s system = 3.234375s CPU (99.6%)

RUN-1004 : used memory is 379 MB, reserved memory is 369 MB, peak memory is 379 MB
PHY-1001 : End Stage 2.8.1 | Packing; Time: 5.344643s wall, 5.265625s user + 0.062500s system = 5.328125s CPU (99.7%); Memory(MB): used = 379, reserved = 369, peak = 379;

PHY-1001 : Stage 2.8.2 | Post Pack GP
PHY-3001 : Target density is 44%
PHY-3001 : Cell area utilization is 44%
PHY-3001 : After packing: Len = 316115, Over = 51
PHY-3001 : Target density is 44%
PHY-1001 : Stage 2.8.2.1 | Update Timing
PHY-1001 : SWNS: -5043, STNS: -248145, FEP: 85
PHY-1001 : End Stage 2.8.2.1 | Update Timing; Time: 0.084907s wall, 0.078125s user + 0.015625s system = 0.093750s CPU (110.4%); Memory(MB): used = 379, reserved = 369, peak = 379;

PHY-1001 : Stage 2.8.2.2 | Refresh Congestion
RUN-1001 : Generating global routing grids ...
PHY-1001 : Generate routing nets ...
PHY-1001 : Reuse net number 3061/7163.
PHY-1001 : Global iterations in 16 thread ...
PHY-1002 : len = 392944, over cnt = 637(1%), over = 1009, worst = 7
PHY-1002 : len = 397440, over cnt = 425(1%), over = 588, worst = 7
PHY-1002 : len = 402376, over cnt = 129(0%), over = 170, worst = 6
PHY-1002 : len = 404504, over cnt = 12(0%), over = 13, worst = 2
PHY-1002 : len = 404592, over cnt = 2(0%), over = 2, worst = 1
PHY-1001 : End global iterations;  0.682501s wall, 0.890625s user + 0.015625s system = 0.906250s CPU (132.8%)

PHY-1001 : Congestion index:
PHY-1001 : top1  = 42.37(S 54.07, N 74.74, E 54.91, W 42.26, I 0.00, O 0.00)
PHY-1001 : top5  = 35.21(S 41.74, N 56.72, E 44.41, W 33.63, I 0.00, O 0.00)
PHY-1001 : top10 = 31.15(S 35.97, N 48.41, E 38.55, W 29.06, I 0.00, O 0.00)
PHY-1001 : top15 = 28.59(S 32.42, N 43.27, E 34.73, W 26.25, I 0.00, O 0.00)
PHY-1001 : End Stage 2.8.2.2 | Refresh Congestion; Time: 0.901806s wall, 1.093750s user + 0.015625s system = 1.109375s CPU (123.0%); Memory(MB): used = 381, reserved = 370, peak = 381;

PHY-1001 : Stage 2.8.2.3 | GP Iteration
PHY-1001 : End Stage 2.8.2.3 | GP Iteration; Time: 0.419080s wall, 1.859375s user + 0.093750s system = 1.953125s CPU (466.1%); Memory(MB): used = 381, reserved = 370, peak = 381;

PHY-3001 : Multithread accelerating rate: 4.64
PHY-1001 : End Stage 2.8.2 | Post Pack GP; Time: 1.415021s wall, 3.031250s user + 0.125000s system = 3.156250s CPU (223.1%); Memory(MB): used = 381, reserved = 370, peak = 381;

PHY-1001 : End Stage 2.8 | Place Packing; Time: 6.759814s wall, 8.296875s user + 0.187500s system = 8.484375s CPU (125.5%); Memory(MB): used = 381, reserved = 370, peak = 381;

PHY-1001 : Stage 2.9 | Legalization
PHY-3001 : Before Legalized: Len = 335430
PHY-3001 : After Legalized: Len = 361629, Over = 0
PHY-1001 : End Stage 2.9 | Legalization; Time: 0.014622s wall, 0.015625s user + 0.000000s system = 0.015625s CPU (106.9%); Memory(MB): used = 381, reserved = 370, peak = 381;

PHY-1001 : Stage 2.10 | Global Placement Step 3
PHY-3001 : Target density is 44%
PHY-1001 : Stage 2.10.1 | Update Timing
PHY-1001 : SWNS: -4713, STNS: -248771, FEP: 87
PHY-1001 : End Stage 2.10.1 | Update Timing; Time: 1.097522s wall, 1.078125s user + 0.031250s system = 1.109375s CPU (101.1%); Memory(MB): used = 382, reserved = 371, peak = 382;

PHY-1001 : Stage 2.10.2 | Refresh Congestion
RUN-1001 : Generating global routing grids ...
PHY-1001 : Generate routing nets ...
PHY-1001 : Reuse net number 208/7682.
PHY-1001 : Global iterations in 16 thread ...
PHY-1002 : len = 423912, over cnt = 814(2%), over = 1456, worst = 8
PHY-1002 : len = 434440, over cnt = 416(1%), over = 623, worst = 7
PHY-1002 : len = 440440, over cnt = 103(0%), over = 168, worst = 7
PHY-1002 : len = 442520, over cnt = 17(0%), over = 23, worst = 5
PHY-1002 : len = 442872, over cnt = 0(0%), over = 0, worst = 0
PHY-1001 : End global iterations;  1.026564s wall, 1.359375s user + 0.015625s system = 1.375000s CPU (133.9%)

PHY-1001 : Congestion index:
PHY-1001 : top1  = 45.21(S 55.52, N 75.88, E 55.43, W 45.65, I 0.00, O 0.00)
PHY-1001 : top5  = 37.21(S 42.90, N 61.51, E 45.23, W 35.75, I 0.00, O 0.00)
PHY-1001 : top10 = 33.39(S 36.89, N 53.13, E 39.79, W 31.00, I 0.00, O 0.00)
PHY-1001 : top15 = 30.87(S 33.28, N 47.39, E 36.13, W 28.12, I 0.00, O 0.00)
PHY-1001 : End Stage 2.10.2 | Refresh Congestion; Time: 1.258917s wall, 1.578125s user + 0.015625s system = 1.593750s CPU (126.6%); Memory(MB): used = 388, reserved = 377, peak = 388;

PHY-1001 : Stage 2.10.3 | GP Iteration
PHY-1001 : End Stage 2.10.3 | GP Iteration; Time: 0.294280s wall, 1.000000s user + 0.062500s system = 1.062500s CPU (361.1%); Memory(MB): used = 388, reserved = 377, peak = 388;

PHY-3001 : Multithread accelerating rate: 3.59
PHY-3001 : Low accelerating rate: 3.59. This may happen when it is heavy-loaded.
PHY-1001 : End Stage 2.10 | Global Placement Step 3; Time: 2.682370s wall, 3.671875s user + 0.109375s system = 3.781250s CPU (141.0%); Memory(MB): used = 388, reserved = 377, peak = 388;

PHY-1001 : Stage 2.11 | Final Legalization
PHY-3001 : Before Legalized: Len = 336338
PHY-3001 : After Legalized: Len = 347187, Over = 0
PHY-1001 : End Stage 2.11 | Final Legalization; Time: 0.011931s wall, 0.015625s user + 0.000000s system = 0.015625s CPU (131.0%); Memory(MB): used = 388, reserved = 377, peak = 388;

PHY-1001 : End Stage 2 | Global Placement; Time: 26.945404s wall, 39.515625s user + 2.578125s system = 42.093750s CPU (156.2%); Memory(MB): used = 388, reserved = 377, peak = 388;

PHY-1001 : Stage 3 | Detailed Placement
PHY-1001 : Stage 3.1 | SLICE Detailed Placement
PHY-1001 : Stage 3.1.1 | Spreading
PHY-3001 : Spreading special nets. 98 overflows in 2952 tiles.
PHY-3001 : End spreading;  0.030243s wall, 0.031250s user + 0.000000s system = 0.031250s CPU (103.3%)

PHY-1001 : End Stage 3.1.1 | Spreading; Time: 0.030343s wall, 0.031250s user + 0.000000s system = 0.031250s CPU (103.0%); Memory(MB): used = 388, reserved = 377, peak = 388;

PHY-3001 : Final: Len = 348625, Over = 0
PHY-1001 : End Stage 3.1 | SLICE Detailed Placement; Time: 1.156390s wall, 1.140625s user + 0.015625s system = 1.156250s CPU (100.0%); Memory(MB): used = 388, reserved = 377, peak = 388;

PHY-3001 : End Detailed Place; 
PHY-1001 : Stage 3.2 | Optimize Design
OPT-1001 : Start physical optimization ...
OPT-1001 : Total overflow 0.00 peak overflow 0.00
OPT-1001 : Stage 3.2.1 | Physical Optimization
OPT-1001 : Start high-fanout net optimization in optimize equivalent flow with high effort ...
OPT-1001 : Clean unloaded insts before merging registers
PHY-1001 : Populate physical database on model UDP_Example_Top.
PHY-1001 : Populate physical database on model UDP_Example_Top.
OPT-1001 : Total overflow 0.00 peak overflow 0.00
OPT-1001 : End optimize duplicated nets. Total 102 instances are merged and 1435 sinks are reconnected,  0.145811s wall, 0.156250s user + 0.000000s system = 0.156250s CPU (107.2%)

OPT-1001 : End high-fanout net optimization;  0.146295s wall, 0.156250s user + 0.000000s system = 0.156250s CPU (106.8%)

OPT-1001 : Update timing in Manhattan mode
RUN-1002 : start command "start_timer"
OPT-1001 : End timing update;  1.740101s wall, 1.718750s user + 0.000000s system = 1.718750s CPU (98.8%)

OPT-1001 : Current memory(MB): used = 388, reserved = 377, peak = 388.
OPT-1001 : End Stage 3.2.1 | Physical Optimization; Time: 1.980832s wall, 1.953125s user + 0.015625s system = 1.968750s CPU (99.4%); Memory(MB): used = 388, reserved = 377, peak = 388;

OPT-1001 : Stage 3.2.2 | Synthesize High-fanout Net
OPT-1001 : Start high-fanout net optimization in post-pack flow with high effort ...
OPT-1001 : Start: SWNS -4743 STNS -246780 NUM_FEPS 86
OPT-1001 : Total overflow 0.00 peak overflow 0.00
PHY-1001 : Populate physical database on model UDP_Example_Top.
OPT-1001 : 8 high-fanout net processed.
OPT-1001 : Total overflow 0.00 peak overflow 0.00
RUN-1001 : HFN opt statistic
RUN-1001 : ------------------------------------------------------
RUN-1001 :   DriverCell type  |  HFN count  |  Duplicated count  
RUN-1001 : ------------------------------------------------------
RUN-1001 :       LSLICE       |      0      |         0          
RUN-1001 :       MSLICE       |      0      |         0          
RUN-1001 :        OTHER       |      8      |         34         
RUN-1001 :        TOTAL       |      8      |         34         
RUN-1001 : ------------------------------------------------------
OPT-1001 : End high-fanout net optimization;  0.872656s wall, 1.109375s user + 0.031250s system = 1.140625s CPU (130.7%)

OPT-1001 : Current memory(MB): used = 388, reserved = 377, peak = 388.
OPT-1001 : End Stage 3.2.2 | Synthesize High-fanout Net; Time: 0.984406s wall, 1.218750s user + 0.031250s system = 1.250000s CPU (127.0%); Memory(MB): used = 388, reserved = 377, peak = 388;

OPT-1001 : Stage 3.2.3 | Optimize Bottleneck
OPT-1001 : Start bottleneck based optimization ...
OPT-0007 : Start: SWNS -4743 STNS -249990 NUM_FEPS 87
OPT-1001 : Start congestion update ...
RUN-1001 : Generating global routing grids ...
PHY-1001 : Generate routing nets ...
PHY-1001 : Reuse net number 2107/7551.
PHY-1001 : Global iterations in 16 thread ...
PHY-1002 : len = 418272, over cnt = 751(2%), over = 1198, worst = 7
PHY-1002 : len = 424416, over cnt = 459(1%), over = 678, worst = 7
PHY-1002 : len = 430792, over cnt = 138(0%), over = 188, worst = 5
PHY-1002 : len = 432096, over cnt = 73(0%), over = 93, worst = 3
PHY-1002 : len = 433200, over cnt = 0(0%), over = 0, worst = 0
PHY-1001 : End global iterations;  1.010874s wall, 1.171875s user + 0.000000s system = 1.171875s CPU (115.9%)

PHY-1001 : Congestion index:
PHY-1001 : top1  = 41.66(S 51.47, N 75.58, E 55.34, W 43.02, I 0.00, O 0.00)
PHY-1001 : top5  = 35.24(S 40.95, N 60.65, E 43.89, W 34.52, I 0.00, O 0.00)
PHY-1001 : top10 = 31.67(S 35.67, N 51.95, E 38.10, W 30.07, I 0.00, O 0.00)
PHY-1001 : top15 = 29.31(S 32.30, N 46.58, E 34.60, W 27.18, I 0.00, O 0.00)
OPT-1001 : End congestion update;  1.254525s wall, 1.406250s user + 0.000000s system = 1.406250s CPU (112.1%)

PHY-3001 : Start incremental legalization ...
PHY-1001 : Populate physical database on model UDP_Example_Top.
PHY-7002 CRITICAL-WARNING: Instance t3_sdram/sdram location (12, 12) is not honored. Cell's initial location is not legal at the beginning of ECO placement, and will be moved during placement. Please verify user location constraints through the adc file.
PHY-3001 : Target density is 38%
PHY-3001 : Target density is 45%
PHY-3001 : Initial: Len = 347645, Over = 0
PHY-3001 : End spreading;  0.029169s wall, 0.015625s user + 0.000000s system = 0.015625s CPU (53.6%)

PHY-3001 : Final: Len = 347645, Over = 0
PHY-3001 : End incremental legalization;  0.162959s wall, 0.140625s user + 0.000000s system = 0.140625s CPU (86.3%)

OPT-0007 : Iter 1: improved SWNS -4743 STNS -249990 NUM_FEPS 87 with 21(54) cells processed with 3450 slack improved, crit_thod: 1713 ratio: 1.00(21/21) rt: 0.4s
OPT-0007 : Iter 2: improved SWNS -4743 STNS -249990 NUM_FEPS 87 with 0(0) cells processed with 0 slack improved, crit_thod: 1724 ratio: -1.00(0/0) rt: 0.1s
OPT-0007 : Iter 3: improved SWNS -4743 STNS -249990 NUM_FEPS 87 with 0(0) cells processed with 0 slack improved, crit_thod: 1724 ratio: -1.00(0/0) rt: 0.1s
OPT-1001 : End bottleneck based optimization;  1.802741s wall, 1.921875s user + 0.015625s system = 1.937500s CPU (107.5%)

OPT-1001 : Update timing in Manhattan mode
OPT-1001 : End timing update;  1.166901s wall, 1.140625s user + 0.031250s system = 1.171875s CPU (100.4%)

OPT-1001 : Current memory(MB): used = 392, reserved = 382, peak = 392.
OPT-1001 : End Stage 3.2.3 | Optimize Bottleneck; Time: 3.071047s wall, 3.171875s user + 0.046875s system = 3.218750s CPU (104.8%); Memory(MB): used = 392, reserved = 382, peak = 392;

OPT-1001 : Stage 3.2.4 | Optimize Path
OPT-1001 : Start path based optimization ...
OPT-0007 : Start: SWNS -4713 STNS -247810 NUM_FEPS 86 with mode 0
OPT-1001 : Start congestion update ...
RUN-1001 : Generating global routing grids ...
PHY-1001 : Generate routing nets ...
PHY-1001 : Reuse net number 7475/7550.
PHY-1001 : Global iterations in 16 thread ...
PHY-1002 : len = 433216, over cnt = 12(0%), over = 14, worst = 2
PHY-1002 : len = 433424, over cnt = 3(0%), over = 3, worst = 1
PHY-1002 : len = 433568, over cnt = 0(0%), over = 0, worst = 0
PHY-1001 : End global iterations;  0.127558s wall, 0.125000s user + 0.000000s system = 0.125000s CPU (98.0%)

PHY-1001 : Congestion index:
PHY-1001 : top1  = 41.61(S 51.55, N 75.58, E 55.34, W 43.28, I 0.00, O 0.00)
PHY-1001 : top5  = 35.28(S 40.98, N 60.67, E 43.71, W 34.58, I 0.00, O 0.00)
PHY-1001 : top10 = 31.71(S 35.67, N 52.05, E 37.96, W 30.09, I 0.00, O 0.00)
PHY-1001 : top15 = 29.33(S 32.28, N 46.75, E 34.56, W 27.18, I 0.00, O 0.00)
OPT-1001 : End congestion update;  0.339805s wall, 0.343750s user + 0.000000s system = 0.343750s CPU (101.2%)

PHY-3001 : Start incremental legalization ...
PHY-1001 : Populate physical database on model UDP_Example_Top.
PHY-7002 CRITICAL-WARNING: Instance t3_sdram/sdram location (164, 288) is not honored. Cell's initial location is not legal at the beginning of ECO placement, and will be moved during placement. Please verify user location constraints through the adc file.
PHY-3001 : Target density is 38%
PHY-3001 : Target density is 45%
PHY-3001 : Initial: Len = 347775, Over = 0
PHY-3001 : End spreading;  0.024804s wall, 0.015625s user + 0.000000s system = 0.015625s CPU (63.0%)

PHY-3001 : Final: Len = 347775, Over = 0
PHY-3001 : End incremental legalization;  0.172241s wall, 0.156250s user + 0.000000s system = 0.156250s CPU (90.7%)

OPT-0007 : Iter 1: improved SWNS -4713 STNS -247810 NUM_FEPS 86 with 9(442) cells and 224(224) paths processed with 464 slack improved, crit_thod: 1724 ratio: 1.00(9/9) rt: 0.4s
OPT-0007 : Iter 2: improved SWNS -4713 STNS -247810 NUM_FEPS 86 with 0(0) cells and 0(0) paths processed with 0 slack improved, crit_thod: 1799 ratio: -1.00(0/0) rt: 0.0s
OPT-1001 : End path based optimization;  0.724625s wall, 0.703125s user + 0.000000s system = 0.703125s CPU (97.0%)

OPT-1001 : Update timing in Manhattan mode
OPT-1001 : End timing update;  1.210560s wall, 1.156250s user + 0.015625s system = 1.171875s CPU (96.8%)

OPT-1001 : Current memory(MB): used = 393, reserved = 383, peak = 393.
OPT-1001 : End Stage 3.2.4 | Optimize Path; Time: 2.040244s wall, 1.968750s user + 0.015625s system = 1.984375s CPU (97.3%); Memory(MB): used = 393, reserved = 383, peak = 393;

OPT-1001 : Stage 3.2.5 | Aggressive Optimization
OPT-1001 : End Stage 3.2.5 | Aggressive Optimization; Time: 0.099807s wall, 0.109375s user + 0.000000s system = 0.109375s CPU (109.6%); Memory(MB): used = 393, reserved = 383, peak = 393;

OPT-1001 : Stage 3.2.6 | Optimize Duplicated Nets
OPT-1001 : Start: WNS -4713 TNS -247760 NUM_FEPS 86
OPT-1001 : Clean unloaded insts before merging registers
PHY-1001 : Populate physical database on model UDP_Example_Top.
PHY-1001 : Populate physical database on model UDP_Example_Top.
OPT-1001 : Total overflow 0.00 peak overflow 0.00
OPT-1001 : End optimize duplicated nets. Total 8 instances are merged and 658 sinks are reconnected,  0.352716s wall, 0.343750s user + 0.000000s system = 0.343750s CPU (97.5%)

OPT-1001 : Update timing in Manhattan mode
RUN-1002 : start command "start_timer"
OPT-1001 : End timing update;  1.834852s wall, 1.843750s user + 0.000000s system = 1.843750s CPU (100.5%)

OPT-1001 : Current memory(MB): used = 393, reserved = 383, peak = 393.
OPT-1001 : End Stage 3.2.6 | Optimize Duplicated Nets; Time: 2.302327s wall, 2.296875s user + 0.000000s system = 2.296875s CPU (99.8%); Memory(MB): used = 393, reserved = 383, peak = 393;

OPT-1001 : Stage 3.2.7 | Swap Pins
OPT-1001 : Start pin optimization...
OPT-1001 : skip pin optimization...
OPT-1001 : Current memory(MB): used = 393, reserved = 383, peak = 393.
OPT-1001 : End Stage 3.2.7 | Swap Pins; Time: 0.112584s wall, 0.109375s user + 0.000000s system = 0.109375s CPU (97.1%); Memory(MB): used = 393, reserved = 383, peak = 393;

OPT-0007 : End flow postpack: SWNS -4713 STNS -247350 NUM_FEPS 85
RUN-1001 : Generating global routing grids ...
PHY-1001 : Generate routing nets ...
PHY-1001 : Reuse net number 7485/7538.
PHY-1001 : Global iterations in 16 thread ...
PHY-1002 : len = 431392, over cnt = 46(0%), over = 48, worst = 2
PHY-1002 : len = 431680, over cnt = 23(0%), over = 23, worst = 1
PHY-1002 : len = 431848, over cnt = 8(0%), over = 8, worst = 1
PHY-1002 : len = 431864, over cnt = 5(0%), over = 5, worst = 1
PHY-1002 : len = 431888, over cnt = 0(0%), over = 0, worst = 0
PHY-1001 : End global iterations;  0.241884s wall, 0.296875s user + 0.000000s system = 0.296875s CPU (122.7%)

PHY-1001 : Congestion index:
PHY-1001 : top1  = 41.61(S 51.55, N 75.52, E 54.48, W 43.45, I 0.00, O 0.00)
PHY-1001 : top5  = 35.26(S 40.89, N 60.44, E 43.02, W 34.51, I 0.00, O 0.00)
PHY-1001 : top10 = 31.64(S 35.67, N 51.78, E 37.54, W 30.02, I 0.00, O 0.00)
PHY-1001 : top15 = 29.24(S 32.33, N 46.39, E 34.20, W 27.12, I 0.00, O 0.00)
RUN-1001 : QoR Analysis:
OPT-0007 :   SWNS -4713 STNS -247350 NUM_FEPS 85
RUN-1001 :   No local congestion issue, and most congested 1% tile average routing util is 41.275862
RUN-1001 :   Top critical paths
RUN-1001 :       #1 path slack -4713ps with logic level 2 and starts from PAD
RUN-1001 :       #2 path slack -4713ps with logic level 2 and starts from PAD
RUN-1001 :       #3 path slack -4713ps with logic level 2 and starts from PAD
RUN-1001 :       #4 path slack -4713ps with logic level 2 and starts from PAD
RUN-1001 :       #5 path slack -4713ps with logic level 2 and starts from PAD
RUN-1001 :       #6 path slack -4713ps with logic level 2 and starts from PAD
RUN-1001 :       #7 path slack -4713ps with logic level 2 and starts from PAD
RUN-1001 :       #8 path slack -4713ps with logic level 2 and starts from PAD
RUN-1001 :       #9 path slack -4713ps with logic level 2 and starts from PAD
RUN-1001 :       #10 path slack -4713ps with logic level 2 and starts from PAD
RUN-1001 :   0 HFN exist on timing critical paths out of 8354 nets
RUN-1001 :   0 long nets exist on timing critical paths out of 8354 nets
OPT-1001 : End physical optimization;  11.192741s wall, 11.468750s user + 0.109375s system = 11.578125s CPU (103.4%)

PHY-1001 : End Stage 3.2 | Optimize Design; Time: 11.192856s wall, 11.468750s user + 0.109375s system = 11.578125s CPU (103.4%); Memory(MB): used = 393, reserved = 383, peak = 393;

PHY-1001 : End Stage 3 | Detailed Placement; Time: 12.361005s wall, 12.625000s user + 0.125000s system = 12.750000s CPU (103.1%); Memory(MB): used = 393, reserved = 383, peak = 393;

PHY-1001 : Stage 4 | Optimize Design
PHY-3001 : Start incremental legalization ...
PHY-1001 : Populate physical database on model UDP_Example_Top.
PHY-7002 CRITICAL-WARNING: Instance t3_sdram/sdram location (164, 288) is not honored. Cell's initial location is not legal at the beginning of ECO placement, and will be moved during placement. Please verify user location constraints through the adc file.
PHY-3001 : Target density is 38%
PHY-3001 : Target density is 44%
PHY-3001 : Initial: Len = 345692, Over = 0
PHY-1001 : Stage 4.1 | Spreading
PHY-3001 : End spreading;  0.027731s wall, 0.031250s user + 0.000000s system = 0.031250s CPU (112.7%)

PHY-1001 : End Stage 4.1 | Spreading; Time: 0.027863s wall, 0.031250s user + 0.000000s system = 0.031250s CPU (112.2%); Memory(MB): used = 394, reserved = 383, peak = 394;

PHY-3001 : Final: Len = 345692, Over = 0
PHY-3001 : End incremental legalization;  0.158758s wall, 0.156250s user + 0.000000s system = 0.156250s CPU (98.4%)

RUN-1002 : start command "report_qor -step place -file place.qor"
RUN-1001 : Generating global routing grids ...
-----------------------------------------------------------
| QoR metrics               |         value               |
-----------------------------------------------------------
| Timing                    |                             |
|     Setup WNS             |        -4713                |
|     Setup TNS             |      -247350                |
|     Num of violated S-EP  |           85                |
|     FMAX                  |    78.660MHz                |
|     SWNS path clock period |       8000ps                |
|     Hold WNS              |         -111                |
|     Hold TNS              |        -1644                |
|     Num of violated H-EP  |           54                |
-----------------------------------------------------------
| Routing Resource          |                             |
|     Wire length           |       344098                |
-----------------------------------------------------------
| Utilization               |                             |
|     #slices               |         3729                |
|     slices percentage     |       38.05%                |
|     #RAMs                 |           37                |
|     #DSPs                 |            0                |
|     #DRAMHARDCON          |            0                |
-----------------------------------------------------------
| Congestion                |                             |
|     Top 1% tile util      |           38                |
|     Top 1% tile avg util  |       41.28%                |
|     Over 100% util #tile  |            0                |
-----------------------------------------------------------
Report place stage QoR done.

RUN-1003 : finish command "report_qor -step place -file place.qor" in  1.514863s wall, 1.453125s user + 0.031250s system = 1.484375s CPU (98.0%)

RUN-1004 : used memory is 394 MB, reserved memory is 383 MB, peak memory is 394 MB
PHY-1001 : End Stage 4 | Optimize Design; Time: 1.680569s wall, 1.625000s user + 0.031250s system = 1.656250s CPU (98.6%); Memory(MB): used = 394, reserved = 383, peak = 394;

PHY-1001 : Stage 5 | DRC Check
PHY-1001 : Stage 5.1 | Force Route Constraint Check
PHY-1001 : Check Pass.
PHY-1001 : End Stage 5.1 | Force Route Constraint Check; Time: 0.001483s wall, 0.000000s user + 0.000000s system = 0.000000s CPU (n/a%); Memory(MB): used = 394, reserved = 383, peak = 394;

PHY-1001 : Stage 5.2 | Duplicated SelfDriven Check
PHY-1001 : Check pass.
PHY-1001 : End Stage 5.2 | Duplicated SelfDriven Check; Time: 0.019288s wall, 0.031250s user + 0.000000s system = 0.031250s CPU (162.0%); Memory(MB): used = 394, reserved = 383, peak = 394;

PHY-1001 : Stage 5.3 | Clock Rule Check
PHY-1001 : End Stage 5.3 | Clock Rule Check; Time: 0.000549s wall, 0.000000s user + 0.000000s system = 0.000000s CPU (n/a%); Memory(MB): used = 394, reserved = 383, peak = 394;

PHY-1001 : End Stage 5 | DRC Check; Time: 0.046569s wall, 0.046875s user + 0.000000s system = 0.046875s CPU (100.7%); Memory(MB): used = 394, reserved = 383, peak = 394;

OPT-1001 : QoR tracer report on placement steps:
    SWNS [   incr ]     STNS [    incr ]    FEPS [   incr ]    CRIT [   incr ]      CELL [     incr ]        WL [     incr ]    CONG [   incr ]    PDES [   incr ]   RT(s) [   incr ]   MEM(mb) [     incr ]
       0 [      0 ]        0 [       0 ]       0 [      0 ]       0 [      0 ]      9844 [        0 ]         0 [        0 ]    0.00 [   0.00 ]       0 [      0 ]       0 [      0 ]       285 [        0 ] : preplace:simplify_lut
       0 [      0 ]        0 [       0 ]       0 [      0 ]       0 [      0 ]      9844 [        0 ]         0 [        0 ]    0.00 [   0.00 ]       0 [      0 ]       0 [      0 ]       285 [        0 ] : preplace:sweep
       0 [      0 ]        0 [       0 ]       0 [      0 ]       0 [      0 ]      9844 [        0 ]         0 [        0 ]    0.00 [   0.00 ]       0 [      0 ]       0 [      0 ]       285 [        0 ] : preplace:hfn_opt
   -7693 [  -7693 ]  -294964 [ -294964 ]      81 [     81 ]    2674 [   2674 ]      9847 [        3 ]    235302 [   235302 ]    0.00 [   0.00 ]       0 [      0 ]       4 [      4 ]       330 [       45 ] : step1_gp
   -7693 [      0 ]  -294964 [       0 ]      81 [      0 ]    2621 [    -53 ]      9847 [        0 ]    256332 [    21030 ]    0.00 [   0.00 ]       0 [      0 ]       5 [      1 ]       330 [        0 ] : step1_legal
   -7693 [      0 ]  -295414 [    -450 ]      81 [      0 ]    2744 [    123 ]      9847 [        0 ]    318370 [    62038 ]   65.10 [  65.10 ]       0 [      0 ]       8 [      3 ]       367 [       37 ] : step2_gp
   -4713 [   2980 ]  -249246 [   46168 ]      88 [      7 ]    2944 [    200 ]     10073 [      226 ]    309130 [    -9240 ]   52.45 [ -12.66 ]       0 [      0 ]      15 [      7 ]       377 [       10 ] : prepack:hfn_opt
   -4713 [      0 ]  -249708 [    -462 ]      89 [      1 ]    2944 [      0 ]     10073 [        0 ]    309220 [       90 ]   40.66 [ -11.79 ]       0 [      0 ]      16 [      1 ]       377 [        0 ] : prepack:bn_opt
   -4713 [      0 ]  -248172 [    1536 ]      86 [     -3 ]    2924 [    -20 ]     10073 [        0 ]    309765 [      545 ]   40.76 [   0.10 ]       0 [      0 ]      17 [      1 ]       377 [        0 ] : prepack:path_opt
   -5043 [   -330 ]  -248145 [      27 ]      85 [     -1 ]    2757 [   -167 ]      3857 [    -6216 ]    314506 [     4741 ]   40.76 [   0.00 ]       0 [      0 ]      23 [      6 ]       379 [        2 ] : pack
   -4713 [    330 ]  -249124 [    -979 ]      88 [      3 ]    2788 [     31 ]      3857 [        0 ]    345577 [    31071 ]   44.83 [   4.07 ]       0 [      0 ]      28 [      5 ]       388 [        9 ] : post_pack_place
   -4713 [      0 ]  -249124 [       0 ]      88 [      0 ]    2788 [      0 ]      3857 [        0 ]    347015 [     1438 ]   44.83 [   0.00 ]       0 [      0 ]      29 [      1 ]       388 [        0 ] : post_pack_spreading
   -4743 [    -30 ]  -246780 [    2344 ]      86 [     -2 ]    2805 [     17 ]      3844 [      -13 ]    338168 [    -8847 ]   44.83 [   0.00 ]       0 [      0 ]      31 [      2 ]       388 [        0 ] : postpack:optimize_equivalent_quick
   -4743 [      0 ]  -249990 [   -3210 ]      87 [      1 ]    2775 [    -30 ]      3878 [       34 ]    345940 [     7772 ]   44.83 [   0.00 ]       0 [      0 ]      32 [      1 ]       388 [        0 ] : postpack:hfn_opt
   -4713 [     30 ]  -247810 [    2180 ]      86 [     -1 ]    2775 [      0 ]      3878 [        0 ]    346050 [      110 ]   41.31 [  -3.52 ]       0 [      0 ]      35 [      3 ]       392 [        4 ] : postpack:bn_opt
   -4713 [      0 ]  -247760 [      50 ]      86 [      0 ]    2775 [      0 ]      3878 [        0 ]    346180 [      130 ]   41.28 [  -0.03 ]       0 [      0 ]      37 [      2 ]       393 [        1 ] : postpack:path_opt
   -4713 [      0 ]  -247760 [       0 ]      86 [      0 ]    2775 [      0 ]      3878 [        0 ]    346180 [        0 ]   41.28 [   0.00 ]       0 [      0 ]      37 [      0 ]       393 [        0 ] : postpack:aggressive_opt
   -4713 [      0 ]  -247350 [     410 ]      85 [     -1 ]    2799 [     24 ]      3874 [       -4 ]    344098 [    -2082 ]   41.28 [   0.00 ]       0 [      0 ]      39 [      2 ]       393 [        0 ] : postpack:optimize_equivalent
   -4713 [      0 ]  -247350 [       0 ]      85 [      0 ]    2799 [      0 ]      3874 [        0 ]    344098 [        0 ]   41.28 [   0.00 ]       0 [      0 ]      40 [      1 ]       393 [        0 ] : postpack:pin_opt

RUN-1003 : finish command "place" in  42.377821s wall, 55.140625s user + 2.734375s system = 57.875000s CPU (136.6%)

RUN-1004 : used memory is 394 MB, reserved memory is 383 MB, peak memory is 394 MB
RUN-1002 : start command "update_timing -mode manhattan"
RUN-1002 : start command "start_timer"
RUN-1003 : finish command "update_timing -mode manhattan" in  1.792568s wall, 1.781250s user + 0.015625s system = 1.796875s CPU (100.2%)

RUN-1004 : used memory is 394 MB, reserved memory is 383 MB, peak memory is 394 MB
RUN-1002 : start command "report_timing_summary -file UDP_EXAMPLE_place.timing"
RUN-1002 : start command "report_area -io_info -file UDP_EXAMPLE_phy.area"
RUN-1001 : standard
***Report Model: UDP_Example_Top Device: EG4S20BG256***

IO Statistics
#IO                        34   out of    188   18.09%
  #input                   21
  #output                  12
  #inout                    1
#virtual IO                 3
  #input                    0
  #output                   0
  #inout                    0

Utilization Statistics
#lut                     5133   out of  19600   26.19%
#reg                     5441   out of  19600   27.76%
#le                      6622
  #lut only              1181   out of   6622   17.83%
  #reg only              1489   out of   6622   22.49%
  #lut&reg               3952   out of   6622   59.68%
#bram                      37   out of     64   57.81%
  #bram9k                  37
  #fifo9k                   0
#bram32k                    0   out of     16    0.00%
#dsp                        0   out of     29    0.00%
#pad                       34   out of    188   18.09%
  #ireg                    15
  #oreg                     8
  #treg                     0
#pll                        4   out of      4  100.00%
#gclk                       8   out of     16   50.00%

RUN-1002 : start command "flow_status -file place_flow.status"
Location         : D:\Anlu\video640 19fps\UDP_EG4_6.2\prj\UDP_EXAMPLE\UDP_EXAMPLE_Runs\phy_1
Running with     : Tang Dynasty v6.2.168116
                   Copyright (c) 2012-2025 Anlogic Inc.
Top Model        : UDP_Example_Top
Device           : EG4S20BG256
Speed            : NA

Timing Mode      : manhattan
Setup            : WNS -4713ps  TNS  -247350ps  NUM_FEPS    85
Hold             : WNS  -111ps  TNS    -1644ps  NUM_FEPS    54

Flow Statistics  :
RUN-1001 : Flow Statistics:
RUN-1001 : --------------------------------------------------------------------------------------------------
RUN-1001 :      command     |  #calls  |  wall time  |  cpu time(s)  |  used memory(mb)  |  peak memory(mb)  
RUN-1001 : --------------------------------------------------------------------------------------------------
RUN-1001 :       place      |    1     |  42s(100%)  |   57(100%)    |        394        |        394        
RUN-1001 :     import_db    |    3     |   0s(0%)    |     0(0%)     |        285        |        285        
RUN-1001 :   import_device  |    1     |   0s(0%)    |     0(0%)     |        84         |        84         
RUN-1001 :       pack       |    1     |   0s(0%)    |     0(0%)     |        285        |        285        
RUN-1001 : --------------------------------------------------------------------------------------------------
RUN-1001 :       total      |    6     |     42s     |      57       |        394        |        394        
RUN-1001 : --------------------------------------------------------------------------------------------------
RUN-1002 : start command "report_clock_utilization -file place_clock_utilization.txt"
RUN-1001 : Device not support command report_clock_utilization.
RUN-1002 : start command "export_db UDP_EXAMPLE_place.db"
RUN-1001 : Exported flow parameters
RUN-1001 : Exported /
RUN-1001 : Exported libs
RUN-1001 : Exported entities
RUN-1001 : Exported ports
RUN-1001 : Exported pins
RUN-1001 : Exported instances
RUN-1001 : Exported nets
RUN-1001 : Exported buses
RUN-1001 : Exported models
RUN-1001 : Exported phy database
RUN-1001 : Exported packer
RUN-1001 : Exported congestions
RUN-1001 : Exported violations
RUN-1001 : Exported ATMR Setting
RUN-1001 : Exported timing constraints
RUN-1001 : Exported IO constraints
RUN-1001 : Exported Inst constraints
RUN-1001 : Exported ChipWatcher
RUN-1002 : start command "commit_param -step route"
RUN-1001 : Print Global Property
RUN-1001 : --------------------------------------------------------
RUN-1001 :   Parameters   |  Settings  |  Default Values  |  Note  
RUN-1001 : --------------------------------------------------------
RUN-1001 :   enable_seed  |    off     |       off        |        
RUN-1001 :     message    |  standard  |     standard     |        
RUN-1001 :   qor_monitor  |     on     |        on        |        
RUN-1001 :   syn_ip_flow  |    off     |       off        |        
RUN-1001 :     thread     |    auto    |       auto       |        
RUN-1001 : --------------------------------------------------------
RUN-1001 : Print Route Property
RUN-1001 : -------------------------------------------------------
RUN-1001 :   Parameters  |  Settings  |  Default Values  |  Note  
RUN-1001 : -------------------------------------------------------
RUN-1001 :     effort    |   normal   |      normal      |        
RUN-1001 :    fix_hold   |     on     |        on        |        
RUN-1001 :     timing    |     on     |        on        |        
RUN-1001 : -------------------------------------------------------
RUN-1002 : start command "route"
RUN-1001 : Open license file D:/Anlogic/TD_6.2.1_Engineer_6.2.168.116/license/Anlogic.lic
PHY-1001 : Route runs in 16 thread(s)
RUN-1001 : There are total 3874 instances
RUN-1001 : 1853 mslices, 1876 lslices, 89 pads, 37 brams, 0 dsps
RUN-1001 : There are total 8354 nets
RUN-1001 : 5243 nets have 2 pins
RUN-1001 : 2096 nets have [3 - 5] pins
RUN-1001 : 582 nets have [6 - 10] pins
RUN-1001 : 247 nets have [11 - 20] pins
RUN-1001 : 174 nets have [21 - 99] pins
RUN-1001 : 12 nets have 100+ pins
RUN-1002 : start command "start_timer"
PHY-1001 : 1853 mslices, 1876 lslices, 89 pads, 37 brams, 0 dsps

PHY-1001 : Stage 1 | Global Routing
PHY-1001 : Start global routing, caller is route ...
RUN-1001 : Generating global routing grids ...
PHY-1001 : Generate routing nets ...
RUN-1001 : Generate nets statistics:
RUN-1001 : ----------------------------
RUN-1001 :        Type       |  Nets   
RUN-1001 : ----------------------------
RUN-1001 :   TotalRouteNets  |  7982   
RUN-1001 :   DontRouteNets   |   578   
RUN-1001 :     RouteNets     |  7404   
RUN-1001 :     RouteSinks    |  17498  
RUN-1001 : ----------------------------
PHY-1001 : Global iterations in 16 thread ...
PHY-1002 : len = 405328, over cnt = 813(2%), over = 1487, worst = 8
PHY-1002 : len = 416088, over cnt = 428(1%), over = 641, worst = 6
PHY-1002 : len = 420416, over cnt = 196(0%), over = 293, worst = 6
PHY-1002 : len = 424608, over cnt = 0(0%), over = 0, worst = 0
PHY-1001 : End global iterations;  0.939997s wall, 1.265625s user + 0.015625s system = 1.281250s CPU (136.3%)

PHY-1001 : Congestion index:
PHY-1001 : top1  = 41.29(S 51.70, N 75.43, E 54.05, W 42.41, I 0.00, O 0.00)
PHY-1001 : top5  = 34.83(S 40.56, N 60.31, E 43.12, W 33.53, I 0.00, O 0.00)
PHY-1001 : top10 = 31.25(S 35.33, N 51.89, E 37.34, W 29.16, I 0.00, O 0.00)
PHY-1001 : top15 = 28.97(S 32.03, N 46.32, E 33.94, W 26.49, I 0.00, O 0.00)
PHY-1001 : End global routing;  1.167289s wall, 1.453125s user + 0.015625s system = 1.468750s CPU (125.8%)

PHY-1001 : End Stage 1 | Global Routing; Time: 1.167339s wall, 1.453125s user + 0.015625s system = 1.468750s CPU (125.8%); Memory(MB): used = 408, reserved = 509, peak = 411;

PHY-1001 : Stage 2 | Detail Routing
PHY-1001 : Stage 2.1 | Build Routing Design
PHY-1001 : Routing in high effort: false
PHY-1001 : Routing Mode: normal
PHY-1001 : Generate detailed routing grids ...
PHY-1001 : End build routing graph; 3.193043s wall, 3.093750s user + 0.078125s system = 3.171875s CPU (99.3%)

PHY-1001 : Generate nets ...
PHY-1001 : net clk_50_dup_1 will be routed on clock mesh
PHY-1001 : clock net temac_clk will be merged with clock u_clk_gen/u_pll_0/clk0_buf
PHY-1001 : net temac_clk90 will be routed on clock mesh
PHY-1001 : net udp_clk will be routed on clock mesh
PHY-1001 : clock net t3_sdram/u0_clk/clk0_out will be merged with clock t3_sdram/u0_clk/clk0_buf
PHY-1001 : net t3_sdram/u1_app_wrrd/clk will be routed on clock mesh
PHY-1001 : net t3_sdram/u2_ram/SDRAM_CLK will be routed on clock mesh
PHY-1001 : clock net cwc_jtck_syn_2 will be merged with clock cwc_jtck
PHY-1001 : clock net u_ov5640_dri/u_i2c_dr/dri_clk_syn_4 will be merged with clock u_ov5640_dri/u_i2c_dr/dri_clk
PHY-1001 : clock net t3_sdram/u1_app_wrrd/u_wr_fifo_sdr_data/clkw_syn_2 will be merged with clock t3_sdram/u1_app_wrrd/u_wr_fifo_sdr_data/clkw
PHY-1001 : net auto_created_cwc1/wrapper_cwc_top/U_cwc_ram/clka will be routed on clock mesh
PHY-1001 : clock net u_rx_pll/clk0_out will be merged with clock u_rx_pll/clk0_buf
PHY-1001 : clock net u_ov5640_dri/u_i2c_dr/clk will be merged with clock u_pll_50/clk0_buf
PHY-1001 : clock net u4_trimac_block/rx_clk will be merged with clock u4_trimac_block/u1_rgmii_interface/rgmii_rxc
RUN-1001 : Generate nets statistics:
RUN-1001 : ------------------------------
RUN-1001 :         Type        |  Nets   
RUN-1001 : ------------------------------
RUN-1001 :        Route        |  7982   
RUN-1001 :      DontRoute      |   372   
RUN-1001 :      RouteSinks     |  28069  
RUN-1001 :   RouteEntitySinks  |    0    
RUN-1001 :       Lut2Dff       |    0    
RUN-1001 :       Ram2Dff       |    0    
RUN-1001 :      Carry2Dff      |    0    
RUN-1001 : ------------------------------
RUN-1001 : DR clock net summary:
RUN-1001 : ---------------------------------------------------------------------------------
RUN-1001 :   Net Idx  |                       Net Name                       |  Clock Type  
RUN-1001 : ---------------------------------------------------------------------------------
RUN-1001 :      1     |   auto_created_cwc1/wrapper_cwc_top/U_cwc_ram/clka   |    Normal    
RUN-1001 :      2     |                     clk_50_dup_1                     |    Normal    
RUN-1001 :      3     |                    cwc_jtck_syn_2                    |    Normal    
RUN-1001 :      4     |               t3_sdram/u0_clk/clk0_out               |    Normal    
RUN-1001 :      5     |               t3_sdram/u1_app_wrrd/clk               |    Normal    
RUN-1001 :      6     |  t3_sdram/u1_app_wrrd/u_wr_fifo_sdr_data/clkw_syn_2  |    Normal    
RUN-1001 :      7     |              t3_sdram/u2_ram/SDRAM_CLK               |    Normal    
RUN-1001 :      8     |                      temac_clk                       |    Normal    
RUN-1001 :      9     |                     temac_clk90                      |    Normal    
RUN-1001 :     10     |                u4_trimac_block/rx_clk                |    Normal    
RUN-1001 :     11     |              u_ov5640_dri/u_i2c_dr/clk               |    Normal    
RUN-1001 :     12     |         u_ov5640_dri/u_i2c_dr/dri_clk_syn_4          |    Normal    
RUN-1001 :     13     |                  u_rx_pll/clk0_out                   |    Normal    
RUN-1001 :     14     |                       udp_clk                        |    Normal    
RUN-1001 : ---------------------------------------------------------------------------------
RUN-1001 : DR clock buffer summary:
RUN-1001 : ----------------
RUN-1001 :   Idx  |  Name  
RUN-1001 : ----------------
RUN-1001 : ----------------
PHY-1001 : End Stage 2.1 | Build Routing Design; Time: 3.495316s wall, 3.359375s user + 0.109375s system = 3.468750s CPU (99.2%); Memory(MB): used = 672, reserved = 660, peak = 672;

RUN-1001 : Top Percentage Crit. Net Stat.
RUN-1001 : -------------------------------------------------------
RUN-1001 :   Top %  |  Net Count  |  Avg. Fanout  |  Avg. Slack   
RUN-1001 : -------------------------------------------------------
RUN-1001 :     1    |     83      |   2.012048    |  674.734940   
RUN-1001 :     2    |     167     |   2.742515    |  1424.329341  
RUN-1001 :     3    |     250     |   3.404000    |  1787.092000  
RUN-1001 :     4    |     334     |   3.488024    |  2004.718563  
RUN-1001 :     5    |     417     |   3.448441    |  2155.000000  
RUN-1001 :     6    |     501     |   3.530938    |  2270.550898  
RUN-1001 :     7    |     584     |   3.625000    |  2367.592466  
RUN-1001 :     8    |     668     |   3.747006    |  2454.056886  
RUN-1001 :     9    |     751     |   4.007989    |  2529.374168  
RUN-1001 :    10    |     835     |   3.964072    |  2599.657485  
RUN-1001 : -------------------------------------------------------
PHY-1001 : Stage 2.2 | Clock Nets Routing
PHY-1001 : Routed 0% nets.
PHY-1001 : len = 189160, over cnt = 0(0%), over = 0, worst = 0, crit = 0
PHY-1001 : End Stage 2.2 | Clock Nets Routing; Time: 12.348843s wall, 12.125000s user + 0.109375s system = 12.234375s CPU (99.1%); Memory(MB): used = 704, reserved = 692, peak = 704;

PHY-1001 : Stage 2.3 | Routing Initialization
PHY-1001 : Mark 1% net(place mode slack < 1806ps) as critical nets.
PHY-1001 : Stage 2.3.1 | Normal Nets Routing
PHY-1001 : Routed 95% nets.
PHY-1001 : len = 775656, over cnt = 557(0%), over = 557, worst = 1, crit = 0
PHY-1001 : End Stage 2.3.1 | Normal Nets Routing; Time: 24.120562s wall, 39.718750s user + 0.625000s system = 40.343750s CPU (167.3%); Memory(MB): used = 710, reserved = 698, peak = 710;

PHY-1001 : Stage 2.3.2 | Update Timing
RUN-1002 : start command "start_timer"
USR-1002 : Derived clock:  create_generated_clock -name {u_clk_gen/u_pll_0/pll_inst.clkc[0]} -source [get_ports {clk_50}] -master_clock {clk_in} -multiply_by 2.5000 -duty_cycle 50.0000 [get_pins {u_clk_gen/u_pll_0/pll_inst.clkc[0]}]
USR-1002 : Derived clock:  create_generated_clock -name {u_clk_gen/u_pll_0/pll_inst.clkc[1]} -source [get_ports {clk_50}] -master_clock {clk_in} -multiply_by 2.5000 -duty_cycle 50.0000 [get_pins {u_clk_gen/u_pll_0/pll_inst.clkc[1]}]
USR-1002 : Derived clock:  create_generated_clock -name {u_clk_gen/u_pll_0/pll_inst.clkc[4]} -source [get_ports {clk_50}] -master_clock {clk_in} -multiply_by 2.5000 -phase 90 -duty_cycle 50.0000 [get_pins {u_clk_gen/u_pll_0/pll_inst.clkc[4]}]
USR-1002 : Derived clock:  create_generated_clock -name {u_pll_50/pll_inst.clkc[0]} -source [get_ports {clk_50}] -master_clock {clk_in} -multiply_by 1.0000 -duty_cycle 50.0000 [get_pins {u_pll_50/pll_inst.clkc[0]}]
USR-1002 : Derived clock:  create_generated_clock -name {u_rx_pll/pll_inst.clkc[0]} -source [get_ports {phy1_rgmii_rx_clk}] -master_clock {phy1_rgmii_rx_clk} -multiply_by 1.0000 -duty_cycle 50.0000 [get_pins {u_rx_pll/pll_inst.clkc[0]}]
USR-1002 : Derived clock:  create_generated_clock -name {u_rx_pll/pll_inst.clkc[1]} -source [get_ports {phy1_rgmii_rx_clk}] -master_clock {phy1_rgmii_rx_clk} -multiply_by 1.0000 -duty_cycle 50.0000 [get_pins {u_rx_pll/pll_inst.clkc[1]}]
USR-1002 : Derived clock:  create_generated_clock -name {t3_sdram/u0_clk/pll_inst.clkc[0]} -source [get_pins {u_pll_50/pll_inst.clkc[0]}] -master_clock {u_pll_50/pll_inst.clkc[0]} -divide_by 4.0000 -duty_cycle 50.0000 [get_pins {t3_sdram/u0_clk/pll_inst.clkc[0]}]
USR-1002 : Derived clock:  create_generated_clock -name {t3_sdram/u0_clk/pll_inst.clkc[1]} -source [get_pins {u_pll_50/pll_inst.clkc[0]}] -master_clock {u_pll_50/pll_inst.clkc[0]} -multiply_by 2.5000 -duty_cycle 50.0000 [get_pins {t3_sdram/u0_clk/pll_inst.clkc[1]}]
USR-1002 : Derived clock:  create_generated_clock -name {t3_sdram/u0_clk/pll_inst.clkc[2]} -source [get_pins {u_pll_50/pll_inst.clkc[0]}] -master_clock {u_pll_50/pll_inst.clkc[0]} -multiply_by 2.5000 -phase 180 -duty_cycle 50.0000 [get_pins {t3_sdram/u0_clk/pll_inst.clkc[2]}]
8.000000
USR-8130 CRITICAL-WARNING: No clock match the pattern: u_clk_gen/u_pll_0/pll_inst.clkc\[3\].
USR-8124 CRITICAL-WARNING: Rename_clock: please specify object list.
USR-8159 CRITICAL-WARNING: Command rename_clock -name {pll_inst_25M} [get_clocks {u_clk_gen/u_pll_0/pll_inst.clkc[3]}] in D:/Anlu/video640 19fps/UDP_EG4_6.2/source_code/constraints/UDP.sdc(8) fails.
RUN-1003 : finish command "start_timer" in  3.244647s wall, 3.234375s user + 0.015625s system = 3.250000s CPU (100.2%)

RUN-1004 : used memory is 710 MB, reserved memory is 698 MB, peak memory is 710 MB
TMR-2502 : Net delay update with mode: Routed
PHY-1001 : 339/7982(4%) critical/total net(s).
PHY-1001 : Setup: WNS(ns) = -6.699, TNS(ns) = -749.733, FEP = 853 | Hold: WNS(ns) = -1.540, TNS(ns) = -30.650, FEP = 48.
PHY-1001 : End Stage 2.3.2 | Update Timing; Time: 4.876934s wall, 4.812500s user + 0.046875s system = 4.859375s CPU (99.6%); Memory(MB): used = 714, reserved = 703, peak = 714;

PHY-1001 : End Stage 2.3 | Routing Initialization; Time: 29.061053s wall, 44.593750s user + 0.671875s system = 45.265625s CPU (155.8%); Memory(MB): used = 715, reserved = 703, peak = 715;

PHY-1001 : Stage 2.4 | Routing Optimization
PHY-1001 : Build lut bridge;  0.100557s wall, 0.093750s user + 0.000000s system = 0.093750s CPU (93.2%)

PHY-1001 : Stage 2.4.1 | Phase 1
PHY-1001 : Stage 2.4.1.1 | Setup TimeOptimization
PHY-1001 : Start to optimize setup violation with net base ...
PHY-1001 : Iter 1; Processed 201 pins with SWNS -6.699ns STNS -258.294ns FEP 71 took 9.27394 seconds.
PHY-1001 : len = 785400, over cnt = 668(0%), over = 670, worst = 2, crit = 0
PHY-1001 : End Stage 2.4.1.1 | Setup TimeOptimization; Time: 9.407206s wall, 9.328125s user + 0.031250s system = 9.359375s CPU (99.5%); Memory(MB): used = 716, reserved = 704, peak = 716;

PHY-1001 : Stage 2.4.1.2 | Rip-up And ReRoute
PHY-1001 : Iter 1: len = 786584, over cnt = 174(0%), over = 174, worst = 1, crit = 0, time(s) = 0.88
PHY-1001 : Iter 2: len = 786768, over cnt = 110(0%), over = 110, worst = 1, crit = 0, time(s) = 0.28
PHY-1001 : Iter 3: len = 786784, over cnt = 93(0%), over = 93, worst = 1, crit = 0, time(s) = 0.34
PHY-1001 : Iter 4: len = 787584, over cnt = 28(0%), over = 28, worst = 1, crit = 0, time(s) = 0.34
PHY-1001 : Iter 5: len = 787624, over cnt = 21(0%), over = 21, worst = 1, crit = 0, time(s) = 0.22
PHY-1001 : Iter 6: len = 787592, over cnt = 19(0%), over = 19, worst = 1, crit = 0, time(s) = 0.20
PHY-1001 : Iter 7: len = 787592, over cnt = 19(0%), over = 19, worst = 1, crit = 0, time(s) = 0.21
PHY-1001 : Iter 8: len = 787936, over cnt = 3(0%), over = 3, worst = 1, crit = 0, time(s) = 0.09
PHY-1001 : Iter 9: len = 787936, over cnt = 3(0%), over = 3, worst = 1, crit = 0, time(s) = 0.02
PHY-1001 : Iter 10: len = 787936, over cnt = 3(0%), over = 3, worst = 1, crit = 0, time(s) = 0.03
PHY-1001 : Iter 11: len = 787936, over cnt = 3(0%), over = 3, worst = 1, crit = 0, time(s) = 0.02
PHY-1001 : Iter 12: len = 788040, over cnt = 0(0%), over = 0, worst = 0, crit = 0, time(s) = 0.03
PHY-1001 : End Stage 2.4.1.2 | Rip-up And ReRoute; Time: 2.684240s wall, 4.421875s user + 0.031250s system = 4.453125s CPU (165.9%); Memory(MB): used = 716, reserved = 704, peak = 716;

PHY-1001 : Stage 2.4.1.3 | Update Timing
RUN-1002 : start command "start_timer"
PHY-1001 : 238/7982(2%) critical/total net(s).
PHY-1001 : Setup: WNS(ns) = -6.699, TNS(ns) = -296.040, FEP = 223 | Hold: WNS(ns) = -1.540, TNS(ns) = -30.263, FEP = 48.
PHY-1001 : End Stage 2.4.1.3 | Update Timing; Time: 2.342903s wall, 2.296875s user + 0.015625s system = 2.312500s CPU (98.7%); Memory(MB): used = 717, reserved = 705, peak = 717;

PHY-1001 : Stage 2.4.1.4 | Commit Data
PHY-1001 : Commit better result to database ...
PHY-1001 : 122 feed throughs used by 110 nets
PHY-1001 : End Stage 2.4.1.4 | Commit Data; Time: 0.719687s wall, 0.703125s user + 0.000000s system = 0.703125s CPU (97.7%); Memory(MB): used = 749, reserved = 737, peak = 749;

PHY-1001 : End Stage 2.4.1 | Phase 1; Time: 15.381418s wall, 16.968750s user + 0.093750s system = 17.062500s CPU (110.9%); Memory(MB): used = 749, reserved = 737, peak = 749;

PHY-1001 : Stage 2.4.2 | Phase 2
PHY-1001 : Stage 2.4.2.1 | Setup TimeOptimization
PHY-1001 : Start to optimize setup violation with net base ...
PHY-1001 : Iter 1; Processed 63 pins with SWNS -6.699ns STNS -258.294ns FEP 71 took 2.25958 seconds.
PHY-1001 : len = 790248, over cnt = 41(0%), over = 41, worst = 1, crit = 0
PHY-1001 : End Stage 2.4.2.1 | Setup TimeOptimization; Time: 2.390605s wall, 2.515625s user + 0.031250s system = 2.546875s CPU (106.5%); Memory(MB): used = 749, reserved = 737, peak = 749;

PHY-1001 : Stage 2.4.2.2 | Rip-up And ReRoute
PHY-0007 : Congestion: {43.55, 37.70, 34.82, 32.78}; Timing: {-6.699ns, -258.294ns, 71}
PHY-1001 : Iter 1: len = 789704, over cnt = 3(0%), over = 3, worst = 1, crit = 0, time(s) = 0.15
PHY-1001 : Iter 2: len = 789768, over cnt = 1(0%), over = 1, worst = 1, crit = 0, time(s) = 0.03
PHY-1001 : Iter 3: len = 789704, over cnt = 0(0%), over = 0, worst = 0, crit = 0, time(s) = 0.03
PHY-1001 : End Stage 2.4.2.2 | Rip-up And ReRoute; Time: 0.254567s wall, 0.421875s user + 0.031250s system = 0.453125s CPU (178.0%); Memory(MB): used = 749, reserved = 737, peak = 749;

PHY-1001 : Stage 2.4.2.3 | Update Timing
RUN-1002 : start command "start_timer"
PHY-1001 : 116/7982(1%) critical/total net(s).
PHY-1001 : Setup: WNS(ns) = -6.699, TNS(ns) = -275.536, FEP = 162 | Hold: WNS(ns) = -1.540, TNS(ns) = -30.263, FEP = 48.
PHY-1001 : End Stage 2.4.2.3 | Update Timing; Time: 2.367767s wall, 2.328125s user + 0.015625s system = 2.343750s CPU (99.0%); Memory(MB): used = 750, reserved = 738, peak = 750;

PHY-1001 : Stage 2.4.2.4 | Commit Data
PHY-1001 : Commit better result to database ...
PHY-1001 : 122 feed throughs used by 110 nets
PHY-1001 : End Stage 2.4.2.4 | Commit Data; Time: 0.734277s wall, 0.718750s user + 0.000000s system = 0.718750s CPU (97.9%); Memory(MB): used = 750, reserved = 738, peak = 750;

PHY-1001 : End Stage 2.4.2 | Phase 2; Time: 5.955684s wall, 6.187500s user + 0.078125s system = 6.265625s CPU (105.2%); Memory(MB): used = 750, reserved = 738, peak = 750;

PHY-1001 : End Stage 2.4 | Routing Optimization; Time: 23.147972s wall, 24.937500s user + 0.171875s system = 25.109375s CPU (108.5%); Memory(MB): used = 750, reserved = 738, peak = 750;

PHY-1003 : Routed, final wirelength = 789704
RUN-1002 : start command "export_db UDP_EXAMPLE_pr.db"
RUN-1001 : Exported flow parameters
RUN-1001 : Exported /
RUN-1001 : Exported libs
RUN-1001 : Exported entities
RUN-1001 : Exported ports
RUN-1001 : Exported pins
RUN-1001 : Exported instances
RUN-1001 : Exported nets
RUN-1001 : Exported buses
RUN-1001 : Exported models
RUN-1001 : Exported phy database
RUN-1001 : Exported packer
RUN-1001 : Exported congestions
RUN-1001 : Exported violations
RUN-1001 : Exported ATMR Setting
RUN-1001 : Exported timing constraints
RUN-1001 : Exported IO constraints
RUN-1001 : Exported Inst constraints
RUN-1001 : Exported ChipWatcher
PHY-1001 : Current memory(MB): used = 778, reserved = 886, peak = 778.
PHY-1001 : End export database. 0.469495s wall, 0.656250s user + 0.015625s system = 0.671875s CPU (143.1%)

PHY-1001 : End detail routing;  69.950892s wall, 87.109375s user + 1.078125s system = 88.187500s CPU (126.1%)

PHY-1001 : End Stage 2 | Detail Routing; Time: 69.951014s wall, 87.109375s user + 1.078125s system = 88.187500s CPU (126.1%); Memory(MB): used = 778, reserved = 886, peak = 778;

PHY-1001 : Stage 3 | Hold Fix
RUN-1002 : start command "start_timer"
RUN-1001 : Too much hold violation, please check the src code.
PHY-1001 : End Stage 3 | Hold Fix; Time: 2.275273s wall, 2.250000s user + 0.000000s system = 2.250000s CPU (98.9%); Memory(MB): used = 778, reserved = 886, peak = 778;

PHY-1001 : Stage 4 | Report Route Qor
RUN-1002 : start command "report_qor -step route -file route.qor"
RUN-1002 : start command "start_timer"
-----------------------------------------------------------
| QoR metrics               |         value               |
-----------------------------------------------------------
| Timing                    |                             |
|     Setup WNS             |        -6699                |
|     Setup TNS             |      -275536                |
|     Num of violated S-EP  |          162                |
|     Hold WNS              |        -1540                |
|     Hold TNS              |       -30263                |
|     Num of violated H-EP  |           48                |
-----------------------------------------------------------
| Routing Resource          |                             |
|     Wire length           |       789704                |
-----------------------------------------------------------
| Utilization               |                             |
|     #slices               |         3729                |
|     slices percentage     |       38.05%                |
|     #RAMs                 |           37                |
|     #DSPs                 |            0                |
|     #DRAMHARDCON          |            0                |
-----------------------------------------------------------
Report route stage QoR done.

RUN-1003 : finish command "report_qor -step route -file route.qor" in  2.317540s wall, 2.296875s user + 0.000000s system = 2.296875s CPU (99.1%)

RUN-1004 : used memory is 778 MB, reserved memory is 886 MB, peak memory is 778 MB
RUN-1002 : start command "update_timing -mode final"
RUN-1002 : start command "start_timer"
RUN-1003 : finish command "update_timing -mode final" in  2.273241s wall, 2.234375s user + 0.015625s system = 2.250000s CPU (99.0%)

RUN-1004 : used memory is 778 MB, reserved memory is 886 MB, peak memory is 778 MB
RUN-1002 : start command "report_timing_summary -file final_timing.rpt"
OPT-1001 : QoR tracer report on route step:
    SWNS [   incr ]     STNS [    incr ]  S-FEPS [   incr ]    HWNS [   incr ]      HTNS [     incr ]    H-FEPS [     incr ]    CELL [   incr ]      WL [   incr ]   RT(s) [   incr ]   MEM(mb) [     incr ]
   -6699 [      0 ]  -749733 [       0 ]     853 [      0 ]   -1540 [      0 ]    -30650 [        0 ]        48 [        0 ]    3874 [      0 ]  775656 [      0 ]      49 [      0 ]       715 [        0 ] : dr_initialization
   -6699 [      0 ]  -258294 [  491439 ]      71 [   -782 ]   -1540 [      0 ]    -30218 [      432 ]        48 [        0 ]    3874 [      0 ]  785400 [   9744 ]      60 [     11 ]       716 [        1 ] : dr_timing_opt_phase1
   -6699 [      0 ]  -296040 [  -37746 ]     223 [    152 ]   -1540 [      0 ]    -30263 [      -45 ]        48 [        0 ]    3874 [      0 ]  788040 [   2640 ]      66 [      6 ]       749 [       33 ] : dr_opt_phase1
   -6699 [      0 ]  -258294 [   37746 ]      71 [   -152 ]   -1540 [      0 ]    -30263 [        0 ]        48 [        0 ]    3874 [      0 ]  790248 [   2208 ]      68 [      2 ]       749 [        0 ] : dr_timing_opt_phase2
   -6699 [      0 ]  -275536 [  -17242 ]     162 [     91 ]   -1540 [      0 ]    -30263 [        0 ]        48 [        0 ]    3874 [      0 ]  789704 [   -544 ]      72 [      4 ]       750 [        1 ] : dr_opt_phase2
   -6699 [      0 ]  -275536 [       0 ]     162 [      0 ]   -1540 [      0 ]    -30263 [        0 ]        48 [        0 ]    3874 [      0 ]  789704 [      0 ]      72 [      0 ]       750 [        0 ] : multi_try_opt
   -6699 [      0 ]  -275536 [       0 ]     162 [      0 ]   -1540 [      0 ]    -30263 [        0 ]        48 [        0 ]    3874 [      0 ]  789704 [      0 ]      75 [      3 ]       778 [       28 ] : fix_hold_opt

PHY-1001 : End Stage 4 | Report Route Qor; Time: 4.693289s wall, 4.656250s user + 0.015625s system = 4.671875s CPU (99.5%); Memory(MB): used = 778, reserved = 886, peak = 778;

PHY-1001 : Stage 5 | Routing DRC
PHY-1001 : Start multi-drive drc check......
PHY-1001 : No multi-drive.
PHY-1001 : Stage 5.1 | Clock Net Status Check
PHY-1001 : 1 clock net(s) utilize local routing resource.
PHY-5079 CRITICAL-WARNING: Marked 1 clock net(s) utilize the local routing resources. Please check log message and the sinks of clock nets.
RUN-1001 : CTS Local Wire Summary
RUN-1001 : -------------------------------------------------------------------------------------------------------------------------------
RUN-1001 :               ClockName              |  DriverType  |  Clock/Fanout  |  LocalWireNum  |           NetName           |  Marked  
RUN-1001 : -------------------------------------------------------------------------------------------------------------------------------
RUN-1001 :   t3_sdram/u0_clk/pll_inst.clkc[2]   |  AL_PHY_PLL  |      0/1       |       1        |  t3_sdram/u2_ram/SDRAM_CLK  |   true   
RUN-1001 : -------------------------------------------------------------------------------------------------------------------------------
PHY-1001 : End Stage 5.1 | Clock Net Status Check; Time: 0.002880s wall, 0.015625s user + 0.000000s system = 0.015625s CPU (542.4%); Memory(MB): used = 778, reserved = 886, peak = 778;

PHY-1001 : Stage 5.2 | Abnormal Timing Path check
PHY-5089 WARNING: Skip 41 abnormal timing path for routing due to clock skew is greater than 1000ps or hold slack is less than -1000ps, use load pr.db and report_abnormal_timing_target -file to get detail message. If need to fix these hold violation, place turn on hold fix high.
PHY-1001 : End Stage 5.2 | Abnormal Timing Path check; Time: 0.145066s wall, 0.140625s user + 0.000000s system = 0.140625s CPU (96.9%); Memory(MB): used = 778, reserved = 886, peak = 778;

PHY-1001 : End Stage 5 | Routing DRC; Time: 0.221560s wall, 0.218750s user + 0.000000s system = 0.218750s CPU (98.7%); Memory(MB): used = 778, reserved = 886, peak = 778;

RUN-1003 : finish command "route" in  80.241002s wall, 97.593750s user + 1.109375s system = 98.703125s CPU (123.0%)

RUN-1004 : used memory is 778 MB, reserved memory is 886 MB, peak memory is 778 MB
RUN-1002 : start command "report_area -io_info -file UDP_EXAMPLE_phy.area"
RUN-1001 : standard
***Report Model: UDP_Example_Top Device: EG4S20BG256***

IO Statistics
#IO                        34   out of    188   18.09%
  #input                   21
  #output                  12
  #inout                    1
#virtual IO                 3
  #input                    0
  #output                   0
  #inout                    0

Utilization Statistics
#lut                     5133   out of  19600   26.19%
#reg                     5441   out of  19600   27.76%
#le                      6622
  #lut only              1181   out of   6622   17.83%
  #reg only              1489   out of   6622   22.49%
  #lut&reg               3952   out of   6622   59.68%
#bram                      37   out of     64   57.81%
  #bram9k                  37
  #fifo9k                   0
#bram32k                    0   out of     16    0.00%
#dsp                        0   out of     29    0.00%
#pad                       34   out of    188   18.09%
  #ireg                    15
  #oreg                     8
  #treg                     0
#pll                        4   out of      4  100.00%
#gclk                       8   out of     16   50.00%


DataNet Average Fanout:

   Index     Fanout     Nets  
    #1          1       5146  
    #2          2       1167  
    #3          3       568   
    #4          4       361   
    #5        5-10      630   
    #6        11-50     332   
    #7       51-100      36   
    #8       101-500     3    
  Average     3.01            

RUN-1002 : start command "update_timing -mode final"
RUN-1002 : start command "start_timer"
RUN-1003 : finish command "update_timing -mode final" in  2.228538s wall, 2.218750s user + 0.000000s system = 2.218750s CPU (99.6%)

RUN-1004 : used memory is 778 MB, reserved memory is 886 MB, peak memory is 778 MB
RUN-1002 : start command "report_timing_status -file UDP_EXAMPLE_phy.ts"
RUN-1002 : start command "report_timing_summary -file UDP_EXAMPLE_pr.timing"
RUN-1002 : start command "report_timing_exception -file UDP_EXAMPLE_exception.timing"
RUN-1002 : start command "flow_status -file route_flow.status"
Location         : D:\Anlu\video640 19fps\UDP_EG4_6.2\prj\UDP_EXAMPLE\UDP_EXAMPLE_Runs\phy_1
Running with     : Tang Dynasty v6.2.168116
                   Copyright (c) 2012-2025 Anlogic Inc.
Top Model        : UDP_Example_Top
Device           : EG4S20BG256
Speed            : NA

Timing Mode      : final
Setup            : WNS -6699ps  TNS  -275536ps  NUM_FEPS   162
Hold             : WNS -1540ps  TNS   -30263ps  NUM_FEPS    48

Flow Statistics  :
RUN-1001 : Flow Statistics:
RUN-1001 : ---------------------------------------------------------------------------------------------------
RUN-1001 :      command     |  #calls  |  wall time   |  cpu time(s)  |  used memory(mb)  |  peak memory(mb)  
RUN-1001 : ---------------------------------------------------------------------------------------------------
RUN-1001 :       route      |    1     |  1m20s(65%)  |    98(63%)    |        778        |        778        
RUN-1001 :       place      |    1     |   42s(34%)   |    57(36%)    |        394        |        394        
RUN-1001 :     import_db    |    3     |    0s(0%)    |     0(0%)     |        285        |        285        
RUN-1001 :   import_device  |    1     |    0s(0%)    |     0(0%)     |        84         |        84         
RUN-1001 :       pack       |    1     |    0s(0%)    |     0(0%)     |        285        |        285        
RUN-1001 : ---------------------------------------------------------------------------------------------------
RUN-1001 :       total      |    7     |     2m2s     |      155      |        778        |        778        
RUN-1001 : ---------------------------------------------------------------------------------------------------
RUN-1002 : start command "report_clock_utilization -file route_clock_utilization.txt"
RUN-1001 : Device not support command report_clock_utilization.
RUN-1002 : start command "export_db UDP_EXAMPLE_pr.db"
RUN-1001 : Exported flow parameters
RUN-1001 : Exported /
RUN-1001 : Exported libs
RUN-1001 : Exported entities
RUN-1001 : Exported ports
RUN-1001 : Exported pins
RUN-1001 : Exported instances
RUN-1001 : Exported nets
RUN-1001 : Exported buses
RUN-1001 : Exported models
RUN-1001 : Exported phy database
RUN-1001 : Exported packer
RUN-1001 : Exported congestions
RUN-1001 : Exported violations
RUN-1001 : Exported ATMR Setting
RUN-1001 : Exported timing constraints
RUN-1001 : Exported IO constraints
RUN-1001 : Exported Inst constraints
RUN-1001 : Exported ChipWatcher
RUN-1002 : start command "commit_param -step bitgen"
RUN-1001 : Print Global Property
RUN-1001 : --------------------------------------------------------
RUN-1001 :   Parameters   |  Settings  |  Default Values  |  Note  
RUN-1001 : --------------------------------------------------------
RUN-1001 :   enable_seed  |    off     |       off        |        
RUN-1001 :     message    |  standard  |     standard     |        
RUN-1001 :   qor_monitor  |     on     |        on        |        
RUN-1001 :   syn_ip_flow  |    off     |       off        |        
RUN-1001 :     thread     |    auto    |       auto       |        
RUN-1001 : --------------------------------------------------------
RUN-1001 : Print Bitgen Property
RUN-1001 : -------------------------------------------------------------
RUN-1001 :      Parameters     |  Settings  |  Default Values  |  Note  
RUN-1001 : -------------------------------------------------------------
RUN-1001 :         bin         |    off     |       off        |        
RUN-1001 :       gen_mask      |    off     |       off        |        
RUN-1001 :      time_info      |     on     |        on        |        
RUN-1001 :   unused_io_status  |   pullup   |      pullup      |        
RUN-1001 :       version       |    0x00    |       0x00       |        
RUN-1001 : -------------------------------------------------------------
RUN-1002 : start command "bitgen -bit UDP_EXAMPLE.bit"
RUN-1002 : start command "export_bid UDP_EXAMPLE_inst.bid"
BIT-1003 : Start to generate bitstream. 
BIT-1002 : Init instances with 16 threads.
BIT-1002 : Init instances completely, inst num: 3869
BIT-1002 : Init pips with 16 threads.
BIT-1002 : Init pips completely, net num: 7977, pip num: 77516
BIT-1002 : Init feedthrough with 16 threads.
BIT-1002 : Init feedthrough completely, num: 122
BIT-1003 : Multithreading accelaration with 16 threads.
BIT-1003 : Generate bitstream completely, there are 209609 bits set as '1'.
BIT-1004 : PLL setting string = 1111
BIT-1004 : Generate bits file UDP_EXAMPLE.bit.
RUN-1003 : finish command "bitgen -bit UDP_EXAMPLE.bit" in  3.065703s wall, 28.031250s user + 1.375000s system = 29.406250s CPU (959.2%)

RUN-1004 : used memory is 781 MB, reserved memory is 886 MB, peak memory is 781 MB
RUN-1002 : start command "setup_debugger ../../chip_debugger"
KIT-1004 : Update chipwatcher trigger condition
KIT-1004 : Generate chipwatcher configuration file: cw/compiled.cwc
KIT-1004 : Generate chipwatcher bit file: cw/compiled.bit
RUN-1002 : start command "export_bitgen_param -file .bitgen_param.f"
RUN-1002 : start command "export_flow_status -s opt_place -e bitgen"
RUN-1002 : start command "flow_status"

Location         : D:\Anlu\video640 19fps\UDP_EG4_6.2\prj\UDP_EXAMPLE\UDP_EXAMPLE_Runs\phy_1
Running with     : Tang Dynasty v6.2.168116
                   Copyright (c) 2012-2025 Anlogic Inc.
Top Model        : UDP_Example_Top
Device           : EG4S20BG256
Speed            : NA

Timing Mode      : final
Setup            : WNS -6699ps  TNS  -275536ps  NUM_FEPS   162
Hold             : WNS -1540ps  TNS   -30263ps  NUM_FEPS    48

RUN-1001 : Flow Statistics:
RUN-1001 : ---------------------------------------------------------------------------------------------------
RUN-1001 :      command     |  #calls  |  wall time   |  cpu time(s)  |  used memory(mb)  |  peak memory(mb)  
RUN-1001 : ---------------------------------------------------------------------------------------------------
RUN-1001 :       route      |    1     |  1m20s(64%)  |    98(53%)    |        778        |        778        
RUN-1001 :       place      |    1     |   42s(33%)   |    57(30%)    |        394        |        394        
RUN-1001 :      bitgen      |    1     |    3s(2%)    |    29(15%)    |        781        |        781        
RUN-1001 :     import_db    |    3     |    0s(0%)    |     0(0%)     |        285        |        285        
RUN-1001 :   import_device  |    1     |    0s(0%)    |     0(0%)     |        84         |        84         
RUN-1001 :       pack       |    1     |    0s(0%)    |     0(0%)     |        285        |        285        
RUN-1001 : ---------------------------------------------------------------------------------------------------
RUN-1001 :       total      |    8     |     2m5s     |      184      |        781        |        781        
RUN-1001 : ---------------------------------------------------------------------------------------------------
