Analysis & Synthesis report for sd_sdram_vga
Fri Dec 08 17:34:45 2023
Quartus Prime Version 18.1.0 Build 625 09/12/2018 SJ Standard Edition


---------------------
; Table of Contents ;
---------------------
  1. Legal Notice
  2. Analysis & Synthesis Summary
  3. Analysis & Synthesis Settings
  4. Parallel Compilation
  5. Analysis & Synthesis Source Files Read
  6. Analysis & Synthesis IP Cores Summary
  7. Partition Status Summary
  8. Dependent File Changes for Partition Top
  9. Partition for Top-Level Resource Utilization by Entity
 10. State Machine - |top|sdram_core:sdram_core_m0|state
 11. State Machine - |top|frame_read_write:frame_read_write_m1|frame_fifo_read:frame_fifo_read_m0|state
 12. State Machine - |top|frame_read_write:frame_read_write_m1|frame_fifo_write:frame_fifo_write_m0|state
 13. State Machine - |top|frame_read_write:frame_read_write_m0|frame_fifo_read:frame_fifo_read_m0|state
 14. State Machine - |top|frame_read_write:frame_read_write_m0|frame_fifo_write:frame_fifo_write_m0|state
 15. State Machine - |top|flash_write_read:flash_write_read_m0|Qspi_master:Qspi_master_m0|state
 16. State Machine - |top|flash_write_read:flash_write_read_m0|flash_cmd:flash_cmd_m0|READ_cnt
 17. State Machine - |top|flash_write_read:flash_write_read_m0|flash_cmd:flash_cmd_m0|READ_state
 18. State Machine - |top|flash_write_read:flash_write_read_m0|flash_cmd:flash_cmd_m0|ERASE_cnt
 19. State Machine - |top|flash_write_read:flash_write_read_m0|flash_cmd:flash_cmd_m0|ERASE_state
 20. State Machine - |top|flash_write_read:flash_write_read_m0|flash_cmd:flash_cmd_m0|WRITE_cnt
 21. State Machine - |top|flash_write_read:flash_write_read_m0|flash_cmd:flash_cmd_m0|WRITE_state
 22. State Machine - |top|flash_write_read:flash_write_read_m0|flash_cmd:flash_cmd_m0|INIT_cnt
 23. State Machine - |top|flash_write_read:flash_write_read_m0|flash_cmd:flash_cmd_m0|INIT_state
 24. State Machine - |top|flash_write_read:flash_write_read_m0|flash_cmd:flash_cmd_m0|state
 25. State Machine - |top|flash_write_read:flash_write_read_m0|flash_cmd:flash_cmd_m0|flash_step:flash_step_m0|step
 26. State Machine - |top|flash_write_read:flash_write_read_m0|flash_writer:flash_writer_m0|state
 27. State Machine - |top|flash_write_read:flash_write_read_m0|flash_reader:flash_reader_m0|state
 28. State Machine - |top|sd_card_bmp:sd_card_bmp_m0|sd_card_top:sd_card_top_m0|spi_master:spi_master_m0|state
 29. State Machine - |top|sd_card_bmp:sd_card_bmp_m0|sd_card_top:sd_card_top_m0|sd_card_cmd:sd_card_cmd_m0|state
 30. State Machine - |top|sd_card_bmp:sd_card_bmp_m0|sd_card_top:sd_card_top_m0|sd_card_sec_read_write:sd_card_sec_read_write_m0|state
 31. State Machine - |top|sd_card_bmp:sd_card_bmp_m0|bmp_read:bmp_read_m0|state
 32. State Machine - |top|sys_state_ctrl:sys_state_ctrl_m0|sys_state
 33. Registers Protected by Synthesis
 34. Registers Removed During Synthesis
 35. Removed Registers Triggering Further Register Optimizations
 36. Physical Synthesis Netlist Optimizations
 37. Multiplexer Restructuring Statistics (Restructuring Performed)
 38. Source assignments for frame_read_write:frame_read_write_m0|afifo_16_256:write_buf|dcfifo:dcfifo_component
 39. Source assignments for frame_read_write:frame_read_write_m0|afifo_16_256:write_buf|dcfifo:dcfifo_component|dcfifo_spl1:auto_generated
 40. Source assignments for frame_read_write:frame_read_write_m0|afifo_16_256:write_buf|dcfifo:dcfifo_component|dcfifo_spl1:auto_generated|a_graycounter_m57:rdptr_g1p
 41. Source assignments for frame_read_write:frame_read_write_m0|afifo_16_256:write_buf|dcfifo:dcfifo_component|dcfifo_spl1:auto_generated|a_graycounter_ijc:wrptr_g1p
 42. Source assignments for frame_read_write:frame_read_write_m0|afifo_16_256:write_buf|dcfifo:dcfifo_component|dcfifo_spl1:auto_generated|altsyncram_fv61:fifo_ram
 43. Source assignments for frame_read_write:frame_read_write_m0|afifo_16_256:write_buf|dcfifo:dcfifo_component|dcfifo_spl1:auto_generated|dffpipe_gd9:rs_brp
 44. Source assignments for frame_read_write:frame_read_write_m0|afifo_16_256:write_buf|dcfifo:dcfifo_component|dcfifo_spl1:auto_generated|dffpipe_gd9:rs_bwp
 45. Source assignments for frame_read_write:frame_read_write_m0|afifo_16_256:write_buf|dcfifo:dcfifo_component|dcfifo_spl1:auto_generated|alt_synch_pipe_2ol:rs_dgwp
 46. Source assignments for frame_read_write:frame_read_write_m0|afifo_16_256:write_buf|dcfifo:dcfifo_component|dcfifo_spl1:auto_generated|alt_synch_pipe_2ol:rs_dgwp|dffpipe_jd9:dffpipe5
 47. Source assignments for frame_read_write:frame_read_write_m0|afifo_16_256:write_buf|dcfifo:dcfifo_component|dcfifo_spl1:auto_generated|dffpipe_gd9:ws_brp
 48. Source assignments for frame_read_write:frame_read_write_m0|afifo_16_256:write_buf|dcfifo:dcfifo_component|dcfifo_spl1:auto_generated|dffpipe_gd9:ws_bwp
 49. Source assignments for frame_read_write:frame_read_write_m0|afifo_16_256:write_buf|dcfifo:dcfifo_component|dcfifo_spl1:auto_generated|alt_synch_pipe_3ol:ws_dgrp
 50. Source assignments for frame_read_write:frame_read_write_m0|afifo_16_256:write_buf|dcfifo:dcfifo_component|dcfifo_spl1:auto_generated|alt_synch_pipe_3ol:ws_dgrp|dffpipe_kd9:dffpipe8
 51. Source assignments for frame_read_write:frame_read_write_m0|afifo_16_256:read_buf|dcfifo:dcfifo_component
 52. Source assignments for frame_read_write:frame_read_write_m0|afifo_16_256:read_buf|dcfifo:dcfifo_component|dcfifo_spl1:auto_generated
 53. Source assignments for frame_read_write:frame_read_write_m0|afifo_16_256:read_buf|dcfifo:dcfifo_component|dcfifo_spl1:auto_generated|a_graycounter_m57:rdptr_g1p
 54. Source assignments for frame_read_write:frame_read_write_m0|afifo_16_256:read_buf|dcfifo:dcfifo_component|dcfifo_spl1:auto_generated|a_graycounter_ijc:wrptr_g1p
 55. Source assignments for frame_read_write:frame_read_write_m0|afifo_16_256:read_buf|dcfifo:dcfifo_component|dcfifo_spl1:auto_generated|altsyncram_fv61:fifo_ram
 56. Source assignments for frame_read_write:frame_read_write_m0|afifo_16_256:read_buf|dcfifo:dcfifo_component|dcfifo_spl1:auto_generated|dffpipe_gd9:rs_brp
 57. Source assignments for frame_read_write:frame_read_write_m0|afifo_16_256:read_buf|dcfifo:dcfifo_component|dcfifo_spl1:auto_generated|dffpipe_gd9:rs_bwp
 58. Source assignments for frame_read_write:frame_read_write_m0|afifo_16_256:read_buf|dcfifo:dcfifo_component|dcfifo_spl1:auto_generated|alt_synch_pipe_2ol:rs_dgwp
 59. Source assignments for frame_read_write:frame_read_write_m0|afifo_16_256:read_buf|dcfifo:dcfifo_component|dcfifo_spl1:auto_generated|alt_synch_pipe_2ol:rs_dgwp|dffpipe_jd9:dffpipe5
 60. Source assignments for frame_read_write:frame_read_write_m0|afifo_16_256:read_buf|dcfifo:dcfifo_component|dcfifo_spl1:auto_generated|dffpipe_gd9:ws_brp
 61. Source assignments for frame_read_write:frame_read_write_m0|afifo_16_256:read_buf|dcfifo:dcfifo_component|dcfifo_spl1:auto_generated|dffpipe_gd9:ws_bwp
 62. Source assignments for frame_read_write:frame_read_write_m0|afifo_16_256:read_buf|dcfifo:dcfifo_component|dcfifo_spl1:auto_generated|alt_synch_pipe_3ol:ws_dgrp
 63. Source assignments for frame_read_write:frame_read_write_m0|afifo_16_256:read_buf|dcfifo:dcfifo_component|dcfifo_spl1:auto_generated|alt_synch_pipe_3ol:ws_dgrp|dffpipe_kd9:dffpipe8
 64. Source assignments for frame_read_write:frame_read_write_m1|afifo_16_256:write_buf|dcfifo:dcfifo_component
 65. Source assignments for frame_read_write:frame_read_write_m1|afifo_16_256:write_buf|dcfifo:dcfifo_component|dcfifo_spl1:auto_generated
 66. Source assignments for frame_read_write:frame_read_write_m1|afifo_16_256:write_buf|dcfifo:dcfifo_component|dcfifo_spl1:auto_generated|a_graycounter_m57:rdptr_g1p
 67. Source assignments for frame_read_write:frame_read_write_m1|afifo_16_256:write_buf|dcfifo:dcfifo_component|dcfifo_spl1:auto_generated|a_graycounter_ijc:wrptr_g1p
 68. Source assignments for frame_read_write:frame_read_write_m1|afifo_16_256:write_buf|dcfifo:dcfifo_component|dcfifo_spl1:auto_generated|altsyncram_fv61:fifo_ram
 69. Source assignments for frame_read_write:frame_read_write_m1|afifo_16_256:write_buf|dcfifo:dcfifo_component|dcfifo_spl1:auto_generated|dffpipe_gd9:rs_brp
 70. Source assignments for frame_read_write:frame_read_write_m1|afifo_16_256:write_buf|dcfifo:dcfifo_component|dcfifo_spl1:auto_generated|dffpipe_gd9:rs_bwp
 71. Source assignments for frame_read_write:frame_read_write_m1|afifo_16_256:write_buf|dcfifo:dcfifo_component|dcfifo_spl1:auto_generated|alt_synch_pipe_2ol:rs_dgwp
 72. Source assignments for frame_read_write:frame_read_write_m1|afifo_16_256:write_buf|dcfifo:dcfifo_component|dcfifo_spl1:auto_generated|alt_synch_pipe_2ol:rs_dgwp|dffpipe_jd9:dffpipe5
 73. Source assignments for frame_read_write:frame_read_write_m1|afifo_16_256:write_buf|dcfifo:dcfifo_component|dcfifo_spl1:auto_generated|dffpipe_gd9:ws_brp
 74. Source assignments for frame_read_write:frame_read_write_m1|afifo_16_256:write_buf|dcfifo:dcfifo_component|dcfifo_spl1:auto_generated|dffpipe_gd9:ws_bwp
 75. Source assignments for frame_read_write:frame_read_write_m1|afifo_16_256:write_buf|dcfifo:dcfifo_component|dcfifo_spl1:auto_generated|alt_synch_pipe_3ol:ws_dgrp
 76. Source assignments for frame_read_write:frame_read_write_m1|afifo_16_256:write_buf|dcfifo:dcfifo_component|dcfifo_spl1:auto_generated|alt_synch_pipe_3ol:ws_dgrp|dffpipe_kd9:dffpipe8
 77. Source assignments for frame_read_write:frame_read_write_m1|afifo_16_256:read_buf|dcfifo:dcfifo_component
 78. Source assignments for frame_read_write:frame_read_write_m1|afifo_16_256:read_buf|dcfifo:dcfifo_component|dcfifo_spl1:auto_generated
 79. Source assignments for frame_read_write:frame_read_write_m1|afifo_16_256:read_buf|dcfifo:dcfifo_component|dcfifo_spl1:auto_generated|a_graycounter_m57:rdptr_g1p
 80. Source assignments for frame_read_write:frame_read_write_m1|afifo_16_256:read_buf|dcfifo:dcfifo_component|dcfifo_spl1:auto_generated|a_graycounter_ijc:wrptr_g1p
 81. Source assignments for frame_read_write:frame_read_write_m1|afifo_16_256:read_buf|dcfifo:dcfifo_component|dcfifo_spl1:auto_generated|altsyncram_fv61:fifo_ram
 82. Source assignments for frame_read_write:frame_read_write_m1|afifo_16_256:read_buf|dcfifo:dcfifo_component|dcfifo_spl1:auto_generated|dffpipe_gd9:rs_brp
 83. Source assignments for frame_read_write:frame_read_write_m1|afifo_16_256:read_buf|dcfifo:dcfifo_component|dcfifo_spl1:auto_generated|dffpipe_gd9:rs_bwp
 84. Source assignments for frame_read_write:frame_read_write_m1|afifo_16_256:read_buf|dcfifo:dcfifo_component|dcfifo_spl1:auto_generated|alt_synch_pipe_2ol:rs_dgwp
 85. Source assignments for frame_read_write:frame_read_write_m1|afifo_16_256:read_buf|dcfifo:dcfifo_component|dcfifo_spl1:auto_generated|alt_synch_pipe_2ol:rs_dgwp|dffpipe_jd9:dffpipe5
 86. Source assignments for frame_read_write:frame_read_write_m1|afifo_16_256:read_buf|dcfifo:dcfifo_component|dcfifo_spl1:auto_generated|dffpipe_gd9:ws_brp
 87. Source assignments for frame_read_write:frame_read_write_m1|afifo_16_256:read_buf|dcfifo:dcfifo_component|dcfifo_spl1:auto_generated|dffpipe_gd9:ws_bwp
 88. Source assignments for frame_read_write:frame_read_write_m1|afifo_16_256:read_buf|dcfifo:dcfifo_component|dcfifo_spl1:auto_generated|alt_synch_pipe_3ol:ws_dgrp
 89. Source assignments for frame_read_write:frame_read_write_m1|afifo_16_256:read_buf|dcfifo:dcfifo_component|dcfifo_spl1:auto_generated|alt_synch_pipe_3ol:ws_dgrp|dffpipe_kd9:dffpipe8
 90. Parameter Settings for User Entity Instance: Top-level Entity: |top
 91. Parameter Settings for User Entity Instance: sys_pll:sys_pll_m0|altpll:altpll_component
 92. Parameter Settings for User Entity Instance: video_pll:video_pll_m0|altpll:altpll_component
 93. Parameter Settings for User Entity Instance: sys_state_ctrl:sys_state_ctrl_m0
 94. Parameter Settings for User Entity Instance: sys_state_ctrl:sys_state_ctrl_m0|ax_debounce:ax_debounce_m1
 95. Parameter Settings for User Entity Instance: sys_state_ctrl:sys_state_ctrl_m0|ax_debounce:ax_debounce_m2
 96. Parameter Settings for User Entity Instance: sd_card_bmp:sd_card_bmp_m0|ax_debounce:ax_debounce_m0
 97. Parameter Settings for User Entity Instance: sd_card_bmp:sd_card_bmp_m0|sd_card_top:sd_card_top_m0
 98. Parameter Settings for User Entity Instance: sd_card_bmp:sd_card_bmp_m0|sd_card_top:sd_card_top_m0|sd_card_sec_read_write:sd_card_sec_read_write_m0
 99. Parameter Settings for User Entity Instance: sd_card_bmp:sd_card_bmp_m0|sd_card_top:sd_card_top_m0|sd_card_cmd:sd_card_cmd_m0
100. Parameter Settings for User Entity Instance: seg_scan:seg_scan_m0
101. Parameter Settings for User Entity Instance: video_timing_data:video_timing_data_m0
102. Parameter Settings for User Entity Instance: video_timing_data:video_timing_data_m0|color_bar:color_bar_m0
103. Parameter Settings for User Entity Instance: frame_read_write:frame_read_write_m0
104. Parameter Settings for User Entity Instance: frame_read_write:frame_read_write_m0|afifo_16_256:write_buf|dcfifo:dcfifo_component
105. Parameter Settings for User Entity Instance: frame_read_write:frame_read_write_m0|frame_fifo_write:frame_fifo_write_m0
106. Parameter Settings for User Entity Instance: frame_read_write:frame_read_write_m0|afifo_16_256:read_buf|dcfifo:dcfifo_component
107. Parameter Settings for User Entity Instance: frame_read_write:frame_read_write_m0|frame_fifo_read:frame_fifo_read_m0
108. Parameter Settings for User Entity Instance: frame_read_write:frame_read_write_m1
109. Parameter Settings for User Entity Instance: frame_read_write:frame_read_write_m1|afifo_16_256:write_buf|dcfifo:dcfifo_component
110. Parameter Settings for User Entity Instance: frame_read_write:frame_read_write_m1|frame_fifo_write:frame_fifo_write_m0
111. Parameter Settings for User Entity Instance: frame_read_write:frame_read_write_m1|afifo_16_256:read_buf|dcfifo:dcfifo_component
112. Parameter Settings for User Entity Instance: frame_read_write:frame_read_write_m1|frame_fifo_read:frame_fifo_read_m0
113. Parameter Settings for User Entity Instance: sdram_core:sdram_core_m0
114. Partition Dependent Files
115. Post-Synthesis Netlist Statistics for Top Partition
116. Source assignments for sld_signaltap:auto_signaltap_0
117. Parameter Settings for Inferred Entity Instance: sld_signaltap:auto_signaltap_0
118. Port Connectivity Checks: "sdram_core:sdram_core_m0"
119. Port Connectivity Checks: "frame_read_write:frame_read_write_m1"
120. Port Connectivity Checks: "frame_read_write:frame_read_write_m0|frame_fifo_read:frame_fifo_read_m0"
121. Port Connectivity Checks: "frame_read_write:frame_read_write_m0|afifo_16_256:read_buf"
122. Port Connectivity Checks: "frame_read_write:frame_read_write_m0|frame_fifo_write:frame_fifo_write_m0"
123. Port Connectivity Checks: "frame_read_write:frame_read_write_m0|afifo_16_256:write_buf"
124. Port Connectivity Checks: "frame_read_write:frame_read_write_m0"
125. Port Connectivity Checks: "video_timing_data:video_timing_data_m0|color_bar:color_bar_m0"
126. Port Connectivity Checks: "video_timing_data:video_timing_data_m0"
127. Port Connectivity Checks: "seg_scan:seg_scan_m0"
128. Port Connectivity Checks: "flash_write_read:flash_write_read_m0|Qspi_master:Qspi_master_m0"
129. Port Connectivity Checks: "flash_write_read:flash_write_read_m0|flash_writer:flash_writer_m0"
130. Port Connectivity Checks: "flash_write_read:flash_write_read_m0|flash_reader:flash_reader_m0"
131. Port Connectivity Checks: "sd_card_bmp:sd_card_bmp_m0|sd_card_top:sd_card_top_m0|spi_master:spi_master_m0"
132. Port Connectivity Checks: "sd_card_bmp:sd_card_bmp_m0|sd_card_top:sd_card_top_m0"
133. Port Connectivity Checks: "sd_card_bmp:sd_card_bmp_m0|bmp_read:bmp_read_m0"
134. Port Connectivity Checks: "sd_card_bmp:sd_card_bmp_m0|ax_debounce:ax_debounce_m0"
135. Port Connectivity Checks: "sd_card_bmp:sd_card_bmp_m0"
136. Port Connectivity Checks: "sys_state_ctrl:sys_state_ctrl_m0|ax_debounce:ax_debounce_m2"
137. Port Connectivity Checks: "sys_state_ctrl:sys_state_ctrl_m0|ax_debounce:ax_debounce_m1"
138. Port Connectivity Checks: "sys_state_ctrl:sys_state_ctrl_m0"
139. Signal Tap Logic Analyzer Settings
140. Elapsed Time Per Partition
141. Analysis & Synthesis Messages
142. Analysis & Synthesis Suppressed Messages



----------------
; Legal Notice ;
----------------
Copyright (C) 2018  Intel Corporation. All rights reserved.
Your use of Intel Corporation's design tools, logic functions 
and other software and tools, and its AMPP partner logic 
functions, and any output files from any of the foregoing 
(including device programming or simulation files), and any 
associated documentation or information are expressly subject 
to the terms and conditions of the Intel Program License 
Subscription Agreement, the Intel Quartus Prime License Agreement,
the Intel FPGA IP License Agreement, or other applicable license
agreement, including, without limitation, that your use is for
the sole purpose of programming logic devices manufactured by
Intel and sold by Intel or its authorized distributors.  Please
refer to the applicable agreement for further details.



+--------------------------------------------------------------------------------------+
; Analysis & Synthesis Summary                                                         ;
+------------------------------------+-------------------------------------------------+
; Analysis & Synthesis Status        ; Successful - Fri Dec 08 17:34:45 2023           ;
; Quartus Prime Version              ; 18.1.0 Build 625 09/12/2018 SJ Standard Edition ;
; Revision Name                      ; sd_sdram_vga                                    ;
; Top-level Entity Name              ; top                                             ;
; Family                             ; Cyclone 10 LP                                   ;
; Total logic elements               ; N/A until Partition Merge                       ;
;     Total combinational functions  ; N/A until Partition Merge                       ;
;     Dedicated logic registers      ; N/A until Partition Merge                       ;
; Total registers                    ; N/A until Partition Merge                       ;
; Total pins                         ; N/A until Partition Merge                       ;
; Total virtual pins                 ; N/A until Partition Merge                       ;
; Total memory bits                  ; N/A until Partition Merge                       ;
; Embedded Multiplier 9-bit elements ; N/A until Partition Merge                       ;
; Total PLLs                         ; N/A until Partition Merge                       ;
+------------------------------------+-------------------------------------------------+


+------------------------------------------------------------------------------------------------------------+
; Analysis & Synthesis Settings                                                                              ;
+------------------------------------------------------------------+--------------------+--------------------+
; Option                                                           ; Setting            ; Default Value      ;
+------------------------------------------------------------------+--------------------+--------------------+
; Device                                                           ; 10CL006YU256C8G    ;                    ;
; Top-level entity name                                            ; top                ; sd_sdram_vga       ;
; Family name                                                      ; Cyclone 10 LP      ; Cyclone V          ;
; Optimization Technique                                           ; Speed              ; Balanced           ;
; Use smart compilation                                            ; Off                ; Off                ;
; Enable parallel Assembler and Timing Analyzer during compilation ; On                 ; On                 ;
; Enable compact report table                                      ; Off                ; Off                ;
; Restructure Multiplexers                                         ; Auto               ; Auto               ;
; Create Debugging Nodes for IP Cores                              ; Off                ; Off                ;
; Preserve fewer node names                                        ; On                 ; On                 ;
; Intel FPGA IP Evaluation Mode                                    ; Enable             ; Enable             ;
; Verilog Version                                                  ; Verilog_2001       ; Verilog_2001       ;
; VHDL Version                                                     ; VHDL_1993          ; VHDL_1993          ;
; State Machine Processing                                         ; Auto               ; Auto               ;
; Safe State Machine                                               ; Off                ; Off                ;
; Extract Verilog State Machines                                   ; On                 ; On                 ;
; Extract VHDL State Machines                                      ; On                 ; On                 ;
; Ignore Verilog initial constructs                                ; Off                ; Off                ;
; Iteration limit for constant Verilog loops                       ; 5000               ; 5000               ;
; Iteration limit for non-constant Verilog loops                   ; 250                ; 250                ;
; Add Pass-Through Logic to Inferred RAMs                          ; On                 ; On                 ;
; Infer RAMs from Raw Logic                                        ; On                 ; On                 ;
; Parallel Synthesis                                               ; On                 ; On                 ;
; DSP Block Balancing                                              ; Auto               ; Auto               ;
; NOT Gate Push-Back                                               ; On                 ; On                 ;
; Power-Up Don't Care                                              ; On                 ; On                 ;
; Remove Redundant Logic Cells                                     ; Off                ; Off                ;
; Remove Duplicate Registers                                       ; On                 ; On                 ;
; Ignore CARRY Buffers                                             ; Off                ; Off                ;
; Ignore CASCADE Buffers                                           ; Off                ; Off                ;
; Ignore GLOBAL Buffers                                            ; Off                ; Off                ;
; Ignore ROW GLOBAL Buffers                                        ; Off                ; Off                ;
; Ignore LCELL Buffers                                             ; Off                ; Off                ;
; Ignore SOFT Buffers                                              ; On                 ; On                 ;
; Limit AHDL Integers to 32 Bits                                   ; Off                ; Off                ;
; Carry Chain Length                                               ; 70                 ; 70                 ;
; Auto Carry Chains                                                ; On                 ; On                 ;
; Auto Open-Drain Pins                                             ; On                 ; On                 ;
; Perform WYSIWYG Primitive Resynthesis                            ; Off                ; Off                ;
; Auto ROM Replacement                                             ; On                 ; On                 ;
; Auto RAM Replacement                                             ; On                 ; On                 ;
; Auto DSP Block Replacement                                       ; On                 ; On                 ;
; Auto Shift Register Replacement                                  ; Auto               ; Auto               ;
; Allow Shift Register Merging across Hierarchies                  ; Auto               ; Auto               ;
; Auto Clock Enable Replacement                                    ; On                 ; On                 ;
; Strict RAM Replacement                                           ; Off                ; Off                ;
; Allow Synchronous Control Signals                                ; On                 ; On                 ;
; Force Use of Synchronous Clear Signals                           ; Off                ; Off                ;
; Auto RAM Block Balancing                                         ; On                 ; On                 ;
; Auto RAM to Logic Cell Conversion                                ; Off                ; Off                ;
; Auto Resource Sharing                                            ; Off                ; Off                ;
; Allow Any RAM Size For Recognition                               ; Off                ; Off                ;
; Allow Any ROM Size For Recognition                               ; Off                ; Off                ;
; Allow Any Shift Register Size For Recognition                    ; Off                ; Off                ;
; Use LogicLock Constraints during Resource Balancing              ; On                 ; On                 ;
; Ignore translate_off and synthesis_off directives                ; Off                ; Off                ;
; Timing-Driven Synthesis                                          ; On                 ; On                 ;
; Report Parameter Settings                                        ; On                 ; On                 ;
; Report Source Assignments                                        ; On                 ; On                 ;
; Report Connectivity Checks                                       ; On                 ; On                 ;
; Ignore Maximum Fan-Out Assignments                               ; Off                ; Off                ;
; Synchronization Register Chain Length                            ; 2                  ; 2                  ;
; Power Optimization During Synthesis                              ; Normal compilation ; Normal compilation ;
; HDL message level                                                ; Level2             ; Level2             ;
; Suppress Register Optimization Related Messages                  ; Off                ; Off                ;
; Number of Removed Registers Reported in Synthesis Report         ; 5000               ; 5000               ;
; Number of Swept Nodes Reported in Synthesis Report               ; 5000               ; 5000               ;
; Number of Inverted Registers Reported in Synthesis Report        ; 100                ; 100                ;
; Clock MUX Protection                                             ; On                 ; On                 ;
; Auto Gated Clock Conversion                                      ; Off                ; Off                ;
; Block Design Naming                                              ; Auto               ; Auto               ;
; SDC constraint protection                                        ; Off                ; Off                ;
; Synthesis Effort                                                 ; Auto               ; Auto               ;
; Shift Register Replacement - Allow Asynchronous Clear Signal     ; On                 ; On                 ;
; Pre-Mapping Resynthesis Optimization                             ; Off                ; Off                ;
; Analysis & Synthesis Message Level                               ; Medium             ; Medium             ;
; Disable Register Merging Across Hierarchies                      ; Auto               ; Auto               ;
; Resource Aware Inference For Block RAM                           ; On                 ; On                 ;
+------------------------------------------------------------------+--------------------+--------------------+


+------------------------------------------+
; Parallel Compilation                     ;
+----------------------------+-------------+
; Processors                 ; Number      ;
+----------------------------+-------------+
; Number detected on machine ; 16          ;
; Maximum allowed            ; 12          ;
;                            ;             ;
; Average used               ; 1.03        ;
; Maximum used               ; 12          ;
;                            ;             ;
; Usage by Processor         ; % Time Used ;
;     Processor 1            ; 100.0%      ;
;     Processor 2            ;   0.3%      ;
;     Processor 3            ;   0.2%      ;
;     Processor 4            ;   0.2%      ;
;     Processor 5            ;   0.2%      ;
;     Processor 6            ;   0.2%      ;
;     Processor 7            ;   0.2%      ;
;     Processor 8            ;   0.2%      ;
;     Processors 9-12        ;   0.2%      ;
+----------------------------+-------------+


+-------------------------------------------------------------------------------------------------------------------------------------------------------------------------------------------------------------------------------------------------------------------------------------+
; Analysis & Synthesis Source Files Read                                                                                                                                                                                                                                              ;
+--------------------------------------------------------------------+-----------------+------------------------------------+-------------------------------------------------------------------------------------------------------------------------------------------+-------------+
; File Name with User-Entered Path                                   ; Used in Netlist ; File Type                          ; File Name with Absolute Path                                                                                                              ; Library     ;
+--------------------------------------------------------------------+-----------------+------------------------------------+-------------------------------------------------------------------------------------------------------------------------------------------+-------------+
; src/seg_scan.v                                                     ; yes             ; User Verilog HDL File              ; D:/Projects/2023_10_10_HX4S20_test/spi_FLASH_SDRAM_pic/14_TF_sdram_vga/src/seg_scan.v                                                     ;             ;
; src/seg_decoder.v                                                  ; yes             ; User Verilog HDL File              ; D:/Projects/2023_10_10_HX4S20_test/spi_FLASH_SDRAM_pic/14_TF_sdram_vga/src/seg_decoder.v                                                  ;             ;
; src/video_define.v                                                 ; yes             ; User Verilog HDL File              ; D:/Projects/2023_10_10_HX4S20_test/spi_FLASH_SDRAM_pic/14_TF_sdram_vga/src/video_define.v                                                 ;             ;
; src/frame_read_write.v                                             ; yes             ; User Verilog HDL File              ; D:/Projects/2023_10_10_HX4S20_test/spi_FLASH_SDRAM_pic/14_TF_sdram_vga/src/frame_read_write.v                                             ;             ;
; src/sd_card/spi_master.v                                           ; yes             ; User Verilog HDL File              ; D:/Projects/2023_10_10_HX4S20_test/spi_FLASH_SDRAM_pic/14_TF_sdram_vga/src/sd_card/spi_master.v                                           ;             ;
; src/sd_card/sd_card_top.v                                          ; yes             ; User Verilog HDL File              ; D:/Projects/2023_10_10_HX4S20_test/spi_FLASH_SDRAM_pic/14_TF_sdram_vga/src/sd_card/sd_card_top.v                                          ;             ;
; src/sd_card/sd_card_sec_read_write.v                               ; yes             ; User Verilog HDL File              ; D:/Projects/2023_10_10_HX4S20_test/spi_FLASH_SDRAM_pic/14_TF_sdram_vga/src/sd_card/sd_card_sec_read_write.v                               ;             ;
; src/sd_card/sd_card_cmd.v                                          ; yes             ; User Verilog HDL File              ; D:/Projects/2023_10_10_HX4S20_test/spi_FLASH_SDRAM_pic/14_TF_sdram_vga/src/sd_card/sd_card_cmd.v                                          ;             ;
; src/ip_core/video_pll.v                                            ; yes             ; User Wizard-Generated File         ; D:/Projects/2023_10_10_HX4S20_test/spi_FLASH_SDRAM_pic/14_TF_sdram_vga/src/ip_core/video_pll.v                                            ;             ;
; src/ax_debounce.v                                                  ; yes             ; User Verilog HDL File              ; D:/Projects/2023_10_10_HX4S20_test/spi_FLASH_SDRAM_pic/14_TF_sdram_vga/src/ax_debounce.v                                                  ;             ;
; src/ip_core/sys_pll.v                                              ; yes             ; User Wizard-Generated File         ; D:/Projects/2023_10_10_HX4S20_test/spi_FLASH_SDRAM_pic/14_TF_sdram_vga/src/ip_core/sys_pll.v                                              ;             ;
; src/sdram/sdram_core.v                                             ; yes             ; User Verilog HDL File              ; D:/Projects/2023_10_10_HX4S20_test/spi_FLASH_SDRAM_pic/14_TF_sdram_vga/src/sdram/sdram_core.v                                             ;             ;
; src/video_timing_data.v                                            ; yes             ; User Verilog HDL File              ; D:/Projects/2023_10_10_HX4S20_test/spi_FLASH_SDRAM_pic/14_TF_sdram_vga/src/video_timing_data.v                                            ;             ;
; src/top.v                                                          ; yes             ; User Verilog HDL File              ; D:/Projects/2023_10_10_HX4S20_test/spi_FLASH_SDRAM_pic/14_TF_sdram_vga/src/top.v                                                          ;             ;
; src/sd_card_bmp.v                                                  ; yes             ; User Verilog HDL File              ; D:/Projects/2023_10_10_HX4S20_test/spi_FLASH_SDRAM_pic/14_TF_sdram_vga/src/sd_card_bmp.v                                                  ;             ;
; src/frame_fifo_write.v                                             ; yes             ; User Verilog HDL File              ; D:/Projects/2023_10_10_HX4S20_test/spi_FLASH_SDRAM_pic/14_TF_sdram_vga/src/frame_fifo_write.v                                             ;             ;
; src/frame_fifo_read.v                                              ; yes             ; User Verilog HDL File              ; D:/Projects/2023_10_10_HX4S20_test/spi_FLASH_SDRAM_pic/14_TF_sdram_vga/src/frame_fifo_read.v                                              ;             ;
; src/color_bar.v                                                    ; yes             ; User Verilog HDL File              ; D:/Projects/2023_10_10_HX4S20_test/spi_FLASH_SDRAM_pic/14_TF_sdram_vga/src/color_bar.v                                                    ;             ;
; src/bmp_read.v                                                     ; yes             ; User Verilog HDL File              ; D:/Projects/2023_10_10_HX4S20_test/spi_FLASH_SDRAM_pic/14_TF_sdram_vga/src/bmp_read.v                                                     ;             ;
; src/ip_core/afifo_16_256.v                                         ; yes             ; User Wizard-Generated File         ; D:/Projects/2023_10_10_HX4S20_test/spi_FLASH_SDRAM_pic/14_TF_sdram_vga/src/ip_core/afifo_16_256.v                                         ;             ;
; sys_state_ctrl.v                                                   ; yes             ; User Verilog HDL File              ; D:/Projects/2023_10_10_HX4S20_test/spi_FLASH_SDRAM_pic/14_TF_sdram_vga/sys_state_ctrl.v                                                   ;             ;
; flash_write_read.v                                                 ; yes             ; User Verilog HDL File              ; D:/Projects/2023_10_10_HX4S20_test/spi_FLASH_SDRAM_pic/14_TF_sdram_vga/flash_write_read.v                                                 ;             ;
; Qspi_master.v                                                      ; yes             ; User Verilog HDL File              ; D:/Projects/2023_10_10_HX4S20_test/spi_FLASH_SDRAM_pic/14_TF_sdram_vga/Qspi_master.v                                                      ;             ;
; flash_writer.v                                                     ; yes             ; User Verilog HDL File              ; D:/Projects/2023_10_10_HX4S20_test/spi_FLASH_SDRAM_pic/14_TF_sdram_vga/flash_writer.v                                                     ;             ;
; flash_cmd.v                                                        ; yes             ; User Verilog HDL File              ; D:/Projects/2023_10_10_HX4S20_test/spi_FLASH_SDRAM_pic/14_TF_sdram_vga/flash_cmd.v                                                        ;             ;
; flash_step.v                                                       ; yes             ; User Verilog HDL File              ; D:/Projects/2023_10_10_HX4S20_test/spi_FLASH_SDRAM_pic/14_TF_sdram_vga/flash_step.v                                                       ;             ;
; flash_reader.v                                                     ; yes             ; User Verilog HDL File              ; D:/Projects/2023_10_10_HX4S20_test/spi_FLASH_SDRAM_pic/14_TF_sdram_vga/flash_reader.v                                                     ;             ;
; altpll.tdf                                                         ; yes             ; Megafunction                       ; d:/program/intelfpga/18.1/quartus/libraries/megafunctions/altpll.tdf                                                                      ;             ;
; aglobal181.inc                                                     ; yes             ; Megafunction                       ; d:/program/intelfpga/18.1/quartus/libraries/megafunctions/aglobal181.inc                                                                  ;             ;
; stratix_pll.inc                                                    ; yes             ; Megafunction                       ; d:/program/intelfpga/18.1/quartus/libraries/megafunctions/stratix_pll.inc                                                                 ;             ;
; stratixii_pll.inc                                                  ; yes             ; Megafunction                       ; d:/program/intelfpga/18.1/quartus/libraries/megafunctions/stratixii_pll.inc                                                               ;             ;
; cycloneii_pll.inc                                                  ; yes             ; Megafunction                       ; d:/program/intelfpga/18.1/quartus/libraries/megafunctions/cycloneii_pll.inc                                                               ;             ;
; db/sys_pll_altpll.v                                                ; yes             ; Auto-Generated Megafunction        ; D:/Projects/2023_10_10_HX4S20_test/spi_FLASH_SDRAM_pic/14_TF_sdram_vga/db/sys_pll_altpll.v                                                ;             ;
; db/video_pll_altpll.v                                              ; yes             ; Auto-Generated Megafunction        ; D:/Projects/2023_10_10_HX4S20_test/spi_FLASH_SDRAM_pic/14_TF_sdram_vga/db/video_pll_altpll.v                                              ;             ;
; dcfifo.tdf                                                         ; yes             ; Megafunction                       ; d:/program/intelfpga/18.1/quartus/libraries/megafunctions/dcfifo.tdf                                                                      ;             ;
; lpm_counter.inc                                                    ; yes             ; Megafunction                       ; d:/program/intelfpga/18.1/quartus/libraries/megafunctions/lpm_counter.inc                                                                 ;             ;
; lpm_add_sub.inc                                                    ; yes             ; Megafunction                       ; d:/program/intelfpga/18.1/quartus/libraries/megafunctions/lpm_add_sub.inc                                                                 ;             ;
; altdpram.inc                                                       ; yes             ; Megafunction                       ; d:/program/intelfpga/18.1/quartus/libraries/megafunctions/altdpram.inc                                                                    ;             ;
; a_graycounter.inc                                                  ; yes             ; Megafunction                       ; d:/program/intelfpga/18.1/quartus/libraries/megafunctions/a_graycounter.inc                                                               ;             ;
; a_fefifo.inc                                                       ; yes             ; Megafunction                       ; d:/program/intelfpga/18.1/quartus/libraries/megafunctions/a_fefifo.inc                                                                    ;             ;
; a_gray2bin.inc                                                     ; yes             ; Megafunction                       ; d:/program/intelfpga/18.1/quartus/libraries/megafunctions/a_gray2bin.inc                                                                  ;             ;
; dffpipe.inc                                                        ; yes             ; Megafunction                       ; d:/program/intelfpga/18.1/quartus/libraries/megafunctions/dffpipe.inc                                                                     ;             ;
; alt_sync_fifo.inc                                                  ; yes             ; Megafunction                       ; d:/program/intelfpga/18.1/quartus/libraries/megafunctions/alt_sync_fifo.inc                                                               ;             ;
; lpm_compare.inc                                                    ; yes             ; Megafunction                       ; d:/program/intelfpga/18.1/quartus/libraries/megafunctions/lpm_compare.inc                                                                 ;             ;
; altsyncram_fifo.inc                                                ; yes             ; Megafunction                       ; d:/program/intelfpga/18.1/quartus/libraries/megafunctions/altsyncram_fifo.inc                                                             ;             ;
; db/dcfifo_spl1.tdf                                                 ; yes             ; Auto-Generated Megafunction        ; D:/Projects/2023_10_10_HX4S20_test/spi_FLASH_SDRAM_pic/14_TF_sdram_vga/db/dcfifo_spl1.tdf                                                 ;             ;
; db/a_gray2bin_ngb.tdf                                              ; yes             ; Auto-Generated Megafunction        ; D:/Projects/2023_10_10_HX4S20_test/spi_FLASH_SDRAM_pic/14_TF_sdram_vga/db/a_gray2bin_ngb.tdf                                              ;             ;
; db/a_graycounter_m57.tdf                                           ; yes             ; Auto-Generated Megafunction        ; D:/Projects/2023_10_10_HX4S20_test/spi_FLASH_SDRAM_pic/14_TF_sdram_vga/db/a_graycounter_m57.tdf                                           ;             ;
; db/a_graycounter_ijc.tdf                                           ; yes             ; Auto-Generated Megafunction        ; D:/Projects/2023_10_10_HX4S20_test/spi_FLASH_SDRAM_pic/14_TF_sdram_vga/db/a_graycounter_ijc.tdf                                           ;             ;
; db/altsyncram_fv61.tdf                                             ; yes             ; Auto-Generated Megafunction        ; D:/Projects/2023_10_10_HX4S20_test/spi_FLASH_SDRAM_pic/14_TF_sdram_vga/db/altsyncram_fv61.tdf                                             ;             ;
; db/dffpipe_gd9.tdf                                                 ; yes             ; Auto-Generated Megafunction        ; D:/Projects/2023_10_10_HX4S20_test/spi_FLASH_SDRAM_pic/14_TF_sdram_vga/db/dffpipe_gd9.tdf                                                 ;             ;
; db/alt_synch_pipe_2ol.tdf                                          ; yes             ; Auto-Generated Megafunction        ; D:/Projects/2023_10_10_HX4S20_test/spi_FLASH_SDRAM_pic/14_TF_sdram_vga/db/alt_synch_pipe_2ol.tdf                                          ;             ;
; db/dffpipe_jd9.tdf                                                 ; yes             ; Auto-Generated Megafunction        ; D:/Projects/2023_10_10_HX4S20_test/spi_FLASH_SDRAM_pic/14_TF_sdram_vga/db/dffpipe_jd9.tdf                                                 ;             ;
; db/alt_synch_pipe_3ol.tdf                                          ; yes             ; Auto-Generated Megafunction        ; D:/Projects/2023_10_10_HX4S20_test/spi_FLASH_SDRAM_pic/14_TF_sdram_vga/db/alt_synch_pipe_3ol.tdf                                          ;             ;
; db/dffpipe_kd9.tdf                                                 ; yes             ; Auto-Generated Megafunction        ; D:/Projects/2023_10_10_HX4S20_test/spi_FLASH_SDRAM_pic/14_TF_sdram_vga/db/dffpipe_kd9.tdf                                                 ;             ;
; db/cmpr_866.tdf                                                    ; yes             ; Auto-Generated Megafunction        ; D:/Projects/2023_10_10_HX4S20_test/spi_FLASH_SDRAM_pic/14_TF_sdram_vga/db/cmpr_866.tdf                                                    ;             ;
; sld_signaltap.vhd                                                  ; yes             ; Megafunction                       ; d:/program/intelfpga/18.1/quartus/libraries/megafunctions/sld_signaltap.vhd                                                               ;             ;
; sld_signaltap_impl.vhd                                             ; yes             ; Encrypted Megafunction             ; d:/program/intelfpga/18.1/quartus/libraries/megafunctions/sld_signaltap_impl.vhd                                                          ;             ;
; sld_ela_control.vhd                                                ; yes             ; Encrypted Megafunction             ; d:/program/intelfpga/18.1/quartus/libraries/megafunctions/sld_ela_control.vhd                                                             ;             ;
; lpm_shiftreg.tdf                                                   ; yes             ; Megafunction                       ; d:/program/intelfpga/18.1/quartus/libraries/megafunctions/lpm_shiftreg.tdf                                                                ;             ;
; lpm_constant.inc                                                   ; yes             ; Megafunction                       ; d:/program/intelfpga/18.1/quartus/libraries/megafunctions/lpm_constant.inc                                                                ;             ;
; dffeea.inc                                                         ; yes             ; Megafunction                       ; d:/program/intelfpga/18.1/quartus/libraries/megafunctions/dffeea.inc                                                                      ;             ;
; sld_mbpmg.vhd                                                      ; yes             ; Encrypted Megafunction             ; d:/program/intelfpga/18.1/quartus/libraries/megafunctions/sld_mbpmg.vhd                                                                   ;             ;
; sld_ela_trigger_flow_mgr.vhd                                       ; yes             ; Encrypted Megafunction             ; d:/program/intelfpga/18.1/quartus/libraries/megafunctions/sld_ela_trigger_flow_mgr.vhd                                                    ;             ;
; sld_buffer_manager.vhd                                             ; yes             ; Encrypted Megafunction             ; d:/program/intelfpga/18.1/quartus/libraries/megafunctions/sld_buffer_manager.vhd                                                          ;             ;
; altsyncram.tdf                                                     ; yes             ; Megafunction                       ; d:/program/intelfpga/18.1/quartus/libraries/megafunctions/altsyncram.tdf                                                                  ;             ;
; stratix_ram_block.inc                                              ; yes             ; Megafunction                       ; d:/program/intelfpga/18.1/quartus/libraries/megafunctions/stratix_ram_block.inc                                                           ;             ;
; lpm_mux.inc                                                        ; yes             ; Megafunction                       ; d:/program/intelfpga/18.1/quartus/libraries/megafunctions/lpm_mux.inc                                                                     ;             ;
; lpm_decode.inc                                                     ; yes             ; Megafunction                       ; d:/program/intelfpga/18.1/quartus/libraries/megafunctions/lpm_decode.inc                                                                  ;             ;
; a_rdenreg.inc                                                      ; yes             ; Megafunction                       ; d:/program/intelfpga/18.1/quartus/libraries/megafunctions/a_rdenreg.inc                                                                   ;             ;
; altrom.inc                                                         ; yes             ; Megafunction                       ; d:/program/intelfpga/18.1/quartus/libraries/megafunctions/altrom.inc                                                                      ;             ;
; altram.inc                                                         ; yes             ; Megafunction                       ; d:/program/intelfpga/18.1/quartus/libraries/megafunctions/altram.inc                                                                      ;             ;
; db/altsyncram_la24.tdf                                             ; yes             ; Auto-Generated Megafunction        ; D:/Projects/2023_10_10_HX4S20_test/spi_FLASH_SDRAM_pic/14_TF_sdram_vga/db/altsyncram_la24.tdf                                             ;             ;
; altdpram.tdf                                                       ; yes             ; Megafunction                       ; d:/program/intelfpga/18.1/quartus/libraries/megafunctions/altdpram.tdf                                                                    ;             ;
; memmodes.inc                                                       ; yes             ; Megafunction                       ; d:/program/intelfpga/18.1/quartus/libraries/others/maxplus2/memmodes.inc                                                                  ;             ;
; a_hdffe.inc                                                        ; yes             ; Megafunction                       ; d:/program/intelfpga/18.1/quartus/libraries/megafunctions/a_hdffe.inc                                                                     ;             ;
; alt_le_rden_reg.inc                                                ; yes             ; Megafunction                       ; d:/program/intelfpga/18.1/quartus/libraries/megafunctions/alt_le_rden_reg.inc                                                             ;             ;
; altsyncram.inc                                                     ; yes             ; Megafunction                       ; d:/program/intelfpga/18.1/quartus/libraries/megafunctions/altsyncram.inc                                                                  ;             ;
; lpm_mux.tdf                                                        ; yes             ; Megafunction                       ; d:/program/intelfpga/18.1/quartus/libraries/megafunctions/lpm_mux.tdf                                                                     ;             ;
; muxlut.inc                                                         ; yes             ; Megafunction                       ; d:/program/intelfpga/18.1/quartus/libraries/megafunctions/muxlut.inc                                                                      ;             ;
; bypassff.inc                                                       ; yes             ; Megafunction                       ; d:/program/intelfpga/18.1/quartus/libraries/megafunctions/bypassff.inc                                                                    ;             ;
; altshift.inc                                                       ; yes             ; Megafunction                       ; d:/program/intelfpga/18.1/quartus/libraries/megafunctions/altshift.inc                                                                    ;             ;
; db/mux_ksc.tdf                                                     ; yes             ; Auto-Generated Megafunction        ; D:/Projects/2023_10_10_HX4S20_test/spi_FLASH_SDRAM_pic/14_TF_sdram_vga/db/mux_ksc.tdf                                                     ;             ;
; lpm_decode.tdf                                                     ; yes             ; Megafunction                       ; d:/program/intelfpga/18.1/quartus/libraries/megafunctions/lpm_decode.tdf                                                                  ;             ;
; declut.inc                                                         ; yes             ; Megafunction                       ; d:/program/intelfpga/18.1/quartus/libraries/megafunctions/declut.inc                                                                      ;             ;
; db/decode_6vf.tdf                                                  ; yes             ; Auto-Generated Megafunction        ; D:/Projects/2023_10_10_HX4S20_test/spi_FLASH_SDRAM_pic/14_TF_sdram_vga/db/decode_6vf.tdf                                                  ;             ;
; lpm_counter.tdf                                                    ; yes             ; Megafunction                       ; d:/program/intelfpga/18.1/quartus/libraries/megafunctions/lpm_counter.tdf                                                                 ;             ;
; cmpconst.inc                                                       ; yes             ; Megafunction                       ; d:/program/intelfpga/18.1/quartus/libraries/megafunctions/cmpconst.inc                                                                    ;             ;
; alt_counter_stratix.inc                                            ; yes             ; Megafunction                       ; d:/program/intelfpga/18.1/quartus/libraries/megafunctions/alt_counter_stratix.inc                                                         ;             ;
; db/cntr_ogi.tdf                                                    ; yes             ; Auto-Generated Megafunction        ; D:/Projects/2023_10_10_HX4S20_test/spi_FLASH_SDRAM_pic/14_TF_sdram_vga/db/cntr_ogi.tdf                                                    ;             ;
; db/cmpr_lgc.tdf                                                    ; yes             ; Auto-Generated Megafunction        ; D:/Projects/2023_10_10_HX4S20_test/spi_FLASH_SDRAM_pic/14_TF_sdram_vga/db/cmpr_lgc.tdf                                                    ;             ;
; db/cntr_99j.tdf                                                    ; yes             ; Auto-Generated Megafunction        ; D:/Projects/2023_10_10_HX4S20_test/spi_FLASH_SDRAM_pic/14_TF_sdram_vga/db/cntr_99j.tdf                                                    ;             ;
; db/cntr_7gi.tdf                                                    ; yes             ; Auto-Generated Megafunction        ; D:/Projects/2023_10_10_HX4S20_test/spi_FLASH_SDRAM_pic/14_TF_sdram_vga/db/cntr_7gi.tdf                                                    ;             ;
; db/cmpr_kgc.tdf                                                    ; yes             ; Auto-Generated Megafunction        ; D:/Projects/2023_10_10_HX4S20_test/spi_FLASH_SDRAM_pic/14_TF_sdram_vga/db/cmpr_kgc.tdf                                                    ;             ;
; db/cntr_r2j.tdf                                                    ; yes             ; Auto-Generated Megafunction        ; D:/Projects/2023_10_10_HX4S20_test/spi_FLASH_SDRAM_pic/14_TF_sdram_vga/db/cntr_r2j.tdf                                                    ;             ;
; db/cmpr_ggc.tdf                                                    ; yes             ; Auto-Generated Megafunction        ; D:/Projects/2023_10_10_HX4S20_test/spi_FLASH_SDRAM_pic/14_TF_sdram_vga/db/cmpr_ggc.tdf                                                    ;             ;
; sld_rom_sr.vhd                                                     ; yes             ; Encrypted Megafunction             ; d:/program/intelfpga/18.1/quartus/libraries/megafunctions/sld_rom_sr.vhd                                                                  ;             ;
; sld_jtag_endpoint_adapter.vhd                                      ; yes             ; Encrypted Megafunction             ; d:/program/intelfpga/18.1/quartus/libraries/megafunctions/sld_jtag_endpoint_adapter.vhd                                                   ;             ;
; sld_jtag_endpoint_adapter_impl.sv                                  ; yes             ; Encrypted Megafunction             ; d:/program/intelfpga/18.1/quartus/libraries/megafunctions/sld_jtag_endpoint_adapter_impl.sv                                               ;             ;
; sld_hub.vhd                                                        ; yes             ; Encrypted Megafunction             ; d:/program/intelfpga/18.1/quartus/libraries/megafunctions/sld_hub.vhd                                                                     ; altera_sld  ;
; db/ip/sldb3c4ae96/alt_sld_fab.v                                    ; yes             ; Encrypted Altera IP File           ; D:/Projects/2023_10_10_HX4S20_test/spi_FLASH_SDRAM_pic/14_TF_sdram_vga/db/ip/sldb3c4ae96/alt_sld_fab.v                                    ; alt_sld_fab ;
; db/ip/sldb3c4ae96/submodules/alt_sld_fab_alt_sld_fab.v             ; yes             ; Encrypted Altera IP File           ; D:/Projects/2023_10_10_HX4S20_test/spi_FLASH_SDRAM_pic/14_TF_sdram_vga/db/ip/sldb3c4ae96/submodules/alt_sld_fab_alt_sld_fab.v             ; alt_sld_fab ;
; db/ip/sldb3c4ae96/submodules/alt_sld_fab_alt_sld_fab_ident.sv      ; yes             ; Auto-Found SystemVerilog HDL File  ; D:/Projects/2023_10_10_HX4S20_test/spi_FLASH_SDRAM_pic/14_TF_sdram_vga/db/ip/sldb3c4ae96/submodules/alt_sld_fab_alt_sld_fab_ident.sv      ; alt_sld_fab ;
; db/ip/sldb3c4ae96/submodules/alt_sld_fab_alt_sld_fab_presplit.sv   ; yes             ; Encrypted Altera IP File           ; D:/Projects/2023_10_10_HX4S20_test/spi_FLASH_SDRAM_pic/14_TF_sdram_vga/db/ip/sldb3c4ae96/submodules/alt_sld_fab_alt_sld_fab_presplit.sv   ; alt_sld_fab ;
; db/ip/sldb3c4ae96/submodules/alt_sld_fab_alt_sld_fab_sldfabric.vhd ; yes             ; Encrypted Altera IP File           ; D:/Projects/2023_10_10_HX4S20_test/spi_FLASH_SDRAM_pic/14_TF_sdram_vga/db/ip/sldb3c4ae96/submodules/alt_sld_fab_alt_sld_fab_sldfabric.vhd ; alt_sld_fab ;
; db/ip/sldb3c4ae96/submodules/alt_sld_fab_alt_sld_fab_splitter.sv   ; yes             ; Encrypted Altera IP File           ; D:/Projects/2023_10_10_HX4S20_test/spi_FLASH_SDRAM_pic/14_TF_sdram_vga/db/ip/sldb3c4ae96/submodules/alt_sld_fab_alt_sld_fab_splitter.sv   ; alt_sld_fab ;
; sld_jtag_hub.vhd                                                   ; yes             ; Encrypted Megafunction             ; d:/program/intelfpga/18.1/quartus/libraries/megafunctions/sld_jtag_hub.vhd                                                                ;             ;
+--------------------------------------------------------------------+-----------------+------------------------------------+-------------------------------------------------------------------------------------------------------------------------------------------+-------------+


+-----------------------------------------------------------------------------------------------------------------------------------------------------------------------------------------------------------------------------------------------------------------------------------------------------------------------------------------------------------------------+
; Analysis & Synthesis IP Cores Summary                                                                                                                                                                                                                                                                                                                                 ;
+--------+--------------+---------+--------------+--------------+--------------------------------------------------------------------------------------------------------------------------------------------------------------------------------------------------------------------------------------------------------------------------+----------------------------+
; Vendor ; IP Core Name ; Version ; Release Date ; License Type ; Entity Instance                                                                                                                                                                                                                                                          ; IP Include File            ;
+--------+--------------+---------+--------------+--------------+--------------------------------------------------------------------------------------------------------------------------------------------------------------------------------------------------------------------------------------------------------------------------+----------------------------+
; Altera ; Signal Tap   ; N/A     ; N/A          ; Licensed     ; |top|sld_hub:auto_hub|alt_sld_fab_with_jtag_input:\instrumentation_fabric_with_node_gen:fabric_gen_new_way:with_jtag_input_gen:instrumentation_fabric|alt_sld_fab:instrumentation_fabric                                                                                 ;                            ;
; Altera ; Signal Tap   ; N/A     ; N/A          ; Licensed     ; |top|sld_hub:auto_hub|alt_sld_fab_with_jtag_input:\instrumentation_fabric_with_node_gen:fabric_gen_new_way:with_jtag_input_gen:instrumentation_fabric|alt_sld_fab:instrumentation_fabric|alt_sld_fab_alt_sld_fab:alt_sld_fab                                             ;                            ;
; Altera ; Signal Tap   ; N/A     ; N/A          ; Licensed     ; |top|sld_hub:auto_hub|alt_sld_fab_with_jtag_input:\instrumentation_fabric_with_node_gen:fabric_gen_new_way:with_jtag_input_gen:instrumentation_fabric|alt_sld_fab:instrumentation_fabric|alt_sld_fab_alt_sld_fab:alt_sld_fab|alt_sld_fab_alt_sld_fab_presplit:presplit   ;                            ;
; Altera ; Signal Tap   ; N/A     ; N/A          ; Licensed     ; |top|sld_hub:auto_hub|alt_sld_fab_with_jtag_input:\instrumentation_fabric_with_node_gen:fabric_gen_new_way:with_jtag_input_gen:instrumentation_fabric|alt_sld_fab:instrumentation_fabric|alt_sld_fab_alt_sld_fab:alt_sld_fab|alt_sld_fab_alt_sld_fab_sldfabric:sldfabric ;                            ;
; Altera ; Signal Tap   ; N/A     ; N/A          ; Licensed     ; |top|sld_hub:auto_hub|alt_sld_fab_with_jtag_input:\instrumentation_fabric_with_node_gen:fabric_gen_new_way:with_jtag_input_gen:instrumentation_fabric|alt_sld_fab:instrumentation_fabric|alt_sld_fab_alt_sld_fab:alt_sld_fab|alt_sld_fab_alt_sld_fab_splitter:splitter   ;                            ;
; Altera ; FIFO         ; 18.1    ; N/A          ; N/A          ; |top|frame_read_write:frame_read_write_m0|afifo_16_256:read_buf                                                                                                                                                                                                          ; src/ip_core/afifo_16_256.v ;
; Altera ; FIFO         ; 18.1    ; N/A          ; N/A          ; |top|frame_read_write:frame_read_write_m0|afifo_16_256:write_buf                                                                                                                                                                                                         ; src/ip_core/afifo_16_256.v ;
; Altera ; FIFO         ; 18.1    ; N/A          ; N/A          ; |top|frame_read_write:frame_read_write_m1|afifo_16_256:read_buf                                                                                                                                                                                                          ; src/ip_core/afifo_16_256.v ;
; Altera ; FIFO         ; 18.1    ; N/A          ; N/A          ; |top|frame_read_write:frame_read_write_m1|afifo_16_256:write_buf                                                                                                                                                                                                         ; src/ip_core/afifo_16_256.v ;
; Altera ; ALTPLL       ; 18.1    ; N/A          ; N/A          ; |top|sys_pll:sys_pll_m0                                                                                                                                                                                                                                                  ; src/ip_core/sys_pll.v      ;
; Altera ; ALTPLL       ; 18.1    ; N/A          ; N/A          ; |top|video_pll:video_pll_m0                                                                                                                                                                                                                                              ; src/ip_core/video_pll.v    ;
+--------+--------------+---------+--------------+--------------+--------------------------------------------------------------------------------------------------------------------------------------------------------------------------------------------------------------------------------------------------------------------------+----------------------------+


+------------------------------------------------------------------------+
; Partition Status Summary                                               ;
+--------------------------------+-------------+-------------------------+
; Partition Name                 ; Synthesized ; Reason                  ;
+--------------------------------+-------------+-------------------------+
; Top                            ; yes         ; Dependent files changed ;
; sld_hub:auto_hub               ; no          ; No relevant changes     ;
; sld_signaltap:auto_signaltap_0 ; no          ; No relevant changes     ;
+--------------------------------+-------------+-------------------------+


+-----------------------------------------------------------------------------------------------------------------------------------------------------------------------------------------+
; Dependent File Changes for Partition Top                                                                                                                                                ;
+-------------------------------------------------------------------+----------------+-------------------+----------+----------------------------------+----------------------------------+
; Hierarchy                                                         ; File Name      ; Relative Location ; Change   ; Old                              ; New                              ;
+-------------------------------------------------------------------+----------------+-------------------+----------+----------------------------------+----------------------------------+
; flash_write_read:flash_write_read_m0|flash_reader:flash_reader_m0 ; flash_reader.v ; Project Directory ; Checksum ; ecdabf764f952ee2d185277674cd2d69 ; 8ed44e23da334f8de0de23b95164a09c ;
; flash_write_read:flash_write_read_m0|flash_writer:flash_writer_m0 ; flash_writer.v ; Project Directory ; Checksum ; 5f295138d1e6917c35f6f02d533a4433 ; 2dd0bd75941468db0eb2e5702a4223a4 ;
+-------------------------------------------------------------------+----------------+-------------------+----------+----------------------------------+----------------------------------+


+------------------------------------------------------------------------------------------------------------------------------------------------------------------------------------------------------------------------------------------------------------------------------------------------------------------------------------------------------------------------------------------------------+
; Partition for Top-Level Resource Utilization by Entity                                                                                                                                                                                                                                                                                                                                               ;
+-------------------------------------------------------------+---------------------+---------------------------+-------------+--------------+---------+-----------+------+--------------+---------------------------------------------------------------------------------------------------------------------------------------------------------------------+------------------------+--------------+
; Compilation Hierarchy Node                                  ; Combinational ALUTs ; Dedicated Logic Registers ; Memory Bits ; DSP Elements ; DSP 9x9 ; DSP 18x18 ; Pins ; Virtual Pins ; Full Hierarchy Name                                                                                                                                                 ; Entity Name            ; Library Name ;
+-------------------------------------------------------------+---------------------+---------------------------+-------------+--------------+---------+-----------+------+--------------+---------------------------------------------------------------------------------------------------------------------------------------------------------------------+------------------------+--------------+
; |top                                                        ; 2338 (4)            ; 1661 (0)                  ; 16384       ; 0            ; 0       ; 0         ; 0    ; 0            ; |top                                                                                                                                                                ; top                    ; work         ;
;    |flash_write_read:flash_write_read_m0|                   ; 484 (0)             ; 342 (0)                   ; 0           ; 0            ; 0       ; 0         ; 0    ; 0            ; |top|flash_write_read:flash_write_read_m0                                                                                                                           ; flash_write_read       ; work         ;
;       |Qspi_master:Qspi_master_m0|                          ; 94 (94)             ; 53 (53)                   ; 0           ; 0            ; 0       ; 0         ; 0    ; 0            ; |top|flash_write_read:flash_write_read_m0|Qspi_master:Qspi_master_m0                                                                                                ; Qspi_master            ; work         ;
;       |flash_cmd:flash_cmd_m0|                              ; 188 (148)           ; 126 (89)                  ; 0           ; 0            ; 0       ; 0         ; 0    ; 0            ; |top|flash_write_read:flash_write_read_m0|flash_cmd:flash_cmd_m0                                                                                                    ; flash_cmd              ; work         ;
;          |flash_step:flash_step_m0|                         ; 40 (40)             ; 37 (37)                   ; 0           ; 0            ; 0       ; 0         ; 0    ; 0            ; |top|flash_write_read:flash_write_read_m0|flash_cmd:flash_cmd_m0|flash_step:flash_step_m0                                                                           ; flash_step             ; work         ;
;       |flash_reader:flash_reader_m0|                        ; 61 (61)             ; 55 (55)                   ; 0           ; 0            ; 0       ; 0         ; 0    ; 0            ; |top|flash_write_read:flash_write_read_m0|flash_reader:flash_reader_m0                                                                                              ; flash_reader           ; work         ;
;       |flash_writer:flash_writer_m0|                        ; 141 (141)           ; 108 (108)                 ; 0           ; 0            ; 0       ; 0         ; 0    ; 0            ; |top|flash_write_read:flash_write_read_m0|flash_writer:flash_writer_m0                                                                                              ; flash_writer           ; work         ;
;    |frame_read_write:frame_read_write_m0|                   ; 289 (0)             ; 313 (0)                   ; 8192        ; 0            ; 0       ; 0         ; 0    ; 0            ; |top|frame_read_write:frame_read_write_m0                                                                                                                           ; frame_read_write       ; work         ;
;       |afifo_16_256:read_buf|                               ; 73 (0)              ; 108 (0)                   ; 4096        ; 0            ; 0       ; 0         ; 0    ; 0            ; |top|frame_read_write:frame_read_write_m0|afifo_16_256:read_buf                                                                                                     ; afifo_16_256           ; work         ;
;          |dcfifo:dcfifo_component|                          ; 73 (0)              ; 108 (0)                   ; 4096        ; 0            ; 0       ; 0         ; 0    ; 0            ; |top|frame_read_write:frame_read_write_m0|afifo_16_256:read_buf|dcfifo:dcfifo_component                                                                             ; dcfifo                 ; work         ;
;             |dcfifo_spl1:auto_generated|                    ; 73 (13)             ; 108 (27)                  ; 4096        ; 0            ; 0       ; 0         ; 0    ; 0            ; |top|frame_read_write:frame_read_write_m0|afifo_16_256:read_buf|dcfifo:dcfifo_component|dcfifo_spl1:auto_generated                                                  ; dcfifo_spl1            ; work         ;
;                |a_gray2bin_ngb:wrptr_g_gray2bin|            ; 8 (8)               ; 0 (0)                     ; 0           ; 0            ; 0       ; 0         ; 0    ; 0            ; |top|frame_read_write:frame_read_write_m0|afifo_16_256:read_buf|dcfifo:dcfifo_component|dcfifo_spl1:auto_generated|a_gray2bin_ngb:wrptr_g_gray2bin                  ; a_gray2bin_ngb         ; work         ;
;                |a_gray2bin_ngb:ws_dgrp_gray2bin|            ; 8 (8)               ; 0 (0)                     ; 0           ; 0            ; 0       ; 0         ; 0    ; 0            ; |top|frame_read_write:frame_read_write_m0|afifo_16_256:read_buf|dcfifo:dcfifo_component|dcfifo_spl1:auto_generated|a_gray2bin_ngb:ws_dgrp_gray2bin                  ; a_gray2bin_ngb         ; work         ;
;                |a_graycounter_ijc:wrptr_g1p|                ; 16 (16)             ; 16 (16)                   ; 0           ; 0            ; 0       ; 0         ; 0    ; 0            ; |top|frame_read_write:frame_read_write_m0|afifo_16_256:read_buf|dcfifo:dcfifo_component|dcfifo_spl1:auto_generated|a_graycounter_ijc:wrptr_g1p                      ; a_graycounter_ijc      ; work         ;
;                |a_graycounter_m57:rdptr_g1p|                ; 17 (17)             ; 13 (13)                   ; 0           ; 0            ; 0       ; 0         ; 0    ; 0            ; |top|frame_read_write:frame_read_write_m0|afifo_16_256:read_buf|dcfifo:dcfifo_component|dcfifo_spl1:auto_generated|a_graycounter_m57:rdptr_g1p                      ; a_graycounter_m57      ; work         ;
;                |alt_synch_pipe_2ol:rs_dgwp|                 ; 0 (0)               ; 18 (0)                    ; 0           ; 0            ; 0       ; 0         ; 0    ; 0            ; |top|frame_read_write:frame_read_write_m0|afifo_16_256:read_buf|dcfifo:dcfifo_component|dcfifo_spl1:auto_generated|alt_synch_pipe_2ol:rs_dgwp                       ; alt_synch_pipe_2ol     ; work         ;
;                   |dffpipe_jd9:dffpipe5|                    ; 0 (0)               ; 18 (18)                   ; 0           ; 0            ; 0       ; 0         ; 0    ; 0            ; |top|frame_read_write:frame_read_write_m0|afifo_16_256:read_buf|dcfifo:dcfifo_component|dcfifo_spl1:auto_generated|alt_synch_pipe_2ol:rs_dgwp|dffpipe_jd9:dffpipe5  ; dffpipe_jd9            ; work         ;
;                |alt_synch_pipe_3ol:ws_dgrp|                 ; 0 (0)               ; 18 (0)                    ; 0           ; 0            ; 0       ; 0         ; 0    ; 0            ; |top|frame_read_write:frame_read_write_m0|afifo_16_256:read_buf|dcfifo:dcfifo_component|dcfifo_spl1:auto_generated|alt_synch_pipe_3ol:ws_dgrp                       ; alt_synch_pipe_3ol     ; work         ;
;                   |dffpipe_kd9:dffpipe8|                    ; 0 (0)               ; 18 (18)                   ; 0           ; 0            ; 0       ; 0         ; 0    ; 0            ; |top|frame_read_write:frame_read_write_m0|afifo_16_256:read_buf|dcfifo:dcfifo_component|dcfifo_spl1:auto_generated|alt_synch_pipe_3ol:ws_dgrp|dffpipe_kd9:dffpipe8  ; dffpipe_kd9            ; work         ;
;                |altsyncram_fv61:fifo_ram|                   ; 0 (0)               ; 0 (0)                     ; 4096        ; 0            ; 0       ; 0         ; 0    ; 0            ; |top|frame_read_write:frame_read_write_m0|afifo_16_256:read_buf|dcfifo:dcfifo_component|dcfifo_spl1:auto_generated|altsyncram_fv61:fifo_ram                         ; altsyncram_fv61        ; work         ;
;                |cmpr_866:rdempty_eq_comp|                   ; 5 (5)               ; 0 (0)                     ; 0           ; 0            ; 0       ; 0         ; 0    ; 0            ; |top|frame_read_write:frame_read_write_m0|afifo_16_256:read_buf|dcfifo:dcfifo_component|dcfifo_spl1:auto_generated|cmpr_866:rdempty_eq_comp                         ; cmpr_866               ; work         ;
;                |cmpr_866:wrfull_eq_comp|                    ; 6 (6)               ; 0 (0)                     ; 0           ; 0            ; 0       ; 0         ; 0    ; 0            ; |top|frame_read_write:frame_read_write_m0|afifo_16_256:read_buf|dcfifo:dcfifo_component|dcfifo_spl1:auto_generated|cmpr_866:wrfull_eq_comp                          ; cmpr_866               ; work         ;
;                |dffpipe_gd9:ws_brp|                         ; 0 (0)               ; 8 (8)                     ; 0           ; 0            ; 0       ; 0         ; 0    ; 0            ; |top|frame_read_write:frame_read_write_m0|afifo_16_256:read_buf|dcfifo:dcfifo_component|dcfifo_spl1:auto_generated|dffpipe_gd9:ws_brp                               ; dffpipe_gd9            ; work         ;
;                |dffpipe_gd9:ws_bwp|                         ; 0 (0)               ; 8 (8)                     ; 0           ; 0            ; 0       ; 0         ; 0    ; 0            ; |top|frame_read_write:frame_read_write_m0|afifo_16_256:read_buf|dcfifo:dcfifo_component|dcfifo_spl1:auto_generated|dffpipe_gd9:ws_bwp                               ; dffpipe_gd9            ; work         ;
;       |afifo_16_256:write_buf|                              ; 74 (0)              ; 107 (0)                   ; 4096        ; 0            ; 0       ; 0         ; 0    ; 0            ; |top|frame_read_write:frame_read_write_m0|afifo_16_256:write_buf                                                                                                    ; afifo_16_256           ; work         ;
;          |dcfifo:dcfifo_component|                          ; 74 (0)              ; 107 (0)                   ; 4096        ; 0            ; 0       ; 0         ; 0    ; 0            ; |top|frame_read_write:frame_read_write_m0|afifo_16_256:write_buf|dcfifo:dcfifo_component                                                                            ; dcfifo                 ; work         ;
;             |dcfifo_spl1:auto_generated|                    ; 74 (15)             ; 107 (27)                  ; 4096        ; 0            ; 0       ; 0         ; 0    ; 0            ; |top|frame_read_write:frame_read_write_m0|afifo_16_256:write_buf|dcfifo:dcfifo_component|dcfifo_spl1:auto_generated                                                 ; dcfifo_spl1            ; work         ;
;                |a_gray2bin_ngb:rdptr_g_gray2bin|            ; 8 (8)               ; 0 (0)                     ; 0           ; 0            ; 0       ; 0         ; 0    ; 0            ; |top|frame_read_write:frame_read_write_m0|afifo_16_256:write_buf|dcfifo:dcfifo_component|dcfifo_spl1:auto_generated|a_gray2bin_ngb:rdptr_g_gray2bin                 ; a_gray2bin_ngb         ; work         ;
;                |a_gray2bin_ngb:rs_dgwp_gray2bin|            ; 8 (8)               ; 0 (0)                     ; 0           ; 0            ; 0       ; 0         ; 0    ; 0            ; |top|frame_read_write:frame_read_write_m0|afifo_16_256:write_buf|dcfifo:dcfifo_component|dcfifo_spl1:auto_generated|a_gray2bin_ngb:rs_dgwp_gray2bin                 ; a_gray2bin_ngb         ; work         ;
;                |a_graycounter_ijc:wrptr_g1p|                ; 16 (16)             ; 13 (13)                   ; 0           ; 0            ; 0       ; 0         ; 0    ; 0            ; |top|frame_read_write:frame_read_write_m0|afifo_16_256:write_buf|dcfifo:dcfifo_component|dcfifo_spl1:auto_generated|a_graycounter_ijc:wrptr_g1p                     ; a_graycounter_ijc      ; work         ;
;                |a_graycounter_m57:rdptr_g1p|                ; 17 (17)             ; 15 (15)                   ; 0           ; 0            ; 0       ; 0         ; 0    ; 0            ; |top|frame_read_write:frame_read_write_m0|afifo_16_256:write_buf|dcfifo:dcfifo_component|dcfifo_spl1:auto_generated|a_graycounter_m57:rdptr_g1p                     ; a_graycounter_m57      ; work         ;
;                |alt_synch_pipe_2ol:rs_dgwp|                 ; 0 (0)               ; 18 (0)                    ; 0           ; 0            ; 0       ; 0         ; 0    ; 0            ; |top|frame_read_write:frame_read_write_m0|afifo_16_256:write_buf|dcfifo:dcfifo_component|dcfifo_spl1:auto_generated|alt_synch_pipe_2ol:rs_dgwp                      ; alt_synch_pipe_2ol     ; work         ;
;                   |dffpipe_jd9:dffpipe5|                    ; 0 (0)               ; 18 (18)                   ; 0           ; 0            ; 0       ; 0         ; 0    ; 0            ; |top|frame_read_write:frame_read_write_m0|afifo_16_256:write_buf|dcfifo:dcfifo_component|dcfifo_spl1:auto_generated|alt_synch_pipe_2ol:rs_dgwp|dffpipe_jd9:dffpipe5 ; dffpipe_jd9            ; work         ;
;                |alt_synch_pipe_3ol:ws_dgrp|                 ; 0 (0)               ; 18 (0)                    ; 0           ; 0            ; 0       ; 0         ; 0    ; 0            ; |top|frame_read_write:frame_read_write_m0|afifo_16_256:write_buf|dcfifo:dcfifo_component|dcfifo_spl1:auto_generated|alt_synch_pipe_3ol:ws_dgrp                      ; alt_synch_pipe_3ol     ; work         ;
;                   |dffpipe_kd9:dffpipe8|                    ; 0 (0)               ; 18 (18)                   ; 0           ; 0            ; 0       ; 0         ; 0    ; 0            ; |top|frame_read_write:frame_read_write_m0|afifo_16_256:write_buf|dcfifo:dcfifo_component|dcfifo_spl1:auto_generated|alt_synch_pipe_3ol:ws_dgrp|dffpipe_kd9:dffpipe8 ; dffpipe_kd9            ; work         ;
;                |altsyncram_fv61:fifo_ram|                   ; 0 (0)               ; 0 (0)                     ; 4096        ; 0            ; 0       ; 0         ; 0    ; 0            ; |top|frame_read_write:frame_read_write_m0|afifo_16_256:write_buf|dcfifo:dcfifo_component|dcfifo_spl1:auto_generated|altsyncram_fv61:fifo_ram                        ; altsyncram_fv61        ; work         ;
;                |cmpr_866:rdempty_eq_comp|                   ; 5 (5)               ; 0 (0)                     ; 0           ; 0            ; 0       ; 0         ; 0    ; 0            ; |top|frame_read_write:frame_read_write_m0|afifo_16_256:write_buf|dcfifo:dcfifo_component|dcfifo_spl1:auto_generated|cmpr_866:rdempty_eq_comp                        ; cmpr_866               ; work         ;
;                |cmpr_866:wrfull_eq_comp|                    ; 5 (5)               ; 0 (0)                     ; 0           ; 0            ; 0       ; 0         ; 0    ; 0            ; |top|frame_read_write:frame_read_write_m0|afifo_16_256:write_buf|dcfifo:dcfifo_component|dcfifo_spl1:auto_generated|cmpr_866:wrfull_eq_comp                         ; cmpr_866               ; work         ;
;                |dffpipe_gd9:rs_brp|                         ; 0 (0)               ; 8 (8)                     ; 0           ; 0            ; 0       ; 0         ; 0    ; 0            ; |top|frame_read_write:frame_read_write_m0|afifo_16_256:write_buf|dcfifo:dcfifo_component|dcfifo_spl1:auto_generated|dffpipe_gd9:rs_brp                              ; dffpipe_gd9            ; work         ;
;                |dffpipe_gd9:rs_bwp|                         ; 0 (0)               ; 8 (8)                     ; 0           ; 0            ; 0       ; 0         ; 0    ; 0            ; |top|frame_read_write:frame_read_write_m0|afifo_16_256:write_buf|dcfifo:dcfifo_component|dcfifo_spl1:auto_generated|dffpipe_gd9:rs_bwp                              ; dffpipe_gd9            ; work         ;
;       |frame_fifo_read:frame_fifo_read_m0|                  ; 72 (72)             ; 50 (50)                   ; 0           ; 0            ; 0       ; 0         ; 0    ; 0            ; |top|frame_read_write:frame_read_write_m0|frame_fifo_read:frame_fifo_read_m0                                                                                        ; frame_fifo_read        ; work         ;
;       |frame_fifo_write:frame_fifo_write_m0|                ; 70 (70)             ; 48 (48)                   ; 0           ; 0            ; 0       ; 0         ; 0    ; 0            ; |top|frame_read_write:frame_read_write_m0|frame_fifo_write:frame_fifo_write_m0                                                                                      ; frame_fifo_write       ; work         ;
;    |frame_read_write:frame_read_write_m1|                   ; 290 (0)             ; 309 (0)                   ; 8192        ; 0            ; 0       ; 0         ; 0    ; 0            ; |top|frame_read_write:frame_read_write_m1                                                                                                                           ; frame_read_write       ; work         ;
;       |afifo_16_256:read_buf|                               ; 74 (0)              ; 108 (0)                   ; 4096        ; 0            ; 0       ; 0         ; 0    ; 0            ; |top|frame_read_write:frame_read_write_m1|afifo_16_256:read_buf                                                                                                     ; afifo_16_256           ; work         ;
;          |dcfifo:dcfifo_component|                          ; 74 (0)              ; 108 (0)                   ; 4096        ; 0            ; 0       ; 0         ; 0    ; 0            ; |top|frame_read_write:frame_read_write_m1|afifo_16_256:read_buf|dcfifo:dcfifo_component                                                                             ; dcfifo                 ; work         ;
;             |dcfifo_spl1:auto_generated|                    ; 74 (14)             ; 108 (27)                  ; 4096        ; 0            ; 0       ; 0         ; 0    ; 0            ; |top|frame_read_write:frame_read_write_m1|afifo_16_256:read_buf|dcfifo:dcfifo_component|dcfifo_spl1:auto_generated                                                  ; dcfifo_spl1            ; work         ;
;                |a_gray2bin_ngb:wrptr_g_gray2bin|            ; 8 (8)               ; 0 (0)                     ; 0           ; 0            ; 0       ; 0         ; 0    ; 0            ; |top|frame_read_write:frame_read_write_m1|afifo_16_256:read_buf|dcfifo:dcfifo_component|dcfifo_spl1:auto_generated|a_gray2bin_ngb:wrptr_g_gray2bin                  ; a_gray2bin_ngb         ; work         ;
;                |a_gray2bin_ngb:ws_dgrp_gray2bin|            ; 8 (8)               ; 0 (0)                     ; 0           ; 0            ; 0       ; 0         ; 0    ; 0            ; |top|frame_read_write:frame_read_write_m1|afifo_16_256:read_buf|dcfifo:dcfifo_component|dcfifo_spl1:auto_generated|a_gray2bin_ngb:ws_dgrp_gray2bin                  ; a_gray2bin_ngb         ; work         ;
;                |a_graycounter_ijc:wrptr_g1p|                ; 16 (16)             ; 16 (16)                   ; 0           ; 0            ; 0       ; 0         ; 0    ; 0            ; |top|frame_read_write:frame_read_write_m1|afifo_16_256:read_buf|dcfifo:dcfifo_component|dcfifo_spl1:auto_generated|a_graycounter_ijc:wrptr_g1p                      ; a_graycounter_ijc      ; work         ;
;                |a_graycounter_m57:rdptr_g1p|                ; 17 (17)             ; 13 (13)                   ; 0           ; 0            ; 0       ; 0         ; 0    ; 0            ; |top|frame_read_write:frame_read_write_m1|afifo_16_256:read_buf|dcfifo:dcfifo_component|dcfifo_spl1:auto_generated|a_graycounter_m57:rdptr_g1p                      ; a_graycounter_m57      ; work         ;
;                |alt_synch_pipe_2ol:rs_dgwp|                 ; 0 (0)               ; 18 (0)                    ; 0           ; 0            ; 0       ; 0         ; 0    ; 0            ; |top|frame_read_write:frame_read_write_m1|afifo_16_256:read_buf|dcfifo:dcfifo_component|dcfifo_spl1:auto_generated|alt_synch_pipe_2ol:rs_dgwp                       ; alt_synch_pipe_2ol     ; work         ;
;                   |dffpipe_jd9:dffpipe5|                    ; 0 (0)               ; 18 (18)                   ; 0           ; 0            ; 0       ; 0         ; 0    ; 0            ; |top|frame_read_write:frame_read_write_m1|afifo_16_256:read_buf|dcfifo:dcfifo_component|dcfifo_spl1:auto_generated|alt_synch_pipe_2ol:rs_dgwp|dffpipe_jd9:dffpipe5  ; dffpipe_jd9            ; work         ;
;                |alt_synch_pipe_3ol:ws_dgrp|                 ; 0 (0)               ; 18 (0)                    ; 0           ; 0            ; 0       ; 0         ; 0    ; 0            ; |top|frame_read_write:frame_read_write_m1|afifo_16_256:read_buf|dcfifo:dcfifo_component|dcfifo_spl1:auto_generated|alt_synch_pipe_3ol:ws_dgrp                       ; alt_synch_pipe_3ol     ; work         ;
;                   |dffpipe_kd9:dffpipe8|                    ; 0 (0)               ; 18 (18)                   ; 0           ; 0            ; 0       ; 0         ; 0    ; 0            ; |top|frame_read_write:frame_read_write_m1|afifo_16_256:read_buf|dcfifo:dcfifo_component|dcfifo_spl1:auto_generated|alt_synch_pipe_3ol:ws_dgrp|dffpipe_kd9:dffpipe8  ; dffpipe_kd9            ; work         ;
;                |altsyncram_fv61:fifo_ram|                   ; 0 (0)               ; 0 (0)                     ; 4096        ; 0            ; 0       ; 0         ; 0    ; 0            ; |top|frame_read_write:frame_read_write_m1|afifo_16_256:read_buf|dcfifo:dcfifo_component|dcfifo_spl1:auto_generated|altsyncram_fv61:fifo_ram                         ; altsyncram_fv61        ; work         ;
;                |cmpr_866:rdempty_eq_comp|                   ; 5 (5)               ; 0 (0)                     ; 0           ; 0            ; 0       ; 0         ; 0    ; 0            ; |top|frame_read_write:frame_read_write_m1|afifo_16_256:read_buf|dcfifo:dcfifo_component|dcfifo_spl1:auto_generated|cmpr_866:rdempty_eq_comp                         ; cmpr_866               ; work         ;
;                |cmpr_866:wrfull_eq_comp|                    ; 6 (6)               ; 0 (0)                     ; 0           ; 0            ; 0       ; 0         ; 0    ; 0            ; |top|frame_read_write:frame_read_write_m1|afifo_16_256:read_buf|dcfifo:dcfifo_component|dcfifo_spl1:auto_generated|cmpr_866:wrfull_eq_comp                          ; cmpr_866               ; work         ;
;                |dffpipe_gd9:ws_brp|                         ; 0 (0)               ; 8 (8)                     ; 0           ; 0            ; 0       ; 0         ; 0    ; 0            ; |top|frame_read_write:frame_read_write_m1|afifo_16_256:read_buf|dcfifo:dcfifo_component|dcfifo_spl1:auto_generated|dffpipe_gd9:ws_brp                               ; dffpipe_gd9            ; work         ;
;                |dffpipe_gd9:ws_bwp|                         ; 0 (0)               ; 8 (8)                     ; 0           ; 0            ; 0       ; 0         ; 0    ; 0            ; |top|frame_read_write:frame_read_write_m1|afifo_16_256:read_buf|dcfifo:dcfifo_component|dcfifo_spl1:auto_generated|dffpipe_gd9:ws_bwp                               ; dffpipe_gd9            ; work         ;
;       |afifo_16_256:write_buf|                              ; 75 (0)              ; 105 (0)                   ; 4096        ; 0            ; 0       ; 0         ; 0    ; 0            ; |top|frame_read_write:frame_read_write_m1|afifo_16_256:write_buf                                                                                                    ; afifo_16_256           ; work         ;
;          |dcfifo:dcfifo_component|                          ; 75 (0)              ; 105 (0)                   ; 4096        ; 0            ; 0       ; 0         ; 0    ; 0            ; |top|frame_read_write:frame_read_write_m1|afifo_16_256:write_buf|dcfifo:dcfifo_component                                                                            ; dcfifo                 ; work         ;
;             |dcfifo_spl1:auto_generated|                    ; 75 (15)             ; 105 (27)                  ; 4096        ; 0            ; 0       ; 0         ; 0    ; 0            ; |top|frame_read_write:frame_read_write_m1|afifo_16_256:write_buf|dcfifo:dcfifo_component|dcfifo_spl1:auto_generated                                                 ; dcfifo_spl1            ; work         ;
;                |a_gray2bin_ngb:rdptr_g_gray2bin|            ; 8 (8)               ; 0 (0)                     ; 0           ; 0            ; 0       ; 0         ; 0    ; 0            ; |top|frame_read_write:frame_read_write_m1|afifo_16_256:write_buf|dcfifo:dcfifo_component|dcfifo_spl1:auto_generated|a_gray2bin_ngb:rdptr_g_gray2bin                 ; a_gray2bin_ngb         ; work         ;
;                |a_gray2bin_ngb:rs_dgwp_gray2bin|            ; 8 (8)               ; 0 (0)                     ; 0           ; 0            ; 0       ; 0         ; 0    ; 0            ; |top|frame_read_write:frame_read_write_m1|afifo_16_256:write_buf|dcfifo:dcfifo_component|dcfifo_spl1:auto_generated|a_gray2bin_ngb:rs_dgwp_gray2bin                 ; a_gray2bin_ngb         ; work         ;
;                |a_graycounter_ijc:wrptr_g1p|                ; 16 (16)             ; 13 (13)                   ; 0           ; 0            ; 0       ; 0         ; 0    ; 0            ; |top|frame_read_write:frame_read_write_m1|afifo_16_256:write_buf|dcfifo:dcfifo_component|dcfifo_spl1:auto_generated|a_graycounter_ijc:wrptr_g1p                     ; a_graycounter_ijc      ; work         ;
;                |a_graycounter_m57:rdptr_g1p|                ; 17 (17)             ; 13 (13)                   ; 0           ; 0            ; 0       ; 0         ; 0    ; 0            ; |top|frame_read_write:frame_read_write_m1|afifo_16_256:write_buf|dcfifo:dcfifo_component|dcfifo_spl1:auto_generated|a_graycounter_m57:rdptr_g1p                     ; a_graycounter_m57      ; work         ;
;                |alt_synch_pipe_2ol:rs_dgwp|                 ; 0 (0)               ; 18 (0)                    ; 0           ; 0            ; 0       ; 0         ; 0    ; 0            ; |top|frame_read_write:frame_read_write_m1|afifo_16_256:write_buf|dcfifo:dcfifo_component|dcfifo_spl1:auto_generated|alt_synch_pipe_2ol:rs_dgwp                      ; alt_synch_pipe_2ol     ; work         ;
;                   |dffpipe_jd9:dffpipe5|                    ; 0 (0)               ; 18 (18)                   ; 0           ; 0            ; 0       ; 0         ; 0    ; 0            ; |top|frame_read_write:frame_read_write_m1|afifo_16_256:write_buf|dcfifo:dcfifo_component|dcfifo_spl1:auto_generated|alt_synch_pipe_2ol:rs_dgwp|dffpipe_jd9:dffpipe5 ; dffpipe_jd9            ; work         ;
;                |alt_synch_pipe_3ol:ws_dgrp|                 ; 0 (0)               ; 18 (0)                    ; 0           ; 0            ; 0       ; 0         ; 0    ; 0            ; |top|frame_read_write:frame_read_write_m1|afifo_16_256:write_buf|dcfifo:dcfifo_component|dcfifo_spl1:auto_generated|alt_synch_pipe_3ol:ws_dgrp                      ; alt_synch_pipe_3ol     ; work         ;
;                   |dffpipe_kd9:dffpipe8|                    ; 0 (0)               ; 18 (18)                   ; 0           ; 0            ; 0       ; 0         ; 0    ; 0            ; |top|frame_read_write:frame_read_write_m1|afifo_16_256:write_buf|dcfifo:dcfifo_component|dcfifo_spl1:auto_generated|alt_synch_pipe_3ol:ws_dgrp|dffpipe_kd9:dffpipe8 ; dffpipe_kd9            ; work         ;
;                |altsyncram_fv61:fifo_ram|                   ; 0 (0)               ; 0 (0)                     ; 4096        ; 0            ; 0       ; 0         ; 0    ; 0            ; |top|frame_read_write:frame_read_write_m1|afifo_16_256:write_buf|dcfifo:dcfifo_component|dcfifo_spl1:auto_generated|altsyncram_fv61:fifo_ram                        ; altsyncram_fv61        ; work         ;
;                |cmpr_866:rdempty_eq_comp|                   ; 5 (5)               ; 0 (0)                     ; 0           ; 0            ; 0       ; 0         ; 0    ; 0            ; |top|frame_read_write:frame_read_write_m1|afifo_16_256:write_buf|dcfifo:dcfifo_component|dcfifo_spl1:auto_generated|cmpr_866:rdempty_eq_comp                        ; cmpr_866               ; work         ;
;                |cmpr_866:wrfull_eq_comp|                    ; 6 (6)               ; 0 (0)                     ; 0           ; 0            ; 0       ; 0         ; 0    ; 0            ; |top|frame_read_write:frame_read_write_m1|afifo_16_256:write_buf|dcfifo:dcfifo_component|dcfifo_spl1:auto_generated|cmpr_866:wrfull_eq_comp                         ; cmpr_866               ; work         ;
;                |dffpipe_gd9:rs_brp|                         ; 0 (0)               ; 8 (8)                     ; 0           ; 0            ; 0       ; 0         ; 0    ; 0            ; |top|frame_read_write:frame_read_write_m1|afifo_16_256:write_buf|dcfifo:dcfifo_component|dcfifo_spl1:auto_generated|dffpipe_gd9:rs_brp                              ; dffpipe_gd9            ; work         ;
;                |dffpipe_gd9:rs_bwp|                         ; 0 (0)               ; 8 (8)                     ; 0           ; 0            ; 0       ; 0         ; 0    ; 0            ; |top|frame_read_write:frame_read_write_m1|afifo_16_256:write_buf|dcfifo:dcfifo_component|dcfifo_spl1:auto_generated|dffpipe_gd9:rs_bwp                              ; dffpipe_gd9            ; work         ;
;       |frame_fifo_read:frame_fifo_read_m0|                  ; 71 (71)             ; 48 (48)                   ; 0           ; 0            ; 0       ; 0         ; 0    ; 0            ; |top|frame_read_write:frame_read_write_m1|frame_fifo_read:frame_fifo_read_m0                                                                                        ; frame_fifo_read        ; work         ;
;       |frame_fifo_write:frame_fifo_write_m0|                ; 70 (70)             ; 48 (48)                   ; 0           ; 0            ; 0       ; 0         ; 0    ; 0            ; |top|frame_read_write:frame_read_write_m1|frame_fifo_write:frame_fifo_write_m0                                                                                      ; frame_fifo_write       ; work         ;
;    |sd_card_bmp:sd_card_bmp_m0|                             ; 700 (0)             ; 407 (0)                   ; 0           ; 0            ; 0       ; 0         ; 0    ; 0            ; |top|sd_card_bmp:sd_card_bmp_m0                                                                                                                                     ; sd_card_bmp            ; work         ;
;       |ax_debounce:ax_debounce_m0|                          ; 77 (77)             ; 37 (37)                   ; 0           ; 0            ; 0       ; 0         ; 0    ; 0            ; |top|sd_card_bmp:sd_card_bmp_m0|ax_debounce:ax_debounce_m0                                                                                                          ; ax_debounce            ; work         ;
;       |bmp_read:bmp_read_m0|                                ; 223 (223)           ; 167 (167)                 ; 0           ; 0            ; 0       ; 0         ; 0    ; 0            ; |top|sd_card_bmp:sd_card_bmp_m0|bmp_read:bmp_read_m0                                                                                                                ; bmp_read               ; work         ;
;       |sd_card_top:sd_card_top_m0|                          ; 400 (0)             ; 203 (0)                   ; 0           ; 0            ; 0       ; 0         ; 0    ; 0            ; |top|sd_card_bmp:sd_card_bmp_m0|sd_card_top:sd_card_top_m0                                                                                                          ; sd_card_top            ; work         ;
;          |sd_card_cmd:sd_card_cmd_m0|                       ; 235 (235)           ; 71 (71)                   ; 0           ; 0            ; 0       ; 0         ; 0    ; 0            ; |top|sd_card_bmp:sd_card_bmp_m0|sd_card_top:sd_card_top_m0|sd_card_cmd:sd_card_cmd_m0                                                                               ; sd_card_cmd            ; work         ;
;          |sd_card_sec_read_write:sd_card_sec_read_write_m0| ; 107 (107)           ; 88 (88)                   ; 0           ; 0            ; 0       ; 0         ; 0    ; 0            ; |top|sd_card_bmp:sd_card_bmp_m0|sd_card_top:sd_card_top_m0|sd_card_sec_read_write:sd_card_sec_read_write_m0                                                         ; sd_card_sec_read_write ; work         ;
;          |spi_master:spi_master_m0|                         ; 58 (58)             ; 44 (44)                   ; 0           ; 0            ; 0       ; 0         ; 0    ; 0            ; |top|sd_card_bmp:sd_card_bmp_m0|sd_card_top:sd_card_top_m0|spi_master:spi_master_m0                                                                                 ; spi_master             ; work         ;
;    |sdram_core:sdram_core_m0|                               ; 221 (221)           ; 113 (113)                 ; 0           ; 0            ; 0       ; 0         ; 0    ; 0            ; |top|sdram_core:sdram_core_m0                                                                                                                                       ; sdram_core             ; work         ;
;    |seg_scan:seg_scan_m0|                                   ; 72 (72)             ; 49 (49)                   ; 0           ; 0            ; 0       ; 0         ; 0    ; 0            ; |top|seg_scan:seg_scan_m0                                                                                                                                           ; seg_scan               ; work         ;
;    |sys_pll:sys_pll_m0|                                     ; 0 (0)               ; 0 (0)                     ; 0           ; 0            ; 0       ; 0         ; 0    ; 0            ; |top|sys_pll:sys_pll_m0                                                                                                                                             ; sys_pll                ; work         ;
;       |altpll:altpll_component|                             ; 0 (0)               ; 0 (0)                     ; 0           ; 0            ; 0       ; 0         ; 0    ; 0            ; |top|sys_pll:sys_pll_m0|altpll:altpll_component                                                                                                                     ; altpll                 ; work         ;
;          |sys_pll_altpll:auto_generated|                    ; 0 (0)               ; 0 (0)                     ; 0           ; 0            ; 0       ; 0         ; 0    ; 0            ; |top|sys_pll:sys_pll_m0|altpll:altpll_component|sys_pll_altpll:auto_generated                                                                                       ; sys_pll_altpll         ; work         ;
;    |sys_state_ctrl:sys_state_ctrl_m0|                       ; 211 (58)            ; 75 (3)                    ; 0           ; 0            ; 0       ; 0         ; 0    ; 0            ; |top|sys_state_ctrl:sys_state_ctrl_m0                                                                                                                               ; sys_state_ctrl         ; work         ;
;       |ax_debounce:ax_debounce_m1|                          ; 77 (77)             ; 37 (37)                   ; 0           ; 0            ; 0       ; 0         ; 0    ; 0            ; |top|sys_state_ctrl:sys_state_ctrl_m0|ax_debounce:ax_debounce_m1                                                                                                    ; ax_debounce            ; work         ;
;       |ax_debounce:ax_debounce_m2|                          ; 76 (76)             ; 35 (35)                   ; 0           ; 0            ; 0       ; 0         ; 0    ; 0            ; |top|sys_state_ctrl:sys_state_ctrl_m0|ax_debounce:ax_debounce_m2                                                                                                    ; ax_debounce            ; work         ;
;    |video_pll:video_pll_m0|                                 ; 0 (0)               ; 0 (0)                     ; 0           ; 0            ; 0       ; 0         ; 0    ; 0            ; |top|video_pll:video_pll_m0                                                                                                                                         ; video_pll              ; work         ;
;       |altpll:altpll_component|                             ; 0 (0)               ; 0 (0)                     ; 0           ; 0            ; 0       ; 0         ; 0    ; 0            ; |top|video_pll:video_pll_m0|altpll:altpll_component                                                                                                                 ; altpll                 ; work         ;
;          |video_pll_altpll:auto_generated|                  ; 0 (0)               ; 0 (0)                     ; 0           ; 0            ; 0       ; 0         ; 0    ; 0            ; |top|video_pll:video_pll_m0|altpll:altpll_component|video_pll_altpll:auto_generated                                                                                 ; video_pll_altpll       ; work         ;
;    |video_timing_data:video_timing_data_m0|                 ; 67 (17)             ; 53 (22)                   ; 0           ; 0            ; 0       ; 0         ; 0    ; 0            ; |top|video_timing_data:video_timing_data_m0                                                                                                                         ; video_timing_data      ; work         ;
;       |color_bar:color_bar_m0|                              ; 50 (50)             ; 31 (31)                   ; 0           ; 0            ; 0       ; 0         ; 0    ; 0            ; |top|video_timing_data:video_timing_data_m0|color_bar:color_bar_m0                                                                                                  ; color_bar              ; work         ;
+-------------------------------------------------------------+---------------------+---------------------------+-------------+--------------+---------+-----------+------+--------------+---------------------------------------------------------------------------------------------------------------------------------------------------------------------+------------------------+--------------+
Note: For table entries with two numbers listed, the numbers in parentheses indicate the number of resources of the given type used by the specific entity alone. The numbers listed outside of parentheses indicate the total resources of the given type used by the specific entity and all of its sub-entities in the hierarchy.


Encoding Type:  One-Hot
+-----------------------------------------------------------------------------------------------------------------------------------------------------------------------------------------------------------------------------------------------------------------------------------------------------------------------------------------------------------------------------------------------------+
; State Machine - |top|sdram_core:sdram_core_m0|state                                                                                                                                                                                                                                                                                                                                                 ;
+-------------------+--------------+------------+--------------+------------+---------------+---------------+------------+------------+--------------+--------------+----------------+--------------+-------------------+-------------------+------------------+-------------------+------------------+-------------------+------------------+------------------+------------------+------------------+
; Name              ; state.S_TRFC ; state.S_AR ; state.S_TDAL ; state.S_WD ; state.S_WRITE ; state.S_RWAIT ; state.S_RD ; state.S_CL ; state.S_READ ; state.S_TRCD ; state.S_ACTIVE ; state.S_IDLE ; state.S_INIT_DONE ; state.S_INIT_TMRD ; state.S_INIT_MRS ; state.S_INIT_TRF2 ; state.S_INIT_AR2 ; state.S_INIT_TRF1 ; state.S_INIT_AR1 ; state.S_INIT_TRP ; state.S_INIT_PRE ; state.S_INIT_NOP ;
+-------------------+--------------+------------+--------------+------------+---------------+---------------+------------+------------+--------------+--------------+----------------+--------------+-------------------+-------------------+------------------+-------------------+------------------+-------------------+------------------+------------------+------------------+------------------+
; state.S_INIT_NOP  ; 0            ; 0          ; 0            ; 0          ; 0             ; 0             ; 0          ; 0          ; 0            ; 0            ; 0              ; 0            ; 0                 ; 0                 ; 0                ; 0                 ; 0                ; 0                 ; 0                ; 0                ; 0                ; 0                ;
; state.S_INIT_PRE  ; 0            ; 0          ; 0            ; 0          ; 0             ; 0             ; 0          ; 0          ; 0            ; 0            ; 0              ; 0            ; 0                 ; 0                 ; 0                ; 0                 ; 0                ; 0                 ; 0                ; 0                ; 1                ; 1                ;
; state.S_INIT_TRP  ; 0            ; 0          ; 0            ; 0          ; 0             ; 0             ; 0          ; 0          ; 0            ; 0            ; 0              ; 0            ; 0                 ; 0                 ; 0                ; 0                 ; 0                ; 0                 ; 0                ; 1                ; 0                ; 1                ;
; state.S_INIT_AR1  ; 0            ; 0          ; 0            ; 0          ; 0             ; 0             ; 0          ; 0          ; 0            ; 0            ; 0              ; 0            ; 0                 ; 0                 ; 0                ; 0                 ; 0                ; 0                 ; 1                ; 0                ; 0                ; 1                ;
; state.S_INIT_TRF1 ; 0            ; 0          ; 0            ; 0          ; 0             ; 0             ; 0          ; 0          ; 0            ; 0            ; 0              ; 0            ; 0                 ; 0                 ; 0                ; 0                 ; 0                ; 1                 ; 0                ; 0                ; 0                ; 1                ;
; state.S_INIT_AR2  ; 0            ; 0          ; 0            ; 0          ; 0             ; 0             ; 0          ; 0          ; 0            ; 0            ; 0              ; 0            ; 0                 ; 0                 ; 0                ; 0                 ; 1                ; 0                 ; 0                ; 0                ; 0                ; 1                ;
; state.S_INIT_TRF2 ; 0            ; 0          ; 0            ; 0          ; 0             ; 0             ; 0          ; 0          ; 0            ; 0            ; 0              ; 0            ; 0                 ; 0                 ; 0                ; 1                 ; 0                ; 0                 ; 0                ; 0                ; 0                ; 1                ;
; state.S_INIT_MRS  ; 0            ; 0          ; 0            ; 0          ; 0             ; 0             ; 0          ; 0          ; 0            ; 0            ; 0              ; 0            ; 0                 ; 0                 ; 1                ; 0                 ; 0                ; 0                 ; 0                ; 0                ; 0                ; 1                ;
; state.S_INIT_TMRD ; 0            ; 0          ; 0            ; 0          ; 0             ; 0             ; 0          ; 0          ; 0            ; 0            ; 0              ; 0            ; 0                 ; 1                 ; 0                ; 0                 ; 0                ; 0                 ; 0                ; 0                ; 0                ; 1                ;
; state.S_INIT_DONE ; 0            ; 0          ; 0            ; 0          ; 0             ; 0             ; 0          ; 0          ; 0            ; 0            ; 0              ; 0            ; 1                 ; 0                 ; 0                ; 0                 ; 0                ; 0                 ; 0                ; 0                ; 0                ; 1                ;
; state.S_IDLE      ; 0            ; 0          ; 0            ; 0          ; 0             ; 0             ; 0          ; 0          ; 0            ; 0            ; 0              ; 1            ; 0                 ; 0                 ; 0                ; 0                 ; 0                ; 0                 ; 0                ; 0                ; 0                ; 1                ;
; state.S_ACTIVE    ; 0            ; 0          ; 0            ; 0          ; 0             ; 0             ; 0          ; 0          ; 0            ; 0            ; 1              ; 0            ; 0                 ; 0                 ; 0                ; 0                 ; 0                ; 0                 ; 0                ; 0                ; 0                ; 1                ;
; state.S_TRCD      ; 0            ; 0          ; 0            ; 0          ; 0             ; 0             ; 0          ; 0          ; 0            ; 1            ; 0              ; 0            ; 0                 ; 0                 ; 0                ; 0                 ; 0                ; 0                 ; 0                ; 0                ; 0                ; 1                ;
; state.S_READ      ; 0            ; 0          ; 0            ; 0          ; 0             ; 0             ; 0          ; 0          ; 1            ; 0            ; 0              ; 0            ; 0                 ; 0                 ; 0                ; 0                 ; 0                ; 0                 ; 0                ; 0                ; 0                ; 1                ;
; state.S_CL        ; 0            ; 0          ; 0            ; 0          ; 0             ; 0             ; 0          ; 1          ; 0            ; 0            ; 0              ; 0            ; 0                 ; 0                 ; 0                ; 0                 ; 0                ; 0                 ; 0                ; 0                ; 0                ; 1                ;
; state.S_RD        ; 0            ; 0          ; 0            ; 0          ; 0             ; 0             ; 1          ; 0          ; 0            ; 0            ; 0              ; 0            ; 0                 ; 0                 ; 0                ; 0                 ; 0                ; 0                 ; 0                ; 0                ; 0                ; 1                ;
; state.S_RWAIT     ; 0            ; 0          ; 0            ; 0          ; 0             ; 1             ; 0          ; 0          ; 0            ; 0            ; 0              ; 0            ; 0                 ; 0                 ; 0                ; 0                 ; 0                ; 0                 ; 0                ; 0                ; 0                ; 1                ;
; state.S_WRITE     ; 0            ; 0          ; 0            ; 0          ; 1             ; 0             ; 0          ; 0          ; 0            ; 0            ; 0              ; 0            ; 0                 ; 0                 ; 0                ; 0                 ; 0                ; 0                 ; 0                ; 0                ; 0                ; 1                ;
; state.S_WD        ; 0            ; 0          ; 0            ; 1          ; 0             ; 0             ; 0          ; 0          ; 0            ; 0            ; 0              ; 0            ; 0                 ; 0                 ; 0                ; 0                 ; 0                ; 0                 ; 0                ; 0                ; 0                ; 1                ;
; state.S_TDAL      ; 0            ; 0          ; 1            ; 0          ; 0             ; 0             ; 0          ; 0          ; 0            ; 0            ; 0              ; 0            ; 0                 ; 0                 ; 0                ; 0                 ; 0                ; 0                 ; 0                ; 0                ; 0                ; 1                ;
; state.S_AR        ; 0            ; 1          ; 0            ; 0          ; 0             ; 0             ; 0          ; 0          ; 0            ; 0            ; 0              ; 0            ; 0                 ; 0                 ; 0                ; 0                 ; 0                ; 0                 ; 0                ; 0                ; 0                ; 1                ;
; state.S_TRFC      ; 1            ; 0          ; 0            ; 0          ; 0             ; 0             ; 0          ; 0          ; 0            ; 0            ; 0              ; 0            ; 0                 ; 0                 ; 0                ; 0                 ; 0                ; 0                 ; 0                ; 0                ; 0                ; 1                ;
+-------------------+--------------+------------+--------------+------------+---------------+---------------+------------+------------+--------------+--------------+----------------+--------------+-------------------+-------------------+------------------+-------------------+------------------+-------------------+------------------+------------------+------------------+------------------+


Encoding Type:  One-Hot
+--------------------------------------------------------------------------------------------------------------------------------------+
; State Machine - |top|frame_read_write:frame_read_write_m1|frame_fifo_read:frame_fifo_read_m0|state                                   ;
+------------------------+-------------+------------------------+--------------------+--------------------+-------------+--------------+
; Name                   ; state.S_END ; state.S_READ_BURST_END ; state.S_READ_BURST ; state.S_CHECK_FIFO ; state.S_ACK ; state.S_IDLE ;
+------------------------+-------------+------------------------+--------------------+--------------------+-------------+--------------+
; state.S_IDLE           ; 0           ; 0                      ; 0                  ; 0                  ; 0           ; 0            ;
; state.S_ACK            ; 0           ; 0                      ; 0                  ; 0                  ; 1           ; 1            ;
; state.S_CHECK_FIFO     ; 0           ; 0                      ; 0                  ; 1                  ; 0           ; 1            ;
; state.S_READ_BURST     ; 0           ; 0                      ; 1                  ; 0                  ; 0           ; 1            ;
; state.S_READ_BURST_END ; 0           ; 1                      ; 0                  ; 0                  ; 0           ; 1            ;
; state.S_END            ; 1           ; 0                      ; 0                  ; 0                  ; 0           ; 1            ;
+------------------------+-------------+------------------------+--------------------+--------------------+-------------+--------------+


Encoding Type:  One-Hot
+-----------------------------------------------------------------------------------------------------------------------------------------+
; State Machine - |top|frame_read_write:frame_read_write_m1|frame_fifo_write:frame_fifo_write_m0|state                                    ;
+-------------------------+-------------+-------------------------+---------------------+--------------------+-------------+--------------+
; Name                    ; state.S_END ; state.S_WRITE_BURST_END ; state.S_WRITE_BURST ; state.S_CHECK_FIFO ; state.S_ACK ; state.S_IDLE ;
+-------------------------+-------------+-------------------------+---------------------+--------------------+-------------+--------------+
; state.S_IDLE            ; 0           ; 0                       ; 0                   ; 0                  ; 0           ; 0            ;
; state.S_ACK             ; 0           ; 0                       ; 0                   ; 0                  ; 1           ; 1            ;
; state.S_CHECK_FIFO      ; 0           ; 0                       ; 0                   ; 1                  ; 0           ; 1            ;
; state.S_WRITE_BURST     ; 0           ; 0                       ; 1                   ; 0                  ; 0           ; 1            ;
; state.S_WRITE_BURST_END ; 0           ; 1                       ; 0                   ; 0                  ; 0           ; 1            ;
; state.S_END             ; 1           ; 0                       ; 0                   ; 0                  ; 0           ; 1            ;
+-------------------------+-------------+-------------------------+---------------------+--------------------+-------------+--------------+


Encoding Type:  One-Hot
+--------------------------------------------------------------------------------------------------------------------------------------+
; State Machine - |top|frame_read_write:frame_read_write_m0|frame_fifo_read:frame_fifo_read_m0|state                                   ;
+------------------------+-------------+------------------------+--------------------+--------------------+-------------+--------------+
; Name                   ; state.S_END ; state.S_READ_BURST_END ; state.S_READ_BURST ; state.S_CHECK_FIFO ; state.S_ACK ; state.S_IDLE ;
+------------------------+-------------+------------------------+--------------------+--------------------+-------------+--------------+
; state.S_IDLE           ; 0           ; 0                      ; 0                  ; 0                  ; 0           ; 0            ;
; state.S_ACK            ; 0           ; 0                      ; 0                  ; 0                  ; 1           ; 1            ;
; state.S_CHECK_FIFO     ; 0           ; 0                      ; 0                  ; 1                  ; 0           ; 1            ;
; state.S_READ_BURST     ; 0           ; 0                      ; 1                  ; 0                  ; 0           ; 1            ;
; state.S_READ_BURST_END ; 0           ; 1                      ; 0                  ; 0                  ; 0           ; 1            ;
; state.S_END            ; 1           ; 0                      ; 0                  ; 0                  ; 0           ; 1            ;
+------------------------+-------------+------------------------+--------------------+--------------------+-------------+--------------+


Encoding Type:  One-Hot
+-----------------------------------------------------------------------------------------------------------------------------------------+
; State Machine - |top|frame_read_write:frame_read_write_m0|frame_fifo_write:frame_fifo_write_m0|state                                    ;
+-------------------------+-------------+-------------------------+---------------------+--------------------+-------------+--------------+
; Name                    ; state.S_END ; state.S_WRITE_BURST_END ; state.S_WRITE_BURST ; state.S_CHECK_FIFO ; state.S_ACK ; state.S_IDLE ;
+-------------------------+-------------+-------------------------+---------------------+--------------------+-------------+--------------+
; state.S_IDLE            ; 0           ; 0                       ; 0                   ; 0                  ; 0           ; 0            ;
; state.S_ACK             ; 0           ; 0                       ; 0                   ; 0                  ; 1           ; 1            ;
; state.S_CHECK_FIFO      ; 0           ; 0                       ; 0                   ; 1                  ; 0           ; 1            ;
; state.S_WRITE_BURST     ; 0           ; 0                       ; 1                   ; 0                  ; 0           ; 1            ;
; state.S_WRITE_BURST_END ; 0           ; 1                       ; 0                   ; 0                  ; 0           ; 1            ;
; state.S_END             ; 1           ; 0                       ; 0                   ; 0                  ; 0           ; 1            ;
+-------------------------+-------------+-------------------------+---------------------+--------------------+-------------+--------------+


Encoding Type:  One-Hot
+----------------------------------------------------------------------------------------------------------------+
; State Machine - |top|flash_write_read:flash_write_read_m0|Qspi_master:Qspi_master_m0|state                     ;
+-----------------+-----------------+-------------+-----------------+-----------------+-------------+------------+
; Name            ; state.ACK_WAIT2 ; state.ACK_2 ; state.DCLK_EDGE ; state.DCLK_IDLE ; state.ACK_1 ; state.IDLE ;
+-----------------+-----------------+-------------+-----------------+-----------------+-------------+------------+
; state.IDLE      ; 0               ; 0           ; 0               ; 0               ; 0           ; 0          ;
; state.ACK_1     ; 0               ; 0           ; 0               ; 0               ; 1           ; 1          ;
; state.DCLK_IDLE ; 0               ; 0           ; 0               ; 1               ; 0           ; 1          ;
; state.DCLK_EDGE ; 0               ; 0           ; 1               ; 0               ; 0           ; 1          ;
; state.ACK_2     ; 0               ; 1           ; 0               ; 0               ; 0           ; 1          ;
; state.ACK_WAIT2 ; 1               ; 0           ; 0               ; 0               ; 0           ; 1          ;
+-----------------+-----------------+-------------+-----------------+-----------------+-------------+------------+


Encoding Type:  One-Hot
+-----------------------------------------------------------------------------------------------------------------------------------------------+
; State Machine - |top|flash_write_read:flash_write_read_m0|flash_cmd:flash_cmd_m0|READ_cnt                                                     ;
+---------------+---------------+---------------+---------------+---------------+---------------+---------------+---------------+---------------+
; Name          ; READ_cnt.0111 ; READ_cnt.0110 ; READ_cnt.0101 ; READ_cnt.0100 ; READ_cnt.0011 ; READ_cnt.0010 ; READ_cnt.0001 ; READ_cnt.0000 ;
+---------------+---------------+---------------+---------------+---------------+---------------+---------------+---------------+---------------+
; READ_cnt.0000 ; 0             ; 0             ; 0             ; 0             ; 0             ; 0             ; 0             ; 0             ;
; READ_cnt.0001 ; 0             ; 0             ; 0             ; 0             ; 0             ; 0             ; 1             ; 1             ;
; READ_cnt.0010 ; 0             ; 0             ; 0             ; 0             ; 0             ; 1             ; 0             ; 1             ;
; READ_cnt.0011 ; 0             ; 0             ; 0             ; 0             ; 1             ; 0             ; 0             ; 1             ;
; READ_cnt.0100 ; 0             ; 0             ; 0             ; 1             ; 0             ; 0             ; 0             ; 1             ;
; READ_cnt.0101 ; 0             ; 0             ; 1             ; 0             ; 0             ; 0             ; 0             ; 1             ;
; READ_cnt.0110 ; 0             ; 1             ; 0             ; 0             ; 0             ; 0             ; 0             ; 1             ;
; READ_cnt.0111 ; 1             ; 0             ; 0             ; 0             ; 0             ; 0             ; 0             ; 1             ;
+---------------+---------------+---------------+---------------+---------------+---------------+---------------+---------------+---------------+


Encoding Type:  One-Hot
+---------------------------------------------------------------------------------------------+
; State Machine - |top|flash_write_read:flash_write_read_m0|flash_cmd:flash_cmd_m0|READ_state ;
+----------------------+-----------------+----------------------+-----------------------------+
; Name                 ; READ_state.0000 ; READ_state.READ_DONE ; READ_state.READ_RD          ;
+----------------------+-----------------+----------------------+-----------------------------+
; READ_state.0000      ; 0               ; 0                    ; 0                           ;
; READ_state.READ_RD   ; 1               ; 0                    ; 1                           ;
; READ_state.READ_DONE ; 1               ; 1                    ; 0                           ;
+----------------------+-----------------+----------------------+-----------------------------+


Encoding Type:  One-Hot
+--------------------------------------------------------------------------------------------+
; State Machine - |top|flash_write_read:flash_write_read_m0|flash_cmd:flash_cmd_m0|ERASE_cnt ;
+----------------+----------------+----------------+-----------------------------------------+
; Name           ; ERASE_cnt.0000 ; ERASE_cnt.0100 ; ERASE_cnt.0001                          ;
+----------------+----------------+----------------+-----------------------------------------+
; ERASE_cnt.0000 ; 0              ; 0              ; 0                                       ;
; ERASE_cnt.0001 ; 1              ; 0              ; 1                                       ;
; ERASE_cnt.0100 ; 1              ; 1              ; 0                                       ;
+----------------+----------------+----------------+-----------------------------------------+


Encoding Type:  One-Hot
+-----------------------------------------------------------------------------------------------------------------------------------------------+
; State Machine - |top|flash_write_read:flash_write_read_m0|flash_cmd:flash_cmd_m0|ERASE_state                                                  ;
+-------------------------+------------------------+-------------------------+----------------------+------------------+------------------------+
; Name                    ; ERASE_state.ERASE_CHIP ; ERASE_state.ERASE_wait1 ; ERASE_state.ERASE_WE ; ERASE_state.0000 ; ERASE_state.ERASE_DONE ;
+-------------------------+------------------------+-------------------------+----------------------+------------------+------------------------+
; ERASE_state.0000        ; 0                      ; 0                       ; 0                    ; 0                ; 0                      ;
; ERASE_state.ERASE_WE    ; 0                      ; 0                       ; 1                    ; 1                ; 0                      ;
; ERASE_state.ERASE_wait1 ; 0                      ; 1                       ; 0                    ; 1                ; 0                      ;
; ERASE_state.ERASE_CHIP  ; 1                      ; 0                       ; 0                    ; 1                ; 0                      ;
; ERASE_state.ERASE_DONE  ; 0                      ; 0                       ; 0                    ; 1                ; 1                      ;
+-------------------------+------------------------+-------------------------+----------------------+------------------+------------------------+


Encoding Type:  One-Hot
+----------------------------------------------------------------------------------------------------------------------+
; State Machine - |top|flash_write_read:flash_write_read_m0|flash_cmd:flash_cmd_m0|WRITE_cnt                           ;
+----------------+----------------+----------------+----------------+----------------+----------------+----------------+
; Name           ; WRITE_cnt.0101 ; WRITE_cnt.0100 ; WRITE_cnt.0011 ; WRITE_cnt.0010 ; WRITE_cnt.0001 ; WRITE_cnt.0000 ;
+----------------+----------------+----------------+----------------+----------------+----------------+----------------+
; WRITE_cnt.0000 ; 0              ; 0              ; 0              ; 0              ; 0              ; 0              ;
; WRITE_cnt.0001 ; 0              ; 0              ; 0              ; 0              ; 1              ; 1              ;
; WRITE_cnt.0010 ; 0              ; 0              ; 0              ; 1              ; 0              ; 1              ;
; WRITE_cnt.0011 ; 0              ; 0              ; 1              ; 0              ; 0              ; 1              ;
; WRITE_cnt.0100 ; 0              ; 1              ; 0              ; 0              ; 0              ; 1              ;
; WRITE_cnt.0101 ; 1              ; 0              ; 0              ; 0              ; 0              ; 1              ;
+----------------+----------------+----------------+----------------+----------------+----------------+----------------+


Encoding Type:  One-Hot
+------------------------------------------------------------------------------------------------------------------------------------------------------------+
; State Machine - |top|flash_write_read:flash_write_read_m0|flash_cmd:flash_cmd_m0|WRITE_state                                                               ;
+-------------------------------+-------------------------------+-------------------------+----------------------+------------------+------------------------+
; Name                          ; WRITE_state.WRITE_program_256 ; WRITE_state.WRITE_wait1 ; WRITE_state.WRITE_WE ; WRITE_state.0000 ; WRITE_state.WRITE_DONE ;
+-------------------------------+-------------------------------+-------------------------+----------------------+------------------+------------------------+
; WRITE_state.0000              ; 0                             ; 0                       ; 0                    ; 0                ; 0                      ;
; WRITE_state.WRITE_WE          ; 0                             ; 0                       ; 1                    ; 1                ; 0                      ;
; WRITE_state.WRITE_wait1       ; 0                             ; 1                       ; 0                    ; 1                ; 0                      ;
; WRITE_state.WRITE_program_256 ; 1                             ; 0                       ; 0                    ; 1                ; 0                      ;
; WRITE_state.WRITE_DONE        ; 0                             ; 0                       ; 0                    ; 1                ; 1                      ;
+-------------------------------+-------------------------------+-------------------------+----------------------+------------------+------------------------+


Encoding Type:  One-Hot
+-------------------------------------------------------------------------------------------+
; State Machine - |top|flash_write_read:flash_write_read_m0|flash_cmd:flash_cmd_m0|INIT_cnt ;
+---------------+---------------+---------------+-------------------------------------------+
; Name          ; INIT_cnt.0000 ; INIT_cnt.0010 ; INIT_cnt.0001                             ;
+---------------+---------------+---------------+-------------------------------------------+
; INIT_cnt.0000 ; 0             ; 0             ; 0                                         ;
; INIT_cnt.0001 ; 1             ; 0             ; 1                                         ;
; INIT_cnt.0010 ; 1             ; 1             ; 0                                         ;
+---------------+---------------+---------------+-------------------------------------------+


Encoding Type:  One-Hot
+----------------------------------------------------------------------------------------------------------------------------------+
; State Machine - |top|flash_write_read:flash_write_read_m0|flash_cmd:flash_cmd_m0|INIT_state                                      ;
+-----------------------+--------------------+-----------------------+--------------------+-----------------+----------------------+
; Name                  ; INIT_state.INIT_QE ; INIT_state.INIT_wait1 ; INIT_state.INIT_WE ; INIT_state.0000 ; INIT_state.INIT_DONE ;
+-----------------------+--------------------+-----------------------+--------------------+-----------------+----------------------+
; INIT_state.0000       ; 0                  ; 0                     ; 0                  ; 0               ; 0                    ;
; INIT_state.INIT_WE    ; 0                  ; 0                     ; 1                  ; 1               ; 0                    ;
; INIT_state.INIT_wait1 ; 0                  ; 1                     ; 0                  ; 1               ; 0                    ;
; INIT_state.INIT_QE    ; 1                  ; 0                     ; 0                  ; 1               ; 0                    ;
; INIT_state.INIT_DONE  ; 0                  ; 0                     ; 0                  ; 1               ; 1                    ;
+-----------------------+--------------------+-----------------------+--------------------+-----------------+----------------------+


Encoding Type:  One-Hot
+------------------------------------------------------------------------------------------------------------------------------------------------------+
; State Machine - |top|flash_write_read:flash_write_read_m0|flash_cmd:flash_cmd_m0|state                                                               ;
+-----------------+-----------------+-------------+-----------------+------------+----------------+------------+------------+------------+-------------+
; Name            ; state.ERASE_ACK ; state.WRITE ; state.WRITE_ACK ; state.READ ; state.READ_ACK ; state.WAIT ; state.INIT ; state.0000 ; state.ERASE ;
+-----------------+-----------------+-------------+-----------------+------------+----------------+------------+------------+------------+-------------+
; state.0000      ; 0               ; 0           ; 0               ; 0          ; 0              ; 0          ; 0          ; 0          ; 0           ;
; state.INIT      ; 0               ; 0           ; 0               ; 0          ; 0              ; 0          ; 1          ; 1          ; 0           ;
; state.WAIT      ; 0               ; 0           ; 0               ; 0          ; 0              ; 1          ; 0          ; 1          ; 0           ;
; state.READ_ACK  ; 0               ; 0           ; 0               ; 0          ; 1              ; 0          ; 0          ; 1          ; 0           ;
; state.READ      ; 0               ; 0           ; 0               ; 1          ; 0              ; 0          ; 0          ; 1          ; 0           ;
; state.WRITE_ACK ; 0               ; 0           ; 1               ; 0          ; 0              ; 0          ; 0          ; 1          ; 0           ;
; state.WRITE     ; 0               ; 1           ; 0               ; 0          ; 0              ; 0          ; 0          ; 1          ; 0           ;
; state.ERASE_ACK ; 1               ; 0           ; 0               ; 0          ; 0              ; 0          ; 0          ; 1          ; 0           ;
; state.ERASE     ; 0               ; 0           ; 0               ; 0          ; 0              ; 0          ; 0          ; 1          ; 1           ;
+-----------------+-----------------+-------------+-----------------+------------+----------------+------------+------------+------------+-------------+


Encoding Type:  One-Hot
+----------------------------------------------------------------------------------------------------------------+
; State Machine - |top|flash_write_read:flash_write_read_m0|flash_cmd:flash_cmd_m0|flash_step:flash_step_m0|step ;
+-----------+----------+-----------+-----------+----------+-----------+------------------------------------------+
; Name      ; step.END ; step.0100 ; step.WORK ; step.REQ ; step.WAIT ; step.0000                                ;
+-----------+----------+-----------+-----------+----------+-----------+------------------------------------------+
; step.0000 ; 0        ; 0         ; 0         ; 0        ; 0         ; 0                                        ;
; step.WAIT ; 0        ; 0         ; 0         ; 0        ; 1         ; 1                                        ;
; step.REQ  ; 0        ; 0         ; 0         ; 1        ; 0         ; 1                                        ;
; step.WORK ; 0        ; 0         ; 1         ; 0        ; 0         ; 1                                        ;
; step.0100 ; 0        ; 1         ; 0         ; 0        ; 0         ; 1                                        ;
; step.END  ; 1        ; 0         ; 0         ; 0        ; 0         ; 1                                        ;
+-----------+----------+-----------+-----------+----------+-----------+------------------------------------------+


Encoding Type:  One-Hot
+--------------------------------------------------------------------------------------------------------------------------------------------------------------+
; State Machine - |top|flash_write_read:flash_write_read_m0|flash_writer:flash_writer_m0|state                                                                 ;
+---------------------+-------------+------------------+--------------+------------+--------------+-------------+---------------------+------------+-----------+
; Name                ; state.WRITE ; state.WRITE_WAIT ; state.DELAY2 ; state.ZERO ; state.DELAY1 ; state.ERASE ; state.RAM_READ_WAIT ; state.IDLE ; state.END ;
+---------------------+-------------+------------------+--------------+------------+--------------+-------------+---------------------+------------+-----------+
; state.IDLE          ; 0           ; 0                ; 0            ; 0          ; 0            ; 0           ; 0                   ; 0          ; 0         ;
; state.RAM_READ_WAIT ; 0           ; 0                ; 0            ; 0          ; 0            ; 0           ; 1                   ; 1          ; 0         ;
; state.ERASE         ; 0           ; 0                ; 0            ; 0          ; 0            ; 1           ; 0                   ; 1          ; 0         ;
; state.DELAY1        ; 0           ; 0                ; 0            ; 0          ; 1            ; 0           ; 0                   ; 1          ; 0         ;
; state.ZERO          ; 0           ; 0                ; 0            ; 1          ; 0            ; 0           ; 0                   ; 1          ; 0         ;
; state.DELAY2        ; 0           ; 0                ; 1            ; 0          ; 0            ; 0           ; 0                   ; 1          ; 0         ;
; state.WRITE_WAIT    ; 0           ; 1                ; 0            ; 0          ; 0            ; 0           ; 0                   ; 1          ; 0         ;
; state.WRITE         ; 1           ; 0                ; 0            ; 0          ; 0            ; 0           ; 0                   ; 1          ; 0         ;
; state.END           ; 0           ; 0                ; 0            ; 0          ; 0            ; 0           ; 0                   ; 1          ; 1         ;
+---------------------+-------------+------------------+--------------+------------+--------------+-------------+---------------------+------------+-----------+


Encoding Type:  One-Hot
+-------------------------------------------------------------------------------------------------------------------+
; State Machine - |top|flash_write_read:flash_write_read_m0|flash_reader:flash_reader_m0|state                      ;
+----------------------+-----------+------------+-----------------+-------------+----------------------+------------+
; Name                 ; state.END ; state.READ ; state.READ_WAIT ; state.DELAY ; state.RAM_WRITE_WAIT ; state.IDLE ;
+----------------------+-----------+------------+-----------------+-------------+----------------------+------------+
; state.IDLE           ; 0         ; 0          ; 0               ; 0           ; 0                    ; 0          ;
; state.RAM_WRITE_WAIT ; 0         ; 0          ; 0               ; 0           ; 1                    ; 1          ;
; state.DELAY          ; 0         ; 0          ; 0               ; 1           ; 0                    ; 1          ;
; state.READ_WAIT      ; 0         ; 0          ; 1               ; 0           ; 0                    ; 1          ;
; state.READ           ; 0         ; 1          ; 0               ; 0           ; 0                    ; 1          ;
; state.END            ; 1         ; 0          ; 0               ; 0           ; 0                    ; 1          ;
+----------------------+-----------+------------+-----------------+-------------+----------------------+------------+


Encoding Type:  One-Hot
+-----------------------------------------------------------------------------------------------------------------------------+
; State Machine - |top|sd_card_bmp:sd_card_bmp_m0|sd_card_top:sd_card_top_m0|spi_master:spi_master_m0|state                   ;
+-----------------------+----------------+-----------------------+-----------+-----------------+-----------------+------------+
; Name                  ; state.ACK_WAIT ; state.LAST_HALF_CYCLE ; state.ACK ; state.DCLK_IDLE ; state.DCLK_EDGE ; state.IDLE ;
+-----------------------+----------------+-----------------------+-----------+-----------------+-----------------+------------+
; state.IDLE            ; 0              ; 0                     ; 0         ; 0               ; 0               ; 0          ;
; state.DCLK_EDGE       ; 0              ; 0                     ; 0         ; 0               ; 1               ; 1          ;
; state.DCLK_IDLE       ; 0              ; 0                     ; 0         ; 1               ; 0               ; 1          ;
; state.ACK             ; 0              ; 0                     ; 1         ; 0               ; 0               ; 1          ;
; state.LAST_HALF_CYCLE ; 0              ; 1                     ; 0         ; 0               ; 0               ; 1          ;
; state.ACK_WAIT        ; 1              ; 0                     ; 0         ; 0               ; 0               ; 1          ;
+-----------------------+----------------+-----------------------+-----------+-----------------+-----------------+------------+


Encoding Type:  One-Hot
+-------------------------------------------------------------------------------------------------------------------------------------------------------------------------------------------------------------------------------------------------------------------------------------------------------------------------------------------------------------+
; State Machine - |top|sd_card_bmp:sd_card_bmp_m0|sd_card_top:sd_card_top_m0|sd_card_cmd:sd_card_cmd_m0|state                                                                                                                                                                                                                                                 ;
+----------------------+-------------+-------------+-------------------+--------------------+-------------------+-------------------+----------------------+----------------------+---------------------+------------------+--------------+-------------------+------------------+-------------+-----------------+--------------+--------------+--------------+
; Name                 ; state.S_END ; state.S_ERR ; state.S_WRITE_ACK ; state.S_WRITE_BUSY ; state.S_WRITE_SUC ; state.S_WRITE_CRC ; state.S_WRITE_DATA_1 ; state.S_WRITE_DATA_0 ; state.S_WRITE_TOKEN ; state.S_READ_ACK ; state.S_READ ; state.S_READ_WAIT ; state.S_CMD_DATA ; state.S_CMD ; state.S_CMD_PRE ; state.S_INIT ; state.S_WAIT ; state.S_IDLE ;
+----------------------+-------------+-------------+-------------------+--------------------+-------------------+-------------------+----------------------+----------------------+---------------------+------------------+--------------+-------------------+------------------+-------------+-----------------+--------------+--------------+--------------+
; state.S_IDLE         ; 0           ; 0           ; 0                 ; 0                  ; 0                 ; 0                 ; 0                    ; 0                    ; 0                   ; 0                ; 0            ; 0                 ; 0                ; 0           ; 0               ; 0            ; 0            ; 0            ;
; state.S_WAIT         ; 0           ; 0           ; 0                 ; 0                  ; 0                 ; 0                 ; 0                    ; 0                    ; 0                   ; 0                ; 0            ; 0                 ; 0                ; 0           ; 0               ; 0            ; 1            ; 1            ;
; state.S_INIT         ; 0           ; 0           ; 0                 ; 0                  ; 0                 ; 0                 ; 0                    ; 0                    ; 0                   ; 0                ; 0            ; 0                 ; 0                ; 0           ; 0               ; 1            ; 0            ; 1            ;
; state.S_CMD_PRE      ; 0           ; 0           ; 0                 ; 0                  ; 0                 ; 0                 ; 0                    ; 0                    ; 0                   ; 0                ; 0            ; 0                 ; 0                ; 0           ; 1               ; 0            ; 0            ; 1            ;
; state.S_CMD          ; 0           ; 0           ; 0                 ; 0                  ; 0                 ; 0                 ; 0                    ; 0                    ; 0                   ; 0                ; 0            ; 0                 ; 0                ; 1           ; 0               ; 0            ; 0            ; 1            ;
; state.S_CMD_DATA     ; 0           ; 0           ; 0                 ; 0                  ; 0                 ; 0                 ; 0                    ; 0                    ; 0                   ; 0                ; 0            ; 0                 ; 1                ; 0           ; 0               ; 0            ; 0            ; 1            ;
; state.S_READ_WAIT    ; 0           ; 0           ; 0                 ; 0                  ; 0                 ; 0                 ; 0                    ; 0                    ; 0                   ; 0                ; 0            ; 1                 ; 0                ; 0           ; 0               ; 0            ; 0            ; 1            ;
; state.S_READ         ; 0           ; 0           ; 0                 ; 0                  ; 0                 ; 0                 ; 0                    ; 0                    ; 0                   ; 0                ; 1            ; 0                 ; 0                ; 0           ; 0               ; 0            ; 0            ; 1            ;
; state.S_READ_ACK     ; 0           ; 0           ; 0                 ; 0                  ; 0                 ; 0                 ; 0                    ; 0                    ; 0                   ; 1                ; 0            ; 0                 ; 0                ; 0           ; 0               ; 0            ; 0            ; 1            ;
; state.S_WRITE_TOKEN  ; 0           ; 0           ; 0                 ; 0                  ; 0                 ; 0                 ; 0                    ; 0                    ; 1                   ; 0                ; 0            ; 0                 ; 0                ; 0           ; 0               ; 0            ; 0            ; 1            ;
; state.S_WRITE_DATA_0 ; 0           ; 0           ; 0                 ; 0                  ; 0                 ; 0                 ; 0                    ; 1                    ; 0                   ; 0                ; 0            ; 0                 ; 0                ; 0           ; 0               ; 0            ; 0            ; 1            ;
; state.S_WRITE_DATA_1 ; 0           ; 0           ; 0                 ; 0                  ; 0                 ; 0                 ; 1                    ; 0                    ; 0                   ; 0                ; 0            ; 0                 ; 0                ; 0           ; 0               ; 0            ; 0            ; 1            ;
; state.S_WRITE_CRC    ; 0           ; 0           ; 0                 ; 0                  ; 0                 ; 1                 ; 0                    ; 0                    ; 0                   ; 0                ; 0            ; 0                 ; 0                ; 0           ; 0               ; 0            ; 0            ; 1            ;
; state.S_WRITE_SUC    ; 0           ; 0           ; 0                 ; 0                  ; 1                 ; 0                 ; 0                    ; 0                    ; 0                   ; 0                ; 0            ; 0                 ; 0                ; 0           ; 0               ; 0            ; 0            ; 1            ;
; state.S_WRITE_BUSY   ; 0           ; 0           ; 0                 ; 1                  ; 0                 ; 0                 ; 0                    ; 0                    ; 0                   ; 0                ; 0            ; 0                 ; 0                ; 0           ; 0               ; 0            ; 0            ; 1            ;
; state.S_WRITE_ACK    ; 0           ; 0           ; 1                 ; 0                  ; 0                 ; 0                 ; 0                    ; 0                    ; 0                   ; 0                ; 0            ; 0                 ; 0                ; 0           ; 0               ; 0            ; 0            ; 1            ;
; state.S_ERR          ; 0           ; 1           ; 0                 ; 0                  ; 0                 ; 0                 ; 0                    ; 0                    ; 0                   ; 0                ; 0            ; 0                 ; 0                ; 0           ; 0               ; 0            ; 0            ; 1            ;
; state.S_END          ; 1           ; 0           ; 0                 ; 0                  ; 0                 ; 0                 ; 0                    ; 0                    ; 0                   ; 0                ; 0            ; 0                 ; 0                ; 0           ; 0               ; 0            ; 0            ; 1            ;
+----------------------+-------------+-------------+-------------------+--------------------+-------------------+-------------------+----------------------+----------------------+---------------------+------------------+--------------+-------------------+------------------+-------------+-----------------+--------------+--------------+--------------+


Encoding Type:  One-Hot
+------------------------------------------------------------------------------------------------------------------------------------------------------------------------------------------------------------------------------------------------------+
; State Machine - |top|sd_card_bmp:sd_card_bmp_m0|sd_card_top:sd_card_top_m0|sd_card_sec_read_write:sd_card_sec_read_write_m0|state                                                                                                                    ;
+-------------------------+---------------+-------------------------+------------------+-------------------+---------------+---------------+--------------+---------------+---------------+---------------+--------------+--------------+--------------+
; Name                    ; state.S_CMD16 ; state.S_WAIT_READ_WRITE ; state.S_READ_END ; state.S_WRITE_END ; state.S_WRITE ; state.S_CMD24 ; state.S_READ ; state.S_CMD17 ; state.S_CMD41 ; state.S_CMD55 ; state.S_CMD8 ; state.S_CMD0 ; state.S_IDLE ;
+-------------------------+---------------+-------------------------+------------------+-------------------+---------------+---------------+--------------+---------------+---------------+---------------+--------------+--------------+--------------+
; state.S_IDLE            ; 0             ; 0                       ; 0                ; 0                 ; 0             ; 0             ; 0            ; 0             ; 0             ; 0             ; 0            ; 0            ; 0            ;
; state.S_CMD0            ; 0             ; 0                       ; 0                ; 0                 ; 0             ; 0             ; 0            ; 0             ; 0             ; 0             ; 0            ; 1            ; 1            ;
; state.S_CMD8            ; 0             ; 0                       ; 0                ; 0                 ; 0             ; 0             ; 0            ; 0             ; 0             ; 0             ; 1            ; 0            ; 1            ;
; state.S_CMD55           ; 0             ; 0                       ; 0                ; 0                 ; 0             ; 0             ; 0            ; 0             ; 0             ; 1             ; 0            ; 0            ; 1            ;
; state.S_CMD41           ; 0             ; 0                       ; 0                ; 0                 ; 0             ; 0             ; 0            ; 0             ; 1             ; 0             ; 0            ; 0            ; 1            ;
; state.S_CMD17           ; 0             ; 0                       ; 0                ; 0                 ; 0             ; 0             ; 0            ; 1             ; 0             ; 0             ; 0            ; 0            ; 1            ;
; state.S_READ            ; 0             ; 0                       ; 0                ; 0                 ; 0             ; 0             ; 1            ; 0             ; 0             ; 0             ; 0            ; 0            ; 1            ;
; state.S_CMD24           ; 0             ; 0                       ; 0                ; 0                 ; 0             ; 1             ; 0            ; 0             ; 0             ; 0             ; 0            ; 0            ; 1            ;
; state.S_WRITE           ; 0             ; 0                       ; 0                ; 0                 ; 1             ; 0             ; 0            ; 0             ; 0             ; 0             ; 0            ; 0            ; 1            ;
; state.S_WRITE_END       ; 0             ; 0                       ; 0                ; 1                 ; 0             ; 0             ; 0            ; 0             ; 0             ; 0             ; 0            ; 0            ; 1            ;
; state.S_READ_END        ; 0             ; 0                       ; 1                ; 0                 ; 0             ; 0             ; 0            ; 0             ; 0             ; 0             ; 0            ; 0            ; 1            ;
; state.S_WAIT_READ_WRITE ; 0             ; 1                       ; 0                ; 0                 ; 0             ; 0             ; 0            ; 0             ; 0             ; 0             ; 0            ; 0            ; 1            ;
; state.S_CMD16           ; 1             ; 0                       ; 0                ; 0                 ; 0             ; 0             ; 0            ; 0             ; 0             ; 0             ; 0            ; 0            ; 1            ;
+-------------------------+---------------+-------------------------+------------------+-------------------+---------------+---------------+--------------+---------------+---------------+---------------+--------------+--------------+--------------+


Encoding Type:  One-Hot
+--------------------------------------------------------------------------------------------------+
; State Machine - |top|sd_card_bmp:sd_card_bmp_m0|bmp_read:bmp_read_m0|state                       ;
+-------------------+--------------+-------------------+--------------+--------------+-------------+
; Name              ; state.S_READ ; state.S_READ_WAIT ; state.S_FIND ; state.S_IDLE ; state.S_END ;
+-------------------+--------------+-------------------+--------------+--------------+-------------+
; state.S_IDLE      ; 0            ; 0                 ; 0            ; 0            ; 0           ;
; state.S_FIND      ; 0            ; 0                 ; 1            ; 1            ; 0           ;
; state.S_READ_WAIT ; 0            ; 1                 ; 0            ; 1            ; 0           ;
; state.S_READ      ; 1            ; 0                 ; 0            ; 1            ; 0           ;
; state.S_END       ; 0            ; 0                 ; 0            ; 1            ; 1           ;
+-------------------+--------------+-------------------+--------------+--------------+-------------+


Encoding Type:  One-Hot
+-----------------------------------------------------------------+
; State Machine - |top|sys_state_ctrl:sys_state_ctrl_m0|sys_state ;
+---------------+---------------+---------------+-----------------+
; Name          ; sys_state.S_0 ; sys_state.S_2 ; sys_state.S_1   ;
+---------------+---------------+---------------+-----------------+
; sys_state.S_0 ; 0             ; 0             ; 0               ;
; sys_state.S_1 ; 1             ; 0             ; 1               ;
; sys_state.S_2 ; 1             ; 1             ; 0               ;
+---------------+---------------+---------------+-----------------+


+-------------------------------------------------------------------------------------------------------------------------------------------------------------------------------------------------------------------------------------------------------------------------------------------+
; Registers Protected by Synthesis                                                                                                                                                                                                                                                          ;
+---------------------------------------------------------------------------------------------------------------------------------------------------------------------------+------------------------------------------------------------------+--------------------------------------------+
; Register Name                                                                                                                                                             ; Protected by Synthesis Attribute or Preserve Register Assignment ; Not to be Touched by Netlist Optimizations ;
+---------------------------------------------------------------------------------------------------------------------------------------------------------------------------+------------------------------------------------------------------+--------------------------------------------+
; frame_read_write:frame_read_write_m0|afifo_16_256:read_buf|dcfifo:dcfifo_component|dcfifo_spl1:auto_generated|alt_synch_pipe_3ol:ws_dgrp|dffpipe_kd9:dffpipe8|dffe10a[8]  ; yes                                                              ; yes                                        ;
; frame_read_write:frame_read_write_m0|afifo_16_256:read_buf|dcfifo:dcfifo_component|dcfifo_spl1:auto_generated|alt_synch_pipe_3ol:ws_dgrp|dffpipe_kd9:dffpipe8|dffe10a[6]  ; yes                                                              ; yes                                        ;
; frame_read_write:frame_read_write_m0|afifo_16_256:read_buf|dcfifo:dcfifo_component|dcfifo_spl1:auto_generated|alt_synch_pipe_3ol:ws_dgrp|dffpipe_kd9:dffpipe8|dffe10a[7]  ; yes                                                              ; yes                                        ;
; frame_read_write:frame_read_write_m0|afifo_16_256:read_buf|dcfifo:dcfifo_component|dcfifo_spl1:auto_generated|alt_synch_pipe_3ol:ws_dgrp|dffpipe_kd9:dffpipe8|dffe10a[4]  ; yes                                                              ; yes                                        ;
; frame_read_write:frame_read_write_m0|afifo_16_256:read_buf|dcfifo:dcfifo_component|dcfifo_spl1:auto_generated|alt_synch_pipe_3ol:ws_dgrp|dffpipe_kd9:dffpipe8|dffe10a[5]  ; yes                                                              ; yes                                        ;
; frame_read_write:frame_read_write_m0|afifo_16_256:read_buf|dcfifo:dcfifo_component|dcfifo_spl1:auto_generated|alt_synch_pipe_3ol:ws_dgrp|dffpipe_kd9:dffpipe8|dffe10a[2]  ; yes                                                              ; yes                                        ;
; frame_read_write:frame_read_write_m0|afifo_16_256:read_buf|dcfifo:dcfifo_component|dcfifo_spl1:auto_generated|alt_synch_pipe_3ol:ws_dgrp|dffpipe_kd9:dffpipe8|dffe10a[3]  ; yes                                                              ; yes                                        ;
; frame_read_write:frame_read_write_m0|afifo_16_256:read_buf|dcfifo:dcfifo_component|dcfifo_spl1:auto_generated|alt_synch_pipe_3ol:ws_dgrp|dffpipe_kd9:dffpipe8|dffe10a[0]  ; yes                                                              ; yes                                        ;
; frame_read_write:frame_read_write_m0|afifo_16_256:read_buf|dcfifo:dcfifo_component|dcfifo_spl1:auto_generated|alt_synch_pipe_3ol:ws_dgrp|dffpipe_kd9:dffpipe8|dffe10a[1]  ; yes                                                              ; yes                                        ;
; frame_read_write:frame_read_write_m0|afifo_16_256:read_buf|dcfifo:dcfifo_component|dcfifo_spl1:auto_generated|alt_synch_pipe_2ol:rs_dgwp|dffpipe_jd9:dffpipe5|dffe7a[8]   ; yes                                                              ; yes                                        ;
; frame_read_write:frame_read_write_m0|afifo_16_256:read_buf|dcfifo:dcfifo_component|dcfifo_spl1:auto_generated|alt_synch_pipe_2ol:rs_dgwp|dffpipe_jd9:dffpipe5|dffe7a[6]   ; yes                                                              ; yes                                        ;
; frame_read_write:frame_read_write_m0|afifo_16_256:read_buf|dcfifo:dcfifo_component|dcfifo_spl1:auto_generated|alt_synch_pipe_2ol:rs_dgwp|dffpipe_jd9:dffpipe5|dffe7a[7]   ; yes                                                              ; yes                                        ;
; frame_read_write:frame_read_write_m0|afifo_16_256:read_buf|dcfifo:dcfifo_component|dcfifo_spl1:auto_generated|alt_synch_pipe_2ol:rs_dgwp|dffpipe_jd9:dffpipe5|dffe7a[4]   ; yes                                                              ; yes                                        ;
; frame_read_write:frame_read_write_m0|afifo_16_256:read_buf|dcfifo:dcfifo_component|dcfifo_spl1:auto_generated|alt_synch_pipe_2ol:rs_dgwp|dffpipe_jd9:dffpipe5|dffe7a[5]   ; yes                                                              ; yes                                        ;
; frame_read_write:frame_read_write_m0|afifo_16_256:read_buf|dcfifo:dcfifo_component|dcfifo_spl1:auto_generated|alt_synch_pipe_2ol:rs_dgwp|dffpipe_jd9:dffpipe5|dffe7a[2]   ; yes                                                              ; yes                                        ;
; frame_read_write:frame_read_write_m0|afifo_16_256:read_buf|dcfifo:dcfifo_component|dcfifo_spl1:auto_generated|alt_synch_pipe_2ol:rs_dgwp|dffpipe_jd9:dffpipe5|dffe7a[3]   ; yes                                                              ; yes                                        ;
; frame_read_write:frame_read_write_m0|afifo_16_256:read_buf|dcfifo:dcfifo_component|dcfifo_spl1:auto_generated|alt_synch_pipe_2ol:rs_dgwp|dffpipe_jd9:dffpipe5|dffe7a[0]   ; yes                                                              ; yes                                        ;
; frame_read_write:frame_read_write_m0|afifo_16_256:read_buf|dcfifo:dcfifo_component|dcfifo_spl1:auto_generated|alt_synch_pipe_2ol:rs_dgwp|dffpipe_jd9:dffpipe5|dffe7a[1]   ; yes                                                              ; yes                                        ;
; frame_read_write:frame_read_write_m0|afifo_16_256:read_buf|dcfifo:dcfifo_component|dcfifo_spl1:auto_generated|alt_synch_pipe_3ol:ws_dgrp|dffpipe_kd9:dffpipe8|dffe9a[8]   ; yes                                                              ; yes                                        ;
; frame_read_write:frame_read_write_m0|afifo_16_256:read_buf|dcfifo:dcfifo_component|dcfifo_spl1:auto_generated|alt_synch_pipe_3ol:ws_dgrp|dffpipe_kd9:dffpipe8|dffe9a[6]   ; yes                                                              ; yes                                        ;
; frame_read_write:frame_read_write_m0|afifo_16_256:read_buf|dcfifo:dcfifo_component|dcfifo_spl1:auto_generated|alt_synch_pipe_3ol:ws_dgrp|dffpipe_kd9:dffpipe8|dffe9a[7]   ; yes                                                              ; yes                                        ;
; frame_read_write:frame_read_write_m0|afifo_16_256:read_buf|dcfifo:dcfifo_component|dcfifo_spl1:auto_generated|alt_synch_pipe_3ol:ws_dgrp|dffpipe_kd9:dffpipe8|dffe9a[4]   ; yes                                                              ; yes                                        ;
; frame_read_write:frame_read_write_m0|afifo_16_256:read_buf|dcfifo:dcfifo_component|dcfifo_spl1:auto_generated|alt_synch_pipe_3ol:ws_dgrp|dffpipe_kd9:dffpipe8|dffe9a[5]   ; yes                                                              ; yes                                        ;
; frame_read_write:frame_read_write_m0|afifo_16_256:read_buf|dcfifo:dcfifo_component|dcfifo_spl1:auto_generated|alt_synch_pipe_3ol:ws_dgrp|dffpipe_kd9:dffpipe8|dffe9a[2]   ; yes                                                              ; yes                                        ;
; frame_read_write:frame_read_write_m0|afifo_16_256:read_buf|dcfifo:dcfifo_component|dcfifo_spl1:auto_generated|alt_synch_pipe_3ol:ws_dgrp|dffpipe_kd9:dffpipe8|dffe9a[3]   ; yes                                                              ; yes                                        ;
; frame_read_write:frame_read_write_m0|afifo_16_256:read_buf|dcfifo:dcfifo_component|dcfifo_spl1:auto_generated|alt_synch_pipe_3ol:ws_dgrp|dffpipe_kd9:dffpipe8|dffe9a[0]   ; yes                                                              ; yes                                        ;
; frame_read_write:frame_read_write_m0|afifo_16_256:read_buf|dcfifo:dcfifo_component|dcfifo_spl1:auto_generated|alt_synch_pipe_3ol:ws_dgrp|dffpipe_kd9:dffpipe8|dffe9a[1]   ; yes                                                              ; yes                                        ;
; frame_read_write:frame_read_write_m0|afifo_16_256:read_buf|dcfifo:dcfifo_component|dcfifo_spl1:auto_generated|alt_synch_pipe_2ol:rs_dgwp|dffpipe_jd9:dffpipe5|dffe6a[8]   ; yes                                                              ; yes                                        ;
; frame_read_write:frame_read_write_m0|afifo_16_256:read_buf|dcfifo:dcfifo_component|dcfifo_spl1:auto_generated|alt_synch_pipe_2ol:rs_dgwp|dffpipe_jd9:dffpipe5|dffe6a[6]   ; yes                                                              ; yes                                        ;
; frame_read_write:frame_read_write_m0|afifo_16_256:read_buf|dcfifo:dcfifo_component|dcfifo_spl1:auto_generated|alt_synch_pipe_2ol:rs_dgwp|dffpipe_jd9:dffpipe5|dffe6a[7]   ; yes                                                              ; yes                                        ;
; frame_read_write:frame_read_write_m0|afifo_16_256:read_buf|dcfifo:dcfifo_component|dcfifo_spl1:auto_generated|alt_synch_pipe_2ol:rs_dgwp|dffpipe_jd9:dffpipe5|dffe6a[4]   ; yes                                                              ; yes                                        ;
; frame_read_write:frame_read_write_m0|afifo_16_256:read_buf|dcfifo:dcfifo_component|dcfifo_spl1:auto_generated|alt_synch_pipe_2ol:rs_dgwp|dffpipe_jd9:dffpipe5|dffe6a[5]   ; yes                                                              ; yes                                        ;
; frame_read_write:frame_read_write_m0|afifo_16_256:read_buf|dcfifo:dcfifo_component|dcfifo_spl1:auto_generated|alt_synch_pipe_2ol:rs_dgwp|dffpipe_jd9:dffpipe5|dffe6a[2]   ; yes                                                              ; yes                                        ;
; frame_read_write:frame_read_write_m0|afifo_16_256:read_buf|dcfifo:dcfifo_component|dcfifo_spl1:auto_generated|alt_synch_pipe_2ol:rs_dgwp|dffpipe_jd9:dffpipe5|dffe6a[3]   ; yes                                                              ; yes                                        ;
; frame_read_write:frame_read_write_m0|afifo_16_256:read_buf|dcfifo:dcfifo_component|dcfifo_spl1:auto_generated|alt_synch_pipe_2ol:rs_dgwp|dffpipe_jd9:dffpipe5|dffe6a[0]   ; yes                                                              ; yes                                        ;
; frame_read_write:frame_read_write_m0|afifo_16_256:read_buf|dcfifo:dcfifo_component|dcfifo_spl1:auto_generated|alt_synch_pipe_2ol:rs_dgwp|dffpipe_jd9:dffpipe5|dffe6a[1]   ; yes                                                              ; yes                                        ;
; frame_read_write:frame_read_write_m0|afifo_16_256:write_buf|dcfifo:dcfifo_component|dcfifo_spl1:auto_generated|alt_synch_pipe_2ol:rs_dgwp|dffpipe_jd9:dffpipe5|dffe7a[8]  ; yes                                                              ; yes                                        ;
; frame_read_write:frame_read_write_m0|afifo_16_256:write_buf|dcfifo:dcfifo_component|dcfifo_spl1:auto_generated|alt_synch_pipe_2ol:rs_dgwp|dffpipe_jd9:dffpipe5|dffe7a[7]  ; yes                                                              ; yes                                        ;
; frame_read_write:frame_read_write_m0|afifo_16_256:write_buf|dcfifo:dcfifo_component|dcfifo_spl1:auto_generated|alt_synch_pipe_2ol:rs_dgwp|dffpipe_jd9:dffpipe5|dffe7a[6]  ; yes                                                              ; yes                                        ;
; frame_read_write:frame_read_write_m0|afifo_16_256:write_buf|dcfifo:dcfifo_component|dcfifo_spl1:auto_generated|alt_synch_pipe_2ol:rs_dgwp|dffpipe_jd9:dffpipe5|dffe7a[5]  ; yes                                                              ; yes                                        ;
; frame_read_write:frame_read_write_m0|afifo_16_256:write_buf|dcfifo:dcfifo_component|dcfifo_spl1:auto_generated|alt_synch_pipe_2ol:rs_dgwp|dffpipe_jd9:dffpipe5|dffe7a[4]  ; yes                                                              ; yes                                        ;
; frame_read_write:frame_read_write_m0|afifo_16_256:write_buf|dcfifo:dcfifo_component|dcfifo_spl1:auto_generated|alt_synch_pipe_2ol:rs_dgwp|dffpipe_jd9:dffpipe5|dffe7a[3]  ; yes                                                              ; yes                                        ;
; frame_read_write:frame_read_write_m0|afifo_16_256:write_buf|dcfifo:dcfifo_component|dcfifo_spl1:auto_generated|alt_synch_pipe_2ol:rs_dgwp|dffpipe_jd9:dffpipe5|dffe7a[2]  ; yes                                                              ; yes                                        ;
; frame_read_write:frame_read_write_m0|afifo_16_256:write_buf|dcfifo:dcfifo_component|dcfifo_spl1:auto_generated|alt_synch_pipe_2ol:rs_dgwp|dffpipe_jd9:dffpipe5|dffe7a[1]  ; yes                                                              ; yes                                        ;
; frame_read_write:frame_read_write_m0|afifo_16_256:write_buf|dcfifo:dcfifo_component|dcfifo_spl1:auto_generated|alt_synch_pipe_2ol:rs_dgwp|dffpipe_jd9:dffpipe5|dffe7a[0]  ; yes                                                              ; yes                                        ;
; frame_read_write:frame_read_write_m1|afifo_16_256:write_buf|dcfifo:dcfifo_component|dcfifo_spl1:auto_generated|alt_synch_pipe_2ol:rs_dgwp|dffpipe_jd9:dffpipe5|dffe7a[8]  ; yes                                                              ; yes                                        ;
; frame_read_write:frame_read_write_m1|afifo_16_256:write_buf|dcfifo:dcfifo_component|dcfifo_spl1:auto_generated|alt_synch_pipe_2ol:rs_dgwp|dffpipe_jd9:dffpipe5|dffe7a[7]  ; yes                                                              ; yes                                        ;
; frame_read_write:frame_read_write_m1|afifo_16_256:write_buf|dcfifo:dcfifo_component|dcfifo_spl1:auto_generated|alt_synch_pipe_2ol:rs_dgwp|dffpipe_jd9:dffpipe5|dffe7a[6]  ; yes                                                              ; yes                                        ;
; frame_read_write:frame_read_write_m1|afifo_16_256:write_buf|dcfifo:dcfifo_component|dcfifo_spl1:auto_generated|alt_synch_pipe_2ol:rs_dgwp|dffpipe_jd9:dffpipe5|dffe7a[5]  ; yes                                                              ; yes                                        ;
; frame_read_write:frame_read_write_m1|afifo_16_256:write_buf|dcfifo:dcfifo_component|dcfifo_spl1:auto_generated|alt_synch_pipe_2ol:rs_dgwp|dffpipe_jd9:dffpipe5|dffe7a[4]  ; yes                                                              ; yes                                        ;
; frame_read_write:frame_read_write_m1|afifo_16_256:write_buf|dcfifo:dcfifo_component|dcfifo_spl1:auto_generated|alt_synch_pipe_2ol:rs_dgwp|dffpipe_jd9:dffpipe5|dffe7a[3]  ; yes                                                              ; yes                                        ;
; frame_read_write:frame_read_write_m1|afifo_16_256:write_buf|dcfifo:dcfifo_component|dcfifo_spl1:auto_generated|alt_synch_pipe_2ol:rs_dgwp|dffpipe_jd9:dffpipe5|dffe7a[2]  ; yes                                                              ; yes                                        ;
; frame_read_write:frame_read_write_m1|afifo_16_256:write_buf|dcfifo:dcfifo_component|dcfifo_spl1:auto_generated|alt_synch_pipe_2ol:rs_dgwp|dffpipe_jd9:dffpipe5|dffe7a[1]  ; yes                                                              ; yes                                        ;
; frame_read_write:frame_read_write_m1|afifo_16_256:write_buf|dcfifo:dcfifo_component|dcfifo_spl1:auto_generated|alt_synch_pipe_2ol:rs_dgwp|dffpipe_jd9:dffpipe5|dffe7a[0]  ; yes                                                              ; yes                                        ;
; frame_read_write:frame_read_write_m1|afifo_16_256:read_buf|dcfifo:dcfifo_component|dcfifo_spl1:auto_generated|alt_synch_pipe_3ol:ws_dgrp|dffpipe_kd9:dffpipe8|dffe10a[8]  ; yes                                                              ; yes                                        ;
; frame_read_write:frame_read_write_m1|afifo_16_256:read_buf|dcfifo:dcfifo_component|dcfifo_spl1:auto_generated|alt_synch_pipe_3ol:ws_dgrp|dffpipe_kd9:dffpipe8|dffe10a[7]  ; yes                                                              ; yes                                        ;
; frame_read_write:frame_read_write_m1|afifo_16_256:read_buf|dcfifo:dcfifo_component|dcfifo_spl1:auto_generated|alt_synch_pipe_3ol:ws_dgrp|dffpipe_kd9:dffpipe8|dffe10a[6]  ; yes                                                              ; yes                                        ;
; frame_read_write:frame_read_write_m1|afifo_16_256:read_buf|dcfifo:dcfifo_component|dcfifo_spl1:auto_generated|alt_synch_pipe_3ol:ws_dgrp|dffpipe_kd9:dffpipe8|dffe10a[5]  ; yes                                                              ; yes                                        ;
; frame_read_write:frame_read_write_m1|afifo_16_256:read_buf|dcfifo:dcfifo_component|dcfifo_spl1:auto_generated|alt_synch_pipe_3ol:ws_dgrp|dffpipe_kd9:dffpipe8|dffe10a[4]  ; yes                                                              ; yes                                        ;
; frame_read_write:frame_read_write_m1|afifo_16_256:read_buf|dcfifo:dcfifo_component|dcfifo_spl1:auto_generated|alt_synch_pipe_3ol:ws_dgrp|dffpipe_kd9:dffpipe8|dffe10a[3]  ; yes                                                              ; yes                                        ;
; frame_read_write:frame_read_write_m1|afifo_16_256:read_buf|dcfifo:dcfifo_component|dcfifo_spl1:auto_generated|alt_synch_pipe_3ol:ws_dgrp|dffpipe_kd9:dffpipe8|dffe10a[2]  ; yes                                                              ; yes                                        ;
; frame_read_write:frame_read_write_m1|afifo_16_256:read_buf|dcfifo:dcfifo_component|dcfifo_spl1:auto_generated|alt_synch_pipe_3ol:ws_dgrp|dffpipe_kd9:dffpipe8|dffe10a[1]  ; yes                                                              ; yes                                        ;
; frame_read_write:frame_read_write_m1|afifo_16_256:read_buf|dcfifo:dcfifo_component|dcfifo_spl1:auto_generated|alt_synch_pipe_3ol:ws_dgrp|dffpipe_kd9:dffpipe8|dffe10a[0]  ; yes                                                              ; yes                                        ;
; frame_read_write:frame_read_write_m0|afifo_16_256:write_buf|dcfifo:dcfifo_component|dcfifo_spl1:auto_generated|alt_synch_pipe_2ol:rs_dgwp|dffpipe_jd9:dffpipe5|dffe6a[8]  ; yes                                                              ; yes                                        ;
; frame_read_write:frame_read_write_m0|afifo_16_256:write_buf|dcfifo:dcfifo_component|dcfifo_spl1:auto_generated|alt_synch_pipe_2ol:rs_dgwp|dffpipe_jd9:dffpipe5|dffe6a[7]  ; yes                                                              ; yes                                        ;
; frame_read_write:frame_read_write_m0|afifo_16_256:write_buf|dcfifo:dcfifo_component|dcfifo_spl1:auto_generated|alt_synch_pipe_2ol:rs_dgwp|dffpipe_jd9:dffpipe5|dffe6a[6]  ; yes                                                              ; yes                                        ;
; frame_read_write:frame_read_write_m0|afifo_16_256:write_buf|dcfifo:dcfifo_component|dcfifo_spl1:auto_generated|alt_synch_pipe_2ol:rs_dgwp|dffpipe_jd9:dffpipe5|dffe6a[5]  ; yes                                                              ; yes                                        ;
; frame_read_write:frame_read_write_m0|afifo_16_256:write_buf|dcfifo:dcfifo_component|dcfifo_spl1:auto_generated|alt_synch_pipe_2ol:rs_dgwp|dffpipe_jd9:dffpipe5|dffe6a[4]  ; yes                                                              ; yes                                        ;
; frame_read_write:frame_read_write_m0|afifo_16_256:write_buf|dcfifo:dcfifo_component|dcfifo_spl1:auto_generated|alt_synch_pipe_2ol:rs_dgwp|dffpipe_jd9:dffpipe5|dffe6a[3]  ; yes                                                              ; yes                                        ;
; frame_read_write:frame_read_write_m0|afifo_16_256:write_buf|dcfifo:dcfifo_component|dcfifo_spl1:auto_generated|alt_synch_pipe_2ol:rs_dgwp|dffpipe_jd9:dffpipe5|dffe6a[2]  ; yes                                                              ; yes                                        ;
; frame_read_write:frame_read_write_m0|afifo_16_256:write_buf|dcfifo:dcfifo_component|dcfifo_spl1:auto_generated|alt_synch_pipe_2ol:rs_dgwp|dffpipe_jd9:dffpipe5|dffe6a[1]  ; yes                                                              ; yes                                        ;
; frame_read_write:frame_read_write_m0|afifo_16_256:write_buf|dcfifo:dcfifo_component|dcfifo_spl1:auto_generated|alt_synch_pipe_2ol:rs_dgwp|dffpipe_jd9:dffpipe5|dffe6a[0]  ; yes                                                              ; yes                                        ;
; frame_read_write:frame_read_write_m1|afifo_16_256:write_buf|dcfifo:dcfifo_component|dcfifo_spl1:auto_generated|alt_synch_pipe_2ol:rs_dgwp|dffpipe_jd9:dffpipe5|dffe6a[8]  ; yes                                                              ; yes                                        ;
; frame_read_write:frame_read_write_m1|afifo_16_256:write_buf|dcfifo:dcfifo_component|dcfifo_spl1:auto_generated|alt_synch_pipe_2ol:rs_dgwp|dffpipe_jd9:dffpipe5|dffe6a[7]  ; yes                                                              ; yes                                        ;
; frame_read_write:frame_read_write_m1|afifo_16_256:write_buf|dcfifo:dcfifo_component|dcfifo_spl1:auto_generated|alt_synch_pipe_2ol:rs_dgwp|dffpipe_jd9:dffpipe5|dffe6a[6]  ; yes                                                              ; yes                                        ;
; frame_read_write:frame_read_write_m1|afifo_16_256:write_buf|dcfifo:dcfifo_component|dcfifo_spl1:auto_generated|alt_synch_pipe_2ol:rs_dgwp|dffpipe_jd9:dffpipe5|dffe6a[5]  ; yes                                                              ; yes                                        ;
; frame_read_write:frame_read_write_m1|afifo_16_256:write_buf|dcfifo:dcfifo_component|dcfifo_spl1:auto_generated|alt_synch_pipe_2ol:rs_dgwp|dffpipe_jd9:dffpipe5|dffe6a[4]  ; yes                                                              ; yes                                        ;
; frame_read_write:frame_read_write_m1|afifo_16_256:write_buf|dcfifo:dcfifo_component|dcfifo_spl1:auto_generated|alt_synch_pipe_2ol:rs_dgwp|dffpipe_jd9:dffpipe5|dffe6a[3]  ; yes                                                              ; yes                                        ;
; frame_read_write:frame_read_write_m1|afifo_16_256:write_buf|dcfifo:dcfifo_component|dcfifo_spl1:auto_generated|alt_synch_pipe_2ol:rs_dgwp|dffpipe_jd9:dffpipe5|dffe6a[2]  ; yes                                                              ; yes                                        ;
; frame_read_write:frame_read_write_m1|afifo_16_256:write_buf|dcfifo:dcfifo_component|dcfifo_spl1:auto_generated|alt_synch_pipe_2ol:rs_dgwp|dffpipe_jd9:dffpipe5|dffe6a[1]  ; yes                                                              ; yes                                        ;
; frame_read_write:frame_read_write_m1|afifo_16_256:write_buf|dcfifo:dcfifo_component|dcfifo_spl1:auto_generated|alt_synch_pipe_2ol:rs_dgwp|dffpipe_jd9:dffpipe5|dffe6a[0]  ; yes                                                              ; yes                                        ;
; frame_read_write:frame_read_write_m1|afifo_16_256:read_buf|dcfifo:dcfifo_component|dcfifo_spl1:auto_generated|alt_synch_pipe_3ol:ws_dgrp|dffpipe_kd9:dffpipe8|dffe9a[8]   ; yes                                                              ; yes                                        ;
; frame_read_write:frame_read_write_m1|afifo_16_256:read_buf|dcfifo:dcfifo_component|dcfifo_spl1:auto_generated|alt_synch_pipe_3ol:ws_dgrp|dffpipe_kd9:dffpipe8|dffe9a[7]   ; yes                                                              ; yes                                        ;
; frame_read_write:frame_read_write_m1|afifo_16_256:read_buf|dcfifo:dcfifo_component|dcfifo_spl1:auto_generated|alt_synch_pipe_3ol:ws_dgrp|dffpipe_kd9:dffpipe8|dffe9a[6]   ; yes                                                              ; yes                                        ;
; frame_read_write:frame_read_write_m1|afifo_16_256:read_buf|dcfifo:dcfifo_component|dcfifo_spl1:auto_generated|alt_synch_pipe_3ol:ws_dgrp|dffpipe_kd9:dffpipe8|dffe9a[5]   ; yes                                                              ; yes                                        ;
; frame_read_write:frame_read_write_m1|afifo_16_256:read_buf|dcfifo:dcfifo_component|dcfifo_spl1:auto_generated|alt_synch_pipe_3ol:ws_dgrp|dffpipe_kd9:dffpipe8|dffe9a[4]   ; yes                                                              ; yes                                        ;
; frame_read_write:frame_read_write_m1|afifo_16_256:read_buf|dcfifo:dcfifo_component|dcfifo_spl1:auto_generated|alt_synch_pipe_3ol:ws_dgrp|dffpipe_kd9:dffpipe8|dffe9a[3]   ; yes                                                              ; yes                                        ;
; frame_read_write:frame_read_write_m1|afifo_16_256:read_buf|dcfifo:dcfifo_component|dcfifo_spl1:auto_generated|alt_synch_pipe_3ol:ws_dgrp|dffpipe_kd9:dffpipe8|dffe9a[2]   ; yes                                                              ; yes                                        ;
; frame_read_write:frame_read_write_m1|afifo_16_256:read_buf|dcfifo:dcfifo_component|dcfifo_spl1:auto_generated|alt_synch_pipe_3ol:ws_dgrp|dffpipe_kd9:dffpipe8|dffe9a[1]   ; yes                                                              ; yes                                        ;
; frame_read_write:frame_read_write_m1|afifo_16_256:read_buf|dcfifo:dcfifo_component|dcfifo_spl1:auto_generated|alt_synch_pipe_3ol:ws_dgrp|dffpipe_kd9:dffpipe8|dffe9a[0]   ; yes                                                              ; yes                                        ;
; frame_read_write:frame_read_write_m0|afifo_16_256:write_buf|dcfifo:dcfifo_component|dcfifo_spl1:auto_generated|alt_synch_pipe_3ol:ws_dgrp|dffpipe_kd9:dffpipe8|dffe10a[8] ; yes                                                              ; yes                                        ;
; frame_read_write:frame_read_write_m0|afifo_16_256:write_buf|dcfifo:dcfifo_component|dcfifo_spl1:auto_generated|alt_synch_pipe_3ol:ws_dgrp|dffpipe_kd9:dffpipe8|dffe10a[6] ; yes                                                              ; yes                                        ;
; frame_read_write:frame_read_write_m0|afifo_16_256:write_buf|dcfifo:dcfifo_component|dcfifo_spl1:auto_generated|alt_synch_pipe_3ol:ws_dgrp|dffpipe_kd9:dffpipe8|dffe10a[7] ; yes                                                              ; yes                                        ;
; frame_read_write:frame_read_write_m0|afifo_16_256:write_buf|dcfifo:dcfifo_component|dcfifo_spl1:auto_generated|alt_synch_pipe_3ol:ws_dgrp|dffpipe_kd9:dffpipe8|dffe10a[4] ; yes                                                              ; yes                                        ;
; frame_read_write:frame_read_write_m0|afifo_16_256:write_buf|dcfifo:dcfifo_component|dcfifo_spl1:auto_generated|alt_synch_pipe_3ol:ws_dgrp|dffpipe_kd9:dffpipe8|dffe10a[5] ; yes                                                              ; yes                                        ;
; frame_read_write:frame_read_write_m0|afifo_16_256:write_buf|dcfifo:dcfifo_component|dcfifo_spl1:auto_generated|alt_synch_pipe_3ol:ws_dgrp|dffpipe_kd9:dffpipe8|dffe10a[2] ; yes                                                              ; yes                                        ;
; frame_read_write:frame_read_write_m0|afifo_16_256:write_buf|dcfifo:dcfifo_component|dcfifo_spl1:auto_generated|alt_synch_pipe_3ol:ws_dgrp|dffpipe_kd9:dffpipe8|dffe10a[3] ; yes                                                              ; yes                                        ;
; frame_read_write:frame_read_write_m0|afifo_16_256:write_buf|dcfifo:dcfifo_component|dcfifo_spl1:auto_generated|alt_synch_pipe_3ol:ws_dgrp|dffpipe_kd9:dffpipe8|dffe10a[0] ; yes                                                              ; yes                                        ;
; frame_read_write:frame_read_write_m0|afifo_16_256:write_buf|dcfifo:dcfifo_component|dcfifo_spl1:auto_generated|alt_synch_pipe_3ol:ws_dgrp|dffpipe_kd9:dffpipe8|dffe10a[1] ; yes                                                              ; yes                                        ;
; frame_read_write:frame_read_write_m1|afifo_16_256:write_buf|dcfifo:dcfifo_component|dcfifo_spl1:auto_generated|alt_synch_pipe_3ol:ws_dgrp|dffpipe_kd9:dffpipe8|dffe10a[8] ; yes                                                              ; yes                                        ;
; frame_read_write:frame_read_write_m1|afifo_16_256:write_buf|dcfifo:dcfifo_component|dcfifo_spl1:auto_generated|alt_synch_pipe_3ol:ws_dgrp|dffpipe_kd9:dffpipe8|dffe10a[6] ; yes                                                              ; yes                                        ;
; frame_read_write:frame_read_write_m1|afifo_16_256:write_buf|dcfifo:dcfifo_component|dcfifo_spl1:auto_generated|alt_synch_pipe_3ol:ws_dgrp|dffpipe_kd9:dffpipe8|dffe10a[7] ; yes                                                              ; yes                                        ;
; frame_read_write:frame_read_write_m1|afifo_16_256:write_buf|dcfifo:dcfifo_component|dcfifo_spl1:auto_generated|alt_synch_pipe_3ol:ws_dgrp|dffpipe_kd9:dffpipe8|dffe10a[4] ; yes                                                              ; yes                                        ;
; frame_read_write:frame_read_write_m1|afifo_16_256:write_buf|dcfifo:dcfifo_component|dcfifo_spl1:auto_generated|alt_synch_pipe_3ol:ws_dgrp|dffpipe_kd9:dffpipe8|dffe10a[5] ; yes                                                              ; yes                                        ;
; frame_read_write:frame_read_write_m1|afifo_16_256:write_buf|dcfifo:dcfifo_component|dcfifo_spl1:auto_generated|alt_synch_pipe_3ol:ws_dgrp|dffpipe_kd9:dffpipe8|dffe10a[2] ; yes                                                              ; yes                                        ;
; frame_read_write:frame_read_write_m1|afifo_16_256:write_buf|dcfifo:dcfifo_component|dcfifo_spl1:auto_generated|alt_synch_pipe_3ol:ws_dgrp|dffpipe_kd9:dffpipe8|dffe10a[3] ; yes                                                              ; yes                                        ;
; frame_read_write:frame_read_write_m1|afifo_16_256:write_buf|dcfifo:dcfifo_component|dcfifo_spl1:auto_generated|alt_synch_pipe_3ol:ws_dgrp|dffpipe_kd9:dffpipe8|dffe10a[0] ; yes                                                              ; yes                                        ;
; frame_read_write:frame_read_write_m1|afifo_16_256:write_buf|dcfifo:dcfifo_component|dcfifo_spl1:auto_generated|alt_synch_pipe_3ol:ws_dgrp|dffpipe_kd9:dffpipe8|dffe10a[1] ; yes                                                              ; yes                                        ;
; frame_read_write:frame_read_write_m0|afifo_16_256:write_buf|dcfifo:dcfifo_component|dcfifo_spl1:auto_generated|alt_synch_pipe_3ol:ws_dgrp|dffpipe_kd9:dffpipe8|dffe9a[8]  ; yes                                                              ; yes                                        ;
; frame_read_write:frame_read_write_m0|afifo_16_256:write_buf|dcfifo:dcfifo_component|dcfifo_spl1:auto_generated|alt_synch_pipe_3ol:ws_dgrp|dffpipe_kd9:dffpipe8|dffe9a[6]  ; yes                                                              ; yes                                        ;
; frame_read_write:frame_read_write_m0|afifo_16_256:write_buf|dcfifo:dcfifo_component|dcfifo_spl1:auto_generated|alt_synch_pipe_3ol:ws_dgrp|dffpipe_kd9:dffpipe8|dffe9a[7]  ; yes                                                              ; yes                                        ;
; frame_read_write:frame_read_write_m0|afifo_16_256:write_buf|dcfifo:dcfifo_component|dcfifo_spl1:auto_generated|alt_synch_pipe_3ol:ws_dgrp|dffpipe_kd9:dffpipe8|dffe9a[4]  ; yes                                                              ; yes                                        ;
; frame_read_write:frame_read_write_m0|afifo_16_256:write_buf|dcfifo:dcfifo_component|dcfifo_spl1:auto_generated|alt_synch_pipe_3ol:ws_dgrp|dffpipe_kd9:dffpipe8|dffe9a[5]  ; yes                                                              ; yes                                        ;
; frame_read_write:frame_read_write_m0|afifo_16_256:write_buf|dcfifo:dcfifo_component|dcfifo_spl1:auto_generated|alt_synch_pipe_3ol:ws_dgrp|dffpipe_kd9:dffpipe8|dffe9a[2]  ; yes                                                              ; yes                                        ;
; frame_read_write:frame_read_write_m0|afifo_16_256:write_buf|dcfifo:dcfifo_component|dcfifo_spl1:auto_generated|alt_synch_pipe_3ol:ws_dgrp|dffpipe_kd9:dffpipe8|dffe9a[3]  ; yes                                                              ; yes                                        ;
; frame_read_write:frame_read_write_m0|afifo_16_256:write_buf|dcfifo:dcfifo_component|dcfifo_spl1:auto_generated|alt_synch_pipe_3ol:ws_dgrp|dffpipe_kd9:dffpipe8|dffe9a[0]  ; yes                                                              ; yes                                        ;
; frame_read_write:frame_read_write_m0|afifo_16_256:write_buf|dcfifo:dcfifo_component|dcfifo_spl1:auto_generated|alt_synch_pipe_3ol:ws_dgrp|dffpipe_kd9:dffpipe8|dffe9a[1]  ; yes                                                              ; yes                                        ;
; frame_read_write:frame_read_write_m1|afifo_16_256:write_buf|dcfifo:dcfifo_component|dcfifo_spl1:auto_generated|alt_synch_pipe_3ol:ws_dgrp|dffpipe_kd9:dffpipe8|dffe9a[8]  ; yes                                                              ; yes                                        ;
; frame_read_write:frame_read_write_m1|afifo_16_256:write_buf|dcfifo:dcfifo_component|dcfifo_spl1:auto_generated|alt_synch_pipe_3ol:ws_dgrp|dffpipe_kd9:dffpipe8|dffe9a[6]  ; yes                                                              ; yes                                        ;
; frame_read_write:frame_read_write_m1|afifo_16_256:write_buf|dcfifo:dcfifo_component|dcfifo_spl1:auto_generated|alt_synch_pipe_3ol:ws_dgrp|dffpipe_kd9:dffpipe8|dffe9a[7]  ; yes                                                              ; yes                                        ;
; frame_read_write:frame_read_write_m1|afifo_16_256:write_buf|dcfifo:dcfifo_component|dcfifo_spl1:auto_generated|alt_synch_pipe_3ol:ws_dgrp|dffpipe_kd9:dffpipe8|dffe9a[4]  ; yes                                                              ; yes                                        ;
; frame_read_write:frame_read_write_m1|afifo_16_256:write_buf|dcfifo:dcfifo_component|dcfifo_spl1:auto_generated|alt_synch_pipe_3ol:ws_dgrp|dffpipe_kd9:dffpipe8|dffe9a[5]  ; yes                                                              ; yes                                        ;
; frame_read_write:frame_read_write_m1|afifo_16_256:write_buf|dcfifo:dcfifo_component|dcfifo_spl1:auto_generated|alt_synch_pipe_3ol:ws_dgrp|dffpipe_kd9:dffpipe8|dffe9a[2]  ; yes                                                              ; yes                                        ;
; frame_read_write:frame_read_write_m1|afifo_16_256:write_buf|dcfifo:dcfifo_component|dcfifo_spl1:auto_generated|alt_synch_pipe_3ol:ws_dgrp|dffpipe_kd9:dffpipe8|dffe9a[3]  ; yes                                                              ; yes                                        ;
; frame_read_write:frame_read_write_m1|afifo_16_256:write_buf|dcfifo:dcfifo_component|dcfifo_spl1:auto_generated|alt_synch_pipe_3ol:ws_dgrp|dffpipe_kd9:dffpipe8|dffe9a[0]  ; yes                                                              ; yes                                        ;
; frame_read_write:frame_read_write_m1|afifo_16_256:write_buf|dcfifo:dcfifo_component|dcfifo_spl1:auto_generated|alt_synch_pipe_3ol:ws_dgrp|dffpipe_kd9:dffpipe8|dffe9a[1]  ; yes                                                              ; yes                                        ;
; frame_read_write:frame_read_write_m1|afifo_16_256:read_buf|dcfifo:dcfifo_component|dcfifo_spl1:auto_generated|alt_synch_pipe_2ol:rs_dgwp|dffpipe_jd9:dffpipe5|dffe7a[8]   ; yes                                                              ; yes                                        ;
; frame_read_write:frame_read_write_m1|afifo_16_256:read_buf|dcfifo:dcfifo_component|dcfifo_spl1:auto_generated|alt_synch_pipe_2ol:rs_dgwp|dffpipe_jd9:dffpipe5|dffe7a[6]   ; yes                                                              ; yes                                        ;
; frame_read_write:frame_read_write_m1|afifo_16_256:read_buf|dcfifo:dcfifo_component|dcfifo_spl1:auto_generated|alt_synch_pipe_2ol:rs_dgwp|dffpipe_jd9:dffpipe5|dffe7a[7]   ; yes                                                              ; yes                                        ;
; frame_read_write:frame_read_write_m1|afifo_16_256:read_buf|dcfifo:dcfifo_component|dcfifo_spl1:auto_generated|alt_synch_pipe_2ol:rs_dgwp|dffpipe_jd9:dffpipe5|dffe7a[4]   ; yes                                                              ; yes                                        ;
; frame_read_write:frame_read_write_m1|afifo_16_256:read_buf|dcfifo:dcfifo_component|dcfifo_spl1:auto_generated|alt_synch_pipe_2ol:rs_dgwp|dffpipe_jd9:dffpipe5|dffe7a[5]   ; yes                                                              ; yes                                        ;
; frame_read_write:frame_read_write_m1|afifo_16_256:read_buf|dcfifo:dcfifo_component|dcfifo_spl1:auto_generated|alt_synch_pipe_2ol:rs_dgwp|dffpipe_jd9:dffpipe5|dffe7a[2]   ; yes                                                              ; yes                                        ;
; frame_read_write:frame_read_write_m1|afifo_16_256:read_buf|dcfifo:dcfifo_component|dcfifo_spl1:auto_generated|alt_synch_pipe_2ol:rs_dgwp|dffpipe_jd9:dffpipe5|dffe7a[3]   ; yes                                                              ; yes                                        ;
; frame_read_write:frame_read_write_m1|afifo_16_256:read_buf|dcfifo:dcfifo_component|dcfifo_spl1:auto_generated|alt_synch_pipe_2ol:rs_dgwp|dffpipe_jd9:dffpipe5|dffe7a[0]   ; yes                                                              ; yes                                        ;
; frame_read_write:frame_read_write_m1|afifo_16_256:read_buf|dcfifo:dcfifo_component|dcfifo_spl1:auto_generated|alt_synch_pipe_2ol:rs_dgwp|dffpipe_jd9:dffpipe5|dffe7a[1]   ; yes                                                              ; yes                                        ;
; frame_read_write:frame_read_write_m1|afifo_16_256:read_buf|dcfifo:dcfifo_component|dcfifo_spl1:auto_generated|alt_synch_pipe_2ol:rs_dgwp|dffpipe_jd9:dffpipe5|dffe6a[8]   ; yes                                                              ; yes                                        ;
; frame_read_write:frame_read_write_m1|afifo_16_256:read_buf|dcfifo:dcfifo_component|dcfifo_spl1:auto_generated|alt_synch_pipe_2ol:rs_dgwp|dffpipe_jd9:dffpipe5|dffe6a[6]   ; yes                                                              ; yes                                        ;
; frame_read_write:frame_read_write_m1|afifo_16_256:read_buf|dcfifo:dcfifo_component|dcfifo_spl1:auto_generated|alt_synch_pipe_2ol:rs_dgwp|dffpipe_jd9:dffpipe5|dffe6a[7]   ; yes                                                              ; yes                                        ;
; frame_read_write:frame_read_write_m1|afifo_16_256:read_buf|dcfifo:dcfifo_component|dcfifo_spl1:auto_generated|alt_synch_pipe_2ol:rs_dgwp|dffpipe_jd9:dffpipe5|dffe6a[4]   ; yes                                                              ; yes                                        ;
; frame_read_write:frame_read_write_m1|afifo_16_256:read_buf|dcfifo:dcfifo_component|dcfifo_spl1:auto_generated|alt_synch_pipe_2ol:rs_dgwp|dffpipe_jd9:dffpipe5|dffe6a[5]   ; yes                                                              ; yes                                        ;
; frame_read_write:frame_read_write_m1|afifo_16_256:read_buf|dcfifo:dcfifo_component|dcfifo_spl1:auto_generated|alt_synch_pipe_2ol:rs_dgwp|dffpipe_jd9:dffpipe5|dffe6a[2]   ; yes                                                              ; yes                                        ;
; frame_read_write:frame_read_write_m1|afifo_16_256:read_buf|dcfifo:dcfifo_component|dcfifo_spl1:auto_generated|alt_synch_pipe_2ol:rs_dgwp|dffpipe_jd9:dffpipe5|dffe6a[3]   ; yes                                                              ; yes                                        ;
; frame_read_write:frame_read_write_m1|afifo_16_256:read_buf|dcfifo:dcfifo_component|dcfifo_spl1:auto_generated|alt_synch_pipe_2ol:rs_dgwp|dffpipe_jd9:dffpipe5|dffe6a[0]   ; yes                                                              ; yes                                        ;
; frame_read_write:frame_read_write_m1|afifo_16_256:read_buf|dcfifo:dcfifo_component|dcfifo_spl1:auto_generated|alt_synch_pipe_2ol:rs_dgwp|dffpipe_jd9:dffpipe5|dffe6a[1]   ; yes                                                              ; yes                                        ;
; Total number of protected registers is 144                                                                                                                                ;                                                                  ;                                            ;
+---------------------------------------------------------------------------------------------------------------------------------------------------------------------------+------------------------------------------------------------------+--------------------------------------------+


+----------------------------------------------------------------------------------------------------------------------------------------------------------------------------------------------------------------------------------------------------------------------------------+
; Registers Removed During Synthesis                                                                                                                                                                                                                                               ;
+----------------------------------------------------------------------------------------------------------------------------------------------+-----------------------------------------------------------------------------------------------------------------------------------+
; Register name                                                                                                                                ; Reason for Removal                                                                                                                ;
+----------------------------------------------------------------------------------------------------------------------------------------------+-----------------------------------------------------------------------------------------------------------------------------------+
; frame_read_write:frame_read_write_m1|frame_fifo_read:frame_fifo_read_m0|read_len_d0[0..11,14,16,17,19..23]                                   ; Stuck at GND due to stuck port data_in                                                                                            ;
; frame_read_write:frame_read_write_m1|frame_fifo_read:frame_fifo_read_m0|read_len_d1[0..11,14,16,17,19..23]                                   ; Stuck at GND due to stuck port data_in                                                                                            ;
; frame_read_write:frame_read_write_m1|frame_fifo_read:frame_fifo_read_m0|read_addr_index_d0[0,1]                                              ; Stuck at GND due to stuck port data_in                                                                                            ;
; frame_read_write:frame_read_write_m1|frame_fifo_read:frame_fifo_read_m0|read_addr_index_d1[0,1]                                              ; Stuck at GND due to stuck port data_in                                                                                            ;
; frame_read_write:frame_read_write_m1|frame_fifo_read:frame_fifo_read_m0|read_cnt[0..6]                                                       ; Stuck at GND due to stuck port data_in                                                                                            ;
; frame_read_write:frame_read_write_m1|frame_fifo_write:frame_fifo_write_m0|write_len_d0[0..11,14,16,17,19..23]                                ; Stuck at GND due to stuck port data_in                                                                                            ;
; frame_read_write:frame_read_write_m1|frame_fifo_write:frame_fifo_write_m0|write_len_d1[0..11,14,16,17,19..23]                                ; Stuck at GND due to stuck port data_in                                                                                            ;
; frame_read_write:frame_read_write_m1|frame_fifo_write:frame_fifo_write_m0|write_addr_index_d0[0,1]                                           ; Stuck at GND due to stuck port data_in                                                                                            ;
; frame_read_write:frame_read_write_m1|frame_fifo_write:frame_fifo_write_m0|write_addr_index_d1[0,1]                                           ; Stuck at GND due to stuck port data_in                                                                                            ;
; frame_read_write:frame_read_write_m1|frame_fifo_write:frame_fifo_write_m0|write_cnt[0..6]                                                    ; Stuck at GND due to stuck port data_in                                                                                            ;
; frame_read_write:frame_read_write_m0|frame_fifo_read:frame_fifo_read_m0|read_len_d0[0..11,14,16,17,19..23]                                   ; Stuck at GND due to stuck port data_in                                                                                            ;
; frame_read_write:frame_read_write_m0|frame_fifo_read:frame_fifo_read_m0|read_len_d1[0..11,14,16,17,19..23]                                   ; Stuck at GND due to stuck port data_in                                                                                            ;
; frame_read_write:frame_read_write_m0|frame_fifo_read:frame_fifo_read_m0|read_addr_index_d0[0,1]                                              ; Stuck at GND due to stuck port data_in                                                                                            ;
; frame_read_write:frame_read_write_m0|frame_fifo_read:frame_fifo_read_m0|read_addr_index_d1[0,1]                                              ; Stuck at GND due to stuck port data_in                                                                                            ;
; frame_read_write:frame_read_write_m0|frame_fifo_read:frame_fifo_read_m0|read_cnt[0..6]                                                       ; Stuck at GND due to stuck port data_in                                                                                            ;
; frame_read_write:frame_read_write_m0|frame_fifo_write:frame_fifo_write_m0|write_len_d0[0..11,14,16,17,19..23]                                ; Stuck at GND due to stuck port data_in                                                                                            ;
; frame_read_write:frame_read_write_m0|frame_fifo_write:frame_fifo_write_m0|write_len_d1[0..11,14,16,17,19..23]                                ; Stuck at GND due to stuck port data_in                                                                                            ;
; frame_read_write:frame_read_write_m0|frame_fifo_write:frame_fifo_write_m0|write_addr_index_d0[0,1]                                           ; Stuck at GND due to stuck port data_in                                                                                            ;
; frame_read_write:frame_read_write_m0|frame_fifo_write:frame_fifo_write_m0|write_addr_index_d1[0,1]                                           ; Stuck at GND due to stuck port data_in                                                                                            ;
; frame_read_write:frame_read_write_m0|frame_fifo_write:frame_fifo_write_m0|write_cnt[0..6]                                                    ; Stuck at GND due to stuck port data_in                                                                                            ;
; flash_write_read:flash_write_read_m0|flash_cmd:flash_cmd_m0|INIT_quad_data_flag_r                                                            ; Stuck at GND due to stuck port data_in                                                                                            ;
; flash_write_read:flash_write_read_m0|flash_cmd:flash_cmd_m0|ERASE_quad_data_flag_r                                                           ; Stuck at GND due to stuck port data_in                                                                                            ;
; flash_write_read:flash_write_read_m0|flash_cmd:flash_cmd_m0|ERASE_data_in_r[1,2]                                                             ; Stuck at VCC due to stuck port data_in                                                                                            ;
; frame_read_write:frame_read_write_m1|frame_fifo_read:frame_fifo_read_m0|read_len_latch[0..11,14,16,17,19..23]                                ; Stuck at GND due to stuck port data_in                                                                                            ;
; frame_read_write:frame_read_write_m1|frame_fifo_read:frame_fifo_read_m0|rd_burst_addr[0..6]                                                  ; Stuck at GND due to stuck port data_in                                                                                            ;
; frame_read_write:frame_read_write_m1|frame_fifo_read:frame_fifo_read_m0|rd_burst_len[0..6,8]                                                 ; Stuck at GND due to stuck port data_in                                                                                            ;
; frame_read_write:frame_read_write_m1|frame_fifo_write:frame_fifo_write_m0|wr_burst_len[0]                                                    ; Stuck at GND due to stuck port data_in                                                                                            ;
; frame_read_write:frame_read_write_m1|frame_fifo_write:frame_fifo_write_m0|write_len_latch[0..11,14,16,17,19..23]                             ; Stuck at GND due to stuck port data_in                                                                                            ;
; frame_read_write:frame_read_write_m1|frame_fifo_write:frame_fifo_write_m0|wr_burst_addr[0..6]                                                ; Stuck at GND due to stuck port data_in                                                                                            ;
; frame_read_write:frame_read_write_m1|frame_fifo_write:frame_fifo_write_m0|wr_burst_len[1..6,8]                                               ; Stuck at GND due to stuck port data_in                                                                                            ;
; frame_read_write:frame_read_write_m0|frame_fifo_read:frame_fifo_read_m0|read_len_latch[0..11,14,16,17,19..23]                                ; Stuck at GND due to stuck port data_in                                                                                            ;
; frame_read_write:frame_read_write_m0|frame_fifo_read:frame_fifo_read_m0|rd_burst_addr[0..6]                                                  ; Stuck at GND due to stuck port data_in                                                                                            ;
; frame_read_write:frame_read_write_m0|frame_fifo_read:frame_fifo_read_m0|rd_burst_len[0..6,8]                                                 ; Stuck at GND due to stuck port data_in                                                                                            ;
; frame_read_write:frame_read_write_m0|frame_fifo_write:frame_fifo_write_m0|wr_burst_len[0]                                                    ; Stuck at GND due to stuck port data_in                                                                                            ;
; frame_read_write:frame_read_write_m0|frame_fifo_write:frame_fifo_write_m0|write_len_latch[0..11,14,16,17,19..23]                             ; Stuck at GND due to stuck port data_in                                                                                            ;
; frame_read_write:frame_read_write_m0|frame_fifo_write:frame_fifo_write_m0|wr_burst_addr[0..6]                                                ; Stuck at GND due to stuck port data_in                                                                                            ;
; frame_read_write:frame_read_write_m0|frame_fifo_write:frame_fifo_write_m0|wr_burst_len[1..6,8]                                               ; Stuck at GND due to stuck port data_in                                                                                            ;
; flash_write_read:flash_write_read_m0|flash_writer:flash_writer_m0|quad_write_addr[0..7]                                                      ; Stuck at GND due to stuck port data_in                                                                                            ;
; flash_write_read:flash_write_read_m0|flash_reader:flash_reader_m0|quad_read_addr[0..7]                                                       ; Stuck at GND due to stuck port data_in                                                                                            ;
; sd_card_bmp:sd_card_bmp_m0|bmp_read:bmp_read_m0|state_code[2,3]                                                                              ; Stuck at GND due to stuck port data_in                                                                                            ;
; frame_read_write:frame_read_write_m1|afifo_16_256:read_buf|dcfifo:dcfifo_component|dcfifo_spl1:auto_generated|dffpipe_gd9:ws_bwp|dffe12a[8]  ; Lost fanout                                                                                                                       ;
; frame_read_write:frame_read_write_m1|afifo_16_256:read_buf|dcfifo:dcfifo_component|dcfifo_spl1:auto_generated|dffpipe_gd9:ws_brp|dffe12a[8]  ; Lost fanout                                                                                                                       ;
; frame_read_write:frame_read_write_m1|afifo_16_256:write_buf|dcfifo:dcfifo_component|dcfifo_spl1:auto_generated|dffpipe_gd9:rs_bwp|dffe12a[8] ; Lost fanout                                                                                                                       ;
; frame_read_write:frame_read_write_m1|afifo_16_256:write_buf|dcfifo:dcfifo_component|dcfifo_spl1:auto_generated|dffpipe_gd9:rs_brp|dffe12a[8] ; Lost fanout                                                                                                                       ;
; frame_read_write:frame_read_write_m0|afifo_16_256:read_buf|dcfifo:dcfifo_component|dcfifo_spl1:auto_generated|dffpipe_gd9:ws_bwp|dffe12a[8]  ; Lost fanout                                                                                                                       ;
; frame_read_write:frame_read_write_m0|afifo_16_256:read_buf|dcfifo:dcfifo_component|dcfifo_spl1:auto_generated|dffpipe_gd9:ws_brp|dffe12a[8]  ; Lost fanout                                                                                                                       ;
; frame_read_write:frame_read_write_m0|afifo_16_256:write_buf|dcfifo:dcfifo_component|dcfifo_spl1:auto_generated|dffpipe_gd9:rs_bwp|dffe12a[8] ; Lost fanout                                                                                                                       ;
; frame_read_write:frame_read_write_m0|afifo_16_256:write_buf|dcfifo:dcfifo_component|dcfifo_spl1:auto_generated|dffpipe_gd9:rs_brp|dffe12a[8] ; Lost fanout                                                                                                                       ;
; flash_write_read:flash_write_read_m0|flash_cmd:flash_cmd_m0|INIT_data_in_r[3,6]                                                              ; Merged with flash_write_read:flash_write_read_m0|flash_cmd:flash_cmd_m0|INIT_data_in_r[7]                                         ;
; flash_write_read:flash_write_read_m0|flash_cmd:flash_cmd_m0|INIT_data_in_r[0,4]                                                              ; Merged with flash_write_read:flash_write_read_m0|flash_cmd:flash_cmd_m0|INIT_data_in_r[5]                                         ;
; flash_write_read:flash_write_read_m0|flash_cmd:flash_cmd_m0|ERASE_data_in_r[0,6]                                                             ; Merged with flash_write_read:flash_write_read_m0|flash_cmd:flash_cmd_m0|ERASE_data_in_r[7]                                        ;
; flash_write_read:flash_write_read_m0|flash_cmd:flash_cmd_m0|ERASE_data_in_r[3,4]                                                             ; Merged with flash_write_read:flash_write_read_m0|flash_cmd:flash_cmd_m0|ERASE_data_in_r[5]                                        ;
; frame_read_write:frame_read_write_m1|frame_fifo_read:frame_fifo_read_m0|read_len_latch[13,15,18]                                             ; Merged with frame_read_write:frame_read_write_m1|frame_fifo_read:frame_fifo_read_m0|read_len_latch[12]                            ;
; frame_read_write:frame_read_write_m1|frame_fifo_write:frame_fifo_write_m0|write_len_latch[13,15,18]                                          ; Merged with frame_read_write:frame_read_write_m1|frame_fifo_write:frame_fifo_write_m0|write_len_latch[12]                         ;
; frame_read_write:frame_read_write_m0|frame_fifo_read:frame_fifo_read_m0|read_len_latch[13,15,18]                                             ; Merged with frame_read_write:frame_read_write_m0|frame_fifo_read:frame_fifo_read_m0|read_len_latch[12]                            ;
; frame_read_write:frame_read_write_m0|frame_fifo_write:frame_fifo_write_m0|write_len_latch[13,15,18]                                          ; Merged with frame_read_write:frame_read_write_m0|frame_fifo_write:frame_fifo_write_m0|write_len_latch[12]                         ;
; sd_card_bmp:sd_card_bmp_m0|sd_card_top:sd_card_top_m0|sd_card_cmd:sd_card_cmd_m0|clk_div[1,2,8..15]                                          ; Merged with sd_card_bmp:sd_card_bmp_m0|sd_card_top:sd_card_top_m0|sd_card_cmd:sd_card_cmd_m0|clk_div[0]                           ;
; sd_card_bmp:sd_card_bmp_m0|sd_card_top:sd_card_top_m0|sd_card_cmd:sd_card_cmd_m0|clk_div[4..7]                                               ; Merged with sd_card_bmp:sd_card_bmp_m0|sd_card_top:sd_card_top_m0|sd_card_cmd:sd_card_cmd_m0|clk_div[3]                           ;
; sd_card_bmp:sd_card_bmp_m0|sd_card_top:sd_card_top_m0|sd_card_sec_read_write:sd_card_sec_read_write_m0|cmd_data_len[0,1,3..15]               ; Merged with sd_card_bmp:sd_card_bmp_m0|sd_card_top:sd_card_top_m0|sd_card_sec_read_write:sd_card_sec_read_write_m0|cmd[47]        ;
; sd_card_bmp:sd_card_bmp_m0|sd_card_top:sd_card_top_m0|sd_card_sec_read_write:sd_card_sec_read_write_m0|cmd_r1[1..7]                          ; Merged with sd_card_bmp:sd_card_bmp_m0|sd_card_top:sd_card_top_m0|sd_card_sec_read_write:sd_card_sec_read_write_m0|cmd[47]        ;
; frame_read_write:frame_read_write_m0|frame_fifo_read:frame_fifo_read_m0|read_len_d1[13,15,18]                                                ; Merged with frame_read_write:frame_read_write_m0|frame_fifo_read:frame_fifo_read_m0|read_len_d1[12]                               ;
; frame_read_write:frame_read_write_m0|frame_fifo_write:frame_fifo_write_m0|write_len_d1[12,13,15,18]                                          ; Merged with frame_read_write:frame_read_write_m0|frame_fifo_read:frame_fifo_read_m0|read_len_d1[12]                               ;
; frame_read_write:frame_read_write_m1|frame_fifo_read:frame_fifo_read_m0|read_len_d1[12,13,15,18]                                             ; Merged with frame_read_write:frame_read_write_m0|frame_fifo_read:frame_fifo_read_m0|read_len_d1[12]                               ;
; frame_read_write:frame_read_write_m1|frame_fifo_write:frame_fifo_write_m0|write_len_d1[12,13,15,18]                                          ; Merged with frame_read_write:frame_read_write_m0|frame_fifo_read:frame_fifo_read_m0|read_len_d1[12]                               ;
; sd_card_bmp:sd_card_bmp_m0|sd_card_top:sd_card_top_m0|sd_card_sec_read_write:sd_card_sec_read_write_m0|spi_clk_div[1,2,8..15]                ; Merged with sd_card_bmp:sd_card_bmp_m0|sd_card_top:sd_card_top_m0|sd_card_sec_read_write:sd_card_sec_read_write_m0|spi_clk_div[0] ;
; sd_card_bmp:sd_card_bmp_m0|sd_card_top:sd_card_top_m0|sd_card_sec_read_write:sd_card_sec_read_write_m0|spi_clk_div[4..7]                     ; Merged with sd_card_bmp:sd_card_bmp_m0|sd_card_top:sd_card_top_m0|sd_card_sec_read_write:sd_card_sec_read_write_m0|spi_clk_div[3] ;
; sd_card_bmp:sd_card_bmp_m0|sd_card_top:sd_card_top_m0|sd_card_sec_read_write:sd_card_sec_read_write_m0|cmd[2,7]                              ; Merged with sd_card_bmp:sd_card_bmp_m0|sd_card_top:sd_card_top_m0|sd_card_sec_read_write:sd_card_sec_read_write_m0|cmd[0]         ;
; frame_read_write:frame_read_write_m0|frame_fifo_read:frame_fifo_read_m0|read_len_d0[13,15,18]                                                ; Merged with frame_read_write:frame_read_write_m0|frame_fifo_read:frame_fifo_read_m0|read_len_d0[12]                               ;
; frame_read_write:frame_read_write_m0|frame_fifo_write:frame_fifo_write_m0|write_len_d0[12,13,15,18]                                          ; Merged with frame_read_write:frame_read_write_m0|frame_fifo_read:frame_fifo_read_m0|read_len_d0[12]                               ;
; frame_read_write:frame_read_write_m1|frame_fifo_read:frame_fifo_read_m0|read_len_d0[12,13,15,18]                                             ; Merged with frame_read_write:frame_read_write_m0|frame_fifo_read:frame_fifo_read_m0|read_len_d0[12]                               ;
; frame_read_write:frame_read_write_m1|frame_fifo_write:frame_fifo_write_m0|write_len_d0[12,13,15,18]                                          ; Merged with frame_read_write:frame_read_write_m0|frame_fifo_read:frame_fifo_read_m0|read_len_d0[12]                               ;
; sd_card_bmp:sd_card_bmp_m0|sd_card_top:sd_card_top_m0|sd_card_sec_read_write:sd_card_sec_read_write_m0|cmd[5,6]                              ; Merged with sd_card_bmp:sd_card_bmp_m0|sd_card_top:sd_card_top_m0|sd_card_sec_read_write:sd_card_sec_read_write_m0|cmd[3]         ;
; sd_card_bmp:sd_card_bmp_m0|sd_card_top:sd_card_top_m0|sd_card_sec_read_write:sd_card_sec_read_write_m0|cmd[42]                               ; Merged with sd_card_bmp:sd_card_bmp_m0|sd_card_top:sd_card_top_m0|sd_card_sec_read_write:sd_card_sec_read_write_m0|cmd[41]        ;
; seg_scan:seg_scan_m0|seg_data[7]                                                                                                             ; Stuck at VCC due to stuck port data_in                                                                                            ;
; sd_card_bmp:sd_card_bmp_m0|sd_card_top:sd_card_top_m0|sd_card_sec_read_write:sd_card_sec_read_write_m0|cmd[47]                               ; Stuck at GND due to stuck port data_in                                                                                            ;
; flash_write_read:flash_write_read_m0|flash_reader:flash_reader_m0|quad_read_addr[8..23]                                                      ; Stuck at GND due to stuck port data_in                                                                                            ;
; flash_write_read:flash_write_read_m0|flash_cmd:flash_cmd_m0|READ_data_in_r[2,4,7]                                                            ; Stuck at GND due to stuck port data_in                                                                                            ;
; flash_write_read:flash_write_read_m0|flash_cmd:flash_cmd_m0|READ_data_in_r[0,1,3,6]                                                          ; Merged with flash_write_read:flash_write_read_m0|flash_cmd:flash_cmd_m0|READ_data_in_r[5]                                         ;
; flash_write_read:flash_write_read_m0|flash_writer:flash_writer_m0|state.ZERO                                                                 ; Lost fanout                                                                                                                       ;
; sdram_core:sdram_core_m0|state~5                                                                                                             ; Lost fanout                                                                                                                       ;
; sdram_core:sdram_core_m0|state~6                                                                                                             ; Lost fanout                                                                                                                       ;
; sdram_core:sdram_core_m0|state~7                                                                                                             ; Lost fanout                                                                                                                       ;
; sdram_core:sdram_core_m0|state~8                                                                                                             ; Lost fanout                                                                                                                       ;
; sdram_core:sdram_core_m0|state~9                                                                                                             ; Lost fanout                                                                                                                       ;
; frame_read_write:frame_read_write_m1|frame_fifo_read:frame_fifo_read_m0|state~8                                                              ; Lost fanout                                                                                                                       ;
; frame_read_write:frame_read_write_m1|frame_fifo_read:frame_fifo_read_m0|state~9                                                              ; Lost fanout                                                                                                                       ;
; frame_read_write:frame_read_write_m1|frame_fifo_read:frame_fifo_read_m0|state~10                                                             ; Lost fanout                                                                                                                       ;
; frame_read_write:frame_read_write_m1|frame_fifo_read:frame_fifo_read_m0|state~11                                                             ; Lost fanout                                                                                                                       ;
; frame_read_write:frame_read_write_m1|frame_fifo_write:frame_fifo_write_m0|state~8                                                            ; Lost fanout                                                                                                                       ;
; frame_read_write:frame_read_write_m1|frame_fifo_write:frame_fifo_write_m0|state~9                                                            ; Lost fanout                                                                                                                       ;
; frame_read_write:frame_read_write_m1|frame_fifo_write:frame_fifo_write_m0|state~10                                                           ; Lost fanout                                                                                                                       ;
; frame_read_write:frame_read_write_m1|frame_fifo_write:frame_fifo_write_m0|state~11                                                           ; Lost fanout                                                                                                                       ;
; frame_read_write:frame_read_write_m0|frame_fifo_read:frame_fifo_read_m0|state~8                                                              ; Lost fanout                                                                                                                       ;
; frame_read_write:frame_read_write_m0|frame_fifo_read:frame_fifo_read_m0|state~9                                                              ; Lost fanout                                                                                                                       ;
; frame_read_write:frame_read_write_m0|frame_fifo_read:frame_fifo_read_m0|state~10                                                             ; Lost fanout                                                                                                                       ;
; frame_read_write:frame_read_write_m0|frame_fifo_read:frame_fifo_read_m0|state~11                                                             ; Lost fanout                                                                                                                       ;
; frame_read_write:frame_read_write_m0|frame_fifo_write:frame_fifo_write_m0|state~8                                                            ; Lost fanout                                                                                                                       ;
; frame_read_write:frame_read_write_m0|frame_fifo_write:frame_fifo_write_m0|state~9                                                            ; Lost fanout                                                                                                                       ;
; frame_read_write:frame_read_write_m0|frame_fifo_write:frame_fifo_write_m0|state~10                                                           ; Lost fanout                                                                                                                       ;
; frame_read_write:frame_read_write_m0|frame_fifo_write:frame_fifo_write_m0|state~11                                                           ; Lost fanout                                                                                                                       ;
; flash_write_read:flash_write_read_m0|Qspi_master:Qspi_master_m0|state~4                                                                      ; Lost fanout                                                                                                                       ;
; flash_write_read:flash_write_read_m0|Qspi_master:Qspi_master_m0|state~5                                                                      ; Lost fanout                                                                                                                       ;
; flash_write_read:flash_write_read_m0|Qspi_master:Qspi_master_m0|state~6                                                                      ; Lost fanout                                                                                                                       ;
; flash_write_read:flash_write_read_m0|flash_cmd:flash_cmd_m0|READ_cnt~12                                                                      ; Lost fanout                                                                                                                       ;
; flash_write_read:flash_write_read_m0|flash_cmd:flash_cmd_m0|READ_cnt~13                                                                      ; Lost fanout                                                                                                                       ;
; flash_write_read:flash_write_read_m0|flash_cmd:flash_cmd_m0|READ_cnt~14                                                                      ; Lost fanout                                                                                                                       ;
; flash_write_read:flash_write_read_m0|flash_cmd:flash_cmd_m0|READ_cnt~15                                                                      ; Lost fanout                                                                                                                       ;
; flash_write_read:flash_write_read_m0|flash_cmd:flash_cmd_m0|READ_state~6                                                                     ; Lost fanout                                                                                                                       ;
; flash_write_read:flash_write_read_m0|flash_cmd:flash_cmd_m0|READ_state~7                                                                     ; Lost fanout                                                                                                                       ;
; flash_write_read:flash_write_read_m0|flash_cmd:flash_cmd_m0|ERASE_cnt~5                                                                      ; Lost fanout                                                                                                                       ;
; flash_write_read:flash_write_read_m0|flash_cmd:flash_cmd_m0|ERASE_cnt~7                                                                      ; Lost fanout                                                                                                                       ;
; flash_write_read:flash_write_read_m0|flash_cmd:flash_cmd_m0|ERASE_state~4                                                                    ; Lost fanout                                                                                                                       ;
; flash_write_read:flash_write_read_m0|flash_cmd:flash_cmd_m0|ERASE_state~5                                                                    ; Lost fanout                                                                                                                       ;
; flash_write_read:flash_write_read_m0|flash_cmd:flash_cmd_m0|ERASE_state~7                                                                    ; Lost fanout                                                                                                                       ;
; flash_write_read:flash_write_read_m0|flash_cmd:flash_cmd_m0|WRITE_cnt~8                                                                      ; Lost fanout                                                                                                                       ;
; flash_write_read:flash_write_read_m0|flash_cmd:flash_cmd_m0|WRITE_cnt~9                                                                      ; Lost fanout                                                                                                                       ;
; flash_write_read:flash_write_read_m0|flash_cmd:flash_cmd_m0|WRITE_cnt~10                                                                     ; Lost fanout                                                                                                                       ;
; flash_write_read:flash_write_read_m0|flash_cmd:flash_cmd_m0|WRITE_cnt~11                                                                     ; Lost fanout                                                                                                                       ;
; flash_write_read:flash_write_read_m0|flash_cmd:flash_cmd_m0|WRITE_state~4                                                                    ; Lost fanout                                                                                                                       ;
; flash_write_read:flash_write_read_m0|flash_cmd:flash_cmd_m0|WRITE_state~5                                                                    ; Lost fanout                                                                                                                       ;
; flash_write_read:flash_write_read_m0|flash_cmd:flash_cmd_m0|WRITE_state~7                                                                    ; Lost fanout                                                                                                                       ;
; flash_write_read:flash_write_read_m0|flash_cmd:flash_cmd_m0|INIT_cnt~7                                                                       ; Lost fanout                                                                                                                       ;
; flash_write_read:flash_write_read_m0|flash_cmd:flash_cmd_m0|INIT_cnt~8                                                                       ; Lost fanout                                                                                                                       ;
; flash_write_read:flash_write_read_m0|flash_cmd:flash_cmd_m0|INIT_state~4                                                                     ; Lost fanout                                                                                                                       ;
; flash_write_read:flash_write_read_m0|flash_cmd:flash_cmd_m0|INIT_state~5                                                                     ; Lost fanout                                                                                                                       ;
; flash_write_read:flash_write_read_m0|flash_cmd:flash_cmd_m0|INIT_state~7                                                                     ; Lost fanout                                                                                                                       ;
; flash_write_read:flash_write_read_m0|flash_cmd:flash_cmd_m0|state~4                                                                          ; Lost fanout                                                                                                                       ;
; flash_write_read:flash_write_read_m0|flash_cmd:flash_cmd_m0|state~5                                                                          ; Lost fanout                                                                                                                       ;
; flash_write_read:flash_write_read_m0|flash_cmd:flash_cmd_m0|state~6                                                                          ; Lost fanout                                                                                                                       ;
; flash_write_read:flash_write_read_m0|flash_cmd:flash_cmd_m0|flash_step:flash_step_m0|step~4                                                  ; Lost fanout                                                                                                                       ;
; flash_write_read:flash_write_read_m0|flash_cmd:flash_cmd_m0|flash_step:flash_step_m0|step~5                                                  ; Lost fanout                                                                                                                       ;
; flash_write_read:flash_write_read_m0|flash_cmd:flash_cmd_m0|flash_step:flash_step_m0|step~6                                                  ; Lost fanout                                                                                                                       ;
; flash_write_read:flash_write_read_m0|flash_cmd:flash_cmd_m0|flash_step:flash_step_m0|step~7                                                  ; Lost fanout                                                                                                                       ;
; flash_write_read:flash_write_read_m0|flash_writer:flash_writer_m0|state~4                                                                    ; Lost fanout                                                                                                                       ;
; flash_write_read:flash_write_read_m0|flash_writer:flash_writer_m0|state~5                                                                    ; Lost fanout                                                                                                                       ;
; flash_write_read:flash_write_read_m0|flash_writer:flash_writer_m0|state~6                                                                    ; Lost fanout                                                                                                                       ;
; flash_write_read:flash_write_read_m0|flash_reader:flash_reader_m0|state~4                                                                    ; Lost fanout                                                                                                                       ;
; flash_write_read:flash_write_read_m0|flash_reader:flash_reader_m0|state~5                                                                    ; Lost fanout                                                                                                                       ;
; flash_write_read:flash_write_read_m0|flash_reader:flash_reader_m0|state~6                                                                    ; Lost fanout                                                                                                                       ;
; flash_write_read:flash_write_read_m0|flash_reader:flash_reader_m0|state~7                                                                    ; Lost fanout                                                                                                                       ;
; sd_card_bmp:sd_card_bmp_m0|sd_card_top:sd_card_top_m0|spi_master:spi_master_m0|state~4                                                       ; Lost fanout                                                                                                                       ;
; sd_card_bmp:sd_card_bmp_m0|sd_card_top:sd_card_top_m0|spi_master:spi_master_m0|state~5                                                       ; Lost fanout                                                                                                                       ;
; sd_card_bmp:sd_card_bmp_m0|sd_card_top:sd_card_top_m0|spi_master:spi_master_m0|state~6                                                       ; Lost fanout                                                                                                                       ;
; sd_card_bmp:sd_card_bmp_m0|sd_card_top:sd_card_top_m0|sd_card_cmd:sd_card_cmd_m0|state~18                                                    ; Lost fanout                                                                                                                       ;
; sd_card_bmp:sd_card_bmp_m0|sd_card_top:sd_card_top_m0|sd_card_cmd:sd_card_cmd_m0|state~19                                                    ; Lost fanout                                                                                                                       ;
; sd_card_bmp:sd_card_bmp_m0|sd_card_top:sd_card_top_m0|sd_card_cmd:sd_card_cmd_m0|state~20                                                    ; Lost fanout                                                                                                                       ;
; sd_card_bmp:sd_card_bmp_m0|sd_card_top:sd_card_top_m0|sd_card_cmd:sd_card_cmd_m0|state~21                                                    ; Lost fanout                                                                                                                       ;
; sd_card_bmp:sd_card_bmp_m0|sd_card_top:sd_card_top_m0|sd_card_cmd:sd_card_cmd_m0|state~22                                                    ; Lost fanout                                                                                                                       ;
; sd_card_bmp:sd_card_bmp_m0|sd_card_top:sd_card_top_m0|sd_card_sec_read_write:sd_card_sec_read_write_m0|state~13                              ; Lost fanout                                                                                                                       ;
; sd_card_bmp:sd_card_bmp_m0|sd_card_top:sd_card_top_m0|sd_card_sec_read_write:sd_card_sec_read_write_m0|state~14                              ; Lost fanout                                                                                                                       ;
; sd_card_bmp:sd_card_bmp_m0|sd_card_top:sd_card_top_m0|sd_card_sec_read_write:sd_card_sec_read_write_m0|state~15                              ; Lost fanout                                                                                                                       ;
; sd_card_bmp:sd_card_bmp_m0|sd_card_top:sd_card_top_m0|sd_card_sec_read_write:sd_card_sec_read_write_m0|state~16                              ; Lost fanout                                                                                                                       ;
; sd_card_bmp:sd_card_bmp_m0|sd_card_top:sd_card_top_m0|sd_card_sec_read_write:sd_card_sec_read_write_m0|state~17                              ; Lost fanout                                                                                                                       ;
; sd_card_bmp:sd_card_bmp_m0|bmp_read:bmp_read_m0|state~5                                                                                      ; Lost fanout                                                                                                                       ;
; sd_card_bmp:sd_card_bmp_m0|bmp_read:bmp_read_m0|state~6                                                                                      ; Lost fanout                                                                                                                       ;
; sd_card_bmp:sd_card_bmp_m0|bmp_read:bmp_read_m0|state~8                                                                                      ; Lost fanout                                                                                                                       ;
; sys_state_ctrl:sys_state_ctrl_m0|sys_state~6                                                                                                 ; Lost fanout                                                                                                                       ;
; sd_card_bmp:sd_card_bmp_m0|sd_card_top:sd_card_top_m0|sd_card_sec_read_write:sd_card_sec_read_write_m0|state.S_IDLE                          ; Merged with sd_card_bmp:sd_card_bmp_m0|sd_card_top:sd_card_top_m0|sd_card_cmd:sd_card_cmd_m0|state.S_IDLE                         ;
; flash_write_read:flash_write_read_m0|flash_cmd:flash_cmd_m0|READ_cnt.0111                                                                    ; Stuck at GND due to stuck port data_in                                                                                            ;
; sd_card_bmp:sd_card_bmp_m0|sd_card_top:sd_card_top_m0|sd_card_sec_read_write:sd_card_sec_read_write_m0|state.S_CMD24                         ; Stuck at GND due to stuck port data_in                                                                                            ;
; sdram_core:sdram_core_m0|state.S_RWAIT                                                                                                       ; Stuck at GND due to stuck port data_in                                                                                            ;
; sd_card_bmp:sd_card_bmp_m0|sd_card_top:sd_card_top_m0|sd_card_sec_read_write:sd_card_sec_read_write_m0|state.S_WRITE                         ; Stuck at GND due to stuck port data_in                                                                                            ;
; sd_card_bmp:sd_card_bmp_m0|sd_card_top:sd_card_top_m0|sd_card_sec_read_write:sd_card_sec_read_write_m0|block_write_req                       ; Stuck at GND due to stuck port clock_enable                                                                                       ;
; sd_card_bmp:sd_card_bmp_m0|sd_card_top:sd_card_top_m0|sd_card_sec_read_write:sd_card_sec_read_write_m0|state.S_WRITE_END                     ; Stuck at GND due to stuck port data_in                                                                                            ;
; sd_card_bmp:sd_card_bmp_m0|sd_card_top:sd_card_top_m0|sd_card_cmd:sd_card_cmd_m0|state.S_WRITE_TOKEN                                         ; Stuck at GND due to stuck port data_in                                                                                            ;
; flash_write_read:flash_write_read_m0|flash_reader:flash_reader_m0|state.END                                                                  ; Lost fanout                                                                                                                       ;
; flash_write_read:flash_write_read_m0|flash_reader:flash_reader_m0|state.DELAY                                                                ; Stuck at GND due to stuck port data_in                                                                                            ;
; flash_write_read:flash_write_read_m0|flash_reader:flash_reader_m0|wait_cnt[0..31]                                                            ; Lost fanout                                                                                                                       ;
; flash_write_read:flash_write_read_m0|flash_cmd:flash_cmd_m0|READ_cnt.0000                                                                    ; Merged with flash_write_read:flash_write_read_m0|flash_cmd:flash_cmd_m0|READ_step_en                                              ;
; flash_write_read:flash_write_read_m0|flash_cmd:flash_cmd_m0|ERASE_data_in_r[5]                                                               ; Merged with flash_write_read:flash_write_read_m0|flash_cmd:flash_cmd_m0|ERASE_step_en                                             ;
; flash_write_read:flash_write_read_m0|flash_cmd:flash_cmd_m0|INIT_data_in_r[7]                                                                ; Merged with flash_write_read:flash_write_read_m0|flash_cmd:flash_cmd_m0|INIT_step_en                                              ;
; flash_write_read:flash_write_read_m0|flash_cmd:flash_cmd_m0|ERASE_wr_en                                                                      ; Merged with flash_write_read:flash_write_read_m0|flash_cmd:flash_cmd_m0|ERASE_cnt.0000                                            ;
; sd_card_bmp:sd_card_bmp_m0|sd_card_top:sd_card_top_m0|sd_card_sec_read_write:sd_card_sec_read_write_m0|spi_clk_div[0]                        ; Stuck at GND due to stuck port data_in                                                                                            ;
; sd_card_bmp:sd_card_bmp_m0|sd_card_top:sd_card_top_m0|sd_card_cmd:sd_card_cmd_m0|clk_div[0]                                                  ; Stuck at GND due to stuck port data_in                                                                                            ;
; Total Number of Removed Registers = 631                                                                                                      ;                                                                                                                                   ;
+----------------------------------------------------------------------------------------------------------------------------------------------+-----------------------------------------------------------------------------------------------------------------------------------+


+-----------------------------------------------------------------------------------------------------------------------------------------------------------------------------------------------------------------------------------------------------------------------------+
; Removed Registers Triggering Further Register Optimizations                                                                                                                                                                                                                 ;
+-----------------------------------------------------------------------------------------------------------------------+---------------------------+-------------------------------------------------------------------------------------------------------------------------+
; Register name                                                                                                         ; Reason for Removal        ; Registers Removed due to This Register                                                                                  ;
+-----------------------------------------------------------------------------------------------------------------------+---------------------------+-------------------------------------------------------------------------------------------------------------------------+
; frame_read_write:frame_read_write_m1|frame_fifo_write:frame_fifo_write_m0|write_cnt[6]                                ; Stuck at GND              ; frame_read_write:frame_read_write_m1|frame_fifo_write:frame_fifo_write_m0|wr_burst_len[0],                              ;
;                                                                                                                       ; due to stuck port data_in ; frame_read_write:frame_read_write_m1|frame_fifo_write:frame_fifo_write_m0|wr_burst_len[8],                              ;
;                                                                                                                       ;                           ; frame_read_write:frame_read_write_m1|frame_fifo_write:frame_fifo_write_m0|wr_burst_len[6],                              ;
;                                                                                                                       ;                           ; frame_read_write:frame_read_write_m1|frame_fifo_write:frame_fifo_write_m0|wr_burst_len[5],                              ;
;                                                                                                                       ;                           ; frame_read_write:frame_read_write_m1|frame_fifo_write:frame_fifo_write_m0|wr_burst_len[4],                              ;
;                                                                                                                       ;                           ; frame_read_write:frame_read_write_m1|frame_fifo_write:frame_fifo_write_m0|wr_burst_len[3],                              ;
;                                                                                                                       ;                           ; frame_read_write:frame_read_write_m1|frame_fifo_write:frame_fifo_write_m0|wr_burst_len[2],                              ;
;                                                                                                                       ;                           ; frame_read_write:frame_read_write_m1|frame_fifo_write:frame_fifo_write_m0|wr_burst_len[1]                               ;
; frame_read_write:frame_read_write_m1|frame_fifo_write:frame_fifo_write_m0|write_addr_index_d0[1]                      ; Stuck at GND              ; frame_read_write:frame_read_write_m1|frame_fifo_write:frame_fifo_write_m0|write_addr_index_d1[1],                       ;
;                                                                                                                       ; due to stuck port data_in ; frame_read_write:frame_read_write_m1|frame_fifo_write:frame_fifo_write_m0|wr_burst_addr[6],                             ;
;                                                                                                                       ;                           ; frame_read_write:frame_read_write_m1|frame_fifo_write:frame_fifo_write_m0|wr_burst_addr[5],                             ;
;                                                                                                                       ;                           ; frame_read_write:frame_read_write_m1|frame_fifo_write:frame_fifo_write_m0|wr_burst_addr[4],                             ;
;                                                                                                                       ;                           ; frame_read_write:frame_read_write_m1|frame_fifo_write:frame_fifo_write_m0|wr_burst_addr[3],                             ;
;                                                                                                                       ;                           ; frame_read_write:frame_read_write_m1|frame_fifo_write:frame_fifo_write_m0|wr_burst_addr[2],                             ;
;                                                                                                                       ;                           ; frame_read_write:frame_read_write_m1|frame_fifo_write:frame_fifo_write_m0|wr_burst_addr[1],                             ;
;                                                                                                                       ;                           ; frame_read_write:frame_read_write_m1|frame_fifo_write:frame_fifo_write_m0|wr_burst_addr[0]                              ;
; frame_read_write:frame_read_write_m1|frame_fifo_read:frame_fifo_read_m0|read_addr_index_d0[1]                         ; Stuck at GND              ; frame_read_write:frame_read_write_m1|frame_fifo_read:frame_fifo_read_m0|read_addr_index_d1[1],                          ;
;                                                                                                                       ; due to stuck port data_in ; frame_read_write:frame_read_write_m1|frame_fifo_read:frame_fifo_read_m0|rd_burst_addr[6],                               ;
;                                                                                                                       ;                           ; frame_read_write:frame_read_write_m1|frame_fifo_read:frame_fifo_read_m0|rd_burst_addr[5],                               ;
;                                                                                                                       ;                           ; frame_read_write:frame_read_write_m1|frame_fifo_read:frame_fifo_read_m0|rd_burst_addr[4],                               ;
;                                                                                                                       ;                           ; frame_read_write:frame_read_write_m1|frame_fifo_read:frame_fifo_read_m0|rd_burst_addr[3],                               ;
;                                                                                                                       ;                           ; frame_read_write:frame_read_write_m1|frame_fifo_read:frame_fifo_read_m0|rd_burst_addr[2],                               ;
;                                                                                                                       ;                           ; frame_read_write:frame_read_write_m1|frame_fifo_read:frame_fifo_read_m0|rd_burst_addr[1],                               ;
;                                                                                                                       ;                           ; frame_read_write:frame_read_write_m1|frame_fifo_read:frame_fifo_read_m0|rd_burst_addr[0]                                ;
; frame_read_write:frame_read_write_m0|frame_fifo_read:frame_fifo_read_m0|read_cnt[6]                                   ; Stuck at GND              ; frame_read_write:frame_read_write_m0|frame_fifo_read:frame_fifo_read_m0|rd_burst_len[8],                                ;
;                                                                                                                       ; due to stuck port data_in ; frame_read_write:frame_read_write_m0|frame_fifo_read:frame_fifo_read_m0|rd_burst_len[6],                                ;
;                                                                                                                       ;                           ; frame_read_write:frame_read_write_m0|frame_fifo_read:frame_fifo_read_m0|rd_burst_len[5],                                ;
;                                                                                                                       ;                           ; frame_read_write:frame_read_write_m0|frame_fifo_read:frame_fifo_read_m0|rd_burst_len[4],                                ;
;                                                                                                                       ;                           ; frame_read_write:frame_read_write_m0|frame_fifo_read:frame_fifo_read_m0|rd_burst_len[3],                                ;
;                                                                                                                       ;                           ; frame_read_write:frame_read_write_m0|frame_fifo_read:frame_fifo_read_m0|rd_burst_len[2],                                ;
;                                                                                                                       ;                           ; frame_read_write:frame_read_write_m0|frame_fifo_read:frame_fifo_read_m0|rd_burst_len[1],                                ;
;                                                                                                                       ;                           ; frame_read_write:frame_read_write_m0|frame_fifo_read:frame_fifo_read_m0|rd_burst_len[0]                                 ;
; frame_read_write:frame_read_write_m1|frame_fifo_read:frame_fifo_read_m0|read_cnt[6]                                   ; Stuck at GND              ; frame_read_write:frame_read_write_m1|frame_fifo_read:frame_fifo_read_m0|rd_burst_len[8],                                ;
;                                                                                                                       ; due to stuck port data_in ; frame_read_write:frame_read_write_m1|frame_fifo_read:frame_fifo_read_m0|rd_burst_len[6],                                ;
;                                                                                                                       ;                           ; frame_read_write:frame_read_write_m1|frame_fifo_read:frame_fifo_read_m0|rd_burst_len[5],                                ;
;                                                                                                                       ;                           ; frame_read_write:frame_read_write_m1|frame_fifo_read:frame_fifo_read_m0|rd_burst_len[4],                                ;
;                                                                                                                       ;                           ; frame_read_write:frame_read_write_m1|frame_fifo_read:frame_fifo_read_m0|rd_burst_len[3],                                ;
;                                                                                                                       ;                           ; frame_read_write:frame_read_write_m1|frame_fifo_read:frame_fifo_read_m0|rd_burst_len[2],                                ;
;                                                                                                                       ;                           ; frame_read_write:frame_read_write_m1|frame_fifo_read:frame_fifo_read_m0|rd_burst_len[1],                                ;
;                                                                                                                       ;                           ; frame_read_write:frame_read_write_m1|frame_fifo_read:frame_fifo_read_m0|rd_burst_len[0]                                 ;
; frame_read_write:frame_read_write_m0|frame_fifo_read:frame_fifo_read_m0|read_addr_index_d0[1]                         ; Stuck at GND              ; frame_read_write:frame_read_write_m0|frame_fifo_read:frame_fifo_read_m0|read_addr_index_d1[1],                          ;
;                                                                                                                       ; due to stuck port data_in ; frame_read_write:frame_read_write_m0|frame_fifo_read:frame_fifo_read_m0|rd_burst_addr[6],                               ;
;                                                                                                                       ;                           ; frame_read_write:frame_read_write_m0|frame_fifo_read:frame_fifo_read_m0|rd_burst_addr[5],                               ;
;                                                                                                                       ;                           ; frame_read_write:frame_read_write_m0|frame_fifo_read:frame_fifo_read_m0|rd_burst_addr[4],                               ;
;                                                                                                                       ;                           ; frame_read_write:frame_read_write_m0|frame_fifo_read:frame_fifo_read_m0|rd_burst_addr[3],                               ;
;                                                                                                                       ;                           ; frame_read_write:frame_read_write_m0|frame_fifo_read:frame_fifo_read_m0|rd_burst_addr[2],                               ;
;                                                                                                                       ;                           ; frame_read_write:frame_read_write_m0|frame_fifo_read:frame_fifo_read_m0|rd_burst_addr[1],                               ;
;                                                                                                                       ;                           ; frame_read_write:frame_read_write_m0|frame_fifo_read:frame_fifo_read_m0|rd_burst_addr[0]                                ;
; frame_read_write:frame_read_write_m0|frame_fifo_write:frame_fifo_write_m0|write_addr_index_d0[1]                      ; Stuck at GND              ; frame_read_write:frame_read_write_m0|frame_fifo_write:frame_fifo_write_m0|write_addr_index_d1[1],                       ;
;                                                                                                                       ; due to stuck port data_in ; frame_read_write:frame_read_write_m0|frame_fifo_write:frame_fifo_write_m0|wr_burst_addr[6],                             ;
;                                                                                                                       ;                           ; frame_read_write:frame_read_write_m0|frame_fifo_write:frame_fifo_write_m0|wr_burst_addr[5],                             ;
;                                                                                                                       ;                           ; frame_read_write:frame_read_write_m0|frame_fifo_write:frame_fifo_write_m0|wr_burst_addr[4],                             ;
;                                                                                                                       ;                           ; frame_read_write:frame_read_write_m0|frame_fifo_write:frame_fifo_write_m0|wr_burst_addr[3],                             ;
;                                                                                                                       ;                           ; frame_read_write:frame_read_write_m0|frame_fifo_write:frame_fifo_write_m0|wr_burst_addr[2],                             ;
;                                                                                                                       ;                           ; frame_read_write:frame_read_write_m0|frame_fifo_write:frame_fifo_write_m0|wr_burst_addr[1],                             ;
;                                                                                                                       ;                           ; frame_read_write:frame_read_write_m0|frame_fifo_write:frame_fifo_write_m0|wr_burst_addr[0]                              ;
; frame_read_write:frame_read_write_m0|frame_fifo_write:frame_fifo_write_m0|write_cnt[6]                                ; Stuck at GND              ; frame_read_write:frame_read_write_m0|frame_fifo_write:frame_fifo_write_m0|wr_burst_len[0],                              ;
;                                                                                                                       ; due to stuck port data_in ; frame_read_write:frame_read_write_m0|frame_fifo_write:frame_fifo_write_m0|wr_burst_len[8],                              ;
;                                                                                                                       ;                           ; frame_read_write:frame_read_write_m0|frame_fifo_write:frame_fifo_write_m0|wr_burst_len[6],                              ;
;                                                                                                                       ;                           ; frame_read_write:frame_read_write_m0|frame_fifo_write:frame_fifo_write_m0|wr_burst_len[5],                              ;
;                                                                                                                       ;                           ; frame_read_write:frame_read_write_m0|frame_fifo_write:frame_fifo_write_m0|wr_burst_len[4],                              ;
;                                                                                                                       ;                           ; frame_read_write:frame_read_write_m0|frame_fifo_write:frame_fifo_write_m0|wr_burst_len[3],                              ;
;                                                                                                                       ;                           ; frame_read_write:frame_read_write_m0|frame_fifo_write:frame_fifo_write_m0|wr_burst_len[2],                              ;
;                                                                                                                       ;                           ; frame_read_write:frame_read_write_m0|frame_fifo_write:frame_fifo_write_m0|wr_burst_len[1]                               ;
; flash_write_read:flash_write_read_m0|flash_reader:flash_reader_m0|quad_read_addr[7]                                   ; Stuck at GND              ; flash_write_read:flash_write_read_m0|flash_cmd:flash_cmd_m0|READ_data_in_r[7],                                          ;
;                                                                                                                       ; due to stuck port data_in ; flash_write_read:flash_write_read_m0|flash_reader:flash_reader_m0|wait_cnt[15],                                         ;
;                                                                                                                       ;                           ; flash_write_read:flash_write_read_m0|flash_reader:flash_reader_m0|wait_cnt[14],                                         ;
;                                                                                                                       ;                           ; flash_write_read:flash_write_read_m0|flash_reader:flash_reader_m0|wait_cnt[13],                                         ;
;                                                                                                                       ;                           ; flash_write_read:flash_write_read_m0|flash_reader:flash_reader_m0|wait_cnt[12]                                          ;
; flash_write_read:flash_write_read_m0|flash_reader:flash_reader_m0|quad_read_addr[15]                                  ; Stuck at GND              ; flash_write_read:flash_write_read_m0|flash_reader:flash_reader_m0|wait_cnt[31],                                         ;
;                                                                                                                       ; due to stuck port data_in ; flash_write_read:flash_write_read_m0|flash_reader:flash_reader_m0|wait_cnt[30],                                         ;
;                                                                                                                       ;                           ; flash_write_read:flash_write_read_m0|flash_reader:flash_reader_m0|wait_cnt[29]                                          ;
; sd_card_bmp:sd_card_bmp_m0|sd_card_top:sd_card_top_m0|sd_card_sec_read_write:sd_card_sec_read_write_m0|state.S_CMD24  ; Stuck at GND              ; sd_card_bmp:sd_card_bmp_m0|sd_card_top:sd_card_top_m0|sd_card_sec_read_write:sd_card_sec_read_write_m0|state.S_WRITE,   ;
;                                                                                                                       ; due to stuck port data_in ; sd_card_bmp:sd_card_bmp_m0|sd_card_top:sd_card_top_m0|sd_card_sec_read_write:sd_card_sec_read_write_m0|block_write_req, ;
;                                                                                                                       ;                           ; sd_card_bmp:sd_card_bmp_m0|sd_card_top:sd_card_top_m0|sd_card_cmd:sd_card_cmd_m0|state.S_WRITE_TOKEN                    ;
; flash_write_read:flash_write_read_m0|flash_reader:flash_reader_m0|state.DELAY                                         ; Stuck at GND              ; flash_write_read:flash_write_read_m0|flash_reader:flash_reader_m0|wait_cnt[27],                                         ;
;                                                                                                                       ; due to stuck port data_in ; flash_write_read:flash_write_read_m0|flash_reader:flash_reader_m0|wait_cnt[26],                                         ;
;                                                                                                                       ;                           ; flash_write_read:flash_write_read_m0|flash_reader:flash_reader_m0|wait_cnt[25]                                          ;
; frame_read_write:frame_read_write_m1|frame_fifo_read:frame_fifo_read_m0|read_len_d0[16]                               ; Stuck at GND              ; frame_read_write:frame_read_write_m1|frame_fifo_read:frame_fifo_read_m0|read_len_d1[16],                                ;
;                                                                                                                       ; due to stuck port data_in ; frame_read_write:frame_read_write_m1|frame_fifo_read:frame_fifo_read_m0|read_len_latch[16]                              ;
; frame_read_write:frame_read_write_m1|frame_fifo_read:frame_fifo_read_m0|read_len_d0[14]                               ; Stuck at GND              ; frame_read_write:frame_read_write_m1|frame_fifo_read:frame_fifo_read_m0|read_len_d1[14],                                ;
;                                                                                                                       ; due to stuck port data_in ; frame_read_write:frame_read_write_m1|frame_fifo_read:frame_fifo_read_m0|read_len_latch[14]                              ;
; frame_read_write:frame_read_write_m1|frame_fifo_read:frame_fifo_read_m0|read_len_d0[11]                               ; Stuck at GND              ; frame_read_write:frame_read_write_m1|frame_fifo_read:frame_fifo_read_m0|read_len_d1[11],                                ;
;                                                                                                                       ; due to stuck port data_in ; frame_read_write:frame_read_write_m1|frame_fifo_read:frame_fifo_read_m0|read_len_latch[11]                              ;
; frame_read_write:frame_read_write_m1|frame_fifo_read:frame_fifo_read_m0|read_len_d0[10]                               ; Stuck at GND              ; frame_read_write:frame_read_write_m1|frame_fifo_read:frame_fifo_read_m0|read_len_d1[10],                                ;
;                                                                                                                       ; due to stuck port data_in ; frame_read_write:frame_read_write_m1|frame_fifo_read:frame_fifo_read_m0|read_len_latch[10]                              ;
; frame_read_write:frame_read_write_m1|frame_fifo_read:frame_fifo_read_m0|read_len_d0[9]                                ; Stuck at GND              ; frame_read_write:frame_read_write_m1|frame_fifo_read:frame_fifo_read_m0|read_len_d1[9],                                 ;
;                                                                                                                       ; due to stuck port data_in ; frame_read_write:frame_read_write_m1|frame_fifo_read:frame_fifo_read_m0|read_len_latch[9]                               ;
; frame_read_write:frame_read_write_m1|frame_fifo_read:frame_fifo_read_m0|read_len_d0[8]                                ; Stuck at GND              ; frame_read_write:frame_read_write_m1|frame_fifo_read:frame_fifo_read_m0|read_len_d1[8],                                 ;
;                                                                                                                       ; due to stuck port data_in ; frame_read_write:frame_read_write_m1|frame_fifo_read:frame_fifo_read_m0|read_len_latch[8]                               ;
; frame_read_write:frame_read_write_m1|frame_fifo_read:frame_fifo_read_m0|read_len_d0[7]                                ; Stuck at GND              ; frame_read_write:frame_read_write_m1|frame_fifo_read:frame_fifo_read_m0|read_len_d1[7],                                 ;
;                                                                                                                       ; due to stuck port data_in ; frame_read_write:frame_read_write_m1|frame_fifo_read:frame_fifo_read_m0|read_len_latch[7]                               ;
; frame_read_write:frame_read_write_m1|frame_fifo_read:frame_fifo_read_m0|read_len_d0[6]                                ; Stuck at GND              ; frame_read_write:frame_read_write_m1|frame_fifo_read:frame_fifo_read_m0|read_len_d1[6],                                 ;
;                                                                                                                       ; due to stuck port data_in ; frame_read_write:frame_read_write_m1|frame_fifo_read:frame_fifo_read_m0|read_len_latch[6]                               ;
; frame_read_write:frame_read_write_m1|frame_fifo_read:frame_fifo_read_m0|read_len_d0[5]                                ; Stuck at GND              ; frame_read_write:frame_read_write_m1|frame_fifo_read:frame_fifo_read_m0|read_len_d1[5],                                 ;
;                                                                                                                       ; due to stuck port data_in ; frame_read_write:frame_read_write_m1|frame_fifo_read:frame_fifo_read_m0|read_len_latch[5]                               ;
; frame_read_write:frame_read_write_m1|frame_fifo_read:frame_fifo_read_m0|read_len_d0[4]                                ; Stuck at GND              ; frame_read_write:frame_read_write_m1|frame_fifo_read:frame_fifo_read_m0|read_len_d1[4],                                 ;
;                                                                                                                       ; due to stuck port data_in ; frame_read_write:frame_read_write_m1|frame_fifo_read:frame_fifo_read_m0|read_len_latch[4]                               ;
; frame_read_write:frame_read_write_m1|frame_fifo_read:frame_fifo_read_m0|read_len_d0[3]                                ; Stuck at GND              ; frame_read_write:frame_read_write_m1|frame_fifo_read:frame_fifo_read_m0|read_len_d1[3],                                 ;
;                                                                                                                       ; due to stuck port data_in ; frame_read_write:frame_read_write_m1|frame_fifo_read:frame_fifo_read_m0|read_len_latch[3]                               ;
; frame_read_write:frame_read_write_m1|frame_fifo_read:frame_fifo_read_m0|read_len_d0[2]                                ; Stuck at GND              ; frame_read_write:frame_read_write_m1|frame_fifo_read:frame_fifo_read_m0|read_len_d1[2],                                 ;
;                                                                                                                       ; due to stuck port data_in ; frame_read_write:frame_read_write_m1|frame_fifo_read:frame_fifo_read_m0|read_len_latch[2]                               ;
; frame_read_write:frame_read_write_m1|frame_fifo_read:frame_fifo_read_m0|read_len_d0[1]                                ; Stuck at GND              ; frame_read_write:frame_read_write_m1|frame_fifo_read:frame_fifo_read_m0|read_len_d1[1],                                 ;
;                                                                                                                       ; due to stuck port data_in ; frame_read_write:frame_read_write_m1|frame_fifo_read:frame_fifo_read_m0|read_len_latch[1]                               ;
; frame_read_write:frame_read_write_m1|frame_fifo_read:frame_fifo_read_m0|read_len_d0[0]                                ; Stuck at GND              ; frame_read_write:frame_read_write_m1|frame_fifo_read:frame_fifo_read_m0|read_len_d1[0],                                 ;
;                                                                                                                       ; due to stuck port data_in ; frame_read_write:frame_read_write_m1|frame_fifo_read:frame_fifo_read_m0|read_len_latch[0]                               ;
; frame_read_write:frame_read_write_m1|frame_fifo_write:frame_fifo_write_m0|write_len_d0[23]                            ; Stuck at GND              ; frame_read_write:frame_read_write_m1|frame_fifo_write:frame_fifo_write_m0|write_len_d1[23],                             ;
;                                                                                                                       ; due to stuck port data_in ; frame_read_write:frame_read_write_m1|frame_fifo_write:frame_fifo_write_m0|write_len_latch[23]                           ;
; frame_read_write:frame_read_write_m1|frame_fifo_write:frame_fifo_write_m0|write_len_d0[22]                            ; Stuck at GND              ; frame_read_write:frame_read_write_m1|frame_fifo_write:frame_fifo_write_m0|write_len_d1[22],                             ;
;                                                                                                                       ; due to stuck port data_in ; frame_read_write:frame_read_write_m1|frame_fifo_write:frame_fifo_write_m0|write_len_latch[22]                           ;
; frame_read_write:frame_read_write_m1|frame_fifo_write:frame_fifo_write_m0|write_len_d0[21]                            ; Stuck at GND              ; frame_read_write:frame_read_write_m1|frame_fifo_write:frame_fifo_write_m0|write_len_d1[21],                             ;
;                                                                                                                       ; due to stuck port data_in ; frame_read_write:frame_read_write_m1|frame_fifo_write:frame_fifo_write_m0|write_len_latch[21]                           ;
; frame_read_write:frame_read_write_m1|frame_fifo_write:frame_fifo_write_m0|write_len_d0[20]                            ; Stuck at GND              ; frame_read_write:frame_read_write_m1|frame_fifo_write:frame_fifo_write_m0|write_len_d1[20],                             ;
;                                                                                                                       ; due to stuck port data_in ; frame_read_write:frame_read_write_m1|frame_fifo_write:frame_fifo_write_m0|write_len_latch[20]                           ;
; frame_read_write:frame_read_write_m1|frame_fifo_write:frame_fifo_write_m0|write_len_d0[19]                            ; Stuck at GND              ; frame_read_write:frame_read_write_m1|frame_fifo_write:frame_fifo_write_m0|write_len_d1[19],                             ;
;                                                                                                                       ; due to stuck port data_in ; frame_read_write:frame_read_write_m1|frame_fifo_write:frame_fifo_write_m0|write_len_latch[19]                           ;
; frame_read_write:frame_read_write_m1|frame_fifo_write:frame_fifo_write_m0|write_len_d0[17]                            ; Stuck at GND              ; frame_read_write:frame_read_write_m1|frame_fifo_write:frame_fifo_write_m0|write_len_d1[17],                             ;
;                                                                                                                       ; due to stuck port data_in ; frame_read_write:frame_read_write_m1|frame_fifo_write:frame_fifo_write_m0|write_len_latch[17]                           ;
; frame_read_write:frame_read_write_m1|frame_fifo_write:frame_fifo_write_m0|write_len_d0[16]                            ; Stuck at GND              ; frame_read_write:frame_read_write_m1|frame_fifo_write:frame_fifo_write_m0|write_len_d1[16],                             ;
;                                                                                                                       ; due to stuck port data_in ; frame_read_write:frame_read_write_m1|frame_fifo_write:frame_fifo_write_m0|write_len_latch[16]                           ;
; frame_read_write:frame_read_write_m1|frame_fifo_write:frame_fifo_write_m0|write_len_d0[14]                            ; Stuck at GND              ; frame_read_write:frame_read_write_m1|frame_fifo_write:frame_fifo_write_m0|write_len_d1[14],                             ;
;                                                                                                                       ; due to stuck port data_in ; frame_read_write:frame_read_write_m1|frame_fifo_write:frame_fifo_write_m0|write_len_latch[14]                           ;
; frame_read_write:frame_read_write_m1|frame_fifo_write:frame_fifo_write_m0|write_len_d0[11]                            ; Stuck at GND              ; frame_read_write:frame_read_write_m1|frame_fifo_write:frame_fifo_write_m0|write_len_d1[11],                             ;
;                                                                                                                       ; due to stuck port data_in ; frame_read_write:frame_read_write_m1|frame_fifo_write:frame_fifo_write_m0|write_len_latch[11]                           ;
; frame_read_write:frame_read_write_m1|frame_fifo_write:frame_fifo_write_m0|write_len_d0[10]                            ; Stuck at GND              ; frame_read_write:frame_read_write_m1|frame_fifo_write:frame_fifo_write_m0|write_len_d1[10],                             ;
;                                                                                                                       ; due to stuck port data_in ; frame_read_write:frame_read_write_m1|frame_fifo_write:frame_fifo_write_m0|write_len_latch[10]                           ;
; frame_read_write:frame_read_write_m1|frame_fifo_write:frame_fifo_write_m0|write_len_d0[9]                             ; Stuck at GND              ; frame_read_write:frame_read_write_m1|frame_fifo_write:frame_fifo_write_m0|write_len_d1[9],                              ;
;                                                                                                                       ; due to stuck port data_in ; frame_read_write:frame_read_write_m1|frame_fifo_write:frame_fifo_write_m0|write_len_latch[9]                            ;
; frame_read_write:frame_read_write_m1|frame_fifo_write:frame_fifo_write_m0|write_len_d0[8]                             ; Stuck at GND              ; frame_read_write:frame_read_write_m1|frame_fifo_write:frame_fifo_write_m0|write_len_d1[8],                              ;
;                                                                                                                       ; due to stuck port data_in ; frame_read_write:frame_read_write_m1|frame_fifo_write:frame_fifo_write_m0|write_len_latch[8]                            ;
; frame_read_write:frame_read_write_m1|frame_fifo_write:frame_fifo_write_m0|write_len_d0[7]                             ; Stuck at GND              ; frame_read_write:frame_read_write_m1|frame_fifo_write:frame_fifo_write_m0|write_len_d1[7],                              ;
;                                                                                                                       ; due to stuck port data_in ; frame_read_write:frame_read_write_m1|frame_fifo_write:frame_fifo_write_m0|write_len_latch[7]                            ;
; frame_read_write:frame_read_write_m1|frame_fifo_write:frame_fifo_write_m0|write_len_d0[6]                             ; Stuck at GND              ; frame_read_write:frame_read_write_m1|frame_fifo_write:frame_fifo_write_m0|write_len_d1[6],                              ;
;                                                                                                                       ; due to stuck port data_in ; frame_read_write:frame_read_write_m1|frame_fifo_write:frame_fifo_write_m0|write_len_latch[6]                            ;
; frame_read_write:frame_read_write_m1|frame_fifo_write:frame_fifo_write_m0|write_len_d0[5]                             ; Stuck at GND              ; frame_read_write:frame_read_write_m1|frame_fifo_write:frame_fifo_write_m0|write_len_d1[5],                              ;
;                                                                                                                       ; due to stuck port data_in ; frame_read_write:frame_read_write_m1|frame_fifo_write:frame_fifo_write_m0|write_len_latch[5]                            ;
; frame_read_write:frame_read_write_m1|frame_fifo_write:frame_fifo_write_m0|write_len_d0[4]                             ; Stuck at GND              ; frame_read_write:frame_read_write_m1|frame_fifo_write:frame_fifo_write_m0|write_len_d1[4],                              ;
;                                                                                                                       ; due to stuck port data_in ; frame_read_write:frame_read_write_m1|frame_fifo_write:frame_fifo_write_m0|write_len_latch[4]                            ;
; frame_read_write:frame_read_write_m1|frame_fifo_write:frame_fifo_write_m0|write_len_d0[3]                             ; Stuck at GND              ; frame_read_write:frame_read_write_m1|frame_fifo_write:frame_fifo_write_m0|write_len_d1[3],                              ;
;                                                                                                                       ; due to stuck port data_in ; frame_read_write:frame_read_write_m1|frame_fifo_write:frame_fifo_write_m0|write_len_latch[3]                            ;
; frame_read_write:frame_read_write_m1|frame_fifo_write:frame_fifo_write_m0|write_len_d0[2]                             ; Stuck at GND              ; frame_read_write:frame_read_write_m1|frame_fifo_write:frame_fifo_write_m0|write_len_d1[2],                              ;
;                                                                                                                       ; due to stuck port data_in ; frame_read_write:frame_read_write_m1|frame_fifo_write:frame_fifo_write_m0|write_len_latch[2]                            ;
; frame_read_write:frame_read_write_m1|frame_fifo_write:frame_fifo_write_m0|write_len_d0[1]                             ; Stuck at GND              ; frame_read_write:frame_read_write_m1|frame_fifo_write:frame_fifo_write_m0|write_len_d1[1],                              ;
;                                                                                                                       ; due to stuck port data_in ; frame_read_write:frame_read_write_m1|frame_fifo_write:frame_fifo_write_m0|write_len_latch[1]                            ;
; frame_read_write:frame_read_write_m1|frame_fifo_write:frame_fifo_write_m0|write_len_d0[0]                             ; Stuck at GND              ; frame_read_write:frame_read_write_m1|frame_fifo_write:frame_fifo_write_m0|write_len_d1[0],                              ;
;                                                                                                                       ; due to stuck port data_in ; frame_read_write:frame_read_write_m1|frame_fifo_write:frame_fifo_write_m0|write_len_latch[0]                            ;
; frame_read_write:frame_read_write_m0|frame_fifo_read:frame_fifo_read_m0|read_len_d0[23]                               ; Stuck at GND              ; frame_read_write:frame_read_write_m0|frame_fifo_read:frame_fifo_read_m0|read_len_d1[23],                                ;
;                                                                                                                       ; due to stuck port data_in ; frame_read_write:frame_read_write_m0|frame_fifo_read:frame_fifo_read_m0|read_len_latch[23]                              ;
; frame_read_write:frame_read_write_m0|frame_fifo_read:frame_fifo_read_m0|read_len_d0[22]                               ; Stuck at GND              ; frame_read_write:frame_read_write_m0|frame_fifo_read:frame_fifo_read_m0|read_len_d1[22],                                ;
;                                                                                                                       ; due to stuck port data_in ; frame_read_write:frame_read_write_m0|frame_fifo_read:frame_fifo_read_m0|read_len_latch[22]                              ;
; frame_read_write:frame_read_write_m0|frame_fifo_read:frame_fifo_read_m0|read_len_d0[21]                               ; Stuck at GND              ; frame_read_write:frame_read_write_m0|frame_fifo_read:frame_fifo_read_m0|read_len_d1[21],                                ;
;                                                                                                                       ; due to stuck port data_in ; frame_read_write:frame_read_write_m0|frame_fifo_read:frame_fifo_read_m0|read_len_latch[21]                              ;
; frame_read_write:frame_read_write_m0|frame_fifo_read:frame_fifo_read_m0|read_len_d0[20]                               ; Stuck at GND              ; frame_read_write:frame_read_write_m0|frame_fifo_read:frame_fifo_read_m0|read_len_d1[20],                                ;
;                                                                                                                       ; due to stuck port data_in ; frame_read_write:frame_read_write_m0|frame_fifo_read:frame_fifo_read_m0|read_len_latch[20]                              ;
; frame_read_write:frame_read_write_m0|frame_fifo_read:frame_fifo_read_m0|read_len_d0[19]                               ; Stuck at GND              ; frame_read_write:frame_read_write_m0|frame_fifo_read:frame_fifo_read_m0|read_len_d1[19],                                ;
;                                                                                                                       ; due to stuck port data_in ; frame_read_write:frame_read_write_m0|frame_fifo_read:frame_fifo_read_m0|read_len_latch[19]                              ;
; frame_read_write:frame_read_write_m0|frame_fifo_read:frame_fifo_read_m0|read_len_d0[17]                               ; Stuck at GND              ; frame_read_write:frame_read_write_m0|frame_fifo_read:frame_fifo_read_m0|read_len_d1[17],                                ;
;                                                                                                                       ; due to stuck port data_in ; frame_read_write:frame_read_write_m0|frame_fifo_read:frame_fifo_read_m0|read_len_latch[17]                              ;
; frame_read_write:frame_read_write_m0|frame_fifo_read:frame_fifo_read_m0|read_len_d0[16]                               ; Stuck at GND              ; frame_read_write:frame_read_write_m0|frame_fifo_read:frame_fifo_read_m0|read_len_d1[16],                                ;
;                                                                                                                       ; due to stuck port data_in ; frame_read_write:frame_read_write_m0|frame_fifo_read:frame_fifo_read_m0|read_len_latch[16]                              ;
; frame_read_write:frame_read_write_m0|frame_fifo_read:frame_fifo_read_m0|read_len_d0[14]                               ; Stuck at GND              ; frame_read_write:frame_read_write_m0|frame_fifo_read:frame_fifo_read_m0|read_len_d1[14],                                ;
;                                                                                                                       ; due to stuck port data_in ; frame_read_write:frame_read_write_m0|frame_fifo_read:frame_fifo_read_m0|read_len_latch[14]                              ;
; frame_read_write:frame_read_write_m0|frame_fifo_read:frame_fifo_read_m0|read_len_d0[11]                               ; Stuck at GND              ; frame_read_write:frame_read_write_m0|frame_fifo_read:frame_fifo_read_m0|read_len_d1[11],                                ;
;                                                                                                                       ; due to stuck port data_in ; frame_read_write:frame_read_write_m0|frame_fifo_read:frame_fifo_read_m0|read_len_latch[11]                              ;
; frame_read_write:frame_read_write_m0|frame_fifo_read:frame_fifo_read_m0|read_len_d0[10]                               ; Stuck at GND              ; frame_read_write:frame_read_write_m0|frame_fifo_read:frame_fifo_read_m0|read_len_d1[10],                                ;
;                                                                                                                       ; due to stuck port data_in ; frame_read_write:frame_read_write_m0|frame_fifo_read:frame_fifo_read_m0|read_len_latch[10]                              ;
; frame_read_write:frame_read_write_m0|frame_fifo_read:frame_fifo_read_m0|read_len_d0[9]                                ; Stuck at GND              ; frame_read_write:frame_read_write_m0|frame_fifo_read:frame_fifo_read_m0|read_len_d1[9],                                 ;
;                                                                                                                       ; due to stuck port data_in ; frame_read_write:frame_read_write_m0|frame_fifo_read:frame_fifo_read_m0|read_len_latch[9]                               ;
; frame_read_write:frame_read_write_m0|frame_fifo_read:frame_fifo_read_m0|read_len_d0[8]                                ; Stuck at GND              ; frame_read_write:frame_read_write_m0|frame_fifo_read:frame_fifo_read_m0|read_len_d1[8],                                 ;
;                                                                                                                       ; due to stuck port data_in ; frame_read_write:frame_read_write_m0|frame_fifo_read:frame_fifo_read_m0|read_len_latch[8]                               ;
; frame_read_write:frame_read_write_m0|frame_fifo_read:frame_fifo_read_m0|read_len_d0[7]                                ; Stuck at GND              ; frame_read_write:frame_read_write_m0|frame_fifo_read:frame_fifo_read_m0|read_len_d1[7],                                 ;
;                                                                                                                       ; due to stuck port data_in ; frame_read_write:frame_read_write_m0|frame_fifo_read:frame_fifo_read_m0|read_len_latch[7]                               ;
; frame_read_write:frame_read_write_m0|frame_fifo_read:frame_fifo_read_m0|read_len_d0[6]                                ; Stuck at GND              ; frame_read_write:frame_read_write_m0|frame_fifo_read:frame_fifo_read_m0|read_len_d1[6],                                 ;
;                                                                                                                       ; due to stuck port data_in ; frame_read_write:frame_read_write_m0|frame_fifo_read:frame_fifo_read_m0|read_len_latch[6]                               ;
; frame_read_write:frame_read_write_m0|frame_fifo_read:frame_fifo_read_m0|read_len_d0[5]                                ; Stuck at GND              ; frame_read_write:frame_read_write_m0|frame_fifo_read:frame_fifo_read_m0|read_len_d1[5],                                 ;
;                                                                                                                       ; due to stuck port data_in ; frame_read_write:frame_read_write_m0|frame_fifo_read:frame_fifo_read_m0|read_len_latch[5]                               ;
; frame_read_write:frame_read_write_m0|frame_fifo_read:frame_fifo_read_m0|read_len_d0[4]                                ; Stuck at GND              ; frame_read_write:frame_read_write_m0|frame_fifo_read:frame_fifo_read_m0|read_len_d1[4],                                 ;
;                                                                                                                       ; due to stuck port data_in ; frame_read_write:frame_read_write_m0|frame_fifo_read:frame_fifo_read_m0|read_len_latch[4]                               ;
; frame_read_write:frame_read_write_m0|frame_fifo_read:frame_fifo_read_m0|read_len_d0[3]                                ; Stuck at GND              ; frame_read_write:frame_read_write_m0|frame_fifo_read:frame_fifo_read_m0|read_len_d1[3],                                 ;
;                                                                                                                       ; due to stuck port data_in ; frame_read_write:frame_read_write_m0|frame_fifo_read:frame_fifo_read_m0|read_len_latch[3]                               ;
; frame_read_write:frame_read_write_m0|frame_fifo_read:frame_fifo_read_m0|read_len_d0[2]                                ; Stuck at GND              ; frame_read_write:frame_read_write_m0|frame_fifo_read:frame_fifo_read_m0|read_len_d1[2],                                 ;
;                                                                                                                       ; due to stuck port data_in ; frame_read_write:frame_read_write_m0|frame_fifo_read:frame_fifo_read_m0|read_len_latch[2]                               ;
; frame_read_write:frame_read_write_m0|frame_fifo_read:frame_fifo_read_m0|read_len_d0[1]                                ; Stuck at GND              ; frame_read_write:frame_read_write_m0|frame_fifo_read:frame_fifo_read_m0|read_len_d1[1],                                 ;
;                                                                                                                       ; due to stuck port data_in ; frame_read_write:frame_read_write_m0|frame_fifo_read:frame_fifo_read_m0|read_len_latch[1]                               ;
; frame_read_write:frame_read_write_m0|frame_fifo_read:frame_fifo_read_m0|read_len_d0[0]                                ; Stuck at GND              ; frame_read_write:frame_read_write_m0|frame_fifo_read:frame_fifo_read_m0|read_len_d1[0],                                 ;
;                                                                                                                       ; due to stuck port data_in ; frame_read_write:frame_read_write_m0|frame_fifo_read:frame_fifo_read_m0|read_len_latch[0]                               ;
; frame_read_write:frame_read_write_m0|frame_fifo_write:frame_fifo_write_m0|write_len_d0[23]                            ; Stuck at GND              ; frame_read_write:frame_read_write_m0|frame_fifo_write:frame_fifo_write_m0|write_len_d1[23],                             ;
;                                                                                                                       ; due to stuck port data_in ; frame_read_write:frame_read_write_m0|frame_fifo_write:frame_fifo_write_m0|write_len_latch[23]                           ;
; frame_read_write:frame_read_write_m0|frame_fifo_write:frame_fifo_write_m0|write_len_d0[22]                            ; Stuck at GND              ; frame_read_write:frame_read_write_m0|frame_fifo_write:frame_fifo_write_m0|write_len_d1[22],                             ;
;                                                                                                                       ; due to stuck port data_in ; frame_read_write:frame_read_write_m0|frame_fifo_write:frame_fifo_write_m0|write_len_latch[22]                           ;
; frame_read_write:frame_read_write_m0|frame_fifo_write:frame_fifo_write_m0|write_len_d0[21]                            ; Stuck at GND              ; frame_read_write:frame_read_write_m0|frame_fifo_write:frame_fifo_write_m0|write_len_d1[21],                             ;
;                                                                                                                       ; due to stuck port data_in ; frame_read_write:frame_read_write_m0|frame_fifo_write:frame_fifo_write_m0|write_len_latch[21]                           ;
; frame_read_write:frame_read_write_m0|frame_fifo_write:frame_fifo_write_m0|write_len_d0[20]                            ; Stuck at GND              ; frame_read_write:frame_read_write_m0|frame_fifo_write:frame_fifo_write_m0|write_len_d1[20],                             ;
;                                                                                                                       ; due to stuck port data_in ; frame_read_write:frame_read_write_m0|frame_fifo_write:frame_fifo_write_m0|write_len_latch[20]                           ;
; frame_read_write:frame_read_write_m0|frame_fifo_write:frame_fifo_write_m0|write_len_d0[19]                            ; Stuck at GND              ; frame_read_write:frame_read_write_m0|frame_fifo_write:frame_fifo_write_m0|write_len_d1[19],                             ;
;                                                                                                                       ; due to stuck port data_in ; frame_read_write:frame_read_write_m0|frame_fifo_write:frame_fifo_write_m0|write_len_latch[19]                           ;
; frame_read_write:frame_read_write_m0|frame_fifo_write:frame_fifo_write_m0|write_len_d0[17]                            ; Stuck at GND              ; frame_read_write:frame_read_write_m0|frame_fifo_write:frame_fifo_write_m0|write_len_d1[17],                             ;
;                                                                                                                       ; due to stuck port data_in ; frame_read_write:frame_read_write_m0|frame_fifo_write:frame_fifo_write_m0|write_len_latch[17]                           ;
; frame_read_write:frame_read_write_m0|frame_fifo_write:frame_fifo_write_m0|write_len_d0[16]                            ; Stuck at GND              ; frame_read_write:frame_read_write_m0|frame_fifo_write:frame_fifo_write_m0|write_len_d1[16],                             ;
;                                                                                                                       ; due to stuck port data_in ; frame_read_write:frame_read_write_m0|frame_fifo_write:frame_fifo_write_m0|write_len_latch[16]                           ;
; frame_read_write:frame_read_write_m0|frame_fifo_write:frame_fifo_write_m0|write_len_d0[14]                            ; Stuck at GND              ; frame_read_write:frame_read_write_m0|frame_fifo_write:frame_fifo_write_m0|write_len_d1[14],                             ;
;                                                                                                                       ; due to stuck port data_in ; frame_read_write:frame_read_write_m0|frame_fifo_write:frame_fifo_write_m0|write_len_latch[14]                           ;
; frame_read_write:frame_read_write_m0|frame_fifo_write:frame_fifo_write_m0|write_len_d0[11]                            ; Stuck at GND              ; frame_read_write:frame_read_write_m0|frame_fifo_write:frame_fifo_write_m0|write_len_d1[11],                             ;
;                                                                                                                       ; due to stuck port data_in ; frame_read_write:frame_read_write_m0|frame_fifo_write:frame_fifo_write_m0|write_len_latch[11]                           ;
; frame_read_write:frame_read_write_m0|frame_fifo_write:frame_fifo_write_m0|write_len_d0[10]                            ; Stuck at GND              ; frame_read_write:frame_read_write_m0|frame_fifo_write:frame_fifo_write_m0|write_len_d1[10],                             ;
;                                                                                                                       ; due to stuck port data_in ; frame_read_write:frame_read_write_m0|frame_fifo_write:frame_fifo_write_m0|write_len_latch[10]                           ;
; frame_read_write:frame_read_write_m0|frame_fifo_write:frame_fifo_write_m0|write_len_d0[9]                             ; Stuck at GND              ; frame_read_write:frame_read_write_m0|frame_fifo_write:frame_fifo_write_m0|write_len_d1[9],                              ;
;                                                                                                                       ; due to stuck port data_in ; frame_read_write:frame_read_write_m0|frame_fifo_write:frame_fifo_write_m0|write_len_latch[9]                            ;
; frame_read_write:frame_read_write_m0|frame_fifo_write:frame_fifo_write_m0|write_len_d0[8]                             ; Stuck at GND              ; frame_read_write:frame_read_write_m0|frame_fifo_write:frame_fifo_write_m0|write_len_d1[8],                              ;
;                                                                                                                       ; due to stuck port data_in ; frame_read_write:frame_read_write_m0|frame_fifo_write:frame_fifo_write_m0|write_len_latch[8]                            ;
; frame_read_write:frame_read_write_m0|frame_fifo_write:frame_fifo_write_m0|write_len_d0[7]                             ; Stuck at GND              ; frame_read_write:frame_read_write_m0|frame_fifo_write:frame_fifo_write_m0|write_len_d1[7],                              ;
;                                                                                                                       ; due to stuck port data_in ; frame_read_write:frame_read_write_m0|frame_fifo_write:frame_fifo_write_m0|write_len_latch[7]                            ;
; frame_read_write:frame_read_write_m0|frame_fifo_write:frame_fifo_write_m0|write_len_d0[6]                             ; Stuck at GND              ; frame_read_write:frame_read_write_m0|frame_fifo_write:frame_fifo_write_m0|write_len_d1[6],                              ;
;                                                                                                                       ; due to stuck port data_in ; frame_read_write:frame_read_write_m0|frame_fifo_write:frame_fifo_write_m0|write_len_latch[6]                            ;
; frame_read_write:frame_read_write_m0|frame_fifo_write:frame_fifo_write_m0|write_len_d0[5]                             ; Stuck at GND              ; frame_read_write:frame_read_write_m0|frame_fifo_write:frame_fifo_write_m0|write_len_d1[5],                              ;
;                                                                                                                       ; due to stuck port data_in ; frame_read_write:frame_read_write_m0|frame_fifo_write:frame_fifo_write_m0|write_len_latch[5]                            ;
; frame_read_write:frame_read_write_m0|frame_fifo_write:frame_fifo_write_m0|write_len_d0[4]                             ; Stuck at GND              ; frame_read_write:frame_read_write_m0|frame_fifo_write:frame_fifo_write_m0|write_len_d1[4],                              ;
;                                                                                                                       ; due to stuck port data_in ; frame_read_write:frame_read_write_m0|frame_fifo_write:frame_fifo_write_m0|write_len_latch[4]                            ;
; frame_read_write:frame_read_write_m0|frame_fifo_write:frame_fifo_write_m0|write_len_d0[3]                             ; Stuck at GND              ; frame_read_write:frame_read_write_m0|frame_fifo_write:frame_fifo_write_m0|write_len_d1[3],                              ;
;                                                                                                                       ; due to stuck port data_in ; frame_read_write:frame_read_write_m0|frame_fifo_write:frame_fifo_write_m0|write_len_latch[3]                            ;
; frame_read_write:frame_read_write_m0|frame_fifo_write:frame_fifo_write_m0|write_len_d0[2]                             ; Stuck at GND              ; frame_read_write:frame_read_write_m0|frame_fifo_write:frame_fifo_write_m0|write_len_d1[2],                              ;
;                                                                                                                       ; due to stuck port data_in ; frame_read_write:frame_read_write_m0|frame_fifo_write:frame_fifo_write_m0|write_len_latch[2]                            ;
; frame_read_write:frame_read_write_m0|frame_fifo_write:frame_fifo_write_m0|write_len_d0[1]                             ; Stuck at GND              ; frame_read_write:frame_read_write_m0|frame_fifo_write:frame_fifo_write_m0|write_len_d1[1],                              ;
;                                                                                                                       ; due to stuck port data_in ; frame_read_write:frame_read_write_m0|frame_fifo_write:frame_fifo_write_m0|write_len_latch[1]                            ;
; frame_read_write:frame_read_write_m0|frame_fifo_write:frame_fifo_write_m0|write_len_d0[0]                             ; Stuck at GND              ; frame_read_write:frame_read_write_m0|frame_fifo_write:frame_fifo_write_m0|write_len_d1[0],                              ;
;                                                                                                                       ; due to stuck port data_in ; frame_read_write:frame_read_write_m0|frame_fifo_write:frame_fifo_write_m0|write_len_latch[0]                            ;
; frame_read_write:frame_read_write_m1|frame_fifo_read:frame_fifo_read_m0|read_len_d0[23]                               ; Stuck at GND              ; frame_read_write:frame_read_write_m1|frame_fifo_read:frame_fifo_read_m0|read_len_d1[23],                                ;
;                                                                                                                       ; due to stuck port data_in ; frame_read_write:frame_read_write_m1|frame_fifo_read:frame_fifo_read_m0|read_len_latch[23]                              ;
; frame_read_write:frame_read_write_m1|frame_fifo_read:frame_fifo_read_m0|read_len_d0[22]                               ; Stuck at GND              ; frame_read_write:frame_read_write_m1|frame_fifo_read:frame_fifo_read_m0|read_len_d1[22],                                ;
;                                                                                                                       ; due to stuck port data_in ; frame_read_write:frame_read_write_m1|frame_fifo_read:frame_fifo_read_m0|read_len_latch[22]                              ;
; frame_read_write:frame_read_write_m1|frame_fifo_read:frame_fifo_read_m0|read_len_d0[21]                               ; Stuck at GND              ; frame_read_write:frame_read_write_m1|frame_fifo_read:frame_fifo_read_m0|read_len_d1[21],                                ;
;                                                                                                                       ; due to stuck port data_in ; frame_read_write:frame_read_write_m1|frame_fifo_read:frame_fifo_read_m0|read_len_latch[21]                              ;
; frame_read_write:frame_read_write_m1|frame_fifo_read:frame_fifo_read_m0|read_len_d0[20]                               ; Stuck at GND              ; frame_read_write:frame_read_write_m1|frame_fifo_read:frame_fifo_read_m0|read_len_d1[20],                                ;
;                                                                                                                       ; due to stuck port data_in ; frame_read_write:frame_read_write_m1|frame_fifo_read:frame_fifo_read_m0|read_len_latch[20]                              ;
; frame_read_write:frame_read_write_m1|frame_fifo_read:frame_fifo_read_m0|read_len_d0[19]                               ; Stuck at GND              ; frame_read_write:frame_read_write_m1|frame_fifo_read:frame_fifo_read_m0|read_len_d1[19],                                ;
;                                                                                                                       ; due to stuck port data_in ; frame_read_write:frame_read_write_m1|frame_fifo_read:frame_fifo_read_m0|read_len_latch[19]                              ;
; frame_read_write:frame_read_write_m1|frame_fifo_read:frame_fifo_read_m0|read_len_d0[17]                               ; Stuck at GND              ; frame_read_write:frame_read_write_m1|frame_fifo_read:frame_fifo_read_m0|read_len_d1[17],                                ;
;                                                                                                                       ; due to stuck port data_in ; frame_read_write:frame_read_write_m1|frame_fifo_read:frame_fifo_read_m0|read_len_latch[17]                              ;
; frame_read_write:frame_read_write_m0|frame_fifo_read:frame_fifo_read_m0|read_addr_index_d0[0]                         ; Stuck at GND              ; frame_read_write:frame_read_write_m0|frame_fifo_read:frame_fifo_read_m0|read_addr_index_d1[0]                           ;
;                                                                                                                       ; due to stuck port data_in ;                                                                                                                         ;
; flash_write_read:flash_write_read_m0|flash_reader:flash_reader_m0|quad_read_addr[4]                                   ; Stuck at GND              ; flash_write_read:flash_write_read_m0|flash_cmd:flash_cmd_m0|READ_data_in_r[4]                                           ;
;                                                                                                                       ; due to stuck port data_in ;                                                                                                                         ;
; flash_write_read:flash_write_read_m0|flash_reader:flash_reader_m0|quad_read_addr[2]                                   ; Stuck at GND              ; flash_write_read:flash_write_read_m0|flash_cmd:flash_cmd_m0|READ_data_in_r[2]                                           ;
;                                                                                                                       ; due to stuck port data_in ;                                                                                                                         ;
; frame_read_write:frame_read_write_m1|frame_fifo_read:frame_fifo_read_m0|read_addr_index_d0[0]                         ; Stuck at GND              ; frame_read_write:frame_read_write_m1|frame_fifo_read:frame_fifo_read_m0|read_addr_index_d1[0]                           ;
;                                                                                                                       ; due to stuck port data_in ;                                                                                                                         ;
; flash_write_read:flash_write_read_m0|flash_reader:flash_reader_m0|state~4                                             ; Lost Fanouts              ; flash_write_read:flash_write_read_m0|flash_reader:flash_reader_m0|state.END                                             ;
; flash_write_read:flash_write_read_m0|flash_reader:flash_reader_m0|state~5                                             ; Lost Fanouts              ; flash_write_read:flash_write_read_m0|flash_reader:flash_reader_m0|wait_cnt[28]                                          ;
; frame_read_write:frame_read_write_m0|frame_fifo_write:frame_fifo_write_m0|write_addr_index_d0[0]                      ; Stuck at GND              ; frame_read_write:frame_read_write_m0|frame_fifo_write:frame_fifo_write_m0|write_addr_index_d1[0]                        ;
;                                                                                                                       ; due to stuck port data_in ;                                                                                                                         ;
; frame_read_write:frame_read_write_m1|frame_fifo_write:frame_fifo_write_m0|write_addr_index_d0[0]                      ; Stuck at GND              ; frame_read_write:frame_read_write_m1|frame_fifo_write:frame_fifo_write_m0|write_addr_index_d1[0]                        ;
;                                                                                                                       ; due to stuck port data_in ;                                                                                                                         ;
; sd_card_bmp:sd_card_bmp_m0|sd_card_top:sd_card_top_m0|sd_card_sec_read_write:sd_card_sec_read_write_m0|spi_clk_div[0] ; Stuck at GND              ; sd_card_bmp:sd_card_bmp_m0|sd_card_top:sd_card_top_m0|sd_card_cmd:sd_card_cmd_m0|clk_div[0]                             ;
;                                                                                                                       ; due to stuck port data_in ;                                                                                                                         ;
+-----------------------------------------------------------------------------------------------------------------------+---------------------------+-------------------------------------------------------------------------------------------------------------------------+


+--------------------------------------------------------------------------------------------------------------------------------------------------------------------------------------------------------+
; Physical Synthesis Netlist Optimizations                                                                                                                                                               ;
+---------------------------------------------------------------------------------------------------------------------------------------------------------------+------------------+---------------------+
; Node                                                                                                                                                          ; Action           ; Reason              ;
+---------------------------------------------------------------------------------------------------------------------------------------------------------------+------------------+---------------------+
; flash_write_read:flash_write_read_m0|flash_cmd:flash_cmd_m0|Add0~1                                                                                            ; Modified         ; Timing optimization ;
; flash_write_read:flash_write_read_m0|flash_cmd:flash_cmd_m0|byte_cnt[0]~3                                                                                     ; Modified         ; Timing optimization ;
; frame_read_write:frame_read_write_m0|afifo_16_256:read_buf|dcfifo:dcfifo_component|dcfifo_spl1:auto_generated|a_graycounter_ijc:wrptr_g1p|counter8a7          ; Deleted          ; Timing optimization ;
; frame_read_write:frame_read_write_m0|afifo_16_256:read_buf|dcfifo:dcfifo_component|dcfifo_spl1:auto_generated|a_graycounter_ijc:wrptr_g1p|counter8a7_OTERM33  ; Retimed Register ; Timing optimization ;
; frame_read_write:frame_read_write_m0|afifo_16_256:read_buf|dcfifo:dcfifo_component|dcfifo_spl1:auto_generated|a_graycounter_ijc:wrptr_g1p|counter8a7_OTERM35  ; Retimed Register ; Timing optimization ;
; frame_read_write:frame_read_write_m0|afifo_16_256:read_buf|dcfifo:dcfifo_component|dcfifo_spl1:auto_generated|a_graycounter_ijc:wrptr_g1p|counter8a7_OTERM37  ; Retimed Register ; Timing optimization ;
; frame_read_write:frame_read_write_m0|afifo_16_256:read_buf|dcfifo:dcfifo_component|dcfifo_spl1:auto_generated|a_graycounter_ijc:wrptr_g1p|counter8a7_OTERM39  ; Retimed Register ; Timing optimization ;
; frame_read_write:frame_read_write_m0|afifo_16_256:read_buf|dcfifo:dcfifo_component|dcfifo_spl1:auto_generated|a_graycounter_ijc:wrptr_g1p|counter8a8          ; Deleted          ; Timing optimization ;
; frame_read_write:frame_read_write_m0|afifo_16_256:read_buf|dcfifo:dcfifo_component|dcfifo_spl1:auto_generated|a_graycounter_ijc:wrptr_g1p|counter8a8_OTERM41  ; Retimed Register ; Timing optimization ;
; frame_read_write:frame_read_write_m0|afifo_16_256:write_buf|dcfifo:dcfifo_component|dcfifo_spl1:auto_generated|a_graycounter_m57:rdptr_g1p|counter5a6         ; Deleted          ; Timing optimization ;
; frame_read_write:frame_read_write_m0|afifo_16_256:write_buf|dcfifo:dcfifo_component|dcfifo_spl1:auto_generated|a_graycounter_m57:rdptr_g1p|counter5a6_OTERM1  ; Retimed Register ; Timing optimization ;
; frame_read_write:frame_read_write_m0|afifo_16_256:write_buf|dcfifo:dcfifo_component|dcfifo_spl1:auto_generated|a_graycounter_m57:rdptr_g1p|counter5a6_OTERM3  ; Retimed Register ; Timing optimization ;
; frame_read_write:frame_read_write_m0|afifo_16_256:write_buf|dcfifo:dcfifo_component|dcfifo_spl1:auto_generated|a_graycounter_m57:rdptr_g1p|counter5a6_OTERM5  ; Retimed Register ; Timing optimization ;
; frame_read_write:frame_read_write_m0|afifo_16_256:write_buf|dcfifo:dcfifo_component|dcfifo_spl1:auto_generated|a_graycounter_m57:rdptr_g1p|counter5a7         ; Deleted          ; Timing optimization ;
; frame_read_write:frame_read_write_m0|afifo_16_256:write_buf|dcfifo:dcfifo_component|dcfifo_spl1:auto_generated|a_graycounter_m57:rdptr_g1p|counter5a7_OTERM45 ; Retimed Register ; Timing optimization ;
; frame_read_write:frame_read_write_m0|afifo_16_256:write_buf|dcfifo:dcfifo_component|dcfifo_spl1:auto_generated|a_graycounter_m57:rdptr_g1p|counter5a8         ; Deleted          ; Timing optimization ;
; frame_read_write:frame_read_write_m0|afifo_16_256:write_buf|dcfifo:dcfifo_component|dcfifo_spl1:auto_generated|a_graycounter_m57:rdptr_g1p|counter5a8_OTERM43 ; Retimed Register ; Timing optimization ;
; frame_read_write:frame_read_write_m1|afifo_16_256:read_buf|dcfifo:dcfifo_component|dcfifo_spl1:auto_generated|a_graycounter_ijc:wrptr_g1p|counter8a7          ; Deleted          ; Timing optimization ;
; frame_read_write:frame_read_write_m1|afifo_16_256:read_buf|dcfifo:dcfifo_component|dcfifo_spl1:auto_generated|a_graycounter_ijc:wrptr_g1p|counter8a7_OTERM31  ; Retimed Register ; Timing optimization ;
; frame_read_write:frame_read_write_m1|afifo_16_256:read_buf|dcfifo:dcfifo_component|dcfifo_spl1:auto_generated|a_graycounter_ijc:wrptr_g1p|counter8a8          ; Deleted          ; Timing optimization ;
; frame_read_write:frame_read_write_m1|afifo_16_256:read_buf|dcfifo:dcfifo_component|dcfifo_spl1:auto_generated|a_graycounter_ijc:wrptr_g1p|counter8a8_OTERM23  ; Retimed Register ; Timing optimization ;
; frame_read_write:frame_read_write_m1|afifo_16_256:read_buf|dcfifo:dcfifo_component|dcfifo_spl1:auto_generated|a_graycounter_ijc:wrptr_g1p|counter8a8_OTERM25  ; Retimed Register ; Timing optimization ;
; frame_read_write:frame_read_write_m1|afifo_16_256:read_buf|dcfifo:dcfifo_component|dcfifo_spl1:auto_generated|a_graycounter_ijc:wrptr_g1p|counter8a8_OTERM27  ; Retimed Register ; Timing optimization ;
; frame_read_write:frame_read_write_m1|afifo_16_256:read_buf|dcfifo:dcfifo_component|dcfifo_spl1:auto_generated|a_graycounter_ijc:wrptr_g1p|counter8a8_OTERM29  ; Retimed Register ; Timing optimization ;
; sd_card_bmp:sd_card_bmp_m0|ax_debounce:ax_debounce_m0|Add0~1                                                                                                  ; Modified         ; Timing optimization ;
; sd_card_bmp:sd_card_bmp_m0|ax_debounce:ax_debounce_m0|Selector31~0                                                                                            ; Modified         ; Timing optimization ;
; sd_card_bmp:sd_card_bmp_m0|bmp_read:bmp_read_m0|Add0~1                                                                                                        ; Modified         ; Timing optimization ;
; sd_card_bmp:sd_card_bmp_m0|bmp_read:bmp_read_m0|Add0~2                                                                                                        ; Modified         ; Timing optimization ;
; sd_card_bmp:sd_card_bmp_m0|bmp_read:bmp_read_m0|Add4~1                                                                                                        ; Modified         ; Timing optimization ;
; sd_card_bmp:sd_card_bmp_m0|bmp_read:bmp_read_m0|bmp_len_cnt[0]_NEW54_RTM056                                                                                   ; Modified         ; Timing optimization ;
; sd_card_bmp:sd_card_bmp_m0|bmp_read:bmp_read_m0|bmp_len_cnt[0]_OTERM55                                                                                        ; Retimed Register ; Timing optimization ;
; sd_card_bmp:sd_card_bmp_m0|bmp_read:bmp_read_m0|bmp_len_cnt[0]~67                                                                                             ; Modified         ; Timing optimization ;
; sd_card_bmp:sd_card_bmp_m0|bmp_read:bmp_read_m0|file_len[0]_OTERM58                                                                                           ; Retimed Register ; Timing optimization ;
; sd_card_bmp:sd_card_bmp_m0|bmp_read:bmp_read_m0|sd_sec_read_addr[0]~60                                                                                        ; Modified         ; Timing optimization ;
; sd_card_bmp:sd_card_bmp_m0|bmp_read:bmp_read_m0|sd_sec_read~0                                                                                                 ; Modified         ; Timing optimization ;
; sd_card_bmp:sd_card_bmp_m0|bmp_read:bmp_read_m0|sd_sec_read~1                                                                                                 ; Deleted          ; Timing optimization ;
; sd_card_bmp:sd_card_bmp_m0|sd_card_top:sd_card_top_m0|sd_card_cmd:sd_card_cmd_m0|Add0~0                                                                       ; Modified         ; Timing optimization ;
; sd_card_bmp:sd_card_bmp_m0|sd_card_top:sd_card_top_m0|sd_card_cmd:sd_card_cmd_m0|Add0~1                                                                       ; Modified         ; Timing optimization ;
; sd_card_bmp:sd_card_bmp_m0|sd_card_top:sd_card_top_m0|sd_card_cmd:sd_card_cmd_m0|Selector34~2                                                                 ; Modified         ; Timing optimization ;
; sd_card_bmp:sd_card_bmp_m0|sd_card_top:sd_card_top_m0|sd_card_cmd:sd_card_cmd_m0|Selector34~5                                                                 ; Modified         ; Timing optimization ;
; sd_card_bmp:sd_card_bmp_m0|sd_card_top:sd_card_top_m0|sd_card_cmd:sd_card_cmd_m0|Selector34~7                                                                 ; Modified         ; Timing optimization ;
; sd_card_bmp:sd_card_bmp_m0|sd_card_top:sd_card_top_m0|sd_card_cmd:sd_card_cmd_m0|Selector38~0                                                                 ; Deleted          ; Timing optimization ;
; sd_card_bmp:sd_card_bmp_m0|sd_card_top:sd_card_top_m0|sd_card_cmd:sd_card_cmd_m0|Selector38~0_RTM014                                                          ; Modified         ; Timing optimization ;
; sd_card_bmp:sd_card_bmp_m0|sd_card_top:sd_card_top_m0|sd_card_cmd:sd_card_cmd_m0|Selector38~0_RTM014                                                          ; Retimed Register ; Timing optimization ;
; sd_card_bmp:sd_card_bmp_m0|sd_card_top:sd_card_top_m0|sd_card_cmd:sd_card_cmd_m0|Selector38~4                                                                 ; Modified         ; Timing optimization ;
; sd_card_bmp:sd_card_bmp_m0|sd_card_top:sd_card_top_m0|sd_card_cmd:sd_card_cmd_m0|Selector38~4_RTM015                                                          ; Modified         ; Timing optimization ;
; sd_card_bmp:sd_card_bmp_m0|sd_card_top:sd_card_top_m0|sd_card_cmd:sd_card_cmd_m0|Selector43~7                                                                 ; Deleted          ; Timing optimization ;
; sd_card_bmp:sd_card_bmp_m0|sd_card_top:sd_card_top_m0|sd_card_cmd:sd_card_cmd_m0|Selector43~7_RTM052                                                          ; Modified         ; Timing optimization ;
; sd_card_bmp:sd_card_bmp_m0|sd_card_top:sd_card_top_m0|sd_card_cmd:sd_card_cmd_m0|Selector43~7_RTM052                                                          ; Retimed Register ; Timing optimization ;
; sd_card_bmp:sd_card_bmp_m0|sd_card_top:sd_card_top_m0|sd_card_cmd:sd_card_cmd_m0|Selector43~10                                                                ; Modified         ; Timing optimization ;
; sd_card_bmp:sd_card_bmp_m0|sd_card_top:sd_card_top_m0|sd_card_cmd:sd_card_cmd_m0|Selector43~10_RTM053                                                         ; Modified         ; Timing optimization ;
; sd_card_bmp:sd_card_bmp_m0|sd_card_top:sd_card_top_m0|sd_card_cmd:sd_card_cmd_m0|send_data[0]                                                                 ; Deleted          ; Timing optimization ;
; sd_card_bmp:sd_card_bmp_m0|sd_card_top:sd_card_top_m0|sd_card_cmd:sd_card_cmd_m0|send_data[0]_OTERM47                                                         ; Retimed Register ; Timing optimization ;
; sd_card_bmp:sd_card_bmp_m0|sd_card_top:sd_card_top_m0|sd_card_cmd:sd_card_cmd_m0|send_data[0]_OTERM49                                                         ; Retimed Register ; Timing optimization ;
; sd_card_bmp:sd_card_bmp_m0|sd_card_top:sd_card_top_m0|sd_card_cmd:sd_card_cmd_m0|send_data[0]_OTERM51                                                         ; Retimed Register ; Timing optimization ;
; sd_card_bmp:sd_card_bmp_m0|sd_card_top:sd_card_top_m0|sd_card_cmd:sd_card_cmd_m0|send_data[2]                                                                 ; Deleted          ; Timing optimization ;
; sd_card_bmp:sd_card_bmp_m0|sd_card_top:sd_card_top_m0|sd_card_cmd:sd_card_cmd_m0|send_data[2]_OTERM17                                                         ; Retimed Register ; Timing optimization ;
; sd_card_bmp:sd_card_bmp_m0|sd_card_top:sd_card_top_m0|sd_card_cmd:sd_card_cmd_m0|send_data[2]_OTERM19                                                         ; Retimed Register ; Timing optimization ;
; sd_card_bmp:sd_card_bmp_m0|sd_card_top:sd_card_top_m0|sd_card_cmd:sd_card_cmd_m0|send_data[2]_OTERM21                                                         ; Retimed Register ; Timing optimization ;
; sd_card_bmp:sd_card_bmp_m0|sd_card_top:sd_card_top_m0|sd_card_cmd:sd_card_cmd_m0|send_data[5]                                                                 ; Deleted          ; Timing optimization ;
; sd_card_bmp:sd_card_bmp_m0|sd_card_top:sd_card_top_m0|sd_card_cmd:sd_card_cmd_m0|send_data[5]_OTERM7                                                          ; Retimed Register ; Timing optimization ;
; sd_card_bmp:sd_card_bmp_m0|sd_card_top:sd_card_top_m0|sd_card_cmd:sd_card_cmd_m0|send_data[5]_OTERM9                                                          ; Retimed Register ; Timing optimization ;
; sd_card_bmp:sd_card_bmp_m0|sd_card_top:sd_card_top_m0|sd_card_cmd:sd_card_cmd_m0|send_data[5]_OTERM11                                                         ; Retimed Register ; Timing optimization ;
; sd_card_bmp:sd_card_bmp_m0|sd_card_top:sd_card_top_m0|sd_card_cmd:sd_card_cmd_m0|send_data[5]_OTERM13                                                         ; Retimed Register ; Timing optimization ;
; sys_state_ctrl:sys_state_ctrl_m0|ax_debounce:ax_debounce_m1|Add0~1                                                                                            ; Modified         ; Timing optimization ;
; sys_state_ctrl:sys_state_ctrl_m0|ax_debounce:ax_debounce_m1|Selector31~0                                                                                      ; Modified         ; Timing optimization ;
; sys_state_ctrl:sys_state_ctrl_m0|ax_debounce:ax_debounce_m2|Add0~1                                                                                            ; Modified         ; Timing optimization ;
; sys_state_ctrl:sys_state_ctrl_m0|ax_debounce:ax_debounce_m2|Selector31~0                                                                                      ; Modified         ; Timing optimization ;
; video_timing_data:video_timing_data_m0|color_bar:color_bar_m0|Add2~1                                                                                          ; Modified         ; Timing optimization ;
; video_timing_data:video_timing_data_m0|color_bar:color_bar_m0|v_cnt~2                                                                                         ; Modified         ; Timing optimization ;
+---------------------------------------------------------------------------------------------------------------------------------------------------------------+------------------+---------------------+


+-------------------------------------------------------------------------------------------------------------------------------------------------------------------------------------------------------------------------------------------+
; Multiplexer Restructuring Statistics (Restructuring Performed)                                                                                                                                                                            ;
+--------------------+-----------+---------------+----------------------+------------------------+------------+-----------------------------------------------------------------------------------------------------------------------------+
; Multiplexer Inputs ; Bus Width ; Baseline Area ; Area if Restructured ; Saving if Restructured ; Registered ; Example Multiplexer Output                                                                                                  ;
+--------------------+-----------+---------------+----------------------+------------------------+------------+-----------------------------------------------------------------------------------------------------------------------------+
; 3:1                ; 16 bits   ; 32 LEs        ; 16 LEs               ; 16 LEs                 ; Yes        ; |top|flash_write_read:flash_write_read_m0|flash_writer:flash_writer_m0|quad_write_addr[9]                                   ;
; 3:1                ; 5 bits    ; 10 LEs        ; 5 LEs                ; 5 LEs                  ; Yes        ; |top|sd_card_bmp:sd_card_bmp_m0|sd_card_top:sd_card_top_m0|spi_master:spi_master_m0|clk_edge_cnt[4]                         ;
; 3:1                ; 32 bits   ; 64 LEs        ; 32 LEs               ; 32 LEs                 ; Yes        ; |top|sd_card_bmp:sd_card_bmp_m0|bmp_read:bmp_read_m0|bmp_len_cnt[11]                                                        ;
; 3:1                ; 16 bits   ; 32 LEs        ; 16 LEs               ; 16 LEs                 ; Yes        ; |top|flash_write_read:flash_write_read_m0|Qspi_master:Qspi_master_m0|clk_cnt[10]                                            ;
; 3:1                ; 8 bits    ; 16 LEs        ; 8 LEs                ; 8 LEs                  ; Yes        ; |top|sd_card_bmp:sd_card_bmp_m0|sd_card_top:sd_card_top_m0|spi_master:spi_master_m0|MOSI_shift[3]                           ;
; 3:1                ; 33 bits   ; 66 LEs        ; 33 LEs               ; 33 LEs                 ; Yes        ; |top|flash_write_read:flash_write_read_m0|flash_writer:flash_writer_m0|len_cnt[29]                                          ;
; 3:1                ; 49 bits   ; 98 LEs        ; 49 LEs               ; 49 LEs                 ; Yes        ; |top|flash_write_read:flash_write_read_m0|flash_reader:flash_reader_m0|len_cnt[14]                                          ;
; 3:1                ; 16 bits   ; 32 LEs        ; 16 LEs               ; 16 LEs                 ; Yes        ; |top|flash_write_read:flash_write_read_m0|flash_reader:flash_reader_m0|quad_read_addr[13]                                   ;
; 3:1                ; 8 bits    ; 16 LEs        ; 8 LEs                ; 8 LEs                  ; Yes        ; |top|sd_card_bmp:sd_card_bmp_m0|sd_card_top:sd_card_top_m0|spi_master:spi_master_m0|MISO_shift[4]                           ;
; 4:1                ; 5 bits    ; 10 LEs        ; 10 LEs               ; 0 LEs                  ; Yes        ; |top|flash_write_read:flash_write_read_m0|Qspi_master:Qspi_master_m0|clk_edge_cnt[1]                                        ;
; 4:1                ; 10 bits   ; 20 LEs        ; 10 LEs               ; 10 LEs                 ; Yes        ; |top|sd_card_bmp:sd_card_bmp_m0|bmp_read:bmp_read_m0|rd_cnt[6]                                                              ;
; 4:1                ; 8 bits    ; 16 LEs        ; 16 LEs               ; 0 LEs                  ; Yes        ; |top|flash_write_read:flash_write_read_m0|Qspi_master:Qspi_master_m0|rd_reg[6]                                              ;
; 4:1                ; 2 bits    ; 4 LEs         ; 4 LEs                ; 0 LEs                  ; Yes        ; |top|flash_write_read:flash_write_read_m0|Qspi_master:Qspi_master_m0|quad_ack_r                                             ;
; 4:1                ; 5 bits    ; 10 LEs        ; 10 LEs               ; 0 LEs                  ; Yes        ; |top|flash_write_read:flash_write_read_m0|Qspi_master:Qspi_master_m0|quad_cnt[2]                                            ;
; 4:1                ; 2 bits    ; 4 LEs         ; 2 LEs                ; 2 LEs                  ; Yes        ; |top|sd_card_bmp:sd_card_bmp_m0|bmp_read:bmp_read_m0|bmp_len_cnt_tmp[0]                                                     ;
; 5:1                ; 8 bits    ; 24 LEs        ; 16 LEs               ; 8 LEs                  ; Yes        ; |top|flash_write_read:flash_write_read_m0|flash_cmd:flash_cmd_m0|flash_step:flash_step_m0|data_in[7]                        ;
; 5:1                ; 23 bits   ; 69 LEs        ; 23 LEs               ; 46 LEs                 ; Yes        ; |top|sd_card_bmp:sd_card_bmp_m0|bmp_read:bmp_read_m0|sd_sec_read_addr[28]                                                   ;
; 5:1                ; 17 bits   ; 51 LEs        ; 17 LEs               ; 34 LEs                 ; Yes        ; |top|frame_read_write:frame_read_write_m1|frame_fifo_read:frame_fifo_read_m0|rd_burst_addr[12]                              ;
; 5:1                ; 17 bits   ; 51 LEs        ; 17 LEs               ; 34 LEs                 ; Yes        ; |top|frame_read_write:frame_read_write_m1|frame_fifo_write:frame_fifo_write_m0|wr_burst_addr[22]                            ;
; 5:1                ; 17 bits   ; 51 LEs        ; 17 LEs               ; 34 LEs                 ; Yes        ; |top|frame_read_write:frame_read_write_m0|frame_fifo_read:frame_fifo_read_m0|rd_burst_addr[14]                              ;
; 5:1                ; 17 bits   ; 51 LEs        ; 17 LEs               ; 34 LEs                 ; Yes        ; |top|frame_read_write:frame_read_write_m0|frame_fifo_write:frame_fifo_write_m0|wr_burst_addr[22]                            ;
; 7:1                ; 4 bits    ; 16 LEs        ; 8 LEs                ; 8 LEs                  ; Yes        ; |top|flash_write_read:flash_write_read_m0|Qspi_master:Qspi_master_m0|wr_reg[1]                                              ;
; 6:1                ; 5 bits    ; 20 LEs        ; 10 LEs               ; 10 LEs                 ; Yes        ; |top|flash_write_read:flash_write_read_m0|flash_cmd:flash_cmd_m0|READ_data_in_r[3]                                          ;
; 5:1                ; 2 bits    ; 6 LEs         ; 0 LEs                ; 6 LEs                  ; Yes        ; |top|sd_card_bmp:sd_card_bmp_m0|sd_card_top:sd_card_top_m0|sd_card_sec_read_write:sd_card_sec_read_write_m0|cmd[47]         ;
; 7:1                ; 2 bits    ; 8 LEs         ; 2 LEs                ; 6 LEs                  ; Yes        ; |top|sd_card_bmp:sd_card_bmp_m0|sd_card_top:sd_card_top_m0|sd_card_sec_read_write:sd_card_sec_read_write_m0|cmd_data_len[2] ;
; 7:1                ; 25 bits   ; 100 LEs       ; 25 LEs               ; 75 LEs                 ; Yes        ; |top|sd_card_bmp:sd_card_bmp_m0|sd_card_top:sd_card_top_m0|sd_card_sec_read_write:sd_card_sec_read_write_m0|cmd[10]         ;
; 9:1                ; 2 bits    ; 12 LEs        ; 4 LEs                ; 8 LEs                  ; Yes        ; |top|sd_card_bmp:sd_card_bmp_m0|sd_card_top:sd_card_top_m0|sd_card_sec_read_write:sd_card_sec_read_write_m0|cmd[38]         ;
; 9:1                ; 5 bits    ; 30 LEs        ; 10 LEs               ; 20 LEs                 ; Yes        ; |top|sd_card_bmp:sd_card_bmp_m0|sd_card_top:sd_card_top_m0|sd_card_sec_read_write:sd_card_sec_read_write_m0|cmd[13]         ;
; 20:1               ; 16 bits   ; 208 LEs       ; 16 LEs               ; 192 LEs                ; Yes        ; |top|sd_card_bmp:sd_card_bmp_m0|sd_card_top:sd_card_top_m0|sd_card_cmd:sd_card_cmd_m0|byte_cnt[0]                           ;
; 3:1                ; 2 bits    ; 4 LEs         ; 4 LEs                ; 0 LEs                  ; Yes        ; |top|flash_write_read:flash_write_read_m0|flash_cmd:flash_cmd_m0|INIT_data_in_r[5]                                          ;
; 4:1                ; 16 bits   ; 32 LEs        ; 32 LEs               ; 0 LEs                  ; Yes        ; |top|flash_write_read:flash_write_read_m0|flash_writer:flash_writer_m0|read_data_r[5]                                       ;
; 5:1                ; 6 bits    ; 18 LEs        ; 6 LEs                ; 12 LEs                 ; Yes        ; |top|sd_card_bmp:sd_card_bmp_m0|bmp_read:bmp_read_m0|sd_sec_read_addr[12]                                                   ;
; 7:1                ; 3 bits    ; 12 LEs        ; 6 LEs                ; 6 LEs                  ; Yes        ; |top|flash_write_read:flash_write_read_m0|Qspi_master:Qspi_master_m0|wr_reg[7]                                              ;
; 7:1                ; 2 bits    ; 8 LEs         ; 8 LEs                ; 0 LEs                  ; Yes        ; |top|flash_write_read:flash_write_read_m0|flash_cmd:flash_cmd_m0|WRITE_data_in_r[5]                                         ;
; 8:1                ; 4 bits    ; 20 LEs        ; 16 LEs               ; 4 LEs                  ; Yes        ; |top|flash_write_read:flash_write_read_m0|flash_cmd:flash_cmd_m0|WRITE_data_in_r[0]                                         ;
; 10:1               ; 3 bits    ; 18 LEs        ; 12 LEs               ; 6 LEs                  ; Yes        ; |top|sdram_core:sdram_core_m0|sdram_addr_r[12]                                                                              ;
; 10:1               ; 2 bits    ; 12 LEs        ; 8 LEs                ; 4 LEs                  ; Yes        ; |top|sdram_core:sdram_core_m0|sdram_ba_r[1]                                                                                 ;
; 10:1               ; 5 bits    ; 30 LEs        ; 20 LEs               ; 10 LEs                 ; Yes        ; |top|sdram_core:sdram_core_m0|sdram_addr_r[0]                                                                               ;
; 11:1               ; 2 bits    ; 14 LEs        ; 8 LEs                ; 6 LEs                  ; Yes        ; |top|sdram_core:sdram_core_m0|sdram_addr_r[3]                                                                               ;
; 14:1               ; 2 bits    ; 18 LEs        ; 12 LEs               ; 6 LEs                  ; Yes        ; |top|sdram_core:sdram_core_m0|sdram_addr_r[7]                                                                               ;
; 14:1               ; 4 bits    ; 36 LEs        ; 20 LEs               ; 16 LEs                 ; Yes        ; |top|sd_card_bmp:sd_card_bmp_m0|sd_card_top:sd_card_top_m0|sd_card_cmd:sd_card_cmd_m0|send_data[5]                          ;
; 15:1               ; 2 bits    ; 20 LEs        ; 10 LEs               ; 10 LEs                 ; Yes        ; |top|sd_card_bmp:sd_card_bmp_m0|sd_card_top:sd_card_top_m0|sd_card_cmd:sd_card_cmd_m0|send_data[1]                          ;
; 3:1                ; 2 bits    ; 4 LEs         ; 2 LEs                ; 2 LEs                  ; No         ; |top|sdram_core:sdram_core_m0|state                                                                                         ;
; 3:1                ; 10 bits   ; 20 LEs        ; 20 LEs               ; 0 LEs                  ; No         ; |top|flash_write_read:flash_write_read_m0|flash_cmd:flash_cmd_m0|byte_cnt                                                   ;
; 10:1               ; 2 bits    ; 12 LEs        ; 8 LEs                ; 4 LEs                  ; No         ; |top|frame_read_write:frame_read_write_m1|frame_fifo_read:frame_fifo_read_m0|Selector4                                      ;
; 10:1               ; 2 bits    ; 12 LEs        ; 8 LEs                ; 4 LEs                  ; No         ; |top|frame_read_write:frame_read_write_m1|frame_fifo_write:frame_fifo_write_m0|Selector4                                    ;
; 10:1               ; 2 bits    ; 12 LEs        ; 8 LEs                ; 4 LEs                  ; No         ; |top|frame_read_write:frame_read_write_m0|frame_fifo_read:frame_fifo_read_m0|Selector4                                      ;
; 10:1               ; 2 bits    ; 12 LEs        ; 8 LEs                ; 4 LEs                  ; No         ; |top|frame_read_write:frame_read_write_m0|frame_fifo_write:frame_fifo_write_m0|Selector3                                    ;
; 10:1               ; 5 bits    ; 30 LEs        ; 20 LEs               ; 10 LEs                 ; No         ; |top|sd_card_bmp:sd_card_bmp_m0|bmp_read:bmp_read_m0|state                                                                  ;
; 12:1               ; 2 bits    ; 16 LEs        ; 8 LEs                ; 8 LEs                  ; No         ; |top|frame_read_write:frame_read_write_m1|frame_fifo_read:frame_fifo_read_m0|Selector2                                      ;
; 12:1               ; 2 bits    ; 16 LEs        ; 8 LEs                ; 8 LEs                  ; No         ; |top|frame_read_write:frame_read_write_m1|frame_fifo_write:frame_fifo_write_m0|Selector5                                    ;
; 12:1               ; 2 bits    ; 16 LEs        ; 8 LEs                ; 8 LEs                  ; No         ; |top|frame_read_write:frame_read_write_m0|frame_fifo_read:frame_fifo_read_m0|Selector5                                      ;
; 12:1               ; 2 bits    ; 16 LEs        ; 8 LEs                ; 8 LEs                  ; No         ; |top|frame_read_write:frame_read_write_m0|frame_fifo_write:frame_fifo_write_m0|Selector5                                    ;
; 8:1                ; 2 bits    ; 10 LEs        ; 8 LEs                ; 2 LEs                  ; No         ; |top|flash_write_read:flash_write_read_m0|flash_cmd:flash_cmd_m0|READ_cnt                                                   ;
; 12:1               ; 5 bits    ; 40 LEs        ; 15 LEs               ; 25 LEs                 ; No         ; |top|sd_card_bmp:sd_card_bmp_m0|sd_card_top:sd_card_top_m0|sd_card_sec_read_write:sd_card_sec_read_write_m0|Selector7       ;
; 26:1               ; 11 bits   ; 187 LEs       ; 88 LEs               ; 99 LEs                 ; No         ; |top|sd_card_bmp:sd_card_bmp_m0|sd_card_top:sd_card_top_m0|sd_card_cmd:sd_card_cmd_m0|Selector16                            ;
; 28:1               ; 2 bits    ; 36 LEs        ; 10 LEs               ; 26 LEs                 ; No         ; |top|sd_card_bmp:sd_card_bmp_m0|sd_card_top:sd_card_top_m0|sd_card_cmd:sd_card_cmd_m0|Selector4                             ;
+--------------------+-----------+---------------+----------------------+------------------------+------------+-----------------------------------------------------------------------------------------------------------------------------+


+------------------------------------------------------------------------------------------------------------+
; Source assignments for frame_read_write:frame_read_write_m0|afifo_16_256:write_buf|dcfifo:dcfifo_component ;
+---------------------------------+-------+------+-----------------------------------------------------------+
; Assignment                      ; Value ; From ; To                                                        ;
+---------------------------------+-------+------+-----------------------------------------------------------+
; AUTO_SHIFT_REGISTER_RECOGNITION ; OFF   ; -    ; -                                                         ;
+---------------------------------+-------+------+-----------------------------------------------------------+


+---------------------------------------------------------------------------------------------------------------------------------------+
; Source assignments for frame_read_write:frame_read_write_m0|afifo_16_256:write_buf|dcfifo:dcfifo_component|dcfifo_spl1:auto_generated ;
+---------------------------------------+-------+------+--------------------------------------------------------------------------------+
; Assignment                            ; Value ; From ; To                                                                             ;
+---------------------------------------+-------+------+--------------------------------------------------------------------------------+
; AUTO_SHIFT_REGISTER_RECOGNITION       ; OFF   ; -    ; -                                                                              ;
; REMOVE_DUPLICATE_REGISTERS            ; OFF   ; -    ; -                                                                              ;
; SYNCHRONIZER_IDENTIFICATION           ; OFF   ; -    ; -                                                                              ;
; SYNCHRONIZATION_REGISTER_CHAIN_LENGTH ; 2     ; -    ; -                                                                              ;
; POWER_UP_LEVEL                        ; LOW   ; -    ; wrptr_g                                                                        ;
+---------------------------------------+-------+------+--------------------------------------------------------------------------------+


+-------------------------------------------------------------------------------------------------------------------------------------------------------------------+
; Source assignments for frame_read_write:frame_read_write_m0|afifo_16_256:write_buf|dcfifo:dcfifo_component|dcfifo_spl1:auto_generated|a_graycounter_m57:rdptr_g1p ;
+----------------+-------+------+-----------------------------------------------------------------------------------------------------------------------------------+
; Assignment     ; Value ; From ; To                                                                                                                                ;
+----------------+-------+------+-----------------------------------------------------------------------------------------------------------------------------------+
; POWER_UP_LEVEL ; HIGH  ; -    ; counter5a0                                                                                                                        ;
; POWER_UP_LEVEL ; HIGH  ; -    ; parity6                                                                                                                           ;
+----------------+-------+------+-----------------------------------------------------------------------------------------------------------------------------------+


+-------------------------------------------------------------------------------------------------------------------------------------------------------------------+
; Source assignments for frame_read_write:frame_read_write_m0|afifo_16_256:write_buf|dcfifo:dcfifo_component|dcfifo_spl1:auto_generated|a_graycounter_ijc:wrptr_g1p ;
+----------------+-------+------+-----------------------------------------------------------------------------------------------------------------------------------+
; Assignment     ; Value ; From ; To                                                                                                                                ;
+----------------+-------+------+-----------------------------------------------------------------------------------------------------------------------------------+
; POWER_UP_LEVEL ; HIGH  ; -    ; counter8a0                                                                                                                        ;
; POWER_UP_LEVEL ; HIGH  ; -    ; parity9                                                                                                                           ;
+----------------+-------+------+-----------------------------------------------------------------------------------------------------------------------------------+


+----------------------------------------------------------------------------------------------------------------------------------------------------------------+
; Source assignments for frame_read_write:frame_read_write_m0|afifo_16_256:write_buf|dcfifo:dcfifo_component|dcfifo_spl1:auto_generated|altsyncram_fv61:fifo_ram ;
+---------------------------------+--------------------+------+--------------------------------------------------------------------------------------------------+
; Assignment                      ; Value              ; From ; To                                                                                               ;
+---------------------------------+--------------------+------+--------------------------------------------------------------------------------------------------+
; OPTIMIZE_POWER_DURING_SYNTHESIS ; NORMAL_COMPILATION ; -    ; -                                                                                                ;
+---------------------------------+--------------------+------+--------------------------------------------------------------------------------------------------+


+----------------------------------------------------------------------------------------------------------------------------------------------------------+
; Source assignments for frame_read_write:frame_read_write_m0|afifo_16_256:write_buf|dcfifo:dcfifo_component|dcfifo_spl1:auto_generated|dffpipe_gd9:rs_brp ;
+---------------------------------+-------+------+---------------------------------------------------------------------------------------------------------+
; Assignment                      ; Value ; From ; To                                                                                                      ;
+---------------------------------+-------+------+---------------------------------------------------------------------------------------------------------+
; AUTO_SHIFT_REGISTER_RECOGNITION ; OFF   ; -    ; -                                                                                                       ;
+---------------------------------+-------+------+---------------------------------------------------------------------------------------------------------+


+----------------------------------------------------------------------------------------------------------------------------------------------------------+
; Source assignments for frame_read_write:frame_read_write_m0|afifo_16_256:write_buf|dcfifo:dcfifo_component|dcfifo_spl1:auto_generated|dffpipe_gd9:rs_bwp ;
+---------------------------------+-------+------+---------------------------------------------------------------------------------------------------------+
; Assignment                      ; Value ; From ; To                                                                                                      ;
+---------------------------------+-------+------+---------------------------------------------------------------------------------------------------------+
; AUTO_SHIFT_REGISTER_RECOGNITION ; OFF   ; -    ; -                                                                                                       ;
+---------------------------------+-------+------+---------------------------------------------------------------------------------------------------------+


+------------------------------------------------------------------------------------------------------------------------------------------------------------------+
; Source assignments for frame_read_write:frame_read_write_m0|afifo_16_256:write_buf|dcfifo:dcfifo_component|dcfifo_spl1:auto_generated|alt_synch_pipe_2ol:rs_dgwp ;
+-----------------------------+------------------------+------+----------------------------------------------------------------------------------------------------+
; Assignment                  ; Value                  ; From ; To                                                                                                 ;
+-----------------------------+------------------------+------+----------------------------------------------------------------------------------------------------+
; X_ON_VIOLATION_OPTION       ; OFF                    ; -    ; -                                                                                                  ;
; SYNCHRONIZER_IDENTIFICATION ; FORCED_IF_ASYNCHRONOUS ; -    ; -                                                                                                  ;
; PRESERVE_REGISTER           ; ON                     ; -    ; -                                                                                                  ;
; DONT_MERGE_REGISTER         ; ON                     ; -    ; -                                                                                                  ;
; ADV_NETLIST_OPT_ALLOWED     ; NEVER_ALLOW            ; -    ; -                                                                                                  ;
+-----------------------------+------------------------+------+----------------------------------------------------------------------------------------------------+


+---------------------------------------------------------------------------------------------------------------------------------------------------------------------------------------+
; Source assignments for frame_read_write:frame_read_write_m0|afifo_16_256:write_buf|dcfifo:dcfifo_component|dcfifo_spl1:auto_generated|alt_synch_pipe_2ol:rs_dgwp|dffpipe_jd9:dffpipe5 ;
+---------------------------------+-------+------+--------------------------------------------------------------------------------------------------------------------------------------+
; Assignment                      ; Value ; From ; To                                                                                                                                   ;
+---------------------------------+-------+------+--------------------------------------------------------------------------------------------------------------------------------------+
; AUTO_SHIFT_REGISTER_RECOGNITION ; OFF   ; -    ; -                                                                                                                                    ;
+---------------------------------+-------+------+--------------------------------------------------------------------------------------------------------------------------------------+


+----------------------------------------------------------------------------------------------------------------------------------------------------------+
; Source assignments for frame_read_write:frame_read_write_m0|afifo_16_256:write_buf|dcfifo:dcfifo_component|dcfifo_spl1:auto_generated|dffpipe_gd9:ws_brp ;
+---------------------------------+-------+------+---------------------------------------------------------------------------------------------------------+
; Assignment                      ; Value ; From ; To                                                                                                      ;
+---------------------------------+-------+------+---------------------------------------------------------------------------------------------------------+
; AUTO_SHIFT_REGISTER_RECOGNITION ; OFF   ; -    ; -                                                                                                       ;
+---------------------------------+-------+------+---------------------------------------------------------------------------------------------------------+


+----------------------------------------------------------------------------------------------------------------------------------------------------------+
; Source assignments for frame_read_write:frame_read_write_m0|afifo_16_256:write_buf|dcfifo:dcfifo_component|dcfifo_spl1:auto_generated|dffpipe_gd9:ws_bwp ;
+---------------------------------+-------+------+---------------------------------------------------------------------------------------------------------+
; Assignment                      ; Value ; From ; To                                                                                                      ;
+---------------------------------+-------+------+---------------------------------------------------------------------------------------------------------+
; AUTO_SHIFT_REGISTER_RECOGNITION ; OFF   ; -    ; -                                                                                                       ;
+---------------------------------+-------+------+---------------------------------------------------------------------------------------------------------+


+------------------------------------------------------------------------------------------------------------------------------------------------------------------+
; Source assignments for frame_read_write:frame_read_write_m0|afifo_16_256:write_buf|dcfifo:dcfifo_component|dcfifo_spl1:auto_generated|alt_synch_pipe_3ol:ws_dgrp ;
+-----------------------------+------------------------+------+----------------------------------------------------------------------------------------------------+
; Assignment                  ; Value                  ; From ; To                                                                                                 ;
+-----------------------------+------------------------+------+----------------------------------------------------------------------------------------------------+
; X_ON_VIOLATION_OPTION       ; OFF                    ; -    ; -                                                                                                  ;
; SYNCHRONIZER_IDENTIFICATION ; FORCED_IF_ASYNCHRONOUS ; -    ; -                                                                                                  ;
; PRESERVE_REGISTER           ; ON                     ; -    ; -                                                                                                  ;
; DONT_MERGE_REGISTER         ; ON                     ; -    ; -                                                                                                  ;
; ADV_NETLIST_OPT_ALLOWED     ; NEVER_ALLOW            ; -    ; -                                                                                                  ;
+-----------------------------+------------------------+------+----------------------------------------------------------------------------------------------------+


+---------------------------------------------------------------------------------------------------------------------------------------------------------------------------------------+
; Source assignments for frame_read_write:frame_read_write_m0|afifo_16_256:write_buf|dcfifo:dcfifo_component|dcfifo_spl1:auto_generated|alt_synch_pipe_3ol:ws_dgrp|dffpipe_kd9:dffpipe8 ;
+---------------------------------+-------+------+--------------------------------------------------------------------------------------------------------------------------------------+
; Assignment                      ; Value ; From ; To                                                                                                                                   ;
+---------------------------------+-------+------+--------------------------------------------------------------------------------------------------------------------------------------+
; AUTO_SHIFT_REGISTER_RECOGNITION ; OFF   ; -    ; -                                                                                                                                    ;
+---------------------------------+-------+------+--------------------------------------------------------------------------------------------------------------------------------------+


+-----------------------------------------------------------------------------------------------------------+
; Source assignments for frame_read_write:frame_read_write_m0|afifo_16_256:read_buf|dcfifo:dcfifo_component ;
+---------------------------------+-------+------+----------------------------------------------------------+
; Assignment                      ; Value ; From ; To                                                       ;
+---------------------------------+-------+------+----------------------------------------------------------+
; AUTO_SHIFT_REGISTER_RECOGNITION ; OFF   ; -    ; -                                                        ;
+---------------------------------+-------+------+----------------------------------------------------------+


+--------------------------------------------------------------------------------------------------------------------------------------+
; Source assignments for frame_read_write:frame_read_write_m0|afifo_16_256:read_buf|dcfifo:dcfifo_component|dcfifo_spl1:auto_generated ;
+---------------------------------------+-------+------+-------------------------------------------------------------------------------+
; Assignment                            ; Value ; From ; To                                                                            ;
+---------------------------------------+-------+------+-------------------------------------------------------------------------------+
; AUTO_SHIFT_REGISTER_RECOGNITION       ; OFF   ; -    ; -                                                                             ;
; REMOVE_DUPLICATE_REGISTERS            ; OFF   ; -    ; -                                                                             ;
; SYNCHRONIZER_IDENTIFICATION           ; OFF   ; -    ; -                                                                             ;
; SYNCHRONIZATION_REGISTER_CHAIN_LENGTH ; 2     ; -    ; -                                                                             ;
; POWER_UP_LEVEL                        ; LOW   ; -    ; wrptr_g                                                                       ;
+---------------------------------------+-------+------+-------------------------------------------------------------------------------+


+------------------------------------------------------------------------------------------------------------------------------------------------------------------+
; Source assignments for frame_read_write:frame_read_write_m0|afifo_16_256:read_buf|dcfifo:dcfifo_component|dcfifo_spl1:auto_generated|a_graycounter_m57:rdptr_g1p ;
+----------------+-------+------+----------------------------------------------------------------------------------------------------------------------------------+
; Assignment     ; Value ; From ; To                                                                                                                               ;
+----------------+-------+------+----------------------------------------------------------------------------------------------------------------------------------+
; POWER_UP_LEVEL ; HIGH  ; -    ; counter5a0                                                                                                                       ;
; POWER_UP_LEVEL ; HIGH  ; -    ; parity6                                                                                                                          ;
+----------------+-------+------+----------------------------------------------------------------------------------------------------------------------------------+


+------------------------------------------------------------------------------------------------------------------------------------------------------------------+
; Source assignments for frame_read_write:frame_read_write_m0|afifo_16_256:read_buf|dcfifo:dcfifo_component|dcfifo_spl1:auto_generated|a_graycounter_ijc:wrptr_g1p ;
+----------------+-------+------+----------------------------------------------------------------------------------------------------------------------------------+
; Assignment     ; Value ; From ; To                                                                                                                               ;
+----------------+-------+------+----------------------------------------------------------------------------------------------------------------------------------+
; POWER_UP_LEVEL ; HIGH  ; -    ; counter8a0                                                                                                                       ;
; POWER_UP_LEVEL ; HIGH  ; -    ; parity9                                                                                                                          ;
+----------------+-------+------+----------------------------------------------------------------------------------------------------------------------------------+


+---------------------------------------------------------------------------------------------------------------------------------------------------------------+
; Source assignments for frame_read_write:frame_read_write_m0|afifo_16_256:read_buf|dcfifo:dcfifo_component|dcfifo_spl1:auto_generated|altsyncram_fv61:fifo_ram ;
+---------------------------------+--------------------+------+-------------------------------------------------------------------------------------------------+
; Assignment                      ; Value              ; From ; To                                                                                              ;
+---------------------------------+--------------------+------+-------------------------------------------------------------------------------------------------+
; OPTIMIZE_POWER_DURING_SYNTHESIS ; NORMAL_COMPILATION ; -    ; -                                                                                               ;
+---------------------------------+--------------------+------+-------------------------------------------------------------------------------------------------+


+---------------------------------------------------------------------------------------------------------------------------------------------------------+
; Source assignments for frame_read_write:frame_read_write_m0|afifo_16_256:read_buf|dcfifo:dcfifo_component|dcfifo_spl1:auto_generated|dffpipe_gd9:rs_brp ;
+---------------------------------+-------+------+--------------------------------------------------------------------------------------------------------+
; Assignment                      ; Value ; From ; To                                                                                                     ;
+---------------------------------+-------+------+--------------------------------------------------------------------------------------------------------+
; AUTO_SHIFT_REGISTER_RECOGNITION ; OFF   ; -    ; -                                                                                                      ;
+---------------------------------+-------+------+--------------------------------------------------------------------------------------------------------+


+---------------------------------------------------------------------------------------------------------------------------------------------------------+
; Source assignments for frame_read_write:frame_read_write_m0|afifo_16_256:read_buf|dcfifo:dcfifo_component|dcfifo_spl1:auto_generated|dffpipe_gd9:rs_bwp ;
+---------------------------------+-------+------+--------------------------------------------------------------------------------------------------------+
; Assignment                      ; Value ; From ; To                                                                                                     ;
+---------------------------------+-------+------+--------------------------------------------------------------------------------------------------------+
; AUTO_SHIFT_REGISTER_RECOGNITION ; OFF   ; -    ; -                                                                                                      ;
+---------------------------------+-------+------+--------------------------------------------------------------------------------------------------------+


+-----------------------------------------------------------------------------------------------------------------------------------------------------------------+
; Source assignments for frame_read_write:frame_read_write_m0|afifo_16_256:read_buf|dcfifo:dcfifo_component|dcfifo_spl1:auto_generated|alt_synch_pipe_2ol:rs_dgwp ;
+-----------------------------+------------------------+------+---------------------------------------------------------------------------------------------------+
; Assignment                  ; Value                  ; From ; To                                                                                                ;
+-----------------------------+------------------------+------+---------------------------------------------------------------------------------------------------+
; X_ON_VIOLATION_OPTION       ; OFF                    ; -    ; -                                                                                                 ;
; SYNCHRONIZER_IDENTIFICATION ; FORCED_IF_ASYNCHRONOUS ; -    ; -                                                                                                 ;
; PRESERVE_REGISTER           ; ON                     ; -    ; -                                                                                                 ;
; DONT_MERGE_REGISTER         ; ON                     ; -    ; -                                                                                                 ;
; ADV_NETLIST_OPT_ALLOWED     ; NEVER_ALLOW            ; -    ; -                                                                                                 ;
+-----------------------------+------------------------+------+---------------------------------------------------------------------------------------------------+


+--------------------------------------------------------------------------------------------------------------------------------------------------------------------------------------+
; Source assignments for frame_read_write:frame_read_write_m0|afifo_16_256:read_buf|dcfifo:dcfifo_component|dcfifo_spl1:auto_generated|alt_synch_pipe_2ol:rs_dgwp|dffpipe_jd9:dffpipe5 ;
+---------------------------------+-------+------+-------------------------------------------------------------------------------------------------------------------------------------+
; Assignment                      ; Value ; From ; To                                                                                                                                  ;
+---------------------------------+-------+------+-------------------------------------------------------------------------------------------------------------------------------------+
; AUTO_SHIFT_REGISTER_RECOGNITION ; OFF   ; -    ; -                                                                                                                                   ;
+---------------------------------+-------+------+-------------------------------------------------------------------------------------------------------------------------------------+


+---------------------------------------------------------------------------------------------------------------------------------------------------------+
; Source assignments for frame_read_write:frame_read_write_m0|afifo_16_256:read_buf|dcfifo:dcfifo_component|dcfifo_spl1:auto_generated|dffpipe_gd9:ws_brp ;
+---------------------------------+-------+------+--------------------------------------------------------------------------------------------------------+
; Assignment                      ; Value ; From ; To                                                                                                     ;
+---------------------------------+-------+------+--------------------------------------------------------------------------------------------------------+
; AUTO_SHIFT_REGISTER_RECOGNITION ; OFF   ; -    ; -                                                                                                      ;
+---------------------------------+-------+------+--------------------------------------------------------------------------------------------------------+


+---------------------------------------------------------------------------------------------------------------------------------------------------------+
; Source assignments for frame_read_write:frame_read_write_m0|afifo_16_256:read_buf|dcfifo:dcfifo_component|dcfifo_spl1:auto_generated|dffpipe_gd9:ws_bwp ;
+---------------------------------+-------+------+--------------------------------------------------------------------------------------------------------+
; Assignment                      ; Value ; From ; To                                                                                                     ;
+---------------------------------+-------+------+--------------------------------------------------------------------------------------------------------+
; AUTO_SHIFT_REGISTER_RECOGNITION ; OFF   ; -    ; -                                                                                                      ;
+---------------------------------+-------+------+--------------------------------------------------------------------------------------------------------+


+-----------------------------------------------------------------------------------------------------------------------------------------------------------------+
; Source assignments for frame_read_write:frame_read_write_m0|afifo_16_256:read_buf|dcfifo:dcfifo_component|dcfifo_spl1:auto_generated|alt_synch_pipe_3ol:ws_dgrp ;
+-----------------------------+------------------------+------+---------------------------------------------------------------------------------------------------+
; Assignment                  ; Value                  ; From ; To                                                                                                ;
+-----------------------------+------------------------+------+---------------------------------------------------------------------------------------------------+
; X_ON_VIOLATION_OPTION       ; OFF                    ; -    ; -                                                                                                 ;
; SYNCHRONIZER_IDENTIFICATION ; FORCED_IF_ASYNCHRONOUS ; -    ; -                                                                                                 ;
; PRESERVE_REGISTER           ; ON                     ; -    ; -                                                                                                 ;
; DONT_MERGE_REGISTER         ; ON                     ; -    ; -                                                                                                 ;
; ADV_NETLIST_OPT_ALLOWED     ; NEVER_ALLOW            ; -    ; -                                                                                                 ;
+-----------------------------+------------------------+------+---------------------------------------------------------------------------------------------------+


+--------------------------------------------------------------------------------------------------------------------------------------------------------------------------------------+
; Source assignments for frame_read_write:frame_read_write_m0|afifo_16_256:read_buf|dcfifo:dcfifo_component|dcfifo_spl1:auto_generated|alt_synch_pipe_3ol:ws_dgrp|dffpipe_kd9:dffpipe8 ;
+---------------------------------+-------+------+-------------------------------------------------------------------------------------------------------------------------------------+
; Assignment                      ; Value ; From ; To                                                                                                                                  ;
+---------------------------------+-------+------+-------------------------------------------------------------------------------------------------------------------------------------+
; AUTO_SHIFT_REGISTER_RECOGNITION ; OFF   ; -    ; -                                                                                                                                   ;
+---------------------------------+-------+------+-------------------------------------------------------------------------------------------------------------------------------------+


+------------------------------------------------------------------------------------------------------------+
; Source assignments for frame_read_write:frame_read_write_m1|afifo_16_256:write_buf|dcfifo:dcfifo_component ;
+---------------------------------+-------+------+-----------------------------------------------------------+
; Assignment                      ; Value ; From ; To                                                        ;
+---------------------------------+-------+------+-----------------------------------------------------------+
; AUTO_SHIFT_REGISTER_RECOGNITION ; OFF   ; -    ; -                                                         ;
+---------------------------------+-------+------+-----------------------------------------------------------+


+---------------------------------------------------------------------------------------------------------------------------------------+
; Source assignments for frame_read_write:frame_read_write_m1|afifo_16_256:write_buf|dcfifo:dcfifo_component|dcfifo_spl1:auto_generated ;
+---------------------------------------+-------+------+--------------------------------------------------------------------------------+
; Assignment                            ; Value ; From ; To                                                                             ;
+---------------------------------------+-------+------+--------------------------------------------------------------------------------+
; AUTO_SHIFT_REGISTER_RECOGNITION       ; OFF   ; -    ; -                                                                              ;
; REMOVE_DUPLICATE_REGISTERS            ; OFF   ; -    ; -                                                                              ;
; SYNCHRONIZER_IDENTIFICATION           ; OFF   ; -    ; -                                                                              ;
; SYNCHRONIZATION_REGISTER_CHAIN_LENGTH ; 2     ; -    ; -                                                                              ;
; POWER_UP_LEVEL                        ; LOW   ; -    ; wrptr_g                                                                        ;
+---------------------------------------+-------+------+--------------------------------------------------------------------------------+


+-------------------------------------------------------------------------------------------------------------------------------------------------------------------+
; Source assignments for frame_read_write:frame_read_write_m1|afifo_16_256:write_buf|dcfifo:dcfifo_component|dcfifo_spl1:auto_generated|a_graycounter_m57:rdptr_g1p ;
+----------------+-------+------+-----------------------------------------------------------------------------------------------------------------------------------+
; Assignment     ; Value ; From ; To                                                                                                                                ;
+----------------+-------+------+-----------------------------------------------------------------------------------------------------------------------------------+
; POWER_UP_LEVEL ; HIGH  ; -    ; counter5a0                                                                                                                        ;
; POWER_UP_LEVEL ; HIGH  ; -    ; parity6                                                                                                                           ;
+----------------+-------+------+-----------------------------------------------------------------------------------------------------------------------------------+


+-------------------------------------------------------------------------------------------------------------------------------------------------------------------+
; Source assignments for frame_read_write:frame_read_write_m1|afifo_16_256:write_buf|dcfifo:dcfifo_component|dcfifo_spl1:auto_generated|a_graycounter_ijc:wrptr_g1p ;
+----------------+-------+------+-----------------------------------------------------------------------------------------------------------------------------------+
; Assignment     ; Value ; From ; To                                                                                                                                ;
+----------------+-------+------+-----------------------------------------------------------------------------------------------------------------------------------+
; POWER_UP_LEVEL ; HIGH  ; -    ; counter8a0                                                                                                                        ;
; POWER_UP_LEVEL ; HIGH  ; -    ; parity9                                                                                                                           ;
+----------------+-------+------+-----------------------------------------------------------------------------------------------------------------------------------+


+----------------------------------------------------------------------------------------------------------------------------------------------------------------+
; Source assignments for frame_read_write:frame_read_write_m1|afifo_16_256:write_buf|dcfifo:dcfifo_component|dcfifo_spl1:auto_generated|altsyncram_fv61:fifo_ram ;
+---------------------------------+--------------------+------+--------------------------------------------------------------------------------------------------+
; Assignment                      ; Value              ; From ; To                                                                                               ;
+---------------------------------+--------------------+------+--------------------------------------------------------------------------------------------------+
; OPTIMIZE_POWER_DURING_SYNTHESIS ; NORMAL_COMPILATION ; -    ; -                                                                                                ;
+---------------------------------+--------------------+------+--------------------------------------------------------------------------------------------------+


+----------------------------------------------------------------------------------------------------------------------------------------------------------+
; Source assignments for frame_read_write:frame_read_write_m1|afifo_16_256:write_buf|dcfifo:dcfifo_component|dcfifo_spl1:auto_generated|dffpipe_gd9:rs_brp ;
+---------------------------------+-------+------+---------------------------------------------------------------------------------------------------------+
; Assignment                      ; Value ; From ; To                                                                                                      ;
+---------------------------------+-------+------+---------------------------------------------------------------------------------------------------------+
; AUTO_SHIFT_REGISTER_RECOGNITION ; OFF   ; -    ; -                                                                                                       ;
+---------------------------------+-------+------+---------------------------------------------------------------------------------------------------------+


+----------------------------------------------------------------------------------------------------------------------------------------------------------+
; Source assignments for frame_read_write:frame_read_write_m1|afifo_16_256:write_buf|dcfifo:dcfifo_component|dcfifo_spl1:auto_generated|dffpipe_gd9:rs_bwp ;
+---------------------------------+-------+------+---------------------------------------------------------------------------------------------------------+
; Assignment                      ; Value ; From ; To                                                                                                      ;
+---------------------------------+-------+------+---------------------------------------------------------------------------------------------------------+
; AUTO_SHIFT_REGISTER_RECOGNITION ; OFF   ; -    ; -                                                                                                       ;
+---------------------------------+-------+------+---------------------------------------------------------------------------------------------------------+


+------------------------------------------------------------------------------------------------------------------------------------------------------------------+
; Source assignments for frame_read_write:frame_read_write_m1|afifo_16_256:write_buf|dcfifo:dcfifo_component|dcfifo_spl1:auto_generated|alt_synch_pipe_2ol:rs_dgwp ;
+-----------------------------+------------------------+------+----------------------------------------------------------------------------------------------------+
; Assignment                  ; Value                  ; From ; To                                                                                                 ;
+-----------------------------+------------------------+------+----------------------------------------------------------------------------------------------------+
; X_ON_VIOLATION_OPTION       ; OFF                    ; -    ; -                                                                                                  ;
; SYNCHRONIZER_IDENTIFICATION ; FORCED_IF_ASYNCHRONOUS ; -    ; -                                                                                                  ;
; PRESERVE_REGISTER           ; ON                     ; -    ; -                                                                                                  ;
; DONT_MERGE_REGISTER         ; ON                     ; -    ; -                                                                                                  ;
; ADV_NETLIST_OPT_ALLOWED     ; NEVER_ALLOW            ; -    ; -                                                                                                  ;
+-----------------------------+------------------------+------+----------------------------------------------------------------------------------------------------+


+---------------------------------------------------------------------------------------------------------------------------------------------------------------------------------------+
; Source assignments for frame_read_write:frame_read_write_m1|afifo_16_256:write_buf|dcfifo:dcfifo_component|dcfifo_spl1:auto_generated|alt_synch_pipe_2ol:rs_dgwp|dffpipe_jd9:dffpipe5 ;
+---------------------------------+-------+------+--------------------------------------------------------------------------------------------------------------------------------------+
; Assignment                      ; Value ; From ; To                                                                                                                                   ;
+---------------------------------+-------+------+--------------------------------------------------------------------------------------------------------------------------------------+
; AUTO_SHIFT_REGISTER_RECOGNITION ; OFF   ; -    ; -                                                                                                                                    ;
+---------------------------------+-------+------+--------------------------------------------------------------------------------------------------------------------------------------+


+----------------------------------------------------------------------------------------------------------------------------------------------------------+
; Source assignments for frame_read_write:frame_read_write_m1|afifo_16_256:write_buf|dcfifo:dcfifo_component|dcfifo_spl1:auto_generated|dffpipe_gd9:ws_brp ;
+---------------------------------+-------+------+---------------------------------------------------------------------------------------------------------+
; Assignment                      ; Value ; From ; To                                                                                                      ;
+---------------------------------+-------+------+---------------------------------------------------------------------------------------------------------+
; AUTO_SHIFT_REGISTER_RECOGNITION ; OFF   ; -    ; -                                                                                                       ;
+---------------------------------+-------+------+---------------------------------------------------------------------------------------------------------+


+----------------------------------------------------------------------------------------------------------------------------------------------------------+
; Source assignments for frame_read_write:frame_read_write_m1|afifo_16_256:write_buf|dcfifo:dcfifo_component|dcfifo_spl1:auto_generated|dffpipe_gd9:ws_bwp ;
+---------------------------------+-------+------+---------------------------------------------------------------------------------------------------------+
; Assignment                      ; Value ; From ; To                                                                                                      ;
+---------------------------------+-------+------+---------------------------------------------------------------------------------------------------------+
; AUTO_SHIFT_REGISTER_RECOGNITION ; OFF   ; -    ; -                                                                                                       ;
+---------------------------------+-------+------+---------------------------------------------------------------------------------------------------------+


+------------------------------------------------------------------------------------------------------------------------------------------------------------------+
; Source assignments for frame_read_write:frame_read_write_m1|afifo_16_256:write_buf|dcfifo:dcfifo_component|dcfifo_spl1:auto_generated|alt_synch_pipe_3ol:ws_dgrp ;
+-----------------------------+------------------------+------+----------------------------------------------------------------------------------------------------+
; Assignment                  ; Value                  ; From ; To                                                                                                 ;
+-----------------------------+------------------------+------+----------------------------------------------------------------------------------------------------+
; X_ON_VIOLATION_OPTION       ; OFF                    ; -    ; -                                                                                                  ;
; SYNCHRONIZER_IDENTIFICATION ; FORCED_IF_ASYNCHRONOUS ; -    ; -                                                                                                  ;
; PRESERVE_REGISTER           ; ON                     ; -    ; -                                                                                                  ;
; DONT_MERGE_REGISTER         ; ON                     ; -    ; -                                                                                                  ;
; ADV_NETLIST_OPT_ALLOWED     ; NEVER_ALLOW            ; -    ; -                                                                                                  ;
+-----------------------------+------------------------+------+----------------------------------------------------------------------------------------------------+


+---------------------------------------------------------------------------------------------------------------------------------------------------------------------------------------+
; Source assignments for frame_read_write:frame_read_write_m1|afifo_16_256:write_buf|dcfifo:dcfifo_component|dcfifo_spl1:auto_generated|alt_synch_pipe_3ol:ws_dgrp|dffpipe_kd9:dffpipe8 ;
+---------------------------------+-------+------+--------------------------------------------------------------------------------------------------------------------------------------+
; Assignment                      ; Value ; From ; To                                                                                                                                   ;
+---------------------------------+-------+------+--------------------------------------------------------------------------------------------------------------------------------------+
; AUTO_SHIFT_REGISTER_RECOGNITION ; OFF   ; -    ; -                                                                                                                                    ;
+---------------------------------+-------+------+--------------------------------------------------------------------------------------------------------------------------------------+


+-----------------------------------------------------------------------------------------------------------+
; Source assignments for frame_read_write:frame_read_write_m1|afifo_16_256:read_buf|dcfifo:dcfifo_component ;
+---------------------------------+-------+------+----------------------------------------------------------+
; Assignment                      ; Value ; From ; To                                                       ;
+---------------------------------+-------+------+----------------------------------------------------------+
; AUTO_SHIFT_REGISTER_RECOGNITION ; OFF   ; -    ; -                                                        ;
+---------------------------------+-------+------+----------------------------------------------------------+


+--------------------------------------------------------------------------------------------------------------------------------------+
; Source assignments for frame_read_write:frame_read_write_m1|afifo_16_256:read_buf|dcfifo:dcfifo_component|dcfifo_spl1:auto_generated ;
+---------------------------------------+-------+------+-------------------------------------------------------------------------------+
; Assignment                            ; Value ; From ; To                                                                            ;
+---------------------------------------+-------+------+-------------------------------------------------------------------------------+
; AUTO_SHIFT_REGISTER_RECOGNITION       ; OFF   ; -    ; -                                                                             ;
; REMOVE_DUPLICATE_REGISTERS            ; OFF   ; -    ; -                                                                             ;
; SYNCHRONIZER_IDENTIFICATION           ; OFF   ; -    ; -                                                                             ;
; SYNCHRONIZATION_REGISTER_CHAIN_LENGTH ; 2     ; -    ; -                                                                             ;
; POWER_UP_LEVEL                        ; LOW   ; -    ; wrptr_g                                                                       ;
+---------------------------------------+-------+------+-------------------------------------------------------------------------------+


+------------------------------------------------------------------------------------------------------------------------------------------------------------------+
; Source assignments for frame_read_write:frame_read_write_m1|afifo_16_256:read_buf|dcfifo:dcfifo_component|dcfifo_spl1:auto_generated|a_graycounter_m57:rdptr_g1p ;
+----------------+-------+------+----------------------------------------------------------------------------------------------------------------------------------+
; Assignment     ; Value ; From ; To                                                                                                                               ;
+----------------+-------+------+----------------------------------------------------------------------------------------------------------------------------------+
; POWER_UP_LEVEL ; HIGH  ; -    ; counter5a0                                                                                                                       ;
; POWER_UP_LEVEL ; HIGH  ; -    ; parity6                                                                                                                          ;
+----------------+-------+------+----------------------------------------------------------------------------------------------------------------------------------+


+------------------------------------------------------------------------------------------------------------------------------------------------------------------+
; Source assignments for frame_read_write:frame_read_write_m1|afifo_16_256:read_buf|dcfifo:dcfifo_component|dcfifo_spl1:auto_generated|a_graycounter_ijc:wrptr_g1p ;
+----------------+-------+------+----------------------------------------------------------------------------------------------------------------------------------+
; Assignment     ; Value ; From ; To                                                                                                                               ;
+----------------+-------+------+----------------------------------------------------------------------------------------------------------------------------------+
; POWER_UP_LEVEL ; HIGH  ; -    ; counter8a0                                                                                                                       ;
; POWER_UP_LEVEL ; HIGH  ; -    ; parity9                                                                                                                          ;
+----------------+-------+------+----------------------------------------------------------------------------------------------------------------------------------+


+---------------------------------------------------------------------------------------------------------------------------------------------------------------+
; Source assignments for frame_read_write:frame_read_write_m1|afifo_16_256:read_buf|dcfifo:dcfifo_component|dcfifo_spl1:auto_generated|altsyncram_fv61:fifo_ram ;
+---------------------------------+--------------------+------+-------------------------------------------------------------------------------------------------+
; Assignment                      ; Value              ; From ; To                                                                                              ;
+---------------------------------+--------------------+------+-------------------------------------------------------------------------------------------------+
; OPTIMIZE_POWER_DURING_SYNTHESIS ; NORMAL_COMPILATION ; -    ; -                                                                                               ;
+---------------------------------+--------------------+------+-------------------------------------------------------------------------------------------------+


+---------------------------------------------------------------------------------------------------------------------------------------------------------+
; Source assignments for frame_read_write:frame_read_write_m1|afifo_16_256:read_buf|dcfifo:dcfifo_component|dcfifo_spl1:auto_generated|dffpipe_gd9:rs_brp ;
+---------------------------------+-------+------+--------------------------------------------------------------------------------------------------------+
; Assignment                      ; Value ; From ; To                                                                                                     ;
+---------------------------------+-------+------+--------------------------------------------------------------------------------------------------------+
; AUTO_SHIFT_REGISTER_RECOGNITION ; OFF   ; -    ; -                                                                                                      ;
+---------------------------------+-------+------+--------------------------------------------------------------------------------------------------------+


+---------------------------------------------------------------------------------------------------------------------------------------------------------+
; Source assignments for frame_read_write:frame_read_write_m1|afifo_16_256:read_buf|dcfifo:dcfifo_component|dcfifo_spl1:auto_generated|dffpipe_gd9:rs_bwp ;
+---------------------------------+-------+------+--------------------------------------------------------------------------------------------------------+
; Assignment                      ; Value ; From ; To                                                                                                     ;
+---------------------------------+-------+------+--------------------------------------------------------------------------------------------------------+
; AUTO_SHIFT_REGISTER_RECOGNITION ; OFF   ; -    ; -                                                                                                      ;
+---------------------------------+-------+------+--------------------------------------------------------------------------------------------------------+


+-----------------------------------------------------------------------------------------------------------------------------------------------------------------+
; Source assignments for frame_read_write:frame_read_write_m1|afifo_16_256:read_buf|dcfifo:dcfifo_component|dcfifo_spl1:auto_generated|alt_synch_pipe_2ol:rs_dgwp ;
+-----------------------------+------------------------+------+---------------------------------------------------------------------------------------------------+
; Assignment                  ; Value                  ; From ; To                                                                                                ;
+-----------------------------+------------------------+------+---------------------------------------------------------------------------------------------------+
; X_ON_VIOLATION_OPTION       ; OFF                    ; -    ; -                                                                                                 ;
; SYNCHRONIZER_IDENTIFICATION ; FORCED_IF_ASYNCHRONOUS ; -    ; -                                                                                                 ;
; PRESERVE_REGISTER           ; ON                     ; -    ; -                                                                                                 ;
; DONT_MERGE_REGISTER         ; ON                     ; -    ; -                                                                                                 ;
; ADV_NETLIST_OPT_ALLOWED     ; NEVER_ALLOW            ; -    ; -                                                                                                 ;
+-----------------------------+------------------------+------+---------------------------------------------------------------------------------------------------+


+--------------------------------------------------------------------------------------------------------------------------------------------------------------------------------------+
; Source assignments for frame_read_write:frame_read_write_m1|afifo_16_256:read_buf|dcfifo:dcfifo_component|dcfifo_spl1:auto_generated|alt_synch_pipe_2ol:rs_dgwp|dffpipe_jd9:dffpipe5 ;
+---------------------------------+-------+------+-------------------------------------------------------------------------------------------------------------------------------------+
; Assignment                      ; Value ; From ; To                                                                                                                                  ;
+---------------------------------+-------+------+-------------------------------------------------------------------------------------------------------------------------------------+
; AUTO_SHIFT_REGISTER_RECOGNITION ; OFF   ; -    ; -                                                                                                                                   ;
+---------------------------------+-------+------+-------------------------------------------------------------------------------------------------------------------------------------+


+---------------------------------------------------------------------------------------------------------------------------------------------------------+
; Source assignments for frame_read_write:frame_read_write_m1|afifo_16_256:read_buf|dcfifo:dcfifo_component|dcfifo_spl1:auto_generated|dffpipe_gd9:ws_brp ;
+---------------------------------+-------+------+--------------------------------------------------------------------------------------------------------+
; Assignment                      ; Value ; From ; To                                                                                                     ;
+---------------------------------+-------+------+--------------------------------------------------------------------------------------------------------+
; AUTO_SHIFT_REGISTER_RECOGNITION ; OFF   ; -    ; -                                                                                                      ;
+---------------------------------+-------+------+--------------------------------------------------------------------------------------------------------+


+---------------------------------------------------------------------------------------------------------------------------------------------------------+
; Source assignments for frame_read_write:frame_read_write_m1|afifo_16_256:read_buf|dcfifo:dcfifo_component|dcfifo_spl1:auto_generated|dffpipe_gd9:ws_bwp ;
+---------------------------------+-------+------+--------------------------------------------------------------------------------------------------------+
; Assignment                      ; Value ; From ; To                                                                                                     ;
+---------------------------------+-------+------+--------------------------------------------------------------------------------------------------------+
; AUTO_SHIFT_REGISTER_RECOGNITION ; OFF   ; -    ; -                                                                                                      ;
+---------------------------------+-------+------+--------------------------------------------------------------------------------------------------------+


+-----------------------------------------------------------------------------------------------------------------------------------------------------------------+
; Source assignments for frame_read_write:frame_read_write_m1|afifo_16_256:read_buf|dcfifo:dcfifo_component|dcfifo_spl1:auto_generated|alt_synch_pipe_3ol:ws_dgrp ;
+-----------------------------+------------------------+------+---------------------------------------------------------------------------------------------------+
; Assignment                  ; Value                  ; From ; To                                                                                                ;
+-----------------------------+------------------------+------+---------------------------------------------------------------------------------------------------+
; X_ON_VIOLATION_OPTION       ; OFF                    ; -    ; -                                                                                                 ;
; SYNCHRONIZER_IDENTIFICATION ; FORCED_IF_ASYNCHRONOUS ; -    ; -                                                                                                 ;
; PRESERVE_REGISTER           ; ON                     ; -    ; -                                                                                                 ;
; DONT_MERGE_REGISTER         ; ON                     ; -    ; -                                                                                                 ;
; ADV_NETLIST_OPT_ALLOWED     ; NEVER_ALLOW            ; -    ; -                                                                                                 ;
+-----------------------------+------------------------+------+---------------------------------------------------------------------------------------------------+


+--------------------------------------------------------------------------------------------------------------------------------------------------------------------------------------+
; Source assignments for frame_read_write:frame_read_write_m1|afifo_16_256:read_buf|dcfifo:dcfifo_component|dcfifo_spl1:auto_generated|alt_synch_pipe_3ol:ws_dgrp|dffpipe_kd9:dffpipe8 ;
+---------------------------------+-------+------+-------------------------------------------------------------------------------------------------------------------------------------+
; Assignment                      ; Value ; From ; To                                                                                                                                  ;
+---------------------------------+-------+------+-------------------------------------------------------------------------------------------------------------------------------------+
; AUTO_SHIFT_REGISTER_RECOGNITION ; OFF   ; -    ; -                                                                                                                                   ;
+---------------------------------+-------+------+-------------------------------------------------------------------------------------------------------------------------------------+


+---------------------------------------------------------------------+
; Parameter Settings for User Entity Instance: Top-level Entity: |top ;
+----------------+-------+--------------------------------------------+
; Parameter Name ; Value ; Type                                       ;
+----------------+-------+--------------------------------------------+
; MEM_DATA_BITS  ; 16    ; Signed Integer                             ;
; ADDR_BITS      ; 24    ; Signed Integer                             ;
; BUSRT_BITS     ; 10    ; Signed Integer                             ;
+----------------+-------+--------------------------------------------+
Note: In order to hide this table in the UI and the text report file, please set the "Show Parameter Settings in Synthesis Report" option in "Analysis and Synthesis Settings -> More Settings" to "Off".


+-----------------------------------------------------------------------------------------+
; Parameter Settings for User Entity Instance: sys_pll:sys_pll_m0|altpll:altpll_component ;
+-------------------------------+---------------------------+-----------------------------+
; Parameter Name                ; Value                     ; Type                        ;
+-------------------------------+---------------------------+-----------------------------+
; OPERATION_MODE                ; NORMAL                    ; Untyped                     ;
; PLL_TYPE                      ; AUTO                      ; Untyped                     ;
; LPM_HINT                      ; CBX_MODULE_PREFIX=sys_pll ; Untyped                     ;
; QUALIFY_CONF_DONE             ; OFF                       ; Untyped                     ;
; COMPENSATE_CLOCK              ; CLK0                      ; Untyped                     ;
; SCAN_CHAIN                    ; LONG                      ; Untyped                     ;
; PRIMARY_CLOCK                 ; INCLK0                    ; Untyped                     ;
; INCLK0_INPUT_FREQUENCY        ; 20000                     ; Signed Integer              ;
; INCLK1_INPUT_FREQUENCY        ; 0                         ; Untyped                     ;
; GATE_LOCK_SIGNAL              ; NO                        ; Untyped                     ;
; GATE_LOCK_COUNTER             ; 0                         ; Untyped                     ;
; LOCK_HIGH                     ; 1                         ; Untyped                     ;
; LOCK_LOW                      ; 1                         ; Untyped                     ;
; VALID_LOCK_MULTIPLIER         ; 1                         ; Untyped                     ;
; INVALID_LOCK_MULTIPLIER       ; 5                         ; Untyped                     ;
; SWITCH_OVER_ON_LOSSCLK        ; OFF                       ; Untyped                     ;
; SWITCH_OVER_ON_GATED_LOCK     ; OFF                       ; Untyped                     ;
; ENABLE_SWITCH_OVER_COUNTER    ; OFF                       ; Untyped                     ;
; SKIP_VCO                      ; OFF                       ; Untyped                     ;
; SWITCH_OVER_COUNTER           ; 0                         ; Untyped                     ;
; SWITCH_OVER_TYPE              ; AUTO                      ; Untyped                     ;
; FEEDBACK_SOURCE               ; EXTCLK0                   ; Untyped                     ;
; BANDWIDTH                     ; 0                         ; Untyped                     ;
; BANDWIDTH_TYPE                ; AUTO                      ; Untyped                     ;
; SPREAD_FREQUENCY              ; 0                         ; Untyped                     ;
; DOWN_SPREAD                   ; 0                         ; Untyped                     ;
; SELF_RESET_ON_GATED_LOSS_LOCK ; OFF                       ; Untyped                     ;
; SELF_RESET_ON_LOSS_LOCK       ; OFF                       ; Untyped                     ;
; CLK9_MULTIPLY_BY              ; 0                         ; Untyped                     ;
; CLK8_MULTIPLY_BY              ; 0                         ; Untyped                     ;
; CLK7_MULTIPLY_BY              ; 0                         ; Untyped                     ;
; CLK6_MULTIPLY_BY              ; 0                         ; Untyped                     ;
; CLK5_MULTIPLY_BY              ; 1                         ; Untyped                     ;
; CLK4_MULTIPLY_BY              ; 1                         ; Untyped                     ;
; CLK3_MULTIPLY_BY              ; 1                         ; Untyped                     ;
; CLK2_MULTIPLY_BY              ; 2                         ; Signed Integer              ;
; CLK1_MULTIPLY_BY              ; 2                         ; Signed Integer              ;
; CLK0_MULTIPLY_BY              ; 2                         ; Signed Integer              ;
; CLK9_DIVIDE_BY                ; 0                         ; Untyped                     ;
; CLK8_DIVIDE_BY                ; 0                         ; Untyped                     ;
; CLK7_DIVIDE_BY                ; 0                         ; Untyped                     ;
; CLK6_DIVIDE_BY                ; 0                         ; Untyped                     ;
; CLK5_DIVIDE_BY                ; 1                         ; Untyped                     ;
; CLK4_DIVIDE_BY                ; 1                         ; Untyped                     ;
; CLK3_DIVIDE_BY                ; 1                         ; Untyped                     ;
; CLK2_DIVIDE_BY                ; 1                         ; Signed Integer              ;
; CLK1_DIVIDE_BY                ; 1                         ; Signed Integer              ;
; CLK0_DIVIDE_BY                ; 1                         ; Signed Integer              ;
; CLK9_PHASE_SHIFT              ; 0                         ; Untyped                     ;
; CLK8_PHASE_SHIFT              ; 0                         ; Untyped                     ;
; CLK7_PHASE_SHIFT              ; 0                         ; Untyped                     ;
; CLK6_PHASE_SHIFT              ; 0                         ; Untyped                     ;
; CLK5_PHASE_SHIFT              ; 0                         ; Untyped                     ;
; CLK4_PHASE_SHIFT              ; 0                         ; Untyped                     ;
; CLK3_PHASE_SHIFT              ; 0                         ; Untyped                     ;
; CLK2_PHASE_SHIFT              ; 0                         ; Untyped                     ;
; CLK1_PHASE_SHIFT              ; 0                         ; Untyped                     ;
; CLK0_PHASE_SHIFT              ; 0                         ; Untyped                     ;
; CLK5_TIME_DELAY               ; 0                         ; Untyped                     ;
; CLK4_TIME_DELAY               ; 0                         ; Untyped                     ;
; CLK3_TIME_DELAY               ; 0                         ; Untyped                     ;
; CLK2_TIME_DELAY               ; 0                         ; Untyped                     ;
; CLK1_TIME_DELAY               ; 0                         ; Untyped                     ;
; CLK0_TIME_DELAY               ; 0                         ; Untyped                     ;
; CLK9_DUTY_CYCLE               ; 50                        ; Untyped                     ;
; CLK8_DUTY_CYCLE               ; 50                        ; Untyped                     ;
; CLK7_DUTY_CYCLE               ; 50                        ; Untyped                     ;
; CLK6_DUTY_CYCLE               ; 50                        ; Untyped                     ;
; CLK5_DUTY_CYCLE               ; 50                        ; Untyped                     ;
; CLK4_DUTY_CYCLE               ; 50                        ; Untyped                     ;
; CLK3_DUTY_CYCLE               ; 50                        ; Untyped                     ;
; CLK2_DUTY_CYCLE               ; 50                        ; Signed Integer              ;
; CLK1_DUTY_CYCLE               ; 50                        ; Signed Integer              ;
; CLK0_DUTY_CYCLE               ; 50                        ; Signed Integer              ;
; CLK9_USE_EVEN_COUNTER_MODE    ; OFF                       ; Untyped                     ;
; CLK8_USE_EVEN_COUNTER_MODE    ; OFF                       ; Untyped                     ;
; CLK7_USE_EVEN_COUNTER_MODE    ; OFF                       ; Untyped                     ;
; CLK6_USE_EVEN_COUNTER_MODE    ; OFF                       ; Untyped                     ;
; CLK5_USE_EVEN_COUNTER_MODE    ; OFF                       ; Untyped                     ;
; CLK4_USE_EVEN_COUNTER_MODE    ; OFF                       ; Untyped                     ;
; CLK3_USE_EVEN_COUNTER_MODE    ; OFF                       ; Untyped                     ;
; CLK2_USE_EVEN_COUNTER_MODE    ; OFF                       ; Untyped                     ;
; CLK1_USE_EVEN_COUNTER_MODE    ; OFF                       ; Untyped                     ;
; CLK0_USE_EVEN_COUNTER_MODE    ; OFF                       ; Untyped                     ;
; CLK9_USE_EVEN_COUNTER_VALUE   ; OFF                       ; Untyped                     ;
; CLK8_USE_EVEN_COUNTER_VALUE   ; OFF                       ; Untyped                     ;
; CLK7_USE_EVEN_COUNTER_VALUE   ; OFF                       ; Untyped                     ;
; CLK6_USE_EVEN_COUNTER_VALUE   ; OFF                       ; Untyped                     ;
; CLK5_USE_EVEN_COUNTER_VALUE   ; OFF                       ; Untyped                     ;
; CLK4_USE_EVEN_COUNTER_VALUE   ; OFF                       ; Untyped                     ;
; CLK3_USE_EVEN_COUNTER_VALUE   ; OFF                       ; Untyped                     ;
; CLK2_USE_EVEN_COUNTER_VALUE   ; OFF                       ; Untyped                     ;
; CLK1_USE_EVEN_COUNTER_VALUE   ; OFF                       ; Untyped                     ;
; CLK0_USE_EVEN_COUNTER_VALUE   ; OFF                       ; Untyped                     ;
; LOCK_WINDOW_UI                ;  0.05                     ; Untyped                     ;
; LOCK_WINDOW_UI_BITS           ; UNUSED                    ; Untyped                     ;
; VCO_RANGE_DETECTOR_LOW_BITS   ; UNUSED                    ; Untyped                     ;
; VCO_RANGE_DETECTOR_HIGH_BITS  ; UNUSED                    ; Untyped                     ;
; DPA_MULTIPLY_BY               ; 0                         ; Untyped                     ;
; DPA_DIVIDE_BY                 ; 1                         ; Untyped                     ;
; DPA_DIVIDER                   ; 0                         ; Untyped                     ;
; EXTCLK3_MULTIPLY_BY           ; 1                         ; Untyped                     ;
; EXTCLK2_MULTIPLY_BY           ; 1                         ; Untyped                     ;
; EXTCLK1_MULTIPLY_BY           ; 1                         ; Untyped                     ;
; EXTCLK0_MULTIPLY_BY           ; 1                         ; Untyped                     ;
; EXTCLK3_DIVIDE_BY             ; 1                         ; Untyped                     ;
; EXTCLK2_DIVIDE_BY             ; 1                         ; Untyped                     ;
; EXTCLK1_DIVIDE_BY             ; 1                         ; Untyped                     ;
; EXTCLK0_DIVIDE_BY             ; 1                         ; Untyped                     ;
; EXTCLK3_PHASE_SHIFT           ; 0                         ; Untyped                     ;
; EXTCLK2_PHASE_SHIFT           ; 0                         ; Untyped                     ;
; EXTCLK1_PHASE_SHIFT           ; 0                         ; Untyped                     ;
; EXTCLK0_PHASE_SHIFT           ; 0                         ; Untyped                     ;
; EXTCLK3_TIME_DELAY            ; 0                         ; Untyped                     ;
; EXTCLK2_TIME_DELAY            ; 0                         ; Untyped                     ;
; EXTCLK1_TIME_DELAY            ; 0                         ; Untyped                     ;
; EXTCLK0_TIME_DELAY            ; 0                         ; Untyped                     ;
; EXTCLK3_DUTY_CYCLE            ; 50                        ; Untyped                     ;
; EXTCLK2_DUTY_CYCLE            ; 50                        ; Untyped                     ;
; EXTCLK1_DUTY_CYCLE            ; 50                        ; Untyped                     ;
; EXTCLK0_DUTY_CYCLE            ; 50                        ; Untyped                     ;
; VCO_MULTIPLY_BY               ; 0                         ; Untyped                     ;
; VCO_DIVIDE_BY                 ; 0                         ; Untyped                     ;
; SCLKOUT0_PHASE_SHIFT          ; 0                         ; Untyped                     ;
; SCLKOUT1_PHASE_SHIFT          ; 0                         ; Untyped                     ;
; VCO_MIN                       ; 0                         ; Untyped                     ;
; VCO_MAX                       ; 0                         ; Untyped                     ;
; VCO_CENTER                    ; 0                         ; Untyped                     ;
; PFD_MIN                       ; 0                         ; Untyped                     ;
; PFD_MAX                       ; 0                         ; Untyped                     ;
; M_INITIAL                     ; 0                         ; Untyped                     ;
; M                             ; 0                         ; Untyped                     ;
; N                             ; 1                         ; Untyped                     ;
; M2                            ; 1                         ; Untyped                     ;
; N2                            ; 1                         ; Untyped                     ;
; SS                            ; 1                         ; Untyped                     ;
; C0_HIGH                       ; 0                         ; Untyped                     ;
; C1_HIGH                       ; 0                         ; Untyped                     ;
; C2_HIGH                       ; 0                         ; Untyped                     ;
; C3_HIGH                       ; 0                         ; Untyped                     ;
; C4_HIGH                       ; 0                         ; Untyped                     ;
; C5_HIGH                       ; 0                         ; Untyped                     ;
; C6_HIGH                       ; 0                         ; Untyped                     ;
; C7_HIGH                       ; 0                         ; Untyped                     ;
; C8_HIGH                       ; 0                         ; Untyped                     ;
; C9_HIGH                       ; 0                         ; Untyped                     ;
; C0_LOW                        ; 0                         ; Untyped                     ;
; C1_LOW                        ; 0                         ; Untyped                     ;
; C2_LOW                        ; 0                         ; Untyped                     ;
; C3_LOW                        ; 0                         ; Untyped                     ;
; C4_LOW                        ; 0                         ; Untyped                     ;
; C5_LOW                        ; 0                         ; Untyped                     ;
; C6_LOW                        ; 0                         ; Untyped                     ;
; C7_LOW                        ; 0                         ; Untyped                     ;
; C8_LOW                        ; 0                         ; Untyped                     ;
; C9_LOW                        ; 0                         ; Untyped                     ;
; C0_INITIAL                    ; 0                         ; Untyped                     ;
; C1_INITIAL                    ; 0                         ; Untyped                     ;
; C2_INITIAL                    ; 0                         ; Untyped                     ;
; C3_INITIAL                    ; 0                         ; Untyped                     ;
; C4_INITIAL                    ; 0                         ; Untyped                     ;
; C5_INITIAL                    ; 0                         ; Untyped                     ;
; C6_INITIAL                    ; 0                         ; Untyped                     ;
; C7_INITIAL                    ; 0                         ; Untyped                     ;
; C8_INITIAL                    ; 0                         ; Untyped                     ;
; C9_INITIAL                    ; 0                         ; Untyped                     ;
; C0_MODE                       ; BYPASS                    ; Untyped                     ;
; C1_MODE                       ; BYPASS                    ; Untyped                     ;
; C2_MODE                       ; BYPASS                    ; Untyped                     ;
; C3_MODE                       ; BYPASS                    ; Untyped                     ;
; C4_MODE                       ; BYPASS                    ; Untyped                     ;
; C5_MODE                       ; BYPASS                    ; Untyped                     ;
; C6_MODE                       ; BYPASS                    ; Untyped                     ;
; C7_MODE                       ; BYPASS                    ; Untyped                     ;
; C8_MODE                       ; BYPASS                    ; Untyped                     ;
; C9_MODE                       ; BYPASS                    ; Untyped                     ;
; C0_PH                         ; 0                         ; Untyped                     ;
; C1_PH                         ; 0                         ; Untyped                     ;
; C2_PH                         ; 0                         ; Untyped                     ;
; C3_PH                         ; 0                         ; Untyped                     ;
; C4_PH                         ; 0                         ; Untyped                     ;
; C5_PH                         ; 0                         ; Untyped                     ;
; C6_PH                         ; 0                         ; Untyped                     ;
; C7_PH                         ; 0                         ; Untyped                     ;
; C8_PH                         ; 0                         ; Untyped                     ;
; C9_PH                         ; 0                         ; Untyped                     ;
; L0_HIGH                       ; 1                         ; Untyped                     ;
; L1_HIGH                       ; 1                         ; Untyped                     ;
; G0_HIGH                       ; 1                         ; Untyped                     ;
; G1_HIGH                       ; 1                         ; Untyped                     ;
; G2_HIGH                       ; 1                         ; Untyped                     ;
; G3_HIGH                       ; 1                         ; Untyped                     ;
; E0_HIGH                       ; 1                         ; Untyped                     ;
; E1_HIGH                       ; 1                         ; Untyped                     ;
; E2_HIGH                       ; 1                         ; Untyped                     ;
; E3_HIGH                       ; 1                         ; Untyped                     ;
; L0_LOW                        ; 1                         ; Untyped                     ;
; L1_LOW                        ; 1                         ; Untyped                     ;
; G0_LOW                        ; 1                         ; Untyped                     ;
; G1_LOW                        ; 1                         ; Untyped                     ;
; G2_LOW                        ; 1                         ; Untyped                     ;
; G3_LOW                        ; 1                         ; Untyped                     ;
; E0_LOW                        ; 1                         ; Untyped                     ;
; E1_LOW                        ; 1                         ; Untyped                     ;
; E2_LOW                        ; 1                         ; Untyped                     ;
; E3_LOW                        ; 1                         ; Untyped                     ;
; L0_INITIAL                    ; 1                         ; Untyped                     ;
; L1_INITIAL                    ; 1                         ; Untyped                     ;
; G0_INITIAL                    ; 1                         ; Untyped                     ;
; G1_INITIAL                    ; 1                         ; Untyped                     ;
; G2_INITIAL                    ; 1                         ; Untyped                     ;
; G3_INITIAL                    ; 1                         ; Untyped                     ;
; E0_INITIAL                    ; 1                         ; Untyped                     ;
; E1_INITIAL                    ; 1                         ; Untyped                     ;
; E2_INITIAL                    ; 1                         ; Untyped                     ;
; E3_INITIAL                    ; 1                         ; Untyped                     ;
; L0_MODE                       ; BYPASS                    ; Untyped                     ;
; L1_MODE                       ; BYPASS                    ; Untyped                     ;
; G0_MODE                       ; BYPASS                    ; Untyped                     ;
; G1_MODE                       ; BYPASS                    ; Untyped                     ;
; G2_MODE                       ; BYPASS                    ; Untyped                     ;
; G3_MODE                       ; BYPASS                    ; Untyped                     ;
; E0_MODE                       ; BYPASS                    ; Untyped                     ;
; E1_MODE                       ; BYPASS                    ; Untyped                     ;
; E2_MODE                       ; BYPASS                    ; Untyped                     ;
; E3_MODE                       ; BYPASS                    ; Untyped                     ;
; L0_PH                         ; 0                         ; Untyped                     ;
; L1_PH                         ; 0                         ; Untyped                     ;
; G0_PH                         ; 0                         ; Untyped                     ;
; G1_PH                         ; 0                         ; Untyped                     ;
; G2_PH                         ; 0                         ; Untyped                     ;
; G3_PH                         ; 0                         ; Untyped                     ;
; E0_PH                         ; 0                         ; Untyped                     ;
; E1_PH                         ; 0                         ; Untyped                     ;
; E2_PH                         ; 0                         ; Untyped                     ;
; E3_PH                         ; 0                         ; Untyped                     ;
; M_PH                          ; 0                         ; Untyped                     ;
; C1_USE_CASC_IN                ; OFF                       ; Untyped                     ;
; C2_USE_CASC_IN                ; OFF                       ; Untyped                     ;
; C3_USE_CASC_IN                ; OFF                       ; Untyped                     ;
; C4_USE_CASC_IN                ; OFF                       ; Untyped                     ;
; C5_USE_CASC_IN                ; OFF                       ; Untyped                     ;
; C6_USE_CASC_IN                ; OFF                       ; Untyped                     ;
; C7_USE_CASC_IN                ; OFF                       ; Untyped                     ;
; C8_USE_CASC_IN                ; OFF                       ; Untyped                     ;
; C9_USE_CASC_IN                ; OFF                       ; Untyped                     ;
; CLK0_COUNTER                  ; G0                        ; Untyped                     ;
; CLK1_COUNTER                  ; G0                        ; Untyped                     ;
; CLK2_COUNTER                  ; G0                        ; Untyped                     ;
; CLK3_COUNTER                  ; G0                        ; Untyped                     ;
; CLK4_COUNTER                  ; G0                        ; Untyped                     ;
; CLK5_COUNTER                  ; G0                        ; Untyped                     ;
; CLK6_COUNTER                  ; E0                        ; Untyped                     ;
; CLK7_COUNTER                  ; E1                        ; Untyped                     ;
; CLK8_COUNTER                  ; E2                        ; Untyped                     ;
; CLK9_COUNTER                  ; E3                        ; Untyped                     ;
; L0_TIME_DELAY                 ; 0                         ; Untyped                     ;
; L1_TIME_DELAY                 ; 0                         ; Untyped                     ;
; G0_TIME_DELAY                 ; 0                         ; Untyped                     ;
; G1_TIME_DELAY                 ; 0                         ; Untyped                     ;
; G2_TIME_DELAY                 ; 0                         ; Untyped                     ;
; G3_TIME_DELAY                 ; 0                         ; Untyped                     ;
; E0_TIME_DELAY                 ; 0                         ; Untyped                     ;
; E1_TIME_DELAY                 ; 0                         ; Untyped                     ;
; E2_TIME_DELAY                 ; 0                         ; Untyped                     ;
; E3_TIME_DELAY                 ; 0                         ; Untyped                     ;
; M_TIME_DELAY                  ; 0                         ; Untyped                     ;
; N_TIME_DELAY                  ; 0                         ; Untyped                     ;
; EXTCLK3_COUNTER               ; E3                        ; Untyped                     ;
; EXTCLK2_COUNTER               ; E2                        ; Untyped                     ;
; EXTCLK1_COUNTER               ; E1                        ; Untyped                     ;
; EXTCLK0_COUNTER               ; E0                        ; Untyped                     ;
; ENABLE0_COUNTER               ; L0                        ; Untyped                     ;
; ENABLE1_COUNTER               ; L0                        ; Untyped                     ;
; CHARGE_PUMP_CURRENT           ; 2                         ; Untyped                     ;
; LOOP_FILTER_R                 ;  1.000000                 ; Untyped                     ;
; LOOP_FILTER_C                 ; 5                         ; Untyped                     ;
; CHARGE_PUMP_CURRENT_BITS      ; 9999                      ; Untyped                     ;
; LOOP_FILTER_R_BITS            ; 9999                      ; Untyped                     ;
; LOOP_FILTER_C_BITS            ; 9999                      ; Untyped                     ;
; VCO_POST_SCALE                ; 0                         ; Untyped                     ;
; CLK2_OUTPUT_FREQUENCY         ; 0                         ; Untyped                     ;
; CLK1_OUTPUT_FREQUENCY         ; 0                         ; Untyped                     ;
; CLK0_OUTPUT_FREQUENCY         ; 0                         ; Untyped                     ;
; INTENDED_DEVICE_FAMILY        ; Cyclone 10 LP             ; Untyped                     ;
; PORT_CLKENA0                  ; PORT_UNUSED               ; Untyped                     ;
; PORT_CLKENA1                  ; PORT_UNUSED               ; Untyped                     ;
; PORT_CLKENA2                  ; PORT_UNUSED               ; Untyped                     ;
; PORT_CLKENA3                  ; PORT_UNUSED               ; Untyped                     ;
; PORT_CLKENA4                  ; PORT_UNUSED               ; Untyped                     ;
; PORT_CLKENA5                  ; PORT_UNUSED               ; Untyped                     ;
; PORT_EXTCLKENA0               ; PORT_CONNECTIVITY         ; Untyped                     ;
; PORT_EXTCLKENA1               ; PORT_CONNECTIVITY         ; Untyped                     ;
; PORT_EXTCLKENA2               ; PORT_CONNECTIVITY         ; Untyped                     ;
; PORT_EXTCLKENA3               ; PORT_CONNECTIVITY         ; Untyped                     ;
; PORT_EXTCLK0                  ; PORT_UNUSED               ; Untyped                     ;
; PORT_EXTCLK1                  ; PORT_UNUSED               ; Untyped                     ;
; PORT_EXTCLK2                  ; PORT_UNUSED               ; Untyped                     ;
; PORT_EXTCLK3                  ; PORT_UNUSED               ; Untyped                     ;
; PORT_CLKBAD0                  ; PORT_UNUSED               ; Untyped                     ;
; PORT_CLKBAD1                  ; PORT_UNUSED               ; Untyped                     ;
; PORT_CLK0                     ; PORT_USED                 ; Untyped                     ;
; PORT_CLK1                     ; PORT_USED                 ; Untyped                     ;
; PORT_CLK2                     ; PORT_USED                 ; Untyped                     ;
; PORT_CLK3                     ; PORT_UNUSED               ; Untyped                     ;
; PORT_CLK4                     ; PORT_UNUSED               ; Untyped                     ;
; PORT_CLK5                     ; PORT_UNUSED               ; Untyped                     ;
; PORT_CLK6                     ; PORT_UNUSED               ; Untyped                     ;
; PORT_CLK7                     ; PORT_UNUSED               ; Untyped                     ;
; PORT_CLK8                     ; PORT_UNUSED               ; Untyped                     ;
; PORT_CLK9                     ; PORT_UNUSED               ; Untyped                     ;
; PORT_SCANDATA                 ; PORT_UNUSED               ; Untyped                     ;
; PORT_SCANDATAOUT              ; PORT_UNUSED               ; Untyped                     ;
; PORT_SCANDONE                 ; PORT_UNUSED               ; Untyped                     ;
; PORT_SCLKOUT1                 ; PORT_CONNECTIVITY         ; Untyped                     ;
; PORT_SCLKOUT0                 ; PORT_CONNECTIVITY         ; Untyped                     ;
; PORT_ACTIVECLOCK              ; PORT_UNUSED               ; Untyped                     ;
; PORT_CLKLOSS                  ; PORT_UNUSED               ; Untyped                     ;
; PORT_INCLK1                   ; PORT_UNUSED               ; Untyped                     ;
; PORT_INCLK0                   ; PORT_USED                 ; Untyped                     ;
; PORT_FBIN                     ; PORT_UNUSED               ; Untyped                     ;
; PORT_PLLENA                   ; PORT_UNUSED               ; Untyped                     ;
; PORT_CLKSWITCH                ; PORT_UNUSED               ; Untyped                     ;
; PORT_ARESET                   ; PORT_UNUSED               ; Untyped                     ;
; PORT_PFDENA                   ; PORT_UNUSED               ; Untyped                     ;
; PORT_SCANCLK                  ; PORT_UNUSED               ; Untyped                     ;
; PORT_SCANACLR                 ; PORT_UNUSED               ; Untyped                     ;
; PORT_SCANREAD                 ; PORT_UNUSED               ; Untyped                     ;
; PORT_SCANWRITE                ; PORT_UNUSED               ; Untyped                     ;
; PORT_ENABLE0                  ; PORT_CONNECTIVITY         ; Untyped                     ;
; PORT_ENABLE1                  ; PORT_CONNECTIVITY         ; Untyped                     ;
; PORT_LOCKED                   ; PORT_UNUSED               ; Untyped                     ;
; PORT_CONFIGUPDATE             ; PORT_UNUSED               ; Untyped                     ;
; PORT_FBOUT                    ; PORT_CONNECTIVITY         ; Untyped                     ;
; PORT_PHASEDONE                ; PORT_UNUSED               ; Untyped                     ;
; PORT_PHASESTEP                ; PORT_UNUSED               ; Untyped                     ;
; PORT_PHASEUPDOWN              ; PORT_UNUSED               ; Untyped                     ;
; PORT_SCANCLKENA               ; PORT_UNUSED               ; Untyped                     ;
; PORT_PHASECOUNTERSELECT       ; PORT_UNUSED               ; Untyped                     ;
; PORT_VCOOVERRANGE             ; PORT_CONNECTIVITY         ; Untyped                     ;
; PORT_VCOUNDERRANGE            ; PORT_CONNECTIVITY         ; Untyped                     ;
; M_TEST_SOURCE                 ; 5                         ; Untyped                     ;
; C0_TEST_SOURCE                ; 5                         ; Untyped                     ;
; C1_TEST_SOURCE                ; 5                         ; Untyped                     ;
; C2_TEST_SOURCE                ; 5                         ; Untyped                     ;
; C3_TEST_SOURCE                ; 5                         ; Untyped                     ;
; C4_TEST_SOURCE                ; 5                         ; Untyped                     ;
; C5_TEST_SOURCE                ; 5                         ; Untyped                     ;
; C6_TEST_SOURCE                ; 5                         ; Untyped                     ;
; C7_TEST_SOURCE                ; 5                         ; Untyped                     ;
; C8_TEST_SOURCE                ; 5                         ; Untyped                     ;
; C9_TEST_SOURCE                ; 5                         ; Untyped                     ;
; CBXI_PARAMETER                ; sys_pll_altpll            ; Untyped                     ;
; VCO_FREQUENCY_CONTROL         ; AUTO                      ; Untyped                     ;
; VCO_PHASE_SHIFT_STEP          ; 0                         ; Untyped                     ;
; WIDTH_CLOCK                   ; 5                         ; Signed Integer              ;
; WIDTH_PHASECOUNTERSELECT      ; 4                         ; Untyped                     ;
; USING_FBMIMICBIDIR_PORT       ; OFF                       ; Untyped                     ;
; DEVICE_FAMILY                 ; Cyclone 10 LP             ; Untyped                     ;
; SCAN_CHAIN_MIF_FILE           ; UNUSED                    ; Untyped                     ;
; SIM_GATE_LOCK_DEVICE_BEHAVIOR ; OFF                       ; Untyped                     ;
; AUTO_CARRY_CHAINS             ; ON                        ; AUTO_CARRY                  ;
; IGNORE_CARRY_BUFFERS          ; OFF                       ; IGNORE_CARRY                ;
; AUTO_CASCADE_CHAINS           ; ON                        ; AUTO_CASCADE                ;
; IGNORE_CASCADE_BUFFERS        ; OFF                       ; IGNORE_CASCADE              ;
+-------------------------------+---------------------------+-----------------------------+
Note: In order to hide this table in the UI and the text report file, please set the "Show Parameter Settings in Synthesis Report" option in "Analysis and Synthesis Settings -> More Settings" to "Off".


+---------------------------------------------------------------------------------------------+
; Parameter Settings for User Entity Instance: video_pll:video_pll_m0|altpll:altpll_component ;
+-------------------------------+-----------------------------+-------------------------------+
; Parameter Name                ; Value                       ; Type                          ;
+-------------------------------+-----------------------------+-------------------------------+
; OPERATION_MODE                ; NORMAL                      ; Untyped                       ;
; PLL_TYPE                      ; AUTO                        ; Untyped                       ;
; LPM_HINT                      ; CBX_MODULE_PREFIX=video_pll ; Untyped                       ;
; QUALIFY_CONF_DONE             ; OFF                         ; Untyped                       ;
; COMPENSATE_CLOCK              ; CLK0                        ; Untyped                       ;
; SCAN_CHAIN                    ; LONG                        ; Untyped                       ;
; PRIMARY_CLOCK                 ; INCLK0                      ; Untyped                       ;
; INCLK0_INPUT_FREQUENCY        ; 20000                       ; Signed Integer                ;
; INCLK1_INPUT_FREQUENCY        ; 0                           ; Untyped                       ;
; GATE_LOCK_SIGNAL              ; NO                          ; Untyped                       ;
; GATE_LOCK_COUNTER             ; 0                           ; Untyped                       ;
; LOCK_HIGH                     ; 1                           ; Untyped                       ;
; LOCK_LOW                      ; 1                           ; Untyped                       ;
; VALID_LOCK_MULTIPLIER         ; 1                           ; Untyped                       ;
; INVALID_LOCK_MULTIPLIER       ; 5                           ; Untyped                       ;
; SWITCH_OVER_ON_LOSSCLK        ; OFF                         ; Untyped                       ;
; SWITCH_OVER_ON_GATED_LOCK     ; OFF                         ; Untyped                       ;
; ENABLE_SWITCH_OVER_COUNTER    ; OFF                         ; Untyped                       ;
; SKIP_VCO                      ; OFF                         ; Untyped                       ;
; SWITCH_OVER_COUNTER           ; 0                           ; Untyped                       ;
; SWITCH_OVER_TYPE              ; AUTO                        ; Untyped                       ;
; FEEDBACK_SOURCE               ; EXTCLK0                     ; Untyped                       ;
; BANDWIDTH                     ; 0                           ; Untyped                       ;
; BANDWIDTH_TYPE                ; AUTO                        ; Untyped                       ;
; SPREAD_FREQUENCY              ; 0                           ; Untyped                       ;
; DOWN_SPREAD                   ; 0                           ; Untyped                       ;
; SELF_RESET_ON_GATED_LOSS_LOCK ; OFF                         ; Untyped                       ;
; SELF_RESET_ON_LOSS_LOCK       ; OFF                         ; Untyped                       ;
; CLK9_MULTIPLY_BY              ; 0                           ; Untyped                       ;
; CLK8_MULTIPLY_BY              ; 0                           ; Untyped                       ;
; CLK7_MULTIPLY_BY              ; 0                           ; Untyped                       ;
; CLK6_MULTIPLY_BY              ; 0                           ; Untyped                       ;
; CLK5_MULTIPLY_BY              ; 1                           ; Untyped                       ;
; CLK4_MULTIPLY_BY              ; 1                           ; Untyped                       ;
; CLK3_MULTIPLY_BY              ; 1                           ; Untyped                       ;
; CLK2_MULTIPLY_BY              ; 1                           ; Untyped                       ;
; CLK1_MULTIPLY_BY              ; 1                           ; Untyped                       ;
; CLK0_MULTIPLY_BY              ; 1007                        ; Signed Integer                ;
; CLK9_DIVIDE_BY                ; 0                           ; Untyped                       ;
; CLK8_DIVIDE_BY                ; 0                           ; Untyped                       ;
; CLK7_DIVIDE_BY                ; 0                           ; Untyped                       ;
; CLK6_DIVIDE_BY                ; 0                           ; Untyped                       ;
; CLK5_DIVIDE_BY                ; 1                           ; Untyped                       ;
; CLK4_DIVIDE_BY                ; 1                           ; Untyped                       ;
; CLK3_DIVIDE_BY                ; 1                           ; Untyped                       ;
; CLK2_DIVIDE_BY                ; 1                           ; Untyped                       ;
; CLK1_DIVIDE_BY                ; 1                           ; Untyped                       ;
; CLK0_DIVIDE_BY                ; 2000                        ; Signed Integer                ;
; CLK9_PHASE_SHIFT              ; 0                           ; Untyped                       ;
; CLK8_PHASE_SHIFT              ; 0                           ; Untyped                       ;
; CLK7_PHASE_SHIFT              ; 0                           ; Untyped                       ;
; CLK6_PHASE_SHIFT              ; 0                           ; Untyped                       ;
; CLK5_PHASE_SHIFT              ; 0                           ; Untyped                       ;
; CLK4_PHASE_SHIFT              ; 0                           ; Untyped                       ;
; CLK3_PHASE_SHIFT              ; 0                           ; Untyped                       ;
; CLK2_PHASE_SHIFT              ; 0                           ; Untyped                       ;
; CLK1_PHASE_SHIFT              ; 0                           ; Untyped                       ;
; CLK0_PHASE_SHIFT              ; 0                           ; Untyped                       ;
; CLK5_TIME_DELAY               ; 0                           ; Untyped                       ;
; CLK4_TIME_DELAY               ; 0                           ; Untyped                       ;
; CLK3_TIME_DELAY               ; 0                           ; Untyped                       ;
; CLK2_TIME_DELAY               ; 0                           ; Untyped                       ;
; CLK1_TIME_DELAY               ; 0                           ; Untyped                       ;
; CLK0_TIME_DELAY               ; 0                           ; Untyped                       ;
; CLK9_DUTY_CYCLE               ; 50                          ; Untyped                       ;
; CLK8_DUTY_CYCLE               ; 50                          ; Untyped                       ;
; CLK7_DUTY_CYCLE               ; 50                          ; Untyped                       ;
; CLK6_DUTY_CYCLE               ; 50                          ; Untyped                       ;
; CLK5_DUTY_CYCLE               ; 50                          ; Untyped                       ;
; CLK4_DUTY_CYCLE               ; 50                          ; Untyped                       ;
; CLK3_DUTY_CYCLE               ; 50                          ; Untyped                       ;
; CLK2_DUTY_CYCLE               ; 50                          ; Untyped                       ;
; CLK1_DUTY_CYCLE               ; 50                          ; Untyped                       ;
; CLK0_DUTY_CYCLE               ; 50                          ; Signed Integer                ;
; CLK9_USE_EVEN_COUNTER_MODE    ; OFF                         ; Untyped                       ;
; CLK8_USE_EVEN_COUNTER_MODE    ; OFF                         ; Untyped                       ;
; CLK7_USE_EVEN_COUNTER_MODE    ; OFF                         ; Untyped                       ;
; CLK6_USE_EVEN_COUNTER_MODE    ; OFF                         ; Untyped                       ;
; CLK5_USE_EVEN_COUNTER_MODE    ; OFF                         ; Untyped                       ;
; CLK4_USE_EVEN_COUNTER_MODE    ; OFF                         ; Untyped                       ;
; CLK3_USE_EVEN_COUNTER_MODE    ; OFF                         ; Untyped                       ;
; CLK2_USE_EVEN_COUNTER_MODE    ; OFF                         ; Untyped                       ;
; CLK1_USE_EVEN_COUNTER_MODE    ; OFF                         ; Untyped                       ;
; CLK0_USE_EVEN_COUNTER_MODE    ; OFF                         ; Untyped                       ;
; CLK9_USE_EVEN_COUNTER_VALUE   ; OFF                         ; Untyped                       ;
; CLK8_USE_EVEN_COUNTER_VALUE   ; OFF                         ; Untyped                       ;
; CLK7_USE_EVEN_COUNTER_VALUE   ; OFF                         ; Untyped                       ;
; CLK6_USE_EVEN_COUNTER_VALUE   ; OFF                         ; Untyped                       ;
; CLK5_USE_EVEN_COUNTER_VALUE   ; OFF                         ; Untyped                       ;
; CLK4_USE_EVEN_COUNTER_VALUE   ; OFF                         ; Untyped                       ;
; CLK3_USE_EVEN_COUNTER_VALUE   ; OFF                         ; Untyped                       ;
; CLK2_USE_EVEN_COUNTER_VALUE   ; OFF                         ; Untyped                       ;
; CLK1_USE_EVEN_COUNTER_VALUE   ; OFF                         ; Untyped                       ;
; CLK0_USE_EVEN_COUNTER_VALUE   ; OFF                         ; Untyped                       ;
; LOCK_WINDOW_UI                ;  0.05                       ; Untyped                       ;
; LOCK_WINDOW_UI_BITS           ; UNUSED                      ; Untyped                       ;
; VCO_RANGE_DETECTOR_LOW_BITS   ; UNUSED                      ; Untyped                       ;
; VCO_RANGE_DETECTOR_HIGH_BITS  ; UNUSED                      ; Untyped                       ;
; DPA_MULTIPLY_BY               ; 0                           ; Untyped                       ;
; DPA_DIVIDE_BY                 ; 1                           ; Untyped                       ;
; DPA_DIVIDER                   ; 0                           ; Untyped                       ;
; EXTCLK3_MULTIPLY_BY           ; 1                           ; Untyped                       ;
; EXTCLK2_MULTIPLY_BY           ; 1                           ; Untyped                       ;
; EXTCLK1_MULTIPLY_BY           ; 1                           ; Untyped                       ;
; EXTCLK0_MULTIPLY_BY           ; 1                           ; Untyped                       ;
; EXTCLK3_DIVIDE_BY             ; 1                           ; Untyped                       ;
; EXTCLK2_DIVIDE_BY             ; 1                           ; Untyped                       ;
; EXTCLK1_DIVIDE_BY             ; 1                           ; Untyped                       ;
; EXTCLK0_DIVIDE_BY             ; 1                           ; Untyped                       ;
; EXTCLK3_PHASE_SHIFT           ; 0                           ; Untyped                       ;
; EXTCLK2_PHASE_SHIFT           ; 0                           ; Untyped                       ;
; EXTCLK1_PHASE_SHIFT           ; 0                           ; Untyped                       ;
; EXTCLK0_PHASE_SHIFT           ; 0                           ; Untyped                       ;
; EXTCLK3_TIME_DELAY            ; 0                           ; Untyped                       ;
; EXTCLK2_TIME_DELAY            ; 0                           ; Untyped                       ;
; EXTCLK1_TIME_DELAY            ; 0                           ; Untyped                       ;
; EXTCLK0_TIME_DELAY            ; 0                           ; Untyped                       ;
; EXTCLK3_DUTY_CYCLE            ; 50                          ; Untyped                       ;
; EXTCLK2_DUTY_CYCLE            ; 50                          ; Untyped                       ;
; EXTCLK1_DUTY_CYCLE            ; 50                          ; Untyped                       ;
; EXTCLK0_DUTY_CYCLE            ; 50                          ; Untyped                       ;
; VCO_MULTIPLY_BY               ; 0                           ; Untyped                       ;
; VCO_DIVIDE_BY                 ; 0                           ; Untyped                       ;
; SCLKOUT0_PHASE_SHIFT          ; 0                           ; Untyped                       ;
; SCLKOUT1_PHASE_SHIFT          ; 0                           ; Untyped                       ;
; VCO_MIN                       ; 0                           ; Untyped                       ;
; VCO_MAX                       ; 0                           ; Untyped                       ;
; VCO_CENTER                    ; 0                           ; Untyped                       ;
; PFD_MIN                       ; 0                           ; Untyped                       ;
; PFD_MAX                       ; 0                           ; Untyped                       ;
; M_INITIAL                     ; 0                           ; Untyped                       ;
; M                             ; 0                           ; Untyped                       ;
; N                             ; 1                           ; Untyped                       ;
; M2                            ; 1                           ; Untyped                       ;
; N2                            ; 1                           ; Untyped                       ;
; SS                            ; 1                           ; Untyped                       ;
; C0_HIGH                       ; 0                           ; Untyped                       ;
; C1_HIGH                       ; 0                           ; Untyped                       ;
; C2_HIGH                       ; 0                           ; Untyped                       ;
; C3_HIGH                       ; 0                           ; Untyped                       ;
; C4_HIGH                       ; 0                           ; Untyped                       ;
; C5_HIGH                       ; 0                           ; Untyped                       ;
; C6_HIGH                       ; 0                           ; Untyped                       ;
; C7_HIGH                       ; 0                           ; Untyped                       ;
; C8_HIGH                       ; 0                           ; Untyped                       ;
; C9_HIGH                       ; 0                           ; Untyped                       ;
; C0_LOW                        ; 0                           ; Untyped                       ;
; C1_LOW                        ; 0                           ; Untyped                       ;
; C2_LOW                        ; 0                           ; Untyped                       ;
; C3_LOW                        ; 0                           ; Untyped                       ;
; C4_LOW                        ; 0                           ; Untyped                       ;
; C5_LOW                        ; 0                           ; Untyped                       ;
; C6_LOW                        ; 0                           ; Untyped                       ;
; C7_LOW                        ; 0                           ; Untyped                       ;
; C8_LOW                        ; 0                           ; Untyped                       ;
; C9_LOW                        ; 0                           ; Untyped                       ;
; C0_INITIAL                    ; 0                           ; Untyped                       ;
; C1_INITIAL                    ; 0                           ; Untyped                       ;
; C2_INITIAL                    ; 0                           ; Untyped                       ;
; C3_INITIAL                    ; 0                           ; Untyped                       ;
; C4_INITIAL                    ; 0                           ; Untyped                       ;
; C5_INITIAL                    ; 0                           ; Untyped                       ;
; C6_INITIAL                    ; 0                           ; Untyped                       ;
; C7_INITIAL                    ; 0                           ; Untyped                       ;
; C8_INITIAL                    ; 0                           ; Untyped                       ;
; C9_INITIAL                    ; 0                           ; Untyped                       ;
; C0_MODE                       ; BYPASS                      ; Untyped                       ;
; C1_MODE                       ; BYPASS                      ; Untyped                       ;
; C2_MODE                       ; BYPASS                      ; Untyped                       ;
; C3_MODE                       ; BYPASS                      ; Untyped                       ;
; C4_MODE                       ; BYPASS                      ; Untyped                       ;
; C5_MODE                       ; BYPASS                      ; Untyped                       ;
; C6_MODE                       ; BYPASS                      ; Untyped                       ;
; C7_MODE                       ; BYPASS                      ; Untyped                       ;
; C8_MODE                       ; BYPASS                      ; Untyped                       ;
; C9_MODE                       ; BYPASS                      ; Untyped                       ;
; C0_PH                         ; 0                           ; Untyped                       ;
; C1_PH                         ; 0                           ; Untyped                       ;
; C2_PH                         ; 0                           ; Untyped                       ;
; C3_PH                         ; 0                           ; Untyped                       ;
; C4_PH                         ; 0                           ; Untyped                       ;
; C5_PH                         ; 0                           ; Untyped                       ;
; C6_PH                         ; 0                           ; Untyped                       ;
; C7_PH                         ; 0                           ; Untyped                       ;
; C8_PH                         ; 0                           ; Untyped                       ;
; C9_PH                         ; 0                           ; Untyped                       ;
; L0_HIGH                       ; 1                           ; Untyped                       ;
; L1_HIGH                       ; 1                           ; Untyped                       ;
; G0_HIGH                       ; 1                           ; Untyped                       ;
; G1_HIGH                       ; 1                           ; Untyped                       ;
; G2_HIGH                       ; 1                           ; Untyped                       ;
; G3_HIGH                       ; 1                           ; Untyped                       ;
; E0_HIGH                       ; 1                           ; Untyped                       ;
; E1_HIGH                       ; 1                           ; Untyped                       ;
; E2_HIGH                       ; 1                           ; Untyped                       ;
; E3_HIGH                       ; 1                           ; Untyped                       ;
; L0_LOW                        ; 1                           ; Untyped                       ;
; L1_LOW                        ; 1                           ; Untyped                       ;
; G0_LOW                        ; 1                           ; Untyped                       ;
; G1_LOW                        ; 1                           ; Untyped                       ;
; G2_LOW                        ; 1                           ; Untyped                       ;
; G3_LOW                        ; 1                           ; Untyped                       ;
; E0_LOW                        ; 1                           ; Untyped                       ;
; E1_LOW                        ; 1                           ; Untyped                       ;
; E2_LOW                        ; 1                           ; Untyped                       ;
; E3_LOW                        ; 1                           ; Untyped                       ;
; L0_INITIAL                    ; 1                           ; Untyped                       ;
; L1_INITIAL                    ; 1                           ; Untyped                       ;
; G0_INITIAL                    ; 1                           ; Untyped                       ;
; G1_INITIAL                    ; 1                           ; Untyped                       ;
; G2_INITIAL                    ; 1                           ; Untyped                       ;
; G3_INITIAL                    ; 1                           ; Untyped                       ;
; E0_INITIAL                    ; 1                           ; Untyped                       ;
; E1_INITIAL                    ; 1                           ; Untyped                       ;
; E2_INITIAL                    ; 1                           ; Untyped                       ;
; E3_INITIAL                    ; 1                           ; Untyped                       ;
; L0_MODE                       ; BYPASS                      ; Untyped                       ;
; L1_MODE                       ; BYPASS                      ; Untyped                       ;
; G0_MODE                       ; BYPASS                      ; Untyped                       ;
; G1_MODE                       ; BYPASS                      ; Untyped                       ;
; G2_MODE                       ; BYPASS                      ; Untyped                       ;
; G3_MODE                       ; BYPASS                      ; Untyped                       ;
; E0_MODE                       ; BYPASS                      ; Untyped                       ;
; E1_MODE                       ; BYPASS                      ; Untyped                       ;
; E2_MODE                       ; BYPASS                      ; Untyped                       ;
; E3_MODE                       ; BYPASS                      ; Untyped                       ;
; L0_PH                         ; 0                           ; Untyped                       ;
; L1_PH                         ; 0                           ; Untyped                       ;
; G0_PH                         ; 0                           ; Untyped                       ;
; G1_PH                         ; 0                           ; Untyped                       ;
; G2_PH                         ; 0                           ; Untyped                       ;
; G3_PH                         ; 0                           ; Untyped                       ;
; E0_PH                         ; 0                           ; Untyped                       ;
; E1_PH                         ; 0                           ; Untyped                       ;
; E2_PH                         ; 0                           ; Untyped                       ;
; E3_PH                         ; 0                           ; Untyped                       ;
; M_PH                          ; 0                           ; Untyped                       ;
; C1_USE_CASC_IN                ; OFF                         ; Untyped                       ;
; C2_USE_CASC_IN                ; OFF                         ; Untyped                       ;
; C3_USE_CASC_IN                ; OFF                         ; Untyped                       ;
; C4_USE_CASC_IN                ; OFF                         ; Untyped                       ;
; C5_USE_CASC_IN                ; OFF                         ; Untyped                       ;
; C6_USE_CASC_IN                ; OFF                         ; Untyped                       ;
; C7_USE_CASC_IN                ; OFF                         ; Untyped                       ;
; C8_USE_CASC_IN                ; OFF                         ; Untyped                       ;
; C9_USE_CASC_IN                ; OFF                         ; Untyped                       ;
; CLK0_COUNTER                  ; G0                          ; Untyped                       ;
; CLK1_COUNTER                  ; G0                          ; Untyped                       ;
; CLK2_COUNTER                  ; G0                          ; Untyped                       ;
; CLK3_COUNTER                  ; G0                          ; Untyped                       ;
; CLK4_COUNTER                  ; G0                          ; Untyped                       ;
; CLK5_COUNTER                  ; G0                          ; Untyped                       ;
; CLK6_COUNTER                  ; E0                          ; Untyped                       ;
; CLK7_COUNTER                  ; E1                          ; Untyped                       ;
; CLK8_COUNTER                  ; E2                          ; Untyped                       ;
; CLK9_COUNTER                  ; E3                          ; Untyped                       ;
; L0_TIME_DELAY                 ; 0                           ; Untyped                       ;
; L1_TIME_DELAY                 ; 0                           ; Untyped                       ;
; G0_TIME_DELAY                 ; 0                           ; Untyped                       ;
; G1_TIME_DELAY                 ; 0                           ; Untyped                       ;
; G2_TIME_DELAY                 ; 0                           ; Untyped                       ;
; G3_TIME_DELAY                 ; 0                           ; Untyped                       ;
; E0_TIME_DELAY                 ; 0                           ; Untyped                       ;
; E1_TIME_DELAY                 ; 0                           ; Untyped                       ;
; E2_TIME_DELAY                 ; 0                           ; Untyped                       ;
; E3_TIME_DELAY                 ; 0                           ; Untyped                       ;
; M_TIME_DELAY                  ; 0                           ; Untyped                       ;
; N_TIME_DELAY                  ; 0                           ; Untyped                       ;
; EXTCLK3_COUNTER               ; E3                          ; Untyped                       ;
; EXTCLK2_COUNTER               ; E2                          ; Untyped                       ;
; EXTCLK1_COUNTER               ; E1                          ; Untyped                       ;
; EXTCLK0_COUNTER               ; E0                          ; Untyped                       ;
; ENABLE0_COUNTER               ; L0                          ; Untyped                       ;
; ENABLE1_COUNTER               ; L0                          ; Untyped                       ;
; CHARGE_PUMP_CURRENT           ; 2                           ; Untyped                       ;
; LOOP_FILTER_R                 ;  1.000000                   ; Untyped                       ;
; LOOP_FILTER_C                 ; 5                           ; Untyped                       ;
; CHARGE_PUMP_CURRENT_BITS      ; 9999                        ; Untyped                       ;
; LOOP_FILTER_R_BITS            ; 9999                        ; Untyped                       ;
; LOOP_FILTER_C_BITS            ; 9999                        ; Untyped                       ;
; VCO_POST_SCALE                ; 0                           ; Untyped                       ;
; CLK2_OUTPUT_FREQUENCY         ; 0                           ; Untyped                       ;
; CLK1_OUTPUT_FREQUENCY         ; 0                           ; Untyped                       ;
; CLK0_OUTPUT_FREQUENCY         ; 0                           ; Untyped                       ;
; INTENDED_DEVICE_FAMILY        ; Cyclone 10 LP               ; Untyped                       ;
; PORT_CLKENA0                  ; PORT_UNUSED                 ; Untyped                       ;
; PORT_CLKENA1                  ; PORT_UNUSED                 ; Untyped                       ;
; PORT_CLKENA2                  ; PORT_UNUSED                 ; Untyped                       ;
; PORT_CLKENA3                  ; PORT_UNUSED                 ; Untyped                       ;
; PORT_CLKENA4                  ; PORT_UNUSED                 ; Untyped                       ;
; PORT_CLKENA5                  ; PORT_UNUSED                 ; Untyped                       ;
; PORT_EXTCLKENA0               ; PORT_CONNECTIVITY           ; Untyped                       ;
; PORT_EXTCLKENA1               ; PORT_CONNECTIVITY           ; Untyped                       ;
; PORT_EXTCLKENA2               ; PORT_CONNECTIVITY           ; Untyped                       ;
; PORT_EXTCLKENA3               ; PORT_CONNECTIVITY           ; Untyped                       ;
; PORT_EXTCLK0                  ; PORT_UNUSED                 ; Untyped                       ;
; PORT_EXTCLK1                  ; PORT_UNUSED                 ; Untyped                       ;
; PORT_EXTCLK2                  ; PORT_UNUSED                 ; Untyped                       ;
; PORT_EXTCLK3                  ; PORT_UNUSED                 ; Untyped                       ;
; PORT_CLKBAD0                  ; PORT_UNUSED                 ; Untyped                       ;
; PORT_CLKBAD1                  ; PORT_UNUSED                 ; Untyped                       ;
; PORT_CLK0                     ; PORT_USED                   ; Untyped                       ;
; PORT_CLK1                     ; PORT_UNUSED                 ; Untyped                       ;
; PORT_CLK2                     ; PORT_UNUSED                 ; Untyped                       ;
; PORT_CLK3                     ; PORT_UNUSED                 ; Untyped                       ;
; PORT_CLK4                     ; PORT_UNUSED                 ; Untyped                       ;
; PORT_CLK5                     ; PORT_UNUSED                 ; Untyped                       ;
; PORT_CLK6                     ; PORT_UNUSED                 ; Untyped                       ;
; PORT_CLK7                     ; PORT_UNUSED                 ; Untyped                       ;
; PORT_CLK8                     ; PORT_UNUSED                 ; Untyped                       ;
; PORT_CLK9                     ; PORT_UNUSED                 ; Untyped                       ;
; PORT_SCANDATA                 ; PORT_UNUSED                 ; Untyped                       ;
; PORT_SCANDATAOUT              ; PORT_UNUSED                 ; Untyped                       ;
; PORT_SCANDONE                 ; PORT_UNUSED                 ; Untyped                       ;
; PORT_SCLKOUT1                 ; PORT_CONNECTIVITY           ; Untyped                       ;
; PORT_SCLKOUT0                 ; PORT_CONNECTIVITY           ; Untyped                       ;
; PORT_ACTIVECLOCK              ; PORT_UNUSED                 ; Untyped                       ;
; PORT_CLKLOSS                  ; PORT_UNUSED                 ; Untyped                       ;
; PORT_INCLK1                   ; PORT_UNUSED                 ; Untyped                       ;
; PORT_INCLK0                   ; PORT_USED                   ; Untyped                       ;
; PORT_FBIN                     ; PORT_UNUSED                 ; Untyped                       ;
; PORT_PLLENA                   ; PORT_UNUSED                 ; Untyped                       ;
; PORT_CLKSWITCH                ; PORT_UNUSED                 ; Untyped                       ;
; PORT_ARESET                   ; PORT_UNUSED                 ; Untyped                       ;
; PORT_PFDENA                   ; PORT_UNUSED                 ; Untyped                       ;
; PORT_SCANCLK                  ; PORT_UNUSED                 ; Untyped                       ;
; PORT_SCANACLR                 ; PORT_UNUSED                 ; Untyped                       ;
; PORT_SCANREAD                 ; PORT_UNUSED                 ; Untyped                       ;
; PORT_SCANWRITE                ; PORT_UNUSED                 ; Untyped                       ;
; PORT_ENABLE0                  ; PORT_CONNECTIVITY           ; Untyped                       ;
; PORT_ENABLE1                  ; PORT_CONNECTIVITY           ; Untyped                       ;
; PORT_LOCKED                   ; PORT_UNUSED                 ; Untyped                       ;
; PORT_CONFIGUPDATE             ; PORT_UNUSED                 ; Untyped                       ;
; PORT_FBOUT                    ; PORT_CONNECTIVITY           ; Untyped                       ;
; PORT_PHASEDONE                ; PORT_UNUSED                 ; Untyped                       ;
; PORT_PHASESTEP                ; PORT_UNUSED                 ; Untyped                       ;
; PORT_PHASEUPDOWN              ; PORT_UNUSED                 ; Untyped                       ;
; PORT_SCANCLKENA               ; PORT_UNUSED                 ; Untyped                       ;
; PORT_PHASECOUNTERSELECT       ; PORT_UNUSED                 ; Untyped                       ;
; PORT_VCOOVERRANGE             ; PORT_CONNECTIVITY           ; Untyped                       ;
; PORT_VCOUNDERRANGE            ; PORT_CONNECTIVITY           ; Untyped                       ;
; M_TEST_SOURCE                 ; 5                           ; Untyped                       ;
; C0_TEST_SOURCE                ; 5                           ; Untyped                       ;
; C1_TEST_SOURCE                ; 5                           ; Untyped                       ;
; C2_TEST_SOURCE                ; 5                           ; Untyped                       ;
; C3_TEST_SOURCE                ; 5                           ; Untyped                       ;
; C4_TEST_SOURCE                ; 5                           ; Untyped                       ;
; C5_TEST_SOURCE                ; 5                           ; Untyped                       ;
; C6_TEST_SOURCE                ; 5                           ; Untyped                       ;
; C7_TEST_SOURCE                ; 5                           ; Untyped                       ;
; C8_TEST_SOURCE                ; 5                           ; Untyped                       ;
; C9_TEST_SOURCE                ; 5                           ; Untyped                       ;
; CBXI_PARAMETER                ; video_pll_altpll            ; Untyped                       ;
; VCO_FREQUENCY_CONTROL         ; AUTO                        ; Untyped                       ;
; VCO_PHASE_SHIFT_STEP          ; 0                           ; Untyped                       ;
; WIDTH_CLOCK                   ; 5                           ; Signed Integer                ;
; WIDTH_PHASECOUNTERSELECT      ; 4                           ; Untyped                       ;
; USING_FBMIMICBIDIR_PORT       ; OFF                         ; Untyped                       ;
; DEVICE_FAMILY                 ; Cyclone 10 LP               ; Untyped                       ;
; SCAN_CHAIN_MIF_FILE           ; UNUSED                      ; Untyped                       ;
; SIM_GATE_LOCK_DEVICE_BEHAVIOR ; OFF                         ; Untyped                       ;
; AUTO_CARRY_CHAINS             ; ON                          ; AUTO_CARRY                    ;
; IGNORE_CARRY_BUFFERS          ; OFF                         ; IGNORE_CARRY                  ;
; AUTO_CASCADE_CHAINS           ; ON                          ; AUTO_CASCADE                  ;
; IGNORE_CASCADE_BUFFERS        ; OFF                         ; IGNORE_CASCADE                ;
+-------------------------------+-----------------------------+-------------------------------+
Note: In order to hide this table in the UI and the text report file, please set the "Show Parameter Settings in Synthesis Report" option in "Analysis and Synthesis Settings -> More Settings" to "Off".


+-------------------------------------------------------------------------------+
; Parameter Settings for User Entity Instance: sys_state_ctrl:sys_state_ctrl_m0 ;
+----------------+-------+------------------------------------------------------+
; Parameter Name ; Value ; Type                                                 ;
+----------------+-------+------------------------------------------------------+
; MEM_DATA_BITS  ; 16    ; Signed Integer                                       ;
; ADDR_BITS      ; 24    ; Signed Integer                                       ;
; BUSRT_BITS     ; 10    ; Signed Integer                                       ;
+----------------+-------+------------------------------------------------------+
Note: In order to hide this table in the UI and the text report file, please set the "Show Parameter Settings in Synthesis Report" option in "Analysis and Synthesis Settings -> More Settings" to "Off".


+----------------------------------------------------------------------------------------------------------+
; Parameter Settings for User Entity Instance: sys_state_ctrl:sys_state_ctrl_m0|ax_debounce:ax_debounce_m1 ;
+----------------+-------+---------------------------------------------------------------------------------+
; Parameter Name ; Value ; Type                                                                            ;
+----------------+-------+---------------------------------------------------------------------------------+
; N              ; 32    ; Signed Integer                                                                  ;
; FREQ           ; 50    ; Signed Integer                                                                  ;
; MAX_TIME       ; 20    ; Signed Integer                                                                  ;
+----------------+-------+---------------------------------------------------------------------------------+
Note: In order to hide this table in the UI and the text report file, please set the "Show Parameter Settings in Synthesis Report" option in "Analysis and Synthesis Settings -> More Settings" to "Off".


+----------------------------------------------------------------------------------------------------------+
; Parameter Settings for User Entity Instance: sys_state_ctrl:sys_state_ctrl_m0|ax_debounce:ax_debounce_m2 ;
+----------------+-------+---------------------------------------------------------------------------------+
; Parameter Name ; Value ; Type                                                                            ;
+----------------+-------+---------------------------------------------------------------------------------+
; N              ; 32    ; Signed Integer                                                                  ;
; FREQ           ; 50    ; Signed Integer                                                                  ;
; MAX_TIME       ; 20    ; Signed Integer                                                                  ;
+----------------+-------+---------------------------------------------------------------------------------+
Note: In order to hide this table in the UI and the text report file, please set the "Show Parameter Settings in Synthesis Report" option in "Analysis and Synthesis Settings -> More Settings" to "Off".


+----------------------------------------------------------------------------------------------------+
; Parameter Settings for User Entity Instance: sd_card_bmp:sd_card_bmp_m0|ax_debounce:ax_debounce_m0 ;
+----------------+-------+---------------------------------------------------------------------------+
; Parameter Name ; Value ; Type                                                                      ;
+----------------+-------+---------------------------------------------------------------------------+
; N              ; 32    ; Signed Integer                                                            ;
; FREQ           ; 50    ; Signed Integer                                                            ;
; MAX_TIME       ; 20    ; Signed Integer                                                            ;
+----------------+-------+---------------------------------------------------------------------------+
Note: In order to hide this table in the UI and the text report file, please set the "Show Parameter Settings in Synthesis Report" option in "Analysis and Synthesis Settings -> More Settings" to "Off".


+----------------------------------------------------------------------------------------------------+
; Parameter Settings for User Entity Instance: sd_card_bmp:sd_card_bmp_m0|sd_card_top:sd_card_top_m0 ;
+--------------------+-------+-----------------------------------------------------------------------+
; Parameter Name     ; Value ; Type                                                                  ;
+--------------------+-------+-----------------------------------------------------------------------+
; SPI_LOW_SPEED_DIV  ; 248   ; Signed Integer                                                        ;
; SPI_HIGH_SPEED_DIV ; 0     ; Signed Integer                                                        ;
+--------------------+-------+-----------------------------------------------------------------------+
Note: In order to hide this table in the UI and the text report file, please set the "Show Parameter Settings in Synthesis Report" option in "Analysis and Synthesis Settings -> More Settings" to "Off".


+-----------------------------------------------------------------------------------------------------------------------------------------------------+
; Parameter Settings for User Entity Instance: sd_card_bmp:sd_card_bmp_m0|sd_card_top:sd_card_top_m0|sd_card_sec_read_write:sd_card_sec_read_write_m0 ;
+--------------------+-------+------------------------------------------------------------------------------------------------------------------------+
; Parameter Name     ; Value ; Type                                                                                                                   ;
+--------------------+-------+------------------------------------------------------------------------------------------------------------------------+
; SPI_LOW_SPEED_DIV  ; 248   ; Signed Integer                                                                                                         ;
; SPI_HIGH_SPEED_DIV ; 0     ; Signed Integer                                                                                                         ;
+--------------------+-------+------------------------------------------------------------------------------------------------------------------------+
Note: In order to hide this table in the UI and the text report file, please set the "Show Parameter Settings in Synthesis Report" option in "Analysis and Synthesis Settings -> More Settings" to "Off".


+-------------------------------------------------------------------------------------------------------------------------------+
; Parameter Settings for User Entity Instance: sd_card_bmp:sd_card_bmp_m0|sd_card_top:sd_card_top_m0|sd_card_cmd:sd_card_cmd_m0 ;
+----------------+-------+------------------------------------------------------------------------------------------------------+
; Parameter Name ; Value ; Type                                                                                                 ;
+----------------+-------+------------------------------------------------------------------------------------------------------+
; S_IDLE         ; 0     ; Signed Integer                                                                                       ;
; S_WAIT         ; 1     ; Signed Integer                                                                                       ;
; S_INIT         ; 2     ; Signed Integer                                                                                       ;
; S_CMD_PRE      ; 3     ; Signed Integer                                                                                       ;
; S_CMD          ; 4     ; Signed Integer                                                                                       ;
; S_CMD_DATA     ; 5     ; Signed Integer                                                                                       ;
; S_READ_WAIT    ; 6     ; Signed Integer                                                                                       ;
; S_READ         ; 7     ; Signed Integer                                                                                       ;
; S_READ_ACK     ; 8     ; Signed Integer                                                                                       ;
; S_WRITE_TOKEN  ; 9     ; Signed Integer                                                                                       ;
; S_WRITE_DATA_0 ; 10    ; Signed Integer                                                                                       ;
; S_WRITE_DATA_1 ; 11    ; Signed Integer                                                                                       ;
; S_WRITE_CRC    ; 12    ; Signed Integer                                                                                       ;
; S_WRITE_SUC    ; 13    ; Signed Integer                                                                                       ;
; S_WRITE_BUSY   ; 14    ; Signed Integer                                                                                       ;
; S_WRITE_ACK    ; 15    ; Signed Integer                                                                                       ;
; S_ERR          ; 16    ; Signed Integer                                                                                       ;
; S_END          ; 17    ; Signed Integer                                                                                       ;
+----------------+-------+------------------------------------------------------------------------------------------------------+
Note: In order to hide this table in the UI and the text report file, please set the "Show Parameter Settings in Synthesis Report" option in "Analysis and Synthesis Settings -> More Settings" to "Off".


+-------------------------------------------------------------------+
; Parameter Settings for User Entity Instance: seg_scan:seg_scan_m0 ;
+----------------+----------+---------------------------------------+
; Parameter Name ; Value    ; Type                                  ;
+----------------+----------+---------------------------------------+
; SCAN_FREQ      ; 200      ; Signed Integer                        ;
; CLK_FREQ       ; 50000000 ; Signed Integer                        ;
; SCAN_COUNT     ; 41665    ; Signed Integer                        ;
+----------------+----------+---------------------------------------+
Note: In order to hide this table in the UI and the text report file, please set the "Show Parameter Settings in Synthesis Report" option in "Analysis and Synthesis Settings -> More Settings" to "Off".


+-------------------------------------------------------------------------------------+
; Parameter Settings for User Entity Instance: video_timing_data:video_timing_data_m0 ;
+----------------+-------+------------------------------------------------------------+
; Parameter Name ; Value ; Type                                                       ;
+----------------+-------+------------------------------------------------------------+
; DATA_WIDTH     ; 16    ; Signed Integer                                             ;
+----------------+-------+------------------------------------------------------------+
Note: In order to hide this table in the UI and the text report file, please set the "Show Parameter Settings in Synthesis Report" option in "Analysis and Synthesis Settings -> More Settings" to "Off".


+------------------------------------------------------------------------------------------------------------+
; Parameter Settings for User Entity Instance: video_timing_data:video_timing_data_m0|color_bar:color_bar_m0 ;
+----------------+------------------+------------------------------------------------------------------------+
; Parameter Name ; Value            ; Type                                                                   ;
+----------------+------------------+------------------------------------------------------------------------+
; H_ACTIVE       ; 0000001010000000 ; Unsigned Binary                                                        ;
; H_FP           ; 0000000000010000 ; Unsigned Binary                                                        ;
; H_SYNC         ; 0000000001100000 ; Unsigned Binary                                                        ;
; H_BP           ; 0000000000110000 ; Unsigned Binary                                                        ;
; V_ACTIVE       ; 0000000111100000 ; Unsigned Binary                                                        ;
; V_FP           ; 0000000000001010 ; Unsigned Binary                                                        ;
; V_SYNC         ; 0000000000000010 ; Unsigned Binary                                                        ;
; V_BP           ; 0000000000100001 ; Unsigned Binary                                                        ;
; HS_POL         ; 0                ; Unsigned Binary                                                        ;
; VS_POL         ; 0                ; Unsigned Binary                                                        ;
; H_TOTAL        ; 0000001100100000 ; Unsigned Binary                                                        ;
; V_TOTAL        ; 0000001000001101 ; Unsigned Binary                                                        ;
; WHITE_R        ; 11111111         ; Unsigned Binary                                                        ;
; WHITE_G        ; 11111111         ; Unsigned Binary                                                        ;
; WHITE_B        ; 11111111         ; Unsigned Binary                                                        ;
; YELLOW_R       ; 11111111         ; Unsigned Binary                                                        ;
; YELLOW_G       ; 11111111         ; Unsigned Binary                                                        ;
; YELLOW_B       ; 00000000         ; Unsigned Binary                                                        ;
; CYAN_R         ; 00000000         ; Unsigned Binary                                                        ;
; CYAN_G         ; 11111111         ; Unsigned Binary                                                        ;
; CYAN_B         ; 11111111         ; Unsigned Binary                                                        ;
; GREEN_R        ; 00000000         ; Unsigned Binary                                                        ;
; GREEN_G        ; 11111111         ; Unsigned Binary                                                        ;
; GREEN_B        ; 00000000         ; Unsigned Binary                                                        ;
; MAGENTA_R      ; 11111111         ; Unsigned Binary                                                        ;
; MAGENTA_G      ; 00000000         ; Unsigned Binary                                                        ;
; MAGENTA_B      ; 11111111         ; Unsigned Binary                                                        ;
; RED_R          ; 11111111         ; Unsigned Binary                                                        ;
; RED_G          ; 00000000         ; Unsigned Binary                                                        ;
; RED_B          ; 00000000         ; Unsigned Binary                                                        ;
; BLUE_R         ; 00000000         ; Unsigned Binary                                                        ;
; BLUE_G         ; 00000000         ; Unsigned Binary                                                        ;
; BLUE_B         ; 11111111         ; Unsigned Binary                                                        ;
; BLACK_R        ; 00000000         ; Unsigned Binary                                                        ;
; BLACK_G        ; 00000000         ; Unsigned Binary                                                        ;
; BLACK_B        ; 00000000         ; Unsigned Binary                                                        ;
+----------------+------------------+------------------------------------------------------------------------+
Note: In order to hide this table in the UI and the text report file, please set the "Show Parameter Settings in Synthesis Report" option in "Analysis and Synthesis Settings -> More Settings" to "Off".


+-----------------------------------------------------------------------------------+
; Parameter Settings for User Entity Instance: frame_read_write:frame_read_write_m0 ;
+-----------------+-------+---------------------------------------------------------+
; Parameter Name  ; Value ; Type                                                    ;
+-----------------+-------+---------------------------------------------------------+
; MEM_DATA_BITS   ; 16    ; Signed Integer                                          ;
; READ_DATA_BITS  ; 16    ; Signed Integer                                          ;
; WRITE_DATA_BITS ; 16    ; Signed Integer                                          ;
; ADDR_BITS       ; 24    ; Signed Integer                                          ;
; BUSRT_BITS      ; 10    ; Signed Integer                                          ;
; BURST_SIZE      ; 128   ; Signed Integer                                          ;
+-----------------+-------+---------------------------------------------------------+
Note: In order to hide this table in the UI and the text report file, please set the "Show Parameter Settings in Synthesis Report" option in "Analysis and Synthesis Settings -> More Settings" to "Off".


+----------------------------------------------------------------------------------------------------------------------------------+
; Parameter Settings for User Entity Instance: frame_read_write:frame_read_write_m0|afifo_16_256:write_buf|dcfifo:dcfifo_component ;
+-------------------------+---------------+----------------------------------------------------------------------------------------+
; Parameter Name          ; Value         ; Type                                                                                   ;
+-------------------------+---------------+----------------------------------------------------------------------------------------+
; WIDTH_BYTEENA           ; 1             ; Untyped                                                                                ;
; AUTO_CARRY_CHAINS       ; ON            ; AUTO_CARRY                                                                             ;
; IGNORE_CARRY_BUFFERS    ; OFF           ; IGNORE_CARRY                                                                           ;
; AUTO_CASCADE_CHAINS     ; ON            ; AUTO_CASCADE                                                                           ;
; IGNORE_CASCADE_BUFFERS  ; OFF           ; IGNORE_CASCADE                                                                         ;
; LPM_WIDTH               ; 16            ; Signed Integer                                                                         ;
; LPM_NUMWORDS            ; 256           ; Signed Integer                                                                         ;
; LPM_WIDTHU              ; 8             ; Signed Integer                                                                         ;
; LPM_SHOWAHEAD           ; OFF           ; Untyped                                                                                ;
; UNDERFLOW_CHECKING      ; ON            ; Untyped                                                                                ;
; OVERFLOW_CHECKING       ; ON            ; Untyped                                                                                ;
; USE_EAB                 ; ON            ; Untyped                                                                                ;
; ADD_RAM_OUTPUT_REGISTER ; OFF           ; Untyped                                                                                ;
; ENABLE_ECC              ; FALSE         ; Untyped                                                                                ;
; DELAY_RDUSEDW           ; 1             ; Untyped                                                                                ;
; DELAY_WRUSEDW           ; 1             ; Untyped                                                                                ;
; RDSYNC_DELAYPIPE        ; 4             ; Signed Integer                                                                         ;
; WRSYNC_DELAYPIPE        ; 4             ; Signed Integer                                                                         ;
; CLOCKS_ARE_SYNCHRONIZED ; FALSE         ; Untyped                                                                                ;
; MAXIMIZE_SPEED          ; 5             ; Untyped                                                                                ;
; DEVICE_FAMILY           ; Cyclone 10 LP ; Untyped                                                                                ;
; ADD_USEDW_MSB_BIT       ; OFF           ; Untyped                                                                                ;
; WRITE_ACLR_SYNCH        ; OFF           ; Untyped                                                                                ;
; READ_ACLR_SYNCH         ; OFF           ; Untyped                                                                                ;
; CBXI_PARAMETER          ; dcfifo_spl1   ; Untyped                                                                                ;
+-------------------------+---------------+----------------------------------------------------------------------------------------+
Note: In order to hide this table in the UI and the text report file, please set the "Show Parameter Settings in Synthesis Report" option in "Analysis and Synthesis Settings -> More Settings" to "Off".


+------------------------------------------------------------------------------------------------------------------------+
; Parameter Settings for User Entity Instance: frame_read_write:frame_read_write_m0|frame_fifo_write:frame_fifo_write_m0 ;
+----------------+-------+-----------------------------------------------------------------------------------------------+
; Parameter Name ; Value ; Type                                                                                          ;
+----------------+-------+-----------------------------------------------------------------------------------------------+
; MEM_DATA_BITS  ; 16    ; Signed Integer                                                                                ;
; ADDR_BITS      ; 24    ; Signed Integer                                                                                ;
; BUSRT_BITS     ; 10    ; Signed Integer                                                                                ;
; BURST_SIZE     ; 128   ; Signed Integer                                                                                ;
+----------------+-------+-----------------------------------------------------------------------------------------------+
Note: In order to hide this table in the UI and the text report file, please set the "Show Parameter Settings in Synthesis Report" option in "Analysis and Synthesis Settings -> More Settings" to "Off".


+---------------------------------------------------------------------------------------------------------------------------------+
; Parameter Settings for User Entity Instance: frame_read_write:frame_read_write_m0|afifo_16_256:read_buf|dcfifo:dcfifo_component ;
+-------------------------+---------------+---------------------------------------------------------------------------------------+
; Parameter Name          ; Value         ; Type                                                                                  ;
+-------------------------+---------------+---------------------------------------------------------------------------------------+
; WIDTH_BYTEENA           ; 1             ; Untyped                                                                               ;
; AUTO_CARRY_CHAINS       ; ON            ; AUTO_CARRY                                                                            ;
; IGNORE_CARRY_BUFFERS    ; OFF           ; IGNORE_CARRY                                                                          ;
; AUTO_CASCADE_CHAINS     ; ON            ; AUTO_CASCADE                                                                          ;
; IGNORE_CASCADE_BUFFERS  ; OFF           ; IGNORE_CASCADE                                                                        ;
; LPM_WIDTH               ; 16            ; Signed Integer                                                                        ;
; LPM_NUMWORDS            ; 256           ; Signed Integer                                                                        ;
; LPM_WIDTHU              ; 8             ; Signed Integer                                                                        ;
; LPM_SHOWAHEAD           ; OFF           ; Untyped                                                                               ;
; UNDERFLOW_CHECKING      ; ON            ; Untyped                                                                               ;
; OVERFLOW_CHECKING       ; ON            ; Untyped                                                                               ;
; USE_EAB                 ; ON            ; Untyped                                                                               ;
; ADD_RAM_OUTPUT_REGISTER ; OFF           ; Untyped                                                                               ;
; ENABLE_ECC              ; FALSE         ; Untyped                                                                               ;
; DELAY_RDUSEDW           ; 1             ; Untyped                                                                               ;
; DELAY_WRUSEDW           ; 1             ; Untyped                                                                               ;
; RDSYNC_DELAYPIPE        ; 4             ; Signed Integer                                                                        ;
; WRSYNC_DELAYPIPE        ; 4             ; Signed Integer                                                                        ;
; CLOCKS_ARE_SYNCHRONIZED ; FALSE         ; Untyped                                                                               ;
; MAXIMIZE_SPEED          ; 5             ; Untyped                                                                               ;
; DEVICE_FAMILY           ; Cyclone 10 LP ; Untyped                                                                               ;
; ADD_USEDW_MSB_BIT       ; OFF           ; Untyped                                                                               ;
; WRITE_ACLR_SYNCH        ; OFF           ; Untyped                                                                               ;
; READ_ACLR_SYNCH         ; OFF           ; Untyped                                                                               ;
; CBXI_PARAMETER          ; dcfifo_spl1   ; Untyped                                                                               ;
+-------------------------+---------------+---------------------------------------------------------------------------------------+
Note: In order to hide this table in the UI and the text report file, please set the "Show Parameter Settings in Synthesis Report" option in "Analysis and Synthesis Settings -> More Settings" to "Off".


+----------------------------------------------------------------------------------------------------------------------+
; Parameter Settings for User Entity Instance: frame_read_write:frame_read_write_m0|frame_fifo_read:frame_fifo_read_m0 ;
+----------------+-------+---------------------------------------------------------------------------------------------+
; Parameter Name ; Value ; Type                                                                                        ;
+----------------+-------+---------------------------------------------------------------------------------------------+
; MEM_DATA_BITS  ; 16    ; Signed Integer                                                                              ;
; ADDR_BITS      ; 24    ; Signed Integer                                                                              ;
; BUSRT_BITS     ; 10    ; Signed Integer                                                                              ;
; FIFO_DEPTH     ; 256   ; Signed Integer                                                                              ;
; BURST_SIZE     ; 128   ; Signed Integer                                                                              ;
+----------------+-------+---------------------------------------------------------------------------------------------+
Note: In order to hide this table in the UI and the text report file, please set the "Show Parameter Settings in Synthesis Report" option in "Analysis and Synthesis Settings -> More Settings" to "Off".


+-----------------------------------------------------------------------------------+
; Parameter Settings for User Entity Instance: frame_read_write:frame_read_write_m1 ;
+-----------------+-------+---------------------------------------------------------+
; Parameter Name  ; Value ; Type                                                    ;
+-----------------+-------+---------------------------------------------------------+
; MEM_DATA_BITS   ; 16    ; Signed Integer                                          ;
; READ_DATA_BITS  ; 16    ; Signed Integer                                          ;
; WRITE_DATA_BITS ; 16    ; Signed Integer                                          ;
; ADDR_BITS       ; 24    ; Signed Integer                                          ;
; BUSRT_BITS      ; 10    ; Signed Integer                                          ;
; BURST_SIZE      ; 128   ; Signed Integer                                          ;
+-----------------+-------+---------------------------------------------------------+
Note: In order to hide this table in the UI and the text report file, please set the "Show Parameter Settings in Synthesis Report" option in "Analysis and Synthesis Settings -> More Settings" to "Off".


+----------------------------------------------------------------------------------------------------------------------------------+
; Parameter Settings for User Entity Instance: frame_read_write:frame_read_write_m1|afifo_16_256:write_buf|dcfifo:dcfifo_component ;
+-------------------------+---------------+----------------------------------------------------------------------------------------+
; Parameter Name          ; Value         ; Type                                                                                   ;
+-------------------------+---------------+----------------------------------------------------------------------------------------+
; WIDTH_BYTEENA           ; 1             ; Untyped                                                                                ;
; AUTO_CARRY_CHAINS       ; ON            ; AUTO_CARRY                                                                             ;
; IGNORE_CARRY_BUFFERS    ; OFF           ; IGNORE_CARRY                                                                           ;
; AUTO_CASCADE_CHAINS     ; ON            ; AUTO_CASCADE                                                                           ;
; IGNORE_CASCADE_BUFFERS  ; OFF           ; IGNORE_CASCADE                                                                         ;
; LPM_WIDTH               ; 16            ; Signed Integer                                                                         ;
; LPM_NUMWORDS            ; 256           ; Signed Integer                                                                         ;
; LPM_WIDTHU              ; 8             ; Signed Integer                                                                         ;
; LPM_SHOWAHEAD           ; OFF           ; Untyped                                                                                ;
; UNDERFLOW_CHECKING      ; ON            ; Untyped                                                                                ;
; OVERFLOW_CHECKING       ; ON            ; Untyped                                                                                ;
; USE_EAB                 ; ON            ; Untyped                                                                                ;
; ADD_RAM_OUTPUT_REGISTER ; OFF           ; Untyped                                                                                ;
; ENABLE_ECC              ; FALSE         ; Untyped                                                                                ;
; DELAY_RDUSEDW           ; 1             ; Untyped                                                                                ;
; DELAY_WRUSEDW           ; 1             ; Untyped                                                                                ;
; RDSYNC_DELAYPIPE        ; 4             ; Signed Integer                                                                         ;
; WRSYNC_DELAYPIPE        ; 4             ; Signed Integer                                                                         ;
; CLOCKS_ARE_SYNCHRONIZED ; FALSE         ; Untyped                                                                                ;
; MAXIMIZE_SPEED          ; 5             ; Untyped                                                                                ;
; DEVICE_FAMILY           ; Cyclone 10 LP ; Untyped                                                                                ;
; ADD_USEDW_MSB_BIT       ; OFF           ; Untyped                                                                                ;
; WRITE_ACLR_SYNCH        ; OFF           ; Untyped                                                                                ;
; READ_ACLR_SYNCH         ; OFF           ; Untyped                                                                                ;
; CBXI_PARAMETER          ; dcfifo_spl1   ; Untyped                                                                                ;
+-------------------------+---------------+----------------------------------------------------------------------------------------+
Note: In order to hide this table in the UI and the text report file, please set the "Show Parameter Settings in Synthesis Report" option in "Analysis and Synthesis Settings -> More Settings" to "Off".


+------------------------------------------------------------------------------------------------------------------------+
; Parameter Settings for User Entity Instance: frame_read_write:frame_read_write_m1|frame_fifo_write:frame_fifo_write_m0 ;
+----------------+-------+-----------------------------------------------------------------------------------------------+
; Parameter Name ; Value ; Type                                                                                          ;
+----------------+-------+-----------------------------------------------------------------------------------------------+
; MEM_DATA_BITS  ; 16    ; Signed Integer                                                                                ;
; ADDR_BITS      ; 24    ; Signed Integer                                                                                ;
; BUSRT_BITS     ; 10    ; Signed Integer                                                                                ;
; BURST_SIZE     ; 128   ; Signed Integer                                                                                ;
+----------------+-------+-----------------------------------------------------------------------------------------------+
Note: In order to hide this table in the UI and the text report file, please set the "Show Parameter Settings in Synthesis Report" option in "Analysis and Synthesis Settings -> More Settings" to "Off".


+---------------------------------------------------------------------------------------------------------------------------------+
; Parameter Settings for User Entity Instance: frame_read_write:frame_read_write_m1|afifo_16_256:read_buf|dcfifo:dcfifo_component ;
+-------------------------+---------------+---------------------------------------------------------------------------------------+
; Parameter Name          ; Value         ; Type                                                                                  ;
+-------------------------+---------------+---------------------------------------------------------------------------------------+
; WIDTH_BYTEENA           ; 1             ; Untyped                                                                               ;
; AUTO_CARRY_CHAINS       ; ON            ; AUTO_CARRY                                                                            ;
; IGNORE_CARRY_BUFFERS    ; OFF           ; IGNORE_CARRY                                                                          ;
; AUTO_CASCADE_CHAINS     ; ON            ; AUTO_CASCADE                                                                          ;
; IGNORE_CASCADE_BUFFERS  ; OFF           ; IGNORE_CASCADE                                                                        ;
; LPM_WIDTH               ; 16            ; Signed Integer                                                                        ;
; LPM_NUMWORDS            ; 256           ; Signed Integer                                                                        ;
; LPM_WIDTHU              ; 8             ; Signed Integer                                                                        ;
; LPM_SHOWAHEAD           ; OFF           ; Untyped                                                                               ;
; UNDERFLOW_CHECKING      ; ON            ; Untyped                                                                               ;
; OVERFLOW_CHECKING       ; ON            ; Untyped                                                                               ;
; USE_EAB                 ; ON            ; Untyped                                                                               ;
; ADD_RAM_OUTPUT_REGISTER ; OFF           ; Untyped                                                                               ;
; ENABLE_ECC              ; FALSE         ; Untyped                                                                               ;
; DELAY_RDUSEDW           ; 1             ; Untyped                                                                               ;
; DELAY_WRUSEDW           ; 1             ; Untyped                                                                               ;
; RDSYNC_DELAYPIPE        ; 4             ; Signed Integer                                                                        ;
; WRSYNC_DELAYPIPE        ; 4             ; Signed Integer                                                                        ;
; CLOCKS_ARE_SYNCHRONIZED ; FALSE         ; Untyped                                                                               ;
; MAXIMIZE_SPEED          ; 5             ; Untyped                                                                               ;
; DEVICE_FAMILY           ; Cyclone 10 LP ; Untyped                                                                               ;
; ADD_USEDW_MSB_BIT       ; OFF           ; Untyped                                                                               ;
; WRITE_ACLR_SYNCH        ; OFF           ; Untyped                                                                               ;
; READ_ACLR_SYNCH         ; OFF           ; Untyped                                                                               ;
; CBXI_PARAMETER          ; dcfifo_spl1   ; Untyped                                                                               ;
+-------------------------+---------------+---------------------------------------------------------------------------------------+
Note: In order to hide this table in the UI and the text report file, please set the "Show Parameter Settings in Synthesis Report" option in "Analysis and Synthesis Settings -> More Settings" to "Off".


+----------------------------------------------------------------------------------------------------------------------+
; Parameter Settings for User Entity Instance: frame_read_write:frame_read_write_m1|frame_fifo_read:frame_fifo_read_m0 ;
+----------------+-------+---------------------------------------------------------------------------------------------+
; Parameter Name ; Value ; Type                                                                                        ;
+----------------+-------+---------------------------------------------------------------------------------------------+
; MEM_DATA_BITS  ; 16    ; Signed Integer                                                                              ;
; ADDR_BITS      ; 24    ; Signed Integer                                                                              ;
; BUSRT_BITS     ; 10    ; Signed Integer                                                                              ;
; FIFO_DEPTH     ; 256   ; Signed Integer                                                                              ;
; BURST_SIZE     ; 128   ; Signed Integer                                                                              ;
+----------------+-------+---------------------------------------------------------------------------------------------+
Note: In order to hide this table in the UI and the text report file, please set the "Show Parameter Settings in Synthesis Report" option in "Analysis and Synthesis Settings -> More Settings" to "Off".


+-----------------------------------------------------------------------+
; Parameter Settings for User Entity Instance: sdram_core:sdram_core_m0 ;
+-----------------+-------+---------------------------------------------+
; Parameter Name  ; Value ; Type                                        ;
+-----------------+-------+---------------------------------------------+
; T_RP            ; 4     ; Signed Integer                              ;
; T_RC            ; 6     ; Signed Integer                              ;
; T_MRD           ; 6     ; Signed Integer                              ;
; T_RCD           ; 2     ; Signed Integer                              ;
; T_WR            ; 3     ; Signed Integer                              ;
; CASn            ; 3     ; Signed Integer                              ;
; SDR_BA_WIDTH    ; 2     ; Signed Integer                              ;
; SDR_ROW_WIDTH   ; 13    ; Signed Integer                              ;
; SDR_COL_WIDTH   ; 9     ; Signed Integer                              ;
; SDR_DQ_WIDTH    ; 16    ; Signed Integer                              ;
; SDR_DQM_WIDTH   ; 2     ; Signed Integer                              ;
; APP_ADDR_WIDTH  ; 24    ; Signed Integer                              ;
; APP_BURST_WIDTH ; 9     ; Signed Integer                              ;
+-----------------+-------+---------------------------------------------+
Note: In order to hide this table in the UI and the text report file, please set the "Show Parameter Settings in Synthesis Report" option in "Analysis and Synthesis Settings -> More Settings" to "Off".


+------------------------------------------------------------------------------------------------------------------+
; Partition Dependent Files                                                                                        ;
+---------------------------------------------+-----------------------+---------+----------------------------------+
; File                                        ; Location              ; Library ; Checksum                         ;
+---------------------------------------------+-----------------------+---------+----------------------------------+
; libraries/megafunctions/a_fefifo.inc        ; Quartus Prime Install ; work    ; 05a44f50e786a1d286adceb227096b9f ;
; libraries/megafunctions/a_gray2bin.inc      ; Quartus Prime Install ; work    ; 7e4b761bbeb1a382a47a02f89c03e13e ;
; libraries/megafunctions/a_graycounter.inc   ; Quartus Prime Install ; work    ; c8eabdd6f8e7d384595a15fec5005aa8 ;
; libraries/megafunctions/aglobal181.inc      ; Quartus Prime Install ; work    ; 5e51ccbc7a52298c3a01f3b5bfb59350 ;
; libraries/megafunctions/alt_sync_fifo.inc   ; Quartus Prime Install ; work    ; a019bef5b10e73079dfab915daa2a6c4 ;
; libraries/megafunctions/altdpram.inc        ; Quartus Prime Install ; work    ; 229c034d72d6c571b2f9af0f2aa5d997 ;
; libraries/megafunctions/altpll.tdf          ; Quartus Prime Install ; work    ; aa98bacc177fec4e0c987adf93460f0d ;
; libraries/megafunctions/altsyncram_fifo.inc ; Quartus Prime Install ; work    ; 04b2b21790828d0d59a04a16f08af58b ;
; libraries/megafunctions/cycloneii_pll.inc   ; Quartus Prime Install ; work    ; c2ee779f089b03bc181df753ea85b3ef ;
; libraries/megafunctions/dcfifo.tdf          ; Quartus Prime Install ; work    ; 65a2a80ee6e81e112e34e6e4518fc244 ;
; libraries/megafunctions/dffpipe.inc         ; Quartus Prime Install ; work    ; 5471cd80ee441dd293de0ca0963c9aa0 ;
; libraries/megafunctions/lpm_add_sub.inc     ; Quartus Prime Install ; work    ; 144a73b61081a2a03554ff5acc5e8842 ;
; libraries/megafunctions/lpm_compare.inc     ; Quartus Prime Install ; work    ; bbd3e8c93afb7320934629e5fb011566 ;
; libraries/megafunctions/lpm_counter.inc     ; Quartus Prime Install ; work    ; c5cfeeabc5f2ab60b3453f6abbc42b41 ;
; libraries/megafunctions/stratix_pll.inc     ; Quartus Prime Install ; work    ; a9a94c5b0e18105f7ae8c218a67ec9f7 ;
; libraries/megafunctions/stratixii_pll.inc   ; Quartus Prime Install ; work    ; 6797ab505ed700f1a221e4a213e106a6 ;
; db/a_gray2bin_ngb.tdf                       ; Project Directory     ; work    ; 1fc9d4ba70b4a27cc7f7eabbe018aae7 ;
; db/a_graycounter_ijc.tdf                    ; Project Directory     ; work    ; cb2f5a2ad4c070a4f40282d6d3867b1e ;
; db/a_graycounter_m57.tdf                    ; Project Directory     ; work    ; 347dddcf7a11280d14df49728acc1864 ;
; db/alt_synch_pipe_2ol.tdf                   ; Project Directory     ; work    ; efcc0c706151a8a99b084f86e01f6ec8 ;
; db/alt_synch_pipe_3ol.tdf                   ; Project Directory     ; work    ; bc40f03b759521bf67361225884cad33 ;
; db/altsyncram_fv61.tdf                      ; Project Directory     ; work    ; 9ae95b7d196fb0560ab820b3b8196dad ;
; db/cmpr_866.tdf                             ; Project Directory     ; work    ; ea9a04b5dfab9e6ec614a896a6b42598 ;
; db/dcfifo_spl1.tdf                          ; Project Directory     ; work    ; ded5366b8a7dffa3df475103b95bc184 ;
; db/dffpipe_gd9.tdf                          ; Project Directory     ; work    ; 5fe0e7240aef5b4ed1c820f4251b9a00 ;
; db/dffpipe_jd9.tdf                          ; Project Directory     ; work    ; f40f8711e5b7059577f20b43e1716681 ;
; db/dffpipe_kd9.tdf                          ; Project Directory     ; work    ; 60cdc9c3bfef4828e5462d5e336425eb ;
; db/sys_pll_altpll.v                         ; Project Directory     ; work    ; 2c8d3d2f6fee9cfaa53fc743e4845848 ;
; db/video_pll_altpll.v                       ; Project Directory     ; work    ; 561ebde2d5630f917d02e2048314c2db ;
; flash_cmd.v                                 ; Project Directory     ; work    ; 4cceab5e64f6b24a82b54debd196cdd5 ;
; flash_reader.v                              ; Project Directory     ; work    ; 8ed44e23da334f8de0de23b95164a09c ;
; flash_step.v                                ; Project Directory     ; work    ; 9402d312d60fdeb32540a75e22295ce8 ;
; flash_write_read.v                          ; Project Directory     ; work    ; cfcdf2c687df927ad1c49a8b8cccb8e0 ;
; flash_writer.v                              ; Project Directory     ; work    ; 2dd0bd75941468db0eb2e5702a4223a4 ;
; Qspi_master.v                               ; Project Directory     ; work    ; d7c9aa9ce1c8b2f2538c07a11867c381 ;
; src/ax_debounce.v                           ; Project Directory     ; work    ; f7508bfd1ec399386dbb6b3788c62f5f ;
; src/bmp_read.v                              ; Project Directory     ; work    ; 28341f627fec57d2b6abb06a93c21917 ;
; src/color_bar.v                             ; Project Directory     ; work    ; cb16a6fb96cec63739dc9cd87f4113c8 ;
; src/frame_fifo_read.v                       ; Project Directory     ; work    ; 7e0f7b76ae37059aa19e151d997ab9c7 ;
; src/frame_fifo_write.v                      ; Project Directory     ; work    ; e008e96d74ae99219500aead459024c6 ;
; src/frame_read_write.v                      ; Project Directory     ; work    ; 8c42beb7e7a3ba3b073e86477923e1b9 ;
; src/ip_core/afifo_16_256.v                  ; Project Directory     ; work    ; 4d0362e6e1d8f255525d1cb989db6c60 ;
; src/ip_core/sys_pll.v                       ; Project Directory     ; work    ; 3e6b65a11f30fd12dc7a2bc26da6e90a ;
; src/ip_core/video_pll.v                     ; Project Directory     ; work    ; 1c30a4162a0306dd738c89a687e54b8d ;
; src/sd_card/sd_card_cmd.v                   ; Project Directory     ; work    ; 6f646d35349a2079dc3b9b5f16aa2f61 ;
; src/sd_card/sd_card_sec_read_write.v        ; Project Directory     ; work    ; f036f70180fcaa31df1d69849273a810 ;
; src/sd_card/sd_card_top.v                   ; Project Directory     ; work    ; 800cd125ee09e25ffd599ecb44a97da4 ;
; src/sd_card/spi_master.v                    ; Project Directory     ; work    ; 1197717ccf4d8d264d14387d9cab636a ;
; src/sd_card_bmp.v                           ; Project Directory     ; work    ; e1b647f38d759052ea684bc071e4a9b8 ;
; src/sdram/sdram_core.v                      ; Project Directory     ; work    ; c518bca09f432691cb14c5445e7eaa8e ;
; src/seg_decoder.v                           ; Project Directory     ; work    ; 2a6d968b317a1044240c0fb996b81904 ;
; src/seg_scan.v                              ; Project Directory     ; work    ; 8711a65ba7e1ed316d9c119b0f865302 ;
; src/top.v                                   ; Project Directory     ; work    ; 66bdb4164341a78655a41a503142309e ;
; src/video_define.v                          ; Project Directory     ; work    ; c5677883cf82bcf11b6902221a73b5a8 ;
; src/video_timing_data.v                     ; Project Directory     ; work    ; d0bb4f6575b93fee9bd9bcdcf2c3146e ;
; sys_state_ctrl.v                            ; Project Directory     ; work    ; 94cf68cf761730f4984975e2082c2b55 ;
+---------------------------------------------+-----------------------+---------+----------------------------------+


+-----------------------------------------------------+
; Post-Synthesis Netlist Statistics for Top Partition ;
+-----------------------+-----------------------------+
; Type                  ; Count                       ;
+-----------------------+-----------------------------+
; boundary_port         ; 87                          ;
; cycloneiii_ff         ; 1661                        ;
;     CLR               ; 756                         ;
;     CLR SCLR          ; 146                         ;
;     CLR SLD           ; 84                          ;
;     ENA               ; 18                          ;
;     ENA CLR           ; 391                         ;
;     ENA CLR SCLR      ; 209                         ;
;     ENA CLR SCLR SLD  ; 1                           ;
;     ENA CLR SLD       ; 55                          ;
;     plain             ; 1                           ;
; cycloneiii_io_obuf    ; 20                          ;
; cycloneiii_lcell_comb ; 2338                        ;
;     arith             ; 665                         ;
;         2 data inputs ; 598                         ;
;         3 data inputs ; 67                          ;
;     normal            ; 1673                        ;
;         0 data inputs ; 2                           ;
;         1 data inputs ; 99                          ;
;         2 data inputs ; 285                         ;
;         3 data inputs ; 389                         ;
;         4 data inputs ; 898                         ;
; cycloneiii_pll        ; 2                           ;
; cycloneiii_ram_block  ; 64                          ;
;                       ;                             ;
; Max LUT depth         ; 7.00                        ;
; Average LUT depth     ; 3.05                        ;
+-----------------------+-----------------------------+


+-------------------------------------------------------+
; Source assignments for sld_signaltap:auto_signaltap_0 ;
+-----------------+-------+------+----------------------+
; Assignment      ; Value ; From ; To                   ;
+-----------------+-------+------+----------------------+
; MESSAGE_DISABLE ; 13410 ; -    ; -                    ;
+-----------------+-------+------+----------------------+


+-------------------------------------------------------------------------------------------------------------------------------------------------------------------------------------------------------------------------+
; Parameter Settings for Inferred Entity Instance: sld_signaltap:auto_signaltap_0                                                                                                                                         ;
+-------------------------------------------------+------------------------------------------------------------------------------------------------------------------------------------------------------+----------------+
; Parameter Name                                  ; Value                                                                                                                                                ; Type           ;
+-------------------------------------------------+------------------------------------------------------------------------------------------------------------------------------------------------------+----------------+
; lpm_type                                        ; sld_signaltap                                                                                                                                        ; String         ;
; sld_node_info                                   ; 805334528                                                                                                                                            ; Untyped        ;
; SLD_SECTION_ID                                  ; hdl_signaltap_0                                                                                                                                      ; String         ;
; SLD_IP_VERSION                                  ; 6                                                                                                                                                    ; Signed Integer ;
; SLD_IP_MINOR_VERSION                            ; 0                                                                                                                                                    ; Signed Integer ;
; SLD_COMMON_IP_VERSION                           ; 0                                                                                                                                                    ; Signed Integer ;
; sld_data_bits                                   ; 41                                                                                                                                                   ; Untyped        ;
; sld_trigger_bits                                ; 41                                                                                                                                                   ; Untyped        ;
; SLD_NODE_CRC_BITS                               ; 32                                                                                                                                                   ; Signed Integer ;
; SLD_NODE_CRC_HIWORD                             ; 41394                                                                                                                                                ; Signed Integer ;
; SLD_NODE_CRC_LOWORD                             ; 50132                                                                                                                                                ; Signed Integer ;
; sld_incremental_routing                         ; 1                                                                                                                                                    ; Untyped        ;
; sld_sample_depth                                ; 2048                                                                                                                                                 ; Untyped        ;
; sld_segment_size                                ; 2048                                                                                                                                                 ; Untyped        ;
; sld_ram_block_type                              ; AUTO                                                                                                                                                 ; Untyped        ;
; sld_state_bits                                  ; 11                                                                                                                                                   ; Untyped        ;
; sld_buffer_full_stop                            ; 1                                                                                                                                                    ; Untyped        ;
; SLD_MEM_ADDRESS_BITS                            ; 7                                                                                                                                                    ; Signed Integer ;
; SLD_DATA_BIT_CNTR_BITS                          ; 4                                                                                                                                                    ; Signed Integer ;
; sld_trigger_level                               ; 1                                                                                                                                                    ; Untyped        ;
; sld_trigger_in_enabled                          ; 0                                                                                                                                                    ; Untyped        ;
; SLD_HPS_TRIGGER_IN_ENABLED                      ; 0                                                                                                                                                    ; Signed Integer ;
; SLD_HPS_TRIGGER_OUT_ENABLED                     ; 0                                                                                                                                                    ; Signed Integer ;
; SLD_HPS_EVENT_ENABLED                           ; 0                                                                                                                                                    ; Signed Integer ;
; SLD_HPS_EVENT_ID                                ; 0                                                                                                                                                    ; Signed Integer ;
; sld_advanced_trigger_entity                     ; basic,1,                                                                                                                                             ; Untyped        ;
; sld_trigger_level_pipeline                      ; 1                                                                                                                                                    ; Untyped        ;
; sld_trigger_pipeline                            ; 0                                                                                                                                                    ; Untyped        ;
; sld_ram_pipeline                                ; 0                                                                                                                                                    ; Untyped        ;
; sld_counter_pipeline                            ; 0                                                                                                                                                    ; Untyped        ;
; sld_enable_advanced_trigger                     ; 0                                                                                                                                                    ; Untyped        ;
; SLD_ADVANCED_TRIGGER_1                          ; NONE                                                                                                                                                 ; String         ;
; SLD_ADVANCED_TRIGGER_2                          ; NONE                                                                                                                                                 ; String         ;
; SLD_ADVANCED_TRIGGER_3                          ; NONE                                                                                                                                                 ; String         ;
; SLD_ADVANCED_TRIGGER_4                          ; NONE                                                                                                                                                 ; String         ;
; SLD_ADVANCED_TRIGGER_5                          ; NONE                                                                                                                                                 ; String         ;
; SLD_ADVANCED_TRIGGER_6                          ; NONE                                                                                                                                                 ; String         ;
; SLD_ADVANCED_TRIGGER_7                          ; NONE                                                                                                                                                 ; String         ;
; SLD_ADVANCED_TRIGGER_8                          ; NONE                                                                                                                                                 ; String         ;
; SLD_ADVANCED_TRIGGER_9                          ; NONE                                                                                                                                                 ; String         ;
; SLD_ADVANCED_TRIGGER_10                         ; NONE                                                                                                                                                 ; String         ;
; sld_inversion_mask_length                       ; 148                                                                                                                                                  ; Untyped        ;
; sld_inversion_mask                              ; 0000000000000000000000000000000000000000000000000000000000000000000000000000000000000000000000000000000000000000000000000000000000000000000000000000 ; Untyped        ;
; sld_power_up_trigger                            ; 0                                                                                                                                                    ; Untyped        ;
; SLD_STATE_FLOW_MGR_ENTITY                       ; state_flow_mgr_entity.vhd                                                                                                                            ; String         ;
; sld_state_flow_use_generated                    ; 0                                                                                                                                                    ; Untyped        ;
; sld_current_resource_width                      ; 1                                                                                                                                                    ; Untyped        ;
; sld_attribute_mem_mode                          ; OFF                                                                                                                                                  ; Untyped        ;
; sld_storage_qualifier_bits                      ; 41                                                                                                                                                   ; Untyped        ;
; SLD_STORAGE_QUALIFIER_GAP_RECORD                ; 0                                                                                                                                                    ; Signed Integer ;
; SLD_STORAGE_QUALIFIER_MODE                      ; OFF                                                                                                                                                  ; String         ;
; SLD_STORAGE_QUALIFIER_ENABLE_ADVANCED_CONDITION ; 0                                                                                                                                                    ; Signed Integer ;
; sld_storage_qualifier_inversion_mask_length     ; 0                                                                                                                                                    ; Untyped        ;
; SLD_STORAGE_QUALIFIER_ADVANCED_CONDITION_ENTITY ; basic                                                                                                                                                ; String         ;
; SLD_STORAGE_QUALIFIER_PIPELINE                  ; 0                                                                                                                                                    ; Signed Integer ;
; SLD_CREATE_MONITOR_INTERFACE                    ; 0                                                                                                                                                    ; Signed Integer ;
; SLD_USE_JTAG_SIGNAL_ADAPTER                     ; 1                                                                                                                                                    ; Signed Integer ;
+-------------------------------------------------+------------------------------------------------------------------------------------------------------------------------------------------------------+----------------+
Note: In order to hide this table in the UI and the text report file, please set the "Show Parameter Settings in Synthesis Report" option in "Analysis and Synthesis Settings -> More Settings" to "Off".


+---------------------------------------------------------------------------------------------------------------------------------------------------------------------------------------------------------------------+
; Port Connectivity Checks: "sdram_core:sdram_core_m0"                                                                                                                                                                ;
+--------------+-------+----------+-----------------------------------------------------------------------------------------------------------------------------------------------------------------------------------+
; Port         ; Type  ; Severity ; Details                                                                                                                                                                           ;
+--------------+-------+----------+-----------------------------------------------------------------------------------------------------------------------------------------------------------------------------------+
; rd_burst_len ; Input ; Warning  ; Input port expression (10 bits) is wider than the input port (9 bits) it drives.  The 1 most-significant bit(s) in the expression will be dangling if they have no other fanouts. ;
; wr_burst_len ; Input ; Warning  ; Input port expression (10 bits) is wider than the input port (9 bits) it drives.  The 1 most-significant bit(s) in the expression will be dangling if they have no other fanouts. ;
+--------------+-------+----------+-----------------------------------------------------------------------------------------------------------------------------------------------------------------------------------+


+--------------------------------------------------------------------------------------------------------------------------------------------------+
; Port Connectivity Checks: "frame_read_write:frame_read_write_m1"                                                                                 ;
+-------------------+--------+----------+----------------------------------------------------------------------------------------------------------+
; Port              ; Type   ; Severity ; Details                                                                                                  ;
+-------------------+--------+----------+----------------------------------------------------------------------------------------------------------+
; read_addr_0       ; Input  ; Info     ; Stuck at GND                                                                                             ;
; read_addr_1       ; Input  ; Info     ; Stuck at GND                                                                                             ;
; read_addr_2       ; Input  ; Info     ; Stuck at GND                                                                                             ;
; read_addr_3       ; Input  ; Info     ; Stuck at GND                                                                                             ;
; read_addr_index   ; Input  ; Info     ; Stuck at GND                                                                                             ;
; read_len[13..12]  ; Input  ; Info     ; Stuck at VCC                                                                                             ;
; read_len[23..19]  ; Input  ; Info     ; Stuck at GND                                                                                             ;
; read_len[17..16]  ; Input  ; Info     ; Stuck at GND                                                                                             ;
; read_len[11..0]   ; Input  ; Info     ; Stuck at GND                                                                                             ;
; read_len[18]      ; Input  ; Info     ; Stuck at VCC                                                                                             ;
; read_len[15]      ; Input  ; Info     ; Stuck at VCC                                                                                             ;
; read_len[14]      ; Input  ; Info     ; Stuck at GND                                                                                             ;
; write_finish      ; Output ; Info     ; Explicitly unconnected                                                                                   ;
; write_addr_0      ; Input  ; Info     ; Stuck at GND                                                                                             ;
; write_addr_1      ; Input  ; Info     ; Stuck at GND                                                                                             ;
; write_addr_2      ; Input  ; Info     ; Stuck at GND                                                                                             ;
; write_addr_3      ; Input  ; Info     ; Stuck at GND                                                                                             ;
; write_addr_index  ; Input  ; Info     ; Stuck at GND                                                                                             ;
; write_len[13..12] ; Input  ; Info     ; Stuck at VCC                                                                                             ;
; write_len[23..19] ; Input  ; Info     ; Stuck at GND                                                                                             ;
; write_len[17..16] ; Input  ; Info     ; Stuck at GND                                                                                             ;
; write_len[11..0]  ; Input  ; Info     ; Stuck at GND                                                                                             ;
; write_len[18]     ; Input  ; Info     ; Stuck at VCC                                                                                             ;
; write_len[15]     ; Input  ; Info     ; Stuck at VCC                                                                                             ;
; write_len[14]     ; Input  ; Info     ; Stuck at GND                                                                                             ;
; read_finish       ; Output ; Warning  ; Declared by entity but not connected by instance. Logic that only feeds a dangling port will be removed. ;
+-------------------+--------+----------+----------------------------------------------------------------------------------------------------------+


+------------------------------------------------------------------------------------------------------------------------------------------+
; Port Connectivity Checks: "frame_read_write:frame_read_write_m0|frame_fifo_read:frame_fifo_read_m0"                                      ;
+-----------+--------+----------+----------------------------------------------------------------------------------------------------------+
; Port      ; Type   ; Severity ; Details                                                                                                  ;
+-----------+--------+----------+----------------------------------------------------------------------------------------------------------+
; read_busy ; Output ; Warning  ; Declared by entity but not connected by instance. Logic that only feeds a dangling port will be removed. ;
+-----------+--------+----------+----------------------------------------------------------------------------------------------------------+


+------------------------------------------------------------------------------------------------------------------------------------------------------------------------------------------------------+
; Port Connectivity Checks: "frame_read_write:frame_read_write_m0|afifo_16_256:read_buf"                                                                                                               ;
+---------+--------+----------+------------------------------------------------------------------------------------------------------------------------------------------------------------------------+
; Port    ; Type   ; Severity ; Details                                                                                                                                                                ;
+---------+--------+----------+------------------------------------------------------------------------------------------------------------------------------------------------------------------------+
; rdempty ; Output ; Info     ; Explicitly unconnected                                                                                                                                                 ;
; wrfull  ; Output ; Info     ; Explicitly unconnected                                                                                                                                                 ;
; rdusedw ; Output ; Info     ; Explicitly unconnected                                                                                                                                                 ;
; wrusedw ; Output ; Warning  ; Output or bidir port (8 bits) is smaller than the port expression (16 bits) it drives.  The 8 most-significant bit(s) in the port expression will be connected to GND. ;
+---------+--------+----------+------------------------------------------------------------------------------------------------------------------------------------------------------------------------+


+-------------------------------------------------------------------------------------------------------------------------------------------+
; Port Connectivity Checks: "frame_read_write:frame_read_write_m0|frame_fifo_write:frame_fifo_write_m0"                                     ;
+------------+--------+----------+----------------------------------------------------------------------------------------------------------+
; Port       ; Type   ; Severity ; Details                                                                                                  ;
+------------+--------+----------+----------------------------------------------------------------------------------------------------------+
; write_busy ; Output ; Warning  ; Declared by entity but not connected by instance. Logic that only feeds a dangling port will be removed. ;
+------------+--------+----------+----------------------------------------------------------------------------------------------------------+


+------------------------------------------------------------------------------------------------------------------------------------------------------------------------------------------------------+
; Port Connectivity Checks: "frame_read_write:frame_read_write_m0|afifo_16_256:write_buf"                                                                                                              ;
+---------+--------+----------+------------------------------------------------------------------------------------------------------------------------------------------------------------------------+
; Port    ; Type   ; Severity ; Details                                                                                                                                                                ;
+---------+--------+----------+------------------------------------------------------------------------------------------------------------------------------------------------------------------------+
; rdempty ; Output ; Info     ; Explicitly unconnected                                                                                                                                                 ;
; wrfull  ; Output ; Info     ; Explicitly unconnected                                                                                                                                                 ;
; rdusedw ; Output ; Warning  ; Output or bidir port (8 bits) is smaller than the port expression (16 bits) it drives.  The 8 most-significant bit(s) in the port expression will be connected to GND. ;
; wrusedw ; Output ; Info     ; Explicitly unconnected                                                                                                                                                 ;
+---------+--------+----------+------------------------------------------------------------------------------------------------------------------------------------------------------------------------+


+------------------------------------------------------------------+
; Port Connectivity Checks: "frame_read_write:frame_read_write_m0" ;
+-------------------+--------+----------+--------------------------+
; Port              ; Type   ; Severity ; Details                  ;
+-------------------+--------+----------+--------------------------+
; read_finish       ; Output ; Info     ; Explicitly unconnected   ;
; read_addr_0       ; Input  ; Info     ; Stuck at GND             ;
; read_addr_1       ; Input  ; Info     ; Stuck at GND             ;
; read_addr_2       ; Input  ; Info     ; Stuck at GND             ;
; read_addr_3       ; Input  ; Info     ; Stuck at GND             ;
; read_addr_index   ; Input  ; Info     ; Stuck at GND             ;
; read_len[13..12]  ; Input  ; Info     ; Stuck at VCC             ;
; read_len[23..19]  ; Input  ; Info     ; Stuck at GND             ;
; read_len[17..16]  ; Input  ; Info     ; Stuck at GND             ;
; read_len[11..0]   ; Input  ; Info     ; Stuck at GND             ;
; read_len[18]      ; Input  ; Info     ; Stuck at VCC             ;
; read_len[15]      ; Input  ; Info     ; Stuck at VCC             ;
; read_len[14]      ; Input  ; Info     ; Stuck at GND             ;
; write_finish      ; Output ; Info     ; Explicitly unconnected   ;
; write_addr_0      ; Input  ; Info     ; Stuck at GND             ;
; write_addr_1      ; Input  ; Info     ; Stuck at GND             ;
; write_addr_2      ; Input  ; Info     ; Stuck at GND             ;
; write_addr_3      ; Input  ; Info     ; Stuck at GND             ;
; write_addr_index  ; Input  ; Info     ; Stuck at GND             ;
; write_len[13..12] ; Input  ; Info     ; Stuck at VCC             ;
; write_len[23..19] ; Input  ; Info     ; Stuck at GND             ;
; write_len[17..16] ; Input  ; Info     ; Stuck at GND             ;
; write_len[11..0]  ; Input  ; Info     ; Stuck at GND             ;
; write_len[18]     ; Input  ; Info     ; Stuck at VCC             ;
; write_len[15]     ; Input  ; Info     ; Stuck at VCC             ;
; write_len[14]     ; Input  ; Info     ; Stuck at GND             ;
+-------------------+--------+----------+--------------------------+


+-------------------------------------------------------------------------------------------+
; Port Connectivity Checks: "video_timing_data:video_timing_data_m0|color_bar:color_bar_m0" ;
+-------+--------+----------+---------------------------------------------------------------+
; Port  ; Type   ; Severity ; Details                                                       ;
+-------+--------+----------+---------------------------------------------------------------+
; rgb_r ; Output ; Info     ; Explicitly unconnected                                        ;
; rgb_g ; Output ; Info     ; Explicitly unconnected                                        ;
; rgb_b ; Output ; Info     ; Explicitly unconnected                                        ;
+-------+--------+----------+---------------------------------------------------------------+


+--------------------------------------------------------------------+
; Port Connectivity Checks: "video_timing_data:video_timing_data_m0" ;
+------+--------+----------+-----------------------------------------+
; Port ; Type   ; Severity ; Details                                 ;
+------+--------+----------+-----------------------------------------+
; de   ; Output ; Info     ; Explicitly unconnected                  ;
+------+--------+----------+-----------------------------------------+


+--------------------------------------------------+
; Port Connectivity Checks: "seg_scan:seg_scan_m0" ;
+---------------+-------+----------+---------------+
; Port          ; Type  ; Severity ; Details       ;
+---------------+-------+----------+---------------+
; seg_data_0    ; Input ; Info     ; Stuck at VCC  ;
; seg_data_1    ; Input ; Info     ; Stuck at VCC  ;
; seg_data_2    ; Input ; Info     ; Stuck at VCC  ;
; seg_data_3    ; Input ; Info     ; Stuck at VCC  ;
; seg_data_4    ; Input ; Info     ; Stuck at VCC  ;
; seg_data_5[7] ; Input ; Info     ; Stuck at VCC  ;
+---------------+-------+----------+---------------+


+---------------------------------------------------------------------------------------------+
; Port Connectivity Checks: "flash_write_read:flash_write_read_m0|Qspi_master:Qspi_master_m0" ;
+----------------+-------+----------+---------------------------------------------------------+
; Port           ; Type  ; Severity ; Details                                                 ;
+----------------+-------+----------+---------------------------------------------------------+
; clk_div[15..1] ; Input ; Info     ; Stuck at GND                                            ;
; clk_div[0]     ; Input ; Info     ; Stuck at VCC                                            ;
; CPOL           ; Input ; Info     ; Stuck at GND                                            ;
; CPHA           ; Input ; Info     ; Stuck at GND                                            ;
+----------------+-------+----------+---------------------------------------------------------+


+-----------------------------------------------------------------------------------------------+
; Port Connectivity Checks: "flash_write_read:flash_write_read_m0|flash_writer:flash_writer_m0" ;
+-----------------+-------+----------+----------------------------------------------------------+
; Port            ; Type  ; Severity ; Details                                                  ;
+-----------------+-------+----------+----------------------------------------------------------+
; pic_len[13..12] ; Input ; Info     ; Stuck at VCC                                             ;
; pic_len[31..19] ; Input ; Info     ; Stuck at GND                                             ;
; pic_len[17..16] ; Input ; Info     ; Stuck at GND                                             ;
; pic_len[11..0]  ; Input ; Info     ; Stuck at GND                                             ;
; pic_len[18]     ; Input ; Info     ; Stuck at VCC                                             ;
; pic_len[15]     ; Input ; Info     ; Stuck at VCC                                             ;
; pic_len[14]     ; Input ; Info     ; Stuck at GND                                             ;
+-----------------+-------+----------+----------------------------------------------------------+


+-----------------------------------------------------------------------------------------------+
; Port Connectivity Checks: "flash_write_read:flash_write_read_m0|flash_reader:flash_reader_m0" ;
+-----------------+-------+----------+----------------------------------------------------------+
; Port            ; Type  ; Severity ; Details                                                  ;
+-----------------+-------+----------+----------------------------------------------------------+
; pic_len[13..12] ; Input ; Info     ; Stuck at VCC                                             ;
; pic_len[31..19] ; Input ; Info     ; Stuck at GND                                             ;
; pic_len[17..16] ; Input ; Info     ; Stuck at GND                                             ;
; pic_len[11..0]  ; Input ; Info     ; Stuck at GND                                             ;
; pic_len[18]     ; Input ; Info     ; Stuck at VCC                                             ;
; pic_len[15]     ; Input ; Info     ; Stuck at VCC                                             ;
; pic_len[14]     ; Input ; Info     ; Stuck at GND                                             ;
+-----------------+-------+----------+----------------------------------------------------------+


+------------------------------------------------------------------------------------------------------------+
; Port Connectivity Checks: "sd_card_bmp:sd_card_bmp_m0|sd_card_top:sd_card_top_m0|spi_master:spi_master_m0" ;
+------+-------+----------+----------------------------------------------------------------------------------+
; Port ; Type  ; Severity ; Details                                                                          ;
+------+-------+----------+----------------------------------------------------------------------------------+
; CPOL ; Input ; Info     ; Stuck at VCC                                                                     ;
; CPHA ; Input ; Info     ; Stuck at VCC                                                                     ;
+------+-------+----------+----------------------------------------------------------------------------------+


+-----------------------------------------------------------------------------------+
; Port Connectivity Checks: "sd_card_bmp:sd_card_bmp_m0|sd_card_top:sd_card_top_m0" ;
+-----------------------+--------+----------+---------------------------------------+
; Port                  ; Type   ; Severity ; Details                               ;
+-----------------------+--------+----------+---------------------------------------+
; sd_sec_write          ; Input  ; Info     ; Stuck at GND                          ;
; sd_sec_write_addr     ; Input  ; Info     ; Stuck at GND                          ;
; sd_sec_write_data     ; Input  ; Info     ; Explicitly unconnected                ;
; sd_sec_write_data_req ; Output ; Info     ; Explicitly unconnected                ;
; sd_sec_write_end      ; Output ; Info     ; Explicitly unconnected                ;
+-----------------------+--------+----------+---------------------------------------+


+----------------------------------------------------------------------------------------------------------------------------+
; Port Connectivity Checks: "sd_card_bmp:sd_card_bmp_m0|bmp_read:bmp_read_m0"                                                ;
+------------------+--------+----------+-------------------------------------------------------------------------------------+
; Port             ; Type   ; Severity ; Details                                                                             ;
+------------------+--------+----------+-------------------------------------------------------------------------------------+
; ready            ; Output ; Info     ; Explicitly unconnected                                                              ;
; bmp_data[18..16] ; Output ; Info     ; Connected to dangling logic. Logic that only feeds a dangling port will be removed. ;
; bmp_data[9..8]   ; Output ; Info     ; Connected to dangling logic. Logic that only feeds a dangling port will be removed. ;
; bmp_data[2..0]   ; Output ; Info     ; Connected to dangling logic. Logic that only feeds a dangling port will be removed. ;
+------------------+--------+----------+-------------------------------------------------------------------------------------+


+-----------------------------------------------------------------------------------+
; Port Connectivity Checks: "sd_card_bmp:sd_card_bmp_m0|ax_debounce:ax_debounce_m0" ;
+----------------+--------+----------+----------------------------------------------+
; Port           ; Type   ; Severity ; Details                                      ;
+----------------+--------+----------+----------------------------------------------+
; button_posedge ; Output ; Info     ; Explicitly unconnected                       ;
; button_out     ; Output ; Info     ; Explicitly unconnected                       ;
+----------------+--------+----------+----------------------------------------------+


+--------------------------------------------------------+
; Port Connectivity Checks: "sd_card_bmp:sd_card_bmp_m0" ;
+-------------------+-------+----------+-----------------+
; Port              ; Type  ; Severity ; Details         ;
+-------------------+-------+----------+-----------------+
; bmp_width[15..10] ; Input ; Info     ; Stuck at GND    ;
; bmp_width[6..0]   ; Input ; Info     ; Stuck at GND    ;
; bmp_width[9]      ; Input ; Info     ; Stuck at VCC    ;
; bmp_width[8]      ; Input ; Info     ; Stuck at GND    ;
; bmp_width[7]      ; Input ; Info     ; Stuck at VCC    ;
+-------------------+-------+----------+-----------------+


+-----------------------------------------------------------------------------------------+
; Port Connectivity Checks: "sys_state_ctrl:sys_state_ctrl_m0|ax_debounce:ax_debounce_m2" ;
+----------------+--------+----------+----------------------------------------------------+
; Port           ; Type   ; Severity ; Details                                            ;
+----------------+--------+----------+----------------------------------------------------+
; button_posedge ; Output ; Info     ; Explicitly unconnected                             ;
; button_negedge ; Output ; Info     ; Explicitly unconnected                             ;
+----------------+--------+----------+----------------------------------------------------+


+-----------------------------------------------------------------------------------------+
; Port Connectivity Checks: "sys_state_ctrl:sys_state_ctrl_m0|ax_debounce:ax_debounce_m1" ;
+----------------+--------+----------+----------------------------------------------------+
; Port           ; Type   ; Severity ; Details                                            ;
+----------------+--------+----------+----------------------------------------------------+
; button_posedge ; Output ; Info     ; Explicitly unconnected                             ;
; button_out     ; Output ; Info     ; Explicitly unconnected                             ;
+----------------+--------+----------+----------------------------------------------------+


+---------------------------------------------------------------------------------------------------------------------------+
; Port Connectivity Checks: "sys_state_ctrl:sys_state_ctrl_m0"                                                              ;
+-----------------+--------+----------+-------------------------------------------------------------------------------------+
; Port            ; Type   ; Severity ; Details                                                                             ;
+-----------------+--------+----------+-------------------------------------------------------------------------------------+
; rd_burst_len[9] ; Output ; Info     ; Connected to dangling logic. Logic that only feeds a dangling port will be removed. ;
; wr_burst_len[9] ; Output ; Info     ; Connected to dangling logic. Logic that only feeds a dangling port will be removed. ;
+-----------------+--------+----------+-------------------------------------------------------------------------------------+


+-------------------------------------------------------------------------------------------------------------------------------------------------------------------------------------------------------------------------------------------------------------------------+
; Signal Tap Logic Analyzer Settings                                                                                                                                                                                                                                      ;
+----------------+------------------+---------------------+------------------+--------------+----------+------------------------+----------------------+--------------------+-----------------------------+-----------------+------------------+--------------------------+
; Instance Index ; Instance Name    ; Trigger Input Width ; Data Input Width ; Sample Depth ; Segments ; Storage Qualifier Type ; Trigger Flow Control ; Trigger Conditions ; Advanced Trigger Conditions ; Trigger In Used ; Trigger Out Used ; Power-Up Trigger Enabled ;
+----------------+------------------+---------------------+------------------+--------------+----------+------------------------+----------------------+--------------------+-----------------------------+-----------------+------------------+--------------------------+
; 0              ; auto_signaltap_0 ; 41                  ; 41               ; 2048         ; 1        ; continuous             ; sequential           ; 1                  ; 0                           ; no              ; no               ; no                       ;
+----------------+------------------+---------------------+------------------+--------------+----------+------------------------+----------------------+--------------------+-----------------------------+-----------------+------------------+--------------------------+


+-------------------------------+
; Elapsed Time Per Partition    ;
+----------------+--------------+
; Partition Name ; Elapsed Time ;
+----------------+--------------+
; Top            ; 00:00:03     ;
+----------------+--------------+


+-------------------------------+
; Analysis & Synthesis Messages ;
+-------------------------------+
Info: *******************************************************************
Info: Running Quartus Prime Analysis & Synthesis
    Info: Version 18.1.0 Build 625 09/12/2018 SJ Standard Edition
    Info: Processing started: Fri Dec 08 17:34:23 2023
Info: Command: quartus_map --read_settings_files=on --write_settings_files=off sd_sdram_vga -c sd_sdram_vga
Warning (18236): Number of processors has not been specified which may cause overloading on shared machines.  Set the global assignment NUM_PARALLEL_PROCESSORS in your QSF to an appropriate value for best performance.
Info (20030): Parallel compilation is enabled and will use 12 of the 12 processors detected
Info (12021): Found 1 design units, including 1 entities, in source file tb_flash.sv
    Info (12023): Found entity 1: Tb_flash File: D:/Projects/2023_10_10_HX4S20_test/spi_FLASH_SDRAM_pic/14_TF_sdram_vga/Tb_flash.sv Line: 2
Info (12021): Found 1 design units, including 1 entities, in source file src/seg_scan.v
    Info (12023): Found entity 1: seg_scan File: D:/Projects/2023_10_10_HX4S20_test/spi_FLASH_SDRAM_pic/14_TF_sdram_vga/src/seg_scan.v Line: 2
Info (12021): Found 1 design units, including 1 entities, in source file src/seg_decoder.v
    Info (12023): Found entity 1: seg_decoder File: D:/Projects/2023_10_10_HX4S20_test/spi_FLASH_SDRAM_pic/14_TF_sdram_vga/src/seg_decoder.v Line: 2
Info (12021): Found 0 design units, including 0 entities, in source file src/video_define.v
Info (12021): Found 1 design units, including 1 entities, in source file src/frame_read_write.v
    Info (12023): Found entity 1: frame_read_write File: D:/Projects/2023_10_10_HX4S20_test/spi_FLASH_SDRAM_pic/14_TF_sdram_vga/src/frame_read_write.v Line: 2
Info (12021): Found 1 design units, including 1 entities, in source file src/sd_card/spi_master.v
    Info (12023): Found entity 1: spi_master File: D:/Projects/2023_10_10_HX4S20_test/spi_FLASH_SDRAM_pic/14_TF_sdram_vga/src/sd_card/spi_master.v Line: 2
Info (12021): Found 1 design units, including 1 entities, in source file src/sd_card/sd_card_top.v
    Info (12023): Found entity 1: sd_card_top File: D:/Projects/2023_10_10_HX4S20_test/spi_FLASH_SDRAM_pic/14_TF_sdram_vga/src/sd_card/sd_card_top.v Line: 2
Info (12021): Found 1 design units, including 1 entities, in source file src/sd_card/sd_card_sec_read_write.v
    Info (12023): Found entity 1: sd_card_sec_read_write File: D:/Projects/2023_10_10_HX4S20_test/spi_FLASH_SDRAM_pic/14_TF_sdram_vga/src/sd_card/sd_card_sec_read_write.v Line: 2
Info (12021): Found 1 design units, including 1 entities, in source file src/sd_card/sd_card_cmd.v
    Info (12023): Found entity 1: sd_card_cmd File: D:/Projects/2023_10_10_HX4S20_test/spi_FLASH_SDRAM_pic/14_TF_sdram_vga/src/sd_card/sd_card_cmd.v Line: 2
Info (12021): Found 1 design units, including 1 entities, in source file src/ip_core/video_pll.v
    Info (12023): Found entity 1: video_pll File: D:/Projects/2023_10_10_HX4S20_test/spi_FLASH_SDRAM_pic/14_TF_sdram_vga/src/ip_core/video_pll.v Line: 39
Info (12021): Found 1 design units, including 1 entities, in source file src/ax_debounce.v
    Info (12023): Found entity 1: ax_debounce File: D:/Projects/2023_10_10_HX4S20_test/spi_FLASH_SDRAM_pic/14_TF_sdram_vga/src/ax_debounce.v Line: 3
Info (12021): Found 1 design units, including 1 entities, in source file src/ip_core/sys_pll.v
    Info (12023): Found entity 1: sys_pll File: D:/Projects/2023_10_10_HX4S20_test/spi_FLASH_SDRAM_pic/14_TF_sdram_vga/src/ip_core/sys_pll.v Line: 39
Info (12021): Found 1 design units, including 1 entities, in source file src/sdram/sdram_core.v
    Info (12023): Found entity 1: sdram_core File: D:/Projects/2023_10_10_HX4S20_test/spi_FLASH_SDRAM_pic/14_TF_sdram_vga/src/sdram/sdram_core.v Line: 2
Info (12021): Found 1 design units, including 1 entities, in source file src/video_timing_data.v
    Info (12023): Found entity 1: video_timing_data File: D:/Projects/2023_10_10_HX4S20_test/spi_FLASH_SDRAM_pic/14_TF_sdram_vga/src/video_timing_data.v Line: 1
Info (12021): Found 1 design units, including 1 entities, in source file src/top.v
    Info (12023): Found entity 1: top File: D:/Projects/2023_10_10_HX4S20_test/spi_FLASH_SDRAM_pic/14_TF_sdram_vga/src/top.v Line: 1
Info (12021): Found 1 design units, including 1 entities, in source file src/sd_card_bmp.v
    Info (12023): Found entity 1: sd_card_bmp File: D:/Projects/2023_10_10_HX4S20_test/spi_FLASH_SDRAM_pic/14_TF_sdram_vga/src/sd_card_bmp.v Line: 1
Info (12021): Found 1 design units, including 1 entities, in source file src/frame_fifo_write.v
    Info (12023): Found entity 1: frame_fifo_write File: D:/Projects/2023_10_10_HX4S20_test/spi_FLASH_SDRAM_pic/14_TF_sdram_vga/src/frame_fifo_write.v Line: 2
Info (12021): Found 1 design units, including 1 entities, in source file src/frame_fifo_read.v
    Info (12023): Found entity 1: frame_fifo_read File: D:/Projects/2023_10_10_HX4S20_test/spi_FLASH_SDRAM_pic/14_TF_sdram_vga/src/frame_fifo_read.v Line: 2
Info (12021): Found 1 design units, including 1 entities, in source file src/color_bar.v
    Info (12023): Found entity 1: color_bar File: D:/Projects/2023_10_10_HX4S20_test/spi_FLASH_SDRAM_pic/14_TF_sdram_vga/src/color_bar.v Line: 3
Info (12021): Found 1 design units, including 1 entities, in source file src/bmp_read.v
    Info (12023): Found entity 1: bmp_read File: D:/Projects/2023_10_10_HX4S20_test/spi_FLASH_SDRAM_pic/14_TF_sdram_vga/src/bmp_read.v Line: 2
Info (12021): Found 1 design units, including 1 entities, in source file src/ip_core/afifo_16_256.v
    Info (12023): Found entity 1: afifo_16_256 File: D:/Projects/2023_10_10_HX4S20_test/spi_FLASH_SDRAM_pic/14_TF_sdram_vga/src/ip_core/afifo_16_256.v Line: 39
Info (12021): Found 1 design units, including 1 entities, in source file sys_state_ctrl.v
    Info (12023): Found entity 1: sys_state_ctrl File: D:/Projects/2023_10_10_HX4S20_test/spi_FLASH_SDRAM_pic/14_TF_sdram_vga/sys_state_ctrl.v Line: 1
Info (12021): Found 1 design units, including 1 entities, in source file flash_write_read.v
    Info (12023): Found entity 1: flash_write_read File: D:/Projects/2023_10_10_HX4S20_test/spi_FLASH_SDRAM_pic/14_TF_sdram_vga/flash_write_read.v Line: 1
Info (12021): Found 1 design units, including 1 entities, in source file qspi_master.v
    Info (12023): Found entity 1: Qspi_master File: D:/Projects/2023_10_10_HX4S20_test/spi_FLASH_SDRAM_pic/14_TF_sdram_vga/Qspi_master.v Line: 1
Info (12021): Found 1 design units, including 1 entities, in source file tb_qspi_master.sv
    Info (12023): Found entity 1: Tb_Qspi_master File: D:/Projects/2023_10_10_HX4S20_test/spi_FLASH_SDRAM_pic/14_TF_sdram_vga/Tb_Qspi_master.sv Line: 2
Info (12021): Found 1 design units, including 1 entities, in source file flash_writer.v
    Info (12023): Found entity 1: flash_writer File: D:/Projects/2023_10_10_HX4S20_test/spi_FLASH_SDRAM_pic/14_TF_sdram_vga/flash_writer.v Line: 1
Info (12021): Found 1 design units, including 1 entities, in source file flash_cmd.v
    Info (12023): Found entity 1: flash_cmd File: D:/Projects/2023_10_10_HX4S20_test/spi_FLASH_SDRAM_pic/14_TF_sdram_vga/flash_cmd.v Line: 1
Info (12021): Found 1 design units, including 1 entities, in source file flash_step.v
    Info (12023): Found entity 1: flash_step File: D:/Projects/2023_10_10_HX4S20_test/spi_FLASH_SDRAM_pic/14_TF_sdram_vga/flash_step.v Line: 1
Info (12021): Found 1 design units, including 1 entities, in source file tb_flash_cmd.sv
    Info (12023): Found entity 1: Tb_flash_cmd File: D:/Projects/2023_10_10_HX4S20_test/spi_FLASH_SDRAM_pic/14_TF_sdram_vga/Tb_flash_cmd.sv Line: 2
Info (12021): Found 1 design units, including 1 entities, in source file qspi_test.v
    Info (12023): Found entity 1: QSPI_test File: D:/Projects/2023_10_10_HX4S20_test/spi_FLASH_SDRAM_pic/14_TF_sdram_vga/QSPI_test.v Line: 1
Info (12021): Found 1 design units, including 1 entities, in source file tb_qspi_test.sv
    Info (12023): Found entity 1: Tb_QSPI_test File: D:/Projects/2023_10_10_HX4S20_test/spi_FLASH_SDRAM_pic/14_TF_sdram_vga/Tb_QSPI_test.sv Line: 2
Info (12021): Found 1 design units, including 1 entities, in source file flash_reader.v
    Info (12023): Found entity 1: flash_reader File: D:/Projects/2023_10_10_HX4S20_test/spi_FLASH_SDRAM_pic/14_TF_sdram_vga/flash_reader.v Line: 1
Info (12127): Elaborating entity "top" for the top level hierarchy
Info (12128): Elaborating entity "sys_pll" for hierarchy "sys_pll:sys_pll_m0" File: D:/Projects/2023_10_10_HX4S20_test/spi_FLASH_SDRAM_pic/14_TF_sdram_vga/src/top.v Line: 137
Info (12128): Elaborating entity "altpll" for hierarchy "sys_pll:sys_pll_m0|altpll:altpll_component" File: D:/Projects/2023_10_10_HX4S20_test/spi_FLASH_SDRAM_pic/14_TF_sdram_vga/src/ip_core/sys_pll.v Line: 98
Info (12130): Elaborated megafunction instantiation "sys_pll:sys_pll_m0|altpll:altpll_component" File: D:/Projects/2023_10_10_HX4S20_test/spi_FLASH_SDRAM_pic/14_TF_sdram_vga/src/ip_core/sys_pll.v Line: 98
Info (12133): Instantiated megafunction "sys_pll:sys_pll_m0|altpll:altpll_component" with the following parameter: File: D:/Projects/2023_10_10_HX4S20_test/spi_FLASH_SDRAM_pic/14_TF_sdram_vga/src/ip_core/sys_pll.v Line: 98
    Info (12134): Parameter "bandwidth_type" = "AUTO"
    Info (12134): Parameter "clk0_divide_by" = "1"
    Info (12134): Parameter "clk0_duty_cycle" = "50"
    Info (12134): Parameter "clk0_multiply_by" = "2"
    Info (12134): Parameter "clk0_phase_shift" = "0"
    Info (12134): Parameter "clk1_divide_by" = "1"
    Info (12134): Parameter "clk1_duty_cycle" = "50"
    Info (12134): Parameter "clk1_multiply_by" = "2"
    Info (12134): Parameter "clk1_phase_shift" = "0"
    Info (12134): Parameter "clk2_divide_by" = "1"
    Info (12134): Parameter "clk2_duty_cycle" = "50"
    Info (12134): Parameter "clk2_multiply_by" = "2"
    Info (12134): Parameter "clk2_phase_shift" = "0"
    Info (12134): Parameter "compensate_clock" = "CLK0"
    Info (12134): Parameter "inclk0_input_frequency" = "20000"
    Info (12134): Parameter "intended_device_family" = "Cyclone 10 LP"
    Info (12134): Parameter "lpm_hint" = "CBX_MODULE_PREFIX=sys_pll"
    Info (12134): Parameter "lpm_type" = "altpll"
    Info (12134): Parameter "operation_mode" = "NORMAL"
    Info (12134): Parameter "pll_type" = "AUTO"
    Info (12134): Parameter "port_activeclock" = "PORT_UNUSED"
    Info (12134): Parameter "port_areset" = "PORT_UNUSED"
    Info (12134): Parameter "port_clkbad0" = "PORT_UNUSED"
    Info (12134): Parameter "port_clkbad1" = "PORT_UNUSED"
    Info (12134): Parameter "port_clkloss" = "PORT_UNUSED"
    Info (12134): Parameter "port_clkswitch" = "PORT_UNUSED"
    Info (12134): Parameter "port_configupdate" = "PORT_UNUSED"
    Info (12134): Parameter "port_fbin" = "PORT_UNUSED"
    Info (12134): Parameter "port_inclk0" = "PORT_USED"
    Info (12134): Parameter "port_inclk1" = "PORT_UNUSED"
    Info (12134): Parameter "port_locked" = "PORT_UNUSED"
    Info (12134): Parameter "port_pfdena" = "PORT_UNUSED"
    Info (12134): Parameter "port_phasecounterselect" = "PORT_UNUSED"
    Info (12134): Parameter "port_phasedone" = "PORT_UNUSED"
    Info (12134): Parameter "port_phasestep" = "PORT_UNUSED"
    Info (12134): Parameter "port_phaseupdown" = "PORT_UNUSED"
    Info (12134): Parameter "port_pllena" = "PORT_UNUSED"
    Info (12134): Parameter "port_scanaclr" = "PORT_UNUSED"
    Info (12134): Parameter "port_scanclk" = "PORT_UNUSED"
    Info (12134): Parameter "port_scanclkena" = "PORT_UNUSED"
    Info (12134): Parameter "port_scandata" = "PORT_UNUSED"
    Info (12134): Parameter "port_scandataout" = "PORT_UNUSED"
    Info (12134): Parameter "port_scandone" = "PORT_UNUSED"
    Info (12134): Parameter "port_scanread" = "PORT_UNUSED"
    Info (12134): Parameter "port_scanwrite" = "PORT_UNUSED"
    Info (12134): Parameter "port_clk0" = "PORT_USED"
    Info (12134): Parameter "port_clk1" = "PORT_USED"
    Info (12134): Parameter "port_clk2" = "PORT_USED"
    Info (12134): Parameter "port_clk3" = "PORT_UNUSED"
    Info (12134): Parameter "port_clk4" = "PORT_UNUSED"
    Info (12134): Parameter "port_clk5" = "PORT_UNUSED"
    Info (12134): Parameter "port_clkena0" = "PORT_UNUSED"
    Info (12134): Parameter "port_clkena1" = "PORT_UNUSED"
    Info (12134): Parameter "port_clkena2" = "PORT_UNUSED"
    Info (12134): Parameter "port_clkena3" = "PORT_UNUSED"
    Info (12134): Parameter "port_clkena4" = "PORT_UNUSED"
    Info (12134): Parameter "port_clkena5" = "PORT_UNUSED"
    Info (12134): Parameter "port_extclk0" = "PORT_UNUSED"
    Info (12134): Parameter "port_extclk1" = "PORT_UNUSED"
    Info (12134): Parameter "port_extclk2" = "PORT_UNUSED"
    Info (12134): Parameter "port_extclk3" = "PORT_UNUSED"
    Info (12134): Parameter "width_clock" = "5"
Info (12021): Found 1 design units, including 1 entities, in source file db/sys_pll_altpll.v
    Info (12023): Found entity 1: sys_pll_altpll File: D:/Projects/2023_10_10_HX4S20_test/spi_FLASH_SDRAM_pic/14_TF_sdram_vga/db/sys_pll_altpll.v Line: 29
Info (12128): Elaborating entity "sys_pll_altpll" for hierarchy "sys_pll:sys_pll_m0|altpll:altpll_component|sys_pll_altpll:auto_generated" File: d:/program/intelfpga/18.1/quartus/libraries/megafunctions/altpll.tdf Line: 897
Info (12128): Elaborating entity "video_pll" for hierarchy "video_pll:video_pll_m0" File: D:/Projects/2023_10_10_HX4S20_test/spi_FLASH_SDRAM_pic/14_TF_sdram_vga/src/top.v Line: 142
Info (12128): Elaborating entity "altpll" for hierarchy "video_pll:video_pll_m0|altpll:altpll_component" File: D:/Projects/2023_10_10_HX4S20_test/spi_FLASH_SDRAM_pic/14_TF_sdram_vga/src/ip_core/video_pll.v Line: 90
Info (12130): Elaborated megafunction instantiation "video_pll:video_pll_m0|altpll:altpll_component" File: D:/Projects/2023_10_10_HX4S20_test/spi_FLASH_SDRAM_pic/14_TF_sdram_vga/src/ip_core/video_pll.v Line: 90
Info (12133): Instantiated megafunction "video_pll:video_pll_m0|altpll:altpll_component" with the following parameter: File: D:/Projects/2023_10_10_HX4S20_test/spi_FLASH_SDRAM_pic/14_TF_sdram_vga/src/ip_core/video_pll.v Line: 90
    Info (12134): Parameter "bandwidth_type" = "AUTO"
    Info (12134): Parameter "clk0_divide_by" = "2000"
    Info (12134): Parameter "clk0_duty_cycle" = "50"
    Info (12134): Parameter "clk0_multiply_by" = "1007"
    Info (12134): Parameter "clk0_phase_shift" = "0"
    Info (12134): Parameter "compensate_clock" = "CLK0"
    Info (12134): Parameter "inclk0_input_frequency" = "20000"
    Info (12134): Parameter "intended_device_family" = "Cyclone 10 LP"
    Info (12134): Parameter "lpm_hint" = "CBX_MODULE_PREFIX=video_pll"
    Info (12134): Parameter "lpm_type" = "altpll"
    Info (12134): Parameter "operation_mode" = "NORMAL"
    Info (12134): Parameter "pll_type" = "AUTO"
    Info (12134): Parameter "port_activeclock" = "PORT_UNUSED"
    Info (12134): Parameter "port_areset" = "PORT_UNUSED"
    Info (12134): Parameter "port_clkbad0" = "PORT_UNUSED"
    Info (12134): Parameter "port_clkbad1" = "PORT_UNUSED"
    Info (12134): Parameter "port_clkloss" = "PORT_UNUSED"
    Info (12134): Parameter "port_clkswitch" = "PORT_UNUSED"
    Info (12134): Parameter "port_configupdate" = "PORT_UNUSED"
    Info (12134): Parameter "port_fbin" = "PORT_UNUSED"
    Info (12134): Parameter "port_inclk0" = "PORT_USED"
    Info (12134): Parameter "port_inclk1" = "PORT_UNUSED"
    Info (12134): Parameter "port_locked" = "PORT_UNUSED"
    Info (12134): Parameter "port_pfdena" = "PORT_UNUSED"
    Info (12134): Parameter "port_phasecounterselect" = "PORT_UNUSED"
    Info (12134): Parameter "port_phasedone" = "PORT_UNUSED"
    Info (12134): Parameter "port_phasestep" = "PORT_UNUSED"
    Info (12134): Parameter "port_phaseupdown" = "PORT_UNUSED"
    Info (12134): Parameter "port_pllena" = "PORT_UNUSED"
    Info (12134): Parameter "port_scanaclr" = "PORT_UNUSED"
    Info (12134): Parameter "port_scanclk" = "PORT_UNUSED"
    Info (12134): Parameter "port_scanclkena" = "PORT_UNUSED"
    Info (12134): Parameter "port_scandata" = "PORT_UNUSED"
    Info (12134): Parameter "port_scandataout" = "PORT_UNUSED"
    Info (12134): Parameter "port_scandone" = "PORT_UNUSED"
    Info (12134): Parameter "port_scanread" = "PORT_UNUSED"
    Info (12134): Parameter "port_scanwrite" = "PORT_UNUSED"
    Info (12134): Parameter "port_clk0" = "PORT_USED"
    Info (12134): Parameter "port_clk1" = "PORT_UNUSED"
    Info (12134): Parameter "port_clk2" = "PORT_UNUSED"
    Info (12134): Parameter "port_clk3" = "PORT_UNUSED"
    Info (12134): Parameter "port_clk4" = "PORT_UNUSED"
    Info (12134): Parameter "port_clk5" = "PORT_UNUSED"
    Info (12134): Parameter "port_clkena0" = "PORT_UNUSED"
    Info (12134): Parameter "port_clkena1" = "PORT_UNUSED"
    Info (12134): Parameter "port_clkena2" = "PORT_UNUSED"
    Info (12134): Parameter "port_clkena3" = "PORT_UNUSED"
    Info (12134): Parameter "port_clkena4" = "PORT_UNUSED"
    Info (12134): Parameter "port_clkena5" = "PORT_UNUSED"
    Info (12134): Parameter "port_extclk0" = "PORT_UNUSED"
    Info (12134): Parameter "port_extclk1" = "PORT_UNUSED"
    Info (12134): Parameter "port_extclk2" = "PORT_UNUSED"
    Info (12134): Parameter "port_extclk3" = "PORT_UNUSED"
    Info (12134): Parameter "width_clock" = "5"
Info (12021): Found 1 design units, including 1 entities, in source file db/video_pll_altpll.v
    Info (12023): Found entity 1: video_pll_altpll File: D:/Projects/2023_10_10_HX4S20_test/spi_FLASH_SDRAM_pic/14_TF_sdram_vga/db/video_pll_altpll.v Line: 29
Info (12128): Elaborating entity "video_pll_altpll" for hierarchy "video_pll:video_pll_m0|altpll:altpll_component|video_pll_altpll:auto_generated" File: d:/program/intelfpga/18.1/quartus/libraries/megafunctions/altpll.tdf Line: 897
Info (12128): Elaborating entity "sys_state_ctrl" for hierarchy "sys_state_ctrl:sys_state_ctrl_m0" File: D:/Projects/2023_10_10_HX4S20_test/spi_FLASH_SDRAM_pic/14_TF_sdram_vga/src/top.v Line: 206
Info (12128): Elaborating entity "ax_debounce" for hierarchy "sys_state_ctrl:sys_state_ctrl_m0|ax_debounce:ax_debounce_m1" File: D:/Projects/2023_10_10_HX4S20_test/spi_FLASH_SDRAM_pic/14_TF_sdram_vga/sys_state_ctrl.v Line: 78
Info (12128): Elaborating entity "sd_card_bmp" for hierarchy "sd_card_bmp:sd_card_bmp_m0" File: D:/Projects/2023_10_10_HX4S20_test/spi_FLASH_SDRAM_pic/14_TF_sdram_vga/src/top.v Line: 224
Info (12128): Elaborating entity "bmp_read" for hierarchy "sd_card_bmp:sd_card_bmp_m0|bmp_read:bmp_read_m0" File: D:/Projects/2023_10_10_HX4S20_test/spi_FLASH_SDRAM_pic/14_TF_sdram_vga/src/sd_card_bmp.v Line: 59
Info (12128): Elaborating entity "sd_card_top" for hierarchy "sd_card_bmp:sd_card_bmp_m0|sd_card_top:sd_card_top_m0" File: D:/Projects/2023_10_10_HX4S20_test/spi_FLASH_SDRAM_pic/14_TF_sdram_vga/src/sd_card_bmp.v Line: 78
Info (12128): Elaborating entity "sd_card_sec_read_write" for hierarchy "sd_card_bmp:sd_card_bmp_m0|sd_card_top:sd_card_top_m0|sd_card_sec_read_write:sd_card_sec_read_write_m0" File: D:/Projects/2023_10_10_HX4S20_test/spi_FLASH_SDRAM_pic/14_TF_sdram_vga/src/sd_card/sd_card_top.v Line: 82
Info (12128): Elaborating entity "sd_card_cmd" for hierarchy "sd_card_bmp:sd_card_bmp_m0|sd_card_top:sd_card_top_m0|sd_card_cmd:sd_card_cmd_m0" File: D:/Projects/2023_10_10_HX4S20_test/spi_FLASH_SDRAM_pic/14_TF_sdram_vga/src/sd_card/sd_card_top.v Line: 109
Info (12128): Elaborating entity "spi_master" for hierarchy "sd_card_bmp:sd_card_bmp_m0|sd_card_top:sd_card_top_m0|spi_master:spi_master_m0" File: D:/Projects/2023_10_10_HX4S20_test/spi_FLASH_SDRAM_pic/14_TF_sdram_vga/src/sd_card/sd_card_top.v Line: 126
Info (12128): Elaborating entity "flash_write_read" for hierarchy "flash_write_read:flash_write_read_m0" File: D:/Projects/2023_10_10_HX4S20_test/spi_FLASH_SDRAM_pic/14_TF_sdram_vga/src/top.v Line: 252
Info (12128): Elaborating entity "flash_reader" for hierarchy "flash_write_read:flash_write_read_m0|flash_reader:flash_reader_m0" File: D:/Projects/2023_10_10_HX4S20_test/spi_FLASH_SDRAM_pic/14_TF_sdram_vga/flash_write_read.v Line: 72
Warning (10036): Verilog HDL or VHDL warning at flash_reader.v(36): object "change_flag" assigned a value but never read File: D:/Projects/2023_10_10_HX4S20_test/spi_FLASH_SDRAM_pic/14_TF_sdram_vga/flash_reader.v Line: 36
Info (12128): Elaborating entity "flash_writer" for hierarchy "flash_write_read:flash_write_read_m0|flash_writer:flash_writer_m0" File: D:/Projects/2023_10_10_HX4S20_test/spi_FLASH_SDRAM_pic/14_TF_sdram_vga/flash_write_read.v Line: 97
Info (12128): Elaborating entity "flash_cmd" for hierarchy "flash_write_read:flash_write_read_m0|flash_cmd:flash_cmd_m0" File: D:/Projects/2023_10_10_HX4S20_test/spi_FLASH_SDRAM_pic/14_TF_sdram_vga/flash_write_read.v Line: 131
Info (10264): Verilog HDL Case Statement information at flash_cmd.v(288): all case item expressions in this case statement are onehot File: D:/Projects/2023_10_10_HX4S20_test/spi_FLASH_SDRAM_pic/14_TF_sdram_vga/flash_cmd.v Line: 288
Info (10264): Verilog HDL Case Statement information at flash_cmd.v(286): all case item expressions in this case statement are onehot File: D:/Projects/2023_10_10_HX4S20_test/spi_FLASH_SDRAM_pic/14_TF_sdram_vga/flash_cmd.v Line: 286
Info (10264): Verilog HDL Case Statement information at flash_cmd.v(418): all case item expressions in this case statement are onehot File: D:/Projects/2023_10_10_HX4S20_test/spi_FLASH_SDRAM_pic/14_TF_sdram_vga/flash_cmd.v Line: 418
Info (10264): Verilog HDL Case Statement information at flash_cmd.v(416): all case item expressions in this case statement are onehot File: D:/Projects/2023_10_10_HX4S20_test/spi_FLASH_SDRAM_pic/14_TF_sdram_vga/flash_cmd.v Line: 416
Info (10264): Verilog HDL Case Statement information at flash_cmd.v(606): all case item expressions in this case statement are onehot File: D:/Projects/2023_10_10_HX4S20_test/spi_FLASH_SDRAM_pic/14_TF_sdram_vga/flash_cmd.v Line: 606
Info (10264): Verilog HDL Case Statement information at flash_cmd.v(633): all case item expressions in this case statement are onehot File: D:/Projects/2023_10_10_HX4S20_test/spi_FLASH_SDRAM_pic/14_TF_sdram_vga/flash_cmd.v Line: 633
Info (10264): Verilog HDL Case Statement information at flash_cmd.v(604): all case item expressions in this case statement are onehot File: D:/Projects/2023_10_10_HX4S20_test/spi_FLASH_SDRAM_pic/14_TF_sdram_vga/flash_cmd.v Line: 604
Warning (10230): Verilog HDL assignment warning at flash_cmd.v(741): truncated value with size 32 to match size of target (10) File: D:/Projects/2023_10_10_HX4S20_test/spi_FLASH_SDRAM_pic/14_TF_sdram_vga/flash_cmd.v Line: 741
Warning (10230): Verilog HDL assignment warning at flash_cmd.v(755): truncated value with size 32 to match size of target (10) File: D:/Projects/2023_10_10_HX4S20_test/spi_FLASH_SDRAM_pic/14_TF_sdram_vga/flash_cmd.v Line: 755
Warning (10230): Verilog HDL assignment warning at flash_cmd.v(765): truncated value with size 32 to match size of target (10) File: D:/Projects/2023_10_10_HX4S20_test/spi_FLASH_SDRAM_pic/14_TF_sdram_vga/flash_cmd.v Line: 765
Warning (10230): Verilog HDL assignment warning at flash_cmd.v(776): truncated value with size 32 to match size of target (10) File: D:/Projects/2023_10_10_HX4S20_test/spi_FLASH_SDRAM_pic/14_TF_sdram_vga/flash_cmd.v Line: 776
Warning (10230): Verilog HDL assignment warning at flash_cmd.v(787): truncated value with size 32 to match size of target (10) File: D:/Projects/2023_10_10_HX4S20_test/spi_FLASH_SDRAM_pic/14_TF_sdram_vga/flash_cmd.v Line: 787
Warning (10230): Verilog HDL assignment warning at flash_cmd.v(798): truncated value with size 32 to match size of target (10) File: D:/Projects/2023_10_10_HX4S20_test/spi_FLASH_SDRAM_pic/14_TF_sdram_vga/flash_cmd.v Line: 798
Warning (10230): Verilog HDL assignment warning at flash_cmd.v(809): truncated value with size 32 to match size of target (10) File: D:/Projects/2023_10_10_HX4S20_test/spi_FLASH_SDRAM_pic/14_TF_sdram_vga/flash_cmd.v Line: 809
Warning (10230): Verilog HDL assignment warning at flash_cmd.v(841): truncated value with size 32 to match size of target (10) File: D:/Projects/2023_10_10_HX4S20_test/spi_FLASH_SDRAM_pic/14_TF_sdram_vga/flash_cmd.v Line: 841
Warning (10230): Verilog HDL assignment warning at flash_cmd.v(856): truncated value with size 32 to match size of target (10) File: D:/Projects/2023_10_10_HX4S20_test/spi_FLASH_SDRAM_pic/14_TF_sdram_vga/flash_cmd.v Line: 856
Warning (10230): Verilog HDL assignment warning at flash_cmd.v(867): truncated value with size 32 to match size of target (10) File: D:/Projects/2023_10_10_HX4S20_test/spi_FLASH_SDRAM_pic/14_TF_sdram_vga/flash_cmd.v Line: 867
Info (12128): Elaborating entity "flash_step" for hierarchy "flash_write_read:flash_write_read_m0|flash_cmd:flash_cmd_m0|flash_step:flash_step_m0" File: D:/Projects/2023_10_10_HX4S20_test/spi_FLASH_SDRAM_pic/14_TF_sdram_vga/flash_cmd.v Line: 895
Info (12128): Elaborating entity "Qspi_master" for hierarchy "flash_write_read:flash_write_read_m0|Qspi_master:Qspi_master_m0" File: D:/Projects/2023_10_10_HX4S20_test/spi_FLASH_SDRAM_pic/14_TF_sdram_vga/flash_write_read.v Line: 160
Info (12128): Elaborating entity "seg_decoder" for hierarchy "seg_decoder:seg_decoder_m0" File: D:/Projects/2023_10_10_HX4S20_test/spi_FLASH_SDRAM_pic/14_TF_sdram_vga/src/top.v Line: 262
Info (12128): Elaborating entity "seg_scan" for hierarchy "seg_scan:seg_scan_m0" File: D:/Projects/2023_10_10_HX4S20_test/spi_FLASH_SDRAM_pic/14_TF_sdram_vga/src/top.v Line: 275
Info (12128): Elaborating entity "video_timing_data" for hierarchy "video_timing_data:video_timing_data_m0" File: D:/Projects/2023_10_10_HX4S20_test/spi_FLASH_SDRAM_pic/14_TF_sdram_vga/src/top.v Line: 289
Info (12128): Elaborating entity "color_bar" for hierarchy "video_timing_data:video_timing_data_m0|color_bar:color_bar_m0" File: D:/Projects/2023_10_10_HX4S20_test/spi_FLASH_SDRAM_pic/14_TF_sdram_vga/src/video_timing_data.v Line: 83
Info (12128): Elaborating entity "frame_read_write" for hierarchy "frame_read_write:frame_read_write_m0" File: D:/Projects/2023_10_10_HX4S20_test/spi_FLASH_SDRAM_pic/14_TF_sdram_vga/src/top.v Line: 336
Info (12128): Elaborating entity "afifo_16_256" for hierarchy "frame_read_write:frame_read_write_m0|afifo_16_256:write_buf" File: D:/Projects/2023_10_10_HX4S20_test/spi_FLASH_SDRAM_pic/14_TF_sdram_vga/src/frame_read_write.v Line: 71
Info (12128): Elaborating entity "dcfifo" for hierarchy "frame_read_write:frame_read_write_m0|afifo_16_256:write_buf|dcfifo:dcfifo_component" File: D:/Projects/2023_10_10_HX4S20_test/spi_FLASH_SDRAM_pic/14_TF_sdram_vga/src/ip_core/afifo_16_256.v Line: 96
Info (12130): Elaborated megafunction instantiation "frame_read_write:frame_read_write_m0|afifo_16_256:write_buf|dcfifo:dcfifo_component" File: D:/Projects/2023_10_10_HX4S20_test/spi_FLASH_SDRAM_pic/14_TF_sdram_vga/src/ip_core/afifo_16_256.v Line: 96
Info (12133): Instantiated megafunction "frame_read_write:frame_read_write_m0|afifo_16_256:write_buf|dcfifo:dcfifo_component" with the following parameter: File: D:/Projects/2023_10_10_HX4S20_test/spi_FLASH_SDRAM_pic/14_TF_sdram_vga/src/ip_core/afifo_16_256.v Line: 96
    Info (12134): Parameter "intended_device_family" = "Cyclone 10 LP"
    Info (12134): Parameter "lpm_numwords" = "256"
    Info (12134): Parameter "lpm_showahead" = "OFF"
    Info (12134): Parameter "lpm_type" = "dcfifo"
    Info (12134): Parameter "lpm_width" = "16"
    Info (12134): Parameter "lpm_widthu" = "8"
    Info (12134): Parameter "overflow_checking" = "ON"
    Info (12134): Parameter "rdsync_delaypipe" = "4"
    Info (12134): Parameter "read_aclr_synch" = "OFF"
    Info (12134): Parameter "underflow_checking" = "ON"
    Info (12134): Parameter "use_eab" = "ON"
    Info (12134): Parameter "write_aclr_synch" = "OFF"
    Info (12134): Parameter "wrsync_delaypipe" = "4"
Info (12021): Found 1 design units, including 1 entities, in source file db/dcfifo_spl1.tdf
    Info (12023): Found entity 1: dcfifo_spl1 File: D:/Projects/2023_10_10_HX4S20_test/spi_FLASH_SDRAM_pic/14_TF_sdram_vga/db/dcfifo_spl1.tdf Line: 40
Info (12128): Elaborating entity "dcfifo_spl1" for hierarchy "frame_read_write:frame_read_write_m0|afifo_16_256:write_buf|dcfifo:dcfifo_component|dcfifo_spl1:auto_generated" File: d:/program/intelfpga/18.1/quartus/libraries/megafunctions/dcfifo.tdf Line: 190
Info (12021): Found 1 design units, including 1 entities, in source file db/a_gray2bin_ngb.tdf
    Info (12023): Found entity 1: a_gray2bin_ngb File: D:/Projects/2023_10_10_HX4S20_test/spi_FLASH_SDRAM_pic/14_TF_sdram_vga/db/a_gray2bin_ngb.tdf Line: 22
Info (12128): Elaborating entity "a_gray2bin_ngb" for hierarchy "frame_read_write:frame_read_write_m0|afifo_16_256:write_buf|dcfifo:dcfifo_component|dcfifo_spl1:auto_generated|a_gray2bin_ngb:rdptr_g_gray2bin" File: D:/Projects/2023_10_10_HX4S20_test/spi_FLASH_SDRAM_pic/14_TF_sdram_vga/db/dcfifo_spl1.tdf Line: 55
Info (12021): Found 1 design units, including 1 entities, in source file db/a_graycounter_m57.tdf
    Info (12023): Found entity 1: a_graycounter_m57 File: D:/Projects/2023_10_10_HX4S20_test/spi_FLASH_SDRAM_pic/14_TF_sdram_vga/db/a_graycounter_m57.tdf Line: 24
Info (12128): Elaborating entity "a_graycounter_m57" for hierarchy "frame_read_write:frame_read_write_m0|afifo_16_256:write_buf|dcfifo:dcfifo_component|dcfifo_spl1:auto_generated|a_graycounter_m57:rdptr_g1p" File: D:/Projects/2023_10_10_HX4S20_test/spi_FLASH_SDRAM_pic/14_TF_sdram_vga/db/dcfifo_spl1.tdf Line: 59
Info (12021): Found 1 design units, including 1 entities, in source file db/a_graycounter_ijc.tdf
    Info (12023): Found entity 1: a_graycounter_ijc File: D:/Projects/2023_10_10_HX4S20_test/spi_FLASH_SDRAM_pic/14_TF_sdram_vga/db/a_graycounter_ijc.tdf Line: 24
Info (12128): Elaborating entity "a_graycounter_ijc" for hierarchy "frame_read_write:frame_read_write_m0|afifo_16_256:write_buf|dcfifo:dcfifo_component|dcfifo_spl1:auto_generated|a_graycounter_ijc:wrptr_g1p" File: D:/Projects/2023_10_10_HX4S20_test/spi_FLASH_SDRAM_pic/14_TF_sdram_vga/db/dcfifo_spl1.tdf Line: 60
Info (12021): Found 1 design units, including 1 entities, in source file db/altsyncram_fv61.tdf
    Info (12023): Found entity 1: altsyncram_fv61 File: D:/Projects/2023_10_10_HX4S20_test/spi_FLASH_SDRAM_pic/14_TF_sdram_vga/db/altsyncram_fv61.tdf Line: 27
Info (12128): Elaborating entity "altsyncram_fv61" for hierarchy "frame_read_write:frame_read_write_m0|afifo_16_256:write_buf|dcfifo:dcfifo_component|dcfifo_spl1:auto_generated|altsyncram_fv61:fifo_ram" File: D:/Projects/2023_10_10_HX4S20_test/spi_FLASH_SDRAM_pic/14_TF_sdram_vga/db/dcfifo_spl1.tdf Line: 61
Info (12021): Found 1 design units, including 1 entities, in source file db/dffpipe_gd9.tdf
    Info (12023): Found entity 1: dffpipe_gd9 File: D:/Projects/2023_10_10_HX4S20_test/spi_FLASH_SDRAM_pic/14_TF_sdram_vga/db/dffpipe_gd9.tdf Line: 24
Info (12128): Elaborating entity "dffpipe_gd9" for hierarchy "frame_read_write:frame_read_write_m0|afifo_16_256:write_buf|dcfifo:dcfifo_component|dcfifo_spl1:auto_generated|dffpipe_gd9:rs_brp" File: D:/Projects/2023_10_10_HX4S20_test/spi_FLASH_SDRAM_pic/14_TF_sdram_vga/db/dcfifo_spl1.tdf Line: 68
Info (12021): Found 1 design units, including 1 entities, in source file db/alt_synch_pipe_2ol.tdf
    Info (12023): Found entity 1: alt_synch_pipe_2ol File: D:/Projects/2023_10_10_HX4S20_test/spi_FLASH_SDRAM_pic/14_TF_sdram_vga/db/alt_synch_pipe_2ol.tdf Line: 26
Info (12128): Elaborating entity "alt_synch_pipe_2ol" for hierarchy "frame_read_write:frame_read_write_m0|afifo_16_256:write_buf|dcfifo:dcfifo_component|dcfifo_spl1:auto_generated|alt_synch_pipe_2ol:rs_dgwp" File: D:/Projects/2023_10_10_HX4S20_test/spi_FLASH_SDRAM_pic/14_TF_sdram_vga/db/dcfifo_spl1.tdf Line: 70
Info (12021): Found 1 design units, including 1 entities, in source file db/dffpipe_jd9.tdf
    Info (12023): Found entity 1: dffpipe_jd9 File: D:/Projects/2023_10_10_HX4S20_test/spi_FLASH_SDRAM_pic/14_TF_sdram_vga/db/dffpipe_jd9.tdf Line: 24
Info (12128): Elaborating entity "dffpipe_jd9" for hierarchy "frame_read_write:frame_read_write_m0|afifo_16_256:write_buf|dcfifo:dcfifo_component|dcfifo_spl1:auto_generated|alt_synch_pipe_2ol:rs_dgwp|dffpipe_jd9:dffpipe5" File: D:/Projects/2023_10_10_HX4S20_test/spi_FLASH_SDRAM_pic/14_TF_sdram_vga/db/alt_synch_pipe_2ol.tdf Line: 34
Info (12021): Found 1 design units, including 1 entities, in source file db/alt_synch_pipe_3ol.tdf
    Info (12023): Found entity 1: alt_synch_pipe_3ol File: D:/Projects/2023_10_10_HX4S20_test/spi_FLASH_SDRAM_pic/14_TF_sdram_vga/db/alt_synch_pipe_3ol.tdf Line: 26
Info (12128): Elaborating entity "alt_synch_pipe_3ol" for hierarchy "frame_read_write:frame_read_write_m0|afifo_16_256:write_buf|dcfifo:dcfifo_component|dcfifo_spl1:auto_generated|alt_synch_pipe_3ol:ws_dgrp" File: D:/Projects/2023_10_10_HX4S20_test/spi_FLASH_SDRAM_pic/14_TF_sdram_vga/db/dcfifo_spl1.tdf Line: 73
Info (12021): Found 1 design units, including 1 entities, in source file db/dffpipe_kd9.tdf
    Info (12023): Found entity 1: dffpipe_kd9 File: D:/Projects/2023_10_10_HX4S20_test/spi_FLASH_SDRAM_pic/14_TF_sdram_vga/db/dffpipe_kd9.tdf Line: 24
Info (12128): Elaborating entity "dffpipe_kd9" for hierarchy "frame_read_write:frame_read_write_m0|afifo_16_256:write_buf|dcfifo:dcfifo_component|dcfifo_spl1:auto_generated|alt_synch_pipe_3ol:ws_dgrp|dffpipe_kd9:dffpipe8" File: D:/Projects/2023_10_10_HX4S20_test/spi_FLASH_SDRAM_pic/14_TF_sdram_vga/db/alt_synch_pipe_3ol.tdf Line: 34
Info (12021): Found 1 design units, including 1 entities, in source file db/cmpr_866.tdf
    Info (12023): Found entity 1: cmpr_866 File: D:/Projects/2023_10_10_HX4S20_test/spi_FLASH_SDRAM_pic/14_TF_sdram_vga/db/cmpr_866.tdf Line: 22
Info (12128): Elaborating entity "cmpr_866" for hierarchy "frame_read_write:frame_read_write_m0|afifo_16_256:write_buf|dcfifo:dcfifo_component|dcfifo_spl1:auto_generated|cmpr_866:rdempty_eq_comp" File: D:/Projects/2023_10_10_HX4S20_test/spi_FLASH_SDRAM_pic/14_TF_sdram_vga/db/dcfifo_spl1.tdf Line: 80
Info (12128): Elaborating entity "frame_fifo_write" for hierarchy "frame_read_write:frame_read_write_m0|frame_fifo_write:frame_fifo_write_m0" File: D:/Projects/2023_10_10_HX4S20_test/spi_FLASH_SDRAM_pic/14_TF_sdram_vga/src/frame_read_write.v Line: 101
Info (12128): Elaborating entity "frame_fifo_read" for hierarchy "frame_read_write:frame_read_write_m0|frame_fifo_read:frame_fifo_read_m0" File: D:/Projects/2023_10_10_HX4S20_test/spi_FLASH_SDRAM_pic/14_TF_sdram_vga/src/frame_read_write.v Line: 147
Info (12128): Elaborating entity "sdram_core" for hierarchy "sdram_core:sdram_core_m0" File: D:/Projects/2023_10_10_HX4S20_test/spi_FLASH_SDRAM_pic/14_TF_sdram_vga/src/top.v Line: 410
Info (10264): Verilog HDL Case Statement information at sdram_core.v(285): all case item expressions in this case statement are onehot File: D:/Projects/2023_10_10_HX4S20_test/spi_FLASH_SDRAM_pic/14_TF_sdram_vga/src/sdram/sdram_core.v Line: 285
Info (10264): Verilog HDL Case Statement information at sdram_core.v(342): all case item expressions in this case statement are onehot File: D:/Projects/2023_10_10_HX4S20_test/spi_FLASH_SDRAM_pic/14_TF_sdram_vga/src/sdram/sdram_core.v Line: 342
Warning (12030): Port "wrusedw" on the entity instantiation of "read_buf" is connected to a signal of width 16. The formal width of the signal in the module is 8.  The extra bits will be left dangling without any fan-out logic. File: D:/Projects/2023_10_10_HX4S20_test/spi_FLASH_SDRAM_pic/14_TF_sdram_vga/src/frame_read_write.v Line: 117
Warning (12030): Port "rdusedw" on the entity instantiation of "write_buf" is connected to a signal of width 16. The formal width of the signal in the module is 8.  The extra bits will be left dangling without any fan-out logic. File: D:/Projects/2023_10_10_HX4S20_test/spi_FLASH_SDRAM_pic/14_TF_sdram_vga/src/frame_read_write.v Line: 71
Warning (12011): Net is missing source, defaulting to GND
    Warning (12110): Net "frame_read_write:frame_read_write_m1|wrusedw[15]" is missing source, defaulting to GND File: D:/Projects/2023_10_10_HX4S20_test/spi_FLASH_SDRAM_pic/14_TF_sdram_vga/src/frame_read_write.v Line: 53
    Warning (12110): Net "frame_read_write:frame_read_write_m1|wrusedw[14]" is missing source, defaulting to GND File: D:/Projects/2023_10_10_HX4S20_test/spi_FLASH_SDRAM_pic/14_TF_sdram_vga/src/frame_read_write.v Line: 53
    Warning (12110): Net "frame_read_write:frame_read_write_m1|wrusedw[13]" is missing source, defaulting to GND File: D:/Projects/2023_10_10_HX4S20_test/spi_FLASH_SDRAM_pic/14_TF_sdram_vga/src/frame_read_write.v Line: 53
    Warning (12110): Net "frame_read_write:frame_read_write_m1|wrusedw[12]" is missing source, defaulting to GND File: D:/Projects/2023_10_10_HX4S20_test/spi_FLASH_SDRAM_pic/14_TF_sdram_vga/src/frame_read_write.v Line: 53
    Warning (12110): Net "frame_read_write:frame_read_write_m1|wrusedw[11]" is missing source, defaulting to GND File: D:/Projects/2023_10_10_HX4S20_test/spi_FLASH_SDRAM_pic/14_TF_sdram_vga/src/frame_read_write.v Line: 53
    Warning (12110): Net "frame_read_write:frame_read_write_m1|wrusedw[10]" is missing source, defaulting to GND File: D:/Projects/2023_10_10_HX4S20_test/spi_FLASH_SDRAM_pic/14_TF_sdram_vga/src/frame_read_write.v Line: 53
    Warning (12110): Net "frame_read_write:frame_read_write_m1|wrusedw[9]" is missing source, defaulting to GND File: D:/Projects/2023_10_10_HX4S20_test/spi_FLASH_SDRAM_pic/14_TF_sdram_vga/src/frame_read_write.v Line: 53
    Warning (12110): Net "frame_read_write:frame_read_write_m1|wrusedw[8]" is missing source, defaulting to GND File: D:/Projects/2023_10_10_HX4S20_test/spi_FLASH_SDRAM_pic/14_TF_sdram_vga/src/frame_read_write.v Line: 53
    Warning (12110): Net "frame_read_write:frame_read_write_m1|rdusedw[15]" is missing source, defaulting to GND File: D:/Projects/2023_10_10_HX4S20_test/spi_FLASH_SDRAM_pic/14_TF_sdram_vga/src/frame_read_write.v Line: 54
    Warning (12110): Net "frame_read_write:frame_read_write_m1|rdusedw[14]" is missing source, defaulting to GND File: D:/Projects/2023_10_10_HX4S20_test/spi_FLASH_SDRAM_pic/14_TF_sdram_vga/src/frame_read_write.v Line: 54
    Warning (12110): Net "frame_read_write:frame_read_write_m1|rdusedw[13]" is missing source, defaulting to GND File: D:/Projects/2023_10_10_HX4S20_test/spi_FLASH_SDRAM_pic/14_TF_sdram_vga/src/frame_read_write.v Line: 54
    Warning (12110): Net "frame_read_write:frame_read_write_m1|rdusedw[12]" is missing source, defaulting to GND File: D:/Projects/2023_10_10_HX4S20_test/spi_FLASH_SDRAM_pic/14_TF_sdram_vga/src/frame_read_write.v Line: 54
    Warning (12110): Net "frame_read_write:frame_read_write_m1|rdusedw[11]" is missing source, defaulting to GND File: D:/Projects/2023_10_10_HX4S20_test/spi_FLASH_SDRAM_pic/14_TF_sdram_vga/src/frame_read_write.v Line: 54
    Warning (12110): Net "frame_read_write:frame_read_write_m1|rdusedw[10]" is missing source, defaulting to GND File: D:/Projects/2023_10_10_HX4S20_test/spi_FLASH_SDRAM_pic/14_TF_sdram_vga/src/frame_read_write.v Line: 54
    Warning (12110): Net "frame_read_write:frame_read_write_m1|rdusedw[9]" is missing source, defaulting to GND File: D:/Projects/2023_10_10_HX4S20_test/spi_FLASH_SDRAM_pic/14_TF_sdram_vga/src/frame_read_write.v Line: 54
    Warning (12110): Net "frame_read_write:frame_read_write_m1|rdusedw[8]" is missing source, defaulting to GND File: D:/Projects/2023_10_10_HX4S20_test/spi_FLASH_SDRAM_pic/14_TF_sdram_vga/src/frame_read_write.v Line: 54
Warning (12011): Net is missing source, defaulting to GND
    Warning (12110): Net "frame_read_write:frame_read_write_m0|wrusedw[15]" is missing source, defaulting to GND File: D:/Projects/2023_10_10_HX4S20_test/spi_FLASH_SDRAM_pic/14_TF_sdram_vga/src/frame_read_write.v Line: 53
    Warning (12110): Net "frame_read_write:frame_read_write_m0|wrusedw[14]" is missing source, defaulting to GND File: D:/Projects/2023_10_10_HX4S20_test/spi_FLASH_SDRAM_pic/14_TF_sdram_vga/src/frame_read_write.v Line: 53
    Warning (12110): Net "frame_read_write:frame_read_write_m0|wrusedw[13]" is missing source, defaulting to GND File: D:/Projects/2023_10_10_HX4S20_test/spi_FLASH_SDRAM_pic/14_TF_sdram_vga/src/frame_read_write.v Line: 53
    Warning (12110): Net "frame_read_write:frame_read_write_m0|wrusedw[12]" is missing source, defaulting to GND File: D:/Projects/2023_10_10_HX4S20_test/spi_FLASH_SDRAM_pic/14_TF_sdram_vga/src/frame_read_write.v Line: 53
    Warning (12110): Net "frame_read_write:frame_read_write_m0|wrusedw[11]" is missing source, defaulting to GND File: D:/Projects/2023_10_10_HX4S20_test/spi_FLASH_SDRAM_pic/14_TF_sdram_vga/src/frame_read_write.v Line: 53
    Warning (12110): Net "frame_read_write:frame_read_write_m0|wrusedw[10]" is missing source, defaulting to GND File: D:/Projects/2023_10_10_HX4S20_test/spi_FLASH_SDRAM_pic/14_TF_sdram_vga/src/frame_read_write.v Line: 53
    Warning (12110): Net "frame_read_write:frame_read_write_m0|wrusedw[9]" is missing source, defaulting to GND File: D:/Projects/2023_10_10_HX4S20_test/spi_FLASH_SDRAM_pic/14_TF_sdram_vga/src/frame_read_write.v Line: 53
    Warning (12110): Net "frame_read_write:frame_read_write_m0|wrusedw[8]" is missing source, defaulting to GND File: D:/Projects/2023_10_10_HX4S20_test/spi_FLASH_SDRAM_pic/14_TF_sdram_vga/src/frame_read_write.v Line: 53
    Warning (12110): Net "frame_read_write:frame_read_write_m0|rdusedw[15]" is missing source, defaulting to GND File: D:/Projects/2023_10_10_HX4S20_test/spi_FLASH_SDRAM_pic/14_TF_sdram_vga/src/frame_read_write.v Line: 54
    Warning (12110): Net "frame_read_write:frame_read_write_m0|rdusedw[14]" is missing source, defaulting to GND File: D:/Projects/2023_10_10_HX4S20_test/spi_FLASH_SDRAM_pic/14_TF_sdram_vga/src/frame_read_write.v Line: 54
    Warning (12110): Net "frame_read_write:frame_read_write_m0|rdusedw[13]" is missing source, defaulting to GND File: D:/Projects/2023_10_10_HX4S20_test/spi_FLASH_SDRAM_pic/14_TF_sdram_vga/src/frame_read_write.v Line: 54
    Warning (12110): Net "frame_read_write:frame_read_write_m0|rdusedw[12]" is missing source, defaulting to GND File: D:/Projects/2023_10_10_HX4S20_test/spi_FLASH_SDRAM_pic/14_TF_sdram_vga/src/frame_read_write.v Line: 54
    Warning (12110): Net "frame_read_write:frame_read_write_m0|rdusedw[11]" is missing source, defaulting to GND File: D:/Projects/2023_10_10_HX4S20_test/spi_FLASH_SDRAM_pic/14_TF_sdram_vga/src/frame_read_write.v Line: 54
    Warning (12110): Net "frame_read_write:frame_read_write_m0|rdusedw[10]" is missing source, defaulting to GND File: D:/Projects/2023_10_10_HX4S20_test/spi_FLASH_SDRAM_pic/14_TF_sdram_vga/src/frame_read_write.v Line: 54
    Warning (12110): Net "frame_read_write:frame_read_write_m0|rdusedw[9]" is missing source, defaulting to GND File: D:/Projects/2023_10_10_HX4S20_test/spi_FLASH_SDRAM_pic/14_TF_sdram_vga/src/frame_read_write.v Line: 54
    Warning (12110): Net "frame_read_write:frame_read_write_m0|rdusedw[8]" is missing source, defaulting to GND File: D:/Projects/2023_10_10_HX4S20_test/spi_FLASH_SDRAM_pic/14_TF_sdram_vga/src/frame_read_write.v Line: 54
Warning (12011): Net is missing source, defaulting to GND
    Warning (12110): Net "frame_read_write:frame_read_write_m1|wrusedw[15]" is missing source, defaulting to GND File: D:/Projects/2023_10_10_HX4S20_test/spi_FLASH_SDRAM_pic/14_TF_sdram_vga/src/frame_read_write.v Line: 53
    Warning (12110): Net "frame_read_write:frame_read_write_m1|wrusedw[14]" is missing source, defaulting to GND File: D:/Projects/2023_10_10_HX4S20_test/spi_FLASH_SDRAM_pic/14_TF_sdram_vga/src/frame_read_write.v Line: 53
    Warning (12110): Net "frame_read_write:frame_read_write_m1|wrusedw[13]" is missing source, defaulting to GND File: D:/Projects/2023_10_10_HX4S20_test/spi_FLASH_SDRAM_pic/14_TF_sdram_vga/src/frame_read_write.v Line: 53
    Warning (12110): Net "frame_read_write:frame_read_write_m1|wrusedw[12]" is missing source, defaulting to GND File: D:/Projects/2023_10_10_HX4S20_test/spi_FLASH_SDRAM_pic/14_TF_sdram_vga/src/frame_read_write.v Line: 53
    Warning (12110): Net "frame_read_write:frame_read_write_m1|wrusedw[11]" is missing source, defaulting to GND File: D:/Projects/2023_10_10_HX4S20_test/spi_FLASH_SDRAM_pic/14_TF_sdram_vga/src/frame_read_write.v Line: 53
    Warning (12110): Net "frame_read_write:frame_read_write_m1|wrusedw[10]" is missing source, defaulting to GND File: D:/Projects/2023_10_10_HX4S20_test/spi_FLASH_SDRAM_pic/14_TF_sdram_vga/src/frame_read_write.v Line: 53
    Warning (12110): Net "frame_read_write:frame_read_write_m1|wrusedw[9]" is missing source, defaulting to GND File: D:/Projects/2023_10_10_HX4S20_test/spi_FLASH_SDRAM_pic/14_TF_sdram_vga/src/frame_read_write.v Line: 53
    Warning (12110): Net "frame_read_write:frame_read_write_m1|wrusedw[8]" is missing source, defaulting to GND File: D:/Projects/2023_10_10_HX4S20_test/spi_FLASH_SDRAM_pic/14_TF_sdram_vga/src/frame_read_write.v Line: 53
    Warning (12110): Net "frame_read_write:frame_read_write_m1|rdusedw[15]" is missing source, defaulting to GND File: D:/Projects/2023_10_10_HX4S20_test/spi_FLASH_SDRAM_pic/14_TF_sdram_vga/src/frame_read_write.v Line: 54
    Warning (12110): Net "frame_read_write:frame_read_write_m1|rdusedw[14]" is missing source, defaulting to GND File: D:/Projects/2023_10_10_HX4S20_test/spi_FLASH_SDRAM_pic/14_TF_sdram_vga/src/frame_read_write.v Line: 54
    Warning (12110): Net "frame_read_write:frame_read_write_m1|rdusedw[13]" is missing source, defaulting to GND File: D:/Projects/2023_10_10_HX4S20_test/spi_FLASH_SDRAM_pic/14_TF_sdram_vga/src/frame_read_write.v Line: 54
    Warning (12110): Net "frame_read_write:frame_read_write_m1|rdusedw[12]" is missing source, defaulting to GND File: D:/Projects/2023_10_10_HX4S20_test/spi_FLASH_SDRAM_pic/14_TF_sdram_vga/src/frame_read_write.v Line: 54
    Warning (12110): Net "frame_read_write:frame_read_write_m1|rdusedw[11]" is missing source, defaulting to GND File: D:/Projects/2023_10_10_HX4S20_test/spi_FLASH_SDRAM_pic/14_TF_sdram_vga/src/frame_read_write.v Line: 54
    Warning (12110): Net "frame_read_write:frame_read_write_m1|rdusedw[10]" is missing source, defaulting to GND File: D:/Projects/2023_10_10_HX4S20_test/spi_FLASH_SDRAM_pic/14_TF_sdram_vga/src/frame_read_write.v Line: 54
    Warning (12110): Net "frame_read_write:frame_read_write_m1|rdusedw[9]" is missing source, defaulting to GND File: D:/Projects/2023_10_10_HX4S20_test/spi_FLASH_SDRAM_pic/14_TF_sdram_vga/src/frame_read_write.v Line: 54
    Warning (12110): Net "frame_read_write:frame_read_write_m1|rdusedw[8]" is missing source, defaulting to GND File: D:/Projects/2023_10_10_HX4S20_test/spi_FLASH_SDRAM_pic/14_TF_sdram_vga/src/frame_read_write.v Line: 54
Warning (12011): Net is missing source, defaulting to GND
    Warning (12110): Net "frame_read_write:frame_read_write_m1|wrusedw[15]" is missing source, defaulting to GND File: D:/Projects/2023_10_10_HX4S20_test/spi_FLASH_SDRAM_pic/14_TF_sdram_vga/src/frame_read_write.v Line: 53
    Warning (12110): Net "frame_read_write:frame_read_write_m1|wrusedw[14]" is missing source, defaulting to GND File: D:/Projects/2023_10_10_HX4S20_test/spi_FLASH_SDRAM_pic/14_TF_sdram_vga/src/frame_read_write.v Line: 53
    Warning (12110): Net "frame_read_write:frame_read_write_m1|wrusedw[13]" is missing source, defaulting to GND File: D:/Projects/2023_10_10_HX4S20_test/spi_FLASH_SDRAM_pic/14_TF_sdram_vga/src/frame_read_write.v Line: 53
    Warning (12110): Net "frame_read_write:frame_read_write_m1|wrusedw[12]" is missing source, defaulting to GND File: D:/Projects/2023_10_10_HX4S20_test/spi_FLASH_SDRAM_pic/14_TF_sdram_vga/src/frame_read_write.v Line: 53
    Warning (12110): Net "frame_read_write:frame_read_write_m1|wrusedw[11]" is missing source, defaulting to GND File: D:/Projects/2023_10_10_HX4S20_test/spi_FLASH_SDRAM_pic/14_TF_sdram_vga/src/frame_read_write.v Line: 53
    Warning (12110): Net "frame_read_write:frame_read_write_m1|wrusedw[10]" is missing source, defaulting to GND File: D:/Projects/2023_10_10_HX4S20_test/spi_FLASH_SDRAM_pic/14_TF_sdram_vga/src/frame_read_write.v Line: 53
    Warning (12110): Net "frame_read_write:frame_read_write_m1|wrusedw[9]" is missing source, defaulting to GND File: D:/Projects/2023_10_10_HX4S20_test/spi_FLASH_SDRAM_pic/14_TF_sdram_vga/src/frame_read_write.v Line: 53
    Warning (12110): Net "frame_read_write:frame_read_write_m1|wrusedw[8]" is missing source, defaulting to GND File: D:/Projects/2023_10_10_HX4S20_test/spi_FLASH_SDRAM_pic/14_TF_sdram_vga/src/frame_read_write.v Line: 53
    Warning (12110): Net "frame_read_write:frame_read_write_m1|rdusedw[15]" is missing source, defaulting to GND File: D:/Projects/2023_10_10_HX4S20_test/spi_FLASH_SDRAM_pic/14_TF_sdram_vga/src/frame_read_write.v Line: 54
    Warning (12110): Net "frame_read_write:frame_read_write_m1|rdusedw[14]" is missing source, defaulting to GND File: D:/Projects/2023_10_10_HX4S20_test/spi_FLASH_SDRAM_pic/14_TF_sdram_vga/src/frame_read_write.v Line: 54
    Warning (12110): Net "frame_read_write:frame_read_write_m1|rdusedw[13]" is missing source, defaulting to GND File: D:/Projects/2023_10_10_HX4S20_test/spi_FLASH_SDRAM_pic/14_TF_sdram_vga/src/frame_read_write.v Line: 54
    Warning (12110): Net "frame_read_write:frame_read_write_m1|rdusedw[12]" is missing source, defaulting to GND File: D:/Projects/2023_10_10_HX4S20_test/spi_FLASH_SDRAM_pic/14_TF_sdram_vga/src/frame_read_write.v Line: 54
    Warning (12110): Net "frame_read_write:frame_read_write_m1|rdusedw[11]" is missing source, defaulting to GND File: D:/Projects/2023_10_10_HX4S20_test/spi_FLASH_SDRAM_pic/14_TF_sdram_vga/src/frame_read_write.v Line: 54
    Warning (12110): Net "frame_read_write:frame_read_write_m1|rdusedw[10]" is missing source, defaulting to GND File: D:/Projects/2023_10_10_HX4S20_test/spi_FLASH_SDRAM_pic/14_TF_sdram_vga/src/frame_read_write.v Line: 54
    Warning (12110): Net "frame_read_write:frame_read_write_m1|rdusedw[9]" is missing source, defaulting to GND File: D:/Projects/2023_10_10_HX4S20_test/spi_FLASH_SDRAM_pic/14_TF_sdram_vga/src/frame_read_write.v Line: 54
    Warning (12110): Net "frame_read_write:frame_read_write_m1|rdusedw[8]" is missing source, defaulting to GND File: D:/Projects/2023_10_10_HX4S20_test/spi_FLASH_SDRAM_pic/14_TF_sdram_vga/src/frame_read_write.v Line: 54
Warning (12011): Net is missing source, defaulting to GND
    Warning (12110): Net "frame_read_write:frame_read_write_m1|wrusedw[15]" is missing source, defaulting to GND File: D:/Projects/2023_10_10_HX4S20_test/spi_FLASH_SDRAM_pic/14_TF_sdram_vga/src/frame_read_write.v Line: 53
    Warning (12110): Net "frame_read_write:frame_read_write_m1|wrusedw[14]" is missing source, defaulting to GND File: D:/Projects/2023_10_10_HX4S20_test/spi_FLASH_SDRAM_pic/14_TF_sdram_vga/src/frame_read_write.v Line: 53
    Warning (12110): Net "frame_read_write:frame_read_write_m1|wrusedw[13]" is missing source, defaulting to GND File: D:/Projects/2023_10_10_HX4S20_test/spi_FLASH_SDRAM_pic/14_TF_sdram_vga/src/frame_read_write.v Line: 53
    Warning (12110): Net "frame_read_write:frame_read_write_m1|wrusedw[12]" is missing source, defaulting to GND File: D:/Projects/2023_10_10_HX4S20_test/spi_FLASH_SDRAM_pic/14_TF_sdram_vga/src/frame_read_write.v Line: 53
    Warning (12110): Net "frame_read_write:frame_read_write_m1|wrusedw[11]" is missing source, defaulting to GND File: D:/Projects/2023_10_10_HX4S20_test/spi_FLASH_SDRAM_pic/14_TF_sdram_vga/src/frame_read_write.v Line: 53
    Warning (12110): Net "frame_read_write:frame_read_write_m1|wrusedw[10]" is missing source, defaulting to GND File: D:/Projects/2023_10_10_HX4S20_test/spi_FLASH_SDRAM_pic/14_TF_sdram_vga/src/frame_read_write.v Line: 53
    Warning (12110): Net "frame_read_write:frame_read_write_m1|wrusedw[9]" is missing source, defaulting to GND File: D:/Projects/2023_10_10_HX4S20_test/spi_FLASH_SDRAM_pic/14_TF_sdram_vga/src/frame_read_write.v Line: 53
    Warning (12110): Net "frame_read_write:frame_read_write_m1|wrusedw[8]" is missing source, defaulting to GND File: D:/Projects/2023_10_10_HX4S20_test/spi_FLASH_SDRAM_pic/14_TF_sdram_vga/src/frame_read_write.v Line: 53
    Warning (12110): Net "frame_read_write:frame_read_write_m1|rdusedw[15]" is missing source, defaulting to GND File: D:/Projects/2023_10_10_HX4S20_test/spi_FLASH_SDRAM_pic/14_TF_sdram_vga/src/frame_read_write.v Line: 54
    Warning (12110): Net "frame_read_write:frame_read_write_m1|rdusedw[14]" is missing source, defaulting to GND File: D:/Projects/2023_10_10_HX4S20_test/spi_FLASH_SDRAM_pic/14_TF_sdram_vga/src/frame_read_write.v Line: 54
    Warning (12110): Net "frame_read_write:frame_read_write_m1|rdusedw[13]" is missing source, defaulting to GND File: D:/Projects/2023_10_10_HX4S20_test/spi_FLASH_SDRAM_pic/14_TF_sdram_vga/src/frame_read_write.v Line: 54
    Warning (12110): Net "frame_read_write:frame_read_write_m1|rdusedw[12]" is missing source, defaulting to GND File: D:/Projects/2023_10_10_HX4S20_test/spi_FLASH_SDRAM_pic/14_TF_sdram_vga/src/frame_read_write.v Line: 54
    Warning (12110): Net "frame_read_write:frame_read_write_m1|rdusedw[11]" is missing source, defaulting to GND File: D:/Projects/2023_10_10_HX4S20_test/spi_FLASH_SDRAM_pic/14_TF_sdram_vga/src/frame_read_write.v Line: 54
    Warning (12110): Net "frame_read_write:frame_read_write_m1|rdusedw[10]" is missing source, defaulting to GND File: D:/Projects/2023_10_10_HX4S20_test/spi_FLASH_SDRAM_pic/14_TF_sdram_vga/src/frame_read_write.v Line: 54
    Warning (12110): Net "frame_read_write:frame_read_write_m1|rdusedw[9]" is missing source, defaulting to GND File: D:/Projects/2023_10_10_HX4S20_test/spi_FLASH_SDRAM_pic/14_TF_sdram_vga/src/frame_read_write.v Line: 54
    Warning (12110): Net "frame_read_write:frame_read_write_m1|rdusedw[8]" is missing source, defaulting to GND File: D:/Projects/2023_10_10_HX4S20_test/spi_FLASH_SDRAM_pic/14_TF_sdram_vga/src/frame_read_write.v Line: 54
Warning (12011): Net is missing source, defaulting to GND
    Warning (12110): Net "frame_read_write:frame_read_write_m1|wrusedw[15]" is missing source, defaulting to GND File: D:/Projects/2023_10_10_HX4S20_test/spi_FLASH_SDRAM_pic/14_TF_sdram_vga/src/frame_read_write.v Line: 53
    Warning (12110): Net "frame_read_write:frame_read_write_m1|wrusedw[14]" is missing source, defaulting to GND File: D:/Projects/2023_10_10_HX4S20_test/spi_FLASH_SDRAM_pic/14_TF_sdram_vga/src/frame_read_write.v Line: 53
    Warning (12110): Net "frame_read_write:frame_read_write_m1|wrusedw[13]" is missing source, defaulting to GND File: D:/Projects/2023_10_10_HX4S20_test/spi_FLASH_SDRAM_pic/14_TF_sdram_vga/src/frame_read_write.v Line: 53
    Warning (12110): Net "frame_read_write:frame_read_write_m1|wrusedw[12]" is missing source, defaulting to GND File: D:/Projects/2023_10_10_HX4S20_test/spi_FLASH_SDRAM_pic/14_TF_sdram_vga/src/frame_read_write.v Line: 53
    Warning (12110): Net "frame_read_write:frame_read_write_m1|wrusedw[11]" is missing source, defaulting to GND File: D:/Projects/2023_10_10_HX4S20_test/spi_FLASH_SDRAM_pic/14_TF_sdram_vga/src/frame_read_write.v Line: 53
    Warning (12110): Net "frame_read_write:frame_read_write_m1|wrusedw[10]" is missing source, defaulting to GND File: D:/Projects/2023_10_10_HX4S20_test/spi_FLASH_SDRAM_pic/14_TF_sdram_vga/src/frame_read_write.v Line: 53
    Warning (12110): Net "frame_read_write:frame_read_write_m1|wrusedw[9]" is missing source, defaulting to GND File: D:/Projects/2023_10_10_HX4S20_test/spi_FLASH_SDRAM_pic/14_TF_sdram_vga/src/frame_read_write.v Line: 53
    Warning (12110): Net "frame_read_write:frame_read_write_m1|wrusedw[8]" is missing source, defaulting to GND File: D:/Projects/2023_10_10_HX4S20_test/spi_FLASH_SDRAM_pic/14_TF_sdram_vga/src/frame_read_write.v Line: 53
    Warning (12110): Net "frame_read_write:frame_read_write_m1|rdusedw[15]" is missing source, defaulting to GND File: D:/Projects/2023_10_10_HX4S20_test/spi_FLASH_SDRAM_pic/14_TF_sdram_vga/src/frame_read_write.v Line: 54
    Warning (12110): Net "frame_read_write:frame_read_write_m1|rdusedw[14]" is missing source, defaulting to GND File: D:/Projects/2023_10_10_HX4S20_test/spi_FLASH_SDRAM_pic/14_TF_sdram_vga/src/frame_read_write.v Line: 54
    Warning (12110): Net "frame_read_write:frame_read_write_m1|rdusedw[13]" is missing source, defaulting to GND File: D:/Projects/2023_10_10_HX4S20_test/spi_FLASH_SDRAM_pic/14_TF_sdram_vga/src/frame_read_write.v Line: 54
    Warning (12110): Net "frame_read_write:frame_read_write_m1|rdusedw[12]" is missing source, defaulting to GND File: D:/Projects/2023_10_10_HX4S20_test/spi_FLASH_SDRAM_pic/14_TF_sdram_vga/src/frame_read_write.v Line: 54
    Warning (12110): Net "frame_read_write:frame_read_write_m1|rdusedw[11]" is missing source, defaulting to GND File: D:/Projects/2023_10_10_HX4S20_test/spi_FLASH_SDRAM_pic/14_TF_sdram_vga/src/frame_read_write.v Line: 54
    Warning (12110): Net "frame_read_write:frame_read_write_m1|rdusedw[10]" is missing source, defaulting to GND File: D:/Projects/2023_10_10_HX4S20_test/spi_FLASH_SDRAM_pic/14_TF_sdram_vga/src/frame_read_write.v Line: 54
    Warning (12110): Net "frame_read_write:frame_read_write_m1|rdusedw[9]" is missing source, defaulting to GND File: D:/Projects/2023_10_10_HX4S20_test/spi_FLASH_SDRAM_pic/14_TF_sdram_vga/src/frame_read_write.v Line: 54
    Warning (12110): Net "frame_read_write:frame_read_write_m1|rdusedw[8]" is missing source, defaulting to GND File: D:/Projects/2023_10_10_HX4S20_test/spi_FLASH_SDRAM_pic/14_TF_sdram_vga/src/frame_read_write.v Line: 54
Warning (12011): Net is missing source, defaulting to GND
    Warning (12110): Net "frame_read_write:frame_read_write_m1|wrusedw[15]" is missing source, defaulting to GND File: D:/Projects/2023_10_10_HX4S20_test/spi_FLASH_SDRAM_pic/14_TF_sdram_vga/src/frame_read_write.v Line: 53
    Warning (12110): Net "frame_read_write:frame_read_write_m1|wrusedw[14]" is missing source, defaulting to GND File: D:/Projects/2023_10_10_HX4S20_test/spi_FLASH_SDRAM_pic/14_TF_sdram_vga/src/frame_read_write.v Line: 53
    Warning (12110): Net "frame_read_write:frame_read_write_m1|wrusedw[13]" is missing source, defaulting to GND File: D:/Projects/2023_10_10_HX4S20_test/spi_FLASH_SDRAM_pic/14_TF_sdram_vga/src/frame_read_write.v Line: 53
    Warning (12110): Net "frame_read_write:frame_read_write_m1|wrusedw[12]" is missing source, defaulting to GND File: D:/Projects/2023_10_10_HX4S20_test/spi_FLASH_SDRAM_pic/14_TF_sdram_vga/src/frame_read_write.v Line: 53
    Warning (12110): Net "frame_read_write:frame_read_write_m1|wrusedw[11]" is missing source, defaulting to GND File: D:/Projects/2023_10_10_HX4S20_test/spi_FLASH_SDRAM_pic/14_TF_sdram_vga/src/frame_read_write.v Line: 53
    Warning (12110): Net "frame_read_write:frame_read_write_m1|wrusedw[10]" is missing source, defaulting to GND File: D:/Projects/2023_10_10_HX4S20_test/spi_FLASH_SDRAM_pic/14_TF_sdram_vga/src/frame_read_write.v Line: 53
    Warning (12110): Net "frame_read_write:frame_read_write_m1|wrusedw[9]" is missing source, defaulting to GND File: D:/Projects/2023_10_10_HX4S20_test/spi_FLASH_SDRAM_pic/14_TF_sdram_vga/src/frame_read_write.v Line: 53
    Warning (12110): Net "frame_read_write:frame_read_write_m1|wrusedw[8]" is missing source, defaulting to GND File: D:/Projects/2023_10_10_HX4S20_test/spi_FLASH_SDRAM_pic/14_TF_sdram_vga/src/frame_read_write.v Line: 53
    Warning (12110): Net "frame_read_write:frame_read_write_m1|rdusedw[15]" is missing source, defaulting to GND File: D:/Projects/2023_10_10_HX4S20_test/spi_FLASH_SDRAM_pic/14_TF_sdram_vga/src/frame_read_write.v Line: 54
    Warning (12110): Net "frame_read_write:frame_read_write_m1|rdusedw[14]" is missing source, defaulting to GND File: D:/Projects/2023_10_10_HX4S20_test/spi_FLASH_SDRAM_pic/14_TF_sdram_vga/src/frame_read_write.v Line: 54
    Warning (12110): Net "frame_read_write:frame_read_write_m1|rdusedw[13]" is missing source, defaulting to GND File: D:/Projects/2023_10_10_HX4S20_test/spi_FLASH_SDRAM_pic/14_TF_sdram_vga/src/frame_read_write.v Line: 54
    Warning (12110): Net "frame_read_write:frame_read_write_m1|rdusedw[12]" is missing source, defaulting to GND File: D:/Projects/2023_10_10_HX4S20_test/spi_FLASH_SDRAM_pic/14_TF_sdram_vga/src/frame_read_write.v Line: 54
    Warning (12110): Net "frame_read_write:frame_read_write_m1|rdusedw[11]" is missing source, defaulting to GND File: D:/Projects/2023_10_10_HX4S20_test/spi_FLASH_SDRAM_pic/14_TF_sdram_vga/src/frame_read_write.v Line: 54
    Warning (12110): Net "frame_read_write:frame_read_write_m1|rdusedw[10]" is missing source, defaulting to GND File: D:/Projects/2023_10_10_HX4S20_test/spi_FLASH_SDRAM_pic/14_TF_sdram_vga/src/frame_read_write.v Line: 54
    Warning (12110): Net "frame_read_write:frame_read_write_m1|rdusedw[9]" is missing source, defaulting to GND File: D:/Projects/2023_10_10_HX4S20_test/spi_FLASH_SDRAM_pic/14_TF_sdram_vga/src/frame_read_write.v Line: 54
    Warning (12110): Net "frame_read_write:frame_read_write_m1|rdusedw[8]" is missing source, defaulting to GND File: D:/Projects/2023_10_10_HX4S20_test/spi_FLASH_SDRAM_pic/14_TF_sdram_vga/src/frame_read_write.v Line: 54
Warning (12011): Net is missing source, defaulting to GND
    Warning (12110): Net "frame_read_write:frame_read_write_m1|wrusedw[15]" is missing source, defaulting to GND File: D:/Projects/2023_10_10_HX4S20_test/spi_FLASH_SDRAM_pic/14_TF_sdram_vga/src/frame_read_write.v Line: 53
    Warning (12110): Net "frame_read_write:frame_read_write_m1|wrusedw[14]" is missing source, defaulting to GND File: D:/Projects/2023_10_10_HX4S20_test/spi_FLASH_SDRAM_pic/14_TF_sdram_vga/src/frame_read_write.v Line: 53
    Warning (12110): Net "frame_read_write:frame_read_write_m1|wrusedw[13]" is missing source, defaulting to GND File: D:/Projects/2023_10_10_HX4S20_test/spi_FLASH_SDRAM_pic/14_TF_sdram_vga/src/frame_read_write.v Line: 53
    Warning (12110): Net "frame_read_write:frame_read_write_m1|wrusedw[12]" is missing source, defaulting to GND File: D:/Projects/2023_10_10_HX4S20_test/spi_FLASH_SDRAM_pic/14_TF_sdram_vga/src/frame_read_write.v Line: 53
    Warning (12110): Net "frame_read_write:frame_read_write_m1|wrusedw[11]" is missing source, defaulting to GND File: D:/Projects/2023_10_10_HX4S20_test/spi_FLASH_SDRAM_pic/14_TF_sdram_vga/src/frame_read_write.v Line: 53
    Warning (12110): Net "frame_read_write:frame_read_write_m1|wrusedw[10]" is missing source, defaulting to GND File: D:/Projects/2023_10_10_HX4S20_test/spi_FLASH_SDRAM_pic/14_TF_sdram_vga/src/frame_read_write.v Line: 53
    Warning (12110): Net "frame_read_write:frame_read_write_m1|wrusedw[9]" is missing source, defaulting to GND File: D:/Projects/2023_10_10_HX4S20_test/spi_FLASH_SDRAM_pic/14_TF_sdram_vga/src/frame_read_write.v Line: 53
    Warning (12110): Net "frame_read_write:frame_read_write_m1|wrusedw[8]" is missing source, defaulting to GND File: D:/Projects/2023_10_10_HX4S20_test/spi_FLASH_SDRAM_pic/14_TF_sdram_vga/src/frame_read_write.v Line: 53
    Warning (12110): Net "frame_read_write:frame_read_write_m1|rdusedw[15]" is missing source, defaulting to GND File: D:/Projects/2023_10_10_HX4S20_test/spi_FLASH_SDRAM_pic/14_TF_sdram_vga/src/frame_read_write.v Line: 54
    Warning (12110): Net "frame_read_write:frame_read_write_m1|rdusedw[14]" is missing source, defaulting to GND File: D:/Projects/2023_10_10_HX4S20_test/spi_FLASH_SDRAM_pic/14_TF_sdram_vga/src/frame_read_write.v Line: 54
    Warning (12110): Net "frame_read_write:frame_read_write_m1|rdusedw[13]" is missing source, defaulting to GND File: D:/Projects/2023_10_10_HX4S20_test/spi_FLASH_SDRAM_pic/14_TF_sdram_vga/src/frame_read_write.v Line: 54
    Warning (12110): Net "frame_read_write:frame_read_write_m1|rdusedw[12]" is missing source, defaulting to GND File: D:/Projects/2023_10_10_HX4S20_test/spi_FLASH_SDRAM_pic/14_TF_sdram_vga/src/frame_read_write.v Line: 54
    Warning (12110): Net "frame_read_write:frame_read_write_m1|rdusedw[11]" is missing source, defaulting to GND File: D:/Projects/2023_10_10_HX4S20_test/spi_FLASH_SDRAM_pic/14_TF_sdram_vga/src/frame_read_write.v Line: 54
    Warning (12110): Net "frame_read_write:frame_read_write_m1|rdusedw[10]" is missing source, defaulting to GND File: D:/Projects/2023_10_10_HX4S20_test/spi_FLASH_SDRAM_pic/14_TF_sdram_vga/src/frame_read_write.v Line: 54
    Warning (12110): Net "frame_read_write:frame_read_write_m1|rdusedw[9]" is missing source, defaulting to GND File: D:/Projects/2023_10_10_HX4S20_test/spi_FLASH_SDRAM_pic/14_TF_sdram_vga/src/frame_read_write.v Line: 54
    Warning (12110): Net "frame_read_write:frame_read_write_m1|rdusedw[8]" is missing source, defaulting to GND File: D:/Projects/2023_10_10_HX4S20_test/spi_FLASH_SDRAM_pic/14_TF_sdram_vga/src/frame_read_write.v Line: 54
Warning (12011): Net is missing source, defaulting to GND
    Warning (12110): Net "frame_read_write:frame_read_write_m1|wrusedw[15]" is missing source, defaulting to GND File: D:/Projects/2023_10_10_HX4S20_test/spi_FLASH_SDRAM_pic/14_TF_sdram_vga/src/frame_read_write.v Line: 53
    Warning (12110): Net "frame_read_write:frame_read_write_m1|wrusedw[14]" is missing source, defaulting to GND File: D:/Projects/2023_10_10_HX4S20_test/spi_FLASH_SDRAM_pic/14_TF_sdram_vga/src/frame_read_write.v Line: 53
    Warning (12110): Net "frame_read_write:frame_read_write_m1|wrusedw[13]" is missing source, defaulting to GND File: D:/Projects/2023_10_10_HX4S20_test/spi_FLASH_SDRAM_pic/14_TF_sdram_vga/src/frame_read_write.v Line: 53
    Warning (12110): Net "frame_read_write:frame_read_write_m1|wrusedw[12]" is missing source, defaulting to GND File: D:/Projects/2023_10_10_HX4S20_test/spi_FLASH_SDRAM_pic/14_TF_sdram_vga/src/frame_read_write.v Line: 53
    Warning (12110): Net "frame_read_write:frame_read_write_m1|wrusedw[11]" is missing source, defaulting to GND File: D:/Projects/2023_10_10_HX4S20_test/spi_FLASH_SDRAM_pic/14_TF_sdram_vga/src/frame_read_write.v Line: 53
    Warning (12110): Net "frame_read_write:frame_read_write_m1|wrusedw[10]" is missing source, defaulting to GND File: D:/Projects/2023_10_10_HX4S20_test/spi_FLASH_SDRAM_pic/14_TF_sdram_vga/src/frame_read_write.v Line: 53
    Warning (12110): Net "frame_read_write:frame_read_write_m1|wrusedw[9]" is missing source, defaulting to GND File: D:/Projects/2023_10_10_HX4S20_test/spi_FLASH_SDRAM_pic/14_TF_sdram_vga/src/frame_read_write.v Line: 53
    Warning (12110): Net "frame_read_write:frame_read_write_m1|wrusedw[8]" is missing source, defaulting to GND File: D:/Projects/2023_10_10_HX4S20_test/spi_FLASH_SDRAM_pic/14_TF_sdram_vga/src/frame_read_write.v Line: 53
    Warning (12110): Net "frame_read_write:frame_read_write_m1|rdusedw[15]" is missing source, defaulting to GND File: D:/Projects/2023_10_10_HX4S20_test/spi_FLASH_SDRAM_pic/14_TF_sdram_vga/src/frame_read_write.v Line: 54
    Warning (12110): Net "frame_read_write:frame_read_write_m1|rdusedw[14]" is missing source, defaulting to GND File: D:/Projects/2023_10_10_HX4S20_test/spi_FLASH_SDRAM_pic/14_TF_sdram_vga/src/frame_read_write.v Line: 54
    Warning (12110): Net "frame_read_write:frame_read_write_m1|rdusedw[13]" is missing source, defaulting to GND File: D:/Projects/2023_10_10_HX4S20_test/spi_FLASH_SDRAM_pic/14_TF_sdram_vga/src/frame_read_write.v Line: 54
    Warning (12110): Net "frame_read_write:frame_read_write_m1|rdusedw[12]" is missing source, defaulting to GND File: D:/Projects/2023_10_10_HX4S20_test/spi_FLASH_SDRAM_pic/14_TF_sdram_vga/src/frame_read_write.v Line: 54
    Warning (12110): Net "frame_read_write:frame_read_write_m1|rdusedw[11]" is missing source, defaulting to GND File: D:/Projects/2023_10_10_HX4S20_test/spi_FLASH_SDRAM_pic/14_TF_sdram_vga/src/frame_read_write.v Line: 54
    Warning (12110): Net "frame_read_write:frame_read_write_m1|rdusedw[10]" is missing source, defaulting to GND File: D:/Projects/2023_10_10_HX4S20_test/spi_FLASH_SDRAM_pic/14_TF_sdram_vga/src/frame_read_write.v Line: 54
    Warning (12110): Net "frame_read_write:frame_read_write_m1|rdusedw[9]" is missing source, defaulting to GND File: D:/Projects/2023_10_10_HX4S20_test/spi_FLASH_SDRAM_pic/14_TF_sdram_vga/src/frame_read_write.v Line: 54
    Warning (12110): Net "frame_read_write:frame_read_write_m1|rdusedw[8]" is missing source, defaulting to GND File: D:/Projects/2023_10_10_HX4S20_test/spi_FLASH_SDRAM_pic/14_TF_sdram_vga/src/frame_read_write.v Line: 54
Warning (12011): Net is missing source, defaulting to GND
    Warning (12110): Net "frame_read_write:frame_read_write_m1|wrusedw[15]" is missing source, defaulting to GND File: D:/Projects/2023_10_10_HX4S20_test/spi_FLASH_SDRAM_pic/14_TF_sdram_vga/src/frame_read_write.v Line: 53
    Warning (12110): Net "frame_read_write:frame_read_write_m1|wrusedw[14]" is missing source, defaulting to GND File: D:/Projects/2023_10_10_HX4S20_test/spi_FLASH_SDRAM_pic/14_TF_sdram_vga/src/frame_read_write.v Line: 53
    Warning (12110): Net "frame_read_write:frame_read_write_m1|wrusedw[13]" is missing source, defaulting to GND File: D:/Projects/2023_10_10_HX4S20_test/spi_FLASH_SDRAM_pic/14_TF_sdram_vga/src/frame_read_write.v Line: 53
    Warning (12110): Net "frame_read_write:frame_read_write_m1|wrusedw[12]" is missing source, defaulting to GND File: D:/Projects/2023_10_10_HX4S20_test/spi_FLASH_SDRAM_pic/14_TF_sdram_vga/src/frame_read_write.v Line: 53
    Warning (12110): Net "frame_read_write:frame_read_write_m1|wrusedw[11]" is missing source, defaulting to GND File: D:/Projects/2023_10_10_HX4S20_test/spi_FLASH_SDRAM_pic/14_TF_sdram_vga/src/frame_read_write.v Line: 53
    Warning (12110): Net "frame_read_write:frame_read_write_m1|wrusedw[10]" is missing source, defaulting to GND File: D:/Projects/2023_10_10_HX4S20_test/spi_FLASH_SDRAM_pic/14_TF_sdram_vga/src/frame_read_write.v Line: 53
    Warning (12110): Net "frame_read_write:frame_read_write_m1|wrusedw[9]" is missing source, defaulting to GND File: D:/Projects/2023_10_10_HX4S20_test/spi_FLASH_SDRAM_pic/14_TF_sdram_vga/src/frame_read_write.v Line: 53
    Warning (12110): Net "frame_read_write:frame_read_write_m1|wrusedw[8]" is missing source, defaulting to GND File: D:/Projects/2023_10_10_HX4S20_test/spi_FLASH_SDRAM_pic/14_TF_sdram_vga/src/frame_read_write.v Line: 53
    Warning (12110): Net "frame_read_write:frame_read_write_m1|rdusedw[15]" is missing source, defaulting to GND File: D:/Projects/2023_10_10_HX4S20_test/spi_FLASH_SDRAM_pic/14_TF_sdram_vga/src/frame_read_write.v Line: 54
    Warning (12110): Net "frame_read_write:frame_read_write_m1|rdusedw[14]" is missing source, defaulting to GND File: D:/Projects/2023_10_10_HX4S20_test/spi_FLASH_SDRAM_pic/14_TF_sdram_vga/src/frame_read_write.v Line: 54
    Warning (12110): Net "frame_read_write:frame_read_write_m1|rdusedw[13]" is missing source, defaulting to GND File: D:/Projects/2023_10_10_HX4S20_test/spi_FLASH_SDRAM_pic/14_TF_sdram_vga/src/frame_read_write.v Line: 54
    Warning (12110): Net "frame_read_write:frame_read_write_m1|rdusedw[12]" is missing source, defaulting to GND File: D:/Projects/2023_10_10_HX4S20_test/spi_FLASH_SDRAM_pic/14_TF_sdram_vga/src/frame_read_write.v Line: 54
    Warning (12110): Net "frame_read_write:frame_read_write_m1|rdusedw[11]" is missing source, defaulting to GND File: D:/Projects/2023_10_10_HX4S20_test/spi_FLASH_SDRAM_pic/14_TF_sdram_vga/src/frame_read_write.v Line: 54
    Warning (12110): Net "frame_read_write:frame_read_write_m1|rdusedw[10]" is missing source, defaulting to GND File: D:/Projects/2023_10_10_HX4S20_test/spi_FLASH_SDRAM_pic/14_TF_sdram_vga/src/frame_read_write.v Line: 54
    Warning (12110): Net "frame_read_write:frame_read_write_m1|rdusedw[9]" is missing source, defaulting to GND File: D:/Projects/2023_10_10_HX4S20_test/spi_FLASH_SDRAM_pic/14_TF_sdram_vga/src/frame_read_write.v Line: 54
    Warning (12110): Net "frame_read_write:frame_read_write_m1|rdusedw[8]" is missing source, defaulting to GND File: D:/Projects/2023_10_10_HX4S20_test/spi_FLASH_SDRAM_pic/14_TF_sdram_vga/src/frame_read_write.v Line: 54
Warning (12011): Net is missing source, defaulting to GND
    Warning (12110): Net "frame_read_write:frame_read_write_m1|wrusedw[15]" is missing source, defaulting to GND File: D:/Projects/2023_10_10_HX4S20_test/spi_FLASH_SDRAM_pic/14_TF_sdram_vga/src/frame_read_write.v Line: 53
    Warning (12110): Net "frame_read_write:frame_read_write_m1|wrusedw[14]" is missing source, defaulting to GND File: D:/Projects/2023_10_10_HX4S20_test/spi_FLASH_SDRAM_pic/14_TF_sdram_vga/src/frame_read_write.v Line: 53
    Warning (12110): Net "frame_read_write:frame_read_write_m1|wrusedw[13]" is missing source, defaulting to GND File: D:/Projects/2023_10_10_HX4S20_test/spi_FLASH_SDRAM_pic/14_TF_sdram_vga/src/frame_read_write.v Line: 53
    Warning (12110): Net "frame_read_write:frame_read_write_m1|wrusedw[12]" is missing source, defaulting to GND File: D:/Projects/2023_10_10_HX4S20_test/spi_FLASH_SDRAM_pic/14_TF_sdram_vga/src/frame_read_write.v Line: 53
    Warning (12110): Net "frame_read_write:frame_read_write_m1|wrusedw[11]" is missing source, defaulting to GND File: D:/Projects/2023_10_10_HX4S20_test/spi_FLASH_SDRAM_pic/14_TF_sdram_vga/src/frame_read_write.v Line: 53
    Warning (12110): Net "frame_read_write:frame_read_write_m1|wrusedw[10]" is missing source, defaulting to GND File: D:/Projects/2023_10_10_HX4S20_test/spi_FLASH_SDRAM_pic/14_TF_sdram_vga/src/frame_read_write.v Line: 53
    Warning (12110): Net "frame_read_write:frame_read_write_m1|wrusedw[9]" is missing source, defaulting to GND File: D:/Projects/2023_10_10_HX4S20_test/spi_FLASH_SDRAM_pic/14_TF_sdram_vga/src/frame_read_write.v Line: 53
    Warning (12110): Net "frame_read_write:frame_read_write_m1|wrusedw[8]" is missing source, defaulting to GND File: D:/Projects/2023_10_10_HX4S20_test/spi_FLASH_SDRAM_pic/14_TF_sdram_vga/src/frame_read_write.v Line: 53
    Warning (12110): Net "frame_read_write:frame_read_write_m1|rdusedw[15]" is missing source, defaulting to GND File: D:/Projects/2023_10_10_HX4S20_test/spi_FLASH_SDRAM_pic/14_TF_sdram_vga/src/frame_read_write.v Line: 54
    Warning (12110): Net "frame_read_write:frame_read_write_m1|rdusedw[14]" is missing source, defaulting to GND File: D:/Projects/2023_10_10_HX4S20_test/spi_FLASH_SDRAM_pic/14_TF_sdram_vga/src/frame_read_write.v Line: 54
    Warning (12110): Net "frame_read_write:frame_read_write_m1|rdusedw[13]" is missing source, defaulting to GND File: D:/Projects/2023_10_10_HX4S20_test/spi_FLASH_SDRAM_pic/14_TF_sdram_vga/src/frame_read_write.v Line: 54
    Warning (12110): Net "frame_read_write:frame_read_write_m1|rdusedw[12]" is missing source, defaulting to GND File: D:/Projects/2023_10_10_HX4S20_test/spi_FLASH_SDRAM_pic/14_TF_sdram_vga/src/frame_read_write.v Line: 54
    Warning (12110): Net "frame_read_write:frame_read_write_m1|rdusedw[11]" is missing source, defaulting to GND File: D:/Projects/2023_10_10_HX4S20_test/spi_FLASH_SDRAM_pic/14_TF_sdram_vga/src/frame_read_write.v Line: 54
    Warning (12110): Net "frame_read_write:frame_read_write_m1|rdusedw[10]" is missing source, defaulting to GND File: D:/Projects/2023_10_10_HX4S20_test/spi_FLASH_SDRAM_pic/14_TF_sdram_vga/src/frame_read_write.v Line: 54
    Warning (12110): Net "frame_read_write:frame_read_write_m1|rdusedw[9]" is missing source, defaulting to GND File: D:/Projects/2023_10_10_HX4S20_test/spi_FLASH_SDRAM_pic/14_TF_sdram_vga/src/frame_read_write.v Line: 54
    Warning (12110): Net "frame_read_write:frame_read_write_m1|rdusedw[8]" is missing source, defaulting to GND File: D:/Projects/2023_10_10_HX4S20_test/spi_FLASH_SDRAM_pic/14_TF_sdram_vga/src/frame_read_write.v Line: 54
Info (12021): Found 1 design units, including 1 entities, in source file db/altsyncram_la24.tdf
    Info (12023): Found entity 1: altsyncram_la24 File: D:/Projects/2023_10_10_HX4S20_test/spi_FLASH_SDRAM_pic/14_TF_sdram_vga/db/altsyncram_la24.tdf Line: 27
Info (12021): Found 1 design units, including 1 entities, in source file db/mux_ksc.tdf
    Info (12023): Found entity 1: mux_ksc File: D:/Projects/2023_10_10_HX4S20_test/spi_FLASH_SDRAM_pic/14_TF_sdram_vga/db/mux_ksc.tdf Line: 22
Info (12021): Found 1 design units, including 1 entities, in source file db/decode_6vf.tdf
    Info (12023): Found entity 1: decode_6vf File: D:/Projects/2023_10_10_HX4S20_test/spi_FLASH_SDRAM_pic/14_TF_sdram_vga/db/decode_6vf.tdf Line: 22
Info (12021): Found 1 design units, including 1 entities, in source file db/cntr_ogi.tdf
    Info (12023): Found entity 1: cntr_ogi File: D:/Projects/2023_10_10_HX4S20_test/spi_FLASH_SDRAM_pic/14_TF_sdram_vga/db/cntr_ogi.tdf Line: 27
Info (12021): Found 1 design units, including 1 entities, in source file db/cmpr_lgc.tdf
    Info (12023): Found entity 1: cmpr_lgc File: D:/Projects/2023_10_10_HX4S20_test/spi_FLASH_SDRAM_pic/14_TF_sdram_vga/db/cmpr_lgc.tdf Line: 22
Info (12021): Found 1 design units, including 1 entities, in source file db/cntr_99j.tdf
    Info (12023): Found entity 1: cntr_99j File: D:/Projects/2023_10_10_HX4S20_test/spi_FLASH_SDRAM_pic/14_TF_sdram_vga/db/cntr_99j.tdf Line: 25
Info (12021): Found 1 design units, including 1 entities, in source file db/cntr_7gi.tdf
    Info (12023): Found entity 1: cntr_7gi File: D:/Projects/2023_10_10_HX4S20_test/spi_FLASH_SDRAM_pic/14_TF_sdram_vga/db/cntr_7gi.tdf Line: 27
Info (12021): Found 1 design units, including 1 entities, in source file db/cmpr_kgc.tdf
    Info (12023): Found entity 1: cmpr_kgc File: D:/Projects/2023_10_10_HX4S20_test/spi_FLASH_SDRAM_pic/14_TF_sdram_vga/db/cmpr_kgc.tdf Line: 22
Info (12021): Found 1 design units, including 1 entities, in source file db/cntr_r2j.tdf
    Info (12023): Found entity 1: cntr_r2j File: D:/Projects/2023_10_10_HX4S20_test/spi_FLASH_SDRAM_pic/14_TF_sdram_vga/db/cntr_r2j.tdf Line: 27
Info (12021): Found 1 design units, including 1 entities, in source file db/cmpr_ggc.tdf
    Info (12023): Found entity 1: cmpr_ggc File: D:/Projects/2023_10_10_HX4S20_test/spi_FLASH_SDRAM_pic/14_TF_sdram_vga/db/cmpr_ggc.tdf Line: 22
Info (12033): Analysis and Synthesis generated Signal Tap or debug node instance "auto_signaltap_0"
Info (11170): Starting IP generation for the debug fabric: alt_sld_fab.
Info (11172): 2023.12.08.17:34:34 Progress: Loading sldb3c4ae96/alt_sld_fab_wrapper_hw.tcl
Info (11172): Alt_sld_fab.alt_sld_fab: SLD fabric agents which did not specify prefer_host were connected to JTAG
Info (11172): Alt_sld_fab: Generating alt_sld_fab "alt_sld_fab" for QUARTUS_SYNTH
Info (11172): Alt_sld_fab: "alt_sld_fab" instantiated alt_sld_fab "alt_sld_fab"
Info (11172): Presplit: "alt_sld_fab" instantiated altera_super_splitter "presplit"
Info (11172): Splitter: "alt_sld_fab" instantiated altera_sld_splitter "splitter"
Info (11172): Sldfabric: "alt_sld_fab" instantiated altera_sld_jtag_hub "sldfabric"
Info (11172): Ident: "alt_sld_fab" instantiated altera_connection_identification_hub "ident"
Info (11172): Alt_sld_fab: Done "alt_sld_fab" with 6 modules, 6 files
Info (11171): Finished IP generation for the debug fabric: alt_sld_fab.
Info (12021): Found 1 design units, including 1 entities, in source file db/ip/sldb3c4ae96/alt_sld_fab.v
    Info (12023): Found entity 1: alt_sld_fab File: D:/Projects/2023_10_10_HX4S20_test/spi_FLASH_SDRAM_pic/14_TF_sdram_vga/db/ip/sldb3c4ae96/alt_sld_fab.v Line: 9
Info (12021): Found 1 design units, including 1 entities, in source file db/ip/sldb3c4ae96/submodules/alt_sld_fab_alt_sld_fab.v
    Info (12023): Found entity 1: alt_sld_fab_alt_sld_fab File: D:/Projects/2023_10_10_HX4S20_test/spi_FLASH_SDRAM_pic/14_TF_sdram_vga/db/ip/sldb3c4ae96/submodules/alt_sld_fab_alt_sld_fab.v Line: 9
Info (12021): Found 1 design units, including 1 entities, in source file db/ip/sldb3c4ae96/submodules/alt_sld_fab_alt_sld_fab_ident.sv
    Info (12023): Found entity 1: alt_sld_fab_alt_sld_fab_ident File: D:/Projects/2023_10_10_HX4S20_test/spi_FLASH_SDRAM_pic/14_TF_sdram_vga/db/ip/sldb3c4ae96/submodules/alt_sld_fab_alt_sld_fab_ident.sv Line: 33
Info (12021): Found 1 design units, including 1 entities, in source file db/ip/sldb3c4ae96/submodules/alt_sld_fab_alt_sld_fab_presplit.sv
    Info (12023): Found entity 1: alt_sld_fab_alt_sld_fab_presplit File: D:/Projects/2023_10_10_HX4S20_test/spi_FLASH_SDRAM_pic/14_TF_sdram_vga/db/ip/sldb3c4ae96/submodules/alt_sld_fab_alt_sld_fab_presplit.sv Line: 3
Info (12021): Found 2 design units, including 1 entities, in source file db/ip/sldb3c4ae96/submodules/alt_sld_fab_alt_sld_fab_sldfabric.vhd
    Info (12022): Found design unit 1: alt_sld_fab_alt_sld_fab_sldfabric-rtl File: D:/Projects/2023_10_10_HX4S20_test/spi_FLASH_SDRAM_pic/14_TF_sdram_vga/db/ip/sldb3c4ae96/submodules/alt_sld_fab_alt_sld_fab_sldfabric.vhd Line: 102
    Info (12023): Found entity 1: alt_sld_fab_alt_sld_fab_sldfabric File: D:/Projects/2023_10_10_HX4S20_test/spi_FLASH_SDRAM_pic/14_TF_sdram_vga/db/ip/sldb3c4ae96/submodules/alt_sld_fab_alt_sld_fab_sldfabric.vhd Line: 11
Info (12021): Found 1 design units, including 1 entities, in source file db/ip/sldb3c4ae96/submodules/alt_sld_fab_alt_sld_fab_splitter.sv
    Info (12023): Found entity 1: alt_sld_fab_alt_sld_fab_splitter File: D:/Projects/2023_10_10_HX4S20_test/spi_FLASH_SDRAM_pic/14_TF_sdram_vga/db/ip/sldb3c4ae96/submodules/alt_sld_fab_alt_sld_fab_splitter.sv Line: 3
Info (12205): 1 design partition requires Analysis and Synthesis
    Info (12211): Partition "Top" requires synthesis because there were changes to its dependent source files
Info (12208): 2 design partitions do not require synthesis
    Info (12229): Partition "sld_hub:auto_hub" does not require synthesis because there were no relevant design changes
    Info (12229): Partition "sld_signaltap:auto_signaltap_0" does not require synthesis because there were no relevant design changes
Info (286031): Timing-Driven Synthesis is running on partition "Top"
Warning (12241): 6 hierarchies have connectivity warnings - see the Connectivity Checks report folder
Info (281020): Starting Logic Optimization and Technology Mapping for Top Partition
Info (13000): Registers with preset signals will power-up high File: D:/Projects/2023_10_10_HX4S20_test/spi_FLASH_SDRAM_pic/14_TF_sdram_vga/src/seg_scan.v Line: 50
Info (13003): DEV_CLRn pin will set, and not reset, register with preset signal due to NOT Gate Push-Back
Warning (13024): Output pins are stuck at VCC or GND
    Warning (13410): Pin "seg_data[7]" is stuck at VCC File: D:/Projects/2023_10_10_HX4S20_test/spi_FLASH_SDRAM_pic/14_TF_sdram_vga/src/top.v Line: 8
    Warning (13410): Pin "sdram_cke" is stuck at VCC File: D:/Projects/2023_10_10_HX4S20_test/spi_FLASH_SDRAM_pic/14_TF_sdram_vga/src/top.v Line: 19
    Warning (13410): Pin "sdram_cs_n" is stuck at GND File: D:/Projects/2023_10_10_HX4S20_test/spi_FLASH_SDRAM_pic/14_TF_sdram_vga/src/top.v Line: 20
    Warning (13410): Pin "sdram_dqm[0]" is stuck at GND File: D:/Projects/2023_10_10_HX4S20_test/spi_FLASH_SDRAM_pic/14_TF_sdram_vga/src/top.v Line: 24
    Warning (13410): Pin "sdram_dqm[1]" is stuck at GND File: D:/Projects/2023_10_10_HX4S20_test/spi_FLASH_SDRAM_pic/14_TF_sdram_vga/src/top.v Line: 24
Info (17049): 120 registers lost all their fanouts during netlist optimizations.
Info (128000): Starting physical synthesis optimizations for speed
Info (332129): Detected timing requirements -- optimizing circuit to achieve only the specified requirements
Info (332111): Found 5 clocks
    Info (332111):   Period   Clock Name
    Info (332111): ======== ============
    Info (332111):   20.000          clk
    Info (332111):   10.000 sys_pll_m0|altpll_component|auto_generated|pll1|clk[0]
    Info (332111):   10.000 sys_pll_m0|altpll_component|auto_generated|pll1|clk[1]
    Info (332111):   10.000 sys_pll_m0|altpll_component|auto_generated|pll1|clk[2]
    Info (332111):   39.721 video_pll_m0|altpll_component|auto_generated|pll1|clk[0]
Info (128002): Starting physical synthesis algorithm register retiming
Info (128003): Physical synthesis algorithm register retiming complete: estimated slack improvement of 257 ps
Info (128002): Starting physical synthesis algorithm combinational resynthesis using boolean division
Info (128003): Physical synthesis algorithm combinational resynthesis using boolean division complete: estimated slack improvement of 0 ps
Info (128001): Physical synthesis optimizations for speed complete: elapsed time is 00:00:01
Info (21057): Implemented 2975 device resources after synthesis - the final resource count might be different
    Info (21058): Implemented 6 input pins
    Info (21059): Implemented 61 output pins
    Info (21060): Implemented 20 bidirectional pins
    Info (21061): Implemented 2822 logic cells
    Info (21064): Implemented 64 RAM segments
    Info (21065): Implemented 2 PLLs
Info (144001): Generated suppressed messages file D:/Projects/2023_10_10_HX4S20_test/spi_FLASH_SDRAM_pic/14_TF_sdram_vga/output_files/sd_sdram_vga.map.smsg
Info: Quartus Prime Analysis & Synthesis was successful. 0 errors, 208 warnings
    Info: Peak virtual memory: 4989 megabytes
    Info: Processing ended: Fri Dec 08 17:34:47 2023
    Info: Elapsed time: 00:00:24
    Info: Total CPU time (on all processors): 00:00:24


+------------------------------------------+
; Analysis & Synthesis Suppressed Messages ;
+------------------------------------------+
The suppressed messages can be found in D:/Projects/2023_10_10_HX4S20_test/spi_FLASH_SDRAM_pic/14_TF_sdram_vga/output_files/sd_sdram_vga.map.smsg.


