Fitter report for sd_sdram_vga
Fri Dec 08 17:34:59 2023
Quartus Prime Version 18.1.0 Build 625 09/12/2018 SJ Standard Edition


---------------------
; Table of Contents ;
---------------------
  1. Legal Notice
  2. Fitter Summary
  3. Fitter Settings
  4. Parallel Compilation
  5. Incremental Compilation Preservation Summary
  6. Incremental Compilation Partition Settings
  7. Incremental Compilation Placement Preservation
  8. Pin-Out File
  9. Fitter Resource Usage Summary
 10. Fitter Partition Statistics
 11. Input Pins
 12. Output Pins
 13. Bidir Pins
 14. Dual Purpose and Dedicated Pins
 15. I/O Bank Usage
 16. All Package Pins
 17. PLL Summary
 18. PLL Usage
 19. I/O Assignment Warnings
 20. Fitter Resource Utilization by Entity
 21. Delay Chain Summary
 22. Pad To Core Delay Chain Fanout
 23. Control Signals
 24. Global & Other Fast Signals
 25. Fitter RAM Summary
 26. Routing Usage Summary
 27. LAB Logic Elements
 28. LAB-wide Signals
 29. LAB Signals Sourced
 30. LAB Signals Sourced Out
 31. LAB Distinct Inputs
 32. I/O Rules Summary
 33. I/O Rules Details
 34. I/O Rules Matrix
 35. Fitter Device Options
 36. Operating Settings and Conditions
 37. Estimated Delay Added for Hold Timing Summary
 38. Estimated Delay Added for Hold Timing Details
 39. Fitter Messages
 40. Fitter Suppressed Messages



----------------
; Legal Notice ;
----------------
Copyright (C) 2018  Intel Corporation. All rights reserved.
Your use of Intel Corporation's design tools, logic functions 
and other software and tools, and its AMPP partner logic 
functions, and any output files from any of the foregoing 
(including device programming or simulation files), and any 
associated documentation or information are expressly subject 
to the terms and conditions of the Intel Program License 
Subscription Agreement, the Intel Quartus Prime License Agreement,
the Intel FPGA IP License Agreement, or other applicable license
agreement, including, without limitation, that your use is for
the sole purpose of programming logic devices manufactured by
Intel and sold by Intel or its authorized distributors.  Please
refer to the applicable agreement for further details.



+--------------------------------------------------------------------------------------+
; Fitter Summary                                                                       ;
+------------------------------------+-------------------------------------------------+
; Fitter Status                      ; Successful - Fri Dec 08 17:34:59 2023           ;
; Quartus Prime Version              ; 18.1.0 Build 625 09/12/2018 SJ Standard Edition ;
; Revision Name                      ; sd_sdram_vga                                    ;
; Top-level Entity Name              ; top                                             ;
; Family                             ; Cyclone 10 LP                                   ;
; Device                             ; 10CL006YU256C8G                                 ;
; Timing Models                      ; Final                                           ;
; Total logic elements               ; 3,718 / 6,272 ( 59 % )                          ;
;     Total combinational functions  ; 2,925 / 6,272 ( 47 % )                          ;
;     Dedicated logic registers      ; 2,594 / 6,272 ( 41 % )                          ;
; Total registers                    ; 2594                                            ;
; Total pins                         ; 86 / 177 ( 49 % )                               ;
; Total virtual pins                 ; 0                                               ;
; Total memory bits                  ; 100,352 / 276,480 ( 36 % )                      ;
; Embedded Multiplier 9-bit elements ; 0 / 30 ( 0 % )                                  ;
; Total PLLs                         ; 2 / 2 ( 100 % )                                 ;
+------------------------------------+-------------------------------------------------+


+----------------------------------------------------------------------------------------------------------------------------------------------------+
; Fitter Settings                                                                                                                                    ;
+--------------------------------------------------------------------+---------------------------------------+---------------------------------------+
; Option                                                             ; Setting                               ; Default Value                         ;
+--------------------------------------------------------------------+---------------------------------------+---------------------------------------+
; Device                                                             ; 10CL006YU256C8G                       ;                                       ;
; Minimum Core Junction Temperature                                  ; 0                                     ;                                       ;
; Maximum Core Junction Temperature                                  ; 85                                    ;                                       ;
; Router Timing Optimization Level                                   ; MAXIMUM                               ; Normal                                ;
; Fit Attempts to Skip                                               ; 0                                     ; 0.0                                   ;
; Auto Packed Registers                                              ; Normal                                ; Auto                                  ;
; Perform Physical Synthesis for Combinational Logic for Performance ; On                                    ; Off                                   ;
; Perform Register Duplication for Performance                       ; On                                    ; Off                                   ;
; Perform Register Retiming for Performance                          ; On                                    ; Off                                   ;
; Logic Cell Insertion - Logic Duplication                           ; On                                    ; Auto                                  ;
; Use smart compilation                                              ; Off                                   ; Off                                   ;
; Enable parallel Assembler and Timing Analyzer during compilation   ; On                                    ; On                                    ;
; Enable compact report table                                        ; Off                                   ; Off                                   ;
; Auto Merge PLLs                                                    ; On                                    ; On                                    ;
; Perform Clocking Topology Analysis During Routing                  ; Off                                   ; Off                                   ;
; Placement Effort Multiplier                                        ; 1.0                                   ; 1.0                                   ;
; Router Effort Multiplier                                           ; 1.0                                   ; 1.0                                   ;
; Optimize Hold Timing                                               ; All Paths                             ; All Paths                             ;
; Optimize Multi-Corner Timing                                       ; On                                    ; On                                    ;
; Power Optimization During Fitting                                  ; Normal compilation                    ; Normal compilation                    ;
; SSN Optimization                                                   ; Off                                   ; Off                                   ;
; Optimize Timing                                                    ; Normal compilation                    ; Normal compilation                    ;
; Optimize Timing for ECOs                                           ; Off                                   ; Off                                   ;
; Regenerate Full Fit Report During ECO Compiles                     ; Off                                   ; Off                                   ;
; Optimize IOC Register Placement for Timing                         ; Normal                                ; Normal                                ;
; Limit to One Fitting Attempt                                       ; Off                                   ; Off                                   ;
; Final Placement Optimizations                                      ; Automatically                         ; Automatically                         ;
; Fitter Aggressive Routability Optimizations                        ; Automatically                         ; Automatically                         ;
; Fitter Initial Placement Seed                                      ; 1                                     ; 1                                     ;
; Periphery to Core Placement and Routing Optimization               ; Off                                   ; Off                                   ;
; PCI I/O                                                            ; Off                                   ; Off                                   ;
; Weak Pull-Up Resistor                                              ; Off                                   ; Off                                   ;
; Enable Bus-Hold Circuitry                                          ; Off                                   ; Off                                   ;
; Auto Delay Chains                                                  ; On                                    ; On                                    ;
; Auto Delay Chains for High Fanout Input Pins                       ; Off                                   ; Off                                   ;
; Allow Single-ended Buffer for Differential-XSTL Input              ; Off                                   ; Off                                   ;
; Treat Bidirectional Pin as Output Pin                              ; Off                                   ; Off                                   ;
; Perform Physical Synthesis for Combinational Logic for Fitting     ; Off                                   ; Off                                   ;
; Perform Logic to Memory Mapping for Fitting                        ; Off                                   ; Off                                   ;
; Perform Asynchronous Signal Pipelining                             ; Off                                   ; Off                                   ;
; Fitter Effort                                                      ; Auto Fit                              ; Auto Fit                              ;
; Physical Synthesis Effort Level                                    ; Normal                                ; Normal                                ;
; Auto Register Duplication                                          ; Auto                                  ; Auto                                  ;
; Auto Global Clock                                                  ; On                                    ; On                                    ;
; Auto Global Register Control Signals                               ; On                                    ; On                                    ;
; Reserve all unused pins                                            ; As input tri-stated with weak pull-up ; As input tri-stated with weak pull-up ;
; Synchronizer Identification                                        ; Auto                                  ; Auto                                  ;
; Enable Beneficial Skew Optimization                                ; On                                    ; On                                    ;
; Optimize Design for Metastability                                  ; On                                    ; On                                    ;
; Force Fitter to Avoid Periphery Placement Warnings                 ; Off                                   ; Off                                   ;
; Enable input tri-state on active configuration pins in user mode   ; Off                                   ; Off                                   ;
+--------------------------------------------------------------------+---------------------------------------+---------------------------------------+


+------------------------------------------+
; Parallel Compilation                     ;
+----------------------------+-------------+
; Processors                 ; Number      ;
+----------------------------+-------------+
; Number detected on machine ; 16          ;
; Maximum allowed            ; 12          ;
;                            ;             ;
; Average used               ; 1.71        ;
; Maximum used               ; 12          ;
;                            ;             ;
; Usage by Processor         ; % Time Used ;
;     Processor 1            ; 100.0%      ;
;     Processor 2            ;   7.1%      ;
;     Processor 3            ;   7.0%      ;
;     Processor 4            ;   6.8%      ;
;     Processor 5            ;   6.6%      ;
;     Processor 6            ;   6.5%      ;
;     Processor 7            ;   6.4%      ;
;     Processor 8            ;   6.3%      ;
;     Processors 9-12        ;   6.0%      ;
+----------------------------+-------------+


+---------------------------------------------------------------------------------------------------+
; Incremental Compilation Preservation Summary                                                      ;
+---------------------+---------------------+----------------------------+--------------------------+
; Type                ; Total [A + B]       ; From Design Partitions [A] ; From Rapid Recompile [B] ;
+---------------------+---------------------+----------------------------+--------------------------+
; Placement (by node) ;                     ;                            ;                          ;
;     -- Requested    ; 0.00 % ( 0 / 5832 ) ; 0.00 % ( 0 / 5832 )        ; 0.00 % ( 0 / 5832 )      ;
;     -- Achieved     ; 0.00 % ( 0 / 5832 ) ; 0.00 % ( 0 / 5832 )        ; 0.00 % ( 0 / 5832 )      ;
;                     ;                     ;                            ;                          ;
; Routing (by net)    ;                     ;                            ;                          ;
;     -- Requested    ; 0.00 % ( 0 / 0 )    ; 0.00 % ( 0 / 0 )           ; 0.00 % ( 0 / 0 )         ;
;     -- Achieved     ; 0.00 % ( 0 / 0 )    ; 0.00 % ( 0 / 0 )           ; 0.00 % ( 0 / 0 )         ;
+---------------------+---------------------+----------------------------+--------------------------+


+----------------------------------------------------------------------------------------------------------------------------------------------------------------------------------------+
; Incremental Compilation Partition Settings                                                                                                                                             ;
+--------------------------------+----------------+-------------------+-------------------------+------------------------+------------------------------+--------------------------------+
; Partition Name                 ; Partition Type ; Netlist Type Used ; Preservation Level Used ; Netlist Type Requested ; Preservation Level Requested ; Contents                       ;
+--------------------------------+----------------+-------------------+-------------------------+------------------------+------------------------------+--------------------------------+
; Top                            ; User-created   ; Source File       ; N/A                     ; Post-Fit               ; Placement and Routing        ;                                ;
; sld_hub:auto_hub               ; Auto-generated ; Post-Synthesis    ; N/A                     ; Post-Synthesis         ; N/A                          ; sld_hub:auto_hub               ;
; sld_signaltap:auto_signaltap_0 ; Auto-generated ; Post-Synthesis    ; N/A                     ; Post-Synthesis         ; N/A                          ; sld_signaltap:auto_signaltap_0 ;
; hard_block:auto_generated_inst ; Auto-generated ; Source File       ; N/A                     ; Source File            ; N/A                          ; hard_block:auto_generated_inst ;
+--------------------------------+----------------+-------------------+-------------------------+------------------------+------------------------------+--------------------------------+


+------------------------------------------------------------------------------------------------------------------------------------+
; Incremental Compilation Placement Preservation                                                                                     ;
+--------------------------------+-----------------------+-------------------------+-------------------+---------------------+-------+
; Partition Name                 ; Preservation Achieved ; Preservation Level Used ; Netlist Type Used ; Preservation Method ; Notes ;
+--------------------------------+-----------------------+-------------------------+-------------------+---------------------+-------+
; Top                            ; 0.00 % ( 0 / 4236 )   ; N/A                     ; Source File       ; N/A                 ;       ;
; sld_hub:auto_hub               ; 0.00 % ( 0 / 218 )    ; N/A                     ; Post-Synthesis    ; N/A                 ;       ;
; sld_signaltap:auto_signaltap_0 ; 0.00 % ( 0 / 1372 )   ; N/A                     ; Post-Synthesis    ; N/A                 ;       ;
; hard_block:auto_generated_inst ; 0.00 % ( 0 / 6 )      ; N/A                     ; Source File       ; N/A                 ;       ;
+--------------------------------+-----------------------+-------------------------+-------------------+---------------------+-------+


+--------------+
; Pin-Out File ;
+--------------+
The pin-out file can be found in D:/Projects/2023_10_10_HX4S20_test/spi_FLASH_SDRAM_pic/14_TF_sdram_vga/output_files/sd_sdram_vga.pin.


+--------------------------------------------------------------------------+
; Fitter Resource Usage Summary                                            ;
+---------------------------------------------+----------------------------+
; Resource                                    ; Usage                      ;
+---------------------------------------------+----------------------------+
; Total logic elements                        ; 3,718 / 6,272 ( 59 % )     ;
;     -- Combinational with no register       ; 1124                       ;
;     -- Register only                        ; 793                        ;
;     -- Combinational with a register        ; 1801                       ;
;                                             ;                            ;
; Logic element usage by number of LUT inputs ;                            ;
;     -- 4 input functions                    ; 1167                       ;
;     -- 3 input functions                    ; 643                        ;
;     -- <=2 input functions                  ; 1115                       ;
;     -- Register only                        ; 793                        ;
;                                             ;                            ;
; Logic elements by mode                      ;                            ;
;     -- normal mode                          ; 2168                       ;
;     -- arithmetic mode                      ; 757                        ;
;                                             ;                            ;
; Total registers*                            ; 2,594 / 7,106 ( 37 % )     ;
;     -- Dedicated logic registers            ; 2,594 / 6,272 ( 41 % )     ;
;     -- I/O registers                        ; 0 / 834 ( 0 % )            ;
;                                             ;                            ;
; Total LABs:  partially or completely used   ; 300 / 392 ( 77 % )         ;
; Virtual pins                                ; 0                          ;
; I/O pins                                    ; 86 / 177 ( 49 % )          ;
;     -- Clock pins                           ; 3 / 4 ( 75 % )             ;
;     -- Dedicated input pins                 ; 3 / 9 ( 33 % )             ;
;                                             ;                            ;
; M9Ks                                        ; 15 / 30 ( 50 % )           ;
; Total block memory bits                     ; 100,352 / 276,480 ( 36 % ) ;
; Total block memory implementation bits      ; 138,240 / 276,480 ( 50 % ) ;
; Embedded Multiplier 9-bit elements          ; 0 / 30 ( 0 % )             ;
; PLLs                                        ; 2 / 2 ( 100 % )            ;
; Global signals                              ; 10                         ;
;     -- Global clocks                        ; 10 / 10 ( 100 % )          ;
; JTAGs                                       ; 1 / 1 ( 100 % )            ;
; CRC blocks                                  ; 0 / 1 ( 0 % )              ;
; ASMI blocks                                 ; 0 / 1 ( 0 % )              ;
; Oscillator blocks                           ; 0 / 1 ( 0 % )              ;
; Impedance control blocks                    ; 0 / 4 ( 0 % )              ;
; Average interconnect usage (total/H/V)      ; 6.8% / 7.0% / 6.5%         ;
; Peak interconnect usage (total/H/V)         ; 10.7% / 12.6% / 9.8%       ;
; Maximum fan-out                             ; 916                        ;
; Highest non-global fan-out                  ; 148                        ;
; Total fan-out                               ; 19104                      ;
; Average fan-out                             ; 3.01                       ;
+---------------------------------------------+----------------------------+
*  Register count does not include registers inside RAM blocks or DSP blocks.



+-----------------------------------------------------------------------------------------------------------------------------------------------------------+
; Fitter Partition Statistics                                                                                                                               ;
+---------------------------------------------+----------------------+--------------------+--------------------------------+--------------------------------+
; Statistic                                   ; Top                  ; sld_hub:auto_hub   ; sld_signaltap:auto_signaltap_0 ; hard_block:auto_generated_inst ;
+---------------------------------------------+----------------------+--------------------+--------------------------------+--------------------------------+
; Difficulty Clustering Region                ; Low                  ; Low                ; Low                            ; Low                            ;
;                                             ;                      ;                    ;                                ;                                ;
; Total logic elements                        ; 2605 / 6272 ( 42 % ) ; 151 / 6272 ( 2 % ) ; 962 / 6272 ( 15 % )            ; 0 / 6272 ( 0 % )               ;
;     -- Combinational with no register       ; 944                  ; 60                 ; 120                            ; 0                              ;
;     -- Register only                        ; 297                  ; 24                 ; 472                            ; 0                              ;
;     -- Combinational with a register        ; 1364                 ; 67                 ; 370                            ; 0                              ;
;                                             ;                      ;                    ;                                ;                                ;
; Logic element usage by number of LUT inputs ;                      ;                    ;                                ;                                ;
;     -- 4 input functions                    ; 898                  ; 53                 ; 216                            ; 0                              ;
;     -- 3 input functions                    ; 456                  ; 36                 ; 151                            ; 0                              ;
;     -- <=2 input functions                  ; 954                  ; 38                 ; 123                            ; 0                              ;
;     -- Register only                        ; 297                  ; 24                 ; 472                            ; 0                              ;
;                                             ;                      ;                    ;                                ;                                ;
; Logic elements by mode                      ;                      ;                    ;                                ;                                ;
;     -- normal mode                          ; 1643                 ; 119                ; 406                            ; 0                              ;
;     -- arithmetic mode                      ; 665                  ; 8                  ; 84                             ; 0                              ;
;                                             ;                      ;                    ;                                ;                                ;
; Total registers                             ; 1661                 ; 91                 ; 842                            ; 0                              ;
;     -- Dedicated logic registers            ; 1661 / 6272 ( 26 % ) ; 91 / 6272 ( 1 % )  ; 842 / 6272 ( 13 % )            ; 0 / 6272 ( 0 % )               ;
;     -- I/O registers                        ; 0                    ; 0                  ; 0                              ; 0                              ;
;                                             ;                      ;                    ;                                ;                                ;
; Total LABs:  partially or completely used   ; 207 / 392 ( 53 % )   ; 15 / 392 ( 4 % )   ; 83 / 392 ( 21 % )              ; 0 / 392 ( 0 % )                ;
;                                             ;                      ;                    ;                                ;                                ;
; Virtual pins                                ; 0                    ; 0                  ; 0                              ; 0                              ;
; I/O pins                                    ; 86                   ; 0                  ; 0                              ; 0                              ;
; Embedded Multiplier 9-bit elements          ; 0 / 30 ( 0 % )       ; 0 / 30 ( 0 % )     ; 0 / 30 ( 0 % )                 ; 0 / 30 ( 0 % )                 ;
; Total memory bits                           ; 16384                ; 0                  ; 83968                          ; 0                              ;
; Total RAM block bits                        ; 36864                ; 0                  ; 101376                         ; 0                              ;
; JTAG                                        ; 1 / 1 ( 100 % )      ; 0 / 1 ( 0 % )      ; 0 / 1 ( 0 % )                  ; 0 / 1 ( 0 % )                  ;
; PLL                                         ; 0 / 2 ( 0 % )        ; 0 / 2 ( 0 % )      ; 0 / 2 ( 0 % )                  ; 2 / 2 ( 100 % )                ;
; M9K                                         ; 4 / 30 ( 13 % )      ; 0 / 30 ( 0 % )     ; 11 / 30 ( 36 % )               ; 0 / 30 ( 0 % )                 ;
; Clock control block                         ; 5 / 12 ( 41 % )      ; 0 / 12 ( 0 % )     ; 1 / 12 ( 8 % )                 ; 4 / 12 ( 33 % )                ;
;                                             ;                      ;                    ;                                ;                                ;
; Connections                                 ;                      ;                    ;                                ;                                ;
;     -- Input Connections                    ; 1642                 ; 134                ; 1150                           ; 2                              ;
;     -- Registered Input Connections         ; 1620                 ; 101                ; 881                            ; 0                              ;
;     -- Output Connections                   ; 613                  ; 177                ; 34                             ; 2104                           ;
;     -- Registered Output Connections        ; 72                   ; 177                ; 0                              ; 0                              ;
;                                             ;                      ;                    ;                                ;                                ;
; Internal Connections                        ;                      ;                    ;                                ;                                ;
;     -- Total Connections                    ; 14248                ; 884                ; 4752                           ; 2112                           ;
;     -- Registered Connections               ; 7700                 ; 633                ; 2520                           ; 0                              ;
;                                             ;                      ;                    ;                                ;                                ;
; External Connections                        ;                      ;                    ;                                ;                                ;
;     -- Top                                  ; 40                   ; 123                ; 469                            ; 1623                           ;
;     -- sld_hub:auto_hub                     ; 123                  ; 20                 ; 168                            ; 0                              ;
;     -- sld_signaltap:auto_signaltap_0       ; 469                  ; 168                ; 64                             ; 483                            ;
;     -- hard_block:auto_generated_inst       ; 1623                 ; 0                  ; 483                            ; 0                              ;
;                                             ;                      ;                    ;                                ;                                ;
; Partition Interface                         ;                      ;                    ;                                ;                                ;
;     -- Input Ports                          ; 9                    ; 45                 ; 192                            ; 2                              ;
;     -- Output Ports                         ; 62                   ; 62                 ; 97                             ; 4                              ;
;     -- Bidir Ports                          ; 20                   ; 0                  ; 0                              ; 0                              ;
;                                             ;                      ;                    ;                                ;                                ;
; Registered Ports                            ;                      ;                    ;                                ;                                ;
;     -- Registered Input Ports               ; 0                    ; 4                  ; 14                             ; 0                              ;
;     -- Registered Output Ports              ; 0                    ; 29                 ; 83                             ; 0                              ;
;                                             ;                      ;                    ;                                ;                                ;
; Port Connectivity                           ;                      ;                    ;                                ;                                ;
;     -- Input Ports driven by GND            ; 0                    ; 0                  ; 18                             ; 0                              ;
;     -- Output Ports driven by GND           ; 0                    ; 28                 ; 2                              ; 0                              ;
;     -- Input Ports driven by VCC            ; 0                    ; 0                  ; 14                             ; 0                              ;
;     -- Output Ports driven by VCC           ; 0                    ; 0                  ; 1                              ; 0                              ;
;     -- Input Ports with no Source           ; 0                    ; 25                 ; 45                             ; 0                              ;
;     -- Output Ports with no Source          ; 0                    ; 0                  ; 0                              ; 0                              ;
;     -- Input Ports with no Fanout           ; 0                    ; 30                 ; 59                             ; 1                              ;
;     -- Output Ports with no Fanout          ; 0                    ; 29                 ; 85                             ; 0                              ;
+---------------------------------------------+----------------------+--------------------+--------------------------------+--------------------------------+


+------------------------------------------------------------------------------------------------------------------------------------------------------------------------------------------------------------------------------------------------------------------------------------------+
; Input Pins                                                                                                                                                                                                                                                                               ;
+---------+-------+----------+--------------+--------------+--------------+-----------------------+--------------------+--------+----------------+---------------+-----------------+----------+--------------+--------------+---------------------------+----------------------+-----------+
; Name    ; Pin # ; I/O Bank ; X coordinate ; Y coordinate ; Z coordinate ; Combinational Fan-Out ; Registered Fan-Out ; Global ; Input Register ; Power Up High ; PCI I/O Enabled ; Bus Hold ; Weak Pull Up ; I/O Standard ; Termination Control Block ; Location assigned by ; Slew Rate ;
+---------+-------+----------+--------------+--------------+--------------+-----------------------+--------------------+--------+----------------+---------------+-----------------+----------+--------------+--------------+---------------------------+----------------------+-----------+
; clk     ; E15   ; 6        ; 34           ; 12           ; 0            ; 51                    ; 0                  ; yes    ; no             ; no            ; yes             ; no       ; Off          ; 2.5 V        ; --                        ; User                 ; no        ;
; key1    ; F3    ; 1        ; 0            ; 21           ; 7            ; 1                     ; 0                  ; no     ; no             ; no            ; yes             ; no       ; Off          ; 2.5 V        ; --                        ; User                 ; no        ;
; key2    ; E1    ; 1        ; 0            ; 11           ; 7            ; 1                     ; 0                  ; no     ; no             ; no            ; yes             ; no       ; Off          ; 2.5 V        ; --                        ; User                 ; no        ;
; rst_n   ; M1    ; 2        ; 0            ; 11           ; 21           ; 776                   ; 0                  ; yes    ; no             ; no            ; yes             ; no       ; Off          ; 2.5 V        ; --                        ; User                 ; no        ;
; sd_miso ; T11   ; 4        ; 23           ; 0            ; 7            ; 1                     ; 0                  ; no     ; no             ; no            ; yes             ; no       ; Off          ; 2.5 V        ; --                        ; User                 ; no        ;
; switch1 ; E16   ; 6        ; 34           ; 12           ; 7            ; 1                     ; 0                  ; no     ; no             ; no            ; yes             ; no       ; Off          ; 2.5 V        ; --                        ; User                 ; no        ;
+---------+-------+----------+--------------+--------------+--------------+-----------------------+--------------------+--------+----------------+---------------+-----------------+----------+--------------+--------------+---------------------------+----------------------+-----------+


+-----------------------------------------------------------------------------------------------------------------------------------------------------------------------------------------------------------------------------------------------------------------------------------------------------------------------------------------------------------------------------------------------------------------------------------------------------------------+
; Output Pins                                                                                                                                                                                                                                                                                                                                                                                                                                                     ;
+----------------+-------+----------+--------------+--------------+--------------+-----------------+------------------------+---------------+-----------+-----------------+------------+---------------+----------+--------------+--------------+------------------+-----------------------------------+---------------------------+----------------------------+-----------------------------+----------------------+----------------------+---------------------+
; Name           ; Pin # ; I/O Bank ; X coordinate ; Y coordinate ; Z coordinate ; Output Register ; Output Enable Register ; Power Up High ; Slew Rate ; PCI I/O Enabled ; Open Drain ; TRI Primitive ; Bus Hold ; Weak Pull Up ; I/O Standard ; Current Strength ; Termination                       ; Termination Control Block ; Output Buffer Pre-emphasis ; Voltage Output Differential ; Location assigned by ; Output Enable Source ; Output Enable Group ;
+----------------+-------+----------+--------------+--------------+--------------+-----------------+------------------------+---------------+-----------+-----------------+------------+---------------+----------+--------------+--------------+------------------+-----------------------------------+---------------------------+----------------------------+-----------------------------+----------------------+----------------------+---------------------+
; flash_cs_n     ; R13   ; 4        ; 28           ; 0            ; 14           ; no              ; no                     ; no            ; 2         ; no              ; no         ; no            ; no       ; Off          ; 2.5 V        ; Default          ; Series 50 Ohm without Calibration ; --                        ; no                         ; no                          ; User                 ; -                    ; -                   ;
; flash_sck      ; T15   ; 4        ; 30           ; 0            ; 7            ; no              ; no                     ; no            ; 2         ; no              ; no         ; no            ; no       ; Off          ; 2.5 V        ; Default          ; Series 50 Ohm without Calibration ; --                        ; no                         ; no                          ; User                 ; -                    ; -                   ;
; sd_dclk        ; R11   ; 4        ; 23           ; 0            ; 14           ; no              ; no                     ; no            ; 2         ; no              ; no         ; no            ; no       ; Off          ; 2.5 V        ; Default          ; Series 50 Ohm without Calibration ; --                        ; no                         ; no                          ; User                 ; -                    ; -                   ;
; sd_mosi        ; T12   ; 4        ; 25           ; 0            ; 21           ; no              ; no                     ; no            ; 2         ; no              ; no         ; no            ; no       ; Off          ; 2.5 V        ; Default          ; Series 50 Ohm without Calibration ; --                        ; no                         ; no                          ; User                 ; -                    ; -                   ;
; sd_ncs         ; R12   ; 4        ; 23           ; 0            ; 0            ; no              ; no                     ; no            ; 2         ; no              ; no         ; no            ; no       ; Off          ; 2.5 V        ; Default          ; Series 50 Ohm without Calibration ; --                        ; no                         ; no                          ; User                 ; -                    ; -                   ;
; sdram_addr[0]  ; J2    ; 2        ; 0            ; 10           ; 0            ; no              ; no                     ; no            ; 2         ; no              ; no         ; no            ; no       ; Off          ; 2.5 V        ; Default          ; Series 50 Ohm without Calibration ; --                        ; no                         ; no                          ; User                 ; -                    ; -                   ;
; sdram_addr[10] ; J1    ; 2        ; 0            ; 10           ; 14           ; no              ; no                     ; no            ; 2         ; no              ; no         ; no            ; no       ; Off          ; 2.5 V        ; Default          ; Series 50 Ohm without Calibration ; --                        ; no                         ; no                          ; User                 ; -                    ; -                   ;
; sdram_addr[11] ; T5    ; 3        ; 9            ; 0            ; 0            ; no              ; no                     ; no            ; 2         ; no              ; no         ; no            ; no       ; Off          ; 2.5 V        ; Default          ; Series 50 Ohm without Calibration ; --                        ; no                         ; no                          ; User                 ; -                    ; -                   ;
; sdram_addr[12] ; R5    ; 3        ; 9            ; 0            ; 7            ; no              ; no                     ; no            ; 2         ; no              ; no         ; no            ; no       ; Off          ; 2.5 V        ; Default          ; Series 50 Ohm without Calibration ; --                        ; no                         ; no                          ; User                 ; -                    ; -                   ;
; sdram_addr[1]  ; K1    ; 2        ; 0            ; 8            ; 7            ; no              ; no                     ; no            ; 2         ; no              ; no         ; no            ; no       ; Off          ; 2.5 V        ; Default          ; Series 50 Ohm without Calibration ; --                        ; no                         ; no                          ; User                 ; -                    ; -                   ;
; sdram_addr[2]  ; K2    ; 2        ; 0            ; 8            ; 0            ; no              ; no                     ; no            ; 2         ; no              ; no         ; no            ; no       ; Off          ; 2.5 V        ; Default          ; Series 50 Ohm without Calibration ; --                        ; no                         ; no                          ; User                 ; -                    ; -                   ;
; sdram_addr[3]  ; L1    ; 2        ; 0            ; 8            ; 21           ; no              ; no                     ; no            ; 2         ; no              ; no         ; no            ; no       ; Off          ; 2.5 V        ; Default          ; Series 50 Ohm without Calibration ; --                        ; no                         ; no                          ; User                 ; -                    ; -                   ;
; sdram_addr[4]  ; T8    ; 3        ; 16           ; 0            ; 0            ; no              ; no                     ; no            ; 2         ; no              ; no         ; no            ; no       ; Off          ; 2.5 V        ; Default          ; Series 50 Ohm without Calibration ; --                        ; no                         ; no                          ; User                 ; -                    ; -                   ;
; sdram_addr[5]  ; R8    ; 3        ; 16           ; 0            ; 7            ; no              ; no                     ; no            ; 2         ; no              ; no         ; no            ; no       ; Off          ; 2.5 V        ; Default          ; Series 50 Ohm without Calibration ; --                        ; no                         ; no                          ; User                 ; -                    ; -                   ;
; sdram_addr[6]  ; T7    ; 3        ; 13           ; 0            ; 21           ; no              ; no                     ; no            ; 2         ; no              ; no         ; no            ; no       ; Off          ; 2.5 V        ; Default          ; Series 50 Ohm without Calibration ; --                        ; no                         ; no                          ; User                 ; -                    ; -                   ;
; sdram_addr[7]  ; R7    ; 3        ; 11           ; 0            ; 0            ; no              ; no                     ; no            ; 2         ; no              ; no         ; no            ; no       ; Off          ; 2.5 V        ; Default          ; Series 50 Ohm without Calibration ; --                        ; no                         ; no                          ; User                 ; -                    ; -                   ;
; sdram_addr[8]  ; T6    ; 3        ; 11           ; 0            ; 14           ; no              ; no                     ; no            ; 2         ; no              ; no         ; no            ; no       ; Off          ; 2.5 V        ; Default          ; Series 50 Ohm without Calibration ; --                        ; no                         ; no                          ; User                 ; -                    ; -                   ;
; sdram_addr[9]  ; R6    ; 3        ; 11           ; 0            ; 21           ; no              ; no                     ; no            ; 2         ; no              ; no         ; no            ; no       ; Off          ; 2.5 V        ; Default          ; Series 50 Ohm without Calibration ; --                        ; no                         ; no                          ; User                 ; -                    ; -                   ;
; sdram_ba[0]    ; G1    ; 1        ; 0            ; 18           ; 21           ; no              ; no                     ; no            ; 2         ; no              ; no         ; no            ; no       ; Off          ; 2.5 V        ; Default          ; Series 50 Ohm without Calibration ; --                        ; no                         ; no                          ; User                 ; -                    ; -                   ;
; sdram_ba[1]    ; J6    ; 2        ; 0            ; 10           ; 21           ; no              ; no                     ; no            ; 2         ; no              ; no         ; no            ; no       ; Off          ; 2.5 V        ; Default          ; Series 50 Ohm without Calibration ; --                        ; no                         ; no                          ; User                 ; -                    ; -                   ;
; sdram_cas_n    ; C2    ; 1        ; 0            ; 22           ; 14           ; no              ; no                     ; no            ; 2         ; no              ; no         ; no            ; no       ; Off          ; 2.5 V        ; Default          ; Series 50 Ohm without Calibration ; --                        ; no                         ; no                          ; User                 ; -                    ; -                   ;
; sdram_cke      ; T4    ; 3        ; 5            ; 0            ; 14           ; no              ; no                     ; no            ; 2         ; no              ; no         ; no            ; no       ; Off          ; 2.5 V        ; Default          ; Series 50 Ohm without Calibration ; --                        ; no                         ; no                          ; User                 ; -                    ; -                   ;
; sdram_clk      ; R4    ; 3        ; 5            ; 0            ; 21           ; no              ; no                     ; no            ; 2         ; no              ; no         ; no            ; no       ; Off          ; 2.5 V        ; Default          ; Series 50 Ohm without Calibration ; --                        ; no                         ; no                          ; User                 ; -                    ; -                   ;
; sdram_cs_n     ; G2    ; 1        ; 0            ; 18           ; 14           ; no              ; no                     ; no            ; 2         ; no              ; no         ; no            ; no       ; Off          ; 2.5 V        ; Default          ; Series 50 Ohm without Calibration ; --                        ; no                         ; no                          ; User                 ; -                    ; -                   ;
; sdram_dqm[0]   ; A2    ; 8        ; 5            ; 24           ; 0            ; no              ; no                     ; no            ; 2         ; no              ; no         ; no            ; no       ; Off          ; 2.5 V        ; Default          ; Series 50 Ohm without Calibration ; --                        ; no                         ; no                          ; User                 ; -                    ; -                   ;
; sdram_dqm[1]   ; T3    ; 3        ; 1            ; 0            ; 0            ; no              ; no                     ; no            ; 2         ; no              ; no         ; no            ; no       ; Off          ; 2.5 V        ; Default          ; Series 50 Ohm without Calibration ; --                        ; no                         ; no                          ; User                 ; -                    ; -                   ;
; sdram_ras_n    ; D1    ; 1        ; 0            ; 21           ; 21           ; no              ; no                     ; no            ; 2         ; no              ; no         ; no            ; no       ; Off          ; 2.5 V        ; Default          ; Series 50 Ohm without Calibration ; --                        ; no                         ; no                          ; User                 ; -                    ; -                   ;
; sdram_we_n     ; B1    ; 1        ; 0            ; 22           ; 0            ; no              ; no                     ; no            ; 2         ; no              ; no         ; no            ; no       ; Off          ; 2.5 V        ; Default          ; Series 50 Ohm without Calibration ; --                        ; no                         ; no                          ; User                 ; -                    ; -                   ;
; seg_data[0]    ; D15   ; 6        ; 34           ; 19           ; 0            ; no              ; no                     ; no            ; 2         ; no              ; no         ; no            ; no       ; Off          ; 2.5 V        ; Default          ; Series 50 Ohm without Calibration ; --                        ; no                         ; no                          ; User                 ; -                    ; -                   ;
; seg_data[1]    ; C15   ; 6        ; 34           ; 20           ; 0            ; no              ; no                     ; no            ; 2         ; no              ; no         ; no            ; no       ; Off          ; 2.5 V        ; Default          ; Series 50 Ohm without Calibration ; --                        ; no                         ; no                          ; User                 ; -                    ; -                   ;
; seg_data[2]    ; A15   ; 7        ; 21           ; 24           ; 0            ; no              ; no                     ; no            ; 2         ; no              ; no         ; no            ; no       ; Off          ; 2.5 V        ; Default          ; Series 50 Ohm without Calibration ; --                        ; no                         ; no                          ; User                 ; -                    ; -                   ;
; seg_data[3]    ; A14   ; 7        ; 28           ; 24           ; 0            ; no              ; no                     ; no            ; 2         ; no              ; no         ; no            ; no       ; Off          ; 2.5 V        ; Default          ; Series 50 Ohm without Calibration ; --                        ; no                         ; no                          ; User                 ; -                    ; -                   ;
; seg_data[4]    ; A13   ; 7        ; 30           ; 24           ; 7            ; no              ; no                     ; no            ; 2         ; no              ; no         ; no            ; no       ; Off          ; 2.5 V        ; Default          ; Series 50 Ohm without Calibration ; --                        ; no                         ; no                          ; User                 ; -                    ; -                   ;
; seg_data[5]    ; A12   ; 7        ; 25           ; 24           ; 0            ; no              ; no                     ; no            ; 2         ; no              ; no         ; no            ; no       ; Off          ; 2.5 V        ; Default          ; Series 50 Ohm without Calibration ; --                        ; no                         ; no                          ; User                 ; -                    ; -                   ;
; seg_data[6]    ; A11   ; 7        ; 25           ; 24           ; 14           ; no              ; no                     ; no            ; 2         ; no              ; no         ; no            ; no       ; Off          ; 2.5 V        ; Default          ; Series 50 Ohm without Calibration ; --                        ; no                         ; no                          ; User                 ; -                    ; -                   ;
; seg_data[7]    ; A10   ; 7        ; 21           ; 24           ; 7            ; no              ; no                     ; no            ; 2         ; no              ; no         ; no            ; no       ; Off          ; 2.5 V        ; Default          ; Series 50 Ohm without Calibration ; --                        ; no                         ; no                          ; User                 ; -                    ; -                   ;
; seg_sel[0]     ; B16   ; 6        ; 34           ; 18           ; 0            ; no              ; no                     ; no            ; 2         ; no              ; no         ; no            ; no       ; Off          ; 2.5 V        ; Default          ; Series 50 Ohm without Calibration ; --                        ; no                         ; no                          ; User                 ; -                    ; -                   ;
; seg_sel[1]     ; B14   ; 7        ; 28           ; 24           ; 7            ; no              ; no                     ; no            ; 2         ; no              ; no         ; no            ; no       ; Off          ; 2.5 V        ; Default          ; Series 50 Ohm without Calibration ; --                        ; no                         ; no                          ; User                 ; -                    ; -                   ;
; seg_sel[2]     ; B13   ; 7        ; 30           ; 24           ; 21           ; no              ; no                     ; no            ; 2         ; no              ; no         ; no            ; no       ; Off          ; 2.5 V        ; Default          ; Series 50 Ohm without Calibration ; --                        ; no                         ; no                          ; User                 ; -                    ; -                   ;
; seg_sel[3]     ; B12   ; 7        ; 25           ; 24           ; 7            ; no              ; no                     ; no            ; 2         ; no              ; no         ; no            ; no       ; Off          ; 2.5 V        ; Default          ; Series 50 Ohm without Calibration ; --                        ; no                         ; no                          ; User                 ; -                    ; -                   ;
; seg_sel[4]     ; B11   ; 7        ; 25           ; 24           ; 21           ; no              ; no                     ; no            ; 2         ; no              ; no         ; no            ; no       ; Off          ; 2.5 V        ; Default          ; Series 50 Ohm without Calibration ; --                        ; no                         ; no                          ; User                 ; -                    ; -                   ;
; seg_sel[5]     ; B10   ; 7        ; 21           ; 24           ; 14           ; no              ; no                     ; no            ; 2         ; no              ; no         ; no            ; no       ; Off          ; 2.5 V        ; Default          ; Series 50 Ohm without Calibration ; --                        ; no                         ; no                          ; User                 ; -                    ; -                   ;
; vga_out_b[0]   ; N14   ; 5        ; 34           ; 4            ; 21           ; no              ; no                     ; no            ; 2         ; no              ; no         ; no            ; no       ; Off          ; 2.5 V        ; Default          ; Series 50 Ohm without Calibration ; --                        ; no                         ; no                          ; Fitter               ; -                    ; -                   ;
; vga_out_b[1]   ; N16   ; 5        ; 34           ; 7            ; 21           ; no              ; no                     ; no            ; 2         ; no              ; no         ; no            ; no       ; Off          ; 2.5 V        ; Default          ; Series 50 Ohm without Calibration ; --                        ; no                         ; no                          ; User                 ; -                    ; -                   ;
; vga_out_b[2]   ; L15   ; 5        ; 34           ; 8            ; 7            ; no              ; no                     ; no            ; 2         ; no              ; no         ; no            ; no       ; Off          ; 2.5 V        ; Default          ; Series 50 Ohm without Calibration ; --                        ; no                         ; no                          ; User                 ; -                    ; -                   ;
; vga_out_b[3]   ; L16   ; 5        ; 34           ; 8            ; 14           ; no              ; no                     ; no            ; 2         ; no              ; no         ; no            ; no       ; Off          ; 2.5 V        ; Default          ; Series 50 Ohm without Calibration ; --                        ; no                         ; no                          ; User                 ; -                    ; -                   ;
; vga_out_b[4]   ; K15   ; 5        ; 34           ; 9            ; 7            ; no              ; no                     ; no            ; 2         ; no              ; no         ; no            ; no       ; Off          ; 2.5 V        ; Default          ; Series 50 Ohm without Calibration ; --                        ; no                         ; no                          ; User                 ; -                    ; -                   ;
; vga_out_g[0]   ; L14   ; 5        ; 34           ; 7            ; 7            ; no              ; no                     ; no            ; 2         ; no              ; no         ; no            ; no       ; Off          ; 2.5 V        ; Default          ; Series 50 Ohm without Calibration ; --                        ; no                         ; no                          ; Fitter               ; -                    ; -                   ;
; vga_out_g[1]   ; K11   ; 5        ; 34           ; 6            ; 14           ; no              ; no                     ; no            ; 2         ; no              ; no         ; no            ; no       ; Off          ; 2.5 V        ; Default          ; Series 50 Ohm without Calibration ; --                        ; no                         ; no                          ; Fitter               ; -                    ; -                   ;
; vga_out_g[2]   ; K16   ; 5        ; 34           ; 9            ; 14           ; no              ; no                     ; no            ; 2         ; no              ; no         ; no            ; no       ; Off          ; 2.5 V        ; Default          ; Series 50 Ohm without Calibration ; --                        ; no                         ; no                          ; User                 ; -                    ; -                   ;
; vga_out_g[3]   ; J15   ; 5        ; 34           ; 10           ; 7            ; no              ; no                     ; no            ; 2         ; no              ; no         ; no            ; no       ; Off          ; 2.5 V        ; Default          ; Series 50 Ohm without Calibration ; --                        ; no                         ; no                          ; User                 ; -                    ; -                   ;
; vga_out_g[4]   ; J16   ; 5        ; 34           ; 9            ; 0            ; no              ; no                     ; no            ; 2         ; no              ; no         ; no            ; no       ; Off          ; 2.5 V        ; Default          ; Series 50 Ohm without Calibration ; --                        ; no                         ; no                          ; User                 ; -                    ; -                   ;
; vga_out_g[5]   ; J11   ; 5        ; 34           ; 9            ; 21           ; no              ; no                     ; no            ; 2         ; no              ; no         ; no            ; no       ; Off          ; 2.5 V        ; Default          ; Series 50 Ohm without Calibration ; --                        ; no                         ; no                          ; User                 ; -                    ; -                   ;
; vga_out_hs     ; P16   ; 5        ; 34           ; 5            ; 21           ; no              ; no                     ; no            ; 2         ; no              ; no         ; no            ; no       ; Off          ; 2.5 V        ; Default          ; Series 50 Ohm without Calibration ; --                        ; no                         ; no                          ; User                 ; -                    ; -                   ;
; vga_out_r[0]   ; L12   ; 5        ; 34           ; 3            ; 21           ; no              ; no                     ; no            ; 2         ; no              ; no         ; no            ; no       ; Off          ; 2.5 V        ; Default          ; Series 50 Ohm without Calibration ; --                        ; no                         ; no                          ; Fitter               ; -                    ; -                   ;
; vga_out_r[1]   ; G16   ; 6        ; 34           ; 17           ; 21           ; no              ; no                     ; no            ; 2         ; no              ; no         ; no            ; no       ; Off          ; 2.5 V        ; Default          ; Series 50 Ohm without Calibration ; --                        ; no                         ; no                          ; User                 ; -                    ; -                   ;
; vga_out_r[2]   ; G15   ; 6        ; 34           ; 17           ; 14           ; no              ; no                     ; no            ; 2         ; no              ; no         ; no            ; no       ; Off          ; 2.5 V        ; Default          ; Series 50 Ohm without Calibration ; --                        ; no                         ; no                          ; User                 ; -                    ; -                   ;
; vga_out_r[3]   ; F16   ; 6        ; 34           ; 18           ; 21           ; no              ; no                     ; no            ; 2         ; no              ; no         ; no            ; no       ; Off          ; 2.5 V        ; Default          ; Series 50 Ohm without Calibration ; --                        ; no                         ; no                          ; User                 ; -                    ; -                   ;
; vga_out_r[4]   ; F15   ; 6        ; 34           ; 18           ; 14           ; no              ; no                     ; no            ; 2         ; no              ; no         ; no            ; no       ; Off          ; 2.5 V        ; Default          ; Series 50 Ohm without Calibration ; --                        ; no                         ; no                          ; User                 ; -                    ; -                   ;
; vga_out_vs     ; N15   ; 5        ; 34           ; 7            ; 14           ; no              ; no                     ; no            ; 2         ; no              ; no         ; no            ; no       ; Off          ; 2.5 V        ; Default          ; Series 50 Ohm without Calibration ; --                        ; no                         ; no                          ; User                 ; -                    ; -                   ;
+----------------+-------+----------+--------------+--------------+--------------+-----------------+------------------------+---------------+-----------+-----------------+------------+---------------+----------+--------------+--------------+------------------+-----------------------------------+---------------------------+----------------------------+-----------------------------+----------------------+----------------------+---------------------+


+------------------------------------------------------------------------------------------------------------------------------------------------------------------------------------------------------------------------------------------------------------------------------------------------------------------------------------------------------------------------------------------------------------------------------------------------------------------------------------------------------------------------------------------------------------+
; Bidir Pins                                                                                                                                                                                                                                                                                                                                                                                                                                                                                                                                                 ;
+----------------+-------+----------+--------------+--------------+--------------+-----------------------+--------------------+--------+----------------+-----------------+------------------------+---------------+-----------+-----------------+------------+----------+--------------+--------------+------------------+-----------------------------------+---------------------------+----------------------------+----------------------+----------------------+---------------------------------------------------------------------------------------+
; Name           ; Pin # ; I/O Bank ; X coordinate ; Y coordinate ; Z coordinate ; Combinational Fan-Out ; Registered Fan-Out ; Global ; Input Register ; Output Register ; Output Enable Register ; Power Up High ; Slew Rate ; PCI I/O Enabled ; Open Drain ; Bus Hold ; Weak Pull Up ; I/O Standard ; Current Strength ; Output Termination                ; Termination Control Block ; Output Buffer Pre-emphasis ; Location assigned by ; Output Enable Source ; Output Enable Group                                                                   ;
+----------------+-------+----------+--------------+--------------+--------------+-----------------------+--------------------+--------+----------------+-----------------+------------------------+---------------+-----------+-----------------+------------+----------+--------------+--------------+------------------+-----------------------------------+---------------------------+----------------------------+----------------------+----------------------+---------------------------------------------------------------------------------------+
; flash_qspi_IO0 ; P15   ; 5        ; 34           ; 4            ; 14           ; 3                     ; 0                  ; no     ; no             ; no              ; no                     ; no            ; 2         ; yes             ; no         ; no       ; Off          ; 2.5 V        ; Default          ; Series 50 Ohm without Calibration ; --                        ; no                         ; User                 ; 0 pF                 ; flash_write_read:flash_write_read_m0|Qspi_master:Qspi_master_m0|wr_en_d1 (inverted)   ;
; flash_qspi_IO1 ; R14   ; 4        ; 30           ; 0            ; 0            ; 4                     ; 0                  ; no     ; no             ; no              ; no                     ; no            ; 2         ; yes             ; no         ; no       ; Off          ; 2.5 V        ; Default          ; Series 50 Ohm without Calibration ; --                        ; no                         ; User                 ; 0 pF                 ; flash_write_read:flash_write_read_m0|Qspi_master:Qspi_master_m0|qspi_IO3~1 (inverted) ;
; flash_qspi_IO2 ; R16   ; 5        ; 34           ; 5            ; 14           ; 3                     ; 0                  ; no     ; no             ; no              ; no                     ; no            ; 2         ; yes             ; no         ; no       ; Off          ; 2.5 V        ; Default          ; Series 50 Ohm without Calibration ; --                        ; no                         ; User                 ; 0 pF                 ; flash_write_read:flash_write_read_m0|Qspi_master:Qspi_master_m0|qspi_IO3~1 (inverted) ;
; flash_qspi_IO3 ; T14   ; 4        ; 30           ; 0            ; 14           ; 3                     ; 0                  ; no     ; no             ; no              ; no                     ; no            ; 2         ; yes             ; no         ; no       ; Off          ; 2.5 V        ; Default          ; Series 50 Ohm without Calibration ; --                        ; no                         ; User                 ; 0 pF                 ; flash_write_read:flash_write_read_m0|Qspi_master:Qspi_master_m0|qspi_IO3~1 (inverted) ;
; sdram_dq[0]    ; B5    ; 8        ; 5            ; 24           ; 7            ; 1                     ; 0                  ; no     ; no             ; no              ; no                     ; no            ; 2         ; yes             ; no         ; no       ; Off          ; 2.5 V        ; Default          ; Series 50 Ohm without Calibration ; --                        ; no                         ; User                 ; 0 pF                 ; sdram_core:sdram_core_m0|sdr_dq_oe (inverted)                                         ;
; sdram_dq[10]   ; L2    ; 2        ; 0            ; 8            ; 14           ; 1                     ; 0                  ; no     ; no             ; no              ; no                     ; no            ; 2         ; yes             ; no         ; no       ; Off          ; 2.5 V        ; Default          ; Series 50 Ohm without Calibration ; --                        ; no                         ; User                 ; 0 pF                 ; sdram_core:sdram_core_m0|sdr_dq_oe (inverted)                                         ;
; sdram_dq[11]   ; N1    ; 2        ; 0            ; 7            ; 21           ; 1                     ; 0                  ; no     ; no             ; no              ; no                     ; no            ; 2         ; yes             ; no         ; no       ; Off          ; 2.5 V        ; Default          ; Series 50 Ohm without Calibration ; --                        ; no                         ; User                 ; 0 pF                 ; sdram_core:sdram_core_m0|sdr_dq_oe (inverted)                                         ;
; sdram_dq[12]   ; N2    ; 2        ; 0            ; 7            ; 14           ; 1                     ; 0                  ; no     ; no             ; no              ; no                     ; no            ; 2         ; yes             ; no         ; no       ; Off          ; 2.5 V        ; Default          ; Series 50 Ohm without Calibration ; --                        ; no                         ; User                 ; 0 pF                 ; sdram_core:sdram_core_m0|sdr_dq_oe (inverted)                                         ;
; sdram_dq[13]   ; P1    ; 2        ; 0            ; 4            ; 21           ; 1                     ; 0                  ; no     ; no             ; no              ; no                     ; no            ; 2         ; yes             ; no         ; no       ; Off          ; 2.5 V        ; Default          ; Series 50 Ohm without Calibration ; --                        ; no                         ; User                 ; 0 pF                 ; sdram_core:sdram_core_m0|sdr_dq_oe (inverted)                                         ;
; sdram_dq[14]   ; P2    ; 2        ; 0            ; 4            ; 14           ; 1                     ; 0                  ; no     ; no             ; no              ; no                     ; no            ; 2         ; yes             ; no         ; no       ; Off          ; 2.5 V        ; Default          ; Series 50 Ohm without Calibration ; --                        ; no                         ; User                 ; 0 pF                 ; sdram_core:sdram_core_m0|sdr_dq_oe (inverted)                                         ;
; sdram_dq[15]   ; R1    ; 2        ; 0            ; 5            ; 21           ; 1                     ; 0                  ; no     ; no             ; no              ; no                     ; no            ; 2         ; yes             ; no         ; no       ; Off          ; 2.5 V        ; Default          ; Series 50 Ohm without Calibration ; --                        ; no                         ; User                 ; 0 pF                 ; sdram_core:sdram_core_m0|sdr_dq_oe (inverted)                                         ;
; sdram_dq[1]    ; A5    ; 8        ; 7            ; 24           ; 14           ; 1                     ; 0                  ; no     ; no             ; no              ; no                     ; no            ; 2         ; yes             ; no         ; no       ; Off          ; 2.5 V        ; Default          ; Series 50 Ohm without Calibration ; --                        ; no                         ; User                 ; 0 pF                 ; sdram_core:sdram_core_m0|sdr_dq_oe (inverted)                                         ;
; sdram_dq[2]    ; B6    ; 8        ; 9            ; 24           ; 21           ; 1                     ; 0                  ; no     ; no             ; no              ; no                     ; no            ; 2         ; yes             ; no         ; no       ; Off          ; 2.5 V        ; Default          ; Series 50 Ohm without Calibration ; --                        ; no                         ; User                 ; 0 pF                 ; sdram_core:sdram_core_m0|sdr_dq_oe (inverted)                                         ;
; sdram_dq[3]    ; A6    ; 8        ; 9            ; 24           ; 14           ; 1                     ; 0                  ; no     ; no             ; no              ; no                     ; no            ; 2         ; yes             ; no         ; no       ; Off          ; 2.5 V        ; Default          ; Series 50 Ohm without Calibration ; --                        ; no                         ; User                 ; 0 pF                 ; sdram_core:sdram_core_m0|sdr_dq_oe (inverted)                                         ;
; sdram_dq[4]    ; A4    ; 8        ; 5            ; 24           ; 14           ; 1                     ; 0                  ; no     ; no             ; no              ; no                     ; no            ; 2         ; yes             ; no         ; no       ; Off          ; 2.5 V        ; Default          ; Series 50 Ohm without Calibration ; --                        ; no                         ; User                 ; 0 pF                 ; sdram_core:sdram_core_m0|sdr_dq_oe (inverted)                                         ;
; sdram_dq[5]    ; B4    ; 8        ; 5            ; 24           ; 21           ; 1                     ; 0                  ; no     ; no             ; no              ; no                     ; no            ; 2         ; yes             ; no         ; no       ; Off          ; 2.5 V        ; Default          ; Series 50 Ohm without Calibration ; --                        ; no                         ; User                 ; 0 pF                 ; sdram_core:sdram_core_m0|sdr_dq_oe (inverted)                                         ;
; sdram_dq[6]    ; A3    ; 8        ; 3            ; 24           ; 14           ; 1                     ; 0                  ; no     ; no             ; no              ; no                     ; no            ; 2         ; yes             ; no         ; no       ; Off          ; 2.5 V        ; Default          ; Series 50 Ohm without Calibration ; --                        ; no                         ; User                 ; 0 pF                 ; sdram_core:sdram_core_m0|sdr_dq_oe (inverted)                                         ;
; sdram_dq[7]    ; B3    ; 8        ; 3            ; 24           ; 21           ; 1                     ; 0                  ; no     ; no             ; no              ; no                     ; no            ; 2         ; yes             ; no         ; no       ; Off          ; 2.5 V        ; Default          ; Series 50 Ohm without Calibration ; --                        ; no                         ; User                 ; 0 pF                 ; sdram_core:sdram_core_m0|sdr_dq_oe (inverted)                                         ;
; sdram_dq[8]    ; R3    ; 3        ; 1            ; 0            ; 7            ; 1                     ; 0                  ; no     ; no             ; no              ; no                     ; no            ; 2         ; yes             ; no         ; no       ; Off          ; 2.5 V        ; Default          ; Series 50 Ohm without Calibration ; --                        ; no                         ; User                 ; 0 pF                 ; sdram_core:sdram_core_m0|sdr_dq_oe (inverted)                                         ;
; sdram_dq[9]    ; T2    ; 3        ; 3            ; 0            ; 0            ; 1                     ; 0                  ; no     ; no             ; no              ; no                     ; no            ; 2         ; yes             ; no         ; no       ; Off          ; 2.5 V        ; Default          ; Series 50 Ohm without Calibration ; --                        ; no                         ; User                 ; 0 pF                 ; sdram_core:sdram_core_m0|sdr_dq_oe (inverted)                                         ;
+----------------+-------+----------+--------------+--------------+--------------+-----------------------+--------------------+--------+----------------+-----------------+------------------------+---------------+-----------+-----------------+------------+----------+--------------+--------------+------------------+-----------------------------------+---------------------------+----------------------------+----------------------+----------------------+---------------------------------------------------------------------------------------+


+-------------------------------------------------------------------------------------------------------------+
; Dual Purpose and Dedicated Pins                                                                             ;
+----------+-----------------------+------------------------+---------------------+---------------------------+
; Location ; Pin Name              ; Reserved As            ; User Signal Name    ; Pin Type                  ;
+----------+-----------------------+------------------------+---------------------+---------------------------+
; F4       ; nSTATUS               ; -                      ; -                   ; Dedicated Programming Pin ;
; H5       ; nCONFIG               ; -                      ; -                   ; Dedicated Programming Pin ;
; H4       ; TDI                   ; -                      ; altera_reserved_tdi ; JTAG Pin                  ;
; H3       ; TCK                   ; -                      ; altera_reserved_tck ; JTAG Pin                  ;
; J5       ; TMS                   ; -                      ; altera_reserved_tms ; JTAG Pin                  ;
; J4       ; TDO                   ; -                      ; altera_reserved_tdo ; JTAG Pin                  ;
; J3       ; nCE                   ; -                      ; -                   ; Dedicated Programming Pin ;
; J16      ; DIFFIO_R7n, DEV_OE    ; Use as regular IO      ; vga_out_g[4]        ; Dual Purpose Pin          ;
; J15      ; DIFFIO_R7p, DEV_CLRn  ; Use as regular IO      ; vga_out_g[3]        ; Dual Purpose Pin          ;
; H14      ; CONF_DONE             ; -                      ; -                   ; Dedicated Programming Pin ;
; H13      ; MSEL0                 ; -                      ; -                   ; Dedicated Programming Pin ;
; H12      ; MSEL1                 ; -                      ; -                   ; Dedicated Programming Pin ;
; G12      ; MSEL2                 ; -                      ; -                   ; Dedicated Programming Pin ;
; G12      ; MSEL3                 ; -                      ; -                   ; Dedicated Programming Pin ;
; G16      ; DIFFIO_R4n, INIT_DONE ; Use as regular IO      ; vga_out_r[1]        ; Dual Purpose Pin          ;
; G15      ; DIFFIO_R4p, CRC_ERROR ; Use as regular IO      ; vga_out_r[2]        ; Dual Purpose Pin          ;
; F16      ; DIFFIO_R3n, nCEO      ; Use as programming pin ; vga_out_r[3]        ; Dual Purpose Pin          ;
; F15      ; DIFFIO_R3p, CLKUSR    ; Use as regular IO      ; vga_out_r[4]        ; Dual Purpose Pin          ;
; A5       ; DIFFIO_T6n, DATA7     ; Use as regular IO      ; sdram_dq[1]         ; Dual Purpose Pin          ;
+----------+-----------------------+------------------------+---------------------+---------------------------+


+------------------------------------------------------------+
; I/O Bank Usage                                             ;
+----------+------------------+---------------+--------------+
; I/O Bank ; Usage            ; VCCIO Voltage ; VREF Voltage ;
+----------+------------------+---------------+--------------+
; 1        ; 7 / 15 ( 47 % )  ; 2.5V          ; --           ;
; 2        ; 13 / 19 ( 68 % ) ; 2.5V          ; --           ;
; 3        ; 13 / 26 ( 50 % ) ; 2.5V          ; --           ;
; 4        ; 8 / 27 ( 30 % )  ; 2.5V          ; --           ;
; 5        ; 16 / 25 ( 64 % ) ; 2.5V          ; --           ;
; 6        ; 9 / 14 ( 64 % )  ; 2.5V          ; --           ;
; 7        ; 11 / 26 ( 42 % ) ; 2.5V          ; --           ;
; 8        ; 9 / 25 ( 36 % )  ; 2.5V          ; --           ;
+----------+------------------+---------------+--------------+


+---------------------------------------------------------------------------------------------------------------------------------------------------------------+
; All Package Pins                                                                                                                                              ;
+----------+------------+----------+---------------------------------+--------+--------------+---------+------------+-----------------+----------+--------------+
; Location ; Pad Number ; I/O Bank ; Pin Name/Usage                  ; Dir.   ; I/O Standard ; Voltage ; I/O Type   ; User Assignment ; Bus Hold ; Weak Pull Up ;
+----------+------------+----------+---------------------------------+--------+--------------+---------+------------+-----------------+----------+--------------+
; A1       ;            ; 8        ; VCCIO8                          ; power  ;              ; 2.5V    ; --         ;                 ; --       ; --           ;
; A2       ; 194        ; 8        ; sdram_dqm[0]                    ; output ; 2.5 V        ;         ; Column I/O ; Y               ; no       ; Off          ;
; A3       ; 200        ; 8        ; sdram_dq[6]                     ; bidir  ; 2.5 V        ;         ; Column I/O ; Y               ; no       ; Off          ;
; A4       ; 196        ; 8        ; sdram_dq[4]                     ; bidir  ; 2.5 V        ;         ; Column I/O ; Y               ; no       ; Off          ;
; A5       ; 192        ; 8        ; sdram_dq[1]                     ; bidir  ; 2.5 V        ;         ; Column I/O ; Y               ; no       ; Off          ;
; A6       ; 188        ; 8        ; sdram_dq[3]                     ; bidir  ; 2.5 V        ;         ; Column I/O ; Y               ; no       ; Off          ;
; A7       ; 183        ; 8        ; RESERVED_INPUT_WITH_WEAK_PULLUP ;        ;              ;         ; Column I/O ;                 ; no       ; On           ;
; A8       ; 177        ; 8        ; RESERVED_INPUT_WITH_WEAK_PULLUP ;        ;              ;         ; Column I/O ;                 ; no       ; On           ;
; A9       ; 175        ; 7        ; RESERVED_INPUT_WITH_WEAK_PULLUP ;        ;              ;         ; Column I/O ;                 ; no       ; On           ;
; A10      ; 168        ; 7        ; seg_data[7]                     ; output ; 2.5 V        ;         ; Column I/O ; Y               ; no       ; Off          ;
; A11      ; 161        ; 7        ; seg_data[6]                     ; output ; 2.5 V        ;         ; Column I/O ; Y               ; no       ; Off          ;
; A12      ; 159        ; 7        ; seg_data[5]                     ; output ; 2.5 V        ;         ; Column I/O ; Y               ; no       ; Off          ;
; A13      ; 153        ; 7        ; seg_data[4]                     ; output ; 2.5 V        ;         ; Column I/O ; Y               ; no       ; Off          ;
; A14      ; 155        ; 7        ; seg_data[3]                     ; output ; 2.5 V        ;         ; Column I/O ; Y               ; no       ; Off          ;
; A15      ; 167        ; 7        ; seg_data[2]                     ; output ; 2.5 V        ;         ; Column I/O ; Y               ; no       ; Off          ;
; A16      ;            ; 7        ; VCCIO7                          ; power  ;              ; 2.5V    ; --         ;                 ; --       ; --           ;
; B1       ; 3          ; 1        ; sdram_we_n                      ; output ; 2.5 V        ;         ; Row I/O    ; Y               ; no       ; Off          ;
; B2       ;            ;          ; GND                             ; gnd    ;              ;         ; --         ;                 ; --       ; --           ;
; B3       ; 201        ; 8        ; sdram_dq[7]                     ; bidir  ; 2.5 V        ;         ; Column I/O ; Y               ; no       ; Off          ;
; B4       ; 197        ; 8        ; sdram_dq[5]                     ; bidir  ; 2.5 V        ;         ; Column I/O ; Y               ; no       ; Off          ;
; B5       ; 195        ; 8        ; sdram_dq[0]                     ; bidir  ; 2.5 V        ;         ; Column I/O ; Y               ; no       ; Off          ;
; B6       ; 189        ; 8        ; sdram_dq[2]                     ; bidir  ; 2.5 V        ;         ; Column I/O ; Y               ; no       ; Off          ;
; B7       ; 184        ; 8        ; RESERVED_INPUT_WITH_WEAK_PULLUP ;        ;              ;         ; Column I/O ;                 ; no       ; On           ;
; B8       ; 178        ; 8        ; RESERVED_INPUT_WITH_WEAK_PULLUP ;        ;              ;         ; Column I/O ;                 ; no       ; On           ;
; B9       ; 176        ; 7        ; RESERVED_INPUT_WITH_WEAK_PULLUP ;        ;              ;         ; Column I/O ;                 ; no       ; On           ;
; B10      ; 169        ; 7        ; seg_sel[5]                      ; output ; 2.5 V        ;         ; Column I/O ; Y               ; no       ; Off          ;
; B11      ; 162        ; 7        ; seg_sel[4]                      ; output ; 2.5 V        ;         ; Column I/O ; Y               ; no       ; Off          ;
; B12      ; 160        ; 7        ; seg_sel[3]                      ; output ; 2.5 V        ;         ; Column I/O ; Y               ; no       ; Off          ;
; B13      ; 154        ; 7        ; seg_sel[2]                      ; output ; 2.5 V        ;         ; Column I/O ; Y               ; no       ; Off          ;
; B14      ; 156        ; 7        ; seg_sel[1]                      ; output ; 2.5 V        ;         ; Column I/O ; Y               ; no       ; Off          ;
; B15      ;            ;          ; GND                             ; gnd    ;              ;         ; --         ;                 ; --       ; --           ;
; B16      ; 141        ; 6        ; seg_sel[0]                      ; output ; 2.5 V        ;         ; Row I/O    ; Y               ; no       ; Off          ;
; C1       ; 5          ; 1        ; RESERVED_INPUT_WITH_WEAK_PULLUP ;        ;              ;         ; Row I/O    ;                 ; no       ; On           ;
; C2       ; 4          ; 1        ; sdram_cas_n                     ; output ; 2.5 V        ;         ; Row I/O    ; Y               ; no       ; Off          ;
; C3       ; 202        ; 8        ; RESERVED_INPUT_WITH_WEAK_PULLUP ;        ;              ;         ; Column I/O ;                 ; no       ; On           ;
; C4       ;            ; 8        ; VCCIO8                          ; power  ;              ; 2.5V    ; --         ;                 ; --       ; --           ;
; C5       ;            ;          ; GND                             ; gnd    ;              ;         ; --         ;                 ; --       ; --           ;
; C6       ; 187        ; 8        ; RESERVED_INPUT_WITH_WEAK_PULLUP ;        ;              ;         ; Column I/O ;                 ; --       ; --           ;
; C7       ;            ; 8        ; VCCIO8                          ; power  ;              ; 2.5V    ; --         ;                 ; --       ; --           ;
; C8       ; 179        ; 8        ; RESERVED_INPUT_WITH_WEAK_PULLUP ;        ;              ;         ; Column I/O ;                 ; no       ; On           ;
; C9       ; 172        ; 7        ; RESERVED_INPUT_WITH_WEAK_PULLUP ;        ;              ;         ; Column I/O ;                 ; no       ; On           ;
; C10      ;            ; 7        ; VCCIO7                          ; power  ;              ; 2.5V    ; --         ;                 ; --       ; --           ;
; C11      ; 163        ; 7        ; RESERVED_INPUT_WITH_WEAK_PULLUP ;        ;              ;         ; Column I/O ;                 ; --       ; --           ;
; C12      ;            ;          ; GND                             ; gnd    ;              ;         ; --         ;                 ; --       ; --           ;
; C13      ;            ; 7        ; VCCIO7                          ; power  ;              ; 2.5V    ; --         ;                 ; --       ; --           ;
; C14      ; 149        ; 7        ; RESERVED_INPUT_WITH_WEAK_PULLUP ;        ;              ;         ; Column I/O ;                 ; no       ; On           ;
; C15      ; 147        ; 6        ; seg_data[1]                     ; output ; 2.5 V        ;         ; Row I/O    ; Y               ; no       ; Off          ;
; C16      ; 146        ; 6        ; RESERVED_INPUT_WITH_WEAK_PULLUP ;        ;              ;         ; Row I/O    ;                 ; no       ; On           ;
; D1       ; 8          ; 1        ; sdram_ras_n                     ; output ; 2.5 V        ;         ; Row I/O    ; Y               ; no       ; Off          ;
; D2       ; 7          ; 1        ; RESERVED_INPUT_WITH_WEAK_PULLUP ;        ;              ;         ; Row I/O    ;                 ; no       ; On           ;
; D3       ; 203        ; 8        ; RESERVED_INPUT_WITH_WEAK_PULLUP ;        ;              ;         ; Column I/O ;                 ; no       ; On           ;
; D4       ; 0          ; 1        ; RESERVED_INPUT_WITH_WEAK_PULLUP ;        ;              ;         ; Row I/O    ;                 ; no       ; On           ;
; D5       ;            ;          ; GND                             ; gnd    ;              ;         ; --         ;                 ; --       ; --           ;
; D6       ; 199        ; 8        ; RESERVED_INPUT_WITH_WEAK_PULLUP ;        ;              ;         ; Column I/O ;                 ; no       ; On           ;
; D7       ;            ;          ; GND                             ; gnd    ;              ;         ; --         ;                 ; --       ; --           ;
; D8       ; 180        ; 8        ; RESERVED_INPUT_WITH_WEAK_PULLUP ;        ;              ;         ; Column I/O ;                 ; no       ; On           ;
; D9       ; 173        ; 7        ; RESERVED_INPUT_WITH_WEAK_PULLUP ;        ;              ;         ; Column I/O ;                 ; no       ; On           ;
; D10      ;            ;          ; GND                             ; gnd    ;              ;         ; --         ;                 ; --       ; --           ;
; D11      ; 151        ; 7        ; RESERVED_INPUT_WITH_WEAK_PULLUP ;        ;              ;         ; Column I/O ;                 ; no       ; On           ;
; D12      ; 152        ; 7        ; RESERVED_INPUT_WITH_WEAK_PULLUP ;        ;              ;         ; Column I/O ;                 ; no       ; On           ;
; D13      ;            ;          ; VCCD_PLL2                       ; power  ;              ; 1.2V    ; --         ;                 ; --       ; --           ;
; D14      ; 150        ; 7        ; RESERVED_INPUT_WITH_WEAK_PULLUP ;        ;              ;         ; Column I/O ;                 ; no       ; On           ;
; D15      ; 144        ; 6        ; seg_data[0]                     ; output ; 2.5 V        ;         ; Row I/O    ; Y               ; no       ; Off          ;
; D16      ; 143        ; 6        ; RESERVED_INPUT_WITH_WEAK_PULLUP ;        ;              ;         ; Row I/O    ;                 ; no       ; On           ;
; E1       ; 24         ; 1        ; key2                            ; input  ; 2.5 V        ;         ; Row I/O    ; Y               ; no       ; Off          ;
; E2       ; 23         ; 1        ; GND+                            ;        ;              ;         ; Row I/O    ;                 ; --       ; --           ;
; E3       ;            ; 1        ; VCCIO1                          ; power  ;              ; 2.5V    ; --         ;                 ; --       ; --           ;
; E4       ;            ;          ; GND                             ; gnd    ;              ;         ; --         ;                 ; --       ; --           ;
; E5       ; 1          ; 1        ; RESERVED_INPUT_WITH_WEAK_PULLUP ;        ;              ;         ; Row I/O    ;                 ; no       ; On           ;
; E6       ; 191        ; 8        ; RESERVED_INPUT_WITH_WEAK_PULLUP ;        ;              ;         ; Column I/O ;                 ; no       ; On           ;
; E7       ; 190        ; 8        ; RESERVED_INPUT_WITH_WEAK_PULLUP ;        ;              ;         ; Column I/O ;                 ; no       ; On           ;
; E8       ; 181        ; 8        ; RESERVED_INPUT_WITH_WEAK_PULLUP ;        ;              ;         ; Column I/O ;                 ; no       ; On           ;
; E9       ; 174        ; 7        ; RESERVED_INPUT_WITH_WEAK_PULLUP ;        ;              ;         ; Column I/O ;                 ; no       ; On           ;
; E10      ; 158        ; 7        ; RESERVED_INPUT_WITH_WEAK_PULLUP ;        ;              ;         ; Column I/O ;                 ; no       ; On           ;
; E11      ; 157        ; 7        ; RESERVED_INPUT_WITH_WEAK_PULLUP ;        ;              ;         ; Column I/O ;                 ; no       ; On           ;
; E12      ;            ;          ; GNDA2                           ; gnd    ;              ;         ; --         ;                 ; --       ; --           ;
; E13      ;            ;          ; GND                             ; gnd    ;              ;         ; --         ;                 ; --       ; --           ;
; E14      ;            ; 6        ; VCCIO6                          ; power  ;              ; 2.5V    ; --         ;                 ; --       ; --           ;
; E15      ; 128        ; 6        ; clk                             ; input  ; 2.5 V        ;         ; Row I/O    ; Y               ; no       ; Off          ;
; E16      ; 127        ; 6        ; switch1                         ; input  ; 2.5 V        ;         ; Row I/O    ; Y               ; no       ; Off          ;
; F1       ;            ;          ; GND                             ; gnd    ;              ;         ; --         ;                 ; --       ; --           ;
; F2       ;            ;          ; GND                             ; gnd    ;              ;         ; --         ;                 ; --       ; --           ;
; F3       ; 6          ; 1        ; key1                            ; input  ; 2.5 V        ;         ; Row I/O    ; Y               ; no       ; Off          ;
; F4       ; 9          ; 1        ; ^nSTATUS                        ;        ;              ;         ; --         ;                 ; --       ; --           ;
; F5       ; 2          ; 1        ; RESERVED_INPUT_WITH_WEAK_PULLUP ;        ;              ;         ; Row I/O    ;                 ; no       ; On           ;
; F6       ; 185        ; 8        ; RESERVED_INPUT_WITH_WEAK_PULLUP ;        ;              ;         ; Column I/O ;                 ; no       ; On           ;
; F7       ; 186        ; 8        ; RESERVED_INPUT_WITH_WEAK_PULLUP ;        ;              ;         ; Column I/O ;                 ; no       ; On           ;
; F8       ; 182        ; 8        ; RESERVED_INPUT_WITH_WEAK_PULLUP ;        ;              ;         ; Column I/O ;                 ; no       ; On           ;
; F9       ; 165        ; 7        ; RESERVED_INPUT_WITH_WEAK_PULLUP ;        ;              ;         ; Column I/O ;                 ; no       ; On           ;
; F10      ; 164        ; 7        ; RESERVED_INPUT_WITH_WEAK_PULLUP ;        ;              ;         ; Column I/O ;                 ; no       ; On           ;
; F11      ; 166        ; 7        ; RESERVED_INPUT_WITH_WEAK_PULLUP ;        ;              ;         ; Column I/O ;                 ; no       ; On           ;
; F12      ;            ; --       ; VCCA2                           ; power  ;              ; 2.5V    ; --         ;                 ; --       ; --           ;
; F13      ; 138        ; 6        ; RESERVED_INPUT_WITH_WEAK_PULLUP ;        ;              ;         ; Row I/O    ;                 ; no       ; On           ;
; F14      ; 142        ; 6        ; RESERVED_INPUT_WITH_WEAK_PULLUP ;        ;              ;         ; Row I/O    ;                 ; --       ; --           ;
; F15      ; 140        ; 6        ; vga_out_r[4]                    ; output ; 2.5 V        ;         ; Row I/O    ; Y               ; no       ; Off          ;
; F16      ; 139        ; 6        ; vga_out_r[3]                    ; output ; 2.5 V        ;         ; Row I/O    ; Y               ; no       ; Off          ;
; G1       ; 14         ; 1        ; sdram_ba[0]                     ; output ; 2.5 V        ;         ; Row I/O    ; Y               ; no       ; Off          ;
; G2       ; 13         ; 1        ; sdram_cs_n                      ; output ; 2.5 V        ;         ; Row I/O    ; Y               ; no       ; Off          ;
; G3       ;            ; 1        ; VCCIO1                          ; power  ;              ; 2.5V    ; --         ;                 ; --       ; --           ;
; G4       ;            ;          ; GND                             ; gnd    ;              ;         ; --         ;                 ; --       ; --           ;
; G5       ;            ;          ; GND                             ; gnd    ;              ;         ; --         ;                 ; --       ; --           ;
; G6       ;            ;          ; VCCINT                          ; power  ;              ; 1.2V    ; --         ;                 ; --       ; --           ;
; G7       ;            ;          ; VCCINT                          ; power  ;              ; 1.2V    ; --         ;                 ; --       ; --           ;
; G8       ;            ;          ; VCCINT                          ; power  ;              ; 1.2V    ; --         ;                 ; --       ; --           ;
; G9       ;            ;          ; VCCINT                          ; power  ;              ; 1.2V    ; --         ;                 ; --       ; --           ;
; G10      ;            ;          ; VCCINT                          ; power  ;              ; 1.2V    ; --         ;                 ; --       ; --           ;
; G11      ; 145        ; 6        ; RESERVED_INPUT_WITH_WEAK_PULLUP ;        ;              ;         ; Row I/O    ;                 ; no       ; On           ;
; G12      ; 132        ; 6        ; ^MSEL2                          ;        ;              ;         ; --         ;                 ; --       ; --           ;
; G12      ; 133        ; 6        ; ^MSEL3                          ;        ;              ;         ; --         ;                 ; --       ; --           ;
; G13      ;            ;          ; GND                             ; gnd    ;              ;         ; --         ;                 ; --       ; --           ;
; G14      ;            ; 6        ; VCCIO6                          ; power  ;              ; 2.5V    ; --         ;                 ; --       ; --           ;
; G15      ; 137        ; 6        ; vga_out_r[2]                    ; output ; 2.5 V        ;         ; Row I/O    ; Y               ; no       ; Off          ;
; G16      ; 136        ; 6        ; vga_out_r[1]                    ; output ; 2.5 V        ;         ; Row I/O    ; Y               ; no       ; Off          ;
; H1       ; 15         ; 1        ; RESERVED_INPUT_WITH_WEAK_PULLUP ;        ;              ;         ; Row I/O    ;                 ; --       ; On           ;
; H2       ; 16         ; 1        ; RESERVED_INPUT_WITH_WEAK_PULLUP ;        ;              ;         ; Row I/O    ;                 ; no       ; On           ;
; H3       ; 19         ; 1        ; altera_reserved_tck             ; input  ; 2.5 V        ;         ; --         ; N               ; no       ; Off          ;
; H4       ; 18         ; 1        ; altera_reserved_tdi             ; input  ; 2.5 V        ;         ; --         ; N               ; no       ; Off          ;
; H5       ; 17         ; 1        ; ^nCONFIG                        ;        ;              ;         ; --         ;                 ; --       ; --           ;
; H6       ;            ;          ; VCCINT                          ; power  ;              ; 1.2V    ; --         ;                 ; --       ; --           ;
; H7       ;            ;          ; GND                             ; gnd    ;              ;         ; --         ;                 ; --       ; --           ;
; H8       ;            ;          ; GND                             ; gnd    ;              ;         ; --         ;                 ; --       ; --           ;
; H9       ;            ;          ; GND                             ; gnd    ;              ;         ; --         ;                 ; --       ; --           ;
; H10      ;            ;          ; GND                             ; gnd    ;              ;         ; --         ;                 ; --       ; --           ;
; H11      ;            ;          ; VCCINT                          ; power  ;              ; 1.2V    ; --         ;                 ; --       ; --           ;
; H12      ; 131        ; 6        ; ^MSEL1                          ;        ;              ;         ; --         ;                 ; --       ; --           ;
; H13      ; 130        ; 6        ; ^MSEL0                          ;        ;              ;         ; --         ;                 ; --       ; --           ;
; H14      ; 129        ; 6        ; ^CONF_DONE                      ;        ;              ;         ; --         ;                 ; --       ; --           ;
; H15      ;            ;          ; GND                             ; gnd    ;              ;         ; --         ;                 ; --       ; --           ;
; H16      ;            ;          ; GND                             ; gnd    ;              ;         ; --         ;                 ; --       ; --           ;
; J1       ; 28         ; 2        ; sdram_addr[10]                  ; output ; 2.5 V        ;         ; Row I/O    ; Y               ; no       ; Off          ;
; J2       ; 27         ; 2        ; sdram_addr[0]                   ; output ; 2.5 V        ;         ; Row I/O    ; Y               ; no       ; Off          ;
; J3       ; 22         ; 1        ; ^nCE                            ;        ;              ;         ; --         ;                 ; --       ; --           ;
; J4       ; 21         ; 1        ; altera_reserved_tdo             ; output ; 2.5 V        ;         ; --         ; N               ; no       ; Off          ;
; J5       ; 20         ; 1        ; altera_reserved_tms             ; input  ; 2.5 V        ;         ; --         ; N               ; no       ; Off          ;
; J6       ; 29         ; 2        ; sdram_ba[1]                     ; output ; 2.5 V        ;         ; Row I/O    ; Y               ; no       ; Off          ;
; J7       ;            ;          ; GND                             ; gnd    ;              ;         ; --         ;                 ; --       ; --           ;
; J8       ;            ;          ; GND                             ; gnd    ;              ;         ; --         ;                 ; --       ; --           ;
; J9       ;            ;          ; GND                             ; gnd    ;              ;         ; --         ;                 ; --       ; --           ;
; J10      ;            ;          ; GND                             ; gnd    ;              ;         ; --         ;                 ; --       ; --           ;
; J11      ; 117        ; 5        ; vga_out_g[5]                    ; output ; 2.5 V        ;         ; Row I/O    ; Y               ; no       ; Off          ;
; J12      ; 123        ; 5        ; RESERVED_INPUT_WITH_WEAK_PULLUP ;        ;              ;         ; Row I/O    ;                 ; no       ; On           ;
; J13      ; 124        ; 5        ; RESERVED_INPUT_WITH_WEAK_PULLUP ;        ;              ;         ; Row I/O    ;                 ; no       ; On           ;
; J14      ; 122        ; 5        ; RESERVED_INPUT_WITH_WEAK_PULLUP ;        ;              ;         ; Row I/O    ;                 ; no       ; On           ;
; J15      ; 121        ; 5        ; vga_out_g[3]                    ; output ; 2.5 V        ;         ; Row I/O    ; Y               ; no       ; Off          ;
; J16      ; 120        ; 5        ; vga_out_g[4]                    ; output ; 2.5 V        ;         ; Row I/O    ; Y               ; no       ; Off          ;
; K1       ; 33         ; 2        ; sdram_addr[1]                   ; output ; 2.5 V        ;         ; Row I/O    ; Y               ; no       ; Off          ;
; K2       ; 32         ; 2        ; sdram_addr[2]                   ; output ; 2.5 V        ;         ; Row I/O    ; Y               ; no       ; Off          ;
; K3       ;            ; 2        ; VCCIO2                          ; power  ;              ; 2.5V    ; --         ;                 ; --       ; --           ;
; K4       ;            ;          ; GND                             ; gnd    ;              ;         ; --         ;                 ; --       ; --           ;
; K5       ; 39         ; 2        ; RESERVED_INPUT_WITH_WEAK_PULLUP ;        ;              ;         ; Row I/O    ;                 ; no       ; On           ;
; K6       ; 30         ; 2        ; RESERVED_INPUT_WITH_WEAK_PULLUP ;        ;              ;         ; Row I/O    ;                 ; no       ; On           ;
; K7       ;            ;          ; VCCINT                          ; power  ;              ; 1.2V    ; --         ;                 ; --       ; --           ;
; K8       ; 60         ; 3        ; RESERVED_INPUT_WITH_WEAK_PULLUP ;        ;              ;         ; Column I/O ;                 ; no       ; On           ;
; K9       ; 76         ; 4        ; RESERVED_INPUT_WITH_WEAK_PULLUP ;        ;              ;         ; Column I/O ;                 ; no       ; On           ;
; K10      ; 87         ; 4        ; RESERVED_INPUT_WITH_WEAK_PULLUP ;        ;              ;         ; Column I/O ;                 ; no       ; On           ;
; K11      ; 110        ; 5        ; vga_out_g[1]                    ; output ; 2.5 V        ;         ; Row I/O    ; N               ; no       ; Off          ;
; K12      ; 105        ; 5        ; RESERVED_INPUT_WITH_WEAK_PULLUP ;        ;              ;         ; Row I/O    ;                 ; no       ; On           ;
; K13      ;            ;          ; GND                             ; gnd    ;              ;         ; --         ;                 ; --       ; --           ;
; K14      ;            ; 5        ; VCCIO5                          ; power  ;              ; 2.5V    ; --         ;                 ; --       ; --           ;
; K15      ; 119        ; 5        ; vga_out_b[4]                    ; output ; 2.5 V        ;         ; Row I/O    ; Y               ; no       ; Off          ;
; K16      ; 118        ; 5        ; vga_out_g[2]                    ; output ; 2.5 V        ;         ; Row I/O    ; Y               ; no       ; Off          ;
; L1       ; 35         ; 2        ; sdram_addr[3]                   ; output ; 2.5 V        ;         ; Row I/O    ; Y               ; no       ; Off          ;
; L2       ; 34         ; 2        ; sdram_dq[10]                    ; bidir  ; 2.5 V        ;         ; Row I/O    ; Y               ; no       ; Off          ;
; L3       ; 36         ; 2        ; RESERVED_INPUT_WITH_WEAK_PULLUP ;        ;              ;         ; Row I/O    ;                 ; --       ; --           ;
; L4       ; 40         ; 2        ; RESERVED_INPUT_WITH_WEAK_PULLUP ;        ;              ;         ; Row I/O    ;                 ; no       ; On           ;
; L5       ;            ; --       ; VCCA1                           ; power  ;              ; 2.5V    ; --         ;                 ; --       ; --           ;
; L6       ; 31         ; 2        ; RESERVED_INPUT_WITH_WEAK_PULLUP ;        ;              ;         ; Row I/O    ;                 ; no       ; On           ;
; L7       ; 65         ; 3        ; RESERVED_INPUT_WITH_WEAK_PULLUP ;        ;              ;         ; Column I/O ;                 ; no       ; On           ;
; L8       ; 68         ; 3        ; RESERVED_INPUT_WITH_WEAK_PULLUP ;        ;              ;         ; Column I/O ;                 ; no       ; On           ;
; L9       ; 77         ; 4        ; RESERVED_INPUT_WITH_WEAK_PULLUP ;        ;              ;         ; Column I/O ;                 ; no       ; On           ;
; L10      ; 88         ; 4        ; RESERVED_INPUT_WITH_WEAK_PULLUP ;        ;              ;         ; Column I/O ;                 ; no       ; On           ;
; L11      ; 99         ; 4        ; RESERVED_INPUT_WITH_WEAK_PULLUP ;        ;              ;         ; Column I/O ;                 ; no       ; On           ;
; L12      ; 104        ; 5        ; vga_out_r[0]                    ; output ; 2.5 V        ;         ; Row I/O    ; N               ; no       ; Off          ;
; L13      ; 114        ; 5        ; RESERVED_INPUT_WITH_WEAK_PULLUP ;        ;              ;         ; Row I/O    ;                 ; no       ; On           ;
; L14      ; 113        ; 5        ; vga_out_g[0]                    ; output ; 2.5 V        ;         ; Row I/O    ; N               ; no       ; Off          ;
; L15      ; 116        ; 5        ; vga_out_b[2]                    ; output ; 2.5 V        ;         ; Row I/O    ; Y               ; no       ; Off          ;
; L16      ; 115        ; 5        ; vga_out_b[3]                    ; output ; 2.5 V        ;         ; Row I/O    ; Y               ; no       ; Off          ;
; M1       ; 26         ; 2        ; rst_n                           ; input  ; 2.5 V        ;         ; Row I/O    ; Y               ; no       ; Off          ;
; M2       ; 25         ; 2        ; GND+                            ;        ;              ;         ; Row I/O    ;                 ; --       ; --           ;
; M3       ;            ; 2        ; VCCIO2                          ; power  ;              ; 2.5V    ; --         ;                 ; --       ; --           ;
; M4       ;            ;          ; GND                             ; gnd    ;              ;         ; --         ;                 ; --       ; --           ;
; M5       ;            ;          ; GNDA1                           ; gnd    ;              ;         ; --         ;                 ; --       ; --           ;
; M6       ; 57         ; 3        ; RESERVED_INPUT_WITH_WEAK_PULLUP ;        ;              ;         ; Column I/O ;                 ; no       ; On           ;
; M7       ; 59         ; 3        ; RESERVED_INPUT_WITH_WEAK_PULLUP ;        ;              ;         ; Column I/O ;                 ; no       ; On           ;
; M8       ; 69         ; 3        ; RESERVED_INPUT_WITH_WEAK_PULLUP ;        ;              ;         ; Column I/O ;                 ; no       ; On           ;
; M9       ; 78         ; 4        ; RESERVED_INPUT_WITH_WEAK_PULLUP ;        ;              ;         ; Column I/O ;                 ; no       ; On           ;
; M10      ; 93         ; 4        ; RESERVED_INPUT_WITH_WEAK_PULLUP ;        ;              ;         ; Column I/O ;                 ; no       ; On           ;
; M11      ; 100        ; 4        ; RESERVED_INPUT_WITH_WEAK_PULLUP ;        ;              ;         ; Column I/O ;                 ; no       ; On           ;
; M12      ; 103        ; 5        ; RESERVED_INPUT_WITH_WEAK_PULLUP ;        ;              ;         ; Row I/O    ;                 ; no       ; On           ;
; M13      ;            ;          ; GND                             ; gnd    ;              ;         ; --         ;                 ; --       ; --           ;
; M14      ;            ; 5        ; VCCIO5                          ; power  ;              ; 2.5V    ; --         ;                 ; --       ; --           ;
; M15      ; 126        ; 5        ; GND+                            ;        ;              ;         ; Row I/O    ;                 ; --       ; --           ;
; M16      ; 125        ; 5        ; GND+                            ;        ;              ;         ; Row I/O    ;                 ; --       ; --           ;
; N1       ; 38         ; 2        ; sdram_dq[11]                    ; bidir  ; 2.5 V        ;         ; Row I/O    ; Y               ; no       ; Off          ;
; N2       ; 37         ; 2        ; sdram_dq[12]                    ; bidir  ; 2.5 V        ;         ; Row I/O    ; Y               ; no       ; Off          ;
; N3       ; 45         ; 3        ; RESERVED_INPUT_WITH_WEAK_PULLUP ;        ;              ;         ; Column I/O ;                 ; no       ; On           ;
; N4       ;            ;          ; VCCD_PLL1                       ; power  ;              ; 1.2V    ; --         ;                 ; --       ; --           ;
; N5       ; 55         ; 3        ; RESERVED_INPUT_WITH_WEAK_PULLUP ;        ;              ;         ; Column I/O ;                 ; no       ; On           ;
; N6       ; 56         ; 3        ; RESERVED_INPUT_WITH_WEAK_PULLUP ;        ;              ;         ; Column I/O ;                 ; no       ; On           ;
; N7       ;            ;          ; GND                             ; gnd    ;              ;         ; --         ;                 ; --       ; --           ;
; N8       ; 70         ; 3        ; RESERVED_INPUT_WITH_WEAK_PULLUP ;        ;              ;         ; Column I/O ;                 ; no       ; On           ;
; N9       ; 79         ; 4        ; RESERVED_INPUT_WITH_WEAK_PULLUP ;        ;              ;         ; Column I/O ;                 ; no       ; On           ;
; N10      ;            ;          ; GND                             ; gnd    ;              ;         ; --         ;                 ; --       ; --           ;
; N11      ; 94         ; 4        ; RESERVED_INPUT_WITH_WEAK_PULLUP ;        ;              ;         ; Column I/O ;                 ; no       ; On           ;
; N12      ; 101        ; 4        ; RESERVED_INPUT_WITH_WEAK_PULLUP ;        ;              ;         ; Column I/O ;                 ; no       ; On           ;
; N13      ; 102        ; 5        ; RESERVED_INPUT_WITH_WEAK_PULLUP ;        ;              ;         ; Row I/O    ;                 ; no       ; On           ;
; N14      ; 106        ; 5        ; vga_out_b[0]                    ; output ; 2.5 V        ;         ; Row I/O    ; N               ; no       ; Off          ;
; N15      ; 112        ; 5        ; vga_out_vs                      ; output ; 2.5 V        ;         ; Row I/O    ; Y               ; no       ; Off          ;
; N16      ; 111        ; 5        ; vga_out_b[1]                    ; output ; 2.5 V        ;         ; Row I/O    ; Y               ; no       ; Off          ;
; P1       ; 44         ; 2        ; sdram_dq[13]                    ; bidir  ; 2.5 V        ;         ; Row I/O    ; Y               ; no       ; Off          ;
; P2       ; 43         ; 2        ; sdram_dq[14]                    ; bidir  ; 2.5 V        ;         ; Row I/O    ; Y               ; no       ; Off          ;
; P3       ; 46         ; 3        ; RESERVED_INPUT_WITH_WEAK_PULLUP ;        ;              ;         ; Column I/O ;                 ; no       ; On           ;
; P4       ;            ; 3        ; VCCIO3                          ; power  ;              ; 2.5V    ; --         ;                 ; --       ; --           ;
; P5       ;            ;          ; GND                             ; gnd    ;              ;         ; --         ;                 ; --       ; --           ;
; P6       ; 58         ; 3        ; RESERVED_INPUT_WITH_WEAK_PULLUP ;        ;              ;         ; Column I/O ;                 ; --       ; --           ;
; P7       ;            ; 3        ; VCCIO3                          ; power  ;              ; 2.5V    ; --         ;                 ; --       ; --           ;
; P8       ; 71         ; 3        ; RESERVED_INPUT_WITH_WEAK_PULLUP ;        ;              ;         ; Column I/O ;                 ; no       ; On           ;
; P9       ; 89         ; 4        ; RESERVED_INPUT_WITH_WEAK_PULLUP ;        ;              ;         ; Column I/O ;                 ; no       ; On           ;
; P10      ;            ; 4        ; VCCIO4                          ; power  ;              ; 2.5V    ; --         ;                 ; --       ; --           ;
; P11      ; 90         ; 4        ; RESERVED_INPUT_WITH_WEAK_PULLUP ;        ;              ;         ; Column I/O ;                 ; --       ; --           ;
; P12      ;            ;          ; GND                             ; gnd    ;              ;         ; --         ;                 ; --       ; --           ;
; P13      ;            ; 4        ; VCCIO4                          ; power  ;              ; 2.5V    ; --         ;                 ; --       ; --           ;
; P14      ; 98         ; 4        ; RESERVED_INPUT_WITH_WEAK_PULLUP ;        ;              ;         ; Column I/O ;                 ; no       ; On           ;
; P15      ; 107        ; 5        ; flash_qspi_IO0                  ; bidir  ; 2.5 V        ;         ; Row I/O    ; Y               ; no       ; Off          ;
; P16      ; 108        ; 5        ; vga_out_hs                      ; output ; 2.5 V        ;         ; Row I/O    ; Y               ; no       ; Off          ;
; R1       ; 42         ; 2        ; sdram_dq[15]                    ; bidir  ; 2.5 V        ;         ; Row I/O    ; Y               ; no       ; Off          ;
; R2       ;            ;          ; GND                             ; gnd    ;              ;         ; --         ;                 ; --       ; --           ;
; R3       ; 47         ; 3        ; sdram_dq[8]                     ; bidir  ; 2.5 V        ;         ; Column I/O ; Y               ; no       ; Off          ;
; R4       ; 53         ; 3        ; sdram_clk                       ; output ; 2.5 V        ;         ; Column I/O ; Y               ; no       ; Off          ;
; R5       ; 61         ; 3        ; sdram_addr[12]                  ; output ; 2.5 V        ;         ; Column I/O ; Y               ; no       ; Off          ;
; R6       ; 63         ; 3        ; sdram_addr[9]                   ; output ; 2.5 V        ;         ; Column I/O ; Y               ; no       ; Off          ;
; R7       ; 66         ; 3        ; sdram_addr[7]                   ; output ; 2.5 V        ;         ; Column I/O ; Y               ; no       ; Off          ;
; R8       ; 72         ; 3        ; sdram_addr[5]                   ; output ; 2.5 V        ;         ; Column I/O ; Y               ; no       ; Off          ;
; R9       ; 74         ; 4        ; RESERVED_INPUT_WITH_WEAK_PULLUP ;        ;              ;         ; Column I/O ;                 ; no       ; On           ;
; R10      ; 80         ; 4        ; RESERVED_INPUT_WITH_WEAK_PULLUP ;        ;              ;         ; Column I/O ;                 ; no       ; On           ;
; R11      ; 83         ; 4        ; sd_dclk                         ; output ; 2.5 V        ;         ; Column I/O ; Y               ; no       ; Off          ;
; R12      ; 85         ; 4        ; sd_ncs                          ; output ; 2.5 V        ;         ; Column I/O ; Y               ; no       ; Off          ;
; R13      ; 91         ; 4        ; flash_cs_n                      ; output ; 2.5 V        ;         ; Column I/O ; Y               ; no       ; Off          ;
; R14      ; 97         ; 4        ; flash_qspi_IO1                  ; bidir  ; 2.5 V        ;         ; Column I/O ; Y               ; no       ; Off          ;
; R15      ;            ;          ; GND                             ; gnd    ;              ;         ; --         ;                 ; --       ; --           ;
; R16      ; 109        ; 5        ; flash_qspi_IO2                  ; bidir  ; 2.5 V        ;         ; Row I/O    ; Y               ; no       ; Off          ;
; T1       ;            ; 3        ; VCCIO3                          ; power  ;              ; 2.5V    ; --         ;                 ; --       ; --           ;
; T2       ; 52         ; 3        ; sdram_dq[9]                     ; bidir  ; 2.5 V        ;         ; Column I/O ; Y               ; no       ; Off          ;
; T3       ; 48         ; 3        ; sdram_dqm[1]                    ; output ; 2.5 V        ;         ; Column I/O ; Y               ; no       ; Off          ;
; T4       ; 54         ; 3        ; sdram_cke                       ; output ; 2.5 V        ;         ; Column I/O ; Y               ; no       ; Off          ;
; T5       ; 62         ; 3        ; sdram_addr[11]                  ; output ; 2.5 V        ;         ; Column I/O ; Y               ; no       ; Off          ;
; T6       ; 64         ; 3        ; sdram_addr[8]                   ; output ; 2.5 V        ;         ; Column I/O ; Y               ; no       ; Off          ;
; T7       ; 67         ; 3        ; sdram_addr[6]                   ; output ; 2.5 V        ;         ; Column I/O ; Y               ; no       ; Off          ;
; T8       ; 73         ; 3        ; sdram_addr[4]                   ; output ; 2.5 V        ;         ; Column I/O ; Y               ; no       ; Off          ;
; T9       ; 75         ; 4        ; RESERVED_INPUT_WITH_WEAK_PULLUP ;        ;              ;         ; Column I/O ;                 ; no       ; On           ;
; T10      ; 81         ; 4        ; RESERVED_INPUT_WITH_WEAK_PULLUP ;        ;              ;         ; Column I/O ;                 ; no       ; On           ;
; T11      ; 84         ; 4        ; sd_miso                         ; input  ; 2.5 V        ;         ; Column I/O ; Y               ; no       ; Off          ;
; T12      ; 86         ; 4        ; sd_mosi                         ; output ; 2.5 V        ;         ; Column I/O ; Y               ; no       ; Off          ;
; T13      ; 92         ; 4        ; RESERVED_INPUT_WITH_WEAK_PULLUP ;        ;              ;         ; Column I/O ;                 ; no       ; On           ;
; T14      ; 95         ; 4        ; flash_qspi_IO3                  ; bidir  ; 2.5 V        ;         ; Column I/O ; Y               ; no       ; Off          ;
; T15      ; 96         ; 4        ; flash_sck                       ; output ; 2.5 V        ;         ; Column I/O ; Y               ; no       ; Off          ;
; T16      ;            ; 4        ; VCCIO4                          ; power  ;              ; 2.5V    ; --         ;                 ; --       ; --           ;
+----------+------------+----------+---------------------------------+--------+--------------+---------+------------+-----------------+----------+--------------+
Note: Pin directions (input, output or bidir) are based on device operating in user mode.


+-----------------------------------------------------------------------------------------------------------------------------------------------------------------------------------------------------+
; PLL Summary                                                                                                                                                                                         ;
+-------------------------------+-------------------------------------------------------------------------------+-------------------------------------------------------------------------------------+
; Name                          ; sys_pll:sys_pll_m0|altpll:altpll_component|sys_pll_altpll:auto_generated|pll1 ; video_pll:video_pll_m0|altpll:altpll_component|video_pll_altpll:auto_generated|pll1 ;
+-------------------------------+-------------------------------------------------------------------------------+-------------------------------------------------------------------------------------+
; SDC pin name                  ; sys_pll_m0|altpll_component|auto_generated|pll1                               ; video_pll_m0|altpll_component|auto_generated|pll1                                   ;
; PLL mode                      ; Normal                                                                        ; Normal                                                                              ;
; Compensate clock              ; clock0                                                                        ; clock0                                                                              ;
; Compensated input/output pins ; --                                                                            ; --                                                                                  ;
; Switchover type               ; --                                                                            ; --                                                                                  ;
; Input frequency 0             ; 50.0 MHz                                                                      ; 50.0 MHz                                                                            ;
; Input frequency 1             ; --                                                                            ; --                                                                                  ;
; Nominal PFD frequency         ; 50.0 MHz                                                                      ; 7.1 MHz                                                                             ;
; Nominal VCO frequency         ; 600.0 MHz                                                                     ; 528.6 MHz                                                                           ;
; VCO post scale K counter      ; 2                                                                             ; 2                                                                                   ;
; VCO frequency control         ; Auto                                                                          ; Auto                                                                                ;
; VCO phase shift step          ; 208 ps                                                                        ; 236 ps                                                                              ;
; VCO multiply                  ; --                                                                            ; --                                                                                  ;
; VCO divide                    ; --                                                                            ; --                                                                                  ;
; Freq min lock                 ; 25.0 MHz                                                                      ; 37.8 MHz                                                                            ;
; Freq max lock                 ; 54.18 MHz                                                                     ; 61.51 MHz                                                                           ;
; M VCO Tap                     ; 0                                                                             ; 0                                                                                   ;
; M Initial                     ; 1                                                                             ; 1                                                                                   ;
; M value                       ; 12                                                                            ; 74                                                                                  ;
; N value                       ; 1                                                                             ; 7                                                                                   ;
; Charge pump current           ; setting 1                                                                     ; setting 1                                                                           ;
; Loop filter resistance        ; setting 27                                                                    ; setting 16                                                                          ;
; Loop filter capacitance       ; setting 0                                                                     ; setting 0                                                                           ;
; Bandwidth                     ; 680 kHz to 980 kHz                                                            ; 340 kHz to 540 kHz                                                                  ;
; Bandwidth type                ; Medium                                                                        ; Medium                                                                              ;
; Real time reconfigurable      ; Off                                                                           ; Off                                                                                 ;
; Scan chain MIF file           ; --                                                                            ; --                                                                                  ;
; Preserve PLL counter order    ; Off                                                                           ; Off                                                                                 ;
; PLL location                  ; PLL_2                                                                         ; PLL_1                                                                               ;
; Inclk0 signal                 ; clk                                                                           ; clk                                                                                 ;
; Inclk1 signal                 ; --                                                                            ; --                                                                                  ;
; Inclk0 signal type            ; Dedicated Pin                                                                 ; Global Clock                                                                        ;
; Inclk1 signal type            ; --                                                                            ; --                                                                                  ;
+-------------------------------+-------------------------------------------------------------------------------+-------------------------------------------------------------------------------------+


+------------------------------------------------------------------------------------------------------------------------------------------------------------------------------------------------------------------------------------------------------------------------------------------------------------------------------------+
; PLL Usage                                                                                                                                                                                                                                                                                                                          ;
+-------------------------------------------------------------------------------------------------+--------------+------+-----+------------------+-------------+------------------+------------+---------+---------------+------------+---------------+---------+---------+----------------------------------------------------------+
; Name                                                                                            ; Output Clock ; Mult ; Div ; Output Frequency ; Phase Shift ; Phase Shift Step ; Duty Cycle ; Counter ; Counter Value ; High / Low ; Cascade Input ; Initial ; VCO Tap ; SDC Pin Name                                             ;
+-------------------------------------------------------------------------------------------------+--------------+------+-----+------------------+-------------+------------------+------------+---------+---------------+------------+---------------+---------+---------+----------------------------------------------------------+
; sys_pll:sys_pll_m0|altpll:altpll_component|sys_pll_altpll:auto_generated|wire_pll1_clk[0]       ; clock0       ; 2    ; 1   ; 100.0 MHz        ; 0 (0 ps)    ; 7.50 (208 ps)    ; 50/50      ; C0      ; 6             ; 3/3 Even   ; --            ; 1       ; 0       ; sys_pll_m0|altpll_component|auto_generated|pll1|clk[0]   ;
; sys_pll:sys_pll_m0|altpll:altpll_component|sys_pll_altpll:auto_generated|wire_pll1_clk[1]       ; clock1       ; 2    ; 1   ; 100.0 MHz        ; 0 (0 ps)    ; 7.50 (208 ps)    ; 50/50      ; C2      ; 6             ; 3/3 Even   ; --            ; 1       ; 0       ; sys_pll_m0|altpll_component|auto_generated|pll1|clk[1]   ;
; sys_pll:sys_pll_m0|altpll:altpll_component|sys_pll_altpll:auto_generated|wire_pll1_clk[2]       ; clock2       ; 2    ; 1   ; 100.0 MHz        ; 0 (0 ps)    ; 7.50 (208 ps)    ; 50/50      ; C1      ; 6             ; 3/3 Even   ; --            ; 1       ; 0       ; sys_pll_m0|altpll_component|auto_generated|pll1|clk[2]   ;
; video_pll:video_pll_m0|altpll:altpll_component|video_pll_altpll:auto_generated|wire_pll1_clk[0] ; clock0       ; 74   ; 147 ; 25.17 MHz        ; 0 (0 ps)    ; 2.14 (236 ps)    ; 50/50      ; C0      ; 21            ; 11/10 Odd  ; --            ; 1       ; 0       ; video_pll_m0|altpll_component|auto_generated|pll1|clk[0] ;
+-------------------------------------------------------------------------------------------------+--------------+------+-----+------------------+-------------+------------------+------------+---------+---------------+------------+---------------+---------+---------+----------------------------------------------------------+


+------------------------------------------------+
; I/O Assignment Warnings                        ;
+----------------+-------------------------------+
; Pin Name       ; Reason                        ;
+----------------+-------------------------------+
; seg_sel[0]     ; Incomplete set of assignments ;
; seg_sel[1]     ; Incomplete set of assignments ;
; seg_sel[2]     ; Incomplete set of assignments ;
; seg_sel[3]     ; Incomplete set of assignments ;
; seg_sel[4]     ; Incomplete set of assignments ;
; seg_sel[5]     ; Incomplete set of assignments ;
; seg_data[0]    ; Incomplete set of assignments ;
; seg_data[1]    ; Incomplete set of assignments ;
; seg_data[2]    ; Incomplete set of assignments ;
; seg_data[3]    ; Incomplete set of assignments ;
; seg_data[4]    ; Incomplete set of assignments ;
; seg_data[5]    ; Incomplete set of assignments ;
; seg_data[6]    ; Incomplete set of assignments ;
; seg_data[7]    ; Incomplete set of assignments ;
; vga_out_hs     ; Incomplete set of assignments ;
; vga_out_vs     ; Incomplete set of assignments ;
; vga_out_r[0]   ; Incomplete set of assignments ;
; vga_out_r[1]   ; Incomplete set of assignments ;
; vga_out_r[2]   ; Incomplete set of assignments ;
; vga_out_r[3]   ; Incomplete set of assignments ;
; vga_out_r[4]   ; Incomplete set of assignments ;
; vga_out_g[0]   ; Incomplete set of assignments ;
; vga_out_g[1]   ; Incomplete set of assignments ;
; vga_out_g[2]   ; Incomplete set of assignments ;
; vga_out_g[3]   ; Incomplete set of assignments ;
; vga_out_g[4]   ; Incomplete set of assignments ;
; vga_out_g[5]   ; Incomplete set of assignments ;
; vga_out_b[0]   ; Incomplete set of assignments ;
; vga_out_b[1]   ; Incomplete set of assignments ;
; vga_out_b[2]   ; Incomplete set of assignments ;
; vga_out_b[3]   ; Incomplete set of assignments ;
; vga_out_b[4]   ; Incomplete set of assignments ;
; sd_ncs         ; Incomplete set of assignments ;
; sd_dclk        ; Incomplete set of assignments ;
; sd_mosi        ; Incomplete set of assignments ;
; sdram_clk      ; Incomplete set of assignments ;
; sdram_cke      ; Incomplete set of assignments ;
; sdram_cs_n     ; Incomplete set of assignments ;
; sdram_we_n     ; Incomplete set of assignments ;
; sdram_cas_n    ; Incomplete set of assignments ;
; sdram_ras_n    ; Incomplete set of assignments ;
; sdram_dqm[0]   ; Incomplete set of assignments ;
; sdram_dqm[1]   ; Incomplete set of assignments ;
; sdram_ba[0]    ; Incomplete set of assignments ;
; sdram_ba[1]    ; Incomplete set of assignments ;
; sdram_addr[0]  ; Incomplete set of assignments ;
; sdram_addr[1]  ; Incomplete set of assignments ;
; sdram_addr[2]  ; Incomplete set of assignments ;
; sdram_addr[3]  ; Incomplete set of assignments ;
; sdram_addr[4]  ; Incomplete set of assignments ;
; sdram_addr[5]  ; Incomplete set of assignments ;
; sdram_addr[6]  ; Incomplete set of assignments ;
; sdram_addr[7]  ; Incomplete set of assignments ;
; sdram_addr[8]  ; Incomplete set of assignments ;
; sdram_addr[9]  ; Incomplete set of assignments ;
; sdram_addr[10] ; Incomplete set of assignments ;
; sdram_addr[11] ; Incomplete set of assignments ;
; sdram_addr[12] ; Incomplete set of assignments ;
; flash_cs_n     ; Incomplete set of assignments ;
; flash_sck      ; Incomplete set of assignments ;
; sdram_dq[0]    ; Incomplete set of assignments ;
; sdram_dq[1]    ; Incomplete set of assignments ;
; sdram_dq[2]    ; Incomplete set of assignments ;
; sdram_dq[3]    ; Incomplete set of assignments ;
; sdram_dq[4]    ; Incomplete set of assignments ;
; sdram_dq[5]    ; Incomplete set of assignments ;
; sdram_dq[6]    ; Incomplete set of assignments ;
; sdram_dq[7]    ; Incomplete set of assignments ;
; sdram_dq[8]    ; Incomplete set of assignments ;
; sdram_dq[9]    ; Incomplete set of assignments ;
; sdram_dq[10]   ; Incomplete set of assignments ;
; sdram_dq[11]   ; Incomplete set of assignments ;
; sdram_dq[12]   ; Incomplete set of assignments ;
; sdram_dq[13]   ; Incomplete set of assignments ;
; sdram_dq[14]   ; Incomplete set of assignments ;
; sdram_dq[15]   ; Incomplete set of assignments ;
; flash_qspi_IO0 ; Incomplete set of assignments ;
; flash_qspi_IO1 ; Incomplete set of assignments ;
; flash_qspi_IO2 ; Incomplete set of assignments ;
; flash_qspi_IO3 ; Incomplete set of assignments ;
; clk            ; Incomplete set of assignments ;
; rst_n          ; Incomplete set of assignments ;
; sd_miso        ; Incomplete set of assignments ;
; switch1        ; Incomplete set of assignments ;
; key2           ; Incomplete set of assignments ;
; key1           ; Incomplete set of assignments ;
; vga_out_r[0]   ; Missing location assignment   ;
; vga_out_g[0]   ; Missing location assignment   ;
; vga_out_g[1]   ; Missing location assignment   ;
; vga_out_b[0]   ; Missing location assignment   ;
+----------------+-------------------------------+


+----------------------------------------------------------------------------------------------------------------------------------------------------------------------------------------------------------------------------------------------------------------------------------------------------------------------------------------------------------------------------------------------------------------------------------------------------------------------------------------------------------------------------------------------------------------------------------------------------------------------------------------------------------------------------------------------------------------------------------------------+
; Fitter Resource Utilization by Entity                                                                                                                                                                                                                                                                                                                                                                                                                                                                                                                                                                                                                                                                                                        ;
+-----------------------------------------------------------------------------------------------------------------------------------------+-------------+---------------------------+---------------+-------------+------+--------------+---------+-----------+------+--------------+--------------+-------------------+------------------+-------------------------------------------------------------------------------------------------------------------------------------------------------------------------------------------------------------------------------------------------------------------------------------------------------------------------------------------------+-----------------------------------+--------------+
; Compilation Hierarchy Node                                                                                                              ; Logic Cells ; Dedicated Logic Registers ; I/O Registers ; Memory Bits ; M9Ks ; DSP Elements ; DSP 9x9 ; DSP 18x18 ; Pins ; Virtual Pins ; LUT-Only LCs ; Register-Only LCs ; LUT/Register LCs ; Full Hierarchy Name                                                                                                                                                                                                                                                                                                                             ; Entity Name                       ; Library Name ;
+-----------------------------------------------------------------------------------------------------------------------------------------+-------------+---------------------------+---------------+-------------+------+--------------+---------+-----------+------+--------------+--------------+-------------------+------------------+-------------------------------------------------------------------------------------------------------------------------------------------------------------------------------------------------------------------------------------------------------------------------------------------------------------------------------------------------+-----------------------------------+--------------+
; |top                                                                                                                                    ; 3718 (3)    ; 2594 (0)                  ; 0 (0)         ; 100352      ; 15   ; 0            ; 0       ; 0         ; 86   ; 0            ; 1124 (3)     ; 793 (0)           ; 1801 (0)         ; |top                                                                                                                                                                                                                                                                                                                                            ; top                               ; work         ;
;    |flash_write_read:flash_write_read_m0|                                                                                               ; 495 (0)     ; 342 (0)                   ; 0 (0)         ; 0           ; 0    ; 0            ; 0       ; 0         ; 0    ; 0            ; 153 (0)      ; 9 (0)             ; 333 (0)          ; |top|flash_write_read:flash_write_read_m0                                                                                                                                                                                                                                                                                                       ; flash_write_read                  ; work         ;
;       |Qspi_master:Qspi_master_m0|                                                                                                      ; 97 (97)     ; 53 (53)                   ; 0 (0)         ; 0           ; 0    ; 0            ; 0       ; 0         ; 0    ; 0            ; 44 (44)      ; 2 (2)             ; 51 (51)          ; |top|flash_write_read:flash_write_read_m0|Qspi_master:Qspi_master_m0                                                                                                                                                                                                                                                                            ; Qspi_master                       ; work         ;
;       |flash_cmd:flash_cmd_m0|                                                                                                          ; 193 (144)   ; 126 (89)                  ; 0 (0)         ; 0           ; 0    ; 0            ; 0       ; 0         ; 0    ; 0            ; 66 (54)      ; 3 (1)             ; 124 (96)         ; |top|flash_write_read:flash_write_read_m0|flash_cmd:flash_cmd_m0                                                                                                                                                                                                                                                                                ; flash_cmd                         ; work         ;
;          |flash_step:flash_step_m0|                                                                                                     ; 49 (49)     ; 37 (37)                   ; 0 (0)         ; 0           ; 0    ; 0            ; 0       ; 0         ; 0    ; 0            ; 12 (12)      ; 2 (2)             ; 35 (35)          ; |top|flash_write_read:flash_write_read_m0|flash_cmd:flash_cmd_m0|flash_step:flash_step_m0                                                                                                                                                                                                                                                       ; flash_step                        ; work         ;
;       |flash_reader:flash_reader_m0|                                                                                                    ; 64 (64)     ; 55 (55)                   ; 0 (0)         ; 0           ; 0    ; 0            ; 0       ; 0         ; 0    ; 0            ; 8 (8)        ; 2 (2)             ; 54 (54)          ; |top|flash_write_read:flash_write_read_m0|flash_reader:flash_reader_m0                                                                                                                                                                                                                                                                          ; flash_reader                      ; work         ;
;       |flash_writer:flash_writer_m0|                                                                                                    ; 143 (143)   ; 108 (108)                 ; 0 (0)         ; 0           ; 0    ; 0            ; 0       ; 0         ; 0    ; 0            ; 35 (35)      ; 2 (2)             ; 106 (106)        ; |top|flash_write_read:flash_write_read_m0|flash_writer:flash_writer_m0                                                                                                                                                                                                                                                                          ; flash_writer                      ; work         ;
;    |frame_read_write:frame_read_write_m0|                                                                                               ; 396 (0)     ; 313 (0)                   ; 0 (0)         ; 8192        ; 2    ; 0            ; 0       ; 0         ; 0    ; 0            ; 83 (0)       ; 106 (0)           ; 207 (0)          ; |top|frame_read_write:frame_read_write_m0                                                                                                                                                                                                                                                                                                       ; frame_read_write                  ; work         ;
;       |afifo_16_256:read_buf|                                                                                                           ; 124 (0)     ; 108 (0)                   ; 0 (0)         ; 4096        ; 1    ; 0            ; 0       ; 0         ; 0    ; 0            ; 16 (0)       ; 51 (0)            ; 57 (0)           ; |top|frame_read_write:frame_read_write_m0|afifo_16_256:read_buf                                                                                                                                                                                                                                                                                 ; afifo_16_256                      ; work         ;
;          |dcfifo:dcfifo_component|                                                                                                      ; 124 (0)     ; 108 (0)                   ; 0 (0)         ; 4096        ; 1    ; 0            ; 0       ; 0         ; 0    ; 0            ; 16 (0)       ; 51 (0)            ; 57 (0)           ; |top|frame_read_write:frame_read_write_m0|afifo_16_256:read_buf|dcfifo:dcfifo_component                                                                                                                                                                                                                                                         ; dcfifo                            ; work         ;
;             |dcfifo_spl1:auto_generated|                                                                                                ; 124 (35)    ; 108 (27)                  ; 0 (0)         ; 4096        ; 1    ; 0            ; 0       ; 0         ; 0    ; 0            ; 16 (7)       ; 51 (20)           ; 57 (6)           ; |top|frame_read_write:frame_read_write_m0|afifo_16_256:read_buf|dcfifo:dcfifo_component|dcfifo_spl1:auto_generated                                                                                                                                                                                                                              ; dcfifo_spl1                       ; work         ;
;                |a_gray2bin_ngb:wrptr_g_gray2bin|                                                                                        ; 8 (8)       ; 0 (0)                     ; 0 (0)         ; 0           ; 0    ; 0            ; 0       ; 0         ; 0    ; 0            ; 2 (2)        ; 0 (0)             ; 6 (6)            ; |top|frame_read_write:frame_read_write_m0|afifo_16_256:read_buf|dcfifo:dcfifo_component|dcfifo_spl1:auto_generated|a_gray2bin_ngb:wrptr_g_gray2bin                                                                                                                                                                                              ; a_gray2bin_ngb                    ; work         ;
;                |a_gray2bin_ngb:ws_dgrp_gray2bin|                                                                                        ; 8 (8)       ; 0 (0)                     ; 0 (0)         ; 0           ; 0    ; 0            ; 0       ; 0         ; 0    ; 0            ; 0 (0)        ; 0 (0)             ; 8 (8)            ; |top|frame_read_write:frame_read_write_m0|afifo_16_256:read_buf|dcfifo:dcfifo_component|dcfifo_spl1:auto_generated|a_gray2bin_ngb:ws_dgrp_gray2bin                                                                                                                                                                                              ; a_gray2bin_ngb                    ; work         ;
;                |a_graycounter_ijc:wrptr_g1p|                                                                                            ; 19 (19)     ; 16 (16)                   ; 0 (0)         ; 0           ; 0    ; 0            ; 0       ; 0         ; 0    ; 0            ; 3 (3)        ; 3 (3)             ; 13 (13)          ; |top|frame_read_write:frame_read_write_m0|afifo_16_256:read_buf|dcfifo:dcfifo_component|dcfifo_spl1:auto_generated|a_graycounter_ijc:wrptr_g1p                                                                                                                                                                                                  ; a_graycounter_ijc                 ; work         ;
;                |a_graycounter_m57:rdptr_g1p|                                                                                            ; 18 (18)     ; 13 (13)                   ; 0 (0)         ; 0           ; 0    ; 0            ; 0       ; 0         ; 0    ; 0            ; 2 (2)        ; 1 (1)             ; 15 (15)          ; |top|frame_read_write:frame_read_write_m0|afifo_16_256:read_buf|dcfifo:dcfifo_component|dcfifo_spl1:auto_generated|a_graycounter_m57:rdptr_g1p                                                                                                                                                                                                  ; a_graycounter_m57                 ; work         ;
;                |alt_synch_pipe_2ol:rs_dgwp|                                                                                             ; 18 (0)      ; 18 (0)                    ; 0 (0)         ; 0           ; 0    ; 0            ; 0       ; 0         ; 0    ; 0            ; 0 (0)        ; 13 (0)            ; 5 (0)            ; |top|frame_read_write:frame_read_write_m0|afifo_16_256:read_buf|dcfifo:dcfifo_component|dcfifo_spl1:auto_generated|alt_synch_pipe_2ol:rs_dgwp                                                                                                                                                                                                   ; alt_synch_pipe_2ol                ; work         ;
;                   |dffpipe_jd9:dffpipe5|                                                                                                ; 18 (18)     ; 18 (18)                   ; 0 (0)         ; 0           ; 0    ; 0            ; 0       ; 0         ; 0    ; 0            ; 0 (0)        ; 13 (13)           ; 5 (5)            ; |top|frame_read_write:frame_read_write_m0|afifo_16_256:read_buf|dcfifo:dcfifo_component|dcfifo_spl1:auto_generated|alt_synch_pipe_2ol:rs_dgwp|dffpipe_jd9:dffpipe5                                                                                                                                                                              ; dffpipe_jd9                       ; work         ;
;                |alt_synch_pipe_3ol:ws_dgrp|                                                                                             ; 18 (0)      ; 18 (0)                    ; 0 (0)         ; 0           ; 0    ; 0            ; 0       ; 0         ; 0    ; 0            ; 0 (0)        ; 13 (0)            ; 5 (0)            ; |top|frame_read_write:frame_read_write_m0|afifo_16_256:read_buf|dcfifo:dcfifo_component|dcfifo_spl1:auto_generated|alt_synch_pipe_3ol:ws_dgrp                                                                                                                                                                                                   ; alt_synch_pipe_3ol                ; work         ;
;                   |dffpipe_kd9:dffpipe8|                                                                                                ; 18 (18)     ; 18 (18)                   ; 0 (0)         ; 0           ; 0    ; 0            ; 0       ; 0         ; 0    ; 0            ; 0 (0)        ; 13 (13)           ; 5 (5)            ; |top|frame_read_write:frame_read_write_m0|afifo_16_256:read_buf|dcfifo:dcfifo_component|dcfifo_spl1:auto_generated|alt_synch_pipe_3ol:ws_dgrp|dffpipe_kd9:dffpipe8                                                                                                                                                                              ; dffpipe_kd9                       ; work         ;
;                |altsyncram_fv61:fifo_ram|                                                                                               ; 0 (0)       ; 0 (0)                     ; 0 (0)         ; 4096        ; 1    ; 0            ; 0       ; 0         ; 0    ; 0            ; 0 (0)        ; 0 (0)             ; 0 (0)            ; |top|frame_read_write:frame_read_write_m0|afifo_16_256:read_buf|dcfifo:dcfifo_component|dcfifo_spl1:auto_generated|altsyncram_fv61:fifo_ram                                                                                                                                                                                                     ; altsyncram_fv61                   ; work         ;
;                |cmpr_866:rdempty_eq_comp|                                                                                               ; 5 (5)       ; 0 (0)                     ; 0 (0)         ; 0           ; 0    ; 0            ; 0       ; 0         ; 0    ; 0            ; 1 (1)        ; 0 (0)             ; 4 (4)            ; |top|frame_read_write:frame_read_write_m0|afifo_16_256:read_buf|dcfifo:dcfifo_component|dcfifo_spl1:auto_generated|cmpr_866:rdempty_eq_comp                                                                                                                                                                                                     ; cmpr_866                          ; work         ;
;                |cmpr_866:wrfull_eq_comp|                                                                                                ; 6 (6)       ; 0 (0)                     ; 0 (0)         ; 0           ; 0    ; 0            ; 0       ; 0         ; 0    ; 0            ; 1 (1)        ; 0 (0)             ; 5 (5)            ; |top|frame_read_write:frame_read_write_m0|afifo_16_256:read_buf|dcfifo:dcfifo_component|dcfifo_spl1:auto_generated|cmpr_866:wrfull_eq_comp                                                                                                                                                                                                      ; cmpr_866                          ; work         ;
;                |dffpipe_gd9:ws_brp|                                                                                                     ; 8 (8)       ; 8 (8)                     ; 0 (0)         ; 0           ; 0    ; 0            ; 0       ; 0         ; 0    ; 0            ; 0 (0)        ; 0 (0)             ; 8 (8)            ; |top|frame_read_write:frame_read_write_m0|afifo_16_256:read_buf|dcfifo:dcfifo_component|dcfifo_spl1:auto_generated|dffpipe_gd9:ws_brp                                                                                                                                                                                                           ; dffpipe_gd9                       ; work         ;
;                |dffpipe_gd9:ws_bwp|                                                                                                     ; 8 (8)       ; 8 (8)                     ; 0 (0)         ; 0           ; 0    ; 0            ; 0       ; 0         ; 0    ; 0            ; 0 (0)        ; 1 (1)             ; 7 (7)            ; |top|frame_read_write:frame_read_write_m0|afifo_16_256:read_buf|dcfifo:dcfifo_component|dcfifo_spl1:auto_generated|dffpipe_gd9:ws_bwp                                                                                                                                                                                                           ; dffpipe_gd9                       ; work         ;
;       |afifo_16_256:write_buf|                                                                                                          ; 122 (0)     ; 107 (0)                   ; 0 (0)         ; 4096        ; 1    ; 0            ; 0       ; 0         ; 0    ; 0            ; 15 (0)       ; 48 (0)            ; 59 (0)           ; |top|frame_read_write:frame_read_write_m0|afifo_16_256:write_buf                                                                                                                                                                                                                                                                                ; afifo_16_256                      ; work         ;
;          |dcfifo:dcfifo_component|                                                                                                      ; 122 (0)     ; 107 (0)                   ; 0 (0)         ; 4096        ; 1    ; 0            ; 0       ; 0         ; 0    ; 0            ; 15 (0)       ; 48 (0)            ; 59 (0)           ; |top|frame_read_write:frame_read_write_m0|afifo_16_256:write_buf|dcfifo:dcfifo_component                                                                                                                                                                                                                                                        ; dcfifo                            ; work         ;
;             |dcfifo_spl1:auto_generated|                                                                                                ; 122 (35)    ; 107 (27)                  ; 0 (0)         ; 4096        ; 1    ; 0            ; 0       ; 0         ; 0    ; 0            ; 15 (4)       ; 48 (23)           ; 59 (11)          ; |top|frame_read_write:frame_read_write_m0|afifo_16_256:write_buf|dcfifo:dcfifo_component|dcfifo_spl1:auto_generated                                                                                                                                                                                                                             ; dcfifo_spl1                       ; work         ;
;                |a_gray2bin_ngb:rdptr_g_gray2bin|                                                                                        ; 8 (8)       ; 0 (0)                     ; 0 (0)         ; 0           ; 0    ; 0            ; 0       ; 0         ; 0    ; 0            ; 1 (1)        ; 0 (0)             ; 7 (7)            ; |top|frame_read_write:frame_read_write_m0|afifo_16_256:write_buf|dcfifo:dcfifo_component|dcfifo_spl1:auto_generated|a_gray2bin_ngb:rdptr_g_gray2bin                                                                                                                                                                                             ; a_gray2bin_ngb                    ; work         ;
;                |a_gray2bin_ngb:rs_dgwp_gray2bin|                                                                                        ; 8 (8)       ; 0 (0)                     ; 0 (0)         ; 0           ; 0    ; 0            ; 0       ; 0         ; 0    ; 0            ; 0 (0)        ; 0 (0)             ; 8 (8)            ; |top|frame_read_write:frame_read_write_m0|afifo_16_256:write_buf|dcfifo:dcfifo_component|dcfifo_spl1:auto_generated|a_gray2bin_ngb:rs_dgwp_gray2bin                                                                                                                                                                                             ; a_gray2bin_ngb                    ; work         ;
;                |a_graycounter_ijc:wrptr_g1p|                                                                                            ; 17 (17)     ; 13 (13)                   ; 0 (0)         ; 0           ; 0    ; 0            ; 0       ; 0         ; 0    ; 0            ; 4 (4)        ; 1 (1)             ; 12 (12)          ; |top|frame_read_write:frame_read_write_m0|afifo_16_256:write_buf|dcfifo:dcfifo_component|dcfifo_spl1:auto_generated|a_graycounter_ijc:wrptr_g1p                                                                                                                                                                                                 ; a_graycounter_ijc                 ; work         ;
;                |a_graycounter_m57:rdptr_g1p|                                                                                            ; 20 (20)     ; 15 (15)                   ; 0 (0)         ; 0           ; 0    ; 0            ; 0       ; 0         ; 0    ; 0            ; 4 (4)        ; 3 (3)             ; 13 (13)          ; |top|frame_read_write:frame_read_write_m0|afifo_16_256:write_buf|dcfifo:dcfifo_component|dcfifo_spl1:auto_generated|a_graycounter_m57:rdptr_g1p                                                                                                                                                                                                 ; a_graycounter_m57                 ; work         ;
;                |alt_synch_pipe_2ol:rs_dgwp|                                                                                             ; 18 (0)      ; 18 (0)                    ; 0 (0)         ; 0           ; 0    ; 0            ; 0       ; 0         ; 0    ; 0            ; 0 (0)        ; 8 (0)             ; 10 (0)           ; |top|frame_read_write:frame_read_write_m0|afifo_16_256:write_buf|dcfifo:dcfifo_component|dcfifo_spl1:auto_generated|alt_synch_pipe_2ol:rs_dgwp                                                                                                                                                                                                  ; alt_synch_pipe_2ol                ; work         ;
;                   |dffpipe_jd9:dffpipe5|                                                                                                ; 18 (18)     ; 18 (18)                   ; 0 (0)         ; 0           ; 0    ; 0            ; 0       ; 0         ; 0    ; 0            ; 0 (0)        ; 8 (8)             ; 10 (10)          ; |top|frame_read_write:frame_read_write_m0|afifo_16_256:write_buf|dcfifo:dcfifo_component|dcfifo_spl1:auto_generated|alt_synch_pipe_2ol:rs_dgwp|dffpipe_jd9:dffpipe5                                                                                                                                                                             ; dffpipe_jd9                       ; work         ;
;                |alt_synch_pipe_3ol:ws_dgrp|                                                                                             ; 18 (0)      ; 18 (0)                    ; 0 (0)         ; 0           ; 0    ; 0            ; 0       ; 0         ; 0    ; 0            ; 0 (0)        ; 13 (0)            ; 5 (0)            ; |top|frame_read_write:frame_read_write_m0|afifo_16_256:write_buf|dcfifo:dcfifo_component|dcfifo_spl1:auto_generated|alt_synch_pipe_3ol:ws_dgrp                                                                                                                                                                                                  ; alt_synch_pipe_3ol                ; work         ;
;                   |dffpipe_kd9:dffpipe8|                                                                                                ; 18 (18)     ; 18 (18)                   ; 0 (0)         ; 0           ; 0    ; 0            ; 0       ; 0         ; 0    ; 0            ; 0 (0)        ; 13 (13)           ; 5 (5)            ; |top|frame_read_write:frame_read_write_m0|afifo_16_256:write_buf|dcfifo:dcfifo_component|dcfifo_spl1:auto_generated|alt_synch_pipe_3ol:ws_dgrp|dffpipe_kd9:dffpipe8                                                                                                                                                                             ; dffpipe_kd9                       ; work         ;
;                |altsyncram_fv61:fifo_ram|                                                                                               ; 0 (0)       ; 0 (0)                     ; 0 (0)         ; 4096        ; 1    ; 0            ; 0       ; 0         ; 0    ; 0            ; 0 (0)        ; 0 (0)             ; 0 (0)            ; |top|frame_read_write:frame_read_write_m0|afifo_16_256:write_buf|dcfifo:dcfifo_component|dcfifo_spl1:auto_generated|altsyncram_fv61:fifo_ram                                                                                                                                                                                                    ; altsyncram_fv61                   ; work         ;
;                |cmpr_866:rdempty_eq_comp|                                                                                               ; 5 (5)       ; 0 (0)                     ; 0 (0)         ; 0           ; 0    ; 0            ; 0       ; 0         ; 0    ; 0            ; 1 (1)        ; 0 (0)             ; 4 (4)            ; |top|frame_read_write:frame_read_write_m0|afifo_16_256:write_buf|dcfifo:dcfifo_component|dcfifo_spl1:auto_generated|cmpr_866:rdempty_eq_comp                                                                                                                                                                                                    ; cmpr_866                          ; work         ;
;                |cmpr_866:wrfull_eq_comp|                                                                                                ; 5 (5)       ; 0 (0)                     ; 0 (0)         ; 0           ; 0    ; 0            ; 0       ; 0         ; 0    ; 0            ; 1 (1)        ; 0 (0)             ; 4 (4)            ; |top|frame_read_write:frame_read_write_m0|afifo_16_256:write_buf|dcfifo:dcfifo_component|dcfifo_spl1:auto_generated|cmpr_866:wrfull_eq_comp                                                                                                                                                                                                     ; cmpr_866                          ; work         ;
;                |dffpipe_gd9:rs_brp|                                                                                                     ; 8 (8)       ; 8 (8)                     ; 0 (0)         ; 0           ; 0    ; 0            ; 0       ; 0         ; 0    ; 0            ; 0 (0)        ; 0 (0)             ; 8 (8)            ; |top|frame_read_write:frame_read_write_m0|afifo_16_256:write_buf|dcfifo:dcfifo_component|dcfifo_spl1:auto_generated|dffpipe_gd9:rs_brp                                                                                                                                                                                                          ; dffpipe_gd9                       ; work         ;
;                |dffpipe_gd9:rs_bwp|                                                                                                     ; 8 (8)       ; 8 (8)                     ; 0 (0)         ; 0           ; 0    ; 0            ; 0       ; 0         ; 0    ; 0            ; 0 (0)        ; 0 (0)             ; 8 (8)            ; |top|frame_read_write:frame_read_write_m0|afifo_16_256:write_buf|dcfifo:dcfifo_component|dcfifo_spl1:auto_generated|dffpipe_gd9:rs_bwp                                                                                                                                                                                                          ; dffpipe_gd9                       ; work         ;
;       |frame_fifo_read:frame_fifo_read_m0|                                                                                              ; 77 (77)     ; 50 (50)                   ; 0 (0)         ; 0           ; 0    ; 0            ; 0       ; 0         ; 0    ; 0            ; 27 (27)      ; 4 (4)             ; 46 (46)          ; |top|frame_read_write:frame_read_write_m0|frame_fifo_read:frame_fifo_read_m0                                                                                                                                                                                                                                                                    ; frame_fifo_read                   ; work         ;
;       |frame_fifo_write:frame_fifo_write_m0|                                                                                            ; 73 (73)     ; 48 (48)                   ; 0 (0)         ; 0           ; 0    ; 0            ; 0       ; 0         ; 0    ; 0            ; 25 (25)      ; 3 (3)             ; 45 (45)          ; |top|frame_read_write:frame_read_write_m0|frame_fifo_write:frame_fifo_write_m0                                                                                                                                                                                                                                                                  ; frame_fifo_write                  ; work         ;
;    |frame_read_write:frame_read_write_m1|                                                                                               ; 388 (0)     ; 309 (0)                   ; 0 (0)         ; 8192        ; 2    ; 0            ; 0       ; 0         ; 0    ; 0            ; 78 (0)       ; 98 (0)            ; 212 (0)          ; |top|frame_read_write:frame_read_write_m1                                                                                                                                                                                                                                                                                                       ; frame_read_write                  ; work         ;
;       |afifo_16_256:read_buf|                                                                                                           ; 117 (0)     ; 108 (0)                   ; 0 (0)         ; 4096        ; 1    ; 0            ; 0       ; 0         ; 0    ; 0            ; 9 (0)        ; 43 (0)            ; 65 (0)           ; |top|frame_read_write:frame_read_write_m1|afifo_16_256:read_buf                                                                                                                                                                                                                                                                                 ; afifo_16_256                      ; work         ;
;          |dcfifo:dcfifo_component|                                                                                                      ; 117 (0)     ; 108 (0)                   ; 0 (0)         ; 4096        ; 1    ; 0            ; 0       ; 0         ; 0    ; 0            ; 9 (0)        ; 43 (0)            ; 65 (0)           ; |top|frame_read_write:frame_read_write_m1|afifo_16_256:read_buf|dcfifo:dcfifo_component                                                                                                                                                                                                                                                         ; dcfifo                            ; work         ;
;             |dcfifo_spl1:auto_generated|                                                                                                ; 117 (31)    ; 108 (27)                  ; 0 (0)         ; 4096        ; 1    ; 0            ; 0       ; 0         ; 0    ; 0            ; 9 (2)        ; 43 (16)           ; 65 (12)          ; |top|frame_read_write:frame_read_write_m1|afifo_16_256:read_buf|dcfifo:dcfifo_component|dcfifo_spl1:auto_generated                                                                                                                                                                                                                              ; dcfifo_spl1                       ; work         ;
;                |a_gray2bin_ngb:wrptr_g_gray2bin|                                                                                        ; 8 (8)       ; 0 (0)                     ; 0 (0)         ; 0           ; 0    ; 0            ; 0       ; 0         ; 0    ; 0            ; 2 (2)        ; 0 (0)             ; 6 (6)            ; |top|frame_read_write:frame_read_write_m1|afifo_16_256:read_buf|dcfifo:dcfifo_component|dcfifo_spl1:auto_generated|a_gray2bin_ngb:wrptr_g_gray2bin                                                                                                                                                                                              ; a_gray2bin_ngb                    ; work         ;
;                |a_gray2bin_ngb:ws_dgrp_gray2bin|                                                                                        ; 8 (8)       ; 0 (0)                     ; 0 (0)         ; 0           ; 0    ; 0            ; 0       ; 0         ; 0    ; 0            ; 0 (0)        ; 0 (0)             ; 8 (8)            ; |top|frame_read_write:frame_read_write_m1|afifo_16_256:read_buf|dcfifo:dcfifo_component|dcfifo_spl1:auto_generated|a_gray2bin_ngb:ws_dgrp_gray2bin                                                                                                                                                                                              ; a_gray2bin_ngb                    ; work         ;
;                |a_graycounter_ijc:wrptr_g1p|                                                                                            ; 19 (19)     ; 16 (16)                   ; 0 (0)         ; 0           ; 0    ; 0            ; 0       ; 0         ; 0    ; 0            ; 1 (1)        ; 3 (3)             ; 15 (15)          ; |top|frame_read_write:frame_read_write_m1|afifo_16_256:read_buf|dcfifo:dcfifo_component|dcfifo_spl1:auto_generated|a_graycounter_ijc:wrptr_g1p                                                                                                                                                                                                  ; a_graycounter_ijc                 ; work         ;
;                |a_graycounter_m57:rdptr_g1p|                                                                                            ; 17 (17)     ; 13 (13)                   ; 0 (0)         ; 0           ; 0    ; 0            ; 0       ; 0         ; 0    ; 0            ; 2 (2)        ; 0 (0)             ; 15 (15)          ; |top|frame_read_write:frame_read_write_m1|afifo_16_256:read_buf|dcfifo:dcfifo_component|dcfifo_spl1:auto_generated|a_graycounter_m57:rdptr_g1p                                                                                                                                                                                                  ; a_graycounter_m57                 ; work         ;
;                |alt_synch_pipe_2ol:rs_dgwp|                                                                                             ; 18 (0)      ; 18 (0)                    ; 0 (0)         ; 0           ; 0    ; 0            ; 0       ; 0         ; 0    ; 0            ; 0 (0)        ; 12 (0)            ; 6 (0)            ; |top|frame_read_write:frame_read_write_m1|afifo_16_256:read_buf|dcfifo:dcfifo_component|dcfifo_spl1:auto_generated|alt_synch_pipe_2ol:rs_dgwp                                                                                                                                                                                                   ; alt_synch_pipe_2ol                ; work         ;
;                   |dffpipe_jd9:dffpipe5|                                                                                                ; 18 (18)     ; 18 (18)                   ; 0 (0)         ; 0           ; 0    ; 0            ; 0       ; 0         ; 0    ; 0            ; 0 (0)        ; 12 (12)           ; 6 (6)            ; |top|frame_read_write:frame_read_write_m1|afifo_16_256:read_buf|dcfifo:dcfifo_component|dcfifo_spl1:auto_generated|alt_synch_pipe_2ol:rs_dgwp|dffpipe_jd9:dffpipe5                                                                                                                                                                              ; dffpipe_jd9                       ; work         ;
;                |alt_synch_pipe_3ol:ws_dgrp|                                                                                             ; 18 (0)      ; 18 (0)                    ; 0 (0)         ; 0           ; 0    ; 0            ; 0       ; 0         ; 0    ; 0            ; 0 (0)        ; 12 (0)            ; 6 (0)            ; |top|frame_read_write:frame_read_write_m1|afifo_16_256:read_buf|dcfifo:dcfifo_component|dcfifo_spl1:auto_generated|alt_synch_pipe_3ol:ws_dgrp                                                                                                                                                                                                   ; alt_synch_pipe_3ol                ; work         ;
;                   |dffpipe_kd9:dffpipe8|                                                                                                ; 18 (18)     ; 18 (18)                   ; 0 (0)         ; 0           ; 0    ; 0            ; 0       ; 0         ; 0    ; 0            ; 0 (0)        ; 12 (12)           ; 6 (6)            ; |top|frame_read_write:frame_read_write_m1|afifo_16_256:read_buf|dcfifo:dcfifo_component|dcfifo_spl1:auto_generated|alt_synch_pipe_3ol:ws_dgrp|dffpipe_kd9:dffpipe8                                                                                                                                                                              ; dffpipe_kd9                       ; work         ;
;                |altsyncram_fv61:fifo_ram|                                                                                               ; 0 (0)       ; 0 (0)                     ; 0 (0)         ; 4096        ; 1    ; 0            ; 0       ; 0         ; 0    ; 0            ; 0 (0)        ; 0 (0)             ; 0 (0)            ; |top|frame_read_write:frame_read_write_m1|afifo_16_256:read_buf|dcfifo:dcfifo_component|dcfifo_spl1:auto_generated|altsyncram_fv61:fifo_ram                                                                                                                                                                                                     ; altsyncram_fv61                   ; work         ;
;                |cmpr_866:rdempty_eq_comp|                                                                                               ; 5 (5)       ; 0 (0)                     ; 0 (0)         ; 0           ; 0    ; 0            ; 0       ; 0         ; 0    ; 0            ; 1 (1)        ; 0 (0)             ; 4 (4)            ; |top|frame_read_write:frame_read_write_m1|afifo_16_256:read_buf|dcfifo:dcfifo_component|dcfifo_spl1:auto_generated|cmpr_866:rdempty_eq_comp                                                                                                                                                                                                     ; cmpr_866                          ; work         ;
;                |cmpr_866:wrfull_eq_comp|                                                                                                ; 6 (6)       ; 0 (0)                     ; 0 (0)         ; 0           ; 0    ; 0            ; 0       ; 0         ; 0    ; 0            ; 1 (1)        ; 0 (0)             ; 5 (5)            ; |top|frame_read_write:frame_read_write_m1|afifo_16_256:read_buf|dcfifo:dcfifo_component|dcfifo_spl1:auto_generated|cmpr_866:wrfull_eq_comp                                                                                                                                                                                                      ; cmpr_866                          ; work         ;
;                |dffpipe_gd9:ws_brp|                                                                                                     ; 8 (8)       ; 8 (8)                     ; 0 (0)         ; 0           ; 0    ; 0            ; 0       ; 0         ; 0    ; 0            ; 0 (0)        ; 0 (0)             ; 8 (8)            ; |top|frame_read_write:frame_read_write_m1|afifo_16_256:read_buf|dcfifo:dcfifo_component|dcfifo_spl1:auto_generated|dffpipe_gd9:ws_brp                                                                                                                                                                                                           ; dffpipe_gd9                       ; work         ;
;                |dffpipe_gd9:ws_bwp|                                                                                                     ; 8 (8)       ; 8 (8)                     ; 0 (0)         ; 0           ; 0    ; 0            ; 0       ; 0         ; 0    ; 0            ; 0 (0)        ; 0 (0)             ; 8 (8)            ; |top|frame_read_write:frame_read_write_m1|afifo_16_256:read_buf|dcfifo:dcfifo_component|dcfifo_spl1:auto_generated|dffpipe_gd9:ws_bwp                                                                                                                                                                                                           ; dffpipe_gd9                       ; work         ;
;       |afifo_16_256:write_buf|                                                                                                          ; 123 (0)     ; 105 (0)                   ; 0 (0)         ; 4096        ; 1    ; 0            ; 0       ; 0         ; 0    ; 0            ; 17 (0)       ; 48 (0)            ; 58 (0)           ; |top|frame_read_write:frame_read_write_m1|afifo_16_256:write_buf                                                                                                                                                                                                                                                                                ; afifo_16_256                      ; work         ;
;          |dcfifo:dcfifo_component|                                                                                                      ; 123 (0)     ; 105 (0)                   ; 0 (0)         ; 4096        ; 1    ; 0            ; 0       ; 0         ; 0    ; 0            ; 17 (0)       ; 48 (0)            ; 58 (0)           ; |top|frame_read_write:frame_read_write_m1|afifo_16_256:write_buf|dcfifo:dcfifo_component                                                                                                                                                                                                                                                        ; dcfifo                            ; work         ;
;             |dcfifo_spl1:auto_generated|                                                                                                ; 123 (37)    ; 105 (27)                  ; 0 (0)         ; 4096        ; 1    ; 0            ; 0       ; 0         ; 0    ; 0            ; 17 (6)       ; 48 (19)           ; 58 (9)           ; |top|frame_read_write:frame_read_write_m1|afifo_16_256:write_buf|dcfifo:dcfifo_component|dcfifo_spl1:auto_generated                                                                                                                                                                                                                             ; dcfifo_spl1                       ; work         ;
;                |a_gray2bin_ngb:rdptr_g_gray2bin|                                                                                        ; 8 (8)       ; 0 (0)                     ; 0 (0)         ; 0           ; 0    ; 0            ; 0       ; 0         ; 0    ; 0            ; 2 (2)        ; 0 (0)             ; 6 (6)            ; |top|frame_read_write:frame_read_write_m1|afifo_16_256:write_buf|dcfifo:dcfifo_component|dcfifo_spl1:auto_generated|a_gray2bin_ngb:rdptr_g_gray2bin                                                                                                                                                                                             ; a_gray2bin_ngb                    ; work         ;
;                |a_gray2bin_ngb:rs_dgwp_gray2bin|                                                                                        ; 8 (8)       ; 0 (0)                     ; 0 (0)         ; 0           ; 0    ; 0            ; 0       ; 0         ; 0    ; 0            ; 0 (0)        ; 0 (0)             ; 8 (8)            ; |top|frame_read_write:frame_read_write_m1|afifo_16_256:write_buf|dcfifo:dcfifo_component|dcfifo_spl1:auto_generated|a_gray2bin_ngb:rs_dgwp_gray2bin                                                                                                                                                                                             ; a_gray2bin_ngb                    ; work         ;
;                |a_graycounter_ijc:wrptr_g1p|                                                                                            ; 17 (17)     ; 13 (13)                   ; 0 (0)         ; 0           ; 0    ; 0            ; 0       ; 0         ; 0    ; 0            ; 3 (3)        ; 1 (1)             ; 13 (13)          ; |top|frame_read_write:frame_read_write_m1|afifo_16_256:write_buf|dcfifo:dcfifo_component|dcfifo_spl1:auto_generated|a_graycounter_ijc:wrptr_g1p                                                                                                                                                                                                 ; a_graycounter_ijc                 ; work         ;
;                |a_graycounter_m57:rdptr_g1p|                                                                                            ; 18 (18)     ; 13 (13)                   ; 0 (0)         ; 0           ; 0    ; 0            ; 0       ; 0         ; 0    ; 0            ; 4 (4)        ; 0 (0)             ; 14 (14)          ; |top|frame_read_write:frame_read_write_m1|afifo_16_256:write_buf|dcfifo:dcfifo_component|dcfifo_spl1:auto_generated|a_graycounter_m57:rdptr_g1p                                                                                                                                                                                                 ; a_graycounter_m57                 ; work         ;
;                |alt_synch_pipe_2ol:rs_dgwp|                                                                                             ; 18 (0)      ; 18 (0)                    ; 0 (0)         ; 0           ; 0    ; 0            ; 0       ; 0         ; 0    ; 0            ; 0 (0)        ; 17 (0)            ; 1 (0)            ; |top|frame_read_write:frame_read_write_m1|afifo_16_256:write_buf|dcfifo:dcfifo_component|dcfifo_spl1:auto_generated|alt_synch_pipe_2ol:rs_dgwp                                                                                                                                                                                                  ; alt_synch_pipe_2ol                ; work         ;
;                   |dffpipe_jd9:dffpipe5|                                                                                                ; 18 (18)     ; 18 (18)                   ; 0 (0)         ; 0           ; 0    ; 0            ; 0       ; 0         ; 0    ; 0            ; 0 (0)        ; 17 (17)           ; 1 (1)            ; |top|frame_read_write:frame_read_write_m1|afifo_16_256:write_buf|dcfifo:dcfifo_component|dcfifo_spl1:auto_generated|alt_synch_pipe_2ol:rs_dgwp|dffpipe_jd9:dffpipe5                                                                                                                                                                             ; dffpipe_jd9                       ; work         ;
;                |alt_synch_pipe_3ol:ws_dgrp|                                                                                             ; 18 (0)      ; 18 (0)                    ; 0 (0)         ; 0           ; 0    ; 0            ; 0       ; 0         ; 0    ; 0            ; 0 (0)        ; 10 (0)            ; 8 (0)            ; |top|frame_read_write:frame_read_write_m1|afifo_16_256:write_buf|dcfifo:dcfifo_component|dcfifo_spl1:auto_generated|alt_synch_pipe_3ol:ws_dgrp                                                                                                                                                                                                  ; alt_synch_pipe_3ol                ; work         ;
;                   |dffpipe_kd9:dffpipe8|                                                                                                ; 18 (18)     ; 18 (18)                   ; 0 (0)         ; 0           ; 0    ; 0            ; 0       ; 0         ; 0    ; 0            ; 0 (0)        ; 10 (10)           ; 8 (8)            ; |top|frame_read_write:frame_read_write_m1|afifo_16_256:write_buf|dcfifo:dcfifo_component|dcfifo_spl1:auto_generated|alt_synch_pipe_3ol:ws_dgrp|dffpipe_kd9:dffpipe8                                                                                                                                                                             ; dffpipe_kd9                       ; work         ;
;                |altsyncram_fv61:fifo_ram|                                                                                               ; 0 (0)       ; 0 (0)                     ; 0 (0)         ; 4096        ; 1    ; 0            ; 0       ; 0         ; 0    ; 0            ; 0 (0)        ; 0 (0)             ; 0 (0)            ; |top|frame_read_write:frame_read_write_m1|afifo_16_256:write_buf|dcfifo:dcfifo_component|dcfifo_spl1:auto_generated|altsyncram_fv61:fifo_ram                                                                                                                                                                                                    ; altsyncram_fv61                   ; work         ;
;                |cmpr_866:rdempty_eq_comp|                                                                                               ; 5 (5)       ; 0 (0)                     ; 0 (0)         ; 0           ; 0    ; 0            ; 0       ; 0         ; 0    ; 0            ; 1 (1)        ; 0 (0)             ; 4 (4)            ; |top|frame_read_write:frame_read_write_m1|afifo_16_256:write_buf|dcfifo:dcfifo_component|dcfifo_spl1:auto_generated|cmpr_866:rdempty_eq_comp                                                                                                                                                                                                    ; cmpr_866                          ; work         ;
;                |cmpr_866:wrfull_eq_comp|                                                                                                ; 6 (6)       ; 0 (0)                     ; 0 (0)         ; 0           ; 0    ; 0            ; 0       ; 0         ; 0    ; 0            ; 1 (1)        ; 0 (0)             ; 5 (5)            ; |top|frame_read_write:frame_read_write_m1|afifo_16_256:write_buf|dcfifo:dcfifo_component|dcfifo_spl1:auto_generated|cmpr_866:wrfull_eq_comp                                                                                                                                                                                                     ; cmpr_866                          ; work         ;
;                |dffpipe_gd9:rs_brp|                                                                                                     ; 8 (8)       ; 8 (8)                     ; 0 (0)         ; 0           ; 0    ; 0            ; 0       ; 0         ; 0    ; 0            ; 0 (0)        ; 1 (1)             ; 7 (7)            ; |top|frame_read_write:frame_read_write_m1|afifo_16_256:write_buf|dcfifo:dcfifo_component|dcfifo_spl1:auto_generated|dffpipe_gd9:rs_brp                                                                                                                                                                                                          ; dffpipe_gd9                       ; work         ;
;                |dffpipe_gd9:rs_bwp|                                                                                                     ; 8 (8)       ; 8 (8)                     ; 0 (0)         ; 0           ; 0    ; 0            ; 0       ; 0         ; 0    ; 0            ; 0 (0)        ; 0 (0)             ; 8 (8)            ; |top|frame_read_write:frame_read_write_m1|afifo_16_256:write_buf|dcfifo:dcfifo_component|dcfifo_spl1:auto_generated|dffpipe_gd9:rs_bwp                                                                                                                                                                                                          ; dffpipe_gd9                       ; work         ;
;       |frame_fifo_read:frame_fifo_read_m0|                                                                                              ; 74 (74)     ; 48 (48)                   ; 0 (0)         ; 0           ; 0    ; 0            ; 0       ; 0         ; 0    ; 0            ; 26 (26)      ; 3 (3)             ; 45 (45)          ; |top|frame_read_write:frame_read_write_m1|frame_fifo_read:frame_fifo_read_m0                                                                                                                                                                                                                                                                    ; frame_fifo_read                   ; work         ;
;       |frame_fifo_write:frame_fifo_write_m0|                                                                                            ; 74 (74)     ; 48 (48)                   ; 0 (0)         ; 0           ; 0    ; 0            ; 0       ; 0         ; 0    ; 0            ; 26 (26)      ; 4 (4)             ; 44 (44)          ; |top|frame_read_write:frame_read_write_m1|frame_fifo_write:frame_fifo_write_m0                                                                                                                                                                                                                                                                  ; frame_fifo_write                  ; work         ;
;    |sd_card_bmp:sd_card_bmp_m0|                                                                                                         ; 767 (0)     ; 407 (0)                   ; 0 (0)         ; 0           ; 0    ; 0            ; 0       ; 0         ; 0    ; 0            ; 360 (0)      ; 67 (0)            ; 340 (0)          ; |top|sd_card_bmp:sd_card_bmp_m0                                                                                                                                                                                                                                                                                                                 ; sd_card_bmp                       ; work         ;
;       |ax_debounce:ax_debounce_m0|                                                                                                      ; 80 (80)     ; 37 (37)                   ; 0 (0)         ; 0           ; 0    ; 0            ; 0       ; 0         ; 0    ; 0            ; 43 (43)      ; 3 (3)             ; 34 (34)          ; |top|sd_card_bmp:sd_card_bmp_m0|ax_debounce:ax_debounce_m0                                                                                                                                                                                                                                                                                      ; ax_debounce                       ; work         ;
;       |bmp_read:bmp_read_m0|                                                                                                            ; 262 (262)   ; 167 (167)                 ; 0 (0)         ; 0           ; 0    ; 0            ; 0       ; 0         ; 0    ; 0            ; 92 (92)      ; 39 (39)           ; 131 (131)        ; |top|sd_card_bmp:sd_card_bmp_m0|bmp_read:bmp_read_m0                                                                                                                                                                                                                                                                                            ; bmp_read                          ; work         ;
;       |sd_card_top:sd_card_top_m0|                                                                                                      ; 428 (0)     ; 203 (0)                   ; 0 (0)         ; 0           ; 0    ; 0            ; 0       ; 0         ; 0    ; 0            ; 225 (0)      ; 25 (0)            ; 178 (0)          ; |top|sd_card_bmp:sd_card_bmp_m0|sd_card_top:sd_card_top_m0                                                                                                                                                                                                                                                                                      ; sd_card_top                       ; work         ;
;          |sd_card_cmd:sd_card_cmd_m0|                                                                                                   ; 243 (243)   ; 71 (71)                   ; 0 (0)         ; 0           ; 0    ; 0            ; 0       ; 0         ; 0    ; 0            ; 170 (170)    ; 8 (8)             ; 65 (65)          ; |top|sd_card_bmp:sd_card_bmp_m0|sd_card_top:sd_card_top_m0|sd_card_cmd:sd_card_cmd_m0                                                                                                                                                                                                                                                           ; sd_card_cmd                       ; work         ;
;          |sd_card_sec_read_write:sd_card_sec_read_write_m0|                                                                             ; 128 (128)   ; 88 (88)                   ; 0 (0)         ; 0           ; 0    ; 0            ; 0       ; 0         ; 0    ; 0            ; 40 (40)      ; 17 (17)           ; 71 (71)          ; |top|sd_card_bmp:sd_card_bmp_m0|sd_card_top:sd_card_top_m0|sd_card_sec_read_write:sd_card_sec_read_write_m0                                                                                                                                                                                                                                     ; sd_card_sec_read_write            ; work         ;
;          |spi_master:spi_master_m0|                                                                                                     ; 59 (59)     ; 44 (44)                   ; 0 (0)         ; 0           ; 0    ; 0            ; 0       ; 0         ; 0    ; 0            ; 15 (15)      ; 0 (0)             ; 44 (44)          ; |top|sd_card_bmp:sd_card_bmp_m0|sd_card_top:sd_card_top_m0|spi_master:spi_master_m0                                                                                                                                                                                                                                                             ; spi_master                        ; work         ;
;    |sdram_core:sdram_core_m0|                                                                                                           ; 238 (238)   ; 113 (113)                 ; 0 (0)         ; 0           ; 0    ; 0            ; 0       ; 0         ; 0    ; 0            ; 125 (125)    ; 2 (2)             ; 111 (111)        ; |top|sdram_core:sdram_core_m0                                                                                                                                                                                                                                                                                                                   ; sdram_core                        ; work         ;
;    |seg_scan:seg_scan_m0|                                                                                                               ; 63 (63)     ; 49 (49)                   ; 0 (0)         ; 0           ; 0    ; 0            ; 0       ; 0         ; 0    ; 0            ; 14 (14)      ; 4 (4)             ; 45 (45)          ; |top|seg_scan:seg_scan_m0                                                                                                                                                                                                                                                                                                                       ; seg_scan                          ; work         ;
;    |sld_hub:auto_hub|                                                                                                                   ; 151 (1)     ; 91 (0)                    ; 0 (0)         ; 0           ; 0    ; 0            ; 0       ; 0         ; 0    ; 0            ; 60 (1)       ; 24 (0)            ; 67 (0)           ; |top|sld_hub:auto_hub                                                                                                                                                                                                                                                                                                                           ; sld_hub                           ; altera_sld   ;
;       |alt_sld_fab_with_jtag_input:\instrumentation_fabric_with_node_gen:fabric_gen_new_way:with_jtag_input_gen:instrumentation_fabric| ; 150 (0)     ; 91 (0)                    ; 0 (0)         ; 0           ; 0    ; 0            ; 0       ; 0         ; 0    ; 0            ; 59 (0)       ; 24 (0)            ; 67 (0)           ; |top|sld_hub:auto_hub|alt_sld_fab_with_jtag_input:\instrumentation_fabric_with_node_gen:fabric_gen_new_way:with_jtag_input_gen:instrumentation_fabric                                                                                                                                                                                           ; alt_sld_fab_with_jtag_input       ; altera_sld   ;
;          |alt_sld_fab:instrumentation_fabric|                                                                                           ; 150 (0)     ; 91 (0)                    ; 0 (0)         ; 0           ; 0    ; 0            ; 0       ; 0         ; 0    ; 0            ; 59 (0)       ; 24 (0)            ; 67 (0)           ; |top|sld_hub:auto_hub|alt_sld_fab_with_jtag_input:\instrumentation_fabric_with_node_gen:fabric_gen_new_way:with_jtag_input_gen:instrumentation_fabric|alt_sld_fab:instrumentation_fabric                                                                                                                                                        ; alt_sld_fab                       ; alt_sld_fab  ;
;             |alt_sld_fab_alt_sld_fab:alt_sld_fab|                                                                                       ; 150 (6)     ; 91 (5)                    ; 0 (0)         ; 0           ; 0    ; 0            ; 0       ; 0         ; 0    ; 0            ; 59 (1)       ; 24 (4)            ; 67 (0)           ; |top|sld_hub:auto_hub|alt_sld_fab_with_jtag_input:\instrumentation_fabric_with_node_gen:fabric_gen_new_way:with_jtag_input_gen:instrumentation_fabric|alt_sld_fab:instrumentation_fabric|alt_sld_fab_alt_sld_fab:alt_sld_fab                                                                                                                    ; alt_sld_fab_alt_sld_fab           ; alt_sld_fab  ;
;                |alt_sld_fab_alt_sld_fab_sldfabric:sldfabric|                                                                            ; 145 (0)     ; 86 (0)                    ; 0 (0)         ; 0           ; 0    ; 0            ; 0       ; 0         ; 0    ; 0            ; 58 (0)       ; 20 (0)            ; 67 (0)           ; |top|sld_hub:auto_hub|alt_sld_fab_with_jtag_input:\instrumentation_fabric_with_node_gen:fabric_gen_new_way:with_jtag_input_gen:instrumentation_fabric|alt_sld_fab:instrumentation_fabric|alt_sld_fab_alt_sld_fab:alt_sld_fab|alt_sld_fab_alt_sld_fab_sldfabric:sldfabric                                                                        ; alt_sld_fab_alt_sld_fab_sldfabric ; alt_sld_fab  ;
;                   |sld_jtag_hub:\jtag_hub_gen:real_sld_jtag_hub|                                                                        ; 145 (102)   ; 86 (58)                   ; 0 (0)         ; 0           ; 0    ; 0            ; 0       ; 0         ; 0    ; 0            ; 58 (43)      ; 20 (19)           ; 67 (42)          ; |top|sld_hub:auto_hub|alt_sld_fab_with_jtag_input:\instrumentation_fabric_with_node_gen:fabric_gen_new_way:with_jtag_input_gen:instrumentation_fabric|alt_sld_fab:instrumentation_fabric|alt_sld_fab_alt_sld_fab:alt_sld_fab|alt_sld_fab_alt_sld_fab_sldfabric:sldfabric|sld_jtag_hub:\jtag_hub_gen:real_sld_jtag_hub                           ; sld_jtag_hub                      ; work         ;
;                      |sld_rom_sr:hub_info_reg|                                                                                          ; 22 (22)     ; 9 (9)                     ; 0 (0)         ; 0           ; 0    ; 0            ; 0       ; 0         ; 0    ; 0            ; 13 (13)      ; 0 (0)             ; 9 (9)            ; |top|sld_hub:auto_hub|alt_sld_fab_with_jtag_input:\instrumentation_fabric_with_node_gen:fabric_gen_new_way:with_jtag_input_gen:instrumentation_fabric|alt_sld_fab:instrumentation_fabric|alt_sld_fab_alt_sld_fab:alt_sld_fab|alt_sld_fab_alt_sld_fab_sldfabric:sldfabric|sld_jtag_hub:\jtag_hub_gen:real_sld_jtag_hub|sld_rom_sr:hub_info_reg   ; sld_rom_sr                        ; work         ;
;                      |sld_shadow_jsm:shadow_jsm|                                                                                        ; 21 (21)     ; 19 (19)                   ; 0 (0)         ; 0           ; 0    ; 0            ; 0       ; 0         ; 0    ; 0            ; 2 (2)        ; 1 (1)             ; 18 (18)          ; |top|sld_hub:auto_hub|alt_sld_fab_with_jtag_input:\instrumentation_fabric_with_node_gen:fabric_gen_new_way:with_jtag_input_gen:instrumentation_fabric|alt_sld_fab:instrumentation_fabric|alt_sld_fab_alt_sld_fab:alt_sld_fab|alt_sld_fab_alt_sld_fab_sldfabric:sldfabric|sld_jtag_hub:\jtag_hub_gen:real_sld_jtag_hub|sld_shadow_jsm:shadow_jsm ; sld_shadow_jsm                    ; altera_sld   ;
;    |sld_signaltap:auto_signaltap_0|                                                                                                     ; 962 (84)    ; 842 (82)                  ; 0 (0)         ; 83968       ; 11   ; 0            ; 0       ; 0         ; 0    ; 0            ; 120 (2)      ; 472 (82)          ; 370 (0)          ; |top|sld_signaltap:auto_signaltap_0                                                                                                                                                                                                                                                                                                             ; sld_signaltap                     ; work         ;
;       |sld_signaltap_impl:sld_signaltap_body|                                                                                           ; 878 (0)     ; 760 (0)                   ; 0 (0)         ; 83968       ; 11   ; 0            ; 0       ; 0         ; 0    ; 0            ; 118 (0)      ; 390 (0)           ; 370 (0)          ; |top|sld_signaltap:auto_signaltap_0|sld_signaltap_impl:sld_signaltap_body                                                                                                                                                                                                                                                                       ; sld_signaltap_impl                ; work         ;
;          |sld_signaltap_implb:sld_signaltap_body|                                                                                       ; 878 (276)   ; 760 (246)                 ; 0 (0)         ; 83968       ; 11   ; 0            ; 0       ; 0         ; 0    ; 0            ; 118 (35)     ; 390 (184)         ; 370 (54)         ; |top|sld_signaltap:auto_signaltap_0|sld_signaltap_impl:sld_signaltap_body|sld_signaltap_implb:sld_signaltap_body                                                                                                                                                                                                                                ; sld_signaltap_implb               ; work         ;
;             |altdpram:\stp_non_zero_ram_gen:attribute_mem_gen:attribute_mem|                                                            ; 72 (70)     ; 70 (70)                   ; 0 (0)         ; 0           ; 0    ; 0            ; 0       ; 0         ; 0    ; 0            ; 2 (0)        ; 47 (47)           ; 23 (0)           ; |top|sld_signaltap:auto_signaltap_0|sld_signaltap_impl:sld_signaltap_body|sld_signaltap_implb:sld_signaltap_body|altdpram:\stp_non_zero_ram_gen:attribute_mem_gen:attribute_mem                                                                                                                                                                 ; altdpram                          ; work         ;
;                |lpm_decode:wdecoder|                                                                                                    ; 2 (0)       ; 0 (0)                     ; 0 (0)         ; 0           ; 0    ; 0            ; 0       ; 0         ; 0    ; 0            ; 2 (0)        ; 0 (0)             ; 0 (0)            ; |top|sld_signaltap:auto_signaltap_0|sld_signaltap_impl:sld_signaltap_body|sld_signaltap_implb:sld_signaltap_body|altdpram:\stp_non_zero_ram_gen:attribute_mem_gen:attribute_mem|lpm_decode:wdecoder                                                                                                                                             ; lpm_decode                        ; work         ;
;                   |decode_6vf:auto_generated|                                                                                           ; 2 (2)       ; 0 (0)                     ; 0 (0)         ; 0           ; 0    ; 0            ; 0       ; 0         ; 0    ; 0            ; 2 (2)        ; 0 (0)             ; 0 (0)            ; |top|sld_signaltap:auto_signaltap_0|sld_signaltap_impl:sld_signaltap_body|sld_signaltap_implb:sld_signaltap_body|altdpram:\stp_non_zero_ram_gen:attribute_mem_gen:attribute_mem|lpm_decode:wdecoder|decode_6vf:auto_generated                                                                                                                   ; decode_6vf                        ; work         ;
;                |lpm_mux:mux|                                                                                                            ; 23 (0)      ; 0 (0)                     ; 0 (0)         ; 0           ; 0    ; 0            ; 0       ; 0         ; 0    ; 0            ; 0 (0)        ; 0 (0)             ; 23 (0)           ; |top|sld_signaltap:auto_signaltap_0|sld_signaltap_impl:sld_signaltap_body|sld_signaltap_implb:sld_signaltap_body|altdpram:\stp_non_zero_ram_gen:attribute_mem_gen:attribute_mem|lpm_mux:mux                                                                                                                                                     ; lpm_mux                           ; work         ;
;                   |mux_ksc:auto_generated|                                                                                              ; 23 (23)     ; 0 (0)                     ; 0 (0)         ; 0           ; 0    ; 0            ; 0       ; 0         ; 0    ; 0            ; 0 (0)        ; 0 (0)             ; 23 (23)          ; |top|sld_signaltap:auto_signaltap_0|sld_signaltap_impl:sld_signaltap_body|sld_signaltap_implb:sld_signaltap_body|altdpram:\stp_non_zero_ram_gen:attribute_mem_gen:attribute_mem|lpm_mux:mux|mux_ksc:auto_generated                                                                                                                              ; mux_ksc                           ; work         ;
;             |altsyncram:\stp_non_zero_ram_gen:stp_buffer_ram|                                                                           ; 0 (0)       ; 0 (0)                     ; 0 (0)         ; 83968       ; 11   ; 0            ; 0       ; 0         ; 0    ; 0            ; 0 (0)        ; 0 (0)             ; 0 (0)            ; |top|sld_signaltap:auto_signaltap_0|sld_signaltap_impl:sld_signaltap_body|sld_signaltap_implb:sld_signaltap_body|altsyncram:\stp_non_zero_ram_gen:stp_buffer_ram                                                                                                                                                                                ; altsyncram                        ; work         ;
;                |altsyncram_la24:auto_generated|                                                                                         ; 0 (0)       ; 0 (0)                     ; 0 (0)         ; 83968       ; 11   ; 0            ; 0       ; 0         ; 0    ; 0            ; 0 (0)        ; 0 (0)             ; 0 (0)            ; |top|sld_signaltap:auto_signaltap_0|sld_signaltap_impl:sld_signaltap_body|sld_signaltap_implb:sld_signaltap_body|altsyncram:\stp_non_zero_ram_gen:stp_buffer_ram|altsyncram_la24:auto_generated                                                                                                                                                 ; altsyncram_la24                   ; work         ;
;             |lpm_shiftreg:segment_offset_config_deserialize|                                                                            ; 11 (11)     ; 11 (11)                   ; 0 (0)         ; 0           ; 0    ; 0            ; 0       ; 0         ; 0    ; 0            ; 0 (0)        ; 0 (0)             ; 11 (11)          ; |top|sld_signaltap:auto_signaltap_0|sld_signaltap_impl:sld_signaltap_body|sld_signaltap_implb:sld_signaltap_body|lpm_shiftreg:segment_offset_config_deserialize                                                                                                                                                                                 ; lpm_shiftreg                      ; work         ;
;             |lpm_shiftreg:status_register|                                                                                              ; 17 (17)     ; 17 (17)                   ; 0 (0)         ; 0           ; 0    ; 0            ; 0       ; 0         ; 0    ; 0            ; 0 (0)        ; 0 (0)             ; 17 (17)          ; |top|sld_signaltap:auto_signaltap_0|sld_signaltap_impl:sld_signaltap_body|sld_signaltap_implb:sld_signaltap_body|lpm_shiftreg:status_register                                                                                                                                                                                                   ; lpm_shiftreg                      ; work         ;
;             |serial_crc_16:\tdo_crc_gen:tdo_crc_calc|                                                                                   ; 14 (14)     ; 13 (13)                   ; 0 (0)         ; 0           ; 0    ; 0            ; 0       ; 0         ; 0    ; 0            ; 1 (1)        ; 0 (0)             ; 13 (13)          ; |top|sld_signaltap:auto_signaltap_0|sld_signaltap_impl:sld_signaltap_body|sld_signaltap_implb:sld_signaltap_body|serial_crc_16:\tdo_crc_gen:tdo_crc_calc                                                                                                                                                                                        ; serial_crc_16                     ; work         ;
;             |sld_buffer_manager:sld_buffer_manager_inst|                                                                                ; 109 (109)   ; 64 (64)                   ; 0 (0)         ; 0           ; 0    ; 0            ; 0       ; 0         ; 0    ; 0            ; 28 (28)      ; 21 (21)           ; 60 (60)          ; |top|sld_signaltap:auto_signaltap_0|sld_signaltap_impl:sld_signaltap_body|sld_signaltap_implb:sld_signaltap_body|sld_buffer_manager:sld_buffer_manager_inst                                                                                                                                                                                     ; sld_buffer_manager                ; work         ;
;             |sld_ela_control:ela_control|                                                                                               ; 233 (1)     ; 221 (1)                   ; 0 (0)         ; 0           ; 0    ; 0            ; 0       ; 0         ; 0    ; 0            ; 12 (0)       ; 136 (0)           ; 85 (1)           ; |top|sld_signaltap:auto_signaltap_0|sld_signaltap_impl:sld_signaltap_body|sld_signaltap_implb:sld_signaltap_body|sld_ela_control:ela_control                                                                                                                                                                                                    ; sld_ela_control                   ; work         ;
;                |lpm_shiftreg:trigger_config_deserialize|                                                                                ; 4 (4)       ; 4 (4)                     ; 0 (0)         ; 0           ; 0    ; 0            ; 0       ; 0         ; 0    ; 0            ; 0 (0)        ; 4 (4)             ; 0 (0)            ; |top|sld_signaltap:auto_signaltap_0|sld_signaltap_impl:sld_signaltap_body|sld_signaltap_implb:sld_signaltap_body|sld_ela_control:ela_control|lpm_shiftreg:trigger_config_deserialize                                                                                                                                                            ; lpm_shiftreg                      ; work         ;
;                |sld_ela_basic_multi_level_trigger:\basic_multi_level_mbpm_trigger_gen:multi_level_mbpm|                                 ; 205 (0)     ; 205 (0)                   ; 0 (0)         ; 0           ; 0    ; 0            ; 0       ; 0         ; 0    ; 0            ; 0 (0)        ; 122 (0)           ; 83 (0)           ; |top|sld_signaltap:auto_signaltap_0|sld_signaltap_impl:sld_signaltap_body|sld_signaltap_implb:sld_signaltap_body|sld_ela_control:ela_control|sld_ela_basic_multi_level_trigger:\basic_multi_level_mbpm_trigger_gen:multi_level_mbpm                                                                                                             ; sld_ela_basic_multi_level_trigger ; work         ;
;                   |lpm_shiftreg:trigger_condition_deserialize|                                                                          ; 123 (123)   ; 123 (123)                 ; 0 (0)         ; 0           ; 0    ; 0            ; 0       ; 0         ; 0    ; 0            ; 0 (0)        ; 120 (120)         ; 3 (3)            ; |top|sld_signaltap:auto_signaltap_0|sld_signaltap_impl:sld_signaltap_body|sld_signaltap_implb:sld_signaltap_body|sld_ela_control:ela_control|sld_ela_basic_multi_level_trigger:\basic_multi_level_mbpm_trigger_gen:multi_level_mbpm|lpm_shiftreg:trigger_condition_deserialize                                                                  ; lpm_shiftreg                      ; work         ;
;                   |sld_mbpmg:\trigger_modules_gen:0:trigger_match|                                                                      ; 85 (0)      ; 82 (0)                    ; 0 (0)         ; 0           ; 0    ; 0            ; 0       ; 0         ; 0    ; 0            ; 0 (0)        ; 2 (0)             ; 83 (0)           ; |top|sld_signaltap:auto_signaltap_0|sld_signaltap_impl:sld_signaltap_body|sld_signaltap_implb:sld_signaltap_body|sld_ela_control:ela_control|sld_ela_basic_multi_level_trigger:\basic_multi_level_mbpm_trigger_gen:multi_level_mbpm|sld_mbpmg:\trigger_modules_gen:0:trigger_match                                                              ; sld_mbpmg                         ; work         ;
;                      |sld_sbpmg:\gen_sbpmg_pipeline_less_than_two:sm0:0:sm1|                                                            ; 2 (2)       ; 2 (2)                     ; 0 (0)         ; 0           ; 0    ; 0            ; 0       ; 0         ; 0    ; 0            ; 0 (0)        ; 0 (0)             ; 2 (2)            ; |top|sld_signaltap:auto_signaltap_0|sld_signaltap_impl:sld_signaltap_body|sld_signaltap_implb:sld_signaltap_body|sld_ela_control:ela_control|sld_ela_basic_multi_level_trigger:\basic_multi_level_mbpm_trigger_gen:multi_level_mbpm|sld_mbpmg:\trigger_modules_gen:0:trigger_match|sld_sbpmg:\gen_sbpmg_pipeline_less_than_two:sm0:0:sm1        ; sld_sbpmg                         ; work         ;
;                      |sld_sbpmg:\gen_sbpmg_pipeline_less_than_two:sm0:10:sm1|                                                           ; 2 (2)       ; 2 (2)                     ; 0 (0)         ; 0           ; 0    ; 0            ; 0       ; 0         ; 0    ; 0            ; 0 (0)        ; 0 (0)             ; 2 (2)            ; |top|sld_signaltap:auto_signaltap_0|sld_signaltap_impl:sld_signaltap_body|sld_signaltap_implb:sld_signaltap_body|sld_ela_control:ela_control|sld_ela_basic_multi_level_trigger:\basic_multi_level_mbpm_trigger_gen:multi_level_mbpm|sld_mbpmg:\trigger_modules_gen:0:trigger_match|sld_sbpmg:\gen_sbpmg_pipeline_less_than_two:sm0:10:sm1       ; sld_sbpmg                         ; work         ;
;                      |sld_sbpmg:\gen_sbpmg_pipeline_less_than_two:sm0:11:sm1|                                                           ; 2 (2)       ; 2 (2)                     ; 0 (0)         ; 0           ; 0    ; 0            ; 0       ; 0         ; 0    ; 0            ; 0 (0)        ; 0 (0)             ; 2 (2)            ; |top|sld_signaltap:auto_signaltap_0|sld_signaltap_impl:sld_signaltap_body|sld_signaltap_implb:sld_signaltap_body|sld_ela_control:ela_control|sld_ela_basic_multi_level_trigger:\basic_multi_level_mbpm_trigger_gen:multi_level_mbpm|sld_mbpmg:\trigger_modules_gen:0:trigger_match|sld_sbpmg:\gen_sbpmg_pipeline_less_than_two:sm0:11:sm1       ; sld_sbpmg                         ; work         ;
;                      |sld_sbpmg:\gen_sbpmg_pipeline_less_than_two:sm0:12:sm1|                                                           ; 2 (2)       ; 2 (2)                     ; 0 (0)         ; 0           ; 0    ; 0            ; 0       ; 0         ; 0    ; 0            ; 0 (0)        ; 0 (0)             ; 2 (2)            ; |top|sld_signaltap:auto_signaltap_0|sld_signaltap_impl:sld_signaltap_body|sld_signaltap_implb:sld_signaltap_body|sld_ela_control:ela_control|sld_ela_basic_multi_level_trigger:\basic_multi_level_mbpm_trigger_gen:multi_level_mbpm|sld_mbpmg:\trigger_modules_gen:0:trigger_match|sld_sbpmg:\gen_sbpmg_pipeline_less_than_two:sm0:12:sm1       ; sld_sbpmg                         ; work         ;
;                      |sld_sbpmg:\gen_sbpmg_pipeline_less_than_two:sm0:13:sm1|                                                           ; 2 (2)       ; 2 (2)                     ; 0 (0)         ; 0           ; 0    ; 0            ; 0       ; 0         ; 0    ; 0            ; 0 (0)        ; 0 (0)             ; 2 (2)            ; |top|sld_signaltap:auto_signaltap_0|sld_signaltap_impl:sld_signaltap_body|sld_signaltap_implb:sld_signaltap_body|sld_ela_control:ela_control|sld_ela_basic_multi_level_trigger:\basic_multi_level_mbpm_trigger_gen:multi_level_mbpm|sld_mbpmg:\trigger_modules_gen:0:trigger_match|sld_sbpmg:\gen_sbpmg_pipeline_less_than_two:sm0:13:sm1       ; sld_sbpmg                         ; work         ;
;                      |sld_sbpmg:\gen_sbpmg_pipeline_less_than_two:sm0:14:sm1|                                                           ; 2 (2)       ; 2 (2)                     ; 0 (0)         ; 0           ; 0    ; 0            ; 0       ; 0         ; 0    ; 0            ; 0 (0)        ; 0 (0)             ; 2 (2)            ; |top|sld_signaltap:auto_signaltap_0|sld_signaltap_impl:sld_signaltap_body|sld_signaltap_implb:sld_signaltap_body|sld_ela_control:ela_control|sld_ela_basic_multi_level_trigger:\basic_multi_level_mbpm_trigger_gen:multi_level_mbpm|sld_mbpmg:\trigger_modules_gen:0:trigger_match|sld_sbpmg:\gen_sbpmg_pipeline_less_than_two:sm0:14:sm1       ; sld_sbpmg                         ; work         ;
;                      |sld_sbpmg:\gen_sbpmg_pipeline_less_than_two:sm0:15:sm1|                                                           ; 2 (2)       ; 2 (2)                     ; 0 (0)         ; 0           ; 0    ; 0            ; 0       ; 0         ; 0    ; 0            ; 0 (0)        ; 0 (0)             ; 2 (2)            ; |top|sld_signaltap:auto_signaltap_0|sld_signaltap_impl:sld_signaltap_body|sld_signaltap_implb:sld_signaltap_body|sld_ela_control:ela_control|sld_ela_basic_multi_level_trigger:\basic_multi_level_mbpm_trigger_gen:multi_level_mbpm|sld_mbpmg:\trigger_modules_gen:0:trigger_match|sld_sbpmg:\gen_sbpmg_pipeline_less_than_two:sm0:15:sm1       ; sld_sbpmg                         ; work         ;
;                      |sld_sbpmg:\gen_sbpmg_pipeline_less_than_two:sm0:16:sm1|                                                           ; 2 (2)       ; 2 (2)                     ; 0 (0)         ; 0           ; 0    ; 0            ; 0       ; 0         ; 0    ; 0            ; 0 (0)        ; 0 (0)             ; 2 (2)            ; |top|sld_signaltap:auto_signaltap_0|sld_signaltap_impl:sld_signaltap_body|sld_signaltap_implb:sld_signaltap_body|sld_ela_control:ela_control|sld_ela_basic_multi_level_trigger:\basic_multi_level_mbpm_trigger_gen:multi_level_mbpm|sld_mbpmg:\trigger_modules_gen:0:trigger_match|sld_sbpmg:\gen_sbpmg_pipeline_less_than_two:sm0:16:sm1       ; sld_sbpmg                         ; work         ;
;                      |sld_sbpmg:\gen_sbpmg_pipeline_less_than_two:sm0:17:sm1|                                                           ; 2 (2)       ; 2 (2)                     ; 0 (0)         ; 0           ; 0    ; 0            ; 0       ; 0         ; 0    ; 0            ; 0 (0)        ; 0 (0)             ; 2 (2)            ; |top|sld_signaltap:auto_signaltap_0|sld_signaltap_impl:sld_signaltap_body|sld_signaltap_implb:sld_signaltap_body|sld_ela_control:ela_control|sld_ela_basic_multi_level_trigger:\basic_multi_level_mbpm_trigger_gen:multi_level_mbpm|sld_mbpmg:\trigger_modules_gen:0:trigger_match|sld_sbpmg:\gen_sbpmg_pipeline_less_than_two:sm0:17:sm1       ; sld_sbpmg                         ; work         ;
;                      |sld_sbpmg:\gen_sbpmg_pipeline_less_than_two:sm0:18:sm1|                                                           ; 2 (2)       ; 2 (2)                     ; 0 (0)         ; 0           ; 0    ; 0            ; 0       ; 0         ; 0    ; 0            ; 0 (0)        ; 0 (0)             ; 2 (2)            ; |top|sld_signaltap:auto_signaltap_0|sld_signaltap_impl:sld_signaltap_body|sld_signaltap_implb:sld_signaltap_body|sld_ela_control:ela_control|sld_ela_basic_multi_level_trigger:\basic_multi_level_mbpm_trigger_gen:multi_level_mbpm|sld_mbpmg:\trigger_modules_gen:0:trigger_match|sld_sbpmg:\gen_sbpmg_pipeline_less_than_two:sm0:18:sm1       ; sld_sbpmg                         ; work         ;
;                      |sld_sbpmg:\gen_sbpmg_pipeline_less_than_two:sm0:19:sm1|                                                           ; 2 (2)       ; 2 (2)                     ; 0 (0)         ; 0           ; 0    ; 0            ; 0       ; 0         ; 0    ; 0            ; 0 (0)        ; 0 (0)             ; 2 (2)            ; |top|sld_signaltap:auto_signaltap_0|sld_signaltap_impl:sld_signaltap_body|sld_signaltap_implb:sld_signaltap_body|sld_ela_control:ela_control|sld_ela_basic_multi_level_trigger:\basic_multi_level_mbpm_trigger_gen:multi_level_mbpm|sld_mbpmg:\trigger_modules_gen:0:trigger_match|sld_sbpmg:\gen_sbpmg_pipeline_less_than_two:sm0:19:sm1       ; sld_sbpmg                         ; work         ;
;                      |sld_sbpmg:\gen_sbpmg_pipeline_less_than_two:sm0:1:sm1|                                                            ; 2 (2)       ; 2 (2)                     ; 0 (0)         ; 0           ; 0    ; 0            ; 0       ; 0         ; 0    ; 0            ; 0 (0)        ; 0 (0)             ; 2 (2)            ; |top|sld_signaltap:auto_signaltap_0|sld_signaltap_impl:sld_signaltap_body|sld_signaltap_implb:sld_signaltap_body|sld_ela_control:ela_control|sld_ela_basic_multi_level_trigger:\basic_multi_level_mbpm_trigger_gen:multi_level_mbpm|sld_mbpmg:\trigger_modules_gen:0:trigger_match|sld_sbpmg:\gen_sbpmg_pipeline_less_than_two:sm0:1:sm1        ; sld_sbpmg                         ; work         ;
;                      |sld_sbpmg:\gen_sbpmg_pipeline_less_than_two:sm0:20:sm1|                                                           ; 2 (2)       ; 2 (2)                     ; 0 (0)         ; 0           ; 0    ; 0            ; 0       ; 0         ; 0    ; 0            ; 0 (0)        ; 0 (0)             ; 2 (2)            ; |top|sld_signaltap:auto_signaltap_0|sld_signaltap_impl:sld_signaltap_body|sld_signaltap_implb:sld_signaltap_body|sld_ela_control:ela_control|sld_ela_basic_multi_level_trigger:\basic_multi_level_mbpm_trigger_gen:multi_level_mbpm|sld_mbpmg:\trigger_modules_gen:0:trigger_match|sld_sbpmg:\gen_sbpmg_pipeline_less_than_two:sm0:20:sm1       ; sld_sbpmg                         ; work         ;
;                      |sld_sbpmg:\gen_sbpmg_pipeline_less_than_two:sm0:21:sm1|                                                           ; 2 (2)       ; 2 (2)                     ; 0 (0)         ; 0           ; 0    ; 0            ; 0       ; 0         ; 0    ; 0            ; 0 (0)        ; 0 (0)             ; 2 (2)            ; |top|sld_signaltap:auto_signaltap_0|sld_signaltap_impl:sld_signaltap_body|sld_signaltap_implb:sld_signaltap_body|sld_ela_control:ela_control|sld_ela_basic_multi_level_trigger:\basic_multi_level_mbpm_trigger_gen:multi_level_mbpm|sld_mbpmg:\trigger_modules_gen:0:trigger_match|sld_sbpmg:\gen_sbpmg_pipeline_less_than_two:sm0:21:sm1       ; sld_sbpmg                         ; work         ;
;                      |sld_sbpmg:\gen_sbpmg_pipeline_less_than_two:sm0:22:sm1|                                                           ; 2 (2)       ; 2 (2)                     ; 0 (0)         ; 0           ; 0    ; 0            ; 0       ; 0         ; 0    ; 0            ; 0 (0)        ; 0 (0)             ; 2 (2)            ; |top|sld_signaltap:auto_signaltap_0|sld_signaltap_impl:sld_signaltap_body|sld_signaltap_implb:sld_signaltap_body|sld_ela_control:ela_control|sld_ela_basic_multi_level_trigger:\basic_multi_level_mbpm_trigger_gen:multi_level_mbpm|sld_mbpmg:\trigger_modules_gen:0:trigger_match|sld_sbpmg:\gen_sbpmg_pipeline_less_than_two:sm0:22:sm1       ; sld_sbpmg                         ; work         ;
;                      |sld_sbpmg:\gen_sbpmg_pipeline_less_than_two:sm0:23:sm1|                                                           ; 2 (2)       ; 2 (2)                     ; 0 (0)         ; 0           ; 0    ; 0            ; 0       ; 0         ; 0    ; 0            ; 0 (0)        ; 0 (0)             ; 2 (2)            ; |top|sld_signaltap:auto_signaltap_0|sld_signaltap_impl:sld_signaltap_body|sld_signaltap_implb:sld_signaltap_body|sld_ela_control:ela_control|sld_ela_basic_multi_level_trigger:\basic_multi_level_mbpm_trigger_gen:multi_level_mbpm|sld_mbpmg:\trigger_modules_gen:0:trigger_match|sld_sbpmg:\gen_sbpmg_pipeline_less_than_two:sm0:23:sm1       ; sld_sbpmg                         ; work         ;
;                      |sld_sbpmg:\gen_sbpmg_pipeline_less_than_two:sm0:24:sm1|                                                           ; 2 (2)       ; 2 (2)                     ; 0 (0)         ; 0           ; 0    ; 0            ; 0       ; 0         ; 0    ; 0            ; 0 (0)        ; 0 (0)             ; 2 (2)            ; |top|sld_signaltap:auto_signaltap_0|sld_signaltap_impl:sld_signaltap_body|sld_signaltap_implb:sld_signaltap_body|sld_ela_control:ela_control|sld_ela_basic_multi_level_trigger:\basic_multi_level_mbpm_trigger_gen:multi_level_mbpm|sld_mbpmg:\trigger_modules_gen:0:trigger_match|sld_sbpmg:\gen_sbpmg_pipeline_less_than_two:sm0:24:sm1       ; sld_sbpmg                         ; work         ;
;                      |sld_sbpmg:\gen_sbpmg_pipeline_less_than_two:sm0:25:sm1|                                                           ; 2 (2)       ; 2 (2)                     ; 0 (0)         ; 0           ; 0    ; 0            ; 0       ; 0         ; 0    ; 0            ; 0 (0)        ; 0 (0)             ; 2 (2)            ; |top|sld_signaltap:auto_signaltap_0|sld_signaltap_impl:sld_signaltap_body|sld_signaltap_implb:sld_signaltap_body|sld_ela_control:ela_control|sld_ela_basic_multi_level_trigger:\basic_multi_level_mbpm_trigger_gen:multi_level_mbpm|sld_mbpmg:\trigger_modules_gen:0:trigger_match|sld_sbpmg:\gen_sbpmg_pipeline_less_than_two:sm0:25:sm1       ; sld_sbpmg                         ; work         ;
;                      |sld_sbpmg:\gen_sbpmg_pipeline_less_than_two:sm0:26:sm1|                                                           ; 3 (3)       ; 2 (2)                     ; 0 (0)         ; 0           ; 0    ; 0            ; 0       ; 0         ; 0    ; 0            ; 0 (0)        ; 1 (1)             ; 2 (2)            ; |top|sld_signaltap:auto_signaltap_0|sld_signaltap_impl:sld_signaltap_body|sld_signaltap_implb:sld_signaltap_body|sld_ela_control:ela_control|sld_ela_basic_multi_level_trigger:\basic_multi_level_mbpm_trigger_gen:multi_level_mbpm|sld_mbpmg:\trigger_modules_gen:0:trigger_match|sld_sbpmg:\gen_sbpmg_pipeline_less_than_two:sm0:26:sm1       ; sld_sbpmg                         ; work         ;
;                      |sld_sbpmg:\gen_sbpmg_pipeline_less_than_two:sm0:27:sm1|                                                           ; 2 (2)       ; 2 (2)                     ; 0 (0)         ; 0           ; 0    ; 0            ; 0       ; 0         ; 0    ; 0            ; 0 (0)        ; 0 (0)             ; 2 (2)            ; |top|sld_signaltap:auto_signaltap_0|sld_signaltap_impl:sld_signaltap_body|sld_signaltap_implb:sld_signaltap_body|sld_ela_control:ela_control|sld_ela_basic_multi_level_trigger:\basic_multi_level_mbpm_trigger_gen:multi_level_mbpm|sld_mbpmg:\trigger_modules_gen:0:trigger_match|sld_sbpmg:\gen_sbpmg_pipeline_less_than_two:sm0:27:sm1       ; sld_sbpmg                         ; work         ;
;                      |sld_sbpmg:\gen_sbpmg_pipeline_less_than_two:sm0:28:sm1|                                                           ; 2 (2)       ; 2 (2)                     ; 0 (0)         ; 0           ; 0    ; 0            ; 0       ; 0         ; 0    ; 0            ; 0 (0)        ; 0 (0)             ; 2 (2)            ; |top|sld_signaltap:auto_signaltap_0|sld_signaltap_impl:sld_signaltap_body|sld_signaltap_implb:sld_signaltap_body|sld_ela_control:ela_control|sld_ela_basic_multi_level_trigger:\basic_multi_level_mbpm_trigger_gen:multi_level_mbpm|sld_mbpmg:\trigger_modules_gen:0:trigger_match|sld_sbpmg:\gen_sbpmg_pipeline_less_than_two:sm0:28:sm1       ; sld_sbpmg                         ; work         ;
;                      |sld_sbpmg:\gen_sbpmg_pipeline_less_than_two:sm0:29:sm1|                                                           ; 2 (2)       ; 2 (2)                     ; 0 (0)         ; 0           ; 0    ; 0            ; 0       ; 0         ; 0    ; 0            ; 0 (0)        ; 0 (0)             ; 2 (2)            ; |top|sld_signaltap:auto_signaltap_0|sld_signaltap_impl:sld_signaltap_body|sld_signaltap_implb:sld_signaltap_body|sld_ela_control:ela_control|sld_ela_basic_multi_level_trigger:\basic_multi_level_mbpm_trigger_gen:multi_level_mbpm|sld_mbpmg:\trigger_modules_gen:0:trigger_match|sld_sbpmg:\gen_sbpmg_pipeline_less_than_two:sm0:29:sm1       ; sld_sbpmg                         ; work         ;
;                      |sld_sbpmg:\gen_sbpmg_pipeline_less_than_two:sm0:2:sm1|                                                            ; 2 (2)       ; 2 (2)                     ; 0 (0)         ; 0           ; 0    ; 0            ; 0       ; 0         ; 0    ; 0            ; 0 (0)        ; 0 (0)             ; 2 (2)            ; |top|sld_signaltap:auto_signaltap_0|sld_signaltap_impl:sld_signaltap_body|sld_signaltap_implb:sld_signaltap_body|sld_ela_control:ela_control|sld_ela_basic_multi_level_trigger:\basic_multi_level_mbpm_trigger_gen:multi_level_mbpm|sld_mbpmg:\trigger_modules_gen:0:trigger_match|sld_sbpmg:\gen_sbpmg_pipeline_less_than_two:sm0:2:sm1        ; sld_sbpmg                         ; work         ;
;                      |sld_sbpmg:\gen_sbpmg_pipeline_less_than_two:sm0:30:sm1|                                                           ; 3 (3)       ; 2 (2)                     ; 0 (0)         ; 0           ; 0    ; 0            ; 0       ; 0         ; 0    ; 0            ; 0 (0)        ; 0 (0)             ; 3 (3)            ; |top|sld_signaltap:auto_signaltap_0|sld_signaltap_impl:sld_signaltap_body|sld_signaltap_implb:sld_signaltap_body|sld_ela_control:ela_control|sld_ela_basic_multi_level_trigger:\basic_multi_level_mbpm_trigger_gen:multi_level_mbpm|sld_mbpmg:\trigger_modules_gen:0:trigger_match|sld_sbpmg:\gen_sbpmg_pipeline_less_than_two:sm0:30:sm1       ; sld_sbpmg                         ; work         ;
;                      |sld_sbpmg:\gen_sbpmg_pipeline_less_than_two:sm0:31:sm1|                                                           ; 2 (2)       ; 2 (2)                     ; 0 (0)         ; 0           ; 0    ; 0            ; 0       ; 0         ; 0    ; 0            ; 0 (0)        ; 0 (0)             ; 2 (2)            ; |top|sld_signaltap:auto_signaltap_0|sld_signaltap_impl:sld_signaltap_body|sld_signaltap_implb:sld_signaltap_body|sld_ela_control:ela_control|sld_ela_basic_multi_level_trigger:\basic_multi_level_mbpm_trigger_gen:multi_level_mbpm|sld_mbpmg:\trigger_modules_gen:0:trigger_match|sld_sbpmg:\gen_sbpmg_pipeline_less_than_two:sm0:31:sm1       ; sld_sbpmg                         ; work         ;
;                      |sld_sbpmg:\gen_sbpmg_pipeline_less_than_two:sm0:32:sm1|                                                           ; 2 (2)       ; 2 (2)                     ; 0 (0)         ; 0           ; 0    ; 0            ; 0       ; 0         ; 0    ; 0            ; 0 (0)        ; 0 (0)             ; 2 (2)            ; |top|sld_signaltap:auto_signaltap_0|sld_signaltap_impl:sld_signaltap_body|sld_signaltap_implb:sld_signaltap_body|sld_ela_control:ela_control|sld_ela_basic_multi_level_trigger:\basic_multi_level_mbpm_trigger_gen:multi_level_mbpm|sld_mbpmg:\trigger_modules_gen:0:trigger_match|sld_sbpmg:\gen_sbpmg_pipeline_less_than_two:sm0:32:sm1       ; sld_sbpmg                         ; work         ;
;                      |sld_sbpmg:\gen_sbpmg_pipeline_less_than_two:sm0:33:sm1|                                                           ; 2 (2)       ; 2 (2)                     ; 0 (0)         ; 0           ; 0    ; 0            ; 0       ; 0         ; 0    ; 0            ; 0 (0)        ; 0 (0)             ; 2 (2)            ; |top|sld_signaltap:auto_signaltap_0|sld_signaltap_impl:sld_signaltap_body|sld_signaltap_implb:sld_signaltap_body|sld_ela_control:ela_control|sld_ela_basic_multi_level_trigger:\basic_multi_level_mbpm_trigger_gen:multi_level_mbpm|sld_mbpmg:\trigger_modules_gen:0:trigger_match|sld_sbpmg:\gen_sbpmg_pipeline_less_than_two:sm0:33:sm1       ; sld_sbpmg                         ; work         ;
;                      |sld_sbpmg:\gen_sbpmg_pipeline_less_than_two:sm0:34:sm1|                                                           ; 2 (2)       ; 2 (2)                     ; 0 (0)         ; 0           ; 0    ; 0            ; 0       ; 0         ; 0    ; 0            ; 0 (0)        ; 0 (0)             ; 2 (2)            ; |top|sld_signaltap:auto_signaltap_0|sld_signaltap_impl:sld_signaltap_body|sld_signaltap_implb:sld_signaltap_body|sld_ela_control:ela_control|sld_ela_basic_multi_level_trigger:\basic_multi_level_mbpm_trigger_gen:multi_level_mbpm|sld_mbpmg:\trigger_modules_gen:0:trigger_match|sld_sbpmg:\gen_sbpmg_pipeline_less_than_two:sm0:34:sm1       ; sld_sbpmg                         ; work         ;
;                      |sld_sbpmg:\gen_sbpmg_pipeline_less_than_two:sm0:35:sm1|                                                           ; 2 (2)       ; 2 (2)                     ; 0 (0)         ; 0           ; 0    ; 0            ; 0       ; 0         ; 0    ; 0            ; 0 (0)        ; 0 (0)             ; 2 (2)            ; |top|sld_signaltap:auto_signaltap_0|sld_signaltap_impl:sld_signaltap_body|sld_signaltap_implb:sld_signaltap_body|sld_ela_control:ela_control|sld_ela_basic_multi_level_trigger:\basic_multi_level_mbpm_trigger_gen:multi_level_mbpm|sld_mbpmg:\trigger_modules_gen:0:trigger_match|sld_sbpmg:\gen_sbpmg_pipeline_less_than_two:sm0:35:sm1       ; sld_sbpmg                         ; work         ;
;                      |sld_sbpmg:\gen_sbpmg_pipeline_less_than_two:sm0:36:sm1|                                                           ; 2 (2)       ; 2 (2)                     ; 0 (0)         ; 0           ; 0    ; 0            ; 0       ; 0         ; 0    ; 0            ; 0 (0)        ; 0 (0)             ; 2 (2)            ; |top|sld_signaltap:auto_signaltap_0|sld_signaltap_impl:sld_signaltap_body|sld_signaltap_implb:sld_signaltap_body|sld_ela_control:ela_control|sld_ela_basic_multi_level_trigger:\basic_multi_level_mbpm_trigger_gen:multi_level_mbpm|sld_mbpmg:\trigger_modules_gen:0:trigger_match|sld_sbpmg:\gen_sbpmg_pipeline_less_than_two:sm0:36:sm1       ; sld_sbpmg                         ; work         ;
;                      |sld_sbpmg:\gen_sbpmg_pipeline_less_than_two:sm0:37:sm1|                                                           ; 2 (2)       ; 2 (2)                     ; 0 (0)         ; 0           ; 0    ; 0            ; 0       ; 0         ; 0    ; 0            ; 0 (0)        ; 0 (0)             ; 2 (2)            ; |top|sld_signaltap:auto_signaltap_0|sld_signaltap_impl:sld_signaltap_body|sld_signaltap_implb:sld_signaltap_body|sld_ela_control:ela_control|sld_ela_basic_multi_level_trigger:\basic_multi_level_mbpm_trigger_gen:multi_level_mbpm|sld_mbpmg:\trigger_modules_gen:0:trigger_match|sld_sbpmg:\gen_sbpmg_pipeline_less_than_two:sm0:37:sm1       ; sld_sbpmg                         ; work         ;
;                      |sld_sbpmg:\gen_sbpmg_pipeline_less_than_two:sm0:38:sm1|                                                           ; 2 (2)       ; 2 (2)                     ; 0 (0)         ; 0           ; 0    ; 0            ; 0       ; 0         ; 0    ; 0            ; 0 (0)        ; 0 (0)             ; 2 (2)            ; |top|sld_signaltap:auto_signaltap_0|sld_signaltap_impl:sld_signaltap_body|sld_signaltap_implb:sld_signaltap_body|sld_ela_control:ela_control|sld_ela_basic_multi_level_trigger:\basic_multi_level_mbpm_trigger_gen:multi_level_mbpm|sld_mbpmg:\trigger_modules_gen:0:trigger_match|sld_sbpmg:\gen_sbpmg_pipeline_less_than_two:sm0:38:sm1       ; sld_sbpmg                         ; work         ;
;                      |sld_sbpmg:\gen_sbpmg_pipeline_less_than_two:sm0:39:sm1|                                                           ; 2 (2)       ; 2 (2)                     ; 0 (0)         ; 0           ; 0    ; 0            ; 0       ; 0         ; 0    ; 0            ; 0 (0)        ; 0 (0)             ; 2 (2)            ; |top|sld_signaltap:auto_signaltap_0|sld_signaltap_impl:sld_signaltap_body|sld_signaltap_implb:sld_signaltap_body|sld_ela_control:ela_control|sld_ela_basic_multi_level_trigger:\basic_multi_level_mbpm_trigger_gen:multi_level_mbpm|sld_mbpmg:\trigger_modules_gen:0:trigger_match|sld_sbpmg:\gen_sbpmg_pipeline_less_than_two:sm0:39:sm1       ; sld_sbpmg                         ; work         ;
;                      |sld_sbpmg:\gen_sbpmg_pipeline_less_than_two:sm0:3:sm1|                                                            ; 2 (2)       ; 2 (2)                     ; 0 (0)         ; 0           ; 0    ; 0            ; 0       ; 0         ; 0    ; 0            ; 0 (0)        ; 0 (0)             ; 2 (2)            ; |top|sld_signaltap:auto_signaltap_0|sld_signaltap_impl:sld_signaltap_body|sld_signaltap_implb:sld_signaltap_body|sld_ela_control:ela_control|sld_ela_basic_multi_level_trigger:\basic_multi_level_mbpm_trigger_gen:multi_level_mbpm|sld_mbpmg:\trigger_modules_gen:0:trigger_match|sld_sbpmg:\gen_sbpmg_pipeline_less_than_two:sm0:3:sm1        ; sld_sbpmg                         ; work         ;
;                      |sld_sbpmg:\gen_sbpmg_pipeline_less_than_two:sm0:40:sm1|                                                           ; 3 (3)       ; 2 (2)                     ; 0 (0)         ; 0           ; 0    ; 0            ; 0       ; 0         ; 0    ; 0            ; 0 (0)        ; 1 (1)             ; 2 (2)            ; |top|sld_signaltap:auto_signaltap_0|sld_signaltap_impl:sld_signaltap_body|sld_signaltap_implb:sld_signaltap_body|sld_ela_control:ela_control|sld_ela_basic_multi_level_trigger:\basic_multi_level_mbpm_trigger_gen:multi_level_mbpm|sld_mbpmg:\trigger_modules_gen:0:trigger_match|sld_sbpmg:\gen_sbpmg_pipeline_less_than_two:sm0:40:sm1       ; sld_sbpmg                         ; work         ;
;                      |sld_sbpmg:\gen_sbpmg_pipeline_less_than_two:sm0:4:sm1|                                                            ; 2 (2)       ; 2 (2)                     ; 0 (0)         ; 0           ; 0    ; 0            ; 0       ; 0         ; 0    ; 0            ; 0 (0)        ; 0 (0)             ; 2 (2)            ; |top|sld_signaltap:auto_signaltap_0|sld_signaltap_impl:sld_signaltap_body|sld_signaltap_implb:sld_signaltap_body|sld_ela_control:ela_control|sld_ela_basic_multi_level_trigger:\basic_multi_level_mbpm_trigger_gen:multi_level_mbpm|sld_mbpmg:\trigger_modules_gen:0:trigger_match|sld_sbpmg:\gen_sbpmg_pipeline_less_than_two:sm0:4:sm1        ; sld_sbpmg                         ; work         ;
;                      |sld_sbpmg:\gen_sbpmg_pipeline_less_than_two:sm0:5:sm1|                                                            ; 2 (2)       ; 2 (2)                     ; 0 (0)         ; 0           ; 0    ; 0            ; 0       ; 0         ; 0    ; 0            ; 0 (0)        ; 0 (0)             ; 2 (2)            ; |top|sld_signaltap:auto_signaltap_0|sld_signaltap_impl:sld_signaltap_body|sld_signaltap_implb:sld_signaltap_body|sld_ela_control:ela_control|sld_ela_basic_multi_level_trigger:\basic_multi_level_mbpm_trigger_gen:multi_level_mbpm|sld_mbpmg:\trigger_modules_gen:0:trigger_match|sld_sbpmg:\gen_sbpmg_pipeline_less_than_two:sm0:5:sm1        ; sld_sbpmg                         ; work         ;
;                      |sld_sbpmg:\gen_sbpmg_pipeline_less_than_two:sm0:6:sm1|                                                            ; 2 (2)       ; 2 (2)                     ; 0 (0)         ; 0           ; 0    ; 0            ; 0       ; 0         ; 0    ; 0            ; 0 (0)        ; 0 (0)             ; 2 (2)            ; |top|sld_signaltap:auto_signaltap_0|sld_signaltap_impl:sld_signaltap_body|sld_signaltap_implb:sld_signaltap_body|sld_ela_control:ela_control|sld_ela_basic_multi_level_trigger:\basic_multi_level_mbpm_trigger_gen:multi_level_mbpm|sld_mbpmg:\trigger_modules_gen:0:trigger_match|sld_sbpmg:\gen_sbpmg_pipeline_less_than_two:sm0:6:sm1        ; sld_sbpmg                         ; work         ;
;                      |sld_sbpmg:\gen_sbpmg_pipeline_less_than_two:sm0:7:sm1|                                                            ; 2 (2)       ; 2 (2)                     ; 0 (0)         ; 0           ; 0    ; 0            ; 0       ; 0         ; 0    ; 0            ; 0 (0)        ; 0 (0)             ; 2 (2)            ; |top|sld_signaltap:auto_signaltap_0|sld_signaltap_impl:sld_signaltap_body|sld_signaltap_implb:sld_signaltap_body|sld_ela_control:ela_control|sld_ela_basic_multi_level_trigger:\basic_multi_level_mbpm_trigger_gen:multi_level_mbpm|sld_mbpmg:\trigger_modules_gen:0:trigger_match|sld_sbpmg:\gen_sbpmg_pipeline_less_than_two:sm0:7:sm1        ; sld_sbpmg                         ; work         ;
;                      |sld_sbpmg:\gen_sbpmg_pipeline_less_than_two:sm0:8:sm1|                                                            ; 2 (2)       ; 2 (2)                     ; 0 (0)         ; 0           ; 0    ; 0            ; 0       ; 0         ; 0    ; 0            ; 0 (0)        ; 0 (0)             ; 2 (2)            ; |top|sld_signaltap:auto_signaltap_0|sld_signaltap_impl:sld_signaltap_body|sld_signaltap_implb:sld_signaltap_body|sld_ela_control:ela_control|sld_ela_basic_multi_level_trigger:\basic_multi_level_mbpm_trigger_gen:multi_level_mbpm|sld_mbpmg:\trigger_modules_gen:0:trigger_match|sld_sbpmg:\gen_sbpmg_pipeline_less_than_two:sm0:8:sm1        ; sld_sbpmg                         ; work         ;
;                      |sld_sbpmg:\gen_sbpmg_pipeline_less_than_two:sm0:9:sm1|                                                            ; 2 (2)       ; 2 (2)                     ; 0 (0)         ; 0           ; 0    ; 0            ; 0       ; 0         ; 0    ; 0            ; 0 (0)        ; 0 (0)             ; 2 (2)            ; |top|sld_signaltap:auto_signaltap_0|sld_signaltap_impl:sld_signaltap_body|sld_signaltap_implb:sld_signaltap_body|sld_ela_control:ela_control|sld_ela_basic_multi_level_trigger:\basic_multi_level_mbpm_trigger_gen:multi_level_mbpm|sld_mbpmg:\trigger_modules_gen:0:trigger_match|sld_sbpmg:\gen_sbpmg_pipeline_less_than_two:sm0:9:sm1        ; sld_sbpmg                         ; work         ;
;                |sld_ela_trigger_flow_mgr:\builtin:ela_trigger_flow_mgr_entity|                                                          ; 24 (14)     ; 11 (1)                    ; 0 (0)         ; 0           ; 0    ; 0            ; 0       ; 0         ; 0    ; 0            ; 12 (12)      ; 10 (0)            ; 2 (2)            ; |top|sld_signaltap:auto_signaltap_0|sld_signaltap_impl:sld_signaltap_body|sld_signaltap_implb:sld_signaltap_body|sld_ela_control:ela_control|sld_ela_trigger_flow_mgr:\builtin:ela_trigger_flow_mgr_entity                                                                                                                                      ; sld_ela_trigger_flow_mgr          ; work         ;
;                   |lpm_shiftreg:trigger_config_deserialize|                                                                             ; 10 (10)     ; 10 (10)                   ; 0 (0)         ; 0           ; 0    ; 0            ; 0       ; 0         ; 0    ; 0            ; 0 (0)        ; 10 (10)           ; 0 (0)            ; |top|sld_signaltap:auto_signaltap_0|sld_signaltap_impl:sld_signaltap_body|sld_signaltap_implb:sld_signaltap_body|sld_ela_control:ela_control|sld_ela_trigger_flow_mgr:\builtin:ela_trigger_flow_mgr_entity|lpm_shiftreg:trigger_config_deserialize                                                                                              ; lpm_shiftreg                      ; work         ;
;             |sld_offload_buffer_mgr:\stp_non_zero_depth_offload_gen:stp_offload_buff_mgr_inst|                                          ; 129 (10)    ; 110 (0)                   ; 0 (0)         ; 0           ; 0    ; 0            ; 0       ; 0         ; 0    ; 0            ; 17 (10)      ; 2 (0)             ; 110 (0)          ; |top|sld_signaltap:auto_signaltap_0|sld_signaltap_impl:sld_signaltap_body|sld_signaltap_implb:sld_signaltap_body|sld_offload_buffer_mgr:\stp_non_zero_depth_offload_gen:stp_offload_buff_mgr_inst                                                                                                                                               ; sld_offload_buffer_mgr            ; work         ;
;                |lpm_counter:\adv_point_3_and_more:advance_pointer_counter|                                                              ; 8 (0)       ; 6 (0)                     ; 0 (0)         ; 0           ; 0    ; 0            ; 0       ; 0         ; 0    ; 0            ; 2 (0)        ; 0 (0)             ; 6 (0)            ; |top|sld_signaltap:auto_signaltap_0|sld_signaltap_impl:sld_signaltap_body|sld_signaltap_implb:sld_signaltap_body|sld_offload_buffer_mgr:\stp_non_zero_depth_offload_gen:stp_offload_buff_mgr_inst|lpm_counter:\adv_point_3_and_more:advance_pointer_counter                                                                                     ; lpm_counter                       ; work         ;
;                   |cntr_ogi:auto_generated|                                                                                             ; 8 (8)       ; 6 (6)                     ; 0 (0)         ; 0           ; 0    ; 0            ; 0       ; 0         ; 0    ; 0            ; 2 (2)        ; 0 (0)             ; 6 (6)            ; |top|sld_signaltap:auto_signaltap_0|sld_signaltap_impl:sld_signaltap_body|sld_signaltap_implb:sld_signaltap_body|sld_offload_buffer_mgr:\stp_non_zero_depth_offload_gen:stp_offload_buff_mgr_inst|lpm_counter:\adv_point_3_and_more:advance_pointer_counter|cntr_ogi:auto_generated                                                             ; cntr_ogi                          ; work         ;
;                |lpm_counter:read_pointer_counter|                                                                                       ; 11 (0)      ; 11 (0)                    ; 0 (0)         ; 0           ; 0    ; 0            ; 0       ; 0         ; 0    ; 0            ; 0 (0)        ; 0 (0)             ; 11 (0)           ; |top|sld_signaltap:auto_signaltap_0|sld_signaltap_impl:sld_signaltap_body|sld_signaltap_implb:sld_signaltap_body|sld_offload_buffer_mgr:\stp_non_zero_depth_offload_gen:stp_offload_buff_mgr_inst|lpm_counter:read_pointer_counter                                                                                                              ; lpm_counter                       ; work         ;
;                   |cntr_99j:auto_generated|                                                                                             ; 11 (11)     ; 11 (11)                   ; 0 (0)         ; 0           ; 0    ; 0            ; 0       ; 0         ; 0    ; 0            ; 0 (0)        ; 0 (0)             ; 11 (11)          ; |top|sld_signaltap:auto_signaltap_0|sld_signaltap_impl:sld_signaltap_body|sld_signaltap_implb:sld_signaltap_body|sld_offload_buffer_mgr:\stp_non_zero_depth_offload_gen:stp_offload_buff_mgr_inst|lpm_counter:read_pointer_counter|cntr_99j:auto_generated                                                                                      ; cntr_99j                          ; work         ;
;                |lpm_counter:status_advance_pointer_counter|                                                                             ; 7 (0)       ; 5 (0)                     ; 0 (0)         ; 0           ; 0    ; 0            ; 0       ; 0         ; 0    ; 0            ; 2 (0)        ; 0 (0)             ; 5 (0)            ; |top|sld_signaltap:auto_signaltap_0|sld_signaltap_impl:sld_signaltap_body|sld_signaltap_implb:sld_signaltap_body|sld_offload_buffer_mgr:\stp_non_zero_depth_offload_gen:stp_offload_buff_mgr_inst|lpm_counter:status_advance_pointer_counter                                                                                                    ; lpm_counter                       ; work         ;
;                   |cntr_7gi:auto_generated|                                                                                             ; 7 (7)       ; 5 (5)                     ; 0 (0)         ; 0           ; 0    ; 0            ; 0       ; 0         ; 0    ; 0            ; 2 (2)        ; 0 (0)             ; 5 (5)            ; |top|sld_signaltap:auto_signaltap_0|sld_signaltap_impl:sld_signaltap_body|sld_signaltap_implb:sld_signaltap_body|sld_offload_buffer_mgr:\stp_non_zero_depth_offload_gen:stp_offload_buff_mgr_inst|lpm_counter:status_advance_pointer_counter|cntr_7gi:auto_generated                                                                            ; cntr_7gi                          ; work         ;
;                |lpm_counter:status_read_pointer_counter|                                                                                ; 4 (0)       ; 1 (0)                     ; 0 (0)         ; 0           ; 0    ; 0            ; 0       ; 0         ; 0    ; 0            ; 3 (0)        ; 0 (0)             ; 1 (0)            ; |top|sld_signaltap:auto_signaltap_0|sld_signaltap_impl:sld_signaltap_body|sld_signaltap_implb:sld_signaltap_body|sld_offload_buffer_mgr:\stp_non_zero_depth_offload_gen:stp_offload_buff_mgr_inst|lpm_counter:status_read_pointer_counter                                                                                                       ; lpm_counter                       ; work         ;
;                   |cntr_r2j:auto_generated|                                                                                             ; 4 (4)       ; 1 (1)                     ; 0 (0)         ; 0           ; 0    ; 0            ; 0       ; 0         ; 0    ; 0            ; 3 (3)        ; 0 (0)             ; 1 (1)            ; |top|sld_signaltap:auto_signaltap_0|sld_signaltap_impl:sld_signaltap_body|sld_signaltap_implb:sld_signaltap_body|sld_offload_buffer_mgr:\stp_non_zero_depth_offload_gen:stp_offload_buff_mgr_inst|lpm_counter:status_read_pointer_counter|cntr_r2j:auto_generated                                                                               ; cntr_r2j                          ; work         ;
;                |lpm_shiftreg:info_data_shift_out|                                                                                       ; 25 (25)     ; 23 (23)                   ; 0 (0)         ; 0           ; 0    ; 0            ; 0       ; 0         ; 0    ; 0            ; 0 (0)        ; 2 (2)             ; 23 (23)          ; |top|sld_signaltap:auto_signaltap_0|sld_signaltap_impl:sld_signaltap_body|sld_signaltap_implb:sld_signaltap_body|sld_offload_buffer_mgr:\stp_non_zero_depth_offload_gen:stp_offload_buff_mgr_inst|lpm_shiftreg:info_data_shift_out                                                                                                              ; lpm_shiftreg                      ; work         ;
;                |lpm_shiftreg:ram_data_shift_out|                                                                                        ; 41 (41)     ; 41 (41)                   ; 0 (0)         ; 0           ; 0    ; 0            ; 0       ; 0         ; 0    ; 0            ; 0 (0)        ; 0 (0)             ; 41 (41)          ; |top|sld_signaltap:auto_signaltap_0|sld_signaltap_impl:sld_signaltap_body|sld_signaltap_implb:sld_signaltap_body|sld_offload_buffer_mgr:\stp_non_zero_depth_offload_gen:stp_offload_buff_mgr_inst|lpm_shiftreg:ram_data_shift_out                                                                                                               ; lpm_shiftreg                      ; work         ;
;                |lpm_shiftreg:status_data_shift_out|                                                                                     ; 23 (23)     ; 23 (23)                   ; 0 (0)         ; 0           ; 0    ; 0            ; 0       ; 0         ; 0    ; 0            ; 0 (0)        ; 0 (0)             ; 23 (23)          ; |top|sld_signaltap:auto_signaltap_0|sld_signaltap_impl:sld_signaltap_body|sld_signaltap_implb:sld_signaltap_body|sld_offload_buffer_mgr:\stp_non_zero_depth_offload_gen:stp_offload_buff_mgr_inst|lpm_shiftreg:status_data_shift_out                                                                                                            ; lpm_shiftreg                      ; work         ;
;             |sld_rom_sr:crc_rom_sr|                                                                                                     ; 31 (31)     ; 8 (8)                     ; 0 (0)         ; 0           ; 0    ; 0            ; 0       ; 0         ; 0    ; 0            ; 23 (23)      ; 0 (0)             ; 8 (8)            ; |top|sld_signaltap:auto_signaltap_0|sld_signaltap_impl:sld_signaltap_body|sld_signaltap_implb:sld_signaltap_body|sld_rom_sr:crc_rom_sr                                                                                                                                                                                                          ; sld_rom_sr                        ; work         ;
;    |sys_pll:sys_pll_m0|                                                                                                                 ; 0 (0)       ; 0 (0)                     ; 0 (0)         ; 0           ; 0    ; 0            ; 0       ; 0         ; 0    ; 0            ; 0 (0)        ; 0 (0)             ; 0 (0)            ; |top|sys_pll:sys_pll_m0                                                                                                                                                                                                                                                                                                                         ; sys_pll                           ; work         ;
;       |altpll:altpll_component|                                                                                                         ; 0 (0)       ; 0 (0)                     ; 0 (0)         ; 0           ; 0    ; 0            ; 0       ; 0         ; 0    ; 0            ; 0 (0)        ; 0 (0)             ; 0 (0)            ; |top|sys_pll:sys_pll_m0|altpll:altpll_component                                                                                                                                                                                                                                                                                                 ; altpll                            ; work         ;
;          |sys_pll_altpll:auto_generated|                                                                                                ; 0 (0)       ; 0 (0)                     ; 0 (0)         ; 0           ; 0    ; 0            ; 0       ; 0         ; 0    ; 0            ; 0 (0)        ; 0 (0)             ; 0 (0)            ; |top|sys_pll:sys_pll_m0|altpll:altpll_component|sys_pll_altpll:auto_generated                                                                                                                                                                                                                                                                   ; sys_pll_altpll                    ; work         ;
;    |sys_state_ctrl:sys_state_ctrl_m0|                                                                                                   ; 216 (58)    ; 75 (3)                    ; 0 (0)         ; 0           ; 0    ; 0            ; 0       ; 0         ; 0    ; 0            ; 108 (22)     ; 5 (0)             ; 103 (36)         ; |top|sys_state_ctrl:sys_state_ctrl_m0                                                                                                                                                                                                                                                                                                           ; sys_state_ctrl                    ; work         ;
;       |ax_debounce:ax_debounce_m1|                                                                                                      ; 80 (80)     ; 37 (37)                   ; 0 (0)         ; 0           ; 0    ; 0            ; 0       ; 0         ; 0    ; 0            ; 43 (43)      ; 3 (3)             ; 34 (34)          ; |top|sys_state_ctrl:sys_state_ctrl_m0|ax_debounce:ax_debounce_m1                                                                                                                                                                                                                                                                                ; ax_debounce                       ; work         ;
;       |ax_debounce:ax_debounce_m2|                                                                                                      ; 78 (78)     ; 35 (35)                   ; 0 (0)         ; 0           ; 0    ; 0            ; 0       ; 0         ; 0    ; 0            ; 43 (43)      ; 2 (2)             ; 33 (33)          ; |top|sys_state_ctrl:sys_state_ctrl_m0|ax_debounce:ax_debounce_m2                                                                                                                                                                                                                                                                                ; ax_debounce                       ; work         ;
;    |video_pll:video_pll_m0|                                                                                                             ; 0 (0)       ; 0 (0)                     ; 0 (0)         ; 0           ; 0    ; 0            ; 0       ; 0         ; 0    ; 0            ; 0 (0)        ; 0 (0)             ; 0 (0)            ; |top|video_pll:video_pll_m0                                                                                                                                                                                                                                                                                                                     ; video_pll                         ; work         ;
;       |altpll:altpll_component|                                                                                                         ; 0 (0)       ; 0 (0)                     ; 0 (0)         ; 0           ; 0    ; 0            ; 0       ; 0         ; 0    ; 0            ; 0 (0)        ; 0 (0)             ; 0 (0)            ; |top|video_pll:video_pll_m0|altpll:altpll_component                                                                                                                                                                                                                                                                                             ; altpll                            ; work         ;
;          |video_pll_altpll:auto_generated|                                                                                              ; 0 (0)       ; 0 (0)                     ; 0 (0)         ; 0           ; 0    ; 0            ; 0       ; 0         ; 0    ; 0            ; 0 (0)        ; 0 (0)             ; 0 (0)            ; |top|video_pll:video_pll_m0|altpll:altpll_component|video_pll_altpll:auto_generated                                                                                                                                                                                                                                                             ; video_pll_altpll                  ; work         ;
;    |video_timing_data:video_timing_data_m0|                                                                                             ; 73 (22)     ; 53 (22)                   ; 0 (0)         ; 0           ; 0    ; 0            ; 0       ; 0         ; 0    ; 0            ; 20 (0)       ; 6 (5)             ; 47 (17)          ; |top|video_timing_data:video_timing_data_m0                                                                                                                                                                                                                                                                                                     ; video_timing_data                 ; work         ;
;       |color_bar:color_bar_m0|                                                                                                          ; 51 (51)     ; 31 (31)                   ; 0 (0)         ; 0           ; 0    ; 0            ; 0       ; 0         ; 0    ; 0            ; 20 (20)      ; 1 (1)             ; 30 (30)          ; |top|video_timing_data:video_timing_data_m0|color_bar:color_bar_m0                                                                                                                                                                                                                                                                              ; color_bar                         ; work         ;
+-----------------------------------------------------------------------------------------------------------------------------------------+-------------+---------------------------+---------------+-------------+------+--------------+---------+-----------+------+--------------+--------------+-------------------+------------------+-------------------------------------------------------------------------------------------------------------------------------------------------------------------------------------------------------------------------------------------------------------------------------------------------------------------------------------------------+-----------------------------------+--------------+
Note: For table entries with two numbers listed, the numbers in parentheses indicate the number of resources of the given type used by the specific entity alone. The numbers listed outside of parentheses indicate the total resources of the given type used by the specific entity and all of its sub-entities in the hierarchy.


+------------------------------------------------------------------------------------------------+
; Delay Chain Summary                                                                            ;
+----------------+----------+---------------+---------------+-----------------------+-----+------+
; Name           ; Pin Type ; Pad to Core 0 ; Pad to Core 1 ; Pad to Input Register ; TCO ; TCOE ;
+----------------+----------+---------------+---------------+-----------------------+-----+------+
; seg_sel[0]     ; Output   ; --            ; --            ; --                    ; --  ; --   ;
; seg_sel[1]     ; Output   ; --            ; --            ; --                    ; --  ; --   ;
; seg_sel[2]     ; Output   ; --            ; --            ; --                    ; --  ; --   ;
; seg_sel[3]     ; Output   ; --            ; --            ; --                    ; --  ; --   ;
; seg_sel[4]     ; Output   ; --            ; --            ; --                    ; --  ; --   ;
; seg_sel[5]     ; Output   ; --            ; --            ; --                    ; --  ; --   ;
; seg_data[0]    ; Output   ; --            ; --            ; --                    ; --  ; --   ;
; seg_data[1]    ; Output   ; --            ; --            ; --                    ; --  ; --   ;
; seg_data[2]    ; Output   ; --            ; --            ; --                    ; --  ; --   ;
; seg_data[3]    ; Output   ; --            ; --            ; --                    ; --  ; --   ;
; seg_data[4]    ; Output   ; --            ; --            ; --                    ; --  ; --   ;
; seg_data[5]    ; Output   ; --            ; --            ; --                    ; --  ; --   ;
; seg_data[6]    ; Output   ; --            ; --            ; --                    ; --  ; --   ;
; seg_data[7]    ; Output   ; --            ; --            ; --                    ; --  ; --   ;
; vga_out_hs     ; Output   ; --            ; --            ; --                    ; --  ; --   ;
; vga_out_vs     ; Output   ; --            ; --            ; --                    ; --  ; --   ;
; vga_out_r[0]   ; Output   ; --            ; --            ; --                    ; --  ; --   ;
; vga_out_r[1]   ; Output   ; --            ; --            ; --                    ; --  ; --   ;
; vga_out_r[2]   ; Output   ; --            ; --            ; --                    ; --  ; --   ;
; vga_out_r[3]   ; Output   ; --            ; --            ; --                    ; --  ; --   ;
; vga_out_r[4]   ; Output   ; --            ; --            ; --                    ; --  ; --   ;
; vga_out_g[0]   ; Output   ; --            ; --            ; --                    ; --  ; --   ;
; vga_out_g[1]   ; Output   ; --            ; --            ; --                    ; --  ; --   ;
; vga_out_g[2]   ; Output   ; --            ; --            ; --                    ; --  ; --   ;
; vga_out_g[3]   ; Output   ; --            ; --            ; --                    ; --  ; --   ;
; vga_out_g[4]   ; Output   ; --            ; --            ; --                    ; --  ; --   ;
; vga_out_g[5]   ; Output   ; --            ; --            ; --                    ; --  ; --   ;
; vga_out_b[0]   ; Output   ; --            ; --            ; --                    ; --  ; --   ;
; vga_out_b[1]   ; Output   ; --            ; --            ; --                    ; --  ; --   ;
; vga_out_b[2]   ; Output   ; --            ; --            ; --                    ; --  ; --   ;
; vga_out_b[3]   ; Output   ; --            ; --            ; --                    ; --  ; --   ;
; vga_out_b[4]   ; Output   ; --            ; --            ; --                    ; --  ; --   ;
; sd_ncs         ; Output   ; --            ; --            ; --                    ; --  ; --   ;
; sd_dclk        ; Output   ; --            ; --            ; --                    ; --  ; --   ;
; sd_mosi        ; Output   ; --            ; --            ; --                    ; --  ; --   ;
; sdram_clk      ; Output   ; --            ; --            ; --                    ; --  ; --   ;
; sdram_cke      ; Output   ; --            ; --            ; --                    ; --  ; --   ;
; sdram_cs_n     ; Output   ; --            ; --            ; --                    ; --  ; --   ;
; sdram_we_n     ; Output   ; --            ; --            ; --                    ; --  ; --   ;
; sdram_cas_n    ; Output   ; --            ; --            ; --                    ; --  ; --   ;
; sdram_ras_n    ; Output   ; --            ; --            ; --                    ; --  ; --   ;
; sdram_dqm[0]   ; Output   ; --            ; --            ; --                    ; --  ; --   ;
; sdram_dqm[1]   ; Output   ; --            ; --            ; --                    ; --  ; --   ;
; sdram_ba[0]    ; Output   ; --            ; --            ; --                    ; --  ; --   ;
; sdram_ba[1]    ; Output   ; --            ; --            ; --                    ; --  ; --   ;
; sdram_addr[0]  ; Output   ; --            ; --            ; --                    ; --  ; --   ;
; sdram_addr[1]  ; Output   ; --            ; --            ; --                    ; --  ; --   ;
; sdram_addr[2]  ; Output   ; --            ; --            ; --                    ; --  ; --   ;
; sdram_addr[3]  ; Output   ; --            ; --            ; --                    ; --  ; --   ;
; sdram_addr[4]  ; Output   ; --            ; --            ; --                    ; --  ; --   ;
; sdram_addr[5]  ; Output   ; --            ; --            ; --                    ; --  ; --   ;
; sdram_addr[6]  ; Output   ; --            ; --            ; --                    ; --  ; --   ;
; sdram_addr[7]  ; Output   ; --            ; --            ; --                    ; --  ; --   ;
; sdram_addr[8]  ; Output   ; --            ; --            ; --                    ; --  ; --   ;
; sdram_addr[9]  ; Output   ; --            ; --            ; --                    ; --  ; --   ;
; sdram_addr[10] ; Output   ; --            ; --            ; --                    ; --  ; --   ;
; sdram_addr[11] ; Output   ; --            ; --            ; --                    ; --  ; --   ;
; sdram_addr[12] ; Output   ; --            ; --            ; --                    ; --  ; --   ;
; flash_cs_n     ; Output   ; --            ; --            ; --                    ; --  ; --   ;
; flash_sck      ; Output   ; --            ; --            ; --                    ; --  ; --   ;
; sdram_dq[0]    ; Bidir    ; --            ; (6) 1314 ps   ; --                    ; --  ; --   ;
; sdram_dq[1]    ; Bidir    ; --            ; (6) 1314 ps   ; --                    ; --  ; --   ;
; sdram_dq[2]    ; Bidir    ; (6) 1314 ps   ; --            ; --                    ; --  ; --   ;
; sdram_dq[3]    ; Bidir    ; --            ; (6) 1314 ps   ; --                    ; --  ; --   ;
; sdram_dq[4]    ; Bidir    ; (6) 1314 ps   ; --            ; --                    ; --  ; --   ;
; sdram_dq[5]    ; Bidir    ; --            ; (6) 1314 ps   ; --                    ; --  ; --   ;
; sdram_dq[6]    ; Bidir    ; --            ; (6) 1314 ps   ; --                    ; --  ; --   ;
; sdram_dq[7]    ; Bidir    ; --            ; (6) 1314 ps   ; --                    ; --  ; --   ;
; sdram_dq[8]    ; Bidir    ; (6) 1314 ps   ; --            ; --                    ; --  ; --   ;
; sdram_dq[9]    ; Bidir    ; (6) 1314 ps   ; --            ; --                    ; --  ; --   ;
; sdram_dq[10]   ; Bidir    ; (6) 1314 ps   ; --            ; --                    ; --  ; --   ;
; sdram_dq[11]   ; Bidir    ; --            ; (6) 1314 ps   ; --                    ; --  ; --   ;
; sdram_dq[12]   ; Bidir    ; (6) 1314 ps   ; --            ; --                    ; --  ; --   ;
; sdram_dq[13]   ; Bidir    ; (6) 1314 ps   ; --            ; --                    ; --  ; --   ;
; sdram_dq[14]   ; Bidir    ; (6) 1314 ps   ; --            ; --                    ; --  ; --   ;
; sdram_dq[15]   ; Bidir    ; --            ; (6) 1314 ps   ; --                    ; --  ; --   ;
; flash_qspi_IO0 ; Bidir    ; (6) 1314 ps   ; --            ; --                    ; --  ; --   ;
; flash_qspi_IO1 ; Bidir    ; (6) 1314 ps   ; --            ; --                    ; --  ; --   ;
; flash_qspi_IO2 ; Bidir    ; (6) 1314 ps   ; --            ; --                    ; --  ; --   ;
; flash_qspi_IO3 ; Bidir    ; (6) 1314 ps   ; --            ; --                    ; --  ; --   ;
; clk            ; Input    ; (0) 0 ps      ; --            ; --                    ; --  ; --   ;
; rst_n          ; Input    ; (0) 0 ps      ; --            ; --                    ; --  ; --   ;
; sd_miso        ; Input    ; (6) 1314 ps   ; --            ; --                    ; --  ; --   ;
; switch1        ; Input    ; (0) 0 ps      ; --            ; --                    ; --  ; --   ;
; key2           ; Input    ; (0) 0 ps      ; --            ; --                    ; --  ; --   ;
; key1           ; Input    ; --            ; (6) 1314 ps   ; --                    ; --  ; --   ;
+----------------+----------+---------------+---------------+-----------------------+-----+------+


+-----------------------------------------------------------------------------------------------------------------------------------+
; Pad To Core Delay Chain Fanout                                                                                                    ;
+-----------------------------------------------------------------------------------------------------+-------------------+---------+
; Source Pin / Fanout                                                                                 ; Pad To Core Index ; Setting ;
+-----------------------------------------------------------------------------------------------------+-------------------+---------+
; sdram_dq[0]                                                                                         ;                   ;         ;
;      - sdram_core:sdram_core_m0|sdr_dq_in[0]                                                        ; 1                 ; 6       ;
; sdram_dq[1]                                                                                         ;                   ;         ;
;      - sdram_core:sdram_core_m0|sdr_dq_in[1]                                                        ; 1                 ; 6       ;
; sdram_dq[2]                                                                                         ;                   ;         ;
;      - sdram_core:sdram_core_m0|sdr_dq_in[2]                                                        ; 0                 ; 6       ;
; sdram_dq[3]                                                                                         ;                   ;         ;
;      - sdram_core:sdram_core_m0|sdr_dq_in[3]                                                        ; 1                 ; 6       ;
; sdram_dq[4]                                                                                         ;                   ;         ;
;      - sdram_core:sdram_core_m0|sdr_dq_in[4]                                                        ; 0                 ; 6       ;
; sdram_dq[5]                                                                                         ;                   ;         ;
;      - sdram_core:sdram_core_m0|sdr_dq_in[5]                                                        ; 1                 ; 6       ;
; sdram_dq[6]                                                                                         ;                   ;         ;
;      - sdram_core:sdram_core_m0|sdr_dq_in[6]                                                        ; 1                 ; 6       ;
; sdram_dq[7]                                                                                         ;                   ;         ;
;      - sdram_core:sdram_core_m0|sdr_dq_in[7]                                                        ; 1                 ; 6       ;
; sdram_dq[8]                                                                                         ;                   ;         ;
;      - sdram_core:sdram_core_m0|sdr_dq_in[8]                                                        ; 0                 ; 6       ;
; sdram_dq[9]                                                                                         ;                   ;         ;
;      - sdram_core:sdram_core_m0|sdr_dq_in[9]                                                        ; 0                 ; 6       ;
; sdram_dq[10]                                                                                        ;                   ;         ;
;      - sdram_core:sdram_core_m0|sdr_dq_in[10]                                                       ; 0                 ; 6       ;
; sdram_dq[11]                                                                                        ;                   ;         ;
;      - sdram_core:sdram_core_m0|sdr_dq_in[11]                                                       ; 1                 ; 6       ;
; sdram_dq[12]                                                                                        ;                   ;         ;
;      - sdram_core:sdram_core_m0|sdr_dq_in[12]                                                       ; 0                 ; 6       ;
; sdram_dq[13]                                                                                        ;                   ;         ;
;      - sdram_core:sdram_core_m0|sdr_dq_in[13]                                                       ; 0                 ; 6       ;
; sdram_dq[14]                                                                                        ;                   ;         ;
;      - sdram_core:sdram_core_m0|sdr_dq_in[14]                                                       ; 0                 ; 6       ;
; sdram_dq[15]                                                                                        ;                   ;         ;
;      - sdram_core:sdram_core_m0|sdr_dq_in[15]                                                       ; 1                 ; 6       ;
; flash_qspi_IO0                                                                                      ;                   ;         ;
;      - flash_write_read:flash_write_read_m0|Qspi_master:Qspi_master_m0|rd_reg~8                     ; 0                 ; 6       ;
;      - sld_signaltap:auto_signaltap_0|acq_data_in_reg[2]                                            ; 0                 ; 6       ;
;      - sld_signaltap:auto_signaltap_0|acq_trigger_in_reg[2]~feeder                                  ; 0                 ; 6       ;
; flash_qspi_IO1                                                                                      ;                   ;         ;
;      - flash_write_read:flash_write_read_m0|Qspi_master:Qspi_master_m0|rd_reg~8                     ; 0                 ; 6       ;
;      - flash_write_read:flash_write_read_m0|Qspi_master:Qspi_master_m0|rd_reg~10                    ; 0                 ; 6       ;
;      - sld_signaltap:auto_signaltap_0|acq_trigger_in_reg[3]                                         ; 0                 ; 6       ;
;      - sld_signaltap:auto_signaltap_0|acq_data_in_reg[3]~feeder                                     ; 0                 ; 6       ;
; flash_qspi_IO2                                                                                      ;                   ;         ;
;      - flash_write_read:flash_write_read_m0|Qspi_master:Qspi_master_m0|rd_reg~11                    ; 0                 ; 6       ;
;      - sld_signaltap:auto_signaltap_0|acq_data_in_reg[4]~feeder                                     ; 0                 ; 6       ;
;      - sld_signaltap:auto_signaltap_0|acq_trigger_in_reg[4]~feeder                                  ; 0                 ; 6       ;
; flash_qspi_IO3                                                                                      ;                   ;         ;
;      - flash_write_read:flash_write_read_m0|Qspi_master:Qspi_master_m0|rd_reg~12                    ; 0                 ; 6       ;
;      - sld_signaltap:auto_signaltap_0|acq_trigger_in_reg[5]                                         ; 0                 ; 6       ;
;      - sld_signaltap:auto_signaltap_0|acq_data_in_reg[5]~feeder                                     ; 0                 ; 6       ;
; clk                                                                                                 ;                   ;         ;
; rst_n                                                                                               ;                   ;         ;
; sd_miso                                                                                             ;                   ;         ;
;      - sd_card_bmp:sd_card_bmp_m0|sd_card_top:sd_card_top_m0|spi_master:spi_master_m0|MISO_shift~13 ; 0                 ; 6       ;
; switch1                                                                                             ;                   ;         ;
; key2                                                                                                ;                   ;         ;
; key1                                                                                                ;                   ;         ;
;      - sd_card_bmp:sd_card_bmp_m0|ax_debounce:ax_debounce_m0|DFF1                                   ; 1                 ; 6       ;
+-----------------------------------------------------------------------------------------------------+-------------------+---------+


+-------------------------------------------------------------------------------------------------------------------------------------------------------------------------------------------------------------------------------------------------------------------------------------------------------------------------------------------------------------------------------------------------------------------------------------------------------------------------------------------------------------------+
; Control Signals                                                                                                                                                                                                                                                                                                                                                                                                                                                                                                   ;
+-------------------------------------------------------------------------------------------------------------------------------------------------------------------------------------------------------------------------------------------------------------------------------------------------------------------------------------------------------------+--------------------+---------+---------------------------------------+--------+----------------------+------------------+---------------------------+
; Name                                                                                                                                                                                                                                                                                                                                                        ; Location           ; Fan-Out ; Usage                                 ; Global ; Global Resource Used ; Global Line Name ; Enable Signal Source Name ;
+-------------------------------------------------------------------------------------------------------------------------------------------------------------------------------------------------------------------------------------------------------------------------------------------------------------------------------------------------------------+--------------------+---------+---------------------------------------+--------+----------------------+------------------+---------------------------+
; altera_internal_jtag~TCKUTAP                                                                                                                                                                                                                                                                                                                                ; JTAG_X1_Y12_N0     ; 472     ; Clock                                 ; yes    ; Global Clock         ; GCLK4            ; --                        ;
; altera_internal_jtag~TMSUTAP                                                                                                                                                                                                                                                                                                                                ; JTAG_X1_Y12_N0     ; 23      ; Sync. clear                           ; no     ; --                   ; --               ; --                        ;
; clk                                                                                                                                                                                                                                                                                                                                                         ; PIN_E15            ; 2       ; Clock                                 ; no     ; --                   ; --               ; --                        ;
; clk                                                                                                                                                                                                                                                                                                                                                         ; PIN_E15            ; 50      ; Clock                                 ; yes    ; Global Clock         ; GCLK5            ; --                        ;
; comb~0                                                                                                                                                                                                                                                                                                                                                      ; LCCOMB_X14_Y9_N30  ; 3       ; Clock enable                          ; no     ; --                   ; --               ; --                        ;
; comb~0                                                                                                                                                                                                                                                                                                                                                      ; LCCOMB_X14_Y9_N30  ; 51      ; Async. clear                          ; yes    ; Global Clock         ; GCLK2            ; --                        ;
; comb~1                                                                                                                                                                                                                                                                                                                                                      ; LCCOMB_X1_Y11_N22  ; 391     ; Async. clear                          ; yes    ; Global Clock         ; GCLK1            ; --                        ;
; flash_write_read:flash_write_read_m0|Qspi_master:Qspi_master_m0|clk_cnt[10]~48                                                                                                                                                                                                                                                                              ; LCCOMB_X23_Y8_N28  ; 16      ; Sync. clear                           ; no     ; --                   ; --               ; --                        ;
; flash_write_read:flash_write_read_m0|Qspi_master:Qspi_master_m0|clk_edge_cnt[1]~13                                                                                                                                                                                                                                                                          ; LCCOMB_X25_Y8_N8   ; 5       ; Sync. load                            ; no     ; --                   ; --               ; --                        ;
; flash_write_read:flash_write_read_m0|Qspi_master:Qspi_master_m0|clk_edge_cnt[1]~14                                                                                                                                                                                                                                                                          ; LCCOMB_X25_Y8_N4   ; 5       ; Clock enable                          ; no     ; --                   ; --               ; --                        ;
; flash_write_read:flash_write_read_m0|Qspi_master:Qspi_master_m0|next_state.ACK_1~0                                                                                                                                                                                                                                                                          ; LCCOMB_X26_Y8_N14  ; 13      ; Sync. load                            ; no     ; --                   ; --               ; --                        ;
; flash_write_read:flash_write_read_m0|Qspi_master:Qspi_master_m0|qspi_IO3~1                                                                                                                                                                                                                                                                                  ; LCCOMB_X28_Y7_N10  ; 3       ; Output enable                         ; no     ; --                   ; --               ; --                        ;
; flash_write_read:flash_write_read_m0|Qspi_master:Qspi_master_m0|quad_cnt[2]~14                                                                                                                                                                                                                                                                              ; LCCOMB_X24_Y8_N24  ; 5       ; Sync. load                            ; no     ; --                   ; --               ; --                        ;
; flash_write_read:flash_write_read_m0|Qspi_master:Qspi_master_m0|quad_cnt[2]~15                                                                                                                                                                                                                                                                              ; LCCOMB_X24_Y8_N2   ; 5       ; Clock enable                          ; no     ; --                   ; --               ; --                        ;
; flash_write_read:flash_write_read_m0|Qspi_master:Qspi_master_m0|rd_reg~9                                                                                                                                                                                                                                                                                    ; LCCOMB_X25_Y8_N0   ; 8       ; Clock enable                          ; no     ; --                   ; --               ; --                        ;
; flash_write_read:flash_write_read_m0|Qspi_master:Qspi_master_m0|state.DCLK_EDGE                                                                                                                                                                                                                                                                             ; FF_X26_Y8_N21      ; 20      ; Sync. load                            ; no     ; --                   ; --               ; --                        ;
; flash_write_read:flash_write_read_m0|Qspi_master:Qspi_master_m0|wr_en_d1                                                                                                                                                                                                                                                                                    ; FF_X23_Y7_N5       ; 2       ; Output enable                         ; no     ; --                   ; --               ; --                        ;
; flash_write_read:flash_write_read_m0|Qspi_master:Qspi_master_m0|wr_reg~27                                                                                                                                                                                                                                                                                   ; LCCOMB_X26_Y8_N10  ; 4       ; Clock enable                          ; no     ; --                   ; --               ; --                        ;
; flash_write_read:flash_write_read_m0|flash_cmd:flash_cmd_m0|READ_cnt~25                                                                                                                                                                                                                                                                                     ; LCCOMB_X21_Y7_N18  ; 4       ; Clock enable                          ; no     ; --                   ; --               ; --                        ;
; flash_write_read:flash_write_read_m0|flash_cmd:flash_cmd_m0|READ_state.READ_RD                                                                                                                                                                                                                                                                              ; FF_X23_Y9_N15      ; 14      ; Sync. clear                           ; no     ; --                   ; --               ; --                        ;
; flash_write_read:flash_write_read_m0|flash_cmd:flash_cmd_m0|WRITE_cnt.0100                                                                                                                                                                                                                                                                                  ; FF_X21_Y10_N29     ; 23      ; Sync. clear                           ; no     ; --                   ; --               ; --                        ;
; flash_write_read:flash_write_read_m0|flash_cmd:flash_cmd_m0|WRITE_cnt~19                                                                                                                                                                                                                                                                                    ; LCCOMB_X21_Y10_N4  ; 2       ; Clock enable                          ; no     ; --                   ; --               ; --                        ;
; flash_write_read:flash_write_read_m0|flash_cmd:flash_cmd_m0|WRITE_state.WRITE_program_256                                                                                                                                                                                                                                                                   ; FF_X23_Y9_N31      ; 30      ; Sync. clear                           ; no     ; --                   ; --               ; --                        ;
; flash_write_read:flash_write_read_m0|flash_cmd:flash_cmd_m0|byte_cnt[9]~2                                                                                                                                                                                                                                                                                   ; LCCOMB_X21_Y8_N8   ; 10      ; Clock enable                          ; no     ; --                   ; --               ; --                        ;
; flash_write_read:flash_write_read_m0|flash_cmd:flash_cmd_m0|flash_step:flash_step_m0|data_in~8                                                                                                                                                                                                                                                              ; LCCOMB_X24_Y7_N24  ; 9       ; Clock enable                          ; no     ; --                   ; --               ; --                        ;
; flash_write_read:flash_write_read_m0|flash_cmd:flash_cmd_m0|flash_step:flash_step_m0|step.WAIT                                                                                                                                                                                                                                                              ; FF_X25_Y7_N15      ; 22      ; Sync. clear                           ; no     ; --                   ; --               ; --                        ;
; flash_write_read:flash_write_read_m0|flash_cmd:flash_cmd_m0|state.ERASE                                                                                                                                                                                                                                                                                     ; FF_X22_Y9_N9       ; 19      ; Clock enable                          ; no     ; --                   ; --               ; --                        ;
; flash_write_read:flash_write_read_m0|flash_cmd:flash_cmd_m0|state.INIT                                                                                                                                                                                                                                                                                      ; FF_X23_Y9_N19      ; 23      ; Clock enable, Sync. clear, Sync. load ; no     ; --                   ; --               ; --                        ;
; flash_write_read:flash_write_read_m0|flash_cmd:flash_cmd_m0|state.READ                                                                                                                                                                                                                                                                                      ; FF_X22_Y9_N17      ; 20      ; Clock enable, Sync. load              ; no     ; --                   ; --               ; --                        ;
; flash_write_read:flash_write_read_m0|flash_cmd:flash_cmd_m0|state.WRITE                                                                                                                                                                                                                                                                                     ; FF_X22_Y9_N23      ; 33      ; Clock enable                          ; no     ; --                   ; --               ; --                        ;
; flash_write_read:flash_write_read_m0|flash_reader:flash_reader_m0|always1~1                                                                                                                                                                                                                                                                                 ; LCCOMB_X18_Y9_N0   ; 32      ; Sync. clear                           ; no     ; --                   ; --               ; --                        ;
; flash_write_read:flash_write_read_m0|flash_reader:flash_reader_m0|len_cnt[14]~64                                                                                                                                                                                                                                                                            ; LCCOMB_X19_Y13_N16 ; 49      ; Clock enable                          ; no     ; --                   ; --               ; --                        ;
; flash_write_read:flash_write_read_m0|flash_writer:flash_writer_m0|always2~0                                                                                                                                                                                                                                                                                 ; LCCOMB_X21_Y11_N10 ; 16      ; Sync. clear                           ; no     ; --                   ; --               ; --                        ;
; flash_write_read:flash_write_read_m0|flash_writer:flash_writer_m0|always3~2                                                                                                                                                                                                                                                                                 ; LCCOMB_X21_Y11_N20 ; 32      ; Sync. clear                           ; no     ; --                   ; --               ; --                        ;
; flash_write_read:flash_write_read_m0|flash_writer:flash_writer_m0|len_cnt~90                                                                                                                                                                                                                                                                                ; LCCOMB_X18_Y10_N16 ; 49      ; Clock enable                          ; no     ; --                   ; --               ; --                        ;
; flash_write_read:flash_write_read_m0|flash_writer:flash_writer_m0|quad_write_addr~42                                                                                                                                                                                                                                                                        ; LCCOMB_X21_Y11_N0  ; 16      ; Clock enable                          ; no     ; --                   ; --               ; --                        ;
; flash_write_read:flash_write_read_m0|flash_writer:flash_writer_m0|read_en~2                                                                                                                                                                                                                                                                                 ; LCCOMB_X18_Y10_N14 ; 48      ; Sync. clear                           ; no     ; --                   ; --               ; --                        ;
; frame_read_write:frame_read_write_m0|afifo_16_256:read_buf|dcfifo:dcfifo_component|dcfifo_spl1:auto_generated|valid_rdreq~0                                                                                                                                                                                                                                 ; LCCOMB_X14_Y6_N8   ; 18      ; Clock enable                          ; no     ; --                   ; --               ; --                        ;
; frame_read_write:frame_read_write_m0|afifo_16_256:read_buf|dcfifo:dcfifo_component|dcfifo_spl1:auto_generated|valid_wrreq~0                                                                                                                                                                                                                                 ; LCCOMB_X16_Y6_N22  ; 17      ; Clock enable, Write enable            ; no     ; --                   ; --               ; --                        ;
; frame_read_write:frame_read_write_m0|afifo_16_256:write_buf|dcfifo:dcfifo_component|dcfifo_spl1:auto_generated|valid_rdreq~1                                                                                                                                                                                                                                ; LCCOMB_X16_Y5_N6   ; 18      ; Clock enable                          ; no     ; --                   ; --               ; --                        ;
; frame_read_write:frame_read_write_m0|afifo_16_256:write_buf|dcfifo:dcfifo_component|dcfifo_spl1:auto_generated|valid_wrreq~0                                                                                                                                                                                                                                ; LCCOMB_X14_Y5_N30  ; 18      ; Clock enable, Write enable            ; no     ; --                   ; --               ; --                        ;
; frame_read_write:frame_read_write_m0|frame_fifo_read:frame_fifo_read_m0|fifo_aclr                                                                                                                                                                                                                                                                           ; FF_X13_Y8_N17      ; 109     ; Async. clear                          ; no     ; --                   ; --               ; --                        ;
; frame_read_write:frame_read_write_m0|frame_fifo_read:frame_fifo_read_m0|rd_burst_addr[14]~66                                                                                                                                                                                                                                                                ; LCCOMB_X13_Y8_N0   ; 17      ; Clock enable                          ; no     ; --                   ; --               ; --                        ;
; frame_read_write:frame_read_write_m0|frame_fifo_read:frame_fifo_read_m0|state.S_ACK                                                                                                                                                                                                                                                                         ; FF_X13_Y8_N25      ; 23      ; Clock enable                          ; no     ; --                   ; --               ; --                        ;
; frame_read_write:frame_read_write_m0|frame_fifo_read:frame_fifo_read_m0|state.S_READ_BURST                                                                                                                                                                                                                                                                  ; FF_X13_Y8_N15      ; 39      ; Sync. clear, Sync. load               ; no     ; --                   ; --               ; --                        ;
; frame_read_write:frame_read_write_m0|frame_fifo_write:frame_fifo_write_m0|fifo_aclr                                                                                                                                                                                                                                                                         ; FF_X9_Y7_N21       ; 108     ; Async. clear                          ; no     ; --                   ; --               ; --                        ;
; frame_read_write:frame_read_write_m0|frame_fifo_write:frame_fifo_write_m0|state.S_ACK                                                                                                                                                                                                                                                                       ; FF_X9_Y7_N1        ; 23      ; Clock enable                          ; no     ; --                   ; --               ; --                        ;
; frame_read_write:frame_read_write_m0|frame_fifo_write:frame_fifo_write_m0|state.S_WRITE_BURST                                                                                                                                                                                                                                                               ; FF_X9_Y7_N5        ; 39      ; Sync. clear, Sync. load               ; no     ; --                   ; --               ; --                        ;
; frame_read_write:frame_read_write_m0|frame_fifo_write:frame_fifo_write_m0|wr_burst_addr[22]~66                                                                                                                                                                                                                                                              ; LCCOMB_X9_Y7_N24   ; 17      ; Clock enable                          ; no     ; --                   ; --               ; --                        ;
; frame_read_write:frame_read_write_m1|afifo_16_256:read_buf|dcfifo:dcfifo_component|dcfifo_spl1:auto_generated|valid_rdreq~1                                                                                                                                                                                                                                 ; LCCOMB_X14_Y11_N6  ; 18      ; Clock enable                          ; no     ; --                   ; --               ; --                        ;
; frame_read_write:frame_read_write_m1|afifo_16_256:read_buf|dcfifo:dcfifo_component|dcfifo_spl1:auto_generated|valid_wrreq~0                                                                                                                                                                                                                                 ; LCCOMB_X16_Y10_N0  ; 17      ; Clock enable, Write enable            ; no     ; --                   ; --               ; --                        ;
; frame_read_write:frame_read_write_m1|afifo_16_256:write_buf|dcfifo:dcfifo_component|dcfifo_spl1:auto_generated|valid_rdreq~1                                                                                                                                                                                                                                ; LCCOMB_X14_Y12_N0  ; 18      ; Clock enable                          ; no     ; --                   ; --               ; --                        ;
; frame_read_write:frame_read_write_m1|afifo_16_256:write_buf|dcfifo:dcfifo_component|dcfifo_spl1:auto_generated|valid_wrreq~0                                                                                                                                                                                                                                ; LCCOMB_X16_Y12_N8  ; 18      ; Clock enable, Write enable            ; no     ; --                   ; --               ; --                        ;
; frame_read_write:frame_read_write_m1|frame_fifo_read:frame_fifo_read_m0|fifo_aclr                                                                                                                                                                                                                                                                           ; FF_X12_Y8_N15      ; 109     ; Async. clear                          ; no     ; --                   ; --               ; --                        ;
; frame_read_write:frame_read_write_m1|frame_fifo_read:frame_fifo_read_m0|rd_burst_addr[12]~66                                                                                                                                                                                                                                                                ; LCCOMB_X12_Y8_N18  ; 17      ; Clock enable                          ; no     ; --                   ; --               ; --                        ;
; frame_read_write:frame_read_write_m1|frame_fifo_read:frame_fifo_read_m0|state.S_ACK                                                                                                                                                                                                                                                                         ; FF_X12_Y8_N21      ; 23      ; Clock enable                          ; no     ; --                   ; --               ; --                        ;
; frame_read_write:frame_read_write_m1|frame_fifo_read:frame_fifo_read_m0|state.S_READ_BURST                                                                                                                                                                                                                                                                  ; FF_X12_Y8_N11      ; 39      ; Sync. clear, Sync. load               ; no     ; --                   ; --               ; --                        ;
; frame_read_write:frame_read_write_m1|frame_fifo_write:frame_fifo_write_m0|fifo_aclr                                                                                                                                                                                                                                                                         ; FF_X10_Y9_N17      ; 106     ; Async. clear                          ; no     ; --                   ; --               ; --                        ;
; frame_read_write:frame_read_write_m1|frame_fifo_write:frame_fifo_write_m0|state.S_ACK                                                                                                                                                                                                                                                                       ; FF_X10_Y9_N15      ; 23      ; Clock enable                          ; no     ; --                   ; --               ; --                        ;
; frame_read_write:frame_read_write_m1|frame_fifo_write:frame_fifo_write_m0|state.S_WRITE_BURST                                                                                                                                                                                                                                                               ; FF_X11_Y8_N13      ; 39      ; Sync. clear, Sync. load               ; no     ; --                   ; --               ; --                        ;
; frame_read_write:frame_read_write_m1|frame_fifo_write:frame_fifo_write_m0|wr_burst_addr[22]~66                                                                                                                                                                                                                                                              ; LCCOMB_X10_Y9_N28  ; 17      ; Clock enable                          ; no     ; --                   ; --               ; --                        ;
; rst_n                                                                                                                                                                                                                                                                                                                                                       ; PIN_M1             ; 772     ; Async. clear                          ; yes    ; Global Clock         ; GCLK0            ; --                        ;
; sd_card_bmp:sd_card_bmp_m0|bmp_read:bmp_read_m0|bmp_data[10]~3                                                                                                                                                                                                                                                                                              ; LCCOMB_X13_Y1_N14  ; 6       ; Clock enable                          ; no     ; --                   ; --               ; --                        ;
; sd_card_bmp:sd_card_bmp_m0|bmp_read:bmp_read_m0|bmp_data[3]~1                                                                                                                                                                                                                                                                                               ; LCCOMB_X14_Y3_N18  ; 5       ; Clock enable                          ; no     ; --                   ; --               ; --                        ;
; sd_card_bmp:sd_card_bmp_m0|bmp_read:bmp_read_m0|bmp_data_wr_en~1                                                                                                                                                                                                                                                                                            ; LCCOMB_X13_Y1_N26  ; 6       ; Clock enable                          ; no     ; --                   ; --               ; --                        ;
; sd_card_bmp:sd_card_bmp_m0|bmp_read:bmp_read_m0|bmp_len_cnt_tmp~2                                                                                                                                                                                                                                                                                           ; LCCOMB_X13_Y1_N18  ; 2       ; Clock enable                          ; no     ; --                   ; --               ; --                        ;
; sd_card_bmp:sd_card_bmp_m0|bmp_read:bmp_read_m0|bmp_len_cnt~130                                                                                                                                                                                                                                                                                             ; LCCOMB_X12_Y4_N22  ; 32      ; Clock enable                          ; no     ; --                   ; --               ; --                        ;
; sd_card_bmp:sd_card_bmp_m0|bmp_read:bmp_read_m0|file_len[15]~5                                                                                                                                                                                                                                                                                              ; LCCOMB_X13_Y2_N2   ; 8       ; Clock enable                          ; no     ; --                   ; --               ; --                        ;
; sd_card_bmp:sd_card_bmp_m0|bmp_read:bmp_read_m0|file_len[23]~4                                                                                                                                                                                                                                                                                              ; LCCOMB_X13_Y2_N30  ; 8       ; Clock enable                          ; no     ; --                   ; --               ; --                        ;
; sd_card_bmp:sd_card_bmp_m0|bmp_read:bmp_read_m0|file_len[31]~3                                                                                                                                                                                                                                                                                              ; LCCOMB_X13_Y1_N22  ; 8       ; Clock enable                          ; no     ; --                   ; --               ; --                        ;
; sd_card_bmp:sd_card_bmp_m0|bmp_read:bmp_read_m0|file_len[7]~6                                                                                                                                                                                                                                                                                               ; LCCOMB_X13_Y2_N18  ; 8       ; Clock enable                          ; no     ; --                   ; --               ; --                        ;
; sd_card_bmp:sd_card_bmp_m0|bmp_read:bmp_read_m0|header_0[7]~0                                                                                                                                                                                                                                                                                               ; LCCOMB_X13_Y2_N4   ; 8       ; Clock enable                          ; no     ; --                   ; --               ; --                        ;
; sd_card_bmp:sd_card_bmp_m0|bmp_read:bmp_read_m0|header_1[7]~0                                                                                                                                                                                                                                                                                               ; LCCOMB_X12_Y1_N2   ; 8       ; Clock enable                          ; no     ; --                   ; --               ; --                        ;
; sd_card_bmp:sd_card_bmp_m0|bmp_read:bmp_read_m0|rd_cnt~11                                                                                                                                                                                                                                                                                                   ; LCCOMB_X12_Y4_N4   ; 10      ; Clock enable                          ; no     ; --                   ; --               ; --                        ;
; sd_card_bmp:sd_card_bmp_m0|bmp_read:bmp_read_m0|sd_sec_read_addr[7]~119                                                                                                                                                                                                                                                                                     ; LCCOMB_X3_Y4_N30   ; 29      ; Clock enable                          ; no     ; --                   ; --               ; --                        ;
; sd_card_bmp:sd_card_bmp_m0|bmp_read:bmp_read_m0|state.S_FIND                                                                                                                                                                                                                                                                                                ; FF_X5_Y5_N31       ; 19      ; Sync. clear                           ; no     ; --                   ; --               ; --                        ;
; sd_card_bmp:sd_card_bmp_m0|bmp_read:bmp_read_m0|state.S_READ                                                                                                                                                                                                                                                                                                ; FF_X13_Y1_N5       ; 75      ; Sync. clear, Sync. load               ; no     ; --                   ; --               ; --                        ;
; sd_card_bmp:sd_card_bmp_m0|bmp_read:bmp_read_m0|width[15]~1                                                                                                                                                                                                                                                                                                 ; LCCOMB_X13_Y4_N2   ; 8       ; Clock enable                          ; no     ; --                   ; --               ; --                        ;
; sd_card_bmp:sd_card_bmp_m0|bmp_read:bmp_read_m0|width[7]~2                                                                                                                                                                                                                                                                                                  ; LCCOMB_X13_Y4_N30  ; 8       ; Clock enable                          ; no     ; --                   ; --               ; --                        ;
; sd_card_bmp:sd_card_bmp_m0|sd_card_top:sd_card_top_m0|sd_card_cmd:sd_card_cmd_m0|always2~0                                                                                                                                                                                                                                                                  ; LCCOMB_X11_Y4_N30  ; 8       ; Clock enable                          ; no     ; --                   ; --               ; --                        ;
; sd_card_bmp:sd_card_bmp_m0|sd_card_top:sd_card_top_m0|sd_card_cmd:sd_card_cmd_m0|clk_div~0                                                                                                                                                                                                                                                                  ; LCCOMB_X10_Y5_N24  ; 2       ; Clock enable                          ; no     ; --                   ; --               ; --                        ;
; sd_card_bmp:sd_card_bmp_m0|sd_card_top:sd_card_top_m0|sd_card_cmd:sd_card_cmd_m0|send_data[5]~11                                                                                                                                                                                                                                                            ; LCCOMB_X10_Y4_N30  ; 11      ; Clock enable                          ; no     ; --                   ; --               ; --                        ;
; sd_card_bmp:sd_card_bmp_m0|sd_card_top:sd_card_top_m0|sd_card_cmd:sd_card_cmd_m0|state.S_WRITE_DATA_0                                                                                                                                                                                                                                                       ; FF_X6_Y4_N15       ; 13      ; Sync. load                            ; no     ; --                   ; --               ; --                        ;
; sd_card_bmp:sd_card_bmp_m0|sd_card_top:sd_card_top_m0|sd_card_sec_read_write:sd_card_sec_read_write_m0|Selector5~1                                                                                                                                                                                                                                          ; LCCOMB_X7_Y4_N26   ; 32      ; Clock enable                          ; no     ; --                   ; --               ; --                        ;
; sd_card_bmp:sd_card_bmp_m0|sd_card_top:sd_card_top_m0|sd_card_sec_read_write:sd_card_sec_read_write_m0|always0~0                                                                                                                                                                                                                                            ; LCCOMB_X7_Y3_N30   ; 19      ; Clock enable                          ; no     ; --                   ; --               ; --                        ;
; sd_card_bmp:sd_card_bmp_m0|sd_card_top:sd_card_top_m0|sd_card_sec_read_write:sd_card_sec_read_write_m0|sd_init_done                                                                                                                                                                                                                                         ; FF_X7_Y3_N23       ; 15      ; Clock enable                          ; no     ; --                   ; --               ; --                        ;
; sd_card_bmp:sd_card_bmp_m0|sd_card_top:sd_card_top_m0|spi_master:spi_master_m0|MISO_shift~9                                                                                                                                                                                                                                                                 ; LCCOMB_X16_Y3_N28  ; 8       ; Clock enable                          ; no     ; --                   ; --               ; --                        ;
; sd_card_bmp:sd_card_bmp_m0|sd_card_top:sd_card_top_m0|spi_master:spi_master_m0|MOSI_shift[3]~2                                                                                                                                                                                                                                                              ; LCCOMB_X16_Y3_N16  ; 8       ; Clock enable                          ; no     ; --                   ; --               ; --                        ;
; sd_card_bmp:sd_card_bmp_m0|sd_card_top:sd_card_top_m0|spi_master:spi_master_m0|always3~0                                                                                                                                                                                                                                                                    ; LCCOMB_X11_Y3_N6   ; 16      ; Sync. clear                           ; no     ; --                   ; --               ; --                        ;
; sd_card_bmp:sd_card_bmp_m0|sd_card_top:sd_card_top_m0|spi_master:spi_master_m0|clk_edge_cnt[4]~14                                                                                                                                                                                                                                                           ; LCCOMB_X16_Y3_N20  ; 5       ; Clock enable                          ; no     ; --                   ; --               ; --                        ;
; sd_card_bmp:sd_card_bmp_m0|sd_card_top:sd_card_top_m0|spi_master:spi_master_m0|state.DCLK_EDGE                                                                                                                                                                                                                                                              ; FF_X11_Y3_N25      ; 11      ; Sync. clear                           ; no     ; --                   ; --               ; --                        ;
; sdram_core:sdram_core_m0|LessThan0~2                                                                                                                                                                                                                                                                                                                        ; LCCOMB_X22_Y3_N0   ; 15      ; Clock enable                          ; no     ; --                   ; --               ; --                        ;
; sdram_core:sdram_core_m0|LessThan1~2                                                                                                                                                                                                                                                                                                                        ; LCCOMB_X5_Y8_N0    ; 11      ; Sync. clear                           ; no     ; --                   ; --               ; --                        ;
; sdram_core:sdram_core_m0|Selector11~5                                                                                                                                                                                                                                                                                                                       ; LCCOMB_X9_Y11_N6   ; 9       ; Sync. clear                           ; no     ; --                   ; --               ; --                        ;
; sdram_core:sdram_core_m0|always7~0                                                                                                                                                                                                                                                                                                                          ; LCCOMB_X8_Y11_N8   ; 17      ; Clock enable                          ; no     ; --                   ; --               ; --                        ;
; sdram_core:sdram_core_m0|sdr_dq_oe                                                                                                                                                                                                                                                                                                                          ; FF_X8_Y11_N11      ; 16      ; Output enable                         ; no     ; --                   ; --               ; --                        ;
; sdram_core:sdram_core_m0|state.S_RD                                                                                                                                                                                                                                                                                                                         ; FF_X9_Y11_N15      ; 39      ; Clock enable                          ; no     ; --                   ; --               ; --                        ;
; seg_scan:seg_scan_m0|LessThan0~10                                                                                                                                                                                                                                                                                                                           ; LCCOMB_X1_Y3_N24   ; 36      ; Clock enable, Sync. clear             ; no     ; --                   ; --               ; --                        ;
; sld_hub:auto_hub|alt_sld_fab_with_jtag_input:\instrumentation_fabric_with_node_gen:fabric_gen_new_way:with_jtag_input_gen:instrumentation_fabric|alt_sld_fab:instrumentation_fabric|alt_sld_fab_alt_sld_fab:alt_sld_fab|alt_sld_fab_alt_sld_fab_sldfabric:sldfabric|sld_jtag_hub:\jtag_hub_gen:real_sld_jtag_hub|clr_reg                                    ; FF_X28_Y18_N1      ; 27      ; Async. clear                          ; no     ; --                   ; --               ; --                        ;
; sld_hub:auto_hub|alt_sld_fab_with_jtag_input:\instrumentation_fabric_with_node_gen:fabric_gen_new_way:with_jtag_input_gen:instrumentation_fabric|alt_sld_fab:instrumentation_fabric|alt_sld_fab_alt_sld_fab:alt_sld_fab|alt_sld_fab_alt_sld_fab_sldfabric:sldfabric|sld_jtag_hub:\jtag_hub_gen:real_sld_jtag_hub|design_hash_proc~0                         ; LCCOMB_X24_Y17_N10 ; 4       ; Sync. load                            ; no     ; --                   ; --               ; --                        ;
; sld_hub:auto_hub|alt_sld_fab_with_jtag_input:\instrumentation_fabric_with_node_gen:fabric_gen_new_way:with_jtag_input_gen:instrumentation_fabric|alt_sld_fab:instrumentation_fabric|alt_sld_fab_alt_sld_fab:alt_sld_fab|alt_sld_fab_alt_sld_fab_sldfabric:sldfabric|sld_jtag_hub:\jtag_hub_gen:real_sld_jtag_hub|hub_info_reg_ena                           ; LCCOMB_X23_Y17_N30 ; 4       ; Clock enable                          ; no     ; --                   ; --               ; --                        ;
; sld_hub:auto_hub|alt_sld_fab_with_jtag_input:\instrumentation_fabric_with_node_gen:fabric_gen_new_way:with_jtag_input_gen:instrumentation_fabric|alt_sld_fab:instrumentation_fabric|alt_sld_fab_alt_sld_fab:alt_sld_fab|alt_sld_fab_alt_sld_fab_sldfabric:sldfabric|sld_jtag_hub:\jtag_hub_gen:real_sld_jtag_hub|hub_info_reg_ena~0                         ; LCCOMB_X24_Y17_N16 ; 6       ; Clock enable                          ; no     ; --                   ; --               ; --                        ;
; sld_hub:auto_hub|alt_sld_fab_with_jtag_input:\instrumentation_fabric_with_node_gen:fabric_gen_new_way:with_jtag_input_gen:instrumentation_fabric|alt_sld_fab:instrumentation_fabric|alt_sld_fab_alt_sld_fab:alt_sld_fab|alt_sld_fab_alt_sld_fab_sldfabric:sldfabric|sld_jtag_hub:\jtag_hub_gen:real_sld_jtag_hub|identity_contrib_shift_reg[0]~1            ; LCCOMB_X25_Y18_N24 ; 4       ; Clock enable                          ; no     ; --                   ; --               ; --                        ;
; sld_hub:auto_hub|alt_sld_fab_with_jtag_input:\instrumentation_fabric_with_node_gen:fabric_gen_new_way:with_jtag_input_gen:instrumentation_fabric|alt_sld_fab:instrumentation_fabric|alt_sld_fab_alt_sld_fab:alt_sld_fab|alt_sld_fab_alt_sld_fab_sldfabric:sldfabric|sld_jtag_hub:\jtag_hub_gen:real_sld_jtag_hub|irf_reg[1][0]~0                            ; LCCOMB_X25_Y18_N0  ; 10      ; Clock enable                          ; no     ; --                   ; --               ; --                        ;
; sld_hub:auto_hub|alt_sld_fab_with_jtag_input:\instrumentation_fabric_with_node_gen:fabric_gen_new_way:with_jtag_input_gen:instrumentation_fabric|alt_sld_fab:instrumentation_fabric|alt_sld_fab_alt_sld_fab:alt_sld_fab|alt_sld_fab_alt_sld_fab_sldfabric:sldfabric|sld_jtag_hub:\jtag_hub_gen:real_sld_jtag_hub|irf_reg[1][4]                              ; FF_X25_Y19_N27     ; 16      ; Clock enable                          ; no     ; --                   ; --               ; --                        ;
; sld_hub:auto_hub|alt_sld_fab_with_jtag_input:\instrumentation_fabric_with_node_gen:fabric_gen_new_way:with_jtag_input_gen:instrumentation_fabric|alt_sld_fab:instrumentation_fabric|alt_sld_fab_alt_sld_fab:alt_sld_fab|alt_sld_fab_alt_sld_fab_sldfabric:sldfabric|sld_jtag_hub:\jtag_hub_gen:real_sld_jtag_hub|irf_reg[1][7]                              ; FF_X25_Y19_N5      ; 29      ; Clock enable                          ; no     ; --                   ; --               ; --                        ;
; sld_hub:auto_hub|alt_sld_fab_with_jtag_input:\instrumentation_fabric_with_node_gen:fabric_gen_new_way:with_jtag_input_gen:instrumentation_fabric|alt_sld_fab:instrumentation_fabric|alt_sld_fab_alt_sld_fab:alt_sld_fab|alt_sld_fab_alt_sld_fab_sldfabric:sldfabric|sld_jtag_hub:\jtag_hub_gen:real_sld_jtag_hub|irsr_reg[2]~2                              ; LCCOMB_X25_Y18_N22 ; 9       ; Clock enable                          ; no     ; --                   ; --               ; --                        ;
; sld_hub:auto_hub|alt_sld_fab_with_jtag_input:\instrumentation_fabric_with_node_gen:fabric_gen_new_way:with_jtag_input_gen:instrumentation_fabric|alt_sld_fab:instrumentation_fabric|alt_sld_fab_alt_sld_fab:alt_sld_fab|alt_sld_fab_alt_sld_fab_sldfabric:sldfabric|sld_jtag_hub:\jtag_hub_gen:real_sld_jtag_hub|mixer_addr_reg_internal[4]~17              ; LCCOMB_X24_Y17_N28 ; 5       ; Sync. load                            ; no     ; --                   ; --               ; --                        ;
; sld_hub:auto_hub|alt_sld_fab_with_jtag_input:\instrumentation_fabric_with_node_gen:fabric_gen_new_way:with_jtag_input_gen:instrumentation_fabric|alt_sld_fab:instrumentation_fabric|alt_sld_fab_alt_sld_fab:alt_sld_fab|alt_sld_fab_alt_sld_fab_sldfabric:sldfabric|sld_jtag_hub:\jtag_hub_gen:real_sld_jtag_hub|mixer_addr_reg_internal[4]~18              ; LCCOMB_X24_Y17_N18 ; 5       ; Clock enable                          ; no     ; --                   ; --               ; --                        ;
; sld_hub:auto_hub|alt_sld_fab_with_jtag_input:\instrumentation_fabric_with_node_gen:fabric_gen_new_way:with_jtag_input_gen:instrumentation_fabric|alt_sld_fab:instrumentation_fabric|alt_sld_fab_alt_sld_fab:alt_sld_fab|alt_sld_fab_alt_sld_fab_sldfabric:sldfabric|sld_jtag_hub:\jtag_hub_gen:real_sld_jtag_hub|reset_ena_reg_proc~0                       ; LCCOMB_X25_Y18_N4  ; 3       ; Clock enable                          ; no     ; --                   ; --               ; --                        ;
; sld_hub:auto_hub|alt_sld_fab_with_jtag_input:\instrumentation_fabric_with_node_gen:fabric_gen_new_way:with_jtag_input_gen:instrumentation_fabric|alt_sld_fab:instrumentation_fabric|alt_sld_fab_alt_sld_fab:alt_sld_fab|alt_sld_fab_alt_sld_fab_sldfabric:sldfabric|sld_jtag_hub:\jtag_hub_gen:real_sld_jtag_hub|sld_rom_sr:hub_info_reg|WORD_SR[1]~8       ; LCCOMB_X24_Y17_N24 ; 4       ; Clock enable                          ; no     ; --                   ; --               ; --                        ;
; sld_hub:auto_hub|alt_sld_fab_with_jtag_input:\instrumentation_fabric_with_node_gen:fabric_gen_new_way:with_jtag_input_gen:instrumentation_fabric|alt_sld_fab:instrumentation_fabric|alt_sld_fab_alt_sld_fab:alt_sld_fab|alt_sld_fab_alt_sld_fab_sldfabric:sldfabric|sld_jtag_hub:\jtag_hub_gen:real_sld_jtag_hub|sld_rom_sr:hub_info_reg|word_counter[0]~14 ; LCCOMB_X29_Y17_N8  ; 5       ; Sync. clear                           ; no     ; --                   ; --               ; --                        ;
; sld_hub:auto_hub|alt_sld_fab_with_jtag_input:\instrumentation_fabric_with_node_gen:fabric_gen_new_way:with_jtag_input_gen:instrumentation_fabric|alt_sld_fab:instrumentation_fabric|alt_sld_fab_alt_sld_fab:alt_sld_fab|alt_sld_fab_alt_sld_fab_sldfabric:sldfabric|sld_jtag_hub:\jtag_hub_gen:real_sld_jtag_hub|sld_rom_sr:hub_info_reg|word_counter[0]~15 ; LCCOMB_X29_Y17_N6  ; 5       ; Clock enable                          ; no     ; --                   ; --               ; --                        ;
; sld_hub:auto_hub|alt_sld_fab_with_jtag_input:\instrumentation_fabric_with_node_gen:fabric_gen_new_way:with_jtag_input_gen:instrumentation_fabric|alt_sld_fab:instrumentation_fabric|alt_sld_fab_alt_sld_fab:alt_sld_fab|alt_sld_fab_alt_sld_fab_sldfabric:sldfabric|sld_jtag_hub:\jtag_hub_gen:real_sld_jtag_hub|sld_shadow_jsm:shadow_jsm|state[0]         ; FF_X28_Y18_N9      ; 15      ; Async. clear                          ; no     ; --                   ; --               ; --                        ;
; sld_hub:auto_hub|alt_sld_fab_with_jtag_input:\instrumentation_fabric_with_node_gen:fabric_gen_new_way:with_jtag_input_gen:instrumentation_fabric|alt_sld_fab:instrumentation_fabric|alt_sld_fab_alt_sld_fab:alt_sld_fab|alt_sld_fab_alt_sld_fab_sldfabric:sldfabric|sld_jtag_hub:\jtag_hub_gen:real_sld_jtag_hub|sld_shadow_jsm:shadow_jsm|state[11]        ; FF_X28_Y18_N19     ; 12      ; Clock enable                          ; no     ; --                   ; --               ; --                        ;
; sld_hub:auto_hub|alt_sld_fab_with_jtag_input:\instrumentation_fabric_with_node_gen:fabric_gen_new_way:with_jtag_input_gen:instrumentation_fabric|alt_sld_fab:instrumentation_fabric|alt_sld_fab_alt_sld_fab:alt_sld_fab|alt_sld_fab_alt_sld_fab_sldfabric:sldfabric|sld_jtag_hub:\jtag_hub_gen:real_sld_jtag_hub|sld_shadow_jsm:shadow_jsm|state[3]         ; FF_X28_Y18_N21     ; 35      ; Sync. load                            ; no     ; --                   ; --               ; --                        ;
; sld_hub:auto_hub|alt_sld_fab_with_jtag_input:\instrumentation_fabric_with_node_gen:fabric_gen_new_way:with_jtag_input_gen:instrumentation_fabric|alt_sld_fab:instrumentation_fabric|alt_sld_fab_alt_sld_fab:alt_sld_fab|alt_sld_fab_alt_sld_fab_sldfabric:sldfabric|sld_jtag_hub:\jtag_hub_gen:real_sld_jtag_hub|sld_shadow_jsm:shadow_jsm|state[4]         ; FF_X24_Y18_N23     ; 31      ; Sync. load                            ; no     ; --                   ; --               ; --                        ;
; sld_hub:auto_hub|alt_sld_fab_with_jtag_input:\instrumentation_fabric_with_node_gen:fabric_gen_new_way:with_jtag_input_gen:instrumentation_fabric|alt_sld_fab:instrumentation_fabric|alt_sld_fab_alt_sld_fab:alt_sld_fab|alt_sld_fab_alt_sld_fab_sldfabric:sldfabric|sld_jtag_hub:\jtag_hub_gen:real_sld_jtag_hub|virtual_ir_dr_scan_proc~0                  ; LCCOMB_X28_Y18_N2  ; 3       ; Clock enable                          ; no     ; --                   ; --               ; --                        ;
; sld_hub:auto_hub|alt_sld_fab_with_jtag_input:\instrumentation_fabric_with_node_gen:fabric_gen_new_way:with_jtag_input_gen:instrumentation_fabric|alt_sld_fab:instrumentation_fabric|alt_sld_fab_alt_sld_fab:alt_sld_fab|alt_sld_fab_alt_sld_fab_sldfabric:sldfabric|sld_jtag_hub:\jtag_hub_gen:real_sld_jtag_hub|virtual_ir_scan_reg                        ; FF_X29_Y18_N17     ; 38      ; Async. clear, Clock enable            ; no     ; --                   ; --               ; --                        ;
; sld_hub:auto_hub|alt_sld_fab_with_jtag_input:\instrumentation_fabric_with_node_gen:fabric_gen_new_way:with_jtag_input_gen:instrumentation_fabric|alt_sld_fab:instrumentation_fabric|alt_sld_fab_alt_sld_fab:alt_sld_fab|sldfabric_ident_writedata[0]~0                                                                                                      ; LCCOMB_X26_Y18_N26 ; 4       ; Clock enable                          ; no     ; --                   ; --               ; --                        ;
; sld_signaltap:auto_signaltap_0|sld_signaltap_impl:sld_signaltap_body|sld_signaltap_implb:sld_signaltap_body|altdpram:\stp_non_zero_ram_gen:attribute_mem_gen:attribute_mem|lpm_decode:wdecoder|decode_6vf:auto_generated|eq_node[0]~1                                                                                                                       ; LCCOMB_X18_Y19_N2  ; 23      ; Clock enable                          ; no     ; --                   ; --               ; --                        ;
; sld_signaltap:auto_signaltap_0|sld_signaltap_impl:sld_signaltap_body|sld_signaltap_implb:sld_signaltap_body|altdpram:\stp_non_zero_ram_gen:attribute_mem_gen:attribute_mem|lpm_decode:wdecoder|decode_6vf:auto_generated|eq_node[1]~0                                                                                                                       ; LCCOMB_X18_Y19_N8  ; 23      ; Clock enable                          ; no     ; --                   ; --               ; --                        ;
; sld_signaltap:auto_signaltap_0|sld_signaltap_impl:sld_signaltap_body|sld_signaltap_implb:sld_signaltap_body|buffer_write_enable_delayed                                                                                                                                                                                                                     ; FF_X18_Y19_N5      ; 14      ; Clock enable, Write enable            ; no     ; --                   ; --               ; --                        ;
; sld_signaltap:auto_signaltap_0|sld_signaltap_impl:sld_signaltap_body|sld_signaltap_implb:sld_signaltap_body|collect_data                                                                                                                                                                                                                                    ; LCCOMB_X19_Y19_N16 ; 28      ; Clock enable                          ; no     ; --                   ; --               ; --                        ;
; sld_signaltap:auto_signaltap_0|sld_signaltap_impl:sld_signaltap_body|sld_signaltap_implb:sld_signaltap_body|process_0~0                                                                                                                                                                                                                                     ; LCCOMB_X23_Y19_N30 ; 32      ; Sync. clear                           ; no     ; --                   ; --               ; --                        ;
; sld_signaltap:auto_signaltap_0|sld_signaltap_impl:sld_signaltap_body|sld_signaltap_implb:sld_signaltap_body|process_0~1                                                                                                                                                                                                                                     ; LCCOMB_X23_Y19_N22 ; 32      ; Sync. load                            ; no     ; --                   ; --               ; --                        ;
; sld_signaltap:auto_signaltap_0|sld_signaltap_impl:sld_signaltap_body|sld_signaltap_implb:sld_signaltap_body|reset_all                                                                                                                                                                                                                                       ; FF_X26_Y17_N15     ; 291     ; Async. clear                          ; yes    ; Global Clock         ; GCLK6            ; --                        ;
; sld_signaltap:auto_signaltap_0|sld_signaltap_impl:sld_signaltap_body|sld_signaltap_implb:sld_signaltap_body|serial_crc_16:\tdo_crc_gen:tdo_crc_calc|lfsr[6]~14                                                                                                                                                                                              ; LCCOMB_X23_Y18_N24 ; 13      ; Clock enable                          ; no     ; --                   ; --               ; --                        ;
; sld_signaltap:auto_signaltap_0|sld_signaltap_impl:sld_signaltap_body|sld_signaltap_implb:sld_signaltap_body|sld_buffer_manager:sld_buffer_manager_inst|final_trigger_set~0                                                                                                                                                                                  ; LCCOMB_X19_Y19_N2  ; 24      ; Clock enable                          ; no     ; --                   ; --               ; --                        ;
; sld_signaltap:auto_signaltap_0|sld_signaltap_impl:sld_signaltap_body|sld_signaltap_implb:sld_signaltap_body|sld_buffer_manager:sld_buffer_manager_inst|last_buffer_write_address_sig[0]~0                                                                                                                                                                   ; LCCOMB_X19_Y19_N0  ; 11      ; Clock enable                          ; no     ; --                   ; --               ; --                        ;
; sld_signaltap:auto_signaltap_0|sld_signaltap_impl:sld_signaltap_body|sld_signaltap_implb:sld_signaltap_body|sld_offload_buffer_mgr:\stp_non_zero_depth_offload_gen:stp_offload_buff_mgr_inst|Equal2~1                                                                                                                                                       ; LCCOMB_X24_Y20_N6  ; 1       ; Clock enable                          ; no     ; --                   ; --               ; --                        ;
; sld_signaltap:auto_signaltap_0|sld_signaltap_impl:sld_signaltap_body|sld_signaltap_implb:sld_signaltap_body|sld_offload_buffer_mgr:\stp_non_zero_depth_offload_gen:stp_offload_buff_mgr_inst|acq_buf_read_reset                                                                                                                                             ; LCCOMB_X24_Y19_N12 ; 12      ; Sync. load                            ; no     ; --                   ; --               ; --                        ;
; sld_signaltap:auto_signaltap_0|sld_signaltap_impl:sld_signaltap_body|sld_signaltap_implb:sld_signaltap_body|sld_offload_buffer_mgr:\stp_non_zero_depth_offload_gen:stp_offload_buff_mgr_inst|lpm_counter:\adv_point_3_and_more:advance_pointer_counter|cntr_ogi:auto_generated|counter_reg_bit[5]~0                                                         ; LCCOMB_X28_Y16_N28 ; 6       ; Sync. load                            ; no     ; --                   ; --               ; --                        ;
; sld_signaltap:auto_signaltap_0|sld_signaltap_impl:sld_signaltap_body|sld_signaltap_implb:sld_signaltap_body|sld_offload_buffer_mgr:\stp_non_zero_depth_offload_gen:stp_offload_buff_mgr_inst|lpm_counter:status_advance_pointer_counter|cntr_7gi:auto_generated|counter_reg_bit[4]~0                                                                        ; LCCOMB_X24_Y20_N18 ; 5       ; Sync. load                            ; no     ; --                   ; --               ; --                        ;
; sld_signaltap:auto_signaltap_0|sld_signaltap_impl:sld_signaltap_body|sld_signaltap_implb:sld_signaltap_body|sld_offload_buffer_mgr:\stp_non_zero_depth_offload_gen:stp_offload_buff_mgr_inst|lpm_counter:status_read_pointer_counter|cntr_r2j:auto_generated|counter_reg_bit[0]~1                                                                           ; LCCOMB_X24_Y19_N18 ; 1       ; Sync. load                            ; no     ; --                   ; --               ; --                        ;
; sld_signaltap:auto_signaltap_0|sld_signaltap_impl:sld_signaltap_body|sld_signaltap_implb:sld_signaltap_body|sld_offload_buffer_mgr:\stp_non_zero_depth_offload_gen:stp_offload_buff_mgr_inst|read_pointer_counter_clk_ena                                                                                                                                   ; LCCOMB_X28_Y16_N30 ; 11      ; Clock enable                          ; no     ; --                   ; --               ; --                        ;
; sld_signaltap:auto_signaltap_0|sld_signaltap_impl:sld_signaltap_body|sld_signaltap_implb:sld_signaltap_body|sld_rom_sr:crc_rom_sr|WORD_SR[1]~12                                                                                                                                                                                                             ; LCCOMB_X24_Y16_N4  ; 4       ; Sync. clear                           ; no     ; --                   ; --               ; --                        ;
; sld_signaltap:auto_signaltap_0|sld_signaltap_impl:sld_signaltap_body|sld_signaltap_implb:sld_signaltap_body|sld_rom_sr:crc_rom_sr|WORD_SR[1]~13                                                                                                                                                                                                             ; LCCOMB_X24_Y16_N18 ; 4       ; Clock enable                          ; no     ; --                   ; --               ; --                        ;
; sld_signaltap:auto_signaltap_0|sld_signaltap_impl:sld_signaltap_body|sld_signaltap_implb:sld_signaltap_body|sld_rom_sr:crc_rom_sr|word_counter[2]~6                                                                                                                                                                                                         ; LCCOMB_X24_Y16_N10 ; 4       ; Clock enable                          ; no     ; --                   ; --               ; --                        ;
; sld_signaltap:auto_signaltap_0|sld_signaltap_impl:sld_signaltap_body|sld_signaltap_implb:sld_signaltap_body|status_shift_enable~1                                                                                                                                                                                                                           ; LCCOMB_X23_Y19_N2  ; 17      ; Clock enable                          ; no     ; --                   ; --               ; --                        ;
; sld_signaltap:auto_signaltap_0|sld_signaltap_impl:sld_signaltap_body|sld_signaltap_implb:sld_signaltap_body|tdo_crc_len_reg[11]~67                                                                                                                                                                                                                          ; LCCOMB_X23_Y18_N30 ; 32      ; Clock enable                          ; no     ; --                   ; --               ; --                        ;
; sld_signaltap:auto_signaltap_0|sld_signaltap_impl:sld_signaltap_body|sld_signaltap_implb:sld_signaltap_body|tdo_crc_val_shift_reg[0]~1                                                                                                                                                                                                                      ; LCCOMB_X23_Y19_N14 ; 16      ; Clock enable                          ; no     ; --                   ; --               ; --                        ;
; sld_signaltap:auto_signaltap_0|sld_signaltap_impl:sld_signaltap_body|sld_signaltap_implb:sld_signaltap_body|trigger_setup_ena                                                                                                                                                                                                                               ; LCCOMB_X23_Y19_N12 ; 148     ; Clock enable                          ; no     ; --                   ; --               ; --                        ;
; sys_pll:sys_pll_m0|altpll:altpll_component|sys_pll_altpll:auto_generated|wire_pll1_clk[0]                                                                                                                                                                                                                                                                   ; PLL_2              ; 457     ; Clock                                 ; yes    ; Global Clock         ; GCLK8            ; --                        ;
; sys_pll:sys_pll_m0|altpll:altpll_component|sys_pll_altpll:auto_generated|wire_pll1_clk[1]                                                                                                                                                                                                                                                                   ; PLL_2              ; 637     ; Clock                                 ; yes    ; Global Clock         ; GCLK7            ; --                        ;
; sys_pll:sys_pll_m0|altpll:altpll_component|sys_pll_altpll:auto_generated|wire_pll1_clk[2]                                                                                                                                                                                                                                                                   ; PLL_2              ; 916     ; Clock                                 ; yes    ; Global Clock         ; GCLK9            ; --                        ;
; sys_state_ctrl:sys_state_ctrl_m0|sys_state.S_1                                                                                                                                                                                                                                                                                                              ; FF_X14_Y9_N5       ; 54      ; Sync. clear                           ; no     ; --                   ; --               ; --                        ;
; sys_state_ctrl:sys_state_ctrl_m0|sys_state.S_2                                                                                                                                                                                                                                                                                                              ; FF_X14_Y9_N27      ; 74      ; Sync. clear, Sync. load               ; no     ; --                   ; --               ; --                        ;
; video_pll:video_pll_m0|altpll:altpll_component|video_pll_altpll:auto_generated|wire_pll1_clk[0]                                                                                                                                                                                                                                                             ; PLL_1              ; 94      ; Clock                                 ; yes    ; Global Clock         ; GCLK3            ; --                        ;
; video_timing_data:video_timing_data_m0|color_bar:color_bar_m0|Equal1~2                                                                                                                                                                                                                                                                                      ; LCCOMB_X22_Y5_N6   ; 13      ; Clock enable                          ; no     ; --                   ; --               ; --                        ;
+-------------------------------------------------------------------------------------------------------------------------------------------------------------------------------------------------------------------------------------------------------------------------------------------------------------------------------------------------------------+--------------------+---------+---------------------------------------+--------+----------------------+------------------+---------------------------+


+------------------------------------------------------------------------------------------------------------------------------------------------------------------------------------------------------------------------------------------------------------------+
; Global & Other Fast Signals                                                                                                                                                                                                                                      ;
+-----------------------------------------------------------------------------------------------------------------------+-------------------+---------+--------------------------------------+----------------------+------------------+---------------------------+
; Name                                                                                                                  ; Location          ; Fan-Out ; Fan-Out Using Intentional Clock Skew ; Global Resource Used ; Global Line Name ; Enable Signal Source Name ;
+-----------------------------------------------------------------------------------------------------------------------+-------------------+---------+--------------------------------------+----------------------+------------------+---------------------------+
; altera_internal_jtag~TCKUTAP                                                                                          ; JTAG_X1_Y12_N0    ; 472     ; 0                                    ; Global Clock         ; GCLK4            ; --                        ;
; clk                                                                                                                   ; PIN_E15           ; 50      ; 0                                    ; Global Clock         ; GCLK5            ; --                        ;
; comb~0                                                                                                                ; LCCOMB_X14_Y9_N30 ; 51      ; 0                                    ; Global Clock         ; GCLK2            ; --                        ;
; comb~1                                                                                                                ; LCCOMB_X1_Y11_N22 ; 391     ; 0                                    ; Global Clock         ; GCLK1            ; --                        ;
; rst_n                                                                                                                 ; PIN_M1            ; 772     ; 0                                    ; Global Clock         ; GCLK0            ; --                        ;
; sld_signaltap:auto_signaltap_0|sld_signaltap_impl:sld_signaltap_body|sld_signaltap_implb:sld_signaltap_body|reset_all ; FF_X26_Y17_N15    ; 291     ; 0                                    ; Global Clock         ; GCLK6            ; --                        ;
; sys_pll:sys_pll_m0|altpll:altpll_component|sys_pll_altpll:auto_generated|wire_pll1_clk[0]                             ; PLL_2             ; 457     ; 8                                    ; Global Clock         ; GCLK8            ; --                        ;
; sys_pll:sys_pll_m0|altpll:altpll_component|sys_pll_altpll:auto_generated|wire_pll1_clk[1]                             ; PLL_2             ; 637     ; 33                                   ; Global Clock         ; GCLK7            ; --                        ;
; sys_pll:sys_pll_m0|altpll:altpll_component|sys_pll_altpll:auto_generated|wire_pll1_clk[2]                             ; PLL_2             ; 916     ; 10                                   ; Global Clock         ; GCLK9            ; --                        ;
; video_pll:video_pll_m0|altpll:altpll_component|video_pll_altpll:auto_generated|wire_pll1_clk[0]                       ; PLL_1             ; 94      ; 7                                    ; Global Clock         ; GCLK3            ; --                        ;
+-----------------------------------------------------------------------------------------------------------------------+-------------------+---------+--------------------------------------+----------------------+------------------+---------------------------+


+---------------------------------------------------------------------------------------------------------------------------------------------------------------------------------------------------------------------------------------------------------------------------------------------------------------------------------------------------------------------------------------------------------------------------------------------------------------------------------------------------------------------------------------------------------------------------------------------------------------------------------------------------------------------------------------------------------------------------------------------------------------------------------------------------------------------------------------------------------------------------------------------------+
; Fitter RAM Summary                                                                                                                                                                                                                                                                                                                                                                                                                                                                                                                                                                                                                                                                                                                                                                                                                                                                                ;
+-------------------------------------------------------------------------------------------------------------------------------------------------------------------------------------------------------+------+------------------+-------------+--------------+--------------+--------------+--------------+------------------------+-------------------------+------------------------+-------------------------+-------+-----------------------------+-----------------------------+-----------------------------+-----------------------------+---------------------+------+------+--------------------------------------------------------------------------------------------------------------------------------------------------------------------------------+----------------------+------------------------+------------------------+----------+------------------------+---------------+
; Name                                                                                                                                                                                                  ; Type ; Mode             ; Clock Mode  ; Port A Depth ; Port A Width ; Port B Depth ; Port B Width ; Port A Input Registers ; Port A Output Registers ; Port B Input Registers ; Port B Output Registers ; Size  ; Implementation Port A Depth ; Implementation Port A Width ; Implementation Port B Depth ; Implementation Port B Width ; Implementation Bits ; M9Ks ; MIF  ; Location                                                                                                                                                                       ; Mixed Width RDW Mode ; Port A RDW Mode        ; Port B RDW Mode        ; ECC Mode ; ECC Pipeline Registers ; Fits in MLABs ;
+-------------------------------------------------------------------------------------------------------------------------------------------------------------------------------------------------------+------+------------------+-------------+--------------+--------------+--------------+--------------+------------------------+-------------------------+------------------------+-------------------------+-------+-----------------------------+-----------------------------+-----------------------------+-----------------------------+---------------------+------+------+--------------------------------------------------------------------------------------------------------------------------------------------------------------------------------+----------------------+------------------------+------------------------+----------+------------------------+---------------+
; frame_read_write:frame_read_write_m0|afifo_16_256:read_buf|dcfifo:dcfifo_component|dcfifo_spl1:auto_generated|altsyncram_fv61:fifo_ram|ALTSYNCRAM                                                     ; AUTO ; Simple Dual Port ; Dual Clocks ; 256          ; 16           ; 256          ; 16           ; yes                    ; no                      ; yes                    ; yes                     ; 4096  ; 256                         ; 16                          ; 256                         ; 16                          ; 4096                ; 1    ; None ; M9K_X15_Y6_N0                                                                                                                                                                  ; Don't care           ; New data with NBE Read ; New data with NBE Read ; Off      ; No                     ; No - Unknown  ;
; frame_read_write:frame_read_write_m0|afifo_16_256:write_buf|dcfifo:dcfifo_component|dcfifo_spl1:auto_generated|altsyncram_fv61:fifo_ram|ALTSYNCRAM                                                    ; AUTO ; Simple Dual Port ; Dual Clocks ; 256          ; 16           ; 256          ; 16           ; yes                    ; no                      ; yes                    ; yes                     ; 4096  ; 256                         ; 16                          ; 256                         ; 16                          ; 4096                ; 1    ; None ; M9K_X15_Y5_N0                                                                                                                                                                  ; Don't care           ; New data with NBE Read ; New data with NBE Read ; Off      ; No                     ; No - Unknown  ;
; frame_read_write:frame_read_write_m1|afifo_16_256:read_buf|dcfifo:dcfifo_component|dcfifo_spl1:auto_generated|altsyncram_fv61:fifo_ram|ALTSYNCRAM                                                     ; AUTO ; Simple Dual Port ; Dual Clocks ; 256          ; 16           ; 256          ; 16           ; yes                    ; no                      ; yes                    ; yes                     ; 4096  ; 256                         ; 16                          ; 256                         ; 16                          ; 4096                ; 1    ; None ; M9K_X15_Y10_N0                                                                                                                                                                 ; Don't care           ; New data with NBE Read ; New data with NBE Read ; Off      ; No                     ; No - Unknown  ;
; frame_read_write:frame_read_write_m1|afifo_16_256:write_buf|dcfifo:dcfifo_component|dcfifo_spl1:auto_generated|altsyncram_fv61:fifo_ram|ALTSYNCRAM                                                    ; AUTO ; Simple Dual Port ; Dual Clocks ; 256          ; 16           ; 256          ; 16           ; yes                    ; no                      ; yes                    ; yes                     ; 4096  ; 256                         ; 16                          ; 256                         ; 16                          ; 4096                ; 1    ; None ; M9K_X15_Y12_N0                                                                                                                                                                 ; Don't care           ; New data with NBE Read ; New data with NBE Read ; Off      ; No                     ; No - Unknown  ;
; sld_signaltap:auto_signaltap_0|sld_signaltap_impl:sld_signaltap_body|sld_signaltap_implb:sld_signaltap_body|altsyncram:\stp_non_zero_ram_gen:stp_buffer_ram|altsyncram_la24:auto_generated|ALTSYNCRAM ; AUTO ; Simple Dual Port ; Dual Clocks ; 2048         ; 41           ; 2048         ; 41           ; yes                    ; no                      ; yes                    ; no                      ; 83968 ; 2048                        ; 41                          ; 2048                        ; 41                          ; 83968               ; 11   ; None ; M9K_X27_Y18_N0, M9K_X27_Y16_N0, M9K_X27_Y19_N0, M9K_X27_Y15_N0, M9K_X27_Y17_N0, M9K_X15_Y17_N0, M9K_X15_Y18_N0, M9K_X15_Y19_N0, M9K_X15_Y16_N0, M9K_X27_Y14_N0, M9K_X15_Y14_N0 ; Don't care           ; New data with NBE Read ; New data with NBE Read ; Off      ; No                     ; No - Unknown  ;
+-------------------------------------------------------------------------------------------------------------------------------------------------------------------------------------------------------+------+------------------+-------------+--------------+--------------+--------------+--------------+------------------------+-------------------------+------------------------+-------------------------+-------+-----------------------------+-----------------------------+-----------------------------+-----------------------------+---------------------+------+------+--------------------------------------------------------------------------------------------------------------------------------------------------------------------------------+----------------------+------------------------+------------------------+----------+------------------------+---------------+
Note: Fitter may spread logical memories into multiple blocks to improve timing. The actual required RAM blocks can be found in the Fitter Resource Usage section.


+-------------------------------------------------+
; Routing Usage Summary                           ;
+-----------------------+-------------------------+
; Routing Resource Type ; Usage                   ;
+-----------------------+-------------------------+
; Block interconnects   ; 3,858 / 32,401 ( 12 % ) ;
; C16 interconnects     ; 41 / 1,326 ( 3 % )      ;
; C4 interconnects      ; 1,383 / 21,816 ( 6 % )  ;
; Direct links          ; 1,198 / 32,401 ( 4 % )  ;
; Global clocks         ; 10 / 10 ( 100 % )       ;
; Local interconnects   ; 2,389 / 10,320 ( 23 % ) ;
; R24 interconnects     ; 59 / 1,289 ( 5 % )      ;
; R4 interconnects      ; 1,881 / 28,186 ( 7 % )  ;
+-----------------------+-------------------------+


+-----------------------------------------------------------------------------+
; LAB Logic Elements                                                          ;
+---------------------------------------------+-------------------------------+
; Number of Logic Elements  (Average = 12.39) ; Number of LABs  (Total = 300) ;
+---------------------------------------------+-------------------------------+
; 1                                           ; 20                            ;
; 2                                           ; 7                             ;
; 3                                           ; 7                             ;
; 4                                           ; 7                             ;
; 5                                           ; 10                            ;
; 6                                           ; 3                             ;
; 7                                           ; 1                             ;
; 8                                           ; 9                             ;
; 9                                           ; 8                             ;
; 10                                          ; 10                            ;
; 11                                          ; 7                             ;
; 12                                          ; 10                            ;
; 13                                          ; 11                            ;
; 14                                          ; 17                            ;
; 15                                          ; 30                            ;
; 16                                          ; 143                           ;
+---------------------------------------------+-------------------------------+


+--------------------------------------------------------------------+
; LAB-wide Signals                                                   ;
+------------------------------------+-------------------------------+
; LAB-wide Signals  (Average = 2.17) ; Number of LABs  (Total = 300) ;
+------------------------------------+-------------------------------+
; 1 Async. clear                     ; 214                           ;
; 1 Clock                            ; 229                           ;
; 1 Clock enable                     ; 100                           ;
; 1 Sync. clear                      ; 36                            ;
; 1 Sync. load                       ; 19                            ;
; 2 Async. clears                    ; 4                             ;
; 2 Clock enables                    ; 16                            ;
; 2 Clocks                           ; 34                            ;
+------------------------------------+-------------------------------+


+------------------------------------------------------------------------------+
; LAB Signals Sourced                                                          ;
+----------------------------------------------+-------------------------------+
; Number of Signals Sourced  (Average = 20.15) ; Number of LABs  (Total = 300) ;
+----------------------------------------------+-------------------------------+
; 0                                            ; 1                             ;
; 1                                            ; 10                            ;
; 2                                            ; 10                            ;
; 3                                            ; 7                             ;
; 4                                            ; 5                             ;
; 5                                            ; 6                             ;
; 6                                            ; 4                             ;
; 7                                            ; 4                             ;
; 8                                            ; 4                             ;
; 9                                            ; 1                             ;
; 10                                           ; 2                             ;
; 11                                           ; 2                             ;
; 12                                           ; 3                             ;
; 13                                           ; 5                             ;
; 14                                           ; 6                             ;
; 15                                           ; 10                            ;
; 16                                           ; 15                            ;
; 17                                           ; 6                             ;
; 18                                           ; 6                             ;
; 19                                           ; 6                             ;
; 20                                           ; 16                            ;
; 21                                           ; 7                             ;
; 22                                           ; 11                            ;
; 23                                           ; 12                            ;
; 24                                           ; 17                            ;
; 25                                           ; 24                            ;
; 26                                           ; 9                             ;
; 27                                           ; 15                            ;
; 28                                           ; 19                            ;
; 29                                           ; 16                            ;
; 30                                           ; 13                            ;
; 31                                           ; 5                             ;
; 32                                           ; 23                            ;
+----------------------------------------------+-------------------------------+


+---------------------------------------------------------------------------------+
; LAB Signals Sourced Out                                                         ;
+-------------------------------------------------+-------------------------------+
; Number of Signals Sourced Out  (Average = 7.26) ; Number of LABs  (Total = 300) ;
+-------------------------------------------------+-------------------------------+
; 0                                               ; 2                             ;
; 1                                               ; 36                            ;
; 2                                               ; 35                            ;
; 3                                               ; 25                            ;
; 4                                               ; 17                            ;
; 5                                               ; 16                            ;
; 6                                               ; 14                            ;
; 7                                               ; 19                            ;
; 8                                               ; 18                            ;
; 9                                               ; 24                            ;
; 10                                              ; 12                            ;
; 11                                              ; 15                            ;
; 12                                              ; 11                            ;
; 13                                              ; 9                             ;
; 14                                              ; 7                             ;
; 15                                              ; 14                            ;
; 16                                              ; 23                            ;
; 17                                              ; 0                             ;
; 18                                              ; 0                             ;
; 19                                              ; 2                             ;
; 20                                              ; 0                             ;
; 21                                              ; 0                             ;
; 22                                              ; 0                             ;
; 23                                              ; 1                             ;
+-------------------------------------------------+-------------------------------+


+------------------------------------------------------------------------------+
; LAB Distinct Inputs                                                          ;
+----------------------------------------------+-------------------------------+
; Number of Distinct Inputs  (Average = 11.29) ; Number of LABs  (Total = 300) ;
+----------------------------------------------+-------------------------------+
; 0                                            ; 0                             ;
; 1                                            ; 4                             ;
; 2                                            ; 13                            ;
; 3                                            ; 18                            ;
; 4                                            ; 23                            ;
; 5                                            ; 14                            ;
; 6                                            ; 17                            ;
; 7                                            ; 17                            ;
; 8                                            ; 17                            ;
; 9                                            ; 17                            ;
; 10                                           ; 13                            ;
; 11                                           ; 9                             ;
; 12                                           ; 19                            ;
; 13                                           ; 12                            ;
; 14                                           ; 16                            ;
; 15                                           ; 8                             ;
; 16                                           ; 13                            ;
; 17                                           ; 10                            ;
; 18                                           ; 8                             ;
; 19                                           ; 8                             ;
; 20                                           ; 8                             ;
; 21                                           ; 7                             ;
; 22                                           ; 8                             ;
; 23                                           ; 6                             ;
; 24                                           ; 2                             ;
; 25                                           ; 1                             ;
; 26                                           ; 1                             ;
; 27                                           ; 6                             ;
; 28                                           ; 0                             ;
; 29                                           ; 3                             ;
; 30                                           ; 1                             ;
+----------------------------------------------+-------------------------------+


+------------------------------------------+
; I/O Rules Summary                        ;
+----------------------------------+-------+
; I/O Rules Statistic              ; Total ;
+----------------------------------+-------+
; Total I/O Rules                  ; 30    ;
; Number of I/O Rules Passed       ; 12    ;
; Number of I/O Rules Failed       ; 0     ;
; Number of I/O Rules Unchecked    ; 0     ;
; Number of I/O Rules Inapplicable ; 18    ;
+----------------------------------+-------+


+-----------------------------------------------------------------------------------------------------------------------------------------------------------------------------------------------------------------------------------------------------------------------------------------------------+
; I/O Rules Details                                                                                                                                                                                                                                                                                   ;
+--------------+-----------+-----------------------------------+------------------------------------------------------------------------------------------------------+----------+--------------------------------------------------------------------------+---------------------+-------------------+
; Status       ; ID        ; Category                          ; Rule Description                                                                                     ; Severity ; Information                                                              ; Area                ; Extra Information ;
+--------------+-----------+-----------------------------------+------------------------------------------------------------------------------------------------------+----------+--------------------------------------------------------------------------+---------------------+-------------------+
; Pass         ; IO_000001 ; Capacity Checks                   ; Number of pins in an I/O bank should not exceed the number of locations available.                   ; Critical ; 0 such failures found.                                                   ; I/O                 ;                   ;
; Inapplicable ; IO_000002 ; Capacity Checks                   ; Number of clocks in an I/O bank should not exceed the number of clocks available.                    ; Critical ; No Global Signal assignments found.                                      ; I/O                 ;                   ;
; Pass         ; IO_000003 ; Capacity Checks                   ; Number of pins in a Vrefgroup should not exceed the number of locations available.                   ; Critical ; 0 such failures found.                                                   ; I/O                 ;                   ;
; Inapplicable ; IO_000004 ; Voltage Compatibility Checks      ; The I/O bank should support the requested VCCIO.                                                     ; Critical ; No IOBANK_VCCIO assignments found.                                       ; I/O                 ;                   ;
; Inapplicable ; IO_000005 ; Voltage Compatibility Checks      ; The I/O bank should not have competing VREF values.                                                  ; Critical ; No VREF I/O Standard assignments found.                                  ; I/O                 ;                   ;
; Pass         ; IO_000006 ; Voltage Compatibility Checks      ; The I/O bank should not have competing VCCIO values.                                                 ; Critical ; 0 such failures found.                                                   ; I/O                 ;                   ;
; Pass         ; IO_000007 ; Valid Location Checks             ; Checks for unavailable locations.                                                                    ; Critical ; 0 such failures found.                                                   ; I/O                 ;                   ;
; Inapplicable ; IO_000008 ; Valid Location Checks             ; Checks for reserved locations.                                                                       ; Critical ; No reserved LogicLock region found.                                      ; I/O                 ;                   ;
; Pass         ; IO_000009 ; I/O Properties Checks for One I/O ; The location should support the requested I/O standard.                                              ; Critical ; 0 such failures found.                                                   ; I/O                 ;                   ;
; Pass         ; IO_000010 ; I/O Properties Checks for One I/O ; The location should support the requested I/O direction.                                             ; Critical ; 0 such failures found.                                                   ; I/O                 ;                   ;
; Inapplicable ; IO_000011 ; I/O Properties Checks for One I/O ; The location should support the requested Current Strength.                                          ; Critical ; No Current Strength assignments found.                                   ; I/O                 ;                   ;
; Pass         ; IO_000012 ; I/O Properties Checks for One I/O ; The location should support the requested On Chip Termination value.                                 ; Critical ; 0 such failures found.                                                   ; I/O                 ;                   ;
; Inapplicable ; IO_000013 ; I/O Properties Checks for One I/O ; The location should support the requested Bus Hold value.                                            ; Critical ; No Enable Bus-Hold Circuitry assignments found.                          ; I/O                 ;                   ;
; Inapplicable ; IO_000014 ; I/O Properties Checks for One I/O ; The location should support the requested Weak Pull Up value.                                        ; Critical ; No Weak Pull-Up Resistor assignments found.                              ; I/O                 ;                   ;
; Pass         ; IO_000015 ; I/O Properties Checks for One I/O ; The location should support the requested PCI Clamp Diode.                                           ; Critical ; 0 such failures found.                                                   ; I/O                 ;                   ;
; Inapplicable ; IO_000018 ; I/O Properties Checks for One I/O ; The I/O standard should support the requested Current Strength.                                      ; Critical ; No Current Strength assignments found.                                   ; I/O                 ;                   ;
; Pass         ; IO_000019 ; I/O Properties Checks for One I/O ; The I/O standard should support the requested On Chip Termination value.                             ; Critical ; 0 such failures found.                                                   ; I/O                 ;                   ;
; Pass         ; IO_000020 ; I/O Properties Checks for One I/O ; The I/O standard should support the requested PCI Clamp Diode.                                       ; Critical ; 0 such failures found.                                                   ; I/O                 ;                   ;
; Inapplicable ; IO_000021 ; I/O Properties Checks for One I/O ; The I/O standard should support the requested Weak Pull Up value.                                    ; Critical ; No Weak Pull-Up Resistor assignments found.                              ; I/O                 ;                   ;
; Inapplicable ; IO_000022 ; I/O Properties Checks for One I/O ; The I/O standard should support the requested Bus Hold value.                                        ; Critical ; No Enable Bus-Hold Circuitry assignments found.                          ; I/O                 ;                   ;
; Inapplicable ; IO_000023 ; I/O Properties Checks for One I/O ; The I/O standard should support the Open Drain value.                                                ; Critical ; No open drain assignments found.                                         ; I/O                 ;                   ;
; Pass         ; IO_000024 ; I/O Properties Checks for One I/O ; The I/O direction should support the On Chip Termination value.                                      ; Critical ; 0 such failures found.                                                   ; I/O                 ;                   ;
; Inapplicable ; IO_000026 ; I/O Properties Checks for One I/O ; On Chip Termination and Current Strength should not be used at the same time.                        ; Critical ; No Current Strength assignments found.                                   ; I/O                 ;                   ;
; Inapplicable ; IO_000027 ; I/O Properties Checks for One I/O ; Weak Pull Up and Bus Hold should not be used at the same time.                                       ; Critical ; No Enable Bus-Hold Circuitry or Weak Pull-Up Resistor assignments found. ; I/O                 ;                   ;
; Inapplicable ; IO_000045 ; I/O Properties Checks for One I/O ; The I/O standard should support the requested Slew Rate value.                                       ; Critical ; No Slew Rate assignments found.                                          ; I/O                 ;                   ;
; Inapplicable ; IO_000046 ; I/O Properties Checks for One I/O ; The location should support the requested Slew Rate value.                                           ; Critical ; No Slew Rate assignments found.                                          ; I/O                 ;                   ;
; Inapplicable ; IO_000047 ; I/O Properties Checks for One I/O ; On Chip Termination and Slew Rate should not be used at the same time.                               ; Critical ; No Slew Rate assignments found.                                          ; I/O                 ;                   ;
; Pass         ; IO_000033 ; Electromigration Checks           ; Current density for consecutive I/Os should not exceed 240mA for row I/Os and 240mA for column I/Os. ; Critical ; 0 such failures found.                                                   ; I/O                 ;                   ;
; Inapplicable ; IO_000034 ; SI Related Distance Checks        ; Single-ended outputs should be 5 LAB row(s) away from a differential I/O.                            ; High     ; No Differential I/O Standard assignments found.                          ; I/O                 ;                   ;
; Inapplicable ; IO_000042 ; SI Related SSO Limit Checks       ; No more than 20 outputs are allowed in a VREF group when VREF is being read from.                    ; High     ; No VREF I/O Standard assignments found.                                  ; I/O                 ;                   ;
; ----         ; ----      ; Disclaimer                        ; OCT rules are checked but not reported.                                                              ; None     ; ----                                                                     ; On Chip Termination ;                   ;
+--------------+-----------+-----------------------------------+------------------------------------------------------------------------------------------------------+----------+--------------------------------------------------------------------------+---------------------+-------------------+


+---------------------------------------------------------------------------------------------------------------------------------------------------------------------------------------------------------------------------------------------------------------------------------------------------------------------------------------------------------------------------------------------------------------------------------------------------------------------------+
; I/O Rules Matrix                                                                                                                                                                                                                                                                                                                                                                                                                                                          ;
+---------------------+--------------+--------------+--------------+--------------+--------------+-----------+--------------+--------------+-----------+-----------+--------------+--------------+--------------+--------------+--------------+--------------+--------------+--------------+--------------+--------------+--------------+--------------+--------------+--------------+--------------+--------------+--------------+-----------+--------------+--------------+
; Pin/Rules           ; IO_000001    ; IO_000002    ; IO_000003    ; IO_000004    ; IO_000005    ; IO_000006 ; IO_000007    ; IO_000008    ; IO_000009 ; IO_000010 ; IO_000011    ; IO_000012    ; IO_000013    ; IO_000014    ; IO_000015    ; IO_000018    ; IO_000019    ; IO_000020    ; IO_000021    ; IO_000022    ; IO_000023    ; IO_000024    ; IO_000026    ; IO_000027    ; IO_000045    ; IO_000046    ; IO_000047    ; IO_000033 ; IO_000034    ; IO_000042    ;
+---------------------+--------------+--------------+--------------+--------------+--------------+-----------+--------------+--------------+-----------+-----------+--------------+--------------+--------------+--------------+--------------+--------------+--------------+--------------+--------------+--------------+--------------+--------------+--------------+--------------+--------------+--------------+--------------+-----------+--------------+--------------+
; Total Pass          ; 82           ; 0            ; 82           ; 0            ; 0            ; 90        ; 82           ; 0            ; 90        ; 90        ; 0            ; 80           ; 0            ; 0            ; 26           ; 0            ; 80           ; 26           ; 0            ; 0            ; 0            ; 80           ; 0            ; 0            ; 0            ; 0            ; 0            ; 90        ; 0            ; 0            ;
; Total Unchecked     ; 0            ; 0            ; 0            ; 0            ; 0            ; 0         ; 0            ; 0            ; 0         ; 0         ; 0            ; 0            ; 0            ; 0            ; 0            ; 0            ; 0            ; 0            ; 0            ; 0            ; 0            ; 0            ; 0            ; 0            ; 0            ; 0            ; 0            ; 0         ; 0            ; 0            ;
; Total Inapplicable  ; 8            ; 90           ; 8            ; 90           ; 90           ; 0         ; 8            ; 90           ; 0         ; 0         ; 90           ; 10           ; 90           ; 90           ; 64           ; 90           ; 10           ; 64           ; 90           ; 90           ; 90           ; 10           ; 90           ; 90           ; 90           ; 90           ; 90           ; 0         ; 90           ; 90           ;
; Total Fail          ; 0            ; 0            ; 0            ; 0            ; 0            ; 0         ; 0            ; 0            ; 0         ; 0         ; 0            ; 0            ; 0            ; 0            ; 0            ; 0            ; 0            ; 0            ; 0            ; 0            ; 0            ; 0            ; 0            ; 0            ; 0            ; 0            ; 0            ; 0         ; 0            ; 0            ;
; seg_sel[0]          ; Pass         ; Inapplicable ; Pass         ; Inapplicable ; Inapplicable ; Pass      ; Pass         ; Inapplicable ; Pass      ; Pass      ; Inapplicable ; Pass         ; Inapplicable ; Inapplicable ; Inapplicable ; Inapplicable ; Pass         ; Inapplicable ; Inapplicable ; Inapplicable ; Inapplicable ; Pass         ; Inapplicable ; Inapplicable ; Inapplicable ; Inapplicable ; Inapplicable ; Pass      ; Inapplicable ; Inapplicable ;
; seg_sel[1]          ; Pass         ; Inapplicable ; Pass         ; Inapplicable ; Inapplicable ; Pass      ; Pass         ; Inapplicable ; Pass      ; Pass      ; Inapplicable ; Pass         ; Inapplicable ; Inapplicable ; Inapplicable ; Inapplicable ; Pass         ; Inapplicable ; Inapplicable ; Inapplicable ; Inapplicable ; Pass         ; Inapplicable ; Inapplicable ; Inapplicable ; Inapplicable ; Inapplicable ; Pass      ; Inapplicable ; Inapplicable ;
; seg_sel[2]          ; Pass         ; Inapplicable ; Pass         ; Inapplicable ; Inapplicable ; Pass      ; Pass         ; Inapplicable ; Pass      ; Pass      ; Inapplicable ; Pass         ; Inapplicable ; Inapplicable ; Inapplicable ; Inapplicable ; Pass         ; Inapplicable ; Inapplicable ; Inapplicable ; Inapplicable ; Pass         ; Inapplicable ; Inapplicable ; Inapplicable ; Inapplicable ; Inapplicable ; Pass      ; Inapplicable ; Inapplicable ;
; seg_sel[3]          ; Pass         ; Inapplicable ; Pass         ; Inapplicable ; Inapplicable ; Pass      ; Pass         ; Inapplicable ; Pass      ; Pass      ; Inapplicable ; Pass         ; Inapplicable ; Inapplicable ; Inapplicable ; Inapplicable ; Pass         ; Inapplicable ; Inapplicable ; Inapplicable ; Inapplicable ; Pass         ; Inapplicable ; Inapplicable ; Inapplicable ; Inapplicable ; Inapplicable ; Pass      ; Inapplicable ; Inapplicable ;
; seg_sel[4]          ; Pass         ; Inapplicable ; Pass         ; Inapplicable ; Inapplicable ; Pass      ; Pass         ; Inapplicable ; Pass      ; Pass      ; Inapplicable ; Pass         ; Inapplicable ; Inapplicable ; Inapplicable ; Inapplicable ; Pass         ; Inapplicable ; Inapplicable ; Inapplicable ; Inapplicable ; Pass         ; Inapplicable ; Inapplicable ; Inapplicable ; Inapplicable ; Inapplicable ; Pass      ; Inapplicable ; Inapplicable ;
; seg_sel[5]          ; Pass         ; Inapplicable ; Pass         ; Inapplicable ; Inapplicable ; Pass      ; Pass         ; Inapplicable ; Pass      ; Pass      ; Inapplicable ; Pass         ; Inapplicable ; Inapplicable ; Inapplicable ; Inapplicable ; Pass         ; Inapplicable ; Inapplicable ; Inapplicable ; Inapplicable ; Pass         ; Inapplicable ; Inapplicable ; Inapplicable ; Inapplicable ; Inapplicable ; Pass      ; Inapplicable ; Inapplicable ;
; seg_data[0]         ; Pass         ; Inapplicable ; Pass         ; Inapplicable ; Inapplicable ; Pass      ; Pass         ; Inapplicable ; Pass      ; Pass      ; Inapplicable ; Pass         ; Inapplicable ; Inapplicable ; Inapplicable ; Inapplicable ; Pass         ; Inapplicable ; Inapplicable ; Inapplicable ; Inapplicable ; Pass         ; Inapplicable ; Inapplicable ; Inapplicable ; Inapplicable ; Inapplicable ; Pass      ; Inapplicable ; Inapplicable ;
; seg_data[1]         ; Pass         ; Inapplicable ; Pass         ; Inapplicable ; Inapplicable ; Pass      ; Pass         ; Inapplicable ; Pass      ; Pass      ; Inapplicable ; Pass         ; Inapplicable ; Inapplicable ; Inapplicable ; Inapplicable ; Pass         ; Inapplicable ; Inapplicable ; Inapplicable ; Inapplicable ; Pass         ; Inapplicable ; Inapplicable ; Inapplicable ; Inapplicable ; Inapplicable ; Pass      ; Inapplicable ; Inapplicable ;
; seg_data[2]         ; Pass         ; Inapplicable ; Pass         ; Inapplicable ; Inapplicable ; Pass      ; Pass         ; Inapplicable ; Pass      ; Pass      ; Inapplicable ; Pass         ; Inapplicable ; Inapplicable ; Inapplicable ; Inapplicable ; Pass         ; Inapplicable ; Inapplicable ; Inapplicable ; Inapplicable ; Pass         ; Inapplicable ; Inapplicable ; Inapplicable ; Inapplicable ; Inapplicable ; Pass      ; Inapplicable ; Inapplicable ;
; seg_data[3]         ; Pass         ; Inapplicable ; Pass         ; Inapplicable ; Inapplicable ; Pass      ; Pass         ; Inapplicable ; Pass      ; Pass      ; Inapplicable ; Pass         ; Inapplicable ; Inapplicable ; Inapplicable ; Inapplicable ; Pass         ; Inapplicable ; Inapplicable ; Inapplicable ; Inapplicable ; Pass         ; Inapplicable ; Inapplicable ; Inapplicable ; Inapplicable ; Inapplicable ; Pass      ; Inapplicable ; Inapplicable ;
; seg_data[4]         ; Pass         ; Inapplicable ; Pass         ; Inapplicable ; Inapplicable ; Pass      ; Pass         ; Inapplicable ; Pass      ; Pass      ; Inapplicable ; Pass         ; Inapplicable ; Inapplicable ; Inapplicable ; Inapplicable ; Pass         ; Inapplicable ; Inapplicable ; Inapplicable ; Inapplicable ; Pass         ; Inapplicable ; Inapplicable ; Inapplicable ; Inapplicable ; Inapplicable ; Pass      ; Inapplicable ; Inapplicable ;
; seg_data[5]         ; Pass         ; Inapplicable ; Pass         ; Inapplicable ; Inapplicable ; Pass      ; Pass         ; Inapplicable ; Pass      ; Pass      ; Inapplicable ; Pass         ; Inapplicable ; Inapplicable ; Inapplicable ; Inapplicable ; Pass         ; Inapplicable ; Inapplicable ; Inapplicable ; Inapplicable ; Pass         ; Inapplicable ; Inapplicable ; Inapplicable ; Inapplicable ; Inapplicable ; Pass      ; Inapplicable ; Inapplicable ;
; seg_data[6]         ; Pass         ; Inapplicable ; Pass         ; Inapplicable ; Inapplicable ; Pass      ; Pass         ; Inapplicable ; Pass      ; Pass      ; Inapplicable ; Pass         ; Inapplicable ; Inapplicable ; Inapplicable ; Inapplicable ; Pass         ; Inapplicable ; Inapplicable ; Inapplicable ; Inapplicable ; Pass         ; Inapplicable ; Inapplicable ; Inapplicable ; Inapplicable ; Inapplicable ; Pass      ; Inapplicable ; Inapplicable ;
; seg_data[7]         ; Pass         ; Inapplicable ; Pass         ; Inapplicable ; Inapplicable ; Pass      ; Pass         ; Inapplicable ; Pass      ; Pass      ; Inapplicable ; Pass         ; Inapplicable ; Inapplicable ; Inapplicable ; Inapplicable ; Pass         ; Inapplicable ; Inapplicable ; Inapplicable ; Inapplicable ; Pass         ; Inapplicable ; Inapplicable ; Inapplicable ; Inapplicable ; Inapplicable ; Pass      ; Inapplicable ; Inapplicable ;
; vga_out_hs          ; Pass         ; Inapplicable ; Pass         ; Inapplicable ; Inapplicable ; Pass      ; Pass         ; Inapplicable ; Pass      ; Pass      ; Inapplicable ; Pass         ; Inapplicable ; Inapplicable ; Inapplicable ; Inapplicable ; Pass         ; Inapplicable ; Inapplicable ; Inapplicable ; Inapplicable ; Pass         ; Inapplicable ; Inapplicable ; Inapplicable ; Inapplicable ; Inapplicable ; Pass      ; Inapplicable ; Inapplicable ;
; vga_out_vs          ; Pass         ; Inapplicable ; Pass         ; Inapplicable ; Inapplicable ; Pass      ; Pass         ; Inapplicable ; Pass      ; Pass      ; Inapplicable ; Pass         ; Inapplicable ; Inapplicable ; Inapplicable ; Inapplicable ; Pass         ; Inapplicable ; Inapplicable ; Inapplicable ; Inapplicable ; Pass         ; Inapplicable ; Inapplicable ; Inapplicable ; Inapplicable ; Inapplicable ; Pass      ; Inapplicable ; Inapplicable ;
; vga_out_r[0]        ; Inapplicable ; Inapplicable ; Inapplicable ; Inapplicable ; Inapplicable ; Pass      ; Inapplicable ; Inapplicable ; Pass      ; Pass      ; Inapplicable ; Pass         ; Inapplicable ; Inapplicable ; Inapplicable ; Inapplicable ; Pass         ; Inapplicable ; Inapplicable ; Inapplicable ; Inapplicable ; Pass         ; Inapplicable ; Inapplicable ; Inapplicable ; Inapplicable ; Inapplicable ; Pass      ; Inapplicable ; Inapplicable ;
; vga_out_r[1]        ; Pass         ; Inapplicable ; Pass         ; Inapplicable ; Inapplicable ; Pass      ; Pass         ; Inapplicable ; Pass      ; Pass      ; Inapplicable ; Pass         ; Inapplicable ; Inapplicable ; Inapplicable ; Inapplicable ; Pass         ; Inapplicable ; Inapplicable ; Inapplicable ; Inapplicable ; Pass         ; Inapplicable ; Inapplicable ; Inapplicable ; Inapplicable ; Inapplicable ; Pass      ; Inapplicable ; Inapplicable ;
; vga_out_r[2]        ; Pass         ; Inapplicable ; Pass         ; Inapplicable ; Inapplicable ; Pass      ; Pass         ; Inapplicable ; Pass      ; Pass      ; Inapplicable ; Pass         ; Inapplicable ; Inapplicable ; Inapplicable ; Inapplicable ; Pass         ; Inapplicable ; Inapplicable ; Inapplicable ; Inapplicable ; Pass         ; Inapplicable ; Inapplicable ; Inapplicable ; Inapplicable ; Inapplicable ; Pass      ; Inapplicable ; Inapplicable ;
; vga_out_r[3]        ; Pass         ; Inapplicable ; Pass         ; Inapplicable ; Inapplicable ; Pass      ; Pass         ; Inapplicable ; Pass      ; Pass      ; Inapplicable ; Pass         ; Inapplicable ; Inapplicable ; Inapplicable ; Inapplicable ; Pass         ; Inapplicable ; Inapplicable ; Inapplicable ; Inapplicable ; Pass         ; Inapplicable ; Inapplicable ; Inapplicable ; Inapplicable ; Inapplicable ; Pass      ; Inapplicable ; Inapplicable ;
; vga_out_r[4]        ; Pass         ; Inapplicable ; Pass         ; Inapplicable ; Inapplicable ; Pass      ; Pass         ; Inapplicable ; Pass      ; Pass      ; Inapplicable ; Pass         ; Inapplicable ; Inapplicable ; Inapplicable ; Inapplicable ; Pass         ; Inapplicable ; Inapplicable ; Inapplicable ; Inapplicable ; Pass         ; Inapplicable ; Inapplicable ; Inapplicable ; Inapplicable ; Inapplicable ; Pass      ; Inapplicable ; Inapplicable ;
; vga_out_g[0]        ; Inapplicable ; Inapplicable ; Inapplicable ; Inapplicable ; Inapplicable ; Pass      ; Inapplicable ; Inapplicable ; Pass      ; Pass      ; Inapplicable ; Pass         ; Inapplicable ; Inapplicable ; Inapplicable ; Inapplicable ; Pass         ; Inapplicable ; Inapplicable ; Inapplicable ; Inapplicable ; Pass         ; Inapplicable ; Inapplicable ; Inapplicable ; Inapplicable ; Inapplicable ; Pass      ; Inapplicable ; Inapplicable ;
; vga_out_g[1]        ; Inapplicable ; Inapplicable ; Inapplicable ; Inapplicable ; Inapplicable ; Pass      ; Inapplicable ; Inapplicable ; Pass      ; Pass      ; Inapplicable ; Pass         ; Inapplicable ; Inapplicable ; Inapplicable ; Inapplicable ; Pass         ; Inapplicable ; Inapplicable ; Inapplicable ; Inapplicable ; Pass         ; Inapplicable ; Inapplicable ; Inapplicable ; Inapplicable ; Inapplicable ; Pass      ; Inapplicable ; Inapplicable ;
; vga_out_g[2]        ; Pass         ; Inapplicable ; Pass         ; Inapplicable ; Inapplicable ; Pass      ; Pass         ; Inapplicable ; Pass      ; Pass      ; Inapplicable ; Pass         ; Inapplicable ; Inapplicable ; Inapplicable ; Inapplicable ; Pass         ; Inapplicable ; Inapplicable ; Inapplicable ; Inapplicable ; Pass         ; Inapplicable ; Inapplicable ; Inapplicable ; Inapplicable ; Inapplicable ; Pass      ; Inapplicable ; Inapplicable ;
; vga_out_g[3]        ; Pass         ; Inapplicable ; Pass         ; Inapplicable ; Inapplicable ; Pass      ; Pass         ; Inapplicable ; Pass      ; Pass      ; Inapplicable ; Pass         ; Inapplicable ; Inapplicable ; Inapplicable ; Inapplicable ; Pass         ; Inapplicable ; Inapplicable ; Inapplicable ; Inapplicable ; Pass         ; Inapplicable ; Inapplicable ; Inapplicable ; Inapplicable ; Inapplicable ; Pass      ; Inapplicable ; Inapplicable ;
; vga_out_g[4]        ; Pass         ; Inapplicable ; Pass         ; Inapplicable ; Inapplicable ; Pass      ; Pass         ; Inapplicable ; Pass      ; Pass      ; Inapplicable ; Pass         ; Inapplicable ; Inapplicable ; Inapplicable ; Inapplicable ; Pass         ; Inapplicable ; Inapplicable ; Inapplicable ; Inapplicable ; Pass         ; Inapplicable ; Inapplicable ; Inapplicable ; Inapplicable ; Inapplicable ; Pass      ; Inapplicable ; Inapplicable ;
; vga_out_g[5]        ; Pass         ; Inapplicable ; Pass         ; Inapplicable ; Inapplicable ; Pass      ; Pass         ; Inapplicable ; Pass      ; Pass      ; Inapplicable ; Pass         ; Inapplicable ; Inapplicable ; Inapplicable ; Inapplicable ; Pass         ; Inapplicable ; Inapplicable ; Inapplicable ; Inapplicable ; Pass         ; Inapplicable ; Inapplicable ; Inapplicable ; Inapplicable ; Inapplicable ; Pass      ; Inapplicable ; Inapplicable ;
; vga_out_b[0]        ; Inapplicable ; Inapplicable ; Inapplicable ; Inapplicable ; Inapplicable ; Pass      ; Inapplicable ; Inapplicable ; Pass      ; Pass      ; Inapplicable ; Pass         ; Inapplicable ; Inapplicable ; Inapplicable ; Inapplicable ; Pass         ; Inapplicable ; Inapplicable ; Inapplicable ; Inapplicable ; Pass         ; Inapplicable ; Inapplicable ; Inapplicable ; Inapplicable ; Inapplicable ; Pass      ; Inapplicable ; Inapplicable ;
; vga_out_b[1]        ; Pass         ; Inapplicable ; Pass         ; Inapplicable ; Inapplicable ; Pass      ; Pass         ; Inapplicable ; Pass      ; Pass      ; Inapplicable ; Pass         ; Inapplicable ; Inapplicable ; Inapplicable ; Inapplicable ; Pass         ; Inapplicable ; Inapplicable ; Inapplicable ; Inapplicable ; Pass         ; Inapplicable ; Inapplicable ; Inapplicable ; Inapplicable ; Inapplicable ; Pass      ; Inapplicable ; Inapplicable ;
; vga_out_b[2]        ; Pass         ; Inapplicable ; Pass         ; Inapplicable ; Inapplicable ; Pass      ; Pass         ; Inapplicable ; Pass      ; Pass      ; Inapplicable ; Pass         ; Inapplicable ; Inapplicable ; Inapplicable ; Inapplicable ; Pass         ; Inapplicable ; Inapplicable ; Inapplicable ; Inapplicable ; Pass         ; Inapplicable ; Inapplicable ; Inapplicable ; Inapplicable ; Inapplicable ; Pass      ; Inapplicable ; Inapplicable ;
; vga_out_b[3]        ; Pass         ; Inapplicable ; Pass         ; Inapplicable ; Inapplicable ; Pass      ; Pass         ; Inapplicable ; Pass      ; Pass      ; Inapplicable ; Pass         ; Inapplicable ; Inapplicable ; Inapplicable ; Inapplicable ; Pass         ; Inapplicable ; Inapplicable ; Inapplicable ; Inapplicable ; Pass         ; Inapplicable ; Inapplicable ; Inapplicable ; Inapplicable ; Inapplicable ; Pass      ; Inapplicable ; Inapplicable ;
; vga_out_b[4]        ; Pass         ; Inapplicable ; Pass         ; Inapplicable ; Inapplicable ; Pass      ; Pass         ; Inapplicable ; Pass      ; Pass      ; Inapplicable ; Pass         ; Inapplicable ; Inapplicable ; Inapplicable ; Inapplicable ; Pass         ; Inapplicable ; Inapplicable ; Inapplicable ; Inapplicable ; Pass         ; Inapplicable ; Inapplicable ; Inapplicable ; Inapplicable ; Inapplicable ; Pass      ; Inapplicable ; Inapplicable ;
; sd_ncs              ; Pass         ; Inapplicable ; Pass         ; Inapplicable ; Inapplicable ; Pass      ; Pass         ; Inapplicable ; Pass      ; Pass      ; Inapplicable ; Pass         ; Inapplicable ; Inapplicable ; Inapplicable ; Inapplicable ; Pass         ; Inapplicable ; Inapplicable ; Inapplicable ; Inapplicable ; Pass         ; Inapplicable ; Inapplicable ; Inapplicable ; Inapplicable ; Inapplicable ; Pass      ; Inapplicable ; Inapplicable ;
; sd_dclk             ; Pass         ; Inapplicable ; Pass         ; Inapplicable ; Inapplicable ; Pass      ; Pass         ; Inapplicable ; Pass      ; Pass      ; Inapplicable ; Pass         ; Inapplicable ; Inapplicable ; Inapplicable ; Inapplicable ; Pass         ; Inapplicable ; Inapplicable ; Inapplicable ; Inapplicable ; Pass         ; Inapplicable ; Inapplicable ; Inapplicable ; Inapplicable ; Inapplicable ; Pass      ; Inapplicable ; Inapplicable ;
; sd_mosi             ; Pass         ; Inapplicable ; Pass         ; Inapplicable ; Inapplicable ; Pass      ; Pass         ; Inapplicable ; Pass      ; Pass      ; Inapplicable ; Pass         ; Inapplicable ; Inapplicable ; Inapplicable ; Inapplicable ; Pass         ; Inapplicable ; Inapplicable ; Inapplicable ; Inapplicable ; Pass         ; Inapplicable ; Inapplicable ; Inapplicable ; Inapplicable ; Inapplicable ; Pass      ; Inapplicable ; Inapplicable ;
; sdram_clk           ; Pass         ; Inapplicable ; Pass         ; Inapplicable ; Inapplicable ; Pass      ; Pass         ; Inapplicable ; Pass      ; Pass      ; Inapplicable ; Pass         ; Inapplicable ; Inapplicable ; Inapplicable ; Inapplicable ; Pass         ; Inapplicable ; Inapplicable ; Inapplicable ; Inapplicable ; Pass         ; Inapplicable ; Inapplicable ; Inapplicable ; Inapplicable ; Inapplicable ; Pass      ; Inapplicable ; Inapplicable ;
; sdram_cke           ; Pass         ; Inapplicable ; Pass         ; Inapplicable ; Inapplicable ; Pass      ; Pass         ; Inapplicable ; Pass      ; Pass      ; Inapplicable ; Pass         ; Inapplicable ; Inapplicable ; Inapplicable ; Inapplicable ; Pass         ; Inapplicable ; Inapplicable ; Inapplicable ; Inapplicable ; Pass         ; Inapplicable ; Inapplicable ; Inapplicable ; Inapplicable ; Inapplicable ; Pass      ; Inapplicable ; Inapplicable ;
; sdram_cs_n          ; Pass         ; Inapplicable ; Pass         ; Inapplicable ; Inapplicable ; Pass      ; Pass         ; Inapplicable ; Pass      ; Pass      ; Inapplicable ; Pass         ; Inapplicable ; Inapplicable ; Inapplicable ; Inapplicable ; Pass         ; Inapplicable ; Inapplicable ; Inapplicable ; Inapplicable ; Pass         ; Inapplicable ; Inapplicable ; Inapplicable ; Inapplicable ; Inapplicable ; Pass      ; Inapplicable ; Inapplicable ;
; sdram_we_n          ; Pass         ; Inapplicable ; Pass         ; Inapplicable ; Inapplicable ; Pass      ; Pass         ; Inapplicable ; Pass      ; Pass      ; Inapplicable ; Pass         ; Inapplicable ; Inapplicable ; Inapplicable ; Inapplicable ; Pass         ; Inapplicable ; Inapplicable ; Inapplicable ; Inapplicable ; Pass         ; Inapplicable ; Inapplicable ; Inapplicable ; Inapplicable ; Inapplicable ; Pass      ; Inapplicable ; Inapplicable ;
; sdram_cas_n         ; Pass         ; Inapplicable ; Pass         ; Inapplicable ; Inapplicable ; Pass      ; Pass         ; Inapplicable ; Pass      ; Pass      ; Inapplicable ; Pass         ; Inapplicable ; Inapplicable ; Inapplicable ; Inapplicable ; Pass         ; Inapplicable ; Inapplicable ; Inapplicable ; Inapplicable ; Pass         ; Inapplicable ; Inapplicable ; Inapplicable ; Inapplicable ; Inapplicable ; Pass      ; Inapplicable ; Inapplicable ;
; sdram_ras_n         ; Pass         ; Inapplicable ; Pass         ; Inapplicable ; Inapplicable ; Pass      ; Pass         ; Inapplicable ; Pass      ; Pass      ; Inapplicable ; Pass         ; Inapplicable ; Inapplicable ; Inapplicable ; Inapplicable ; Pass         ; Inapplicable ; Inapplicable ; Inapplicable ; Inapplicable ; Pass         ; Inapplicable ; Inapplicable ; Inapplicable ; Inapplicable ; Inapplicable ; Pass      ; Inapplicable ; Inapplicable ;
; sdram_dqm[0]        ; Pass         ; Inapplicable ; Pass         ; Inapplicable ; Inapplicable ; Pass      ; Pass         ; Inapplicable ; Pass      ; Pass      ; Inapplicable ; Pass         ; Inapplicable ; Inapplicable ; Inapplicable ; Inapplicable ; Pass         ; Inapplicable ; Inapplicable ; Inapplicable ; Inapplicable ; Pass         ; Inapplicable ; Inapplicable ; Inapplicable ; Inapplicable ; Inapplicable ; Pass      ; Inapplicable ; Inapplicable ;
; sdram_dqm[1]        ; Pass         ; Inapplicable ; Pass         ; Inapplicable ; Inapplicable ; Pass      ; Pass         ; Inapplicable ; Pass      ; Pass      ; Inapplicable ; Pass         ; Inapplicable ; Inapplicable ; Inapplicable ; Inapplicable ; Pass         ; Inapplicable ; Inapplicable ; Inapplicable ; Inapplicable ; Pass         ; Inapplicable ; Inapplicable ; Inapplicable ; Inapplicable ; Inapplicable ; Pass      ; Inapplicable ; Inapplicable ;
; sdram_ba[0]         ; Pass         ; Inapplicable ; Pass         ; Inapplicable ; Inapplicable ; Pass      ; Pass         ; Inapplicable ; Pass      ; Pass      ; Inapplicable ; Pass         ; Inapplicable ; Inapplicable ; Inapplicable ; Inapplicable ; Pass         ; Inapplicable ; Inapplicable ; Inapplicable ; Inapplicable ; Pass         ; Inapplicable ; Inapplicable ; Inapplicable ; Inapplicable ; Inapplicable ; Pass      ; Inapplicable ; Inapplicable ;
; sdram_ba[1]         ; Pass         ; Inapplicable ; Pass         ; Inapplicable ; Inapplicable ; Pass      ; Pass         ; Inapplicable ; Pass      ; Pass      ; Inapplicable ; Pass         ; Inapplicable ; Inapplicable ; Inapplicable ; Inapplicable ; Pass         ; Inapplicable ; Inapplicable ; Inapplicable ; Inapplicable ; Pass         ; Inapplicable ; Inapplicable ; Inapplicable ; Inapplicable ; Inapplicable ; Pass      ; Inapplicable ; Inapplicable ;
; sdram_addr[0]       ; Pass         ; Inapplicable ; Pass         ; Inapplicable ; Inapplicable ; Pass      ; Pass         ; Inapplicable ; Pass      ; Pass      ; Inapplicable ; Pass         ; Inapplicable ; Inapplicable ; Inapplicable ; Inapplicable ; Pass         ; Inapplicable ; Inapplicable ; Inapplicable ; Inapplicable ; Pass         ; Inapplicable ; Inapplicable ; Inapplicable ; Inapplicable ; Inapplicable ; Pass      ; Inapplicable ; Inapplicable ;
; sdram_addr[1]       ; Pass         ; Inapplicable ; Pass         ; Inapplicable ; Inapplicable ; Pass      ; Pass         ; Inapplicable ; Pass      ; Pass      ; Inapplicable ; Pass         ; Inapplicable ; Inapplicable ; Inapplicable ; Inapplicable ; Pass         ; Inapplicable ; Inapplicable ; Inapplicable ; Inapplicable ; Pass         ; Inapplicable ; Inapplicable ; Inapplicable ; Inapplicable ; Inapplicable ; Pass      ; Inapplicable ; Inapplicable ;
; sdram_addr[2]       ; Pass         ; Inapplicable ; Pass         ; Inapplicable ; Inapplicable ; Pass      ; Pass         ; Inapplicable ; Pass      ; Pass      ; Inapplicable ; Pass         ; Inapplicable ; Inapplicable ; Inapplicable ; Inapplicable ; Pass         ; Inapplicable ; Inapplicable ; Inapplicable ; Inapplicable ; Pass         ; Inapplicable ; Inapplicable ; Inapplicable ; Inapplicable ; Inapplicable ; Pass      ; Inapplicable ; Inapplicable ;
; sdram_addr[3]       ; Pass         ; Inapplicable ; Pass         ; Inapplicable ; Inapplicable ; Pass      ; Pass         ; Inapplicable ; Pass      ; Pass      ; Inapplicable ; Pass         ; Inapplicable ; Inapplicable ; Inapplicable ; Inapplicable ; Pass         ; Inapplicable ; Inapplicable ; Inapplicable ; Inapplicable ; Pass         ; Inapplicable ; Inapplicable ; Inapplicable ; Inapplicable ; Inapplicable ; Pass      ; Inapplicable ; Inapplicable ;
; sdram_addr[4]       ; Pass         ; Inapplicable ; Pass         ; Inapplicable ; Inapplicable ; Pass      ; Pass         ; Inapplicable ; Pass      ; Pass      ; Inapplicable ; Pass         ; Inapplicable ; Inapplicable ; Inapplicable ; Inapplicable ; Pass         ; Inapplicable ; Inapplicable ; Inapplicable ; Inapplicable ; Pass         ; Inapplicable ; Inapplicable ; Inapplicable ; Inapplicable ; Inapplicable ; Pass      ; Inapplicable ; Inapplicable ;
; sdram_addr[5]       ; Pass         ; Inapplicable ; Pass         ; Inapplicable ; Inapplicable ; Pass      ; Pass         ; Inapplicable ; Pass      ; Pass      ; Inapplicable ; Pass         ; Inapplicable ; Inapplicable ; Inapplicable ; Inapplicable ; Pass         ; Inapplicable ; Inapplicable ; Inapplicable ; Inapplicable ; Pass         ; Inapplicable ; Inapplicable ; Inapplicable ; Inapplicable ; Inapplicable ; Pass      ; Inapplicable ; Inapplicable ;
; sdram_addr[6]       ; Pass         ; Inapplicable ; Pass         ; Inapplicable ; Inapplicable ; Pass      ; Pass         ; Inapplicable ; Pass      ; Pass      ; Inapplicable ; Pass         ; Inapplicable ; Inapplicable ; Inapplicable ; Inapplicable ; Pass         ; Inapplicable ; Inapplicable ; Inapplicable ; Inapplicable ; Pass         ; Inapplicable ; Inapplicable ; Inapplicable ; Inapplicable ; Inapplicable ; Pass      ; Inapplicable ; Inapplicable ;
; sdram_addr[7]       ; Pass         ; Inapplicable ; Pass         ; Inapplicable ; Inapplicable ; Pass      ; Pass         ; Inapplicable ; Pass      ; Pass      ; Inapplicable ; Pass         ; Inapplicable ; Inapplicable ; Inapplicable ; Inapplicable ; Pass         ; Inapplicable ; Inapplicable ; Inapplicable ; Inapplicable ; Pass         ; Inapplicable ; Inapplicable ; Inapplicable ; Inapplicable ; Inapplicable ; Pass      ; Inapplicable ; Inapplicable ;
; sdram_addr[8]       ; Pass         ; Inapplicable ; Pass         ; Inapplicable ; Inapplicable ; Pass      ; Pass         ; Inapplicable ; Pass      ; Pass      ; Inapplicable ; Pass         ; Inapplicable ; Inapplicable ; Inapplicable ; Inapplicable ; Pass         ; Inapplicable ; Inapplicable ; Inapplicable ; Inapplicable ; Pass         ; Inapplicable ; Inapplicable ; Inapplicable ; Inapplicable ; Inapplicable ; Pass      ; Inapplicable ; Inapplicable ;
; sdram_addr[9]       ; Pass         ; Inapplicable ; Pass         ; Inapplicable ; Inapplicable ; Pass      ; Pass         ; Inapplicable ; Pass      ; Pass      ; Inapplicable ; Pass         ; Inapplicable ; Inapplicable ; Inapplicable ; Inapplicable ; Pass         ; Inapplicable ; Inapplicable ; Inapplicable ; Inapplicable ; Pass         ; Inapplicable ; Inapplicable ; Inapplicable ; Inapplicable ; Inapplicable ; Pass      ; Inapplicable ; Inapplicable ;
; sdram_addr[10]      ; Pass         ; Inapplicable ; Pass         ; Inapplicable ; Inapplicable ; Pass      ; Pass         ; Inapplicable ; Pass      ; Pass      ; Inapplicable ; Pass         ; Inapplicable ; Inapplicable ; Inapplicable ; Inapplicable ; Pass         ; Inapplicable ; Inapplicable ; Inapplicable ; Inapplicable ; Pass         ; Inapplicable ; Inapplicable ; Inapplicable ; Inapplicable ; Inapplicable ; Pass      ; Inapplicable ; Inapplicable ;
; sdram_addr[11]      ; Pass         ; Inapplicable ; Pass         ; Inapplicable ; Inapplicable ; Pass      ; Pass         ; Inapplicable ; Pass      ; Pass      ; Inapplicable ; Pass         ; Inapplicable ; Inapplicable ; Inapplicable ; Inapplicable ; Pass         ; Inapplicable ; Inapplicable ; Inapplicable ; Inapplicable ; Pass         ; Inapplicable ; Inapplicable ; Inapplicable ; Inapplicable ; Inapplicable ; Pass      ; Inapplicable ; Inapplicable ;
; sdram_addr[12]      ; Pass         ; Inapplicable ; Pass         ; Inapplicable ; Inapplicable ; Pass      ; Pass         ; Inapplicable ; Pass      ; Pass      ; Inapplicable ; Pass         ; Inapplicable ; Inapplicable ; Inapplicable ; Inapplicable ; Pass         ; Inapplicable ; Inapplicable ; Inapplicable ; Inapplicable ; Pass         ; Inapplicable ; Inapplicable ; Inapplicable ; Inapplicable ; Inapplicable ; Pass      ; Inapplicable ; Inapplicable ;
; flash_cs_n          ; Pass         ; Inapplicable ; Pass         ; Inapplicable ; Inapplicable ; Pass      ; Pass         ; Inapplicable ; Pass      ; Pass      ; Inapplicable ; Pass         ; Inapplicable ; Inapplicable ; Inapplicable ; Inapplicable ; Pass         ; Inapplicable ; Inapplicable ; Inapplicable ; Inapplicable ; Pass         ; Inapplicable ; Inapplicable ; Inapplicable ; Inapplicable ; Inapplicable ; Pass      ; Inapplicable ; Inapplicable ;
; flash_sck           ; Pass         ; Inapplicable ; Pass         ; Inapplicable ; Inapplicable ; Pass      ; Pass         ; Inapplicable ; Pass      ; Pass      ; Inapplicable ; Pass         ; Inapplicable ; Inapplicable ; Inapplicable ; Inapplicable ; Pass         ; Inapplicable ; Inapplicable ; Inapplicable ; Inapplicable ; Pass         ; Inapplicable ; Inapplicable ; Inapplicable ; Inapplicable ; Inapplicable ; Pass      ; Inapplicable ; Inapplicable ;
; sdram_dq[0]         ; Pass         ; Inapplicable ; Pass         ; Inapplicable ; Inapplicable ; Pass      ; Pass         ; Inapplicable ; Pass      ; Pass      ; Inapplicable ; Pass         ; Inapplicable ; Inapplicable ; Pass         ; Inapplicable ; Pass         ; Pass         ; Inapplicable ; Inapplicable ; Inapplicable ; Pass         ; Inapplicable ; Inapplicable ; Inapplicable ; Inapplicable ; Inapplicable ; Pass      ; Inapplicable ; Inapplicable ;
; sdram_dq[1]         ; Pass         ; Inapplicable ; Pass         ; Inapplicable ; Inapplicable ; Pass      ; Pass         ; Inapplicable ; Pass      ; Pass      ; Inapplicable ; Pass         ; Inapplicable ; Inapplicable ; Pass         ; Inapplicable ; Pass         ; Pass         ; Inapplicable ; Inapplicable ; Inapplicable ; Pass         ; Inapplicable ; Inapplicable ; Inapplicable ; Inapplicable ; Inapplicable ; Pass      ; Inapplicable ; Inapplicable ;
; sdram_dq[2]         ; Pass         ; Inapplicable ; Pass         ; Inapplicable ; Inapplicable ; Pass      ; Pass         ; Inapplicable ; Pass      ; Pass      ; Inapplicable ; Pass         ; Inapplicable ; Inapplicable ; Pass         ; Inapplicable ; Pass         ; Pass         ; Inapplicable ; Inapplicable ; Inapplicable ; Pass         ; Inapplicable ; Inapplicable ; Inapplicable ; Inapplicable ; Inapplicable ; Pass      ; Inapplicable ; Inapplicable ;
; sdram_dq[3]         ; Pass         ; Inapplicable ; Pass         ; Inapplicable ; Inapplicable ; Pass      ; Pass         ; Inapplicable ; Pass      ; Pass      ; Inapplicable ; Pass         ; Inapplicable ; Inapplicable ; Pass         ; Inapplicable ; Pass         ; Pass         ; Inapplicable ; Inapplicable ; Inapplicable ; Pass         ; Inapplicable ; Inapplicable ; Inapplicable ; Inapplicable ; Inapplicable ; Pass      ; Inapplicable ; Inapplicable ;
; sdram_dq[4]         ; Pass         ; Inapplicable ; Pass         ; Inapplicable ; Inapplicable ; Pass      ; Pass         ; Inapplicable ; Pass      ; Pass      ; Inapplicable ; Pass         ; Inapplicable ; Inapplicable ; Pass         ; Inapplicable ; Pass         ; Pass         ; Inapplicable ; Inapplicable ; Inapplicable ; Pass         ; Inapplicable ; Inapplicable ; Inapplicable ; Inapplicable ; Inapplicable ; Pass      ; Inapplicable ; Inapplicable ;
; sdram_dq[5]         ; Pass         ; Inapplicable ; Pass         ; Inapplicable ; Inapplicable ; Pass      ; Pass         ; Inapplicable ; Pass      ; Pass      ; Inapplicable ; Pass         ; Inapplicable ; Inapplicable ; Pass         ; Inapplicable ; Pass         ; Pass         ; Inapplicable ; Inapplicable ; Inapplicable ; Pass         ; Inapplicable ; Inapplicable ; Inapplicable ; Inapplicable ; Inapplicable ; Pass      ; Inapplicable ; Inapplicable ;
; sdram_dq[6]         ; Pass         ; Inapplicable ; Pass         ; Inapplicable ; Inapplicable ; Pass      ; Pass         ; Inapplicable ; Pass      ; Pass      ; Inapplicable ; Pass         ; Inapplicable ; Inapplicable ; Pass         ; Inapplicable ; Pass         ; Pass         ; Inapplicable ; Inapplicable ; Inapplicable ; Pass         ; Inapplicable ; Inapplicable ; Inapplicable ; Inapplicable ; Inapplicable ; Pass      ; Inapplicable ; Inapplicable ;
; sdram_dq[7]         ; Pass         ; Inapplicable ; Pass         ; Inapplicable ; Inapplicable ; Pass      ; Pass         ; Inapplicable ; Pass      ; Pass      ; Inapplicable ; Pass         ; Inapplicable ; Inapplicable ; Pass         ; Inapplicable ; Pass         ; Pass         ; Inapplicable ; Inapplicable ; Inapplicable ; Pass         ; Inapplicable ; Inapplicable ; Inapplicable ; Inapplicable ; Inapplicable ; Pass      ; Inapplicable ; Inapplicable ;
; sdram_dq[8]         ; Pass         ; Inapplicable ; Pass         ; Inapplicable ; Inapplicable ; Pass      ; Pass         ; Inapplicable ; Pass      ; Pass      ; Inapplicable ; Pass         ; Inapplicable ; Inapplicable ; Pass         ; Inapplicable ; Pass         ; Pass         ; Inapplicable ; Inapplicable ; Inapplicable ; Pass         ; Inapplicable ; Inapplicable ; Inapplicable ; Inapplicable ; Inapplicable ; Pass      ; Inapplicable ; Inapplicable ;
; sdram_dq[9]         ; Pass         ; Inapplicable ; Pass         ; Inapplicable ; Inapplicable ; Pass      ; Pass         ; Inapplicable ; Pass      ; Pass      ; Inapplicable ; Pass         ; Inapplicable ; Inapplicable ; Pass         ; Inapplicable ; Pass         ; Pass         ; Inapplicable ; Inapplicable ; Inapplicable ; Pass         ; Inapplicable ; Inapplicable ; Inapplicable ; Inapplicable ; Inapplicable ; Pass      ; Inapplicable ; Inapplicable ;
; sdram_dq[10]        ; Pass         ; Inapplicable ; Pass         ; Inapplicable ; Inapplicable ; Pass      ; Pass         ; Inapplicable ; Pass      ; Pass      ; Inapplicable ; Pass         ; Inapplicable ; Inapplicable ; Pass         ; Inapplicable ; Pass         ; Pass         ; Inapplicable ; Inapplicable ; Inapplicable ; Pass         ; Inapplicable ; Inapplicable ; Inapplicable ; Inapplicable ; Inapplicable ; Pass      ; Inapplicable ; Inapplicable ;
; sdram_dq[11]        ; Pass         ; Inapplicable ; Pass         ; Inapplicable ; Inapplicable ; Pass      ; Pass         ; Inapplicable ; Pass      ; Pass      ; Inapplicable ; Pass         ; Inapplicable ; Inapplicable ; Pass         ; Inapplicable ; Pass         ; Pass         ; Inapplicable ; Inapplicable ; Inapplicable ; Pass         ; Inapplicable ; Inapplicable ; Inapplicable ; Inapplicable ; Inapplicable ; Pass      ; Inapplicable ; Inapplicable ;
; sdram_dq[12]        ; Pass         ; Inapplicable ; Pass         ; Inapplicable ; Inapplicable ; Pass      ; Pass         ; Inapplicable ; Pass      ; Pass      ; Inapplicable ; Pass         ; Inapplicable ; Inapplicable ; Pass         ; Inapplicable ; Pass         ; Pass         ; Inapplicable ; Inapplicable ; Inapplicable ; Pass         ; Inapplicable ; Inapplicable ; Inapplicable ; Inapplicable ; Inapplicable ; Pass      ; Inapplicable ; Inapplicable ;
; sdram_dq[13]        ; Pass         ; Inapplicable ; Pass         ; Inapplicable ; Inapplicable ; Pass      ; Pass         ; Inapplicable ; Pass      ; Pass      ; Inapplicable ; Pass         ; Inapplicable ; Inapplicable ; Pass         ; Inapplicable ; Pass         ; Pass         ; Inapplicable ; Inapplicable ; Inapplicable ; Pass         ; Inapplicable ; Inapplicable ; Inapplicable ; Inapplicable ; Inapplicable ; Pass      ; Inapplicable ; Inapplicable ;
; sdram_dq[14]        ; Pass         ; Inapplicable ; Pass         ; Inapplicable ; Inapplicable ; Pass      ; Pass         ; Inapplicable ; Pass      ; Pass      ; Inapplicable ; Pass         ; Inapplicable ; Inapplicable ; Pass         ; Inapplicable ; Pass         ; Pass         ; Inapplicable ; Inapplicable ; Inapplicable ; Pass         ; Inapplicable ; Inapplicable ; Inapplicable ; Inapplicable ; Inapplicable ; Pass      ; Inapplicable ; Inapplicable ;
; sdram_dq[15]        ; Pass         ; Inapplicable ; Pass         ; Inapplicable ; Inapplicable ; Pass      ; Pass         ; Inapplicable ; Pass      ; Pass      ; Inapplicable ; Pass         ; Inapplicable ; Inapplicable ; Pass         ; Inapplicable ; Pass         ; Pass         ; Inapplicable ; Inapplicable ; Inapplicable ; Pass         ; Inapplicable ; Inapplicable ; Inapplicable ; Inapplicable ; Inapplicable ; Pass      ; Inapplicable ; Inapplicable ;
; flash_qspi_IO0      ; Pass         ; Inapplicable ; Pass         ; Inapplicable ; Inapplicable ; Pass      ; Pass         ; Inapplicable ; Pass      ; Pass      ; Inapplicable ; Pass         ; Inapplicable ; Inapplicable ; Pass         ; Inapplicable ; Pass         ; Pass         ; Inapplicable ; Inapplicable ; Inapplicable ; Pass         ; Inapplicable ; Inapplicable ; Inapplicable ; Inapplicable ; Inapplicable ; Pass      ; Inapplicable ; Inapplicable ;
; flash_qspi_IO1      ; Pass         ; Inapplicable ; Pass         ; Inapplicable ; Inapplicable ; Pass      ; Pass         ; Inapplicable ; Pass      ; Pass      ; Inapplicable ; Pass         ; Inapplicable ; Inapplicable ; Pass         ; Inapplicable ; Pass         ; Pass         ; Inapplicable ; Inapplicable ; Inapplicable ; Pass         ; Inapplicable ; Inapplicable ; Inapplicable ; Inapplicable ; Inapplicable ; Pass      ; Inapplicable ; Inapplicable ;
; flash_qspi_IO2      ; Pass         ; Inapplicable ; Pass         ; Inapplicable ; Inapplicable ; Pass      ; Pass         ; Inapplicable ; Pass      ; Pass      ; Inapplicable ; Pass         ; Inapplicable ; Inapplicable ; Pass         ; Inapplicable ; Pass         ; Pass         ; Inapplicable ; Inapplicable ; Inapplicable ; Pass         ; Inapplicable ; Inapplicable ; Inapplicable ; Inapplicable ; Inapplicable ; Pass      ; Inapplicable ; Inapplicable ;
; flash_qspi_IO3      ; Pass         ; Inapplicable ; Pass         ; Inapplicable ; Inapplicable ; Pass      ; Pass         ; Inapplicable ; Pass      ; Pass      ; Inapplicable ; Pass         ; Inapplicable ; Inapplicable ; Pass         ; Inapplicable ; Pass         ; Pass         ; Inapplicable ; Inapplicable ; Inapplicable ; Pass         ; Inapplicable ; Inapplicable ; Inapplicable ; Inapplicable ; Inapplicable ; Pass      ; Inapplicable ; Inapplicable ;
; clk                 ; Pass         ; Inapplicable ; Pass         ; Inapplicable ; Inapplicable ; Pass      ; Pass         ; Inapplicable ; Pass      ; Pass      ; Inapplicable ; Inapplicable ; Inapplicable ; Inapplicable ; Pass         ; Inapplicable ; Inapplicable ; Pass         ; Inapplicable ; Inapplicable ; Inapplicable ; Inapplicable ; Inapplicable ; Inapplicable ; Inapplicable ; Inapplicable ; Inapplicable ; Pass      ; Inapplicable ; Inapplicable ;
; rst_n               ; Pass         ; Inapplicable ; Pass         ; Inapplicable ; Inapplicable ; Pass      ; Pass         ; Inapplicable ; Pass      ; Pass      ; Inapplicable ; Inapplicable ; Inapplicable ; Inapplicable ; Pass         ; Inapplicable ; Inapplicable ; Pass         ; Inapplicable ; Inapplicable ; Inapplicable ; Inapplicable ; Inapplicable ; Inapplicable ; Inapplicable ; Inapplicable ; Inapplicable ; Pass      ; Inapplicable ; Inapplicable ;
; sd_miso             ; Pass         ; Inapplicable ; Pass         ; Inapplicable ; Inapplicable ; Pass      ; Pass         ; Inapplicable ; Pass      ; Pass      ; Inapplicable ; Inapplicable ; Inapplicable ; Inapplicable ; Pass         ; Inapplicable ; Inapplicable ; Pass         ; Inapplicable ; Inapplicable ; Inapplicable ; Inapplicable ; Inapplicable ; Inapplicable ; Inapplicable ; Inapplicable ; Inapplicable ; Pass      ; Inapplicable ; Inapplicable ;
; switch1             ; Pass         ; Inapplicable ; Pass         ; Inapplicable ; Inapplicable ; Pass      ; Pass         ; Inapplicable ; Pass      ; Pass      ; Inapplicable ; Inapplicable ; Inapplicable ; Inapplicable ; Pass         ; Inapplicable ; Inapplicable ; Pass         ; Inapplicable ; Inapplicable ; Inapplicable ; Inapplicable ; Inapplicable ; Inapplicable ; Inapplicable ; Inapplicable ; Inapplicable ; Pass      ; Inapplicable ; Inapplicable ;
; key2                ; Pass         ; Inapplicable ; Pass         ; Inapplicable ; Inapplicable ; Pass      ; Pass         ; Inapplicable ; Pass      ; Pass      ; Inapplicable ; Inapplicable ; Inapplicable ; Inapplicable ; Pass         ; Inapplicable ; Inapplicable ; Pass         ; Inapplicable ; Inapplicable ; Inapplicable ; Inapplicable ; Inapplicable ; Inapplicable ; Inapplicable ; Inapplicable ; Inapplicable ; Pass      ; Inapplicable ; Inapplicable ;
; key1                ; Pass         ; Inapplicable ; Pass         ; Inapplicable ; Inapplicable ; Pass      ; Pass         ; Inapplicable ; Pass      ; Pass      ; Inapplicable ; Inapplicable ; Inapplicable ; Inapplicable ; Pass         ; Inapplicable ; Inapplicable ; Pass         ; Inapplicable ; Inapplicable ; Inapplicable ; Inapplicable ; Inapplicable ; Inapplicable ; Inapplicable ; Inapplicable ; Inapplicable ; Pass      ; Inapplicable ; Inapplicable ;
; altera_reserved_tms ; Inapplicable ; Inapplicable ; Inapplicable ; Inapplicable ; Inapplicable ; Pass      ; Inapplicable ; Inapplicable ; Pass      ; Pass      ; Inapplicable ; Inapplicable ; Inapplicable ; Inapplicable ; Inapplicable ; Inapplicable ; Inapplicable ; Inapplicable ; Inapplicable ; Inapplicable ; Inapplicable ; Inapplicable ; Inapplicable ; Inapplicable ; Inapplicable ; Inapplicable ; Inapplicable ; Pass      ; Inapplicable ; Inapplicable ;
; altera_reserved_tck ; Inapplicable ; Inapplicable ; Inapplicable ; Inapplicable ; Inapplicable ; Pass      ; Inapplicable ; Inapplicable ; Pass      ; Pass      ; Inapplicable ; Inapplicable ; Inapplicable ; Inapplicable ; Inapplicable ; Inapplicable ; Inapplicable ; Inapplicable ; Inapplicable ; Inapplicable ; Inapplicable ; Inapplicable ; Inapplicable ; Inapplicable ; Inapplicable ; Inapplicable ; Inapplicable ; Pass      ; Inapplicable ; Inapplicable ;
; altera_reserved_tdi ; Inapplicable ; Inapplicable ; Inapplicable ; Inapplicable ; Inapplicable ; Pass      ; Inapplicable ; Inapplicable ; Pass      ; Pass      ; Inapplicable ; Inapplicable ; Inapplicable ; Inapplicable ; Inapplicable ; Inapplicable ; Inapplicable ; Inapplicable ; Inapplicable ; Inapplicable ; Inapplicable ; Inapplicable ; Inapplicable ; Inapplicable ; Inapplicable ; Inapplicable ; Inapplicable ; Pass      ; Inapplicable ; Inapplicable ;
; altera_reserved_tdo ; Inapplicable ; Inapplicable ; Inapplicable ; Inapplicable ; Inapplicable ; Pass      ; Inapplicable ; Inapplicable ; Pass      ; Pass      ; Inapplicable ; Inapplicable ; Inapplicable ; Inapplicable ; Inapplicable ; Inapplicable ; Inapplicable ; Inapplicable ; Inapplicable ; Inapplicable ; Inapplicable ; Inapplicable ; Inapplicable ; Inapplicable ; Inapplicable ; Inapplicable ; Inapplicable ; Pass      ; Inapplicable ; Inapplicable ;
+---------------------+--------------+--------------+--------------+--------------+--------------+-----------+--------------+--------------+-----------+-----------+--------------+--------------+--------------+--------------+--------------+--------------+--------------+--------------+--------------+--------------+--------------+--------------+--------------+--------------+--------------+--------------+--------------+-----------+--------------+--------------+


+----------------------------------------------------------------------------------+
; Fitter Device Options                                                            ;
+------------------------------------------------------------------+---------------+
; Option                                                           ; Setting       ;
+------------------------------------------------------------------+---------------+
; Enable user-supplied start-up clock (CLKUSR)                     ; Off           ;
; Enable device-wide reset (DEV_CLRn)                              ; Off           ;
; Enable device-wide output enable (DEV_OE)                        ; Off           ;
; Enable INIT_DONE output                                          ; Off           ;
; Configuration scheme                                             ; Active Serial ;
; Error detection CRC                                              ; Off           ;
; Enable open drain on CRC_ERROR pin                               ; Off           ;
; Enable input tri-state on active configuration pins in user mode ; Off           ;
; Configuration Voltage Level                                      ; Auto          ;
; Force Configuration Voltage Level                                ; Off           ;
; nCEO                                                             ; Unreserved    ;
; Data[0]                                                          ; Unreserved    ;
; Data[1]/ASDO                                                     ; Unreserved    ;
; Data[7..2]                                                       ; Unreserved    ;
; FLASH_nCE/nCSO                                                   ; Unreserved    ;
; Other Active Parallel pins                                       ; Unreserved    ;
; DCLK                                                             ; Unreserved    ;
+------------------------------------------------------------------+---------------+


+------------------------------------+
; Operating Settings and Conditions  ;
+---------------------------+--------+
; Setting                   ; Value  ;
+---------------------------+--------+
; Nominal Core Voltage      ; 1.20 V ;
; Low Junction Temperature  ; 0 °C   ;
; High Junction Temperature ; 85 °C  ;
+---------------------------+--------+


+-------------------------------------------------------------------------------------------------------------------------------------+
; Estimated Delay Added for Hold Timing Summary                                                                                       ;
+--------------------------------------------------------+--------------------------------------------------------+-------------------+
; Source Clock(s)                                        ; Destination Clock(s)                                   ; Delay Added in ns ;
+--------------------------------------------------------+--------------------------------------------------------+-------------------+
; sys_pll_m0|altpll_component|auto_generated|pll1|clk[2] ; sys_pll_m0|altpll_component|auto_generated|pll1|clk[2] ; 7.1               ;
; sys_pll_m0|altpll_component|auto_generated|pll1|clk[0] ; sys_pll_m0|altpll_component|auto_generated|pll1|clk[0] ; 2.8               ;
; sys_pll_m0|altpll_component|auto_generated|pll1|clk[1] ; sys_pll_m0|altpll_component|auto_generated|pll1|clk[1] ; 2.2               ;
; altera_reserved_tck                                    ; altera_reserved_tck                                    ; 2.0               ;
+--------------------------------------------------------+--------------------------------------------------------+-------------------+
Note: For more information on problematic transfers, consider running the Fitter again with the Optimize hold timing option (Settings Menu) turned off.
This will disable optimization of problematic paths and expose them for further analysis using the Timing Analyzer.


+--------------------------------------------------------------------------------------------------------------------------------------------------------------------------------------------------------------------------------------------------------------------------------------------------------------------------------------------------------------------------------------------------------------------------------------------------+
; Estimated Delay Added for Hold Timing Details                                                                                                                                                                                                                                                                                                                                                                                                    ;
+-----------------------------------------------------------------------------------------------------------------------------------------------------------------------------------+------------------------------------------------------------------------------------------------------------------------------------------------------------------------------------------------------------------------------------------+-------------------+
; Source Register                                                                                                                                                                   ; Destination Register                                                                                                                                                                                                                     ; Delay Added in ns ;
+-----------------------------------------------------------------------------------------------------------------------------------------------------------------------------------+------------------------------------------------------------------------------------------------------------------------------------------------------------------------------------------------------------------------------------------+-------------------+
; sld_signaltap:auto_signaltap_0|sld_signaltap_impl:sld_signaltap_body|sld_signaltap_implb:sld_signaltap_body|acq_data_in_pipe_reg[3][10]                                           ; sld_signaltap:auto_signaltap_0|sld_signaltap_impl:sld_signaltap_body|sld_signaltap_implb:sld_signaltap_body|altsyncram:\stp_non_zero_ram_gen:stp_buffer_ram|altsyncram_la24:auto_generated|ram_block1a10~porta_datain_reg0               ; 0.474             ;
; frame_read_write:frame_read_write_m0|afifo_16_256:read_buf|dcfifo:dcfifo_component|dcfifo_spl1:auto_generated|wrptr_g[1]                                                          ; frame_read_write:frame_read_write_m0|afifo_16_256:read_buf|dcfifo:dcfifo_component|dcfifo_spl1:auto_generated|altsyncram_fv61:fifo_ram|ram_block11a11~porta_address_reg0                                                                 ; 0.448             ;
; frame_read_write:frame_read_write_m1|afifo_16_256:read_buf|dcfifo:dcfifo_component|dcfifo_spl1:auto_generated|wrptr_g[1]                                                          ; frame_read_write:frame_read_write_m1|afifo_16_256:read_buf|dcfifo:dcfifo_component|dcfifo_spl1:auto_generated|altsyncram_fv61:fifo_ram|ram_block11a4~porta_address_reg0                                                                  ; 0.389             ;
; sld_signaltap:auto_signaltap_0|sld_signaltap_impl:sld_signaltap_body|sld_signaltap_implb:sld_signaltap_body|acq_data_in_pipe_reg[3][39]                                           ; sld_signaltap:auto_signaltap_0|sld_signaltap_impl:sld_signaltap_body|sld_signaltap_implb:sld_signaltap_body|altsyncram:\stp_non_zero_ram_gen:stp_buffer_ram|altsyncram_la24:auto_generated|ram_block1a39~porta_datain_reg0               ; 0.354             ;
; sld_signaltap:auto_signaltap_0|sld_signaltap_impl:sld_signaltap_body|sld_signaltap_implb:sld_signaltap_body|acq_data_in_pipe_reg[3][37]                                           ; sld_signaltap:auto_signaltap_0|sld_signaltap_impl:sld_signaltap_body|sld_signaltap_implb:sld_signaltap_body|altsyncram:\stp_non_zero_ram_gen:stp_buffer_ram|altsyncram_la24:auto_generated|ram_block1a37~porta_datain_reg0               ; 0.354             ;
; sld_signaltap:auto_signaltap_0|sld_signaltap_impl:sld_signaltap_body|sld_signaltap_implb:sld_signaltap_body|acq_data_in_pipe_reg[3][35]                                           ; sld_signaltap:auto_signaltap_0|sld_signaltap_impl:sld_signaltap_body|sld_signaltap_implb:sld_signaltap_body|altsyncram:\stp_non_zero_ram_gen:stp_buffer_ram|altsyncram_la24:auto_generated|ram_block1a35~porta_datain_reg0               ; 0.354             ;
; sld_signaltap:auto_signaltap_0|sld_signaltap_impl:sld_signaltap_body|sld_signaltap_implb:sld_signaltap_body|acq_data_in_pipe_reg[3][27]                                           ; sld_signaltap:auto_signaltap_0|sld_signaltap_impl:sld_signaltap_body|sld_signaltap_implb:sld_signaltap_body|altsyncram:\stp_non_zero_ram_gen:stp_buffer_ram|altsyncram_la24:auto_generated|ram_block1a27~porta_datain_reg0               ; 0.354             ;
; sld_signaltap:auto_signaltap_0|sld_signaltap_impl:sld_signaltap_body|sld_signaltap_implb:sld_signaltap_body|acq_data_in_pipe_reg[3][23]                                           ; sld_signaltap:auto_signaltap_0|sld_signaltap_impl:sld_signaltap_body|sld_signaltap_implb:sld_signaltap_body|altsyncram:\stp_non_zero_ram_gen:stp_buffer_ram|altsyncram_la24:auto_generated|ram_block1a23~porta_datain_reg0               ; 0.354             ;
; sld_signaltap:auto_signaltap_0|sld_signaltap_impl:sld_signaltap_body|sld_signaltap_implb:sld_signaltap_body|acq_data_in_pipe_reg[3][22]                                           ; sld_signaltap:auto_signaltap_0|sld_signaltap_impl:sld_signaltap_body|sld_signaltap_implb:sld_signaltap_body|altsyncram:\stp_non_zero_ram_gen:stp_buffer_ram|altsyncram_la24:auto_generated|ram_block1a22~porta_datain_reg0               ; 0.354             ;
; sld_signaltap:auto_signaltap_0|sld_signaltap_impl:sld_signaltap_body|sld_signaltap_implb:sld_signaltap_body|acq_data_in_pipe_reg[3][12]                                           ; sld_signaltap:auto_signaltap_0|sld_signaltap_impl:sld_signaltap_body|sld_signaltap_implb:sld_signaltap_body|altsyncram:\stp_non_zero_ram_gen:stp_buffer_ram|altsyncram_la24:auto_generated|ram_block1a12~porta_datain_reg0               ; 0.354             ;
; sld_signaltap:auto_signaltap_0|sld_signaltap_impl:sld_signaltap_body|sld_signaltap_implb:sld_signaltap_body|acq_data_in_pipe_reg[3][6]                                            ; sld_signaltap:auto_signaltap_0|sld_signaltap_impl:sld_signaltap_body|sld_signaltap_implb:sld_signaltap_body|altsyncram:\stp_non_zero_ram_gen:stp_buffer_ram|altsyncram_la24:auto_generated|ram_block1a6~porta_datain_reg0                ; 0.354             ;
; sld_signaltap:auto_signaltap_0|sld_signaltap_impl:sld_signaltap_body|sld_signaltap_implb:sld_signaltap_body|buffer_write_address_delayed[5]                                       ; sld_signaltap:auto_signaltap_0|sld_signaltap_impl:sld_signaltap_body|sld_signaltap_implb:sld_signaltap_body|altsyncram:\stp_non_zero_ram_gen:stp_buffer_ram|altsyncram_la24:auto_generated|ram_block1a28~porta_address_reg0              ; 0.142             ;
; frame_read_write:frame_read_write_m0|afifo_16_256:write_buf|dcfifo:dcfifo_component|dcfifo_spl1:auto_generated|a_graycounter_ijc:wrptr_g1p|counter8a7                             ; frame_read_write:frame_read_write_m0|afifo_16_256:write_buf|dcfifo:dcfifo_component|dcfifo_spl1:auto_generated|a_graycounter_ijc:wrptr_g1p|sub_parity10a[1]                                                                              ; 0.139             ;
; sd_card_bmp:sd_card_bmp_m0|sd_card_top:sd_card_top_m0|spi_master:spi_master_m0|state.IDLE                                                                                         ; sd_card_bmp:sd_card_bmp_m0|sd_card_top:sd_card_top_m0|spi_master:spi_master_m0|MOSI_shift[0]                                                                                                                                             ; 0.136             ;
; frame_read_write:frame_read_write_m0|afifo_16_256:write_buf|dcfifo:dcfifo_component|dcfifo_spl1:auto_generated|a_graycounter_ijc:wrptr_g1p|counter8a6                             ; frame_read_write:frame_read_write_m0|afifo_16_256:write_buf|dcfifo:dcfifo_component|dcfifo_spl1:auto_generated|a_graycounter_ijc:wrptr_g1p|sub_parity10a[1]                                                                              ; 0.136             ;
; sd_card_bmp:sd_card_bmp_m0|bmp_read:bmp_read_m0|bmp_data[7]                                                                                                                       ; frame_read_write:frame_read_write_m0|afifo_16_256:write_buf|dcfifo:dcfifo_component|dcfifo_spl1:auto_generated|altsyncram_fv61:fifo_ram|ram_block11a4~porta_datain_reg0                                                                  ; 0.129             ;
; sd_card_bmp:sd_card_bmp_m0|bmp_read:bmp_read_m0|bmp_data[6]                                                                                                                       ; frame_read_write:frame_read_write_m0|afifo_16_256:write_buf|dcfifo:dcfifo_component|dcfifo_spl1:auto_generated|altsyncram_fv61:fifo_ram|ram_block11a3~porta_datain_reg0                                                                  ; 0.129             ;
; sd_card_bmp:sd_card_bmp_m0|bmp_read:bmp_read_m0|bmp_data[5]                                                                                                                       ; frame_read_write:frame_read_write_m0|afifo_16_256:write_buf|dcfifo:dcfifo_component|dcfifo_spl1:auto_generated|altsyncram_fv61:fifo_ram|ram_block11a2~porta_datain_reg0                                                                  ; 0.129             ;
; sd_card_bmp:sd_card_bmp_m0|bmp_read:bmp_read_m0|bmp_data[4]                                                                                                                       ; frame_read_write:frame_read_write_m0|afifo_16_256:write_buf|dcfifo:dcfifo_component|dcfifo_spl1:auto_generated|altsyncram_fv61:fifo_ram|ram_block11a1~porta_datain_reg0                                                                  ; 0.129             ;
; sd_card_bmp:sd_card_bmp_m0|bmp_read:bmp_read_m0|bmp_data[3]                                                                                                                       ; frame_read_write:frame_read_write_m0|afifo_16_256:write_buf|dcfifo:dcfifo_component|dcfifo_spl1:auto_generated|altsyncram_fv61:fifo_ram|ram_block11a0~porta_datain_reg0                                                                  ; 0.129             ;
; flash_write_read:flash_write_read_m0|flash_cmd:flash_cmd_m0|READ_cnt.0101                                                                                                         ; flash_write_read:flash_write_read_m0|flash_cmd:flash_cmd_m0|READ_quad_data_flag_r                                                                                                                                                        ; 0.127             ;
; frame_read_write:frame_read_write_m1|afifo_16_256:write_buf|dcfifo:dcfifo_component|dcfifo_spl1:auto_generated|a_graycounter_m57:rdptr_g1p|counter5a6                             ; frame_read_write:frame_read_write_m1|afifo_16_256:write_buf|dcfifo:dcfifo_component|dcfifo_spl1:auto_generated|a_graycounter_m57:rdptr_g1p|sub_parity7a[1]                                                                               ; 0.126             ;
; frame_read_write:frame_read_write_m0|afifo_16_256:read_buf|dcfifo:dcfifo_component|dcfifo_spl1:auto_generated|a_graycounter_m57:rdptr_g1p|counter5a5                              ; frame_read_write:frame_read_write_m0|afifo_16_256:read_buf|dcfifo:dcfifo_component|dcfifo_spl1:auto_generated|a_graycounter_m57:rdptr_g1p|sub_parity7a[1]                                                                                ; 0.126             ;
; flash_write_read:flash_write_read_m0|Qspi_master:Qspi_master_m0|rd_reg[6]                                                                                                         ; flash_write_read:flash_write_read_m0|flash_cmd:flash_cmd_m0|quad_read_data[6]                                                                                                                                                            ; 0.125             ;
; flash_write_read:flash_write_read_m0|Qspi_master:Qspi_master_m0|rd_reg[5]                                                                                                         ; flash_write_read:flash_write_read_m0|flash_cmd:flash_cmd_m0|quad_read_data[5]                                                                                                                                                            ; 0.125             ;
; flash_write_read:flash_write_read_m0|Qspi_master:Qspi_master_m0|rd_reg[4]                                                                                                         ; flash_write_read:flash_write_read_m0|flash_cmd:flash_cmd_m0|quad_read_data[4]                                                                                                                                                            ; 0.125             ;
; flash_write_read:flash_write_read_m0|Qspi_master:Qspi_master_m0|rd_reg[3]                                                                                                         ; flash_write_read:flash_write_read_m0|flash_cmd:flash_cmd_m0|quad_read_data[3]                                                                                                                                                            ; 0.125             ;
; flash_write_read:flash_write_read_m0|Qspi_master:Qspi_master_m0|rd_reg[2]                                                                                                         ; flash_write_read:flash_write_read_m0|flash_cmd:flash_cmd_m0|quad_read_data[2]                                                                                                                                                            ; 0.125             ;
; flash_write_read:flash_write_read_m0|Qspi_master:Qspi_master_m0|rd_reg[1]                                                                                                         ; flash_write_read:flash_write_read_m0|flash_cmd:flash_cmd_m0|quad_read_data[1]                                                                                                                                                            ; 0.125             ;
; flash_write_read:flash_write_read_m0|Qspi_master:Qspi_master_m0|rd_reg[0]                                                                                                         ; flash_write_read:flash_write_read_m0|flash_cmd:flash_cmd_m0|quad_read_data[0]                                                                                                                                                            ; 0.125             ;
; frame_read_write:frame_read_write_m1|afifo_16_256:write_buf|dcfifo:dcfifo_component|dcfifo_spl1:auto_generated|rdptr_g[7]                                                         ; frame_read_write:frame_read_write_m1|afifo_16_256:write_buf|dcfifo:dcfifo_component|dcfifo_spl1:auto_generated|dffpipe_gd9:rs_brp|dffe12a[5]                                                                                             ; 0.125             ;
; frame_read_write:frame_read_write_m1|afifo_16_256:write_buf|dcfifo:dcfifo_component|dcfifo_spl1:auto_generated|rdptr_g[4]                                                         ; frame_read_write:frame_read_write_m1|afifo_16_256:write_buf|dcfifo:dcfifo_component|dcfifo_spl1:auto_generated|dffpipe_gd9:rs_brp|dffe12a[2]                                                                                             ; 0.125             ;
; frame_read_write:frame_read_write_m1|afifo_16_256:write_buf|dcfifo:dcfifo_component|dcfifo_spl1:auto_generated|a_graycounter_ijc:wrptr_g1p|counter8a2                             ; frame_read_write:frame_read_write_m1|afifo_16_256:write_buf|dcfifo:dcfifo_component|dcfifo_spl1:auto_generated|a_graycounter_ijc:wrptr_g1p|sub_parity10a[0]                                                                              ; 0.125             ;
; frame_read_write:frame_read_write_m1|afifo_16_256:read_buf|dcfifo:dcfifo_component|dcfifo_spl1:auto_generated|a_graycounter_m57:rdptr_g1p|counter5a6                              ; frame_read_write:frame_read_write_m1|afifo_16_256:read_buf|dcfifo:dcfifo_component|dcfifo_spl1:auto_generated|a_graycounter_m57:rdptr_g1p|sub_parity7a[1]                                                                                ; 0.125             ;
; flash_write_read:flash_write_read_m0|flash_cmd:flash_cmd_m0|quad_read_data[7]                                                                                                     ; flash_write_read:flash_write_read_m0|flash_reader:flash_reader_m0|pic_data[7]                                                                                                                                                            ; 0.124             ;
; frame_read_write:frame_read_write_m1|afifo_16_256:read_buf|dcfifo:dcfifo_component|dcfifo_spl1:auto_generated|a_graycounter_m57:rdptr_g1p|counter5a2                              ; frame_read_write:frame_read_write_m1|afifo_16_256:read_buf|dcfifo:dcfifo_component|dcfifo_spl1:auto_generated|a_graycounter_m57:rdptr_g1p|sub_parity7a[0]                                                                                ; 0.124             ;
; flash_write_read:flash_write_read_m0|flash_cmd:flash_cmd_m0|INIT_state.INIT_QE                                                                                                    ; flash_write_read:flash_write_read_m0|flash_cmd:flash_cmd_m0|INIT_wr_en                                                                                                                                                                   ; 0.124             ;
; frame_read_write:frame_read_write_m1|afifo_16_256:write_buf|dcfifo:dcfifo_component|dcfifo_spl1:auto_generated|rdptr_g[8]                                                         ; frame_read_write:frame_read_write_m1|afifo_16_256:write_buf|dcfifo:dcfifo_component|dcfifo_spl1:auto_generated|dffpipe_gd9:rs_brp|dffe12a[5]                                                                                             ; 0.123             ;
; frame_read_write:frame_read_write_m1|afifo_16_256:write_buf|dcfifo:dcfifo_component|dcfifo_spl1:auto_generated|a_graycounter_ijc:wrptr_g1p|counter8a1                             ; frame_read_write:frame_read_write_m1|afifo_16_256:write_buf|dcfifo:dcfifo_component|dcfifo_spl1:auto_generated|a_graycounter_ijc:wrptr_g1p|sub_parity10a[0]                                                                              ; 0.123             ;
; frame_read_write:frame_read_write_m1|afifo_16_256:write_buf|dcfifo:dcfifo_component|dcfifo_spl1:auto_generated|a_graycounter_m57:rdptr_g1p|counter5a7                             ; frame_read_write:frame_read_write_m1|afifo_16_256:write_buf|dcfifo:dcfifo_component|dcfifo_spl1:auto_generated|a_graycounter_m57:rdptr_g1p|sub_parity7a[1]                                                                               ; 0.123             ;
; frame_read_write:frame_read_write_m0|afifo_16_256:read_buf|dcfifo:dcfifo_component|dcfifo_spl1:auto_generated|a_graycounter_m57:rdptr_g1p|counter5a1                              ; frame_read_write:frame_read_write_m0|afifo_16_256:read_buf|dcfifo:dcfifo_component|dcfifo_spl1:auto_generated|a_graycounter_m57:rdptr_g1p|sub_parity7a[0]                                                                                ; 0.123             ;
; frame_read_write:frame_read_write_m0|afifo_16_256:read_buf|dcfifo:dcfifo_component|dcfifo_spl1:auto_generated|a_graycounter_m57:rdptr_g1p|counter5a4                              ; frame_read_write:frame_read_write_m0|afifo_16_256:read_buf|dcfifo:dcfifo_component|dcfifo_spl1:auto_generated|a_graycounter_m57:rdptr_g1p|sub_parity7a[1]                                                                                ; 0.123             ;
; frame_read_write:frame_read_write_m1|afifo_16_256:write_buf|dcfifo:dcfifo_component|dcfifo_spl1:auto_generated|a_graycounter_m57:rdptr_g1p|counter5a2                             ; frame_read_write:frame_read_write_m1|afifo_16_256:write_buf|dcfifo:dcfifo_component|dcfifo_spl1:auto_generated|a_graycounter_m57:rdptr_g1p|sub_parity7a[0]                                                                               ; 0.122             ;
; frame_read_write:frame_read_write_m1|afifo_16_256:read_buf|dcfifo:dcfifo_component|dcfifo_spl1:auto_generated|a_graycounter_ijc:wrptr_g1p|counter8a6                              ; frame_read_write:frame_read_write_m1|afifo_16_256:read_buf|dcfifo:dcfifo_component|dcfifo_spl1:auto_generated|a_graycounter_ijc:wrptr_g1p|sub_parity10a[1]                                                                               ; 0.122             ;
; frame_read_write:frame_read_write_m1|afifo_16_256:read_buf|dcfifo:dcfifo_component|dcfifo_spl1:auto_generated|a_graycounter_m57:rdptr_g1p|counter5a7                              ; frame_read_write:frame_read_write_m1|afifo_16_256:read_buf|dcfifo:dcfifo_component|dcfifo_spl1:auto_generated|a_graycounter_m57:rdptr_g1p|sub_parity7a[1]                                                                                ; 0.122             ;
; frame_read_write:frame_read_write_m1|afifo_16_256:read_buf|dcfifo:dcfifo_component|dcfifo_spl1:auto_generated|a_graycounter_ijc:wrptr_g1p|counter8a2                              ; frame_read_write:frame_read_write_m1|afifo_16_256:read_buf|dcfifo:dcfifo_component|dcfifo_spl1:auto_generated|a_graycounter_ijc:wrptr_g1p|sub_parity10a[0]                                                                               ; 0.121             ;
; frame_read_write:frame_read_write_m1|afifo_16_256:write_buf|dcfifo:dcfifo_component|dcfifo_spl1:auto_generated|a_graycounter_m57:rdptr_g1p|counter5a3                             ; frame_read_write:frame_read_write_m1|afifo_16_256:write_buf|dcfifo:dcfifo_component|dcfifo_spl1:auto_generated|a_graycounter_m57:rdptr_g1p|sub_parity7a[0]                                                                               ; 0.120             ;
; frame_read_write:frame_read_write_m1|afifo_16_256:read_buf|dcfifo:dcfifo_component|dcfifo_spl1:auto_generated|a_graycounter_ijc:wrptr_g1p|counter8a3                              ; frame_read_write:frame_read_write_m1|afifo_16_256:read_buf|dcfifo:dcfifo_component|dcfifo_spl1:auto_generated|a_graycounter_ijc:wrptr_g1p|sub_parity10a[0]                                                                               ; 0.117             ;
; frame_read_write:frame_read_write_m1|afifo_16_256:read_buf|dcfifo:dcfifo_component|dcfifo_spl1:auto_generated|wrptr_g[0]                                                          ; frame_read_write:frame_read_write_m1|afifo_16_256:read_buf|dcfifo:dcfifo_component|dcfifo_spl1:auto_generated|altsyncram_fv61:fifo_ram|ram_block11a4~porta_address_reg0                                                                  ; 0.112             ;
; flash_write_read:flash_write_read_m0|flash_writer:flash_writer_m0|byte_flag                                                                                                       ; flash_write_read:flash_write_read_m0|flash_writer:flash_writer_m0|change_flag                                                                                                                                                            ; 0.109             ;
; flash_write_read:flash_write_read_m0|flash_cmd:flash_cmd_m0|INIT_state.INIT_WE                                                                                                    ; flash_write_read:flash_write_read_m0|flash_cmd:flash_cmd_m0|INIT_data_in_r[5]                                                                                                                                                            ; 0.109             ;
; sld_signaltap:auto_signaltap_0|sld_signaltap_impl:sld_signaltap_body|sld_signaltap_implb:sld_signaltap_body|serial_crc_16:\tdo_crc_gen:tdo_crc_calc|lfsr[11]                      ; sld_signaltap:auto_signaltap_0|sld_signaltap_impl:sld_signaltap_body|sld_signaltap_implb:sld_signaltap_body|tdo_crc_val_shift_reg[11]                                                                                                    ; 0.101             ;
; sld_signaltap:auto_signaltap_0|sld_signaltap_impl:sld_signaltap_body|sld_signaltap_implb:sld_signaltap_body|serial_crc_16:\tdo_crc_gen:tdo_crc_calc|lfsr[10]                      ; sld_signaltap:auto_signaltap_0|sld_signaltap_impl:sld_signaltap_body|sld_signaltap_implb:sld_signaltap_body|tdo_crc_val_shift_reg[10]                                                                                                    ; 0.101             ;
; sld_signaltap:auto_signaltap_0|sld_signaltap_impl:sld_signaltap_body|sld_signaltap_implb:sld_signaltap_body|serial_crc_16:\tdo_crc_gen:tdo_crc_calc|lfsr[9]                       ; sld_signaltap:auto_signaltap_0|sld_signaltap_impl:sld_signaltap_body|sld_signaltap_implb:sld_signaltap_body|tdo_crc_val_shift_reg[9]                                                                                                     ; 0.101             ;
; sld_signaltap:auto_signaltap_0|sld_signaltap_impl:sld_signaltap_body|sld_signaltap_implb:sld_signaltap_body|serial_crc_16:\tdo_crc_gen:tdo_crc_calc|lfsr[8]                       ; sld_signaltap:auto_signaltap_0|sld_signaltap_impl:sld_signaltap_body|sld_signaltap_implb:sld_signaltap_body|tdo_crc_val_shift_reg[8]                                                                                                     ; 0.101             ;
; sld_signaltap:auto_signaltap_0|sld_signaltap_impl:sld_signaltap_body|sld_signaltap_implb:sld_signaltap_body|serial_crc_16:\tdo_crc_gen:tdo_crc_calc|lfsr[7]                       ; sld_signaltap:auto_signaltap_0|sld_signaltap_impl:sld_signaltap_body|sld_signaltap_implb:sld_signaltap_body|tdo_crc_val_shift_reg[7]                                                                                                     ; 0.101             ;
; sld_signaltap:auto_signaltap_0|sld_signaltap_impl:sld_signaltap_body|sld_signaltap_implb:sld_signaltap_body|serial_crc_16:\tdo_crc_gen:tdo_crc_calc|lfsr[6]                       ; sld_signaltap:auto_signaltap_0|sld_signaltap_impl:sld_signaltap_body|sld_signaltap_implb:sld_signaltap_body|tdo_crc_val_shift_reg[6]                                                                                                     ; 0.101             ;
; sld_signaltap:auto_signaltap_0|sld_signaltap_impl:sld_signaltap_body|sld_signaltap_implb:sld_signaltap_body|serial_crc_16:\tdo_crc_gen:tdo_crc_calc|lfsr[5]                       ; sld_signaltap:auto_signaltap_0|sld_signaltap_impl:sld_signaltap_body|sld_signaltap_implb:sld_signaltap_body|tdo_crc_val_shift_reg[5]                                                                                                     ; 0.100             ;
; sld_signaltap:auto_signaltap_0|sld_signaltap_impl:sld_signaltap_body|sld_signaltap_implb:sld_signaltap_body|serial_crc_16:\tdo_crc_gen:tdo_crc_calc|lfsr[4]                       ; sld_signaltap:auto_signaltap_0|sld_signaltap_impl:sld_signaltap_body|sld_signaltap_implb:sld_signaltap_body|tdo_crc_val_shift_reg[4]                                                                                                     ; 0.100             ;
; sld_signaltap:auto_signaltap_0|sld_signaltap_impl:sld_signaltap_body|sld_signaltap_implb:sld_signaltap_body|serial_crc_16:\tdo_crc_gen:tdo_crc_calc|lfsr[3]                       ; sld_signaltap:auto_signaltap_0|sld_signaltap_impl:sld_signaltap_body|sld_signaltap_implb:sld_signaltap_body|tdo_crc_val_shift_reg[3]                                                                                                     ; 0.100             ;
; sld_signaltap:auto_signaltap_0|sld_signaltap_impl:sld_signaltap_body|sld_signaltap_implb:sld_signaltap_body|serial_crc_16:\tdo_crc_gen:tdo_crc_calc|lfsr[2]                       ; sld_signaltap:auto_signaltap_0|sld_signaltap_impl:sld_signaltap_body|sld_signaltap_implb:sld_signaltap_body|tdo_crc_val_shift_reg[2]                                                                                                     ; 0.100             ;
; sld_signaltap:auto_signaltap_0|sld_signaltap_impl:sld_signaltap_body|sld_signaltap_implb:sld_signaltap_body|serial_crc_16:\tdo_crc_gen:tdo_crc_calc|lfsr[1]                       ; sld_signaltap:auto_signaltap_0|sld_signaltap_impl:sld_signaltap_body|sld_signaltap_implb:sld_signaltap_body|tdo_crc_val_shift_reg[1]                                                                                                     ; 0.100             ;
; sld_signaltap:auto_signaltap_0|sld_signaltap_impl:sld_signaltap_body|sld_signaltap_implb:sld_signaltap_body|serial_crc_16:\tdo_crc_gen:tdo_crc_calc|lfsr[0]                       ; sld_signaltap:auto_signaltap_0|sld_signaltap_impl:sld_signaltap_body|sld_signaltap_implb:sld_signaltap_body|tdo_crc_val_shift_reg[0]                                                                                                     ; 0.100             ;
; video_timing_data:video_timing_data_m0|color_bar:color_bar_m0|v_cnt[9]                                                                                                            ; video_timing_data:video_timing_data_m0|color_bar:color_bar_m0|v_active                                                                                                                                                                   ; 0.097             ;
; sld_signaltap:auto_signaltap_0|sld_signaltap_impl:sld_signaltap_body|sld_signaltap_implb:sld_signaltap_body|altdpram:\stp_non_zero_ram_gen:attribute_mem_gen:attribute_mem|xq[22] ; sld_signaltap:auto_signaltap_0|sld_signaltap_impl:sld_signaltap_body|sld_signaltap_implb:sld_signaltap_body|sld_offload_buffer_mgr:\stp_non_zero_depth_offload_gen:stp_offload_buff_mgr_inst|lpm_shiftreg:status_data_shift_out|dffs[22] ; 0.089             ;
; sld_signaltap:auto_signaltap_0|sld_signaltap_impl:sld_signaltap_body|sld_signaltap_implb:sld_signaltap_body|acq_data_in_pipe_reg[3][7]                                            ; sld_signaltap:auto_signaltap_0|sld_signaltap_impl:sld_signaltap_body|sld_signaltap_implb:sld_signaltap_body|altsyncram:\stp_non_zero_ram_gen:stp_buffer_ram|altsyncram_la24:auto_generated|ram_block1a7~porta_datain_reg0                ; 0.077             ;
; sld_signaltap:auto_signaltap_0|sld_signaltap_impl:sld_signaltap_body|sld_signaltap_implb:sld_signaltap_body|acq_data_in_pipe_reg[3][14]                                           ; sld_signaltap:auto_signaltap_0|sld_signaltap_impl:sld_signaltap_body|sld_signaltap_implb:sld_signaltap_body|altsyncram:\stp_non_zero_ram_gen:stp_buffer_ram|altsyncram_la24:auto_generated|ram_block1a14~porta_datain_reg0               ; 0.076             ;
; frame_read_write:frame_read_write_m1|afifo_16_256:write_buf|dcfifo:dcfifo_component|dcfifo_spl1:auto_generated|a_graycounter_ijc:wrptr_g1p|counter8a7                             ; frame_read_write:frame_read_write_m1|afifo_16_256:write_buf|dcfifo:dcfifo_component|dcfifo_spl1:auto_generated|a_graycounter_ijc:wrptr_g1p|sub_parity10a[1]                                                                              ; 0.069             ;
; frame_read_write:frame_read_write_m1|afifo_16_256:write_buf|dcfifo:dcfifo_component|dcfifo_spl1:auto_generated|a_graycounter_ijc:wrptr_g1p|counter8a6                             ; frame_read_write:frame_read_write_m1|afifo_16_256:write_buf|dcfifo:dcfifo_component|dcfifo_spl1:auto_generated|a_graycounter_ijc:wrptr_g1p|sub_parity10a[1]                                                                              ; 0.067             ;
; sd_card_bmp:sd_card_bmp_m0|sd_card_top:sd_card_top_m0|sd_card_sec_read_write:sd_card_sec_read_write_m0|sec_addr[31]                                                               ; sd_card_bmp:sd_card_bmp_m0|sd_card_top:sd_card_top_m0|sd_card_sec_read_write:sd_card_sec_read_write_m0|cmd[39]                                                                                                                           ; 0.066             ;
; frame_read_write:frame_read_write_m1|afifo_16_256:write_buf|dcfifo:dcfifo_component|dcfifo_spl1:auto_generated|wrptr_g[8]                                                         ; frame_read_write:frame_read_write_m1|afifo_16_256:write_buf|dcfifo:dcfifo_component|dcfifo_spl1:auto_generated|altsyncram_fv61:fifo_ram|ram_block11a0~porta_address_reg0                                                                 ; 0.062             ;
; frame_read_write:frame_read_write_m1|afifo_16_256:write_buf|dcfifo:dcfifo_component|dcfifo_spl1:auto_generated|wrptr_g[7]                                                         ; frame_read_write:frame_read_write_m1|afifo_16_256:write_buf|dcfifo:dcfifo_component|dcfifo_spl1:auto_generated|altsyncram_fv61:fifo_ram|ram_block11a0~porta_address_reg0                                                                 ; 0.062             ;
; sld_signaltap:auto_signaltap_0|sld_signaltap_impl:sld_signaltap_body|sld_signaltap_implb:sld_signaltap_body|altdpram:\stp_non_zero_ram_gen:attribute_mem_gen:attribute_mem|xq[21] ; sld_signaltap:auto_signaltap_0|sld_signaltap_impl:sld_signaltap_body|sld_signaltap_implb:sld_signaltap_body|sld_offload_buffer_mgr:\stp_non_zero_depth_offload_gen:stp_offload_buff_mgr_inst|lpm_shiftreg:status_data_shift_out|dffs[21] ; 0.050             ;
; sld_signaltap:auto_signaltap_0|sld_signaltap_impl:sld_signaltap_body|sld_signaltap_implb:sld_signaltap_body|altdpram:\stp_non_zero_ram_gen:attribute_mem_gen:attribute_mem|xq[20] ; sld_signaltap:auto_signaltap_0|sld_signaltap_impl:sld_signaltap_body|sld_signaltap_implb:sld_signaltap_body|sld_offload_buffer_mgr:\stp_non_zero_depth_offload_gen:stp_offload_buff_mgr_inst|lpm_shiftreg:status_data_shift_out|dffs[20] ; 0.050             ;
; sld_signaltap:auto_signaltap_0|sld_signaltap_impl:sld_signaltap_body|sld_signaltap_implb:sld_signaltap_body|altdpram:\stp_non_zero_ram_gen:attribute_mem_gen:attribute_mem|xq[19] ; sld_signaltap:auto_signaltap_0|sld_signaltap_impl:sld_signaltap_body|sld_signaltap_implb:sld_signaltap_body|sld_offload_buffer_mgr:\stp_non_zero_depth_offload_gen:stp_offload_buff_mgr_inst|lpm_shiftreg:status_data_shift_out|dffs[19] ; 0.050             ;
; sld_signaltap:auto_signaltap_0|sld_signaltap_impl:sld_signaltap_body|sld_signaltap_implb:sld_signaltap_body|altdpram:\stp_non_zero_ram_gen:attribute_mem_gen:attribute_mem|xq[18] ; sld_signaltap:auto_signaltap_0|sld_signaltap_impl:sld_signaltap_body|sld_signaltap_implb:sld_signaltap_body|sld_offload_buffer_mgr:\stp_non_zero_depth_offload_gen:stp_offload_buff_mgr_inst|lpm_shiftreg:status_data_shift_out|dffs[18] ; 0.050             ;
; sld_signaltap:auto_signaltap_0|sld_signaltap_impl:sld_signaltap_body|sld_signaltap_implb:sld_signaltap_body|altdpram:\stp_non_zero_ram_gen:attribute_mem_gen:attribute_mem|xq[17] ; sld_signaltap:auto_signaltap_0|sld_signaltap_impl:sld_signaltap_body|sld_signaltap_implb:sld_signaltap_body|sld_offload_buffer_mgr:\stp_non_zero_depth_offload_gen:stp_offload_buff_mgr_inst|lpm_shiftreg:status_data_shift_out|dffs[17] ; 0.050             ;
; sld_signaltap:auto_signaltap_0|sld_signaltap_impl:sld_signaltap_body|sld_signaltap_implb:sld_signaltap_body|altdpram:\stp_non_zero_ram_gen:attribute_mem_gen:attribute_mem|xq[16] ; sld_signaltap:auto_signaltap_0|sld_signaltap_impl:sld_signaltap_body|sld_signaltap_implb:sld_signaltap_body|sld_offload_buffer_mgr:\stp_non_zero_depth_offload_gen:stp_offload_buff_mgr_inst|lpm_shiftreg:status_data_shift_out|dffs[16] ; 0.050             ;
; sld_signaltap:auto_signaltap_0|sld_signaltap_impl:sld_signaltap_body|sld_signaltap_implb:sld_signaltap_body|altdpram:\stp_non_zero_ram_gen:attribute_mem_gen:attribute_mem|xq[15] ; sld_signaltap:auto_signaltap_0|sld_signaltap_impl:sld_signaltap_body|sld_signaltap_implb:sld_signaltap_body|sld_offload_buffer_mgr:\stp_non_zero_depth_offload_gen:stp_offload_buff_mgr_inst|lpm_shiftreg:status_data_shift_out|dffs[15] ; 0.050             ;
; sld_signaltap:auto_signaltap_0|sld_signaltap_impl:sld_signaltap_body|sld_signaltap_implb:sld_signaltap_body|acq_data_in_pipe_reg[3][34]                                           ; sld_signaltap:auto_signaltap_0|sld_signaltap_impl:sld_signaltap_body|sld_signaltap_implb:sld_signaltap_body|altsyncram:\stp_non_zero_ram_gen:stp_buffer_ram|altsyncram_la24:auto_generated|ram_block1a34~porta_datain_reg0               ; 0.049             ;
; sld_signaltap:auto_signaltap_0|sld_signaltap_impl:sld_signaltap_body|sld_signaltap_implb:sld_signaltap_body|acq_data_in_pipe_reg[3][32]                                           ; sld_signaltap:auto_signaltap_0|sld_signaltap_impl:sld_signaltap_body|sld_signaltap_implb:sld_signaltap_body|altsyncram:\stp_non_zero_ram_gen:stp_buffer_ram|altsyncram_la24:auto_generated|ram_block1a32~porta_datain_reg0               ; 0.049             ;
; video_timing_data:video_timing_data_m0|color_bar:color_bar_m0|v_cnt[1]                                                                                                            ; video_timing_data:video_timing_data_m0|color_bar:color_bar_m0|vs_reg                                                                                                                                                                     ; 0.047             ;
; sld_signaltap:auto_signaltap_0|sld_signaltap_impl:sld_signaltap_body|sld_signaltap_implb:sld_signaltap_body|altdpram:\stp_non_zero_ram_gen:attribute_mem_gen:attribute_mem|xq[6]  ; sld_signaltap:auto_signaltap_0|sld_signaltap_impl:sld_signaltap_body|sld_signaltap_implb:sld_signaltap_body|sld_offload_buffer_mgr:\stp_non_zero_depth_offload_gen:stp_offload_buff_mgr_inst|lpm_shiftreg:status_data_shift_out|dffs[6]  ; 0.046             ;
; sld_signaltap:auto_signaltap_0|sld_signaltap_impl:sld_signaltap_body|sld_signaltap_implb:sld_signaltap_body|altdpram:\stp_non_zero_ram_gen:attribute_mem_gen:attribute_mem|xq[5]  ; sld_signaltap:auto_signaltap_0|sld_signaltap_impl:sld_signaltap_body|sld_signaltap_implb:sld_signaltap_body|sld_offload_buffer_mgr:\stp_non_zero_depth_offload_gen:stp_offload_buff_mgr_inst|lpm_shiftreg:status_data_shift_out|dffs[5]  ; 0.046             ;
; sld_signaltap:auto_signaltap_0|sld_signaltap_impl:sld_signaltap_body|sld_signaltap_implb:sld_signaltap_body|altdpram:\stp_non_zero_ram_gen:attribute_mem_gen:attribute_mem|xq[4]  ; sld_signaltap:auto_signaltap_0|sld_signaltap_impl:sld_signaltap_body|sld_signaltap_implb:sld_signaltap_body|sld_offload_buffer_mgr:\stp_non_zero_depth_offload_gen:stp_offload_buff_mgr_inst|lpm_shiftreg:status_data_shift_out|dffs[4]  ; 0.046             ;
; sld_signaltap:auto_signaltap_0|sld_signaltap_impl:sld_signaltap_body|sld_signaltap_implb:sld_signaltap_body|altdpram:\stp_non_zero_ram_gen:attribute_mem_gen:attribute_mem|xq[3]  ; sld_signaltap:auto_signaltap_0|sld_signaltap_impl:sld_signaltap_body|sld_signaltap_implb:sld_signaltap_body|sld_offload_buffer_mgr:\stp_non_zero_depth_offload_gen:stp_offload_buff_mgr_inst|lpm_shiftreg:status_data_shift_out|dffs[3]  ; 0.046             ;
; sld_signaltap:auto_signaltap_0|sld_signaltap_impl:sld_signaltap_body|sld_signaltap_implb:sld_signaltap_body|altdpram:\stp_non_zero_ram_gen:attribute_mem_gen:attribute_mem|xq[2]  ; sld_signaltap:auto_signaltap_0|sld_signaltap_impl:sld_signaltap_body|sld_signaltap_implb:sld_signaltap_body|sld_offload_buffer_mgr:\stp_non_zero_depth_offload_gen:stp_offload_buff_mgr_inst|lpm_shiftreg:status_data_shift_out|dffs[2]  ; 0.046             ;
; sld_signaltap:auto_signaltap_0|sld_signaltap_impl:sld_signaltap_body|sld_signaltap_implb:sld_signaltap_body|altdpram:\stp_non_zero_ram_gen:attribute_mem_gen:attribute_mem|xq[1]  ; sld_signaltap:auto_signaltap_0|sld_signaltap_impl:sld_signaltap_body|sld_signaltap_implb:sld_signaltap_body|sld_offload_buffer_mgr:\stp_non_zero_depth_offload_gen:stp_offload_buff_mgr_inst|lpm_shiftreg:status_data_shift_out|dffs[1]  ; 0.046             ;
; sld_signaltap:auto_signaltap_0|sld_signaltap_impl:sld_signaltap_body|sld_signaltap_implb:sld_signaltap_body|altdpram:\stp_non_zero_ram_gen:attribute_mem_gen:attribute_mem|xq[0]  ; sld_signaltap:auto_signaltap_0|sld_signaltap_impl:sld_signaltap_body|sld_signaltap_implb:sld_signaltap_body|sld_offload_buffer_mgr:\stp_non_zero_depth_offload_gen:stp_offload_buff_mgr_inst|lpm_shiftreg:status_data_shift_out|dffs[0]  ; 0.046             ;
; sld_signaltap:auto_signaltap_0|sld_signaltap_impl:sld_signaltap_body|sld_signaltap_implb:sld_signaltap_body|acq_data_in_pipe_reg[3][40]                                           ; sld_signaltap:auto_signaltap_0|sld_signaltap_impl:sld_signaltap_body|sld_signaltap_implb:sld_signaltap_body|altsyncram:\stp_non_zero_ram_gen:stp_buffer_ram|altsyncram_la24:auto_generated|ram_block1a40~porta_datain_reg0               ; 0.025             ;
; sld_signaltap:auto_signaltap_0|sld_signaltap_impl:sld_signaltap_body|sld_signaltap_implb:sld_signaltap_body|acq_data_in_pipe_reg[3][26]                                           ; sld_signaltap:auto_signaltap_0|sld_signaltap_impl:sld_signaltap_body|sld_signaltap_implb:sld_signaltap_body|altsyncram:\stp_non_zero_ram_gen:stp_buffer_ram|altsyncram_la24:auto_generated|ram_block1a26~porta_datain_reg0               ; 0.025             ;
; sld_signaltap:auto_signaltap_0|sld_signaltap_impl:sld_signaltap_body|sld_signaltap_implb:sld_signaltap_body|acq_data_in_pipe_reg[3][25]                                           ; sld_signaltap:auto_signaltap_0|sld_signaltap_impl:sld_signaltap_body|sld_signaltap_implb:sld_signaltap_body|altsyncram:\stp_non_zero_ram_gen:stp_buffer_ram|altsyncram_la24:auto_generated|ram_block1a25~porta_datain_reg0               ; 0.025             ;
; frame_read_write:frame_read_write_m0|afifo_16_256:read_buf|dcfifo:dcfifo_component|dcfifo_spl1:auto_generated|a_graycounter_m57:rdptr_g1p|counter5a3                              ; frame_read_write:frame_read_write_m0|afifo_16_256:read_buf|dcfifo:dcfifo_component|dcfifo_spl1:auto_generated|altsyncram_fv61:fifo_ram|ram_block11a11~portb_address_reg0                                                                 ; 0.022             ;
; frame_read_write:frame_read_write_m0|afifo_16_256:read_buf|dcfifo:dcfifo_component|dcfifo_spl1:auto_generated|a_graycounter_m57:rdptr_g1p|counter5a6                              ; frame_read_write:frame_read_write_m0|afifo_16_256:read_buf|dcfifo:dcfifo_component|dcfifo_spl1:auto_generated|altsyncram_fv61:fifo_ram|ram_block11a11~portb_address_reg0                                                                 ; 0.022             ;
; frame_read_write:frame_read_write_m0|afifo_16_256:write_buf|dcfifo:dcfifo_component|dcfifo_spl1:auto_generated|a_graycounter_ijc:wrptr_g1p|sub_parity10a[1]                       ; frame_read_write:frame_read_write_m0|afifo_16_256:write_buf|dcfifo:dcfifo_component|dcfifo_spl1:auto_generated|a_graycounter_ijc:wrptr_g1p|parity9                                                                                       ; 0.021             ;
; frame_read_write:frame_read_write_m0|afifo_16_256:write_buf|dcfifo:dcfifo_component|dcfifo_spl1:auto_generated|a_graycounter_ijc:wrptr_g1p|counter8a4                             ; frame_read_write:frame_read_write_m0|afifo_16_256:write_buf|dcfifo:dcfifo_component|dcfifo_spl1:auto_generated|a_graycounter_ijc:wrptr_g1p|sub_parity10a[1]                                                                              ; 0.020             ;
; frame_read_write:frame_read_write_m0|afifo_16_256:write_buf|dcfifo:dcfifo_component|dcfifo_spl1:auto_generated|a_graycounter_ijc:wrptr_g1p|counter8a3                             ; frame_read_write:frame_read_write_m0|afifo_16_256:write_buf|dcfifo:dcfifo_component|dcfifo_spl1:auto_generated|a_graycounter_ijc:wrptr_g1p|sub_parity10a[0]                                                                              ; 0.020             ;
; sld_signaltap:auto_signaltap_0|sld_signaltap_impl:sld_signaltap_body|sld_signaltap_implb:sld_signaltap_body|acq_data_in_pipe_reg[3][3]                                            ; sld_signaltap:auto_signaltap_0|sld_signaltap_impl:sld_signaltap_body|sld_signaltap_implb:sld_signaltap_body|altsyncram:\stp_non_zero_ram_gen:stp_buffer_ram|altsyncram_la24:auto_generated|ram_block1a3~porta_datain_reg0                ; 0.019             ;
; sd_card_bmp:sd_card_bmp_m0|sd_card_top:sd_card_top_m0|sd_card_sec_read_write:sd_card_sec_read_write_m0|state.S_CMD17                                                              ; sd_card_bmp:sd_card_bmp_m0|sd_card_top:sd_card_top_m0|sd_card_sec_read_write:sd_card_sec_read_write_m0|state.S_READ                                                                                                                      ; 0.019             ;
; sd_card_bmp:sd_card_bmp_m0|sd_card_top:sd_card_top_m0|sd_card_sec_read_write:sd_card_sec_read_write_m0|state.S_READ                                                               ; sd_card_bmp:sd_card_bmp_m0|sd_card_top:sd_card_top_m0|sd_card_sec_read_write:sd_card_sec_read_write_m0|state.S_READ_END                                                                                                                  ; 0.019             ;
+-----------------------------------------------------------------------------------------------------------------------------------------------------------------------------------+------------------------------------------------------------------------------------------------------------------------------------------------------------------------------------------------------------------------------------------+-------------------+
Note: This table only shows the top 100 path(s) that have the largest delay added for hold.


+-----------------+
; Fitter Messages ;
+-----------------+
Warning (18236): Number of processors has not been specified which may cause overloading on shared machines.  Set the global assignment NUM_PARALLEL_PROCESSORS in your QSF to an appropriate value for best performance.
Info (20030): Parallel compilation is enabled and will use 12 of the 12 processors detected
Info (119006): Selected device 10CL006YU256C8G for design "sd_sdram_vga"
Info (21077): Low junction temperature is 0 degrees C
Info (21077): High junction temperature is 85 degrees C
Info (15535): Implemented PLL "sys_pll:sys_pll_m0|altpll:altpll_component|sys_pll_altpll:auto_generated|pll1" as Cyclone 10 LP PLL type File: D:/Projects/2023_10_10_HX4S20_test/spi_FLASH_SDRAM_pic/14_TF_sdram_vga/db/sys_pll_altpll.v Line: 43
    Info (15099): Implementing clock multiplication of 2, clock division of 1, and phase shift of 0 degrees (0 ps) for sys_pll:sys_pll_m0|altpll:altpll_component|sys_pll_altpll:auto_generated|wire_pll1_clk[0] port File: D:/Projects/2023_10_10_HX4S20_test/spi_FLASH_SDRAM_pic/14_TF_sdram_vga/db/sys_pll_altpll.v Line: 43
    Info (15099): Implementing clock multiplication of 2, clock division of 1, and phase shift of 0 degrees (0 ps) for sys_pll:sys_pll_m0|altpll:altpll_component|sys_pll_altpll:auto_generated|wire_pll1_clk[1] port File: D:/Projects/2023_10_10_HX4S20_test/spi_FLASH_SDRAM_pic/14_TF_sdram_vga/db/sys_pll_altpll.v Line: 43
    Info (15099): Implementing clock multiplication of 2, clock division of 1, and phase shift of 0 degrees (0 ps) for sys_pll:sys_pll_m0|altpll:altpll_component|sys_pll_altpll:auto_generated|wire_pll1_clk[2] port File: D:/Projects/2023_10_10_HX4S20_test/spi_FLASH_SDRAM_pic/14_TF_sdram_vga/db/sys_pll_altpll.v Line: 43
Info (15535): Implemented PLL "video_pll:video_pll_m0|altpll:altpll_component|video_pll_altpll:auto_generated|pll1" as Cyclone 10 LP PLL type File: D:/Projects/2023_10_10_HX4S20_test/spi_FLASH_SDRAM_pic/14_TF_sdram_vga/db/video_pll_altpll.v Line: 43
    Info (15099): Implementing clock multiplication of 74, clock division of 147, and phase shift of 0 degrees (0 ps) for video_pll:video_pll_m0|altpll:altpll_component|video_pll_altpll:auto_generated|wire_pll1_clk[0] port File: D:/Projects/2023_10_10_HX4S20_test/spi_FLASH_SDRAM_pic/14_TF_sdram_vga/db/video_pll_altpll.v Line: 43
Info (171003): Fitter is performing an Auto Fit compilation, which may decrease Fitter effort to reduce compilation time
Info (176444): Device migration not selected. If you intend to use device migration later, you may need to change the pin assignments as they may be incompatible with other devices
    Info (176445): Device 10CL010YU256C8G is compatible
    Info (176445): Device 10CL016YU256C8G is compatible
    Info (176445): Device 10CL025YU256C8G is compatible
Info (169141): DATA[0] dual-purpose pin not reserved
Info (12825): Data[1]/ASDO dual-purpose pin not reserved
Info (12825): nCSO dual-purpose pin not reserved
Info (12825): DCLK dual-purpose pin not reserved
Warning (15714): Some pins have incomplete I/O assignments. Refer to the I/O Assignment Warnings report for details
Info (176045): Design uses memory blocks. Violating setup or hold times of memory block address registers for either read or write operations could cause memory contents to be corrupted. Make sure that all memory block address registers meet the setup and hold time requirements.
Critical Warning (169085): No exact pin location assignment(s) for 4 pins of 86 total pins. For the list of pins please refer to the I/O Assignment Warnings table in the fitter report.
Warning (176127): The parameters of the PLL video_pll:video_pll_m0|altpll:altpll_component|video_pll_altpll:auto_generated|pll1 and the PLL sys_pll:sys_pll_m0|altpll:altpll_component|sys_pll_altpll:auto_generated|pll1 do not have the same values - hence these PLLs cannot be merged File: D:/Projects/2023_10_10_HX4S20_test/spi_FLASH_SDRAM_pic/14_TF_sdram_vga/db/video_pll_altpll.v Line: 77
    Info (176120): The values of the parameter "M" do not match for the PLL atoms sys_pll:sys_pll_m0|altpll:altpll_component|sys_pll_altpll:auto_generated|pll1 and PLL video_pll:video_pll_m0|altpll:altpll_component|video_pll_altpll:auto_generated|pll1
        Info (176121): The value of the parameter "M" for the PLL atom sys_pll:sys_pll_m0|altpll:altpll_component|sys_pll_altpll:auto_generated|pll1 is 12
        Info (176121): The value of the parameter "M" for the PLL atom video_pll:video_pll_m0|altpll:altpll_component|video_pll_altpll:auto_generated|pll1 is 74
    Info (176120): The values of the parameter "N" do not match for the PLL atoms sys_pll:sys_pll_m0|altpll:altpll_component|sys_pll_altpll:auto_generated|pll1 and PLL video_pll:video_pll_m0|altpll:altpll_component|video_pll_altpll:auto_generated|pll1
        Info (176121): The value of the parameter "N" for the PLL atom sys_pll:sys_pll_m0|altpll:altpll_component|sys_pll_altpll:auto_generated|pll1 is 1
        Info (176121): The value of the parameter "N" for the PLL atom video_pll:video_pll_m0|altpll:altpll_component|video_pll_altpll:auto_generated|pll1 is 7
    Info (176120): The values of the parameter "LOOP FILTER R" do not match for the PLL atoms sys_pll:sys_pll_m0|altpll:altpll_component|sys_pll_altpll:auto_generated|pll1 and PLL video_pll:video_pll_m0|altpll:altpll_component|video_pll_altpll:auto_generated|pll1
        Info (176121): The value of the parameter "LOOP FILTER R" for the PLL atom sys_pll:sys_pll_m0|altpll:altpll_component|sys_pll_altpll:auto_generated|pll1 is 4000
        Info (176121): The value of the parameter "LOOP FILTER R" for the PLL atom video_pll:video_pll_m0|altpll:altpll_component|video_pll_altpll:auto_generated|pll1 is 12000
    Info (176120): The values of the parameter "Min Lock Period" do not match for the PLL atoms sys_pll:sys_pll_m0|altpll:altpll_component|sys_pll_altpll:auto_generated|pll1 and PLL video_pll:video_pll_m0|altpll:altpll_component|video_pll_altpll:auto_generated|pll1
        Info (176121): The value of the parameter "Min Lock Period" for the PLL atom sys_pll:sys_pll_m0|altpll:altpll_component|sys_pll_altpll:auto_generated|pll1 is 18456
        Info (176121): The value of the parameter "Min Lock Period" for the PLL atom video_pll:video_pll_m0|altpll:altpll_component|video_pll_altpll:auto_generated|pll1 is 16258
    Info (176120): The values of the parameter "Max Lock Period" do not match for the PLL atoms sys_pll:sys_pll_m0|altpll:altpll_component|sys_pll_altpll:auto_generated|pll1 and PLL video_pll:video_pll_m0|altpll:altpll_component|video_pll_altpll:auto_generated|pll1
        Info (176121): The value of the parameter "Max Lock Period" for the PLL atom sys_pll:sys_pll_m0|altpll:altpll_component|sys_pll_altpll:auto_generated|pll1 is 39996
        Info (176121): The value of the parameter "Max Lock Period" for the PLL atom video_pll:video_pll_m0|altpll:altpll_component|video_pll_altpll:auto_generated|pll1 is 26455
Info (332164): Evaluating HDL-embedded SDC commands
    Info (332165): Entity dcfifo_spl1
        Info (332166): set_false_path -from *rdptr_g* -to *ws_dgrp|dffpipe_kd9:dffpipe8|dffe9a* 
        Info (332166): set_false_path -from *delayed_wrptr_g* -to *rs_dgwp|dffpipe_jd9:dffpipe5|dffe6a* 
    Info (332165): Entity sld_hub
        Info (332166): create_clock -name altera_reserved_tck [get_ports {altera_reserved_tck}] -period 10MHz   
        Info (332166): set_clock_groups -asynchronous -group {altera_reserved_tck}
Info (332104): Reading SDC File: 'top.sdc'
Info (332110): Deriving PLL clocks
    Info (332110): create_generated_clock -source {sys_pll_m0|altpll_component|auto_generated|pll1|inclk[0]} -multiply_by 2 -duty_cycle 50.00 -name {sys_pll_m0|altpll_component|auto_generated|pll1|clk[0]} {sys_pll_m0|altpll_component|auto_generated|pll1|clk[0]}
    Info (332110): create_generated_clock -source {sys_pll_m0|altpll_component|auto_generated|pll1|inclk[0]} -multiply_by 2 -duty_cycle 50.00 -name {sys_pll_m0|altpll_component|auto_generated|pll1|clk[1]} {sys_pll_m0|altpll_component|auto_generated|pll1|clk[1]}
    Info (332110): create_generated_clock -source {sys_pll_m0|altpll_component|auto_generated|pll1|inclk[0]} -multiply_by 2 -duty_cycle 50.00 -name {sys_pll_m0|altpll_component|auto_generated|pll1|clk[2]} {sys_pll_m0|altpll_component|auto_generated|pll1|clk[2]}
    Info (332110): create_generated_clock -source {video_pll_m0|altpll_component|auto_generated|pll1|inclk[0]} -divide_by 147 -multiply_by 74 -duty_cycle 50.00 -name {video_pll_m0|altpll_component|auto_generated|pll1|clk[0]} {video_pll_m0|altpll_component|auto_generated|pll1|clk[0]}
Info (332151): Clock uncertainty is not calculated until you update the timing netlist.
Info (332154): The derive_clock_uncertainty command did not apply clock uncertainty to any clock-to-clock transfers.
Info (332129): Detected timing requirements -- optimizing circuit to achieve only the specified requirements
Info (332111): Found 6 clocks
    Info (332111):   Period   Clock Name
    Info (332111): ======== ============
    Info (332111):  100.000 altera_reserved_tck
    Info (332111):   20.000          clk
    Info (332111):   10.000 sys_pll_m0|altpll_component|auto_generated|pll1|clk[0]
    Info (332111):   10.000 sys_pll_m0|altpll_component|auto_generated|pll1|clk[1]
    Info (332111):   10.000 sys_pll_m0|altpll_component|auto_generated|pll1|clk[2]
    Info (332111):   39.729 video_pll_m0|altpll_component|auto_generated|pll1|clk[0]
Info (176353): Automatically promoted node clk~input (placed in PIN E15 (CLK4, DIFFCLK_2p)) File: D:/Projects/2023_10_10_HX4S20_test/spi_FLASH_SDRAM_pic/14_TF_sdram_vga/src/top.v Line: 2
    Info (176355): Automatically promoted destinations to use location or clock signal Global Clock CLKCTRL_G5
Info (176353): Automatically promoted node sys_pll:sys_pll_m0|altpll:altpll_component|sys_pll_altpll:auto_generated|wire_pll1_clk[0] (placed in counter C0 of PLL_2) File: D:/Projects/2023_10_10_HX4S20_test/spi_FLASH_SDRAM_pic/14_TF_sdram_vga/db/sys_pll_altpll.v Line: 77
    Info (176355): Automatically promoted destinations to use location or clock signal Global Clock CLKCTRL_G8
Info (176353): Automatically promoted node sys_pll:sys_pll_m0|altpll:altpll_component|sys_pll_altpll:auto_generated|wire_pll1_clk[1] (placed in counter C2 of PLL_2) File: D:/Projects/2023_10_10_HX4S20_test/spi_FLASH_SDRAM_pic/14_TF_sdram_vga/db/sys_pll_altpll.v Line: 77
    Info (176355): Automatically promoted destinations to use location or clock signal Global Clock CLKCTRL_G7
Info (176353): Automatically promoted node sys_pll:sys_pll_m0|altpll:altpll_component|sys_pll_altpll:auto_generated|wire_pll1_clk[2] (placed in counter C1 of PLL_2) File: D:/Projects/2023_10_10_HX4S20_test/spi_FLASH_SDRAM_pic/14_TF_sdram_vga/db/sys_pll_altpll.v Line: 77
    Info (176355): Automatically promoted destinations to use location or clock signal Global Clock CLKCTRL_G9
Info (176353): Automatically promoted node video_pll:video_pll_m0|altpll:altpll_component|video_pll_altpll:auto_generated|wire_pll1_clk[0] (placed in counter C0 of PLL_1) File: D:/Projects/2023_10_10_HX4S20_test/spi_FLASH_SDRAM_pic/14_TF_sdram_vga/db/video_pll_altpll.v Line: 77
    Info (176355): Automatically promoted destinations to use location or clock signal Global Clock CLKCTRL_G3
Info (176353): Automatically promoted node altera_internal_jtag~TCKUTAP 
    Info (176355): Automatically promoted destinations to use location or clock signal Global Clock
Info (176353): Automatically promoted node rst_n~input (placed in PIN M1 (CLK3, DIFFCLK_1n)) File: D:/Projects/2023_10_10_HX4S20_test/spi_FLASH_SDRAM_pic/14_TF_sdram_vga/src/top.v Line: 3
    Info (176355): Automatically promoted destinations to use location or clock signal Global Clock CLKCTRL_G0
    Info (176356): Following destination nodes may be non-global or may not use global or regional clocks
        Info (176357): Destination node comb~0
        Info (176357): Destination node comb~1
        Info (176357): Destination node sdram_core:sdram_core_m0|read_flag~1 File: D:/Projects/2023_10_10_HX4S20_test/spi_FLASH_SDRAM_pic/14_TF_sdram_vga/src/sdram/sdram_core.v Line: 72
        Info (176357): Destination node sd_card_bmp:sd_card_bmp_m0|bmp_read:bmp_read_m0|width[7]~0 File: D:/Projects/2023_10_10_HX4S20_test/spi_FLASH_SDRAM_pic/14_TF_sdram_vga/src/bmp_read.v Line: 70
Info (176353): Automatically promoted node comb~1 
    Info (176355): Automatically promoted destinations to use location or clock signal Global Clock
Info (176353): Automatically promoted node sld_signaltap:auto_signaltap_0|sld_signaltap_impl:sld_signaltap_body|sld_signaltap_implb:sld_signaltap_body|reset_all  File: d:/program/intelfpga/18.1/quartus/libraries/megafunctions/sld_signaltap_impl.vhd Line: 882
    Info (176355): Automatically promoted destinations to use location or clock signal Global Clock
    Info (176356): Following destination nodes may be non-global or may not use global or regional clocks
        Info (176357): Destination node sld_signaltap:auto_signaltap_0|sld_signaltap_impl:sld_signaltap_body|sld_signaltap_implb:sld_signaltap_body|sld_buffer_manager:sld_buffer_manager_inst|last_buffer_write_address_sig[0]~0 File: d:/program/intelfpga/18.1/quartus/libraries/megafunctions/sld_buffer_manager.vhd Line: 356
        Info (176357): Destination node sld_signaltap:auto_signaltap_0|sld_signaltap_impl:sld_signaltap_body|sld_signaltap_implb:sld_signaltap_body|sld_offload_buffer_mgr:\stp_non_zero_depth_offload_gen:stp_offload_buff_mgr_inst|lpm_counter:status_read_pointer_counter|cntr_r2j:auto_generated|counter_reg_bit[0]~1 File: D:/Projects/2023_10_10_HX4S20_test/spi_FLASH_SDRAM_pic/14_TF_sdram_vga/db/cntr_r2j.tdf Line: 40
        Info (176357): Destination node sld_signaltap:auto_signaltap_0|sld_signaltap_impl:sld_signaltap_body|sld_signaltap_implb:sld_signaltap_body|sld_offload_buffer_mgr:\stp_non_zero_depth_offload_gen:stp_offload_buff_mgr_inst|acq_buf_read_reset File: d:/program/intelfpga/18.1/quartus/libraries/megafunctions/sld_buffer_manager.vhd Line: 638
Info (176353): Automatically promoted node comb~0 
    Info (176355): Automatically promoted destinations to use location or clock signal Global Clock
    Info (176356): Following destination nodes may be non-global or may not use global or regional clocks
        Info (176357): Destination node video_timing_data:video_timing_data_m0|video_hs_d1 File: D:/Projects/2023_10_10_HX4S20_test/spi_FLASH_SDRAM_pic/14_TF_sdram_vga/src/video_timing_data.v Line: 45
        Info (176357): Destination node video_timing_data:video_timing_data_m0|video_vs_d1 File: D:/Projects/2023_10_10_HX4S20_test/spi_FLASH_SDRAM_pic/14_TF_sdram_vga/src/video_timing_data.v Line: 45
Info (176233): Starting register packing
Info (176235): Finished register packing
    Extra Info (176219): No registers were packed into other blocks
Info (176214): Statistics of I/O pins that need to be placed that use the same VCCIO and VREF, before I/O pin placement
    Info (176211): Number of I/O pins in group: 4 (unused VREF, 2.5V VCCIO, 0 input, 4 output, 0 bidirectional)
        Info (176212): I/O standards used: 2.5 V.
Info (176215): I/O bank details before I/O pin placement
    Info (176214): Statistics of I/O banks
        Info (176213): I/O bank number 1 does not use VREF pins and has 2.5V VCCIO pins. 11 total pin(s) used --  7 pins available
        Info (176213): I/O bank number 2 does not use VREF pins and has 2.5V VCCIO pins. 13 total pin(s) used --  6 pins available
        Info (176213): I/O bank number 3 does not use VREF pins and has 2.5V VCCIO pins. 13 total pin(s) used --  13 pins available
        Info (176213): I/O bank number 4 does not use VREF pins and has 2.5V VCCIO pins. 8 total pin(s) used --  19 pins available
        Info (176213): I/O bank number 5 does not use VREF pins and has 2.5V VCCIO pins. 12 total pin(s) used --  13 pins available
        Info (176213): I/O bank number 6 does not use VREF pins and has 2.5V VCCIO pins. 9 total pin(s) used --  5 pins available
        Info (176213): I/O bank number 7 does not use VREF pins and has 2.5V VCCIO pins. 11 total pin(s) used --  15 pins available
        Info (176213): I/O bank number 8 does not use VREF pins and has 2.5V VCCIO pins. 9 total pin(s) used --  16 pins available
Warning (15064): PLL "sys_pll:sys_pll_m0|altpll:altpll_component|sys_pll_altpll:auto_generated|pll1" output port clk[1] feeds output pin "sdram_clk~output" via non-dedicated routing -- jitter performance depends on switching rate of other design elements. Use PLL dedicated clock outputs to ensure jitter performance File: D:/Projects/2023_10_10_HX4S20_test/spi_FLASH_SDRAM_pic/14_TF_sdram_vga/db/sys_pll_altpll.v Line: 43
Warning (15055): PLL "video_pll:video_pll_m0|altpll:altpll_component|video_pll_altpll:auto_generated|pll1" input clock inclk[0] is not fully compensated and may have reduced jitter performance because it is fed by a non-dedicated input File: D:/Projects/2023_10_10_HX4S20_test/spi_FLASH_SDRAM_pic/14_TF_sdram_vga/db/video_pll_altpll.v Line: 43
    Info (15024): Input port INCLK[0] of node "video_pll:video_pll_m0|altpll:altpll_component|video_pll_altpll:auto_generated|pll1" is driven by clk~inputclkctrl which is OUTCLK output port of Clock control block type node clk~inputclkctrl File: D:/Projects/2023_10_10_HX4S20_test/spi_FLASH_SDRAM_pic/14_TF_sdram_vga/db/video_pll_altpll.v Line: 43
Info (128000): Starting physical synthesis optimizations for speed
Info (128001): Physical synthesis optimizations for speed complete: elapsed time is 00:00:01
Info (171121): Fitter preparation operations ending: elapsed time is 00:00:02
Info (14896): Fitter has disabled Advanced Physical Optimization because it is not supported for the current family.
Info (170189): Fitter placement preparation operations beginning
Info (170190): Fitter placement preparation operations ending: elapsed time is 00:00:00
Info (170191): Fitter placement operations beginning
Info (170137): Fitter placement was successful
Info (170192): Fitter placement operations ending: elapsed time is 00:00:03
Info (170193): Fitter routing operations beginning
Info (170195): Router estimated average interconnect usage is 6% of the available device resources
    Info (170196): Router estimated peak interconnect usage is 9% of the available device resources in the region that extends from location X11_Y0 to location X22_Y11
Info (170199): The Fitter performed an Auto Fit compilation.  Optimizations were skipped to reduce compilation time.
    Info (170201): Optimizations that may affect the design's routability were skipped
    Info (170200): Optimizations that may affect the design's timing were skipped
Info (170194): Fitter routing operations ending: elapsed time is 00:00:02
Info (11888): Total time spent on timing analysis during the Fitter is 1.34 seconds.
Info (334003): Started post-fitting delay annotation
Info (334004): Delay annotation completed successfully
Info (334003): Started post-fitting delay annotation
Info (334004): Delay annotation completed successfully
Info (11218): Fitter post-fit operations ending: elapsed time is 00:00:01
Info (144001): Generated suppressed messages file D:/Projects/2023_10_10_HX4S20_test/spi_FLASH_SDRAM_pic/14_TF_sdram_vga/output_files/sd_sdram_vga.fit.smsg
Info: Quartus Prime Fitter was successful. 0 errors, 6 warnings
    Info: Peak virtual memory: 6225 megabytes
    Info: Processing ended: Fri Dec 08 17:35:00 2023
    Info: Elapsed time: 00:00:11
    Info: Total CPU time (on all processors): 00:00:07


+----------------------------+
; Fitter Suppressed Messages ;
+----------------------------+
The suppressed messages can be found in D:/Projects/2023_10_10_HX4S20_test/spi_FLASH_SDRAM_pic/14_TF_sdram_vga/output_files/sd_sdram_vga.fit.smsg.


